date_or_cycle,from,to,amount,currency,kind,status,note,source_url,read_status
2020,contributors to NORPAC (C00247403),NORPAC,2401892.38,USD,FEC committee total receipts,reported,through 12/31/2020,https://www.fec.gov/files/bulk-downloads/2020/webk20.zip,read
2020,NORPAC,(all disbursements),2290331.88,USD,FEC committee total disbursements,reported,through 12/31/2020,https://www.fec.gov/files/bulk-downloads/2020/webk20.zip,read
2020,contributors to RJC-PAC (C00345132),RJC-PAC,2992773.39,USD,FEC committee total receipts,reported,through 12/31/2020,https://www.fec.gov/files/bulk-downloads/2020/webk20.zip,read
2020,RJC-PAC,(all disbursements),2962271.45,USD,FEC committee total disbursements,reported,through 12/31/2020,https://www.fec.gov/files/bulk-downloads/2020/webk20.zip,read
2020,contributors to Arab American PAC (C00346239),Arab American PAC,29400,USD,FEC committee total receipts,reported,through 12/31/2020,https://www.fec.gov/files/bulk-downloads/2020/webk20.zip,read
2020,Arab American PAC,(all disbursements),32794.11,USD,FEC committee total disbursements,reported,through 12/31/2020,https://www.fec.gov/files/bulk-downloads/2020/webk20.zip,read
2020,Arab American PAC,independent expenditures (all races),9466.66,USD,FEC independent expenditures (summary),reported,through 12/31/2020,https://www.fec.gov/files/bulk-downloads/2020/webk20.zip,read
2020,contributors to CAIR-CA PAC / MCARE-Federal (C00396556),CAIR-CA PAC / MCARE-Federal,4250,USD,FEC committee total receipts,reported,through 12/31/2020,https://www.fec.gov/files/bulk-downloads/2020/webk20.zip,read
2020,CAIR-CA PAC / MCARE-Federal,(all disbursements),4489.09,USD,FEC committee total disbursements,reported,through 12/31/2020,https://www.fec.gov/files/bulk-downloads/2020/webk20.zip,read
2020,contributors to JStreetPAC (C00441949),JStreetPAC,9884236.33,USD,FEC committee total receipts,reported,through 12/31/2020,https://www.fec.gov/files/bulk-downloads/2020/webk20.zip,read
2020,JStreetPAC,(all disbursements),9869450.55,USD,FEC committee total disbursements,reported,through 12/31/2020,https://www.fec.gov/files/bulk-downloads/2020/webk20.zip,read
2020,contributors to Emgage Federal PAC (C00453704),Emgage Federal PAC,94121,USD,FEC committee total receipts,reported,through 12/31/2020,https://www.fec.gov/files/bulk-downloads/2020/webk20.zip,read
2020,Emgage Federal PAC,(all disbursements),21290.23,USD,FEC committee total disbursements,reported,through 12/31/2020,https://www.fec.gov/files/bulk-downloads/2020/webk20.zip,read
2020,contributors to Pro-Israel America PAC (C00699470),Pro-Israel America PAC,3286768.69,USD,FEC committee total receipts,reported,through 12/31/2020,https://www.fec.gov/files/bulk-downloads/2020/webk20.zip,read
2020,Pro-Israel America PAC,(all disbursements),3273492.52,USD,FEC committee total disbursements,reported,through 12/31/2020,https://www.fec.gov/files/bulk-downloads/2020/webk20.zip,read
2020,contributors to Pro-Israel America Action Fund (C00740936),Pro-Israel America Action Fund,41000,USD,FEC committee total receipts,reported,through 12/31/2020,https://www.fec.gov/files/bulk-downloads/2020/webk20.zip,read
2020,Pro-Israel America Action Fund,(all disbursements),24742.02,USD,FEC committee total disbursements,reported,through 12/31/2020,https://www.fec.gov/files/bulk-downloads/2020/webk20.zip,read
2020,contributors to DMFI PAC (C00710848),DMFI PAC,6336523.48,USD,FEC committee total receipts,reported,through 12/16/2020,https://www.fec.gov/files/bulk-downloads/2020/webk20.zip,read
2020,DMFI PAC,(all disbursements),6240440.58,USD,FEC committee total disbursements,reported,through 12/16/2020,https://www.fec.gov/files/bulk-downloads/2020/webk20.zip,read
2020,DMFI PAC,independent expenditures (all races),4903997.15,USD,FEC independent expenditures (summary),reported,through 12/16/2020,https://www.fec.gov/files/bulk-downloads/2020/webk20.zip,read
2020,contributors to Justice Democrats PAC (C00630665),Justice Democrats PAC,6288638.43,USD,FEC committee total receipts,reported,through 12/31/2020,https://www.fec.gov/files/bulk-downloads/2020/webk20.zip,read
2020,Justice Democrats PAC,(all disbursements),5781128.64,USD,FEC committee total disbursements,reported,through 12/31/2020,https://www.fec.gov/files/bulk-downloads/2020/webk20.zip,read
2020,Justice Democrats PAC,independent expenditures (all races),2270000,USD,FEC independent expenditures (summary),reported,through 12/31/2020,https://www.fec.gov/files/bulk-downloads/2020/webk20.zip,read
2022,contributors to NORPAC (C00247403),NORPAC,1996728.29,USD,FEC committee total receipts,reported,through 12/31/2022,https://www.fec.gov/files/bulk-downloads/2022/webk22.zip,read
2022,NORPAC,(all disbursements),1916070.76,USD,FEC committee total disbursements,reported,through 12/31/2022,https://www.fec.gov/files/bulk-downloads/2022/webk22.zip,read
2022,contributors to RJC-PAC (C00345132),RJC-PAC,1532404.87,USD,FEC committee total receipts,reported,through 12/31/2022,https://www.fec.gov/files/bulk-downloads/2022/webk22.zip,read
2022,RJC-PAC,(all disbursements),1590127.53,USD,FEC committee total disbursements,reported,through 12/31/2022,https://www.fec.gov/files/bulk-downloads/2022/webk22.zip,read
2022,contributors to Arab American PAC (C00346239),Arab American PAC,24710,USD,FEC committee total receipts,reported,through 12/31/2022,https://www.fec.gov/files/bulk-downloads/2022/webk22.zip,read
2022,Arab American PAC,(all disbursements),36420.38,USD,FEC committee total disbursements,reported,through 12/31/2022,https://www.fec.gov/files/bulk-downloads/2022/webk22.zip,read
2022,Arab American PAC,independent expenditures (all races),9289.53,USD,FEC independent expenditures (summary),reported,through 12/31/2022,https://www.fec.gov/files/bulk-downloads/2022/webk22.zip,read
2022,contributors to CAIR-CA PAC / MCARE-Federal (C00396556),CAIR-CA PAC / MCARE-Federal,10500,USD,FEC committee total receipts,reported,through 12/31/2022,https://www.fec.gov/files/bulk-downloads/2022/webk22.zip,read
2022,CAIR-CA PAC / MCARE-Federal,(all disbursements),6089.75,USD,FEC committee total disbursements,reported,through 12/31/2022,https://www.fec.gov/files/bulk-downloads/2022/webk22.zip,read
2022,contributors to JStreetPAC (C00441949),JStreetPAC,6736834.51,USD,FEC committee total receipts,reported,through 12/31/2022,https://www.fec.gov/files/bulk-downloads/2022/webk22.zip,read
2022,JStreetPAC,(all disbursements),6780170.93,USD,FEC committee total disbursements,reported,through 12/31/2022,https://www.fec.gov/files/bulk-downloads/2022/webk22.zip,read
2022,contributors to Emgage Federal PAC (C00453704),Emgage Federal PAC,62406.4,USD,FEC committee total receipts,reported,through 12/31/2022,https://www.fec.gov/files/bulk-downloads/2022/webk22.zip,read
2022,Emgage Federal PAC,(all disbursements),79203.92,USD,FEC committee total disbursements,reported,through 12/31/2022,https://www.fec.gov/files/bulk-downloads/2022/webk22.zip,read
2022,contributors to Pro-Israel America PAC (C00699470),Pro-Israel America PAC,3783273.98,USD,FEC committee total receipts,reported,through 12/31/2022,https://www.fec.gov/files/bulk-downloads/2022/webk22.zip,read
2022,Pro-Israel America PAC,(all disbursements),3790429.25,USD,FEC committee total disbursements,reported,through 12/31/2022,https://www.fec.gov/files/bulk-downloads/2022/webk22.zip,read
2022,contributors to United Democracy Project (UDP) (C00799031),United Democracy Project (UDP),35943280.96,USD,FEC committee total receipts,reported,through 12/31/2022,https://www.fec.gov/files/bulk-downloads/2022/webk22.zip,read
2022,United Democracy Project (UDP),(all disbursements),32943290.46,USD,FEC committee total disbursements,reported,through 12/31/2022,https://www.fec.gov/files/bulk-downloads/2022/webk22.zip,read
2022,United Democracy Project (UDP),independent expenditures (all races),26118700.49,USD,FEC independent expenditures (summary),reported,through 12/31/2022,https://www.fec.gov/files/bulk-downloads/2022/webk22.zip,read
2022,contributors to AIPAC PAC (C00797670),AIPAC PAC,18566318.64,USD,FEC committee total receipts,reported,through 12/31/2022,https://www.fec.gov/files/bulk-downloads/2022/webk22.zip,read
2022,AIPAC PAC,(all disbursements),17992083.15,USD,FEC committee total disbursements,reported,through 12/31/2022,https://www.fec.gov/files/bulk-downloads/2022/webk22.zip,read
2022,contributors to J Street Action Fund (C00815753),J Street Action Fund,1974698.84,USD,FEC committee total receipts,reported,through 12/31/2022,https://www.fec.gov/files/bulk-downloads/2022/webk22.zip,read
2022,J Street Action Fund,(all disbursements),1943604.3,USD,FEC committee total disbursements,reported,through 12/31/2022,https://www.fec.gov/files/bulk-downloads/2022/webk22.zip,read
2022,J Street Action Fund,independent expenditures (all races),1661679.19,USD,FEC independent expenditures (summary),reported,through 12/31/2022,https://www.fec.gov/files/bulk-downloads/2022/webk22.zip,read
2022,contributors to Pro-Israel America Action Fund (C00740936),Pro-Israel America Action Fund,44202.1,USD,FEC committee total receipts,reported,through 11/28/2022,https://www.fec.gov/files/bulk-downloads/2022/webk22.zip,read
2022,Pro-Israel America Action Fund,(all disbursements),60460.08,USD,FEC committee total disbursements,reported,through 11/28/2022,https://www.fec.gov/files/bulk-downloads/2022/webk22.zip,read
2022,Pro-Israel America Action Fund,independent expenditures (all races),51566.21,USD,FEC independent expenditures (summary),reported,through 11/28/2022,https://www.fec.gov/files/bulk-downloads/2022/webk22.zip,read
2022,contributors to DMFI PAC (C00710848),DMFI PAC,9063923.63,USD,FEC committee total receipts,reported,through 12/31/2022,https://www.fec.gov/files/bulk-downloads/2022/webk22.zip,read
2022,DMFI PAC,(all disbursements),8895773.65,USD,FEC committee total disbursements,reported,through 12/31/2022,https://www.fec.gov/files/bulk-downloads/2022/webk22.zip,read
2022,DMFI PAC,independent expenditures (all races),7448431.06,USD,FEC independent expenditures (summary),reported,through 12/31/2022,https://www.fec.gov/files/bulk-downloads/2022/webk22.zip,read
2022,contributors to Justice Democrats PAC (C00630665),Justice Democrats PAC,6474081.75,USD,FEC committee total receipts,reported,through 12/31/2022,https://www.fec.gov/files/bulk-downloads/2022/webk22.zip,read
2022,Justice Democrats PAC,(all disbursements),6858394.38,USD,FEC committee total disbursements,reported,through 12/31/2022,https://www.fec.gov/files/bulk-downloads/2022/webk22.zip,read
2022,Justice Democrats PAC,independent expenditures (all races),2393224.74,USD,FEC independent expenditures (summary),reported,through 12/31/2022,https://www.fec.gov/files/bulk-downloads/2022/webk22.zip,read
2024,contributors to NORPAC (C00247403),NORPAC,3439061.94,USD,FEC committee total receipts,reported,through 12/31/2024,https://www.fec.gov/files/bulk-downloads/2024/webk24.zip,read
2024,NORPAC,(all disbursements),3348705.57,USD,FEC committee total disbursements,reported,through 12/31/2024,https://www.fec.gov/files/bulk-downloads/2024/webk24.zip,read
2024,contributors to RJC-PAC (C00345132),RJC-PAC,3501243.29,USD,FEC committee total receipts,reported,through 12/31/2024,https://www.fec.gov/files/bulk-downloads/2024/webk24.zip,read
2024,RJC-PAC,(all disbursements),3429662.54,USD,FEC committee total disbursements,reported,through 12/31/2024,https://www.fec.gov/files/bulk-downloads/2024/webk24.zip,read
2024,contributors to Arab American PAC (C00346239),Arab American PAC,18838.7,USD,FEC committee total receipts,reported,through 12/31/2024,https://www.fec.gov/files/bulk-downloads/2024/webk24.zip,read
2024,Arab American PAC,(all disbursements),26889.06,USD,FEC committee total disbursements,reported,through 12/31/2024,https://www.fec.gov/files/bulk-downloads/2024/webk24.zip,read
2024,Arab American PAC,independent expenditures (all races),10750.3,USD,FEC independent expenditures (summary),reported,through 12/31/2024,https://www.fec.gov/files/bulk-downloads/2024/webk24.zip,read
2024,contributors to CAIR-CA PAC / MCARE-Federal (C00396556),CAIR-CA PAC / MCARE-Federal,86077.28,USD,FEC committee total receipts,reported,through 12/31/2024,https://www.fec.gov/files/bulk-downloads/2024/webk24.zip,read
2024,CAIR-CA PAC / MCARE-Federal,(all disbursements),33724.12,USD,FEC committee total disbursements,reported,through 12/31/2024,https://www.fec.gov/files/bulk-downloads/2024/webk24.zip,read
2024,contributors to JStreetPAC (C00441949),JStreetPAC,14581366.79,USD,FEC committee total receipts,reported,through 12/31/2024,https://www.fec.gov/files/bulk-downloads/2024/webk24.zip,read
2024,JStreetPAC,(all disbursements),14487287.18,USD,FEC committee total disbursements,reported,through 12/31/2024,https://www.fec.gov/files/bulk-downloads/2024/webk24.zip,read
2024,contributors to Emgage Federal PAC (C00453704),Emgage Federal PAC,601837.25,USD,FEC committee total receipts,reported,through 12/31/2024,https://www.fec.gov/files/bulk-downloads/2024/webk24.zip,read
2024,Emgage Federal PAC,(all disbursements),637731.67,USD,FEC committee total disbursements,reported,through 12/31/2024,https://www.fec.gov/files/bulk-downloads/2024/webk24.zip,read
2024,Emgage Federal PAC,independent expenditures (all races),589087.96,USD,FEC independent expenditures (summary),reported,through 12/31/2024,https://www.fec.gov/files/bulk-downloads/2024/webk24.zip,read
2024,contributors to Pro-Israel America PAC (C00699470),Pro-Israel America PAC,2529.4,USD,FEC committee total receipts,reported,through 03/02/2023,https://www.fec.gov/files/bulk-downloads/2024/webk24.zip,read
2024,Pro-Israel America PAC,(all disbursements),8650.3,USD,FEC committee total disbursements,reported,through 03/02/2023,https://www.fec.gov/files/bulk-downloads/2024/webk24.zip,read
2024,contributors to United Democracy Project (UDP) (C00799031),United Democracy Project (UDP),87176557.14,USD,FEC committee total receipts,reported,through 12/31/2024,https://www.fec.gov/files/bulk-downloads/2024/webk24.zip,read
2024,United Democracy Project (UDP),(all disbursements),61373652.54,USD,FEC committee total disbursements,reported,through 12/31/2024,https://www.fec.gov/files/bulk-downloads/2024/webk24.zip,read
2024,United Democracy Project (UDP),independent expenditures (all races),37859810.12,USD,FEC independent expenditures (summary),reported,through 12/31/2024,https://www.fec.gov/files/bulk-downloads/2024/webk24.zip,read
2024,contributors to AIPAC PAC (C00797670),AIPAC PAC,57871196.42,USD,FEC committee total receipts,reported,through 12/31/2024,https://www.fec.gov/files/bulk-downloads/2024/webk24.zip,read
2024,AIPAC PAC,(all disbursements),57417825.13,USD,FEC committee total disbursements,reported,through 12/31/2024,https://www.fec.gov/files/bulk-downloads/2024/webk24.zip,read
2024,contributors to J Street Action Fund (C00815753),J Street Action Fund,240923.45,USD,FEC committee total receipts,reported,through 12/31/2024,https://www.fec.gov/files/bulk-downloads/2024/webk24.zip,read
2024,J Street Action Fund,(all disbursements),239895,USD,FEC committee total disbursements,reported,through 12/31/2024,https://www.fec.gov/files/bulk-downloads/2024/webk24.zip,read
2024,J Street Action Fund,independent expenditures (all races),204995,USD,FEC independent expenditures (summary),reported,through 12/31/2024,https://www.fec.gov/files/bulk-downloads/2024/webk24.zip,read
2024,contributors to Vote Uncommitted MN (C00871327),Vote Uncommitted MN,26804.01,USD,FEC committee total receipts,reported,through 12/31/2024,https://www.fec.gov/files/bulk-downloads/2024/webk24.zip,read
2024,Vote Uncommitted MN,(all disbursements),25594.48,USD,FEC committee total disbursements,reported,through 12/31/2024,https://www.fec.gov/files/bulk-downloads/2024/webk24.zip,read
2024,Vote Uncommitted MN,independent expenditures (all races),11553.71,USD,FEC independent expenditures (summary),reported,through 12/31/2024,https://www.fec.gov/files/bulk-downloads/2024/webk24.zip,read
2024,contributors to DMFI PAC (C00710848),DMFI PAC,6745510.39,USD,FEC committee total receipts,reported,through 12/31/2024,https://www.fec.gov/files/bulk-downloads/2024/webk24.zip,read
2024,DMFI PAC,(all disbursements),6209662.64,USD,FEC committee total disbursements,reported,through 12/31/2024,https://www.fec.gov/files/bulk-downloads/2024/webk24.zip,read
2024,DMFI PAC,independent expenditures (all races),4155904.1,USD,FEC independent expenditures (summary),reported,through 12/31/2024,https://www.fec.gov/files/bulk-downloads/2024/webk24.zip,read
2024,contributors to CAIR Action PAC (C00890541),CAIR Action PAC,0,USD,FEC committee total receipts,reported,through 12/31/2024,https://www.fec.gov/files/bulk-downloads/2024/webk24.zip,read
2024,CAIR Action PAC,(all disbursements),0,USD,FEC committee total disbursements,reported,through 12/31/2024,https://www.fec.gov/files/bulk-downloads/2024/webk24.zip,read
2024,contributors to Justice Democrats PAC (C00630665),Justice Democrats PAC,7657315.59,USD,FEC committee total receipts,reported,through 12/31/2024,https://www.fec.gov/files/bulk-downloads/2024/webk24.zip,read
2024,Justice Democrats PAC,(all disbursements),6871293.59,USD,FEC committee total disbursements,reported,through 12/31/2024,https://www.fec.gov/files/bulk-downloads/2024/webk24.zip,read
2024,Justice Democrats PAC,independent expenditures (all races),3425629.24,USD,FEC independent expenditures (summary),reported,through 12/31/2024,https://www.fec.gov/files/bulk-downloads/2024/webk24.zip,read
2026,contributors to NORPAC (C00247403),NORPAC,3148063.79,USD,FEC committee total receipts,reported,through 09/30/2026 (cycle in progress),https://www.fec.gov/files/bulk-downloads/2026/webk26.zip,read
2026,NORPAC,(all disbursements),3092725.73,USD,FEC committee total disbursements,reported,through 09/30/2026 (cycle in progress),https://www.fec.gov/files/bulk-downloads/2026/webk26.zip,read
2026,contributors to RJC-PAC (C00345132),RJC-PAC,1848087.52,USD,FEC committee total receipts,reported,through 06/30/2026 (cycle in progress),https://www.fec.gov/files/bulk-downloads/2026/webk26.zip,read
2026,RJC-PAC,(all disbursements),1842112.85,USD,FEC committee total disbursements,reported,through 06/30/2026 (cycle in progress),https://www.fec.gov/files/bulk-downloads/2026/webk26.zip,read
2026,contributors to Arab American PAC (C00346239),Arab American PAC,17266,USD,FEC committee total receipts,reported,through 06/30/2026 (cycle in progress),https://www.fec.gov/files/bulk-downloads/2026/webk26.zip,read
2026,Arab American PAC,(all disbursements),16028.98,USD,FEC committee total disbursements,reported,through 06/30/2026 (cycle in progress),https://www.fec.gov/files/bulk-downloads/2026/webk26.zip,read
2026,contributors to CAIR-CA PAC / MCARE-Federal (C00396556),CAIR-CA PAC / MCARE-Federal,1263,USD,FEC committee total receipts,reported,through 09/30/2026 (cycle in progress),https://www.fec.gov/files/bulk-downloads/2026/webk26.zip,read
2026,CAIR-CA PAC / MCARE-Federal,(all disbursements),22509.5,USD,FEC committee total disbursements,reported,through 09/30/2026 (cycle in progress),https://www.fec.gov/files/bulk-downloads/2026/webk26.zip,read
2026,contributors to JStreetPAC (C00441949),JStreetPAC,7339590.2,USD,FEC committee total receipts,reported,through 08/31/2026 (cycle in progress),https://www.fec.gov/files/bulk-downloads/2026/webk26.zip,read
2026,JStreetPAC,(all disbursements),7244450.53,USD,FEC committee total disbursements,reported,through 08/31/2026 (cycle in progress),https://www.fec.gov/files/bulk-downloads/2026/webk26.zip,read
2026,contributors to Emgage Federal PAC (C00453704),Emgage Federal PAC,384901.83,USD,FEC committee total receipts,reported,through 06/30/2026 (cycle in progress),https://www.fec.gov/files/bulk-downloads/2026/webk26.zip,read
2026,Emgage Federal PAC,(all disbursements),274187.35,USD,FEC committee total disbursements,reported,through 06/30/2026 (cycle in progress),https://www.fec.gov/files/bulk-downloads/2026/webk26.zip,read
2026,Emgage Federal PAC,independent expenditures (all races),64230.44,USD,FEC independent expenditures (summary),reported,through 06/30/2026 (cycle in progress),https://www.fec.gov/files/bulk-downloads/2026/webk26.zip,read
2026,contributors to United Democracy Project (UDP) (C00799031),United Democracy Project (UDP),109721116.19,USD,FEC committee total receipts,reported,through 08/31/2026 (cycle in progress),https://www.fec.gov/files/bulk-downloads/2026/webk26.zip,read
2026,United Democracy Project (UDP),(all disbursements),83605165.07,USD,FEC committee total disbursements,reported,through 08/31/2026 (cycle in progress),https://www.fec.gov/files/bulk-downloads/2026/webk26.zip,read
2026,United Democracy Project (UDP),independent expenditures (all races),53414686.72,USD,FEC independent expenditures (summary),reported,through 08/31/2026 (cycle in progress),https://www.fec.gov/files/bulk-downloads/2026/webk26.zip,read
2026,contributors to AIPAC PAC (C00797670),AIPAC PAC,52335344.82,USD,FEC committee total receipts,reported,through 08/31/2026 (cycle in progress),https://www.fec.gov/files/bulk-downloads/2026/webk26.zip,read
2026,AIPAC PAC,(all disbursements),50496735.5,USD,FEC committee total disbursements,reported,through 08/31/2026 (cycle in progress),https://www.fec.gov/files/bulk-downloads/2026/webk26.zip,read
2026,contributors to J Street Action Fund (C00815753),J Street Action Fund,3376572.16,USD,FEC committee total receipts,reported,through 08/31/2026 (cycle in progress),https://www.fec.gov/files/bulk-downloads/2026/webk26.zip,read
2026,J Street Action Fund,(all disbursements),2467734.32,USD,FEC committee total disbursements,reported,through 08/31/2026 (cycle in progress),https://www.fec.gov/files/bulk-downloads/2026/webk26.zip,read
2026,J Street Action Fund,independent expenditures (all races),373510.63,USD,FEC independent expenditures (summary),reported,through 08/31/2026 (cycle in progress),https://www.fec.gov/files/bulk-downloads/2026/webk26.zip,read
2026,contributors to DMFI PAC (C00710848),DMFI PAC,7439398.1,USD,FEC committee total receipts,reported,through 08/31/2026 (cycle in progress),https://www.fec.gov/files/bulk-downloads/2026/webk26.zip,read
2026,DMFI PAC,(all disbursements),6736457.08,USD,FEC committee total disbursements,reported,through 08/31/2026 (cycle in progress),https://www.fec.gov/files/bulk-downloads/2026/webk26.zip,read
2026,DMFI PAC,independent expenditures (all races),2759734.13,USD,FEC independent expenditures (summary),reported,through 08/31/2026 (cycle in progress),https://www.fec.gov/files/bulk-downloads/2026/webk26.zip,read
2026,contributors to CAIR Action PAC (C00890541),CAIR Action PAC,0,USD,FEC committee total receipts,reported,through 06/30/2026 (cycle in progress),https://www.fec.gov/files/bulk-downloads/2026/webk26.zip,read
2026,CAIR Action PAC,(all disbursements),0,USD,FEC committee total disbursements,reported,through 06/30/2026 (cycle in progress),https://www.fec.gov/files/bulk-downloads/2026/webk26.zip,read
2026,contributors to Justice Democrats PAC (C00630665),Justice Democrats PAC,6659828.55,USD,FEC committee total receipts,reported,through 06/30/2026 (cycle in progress),https://www.fec.gov/files/bulk-downloads/2026/webk26.zip,read
2026,Justice Democrats PAC,(all disbursements),6314751.02,USD,FEC committee total disbursements,reported,through 06/30/2026 (cycle in progress),https://www.fec.gov/files/bulk-downloads/2026/webk26.zip,read
2026,Justice Democrats PAC,independent expenditures (all races),3965938.11,USD,FEC independent expenditures (summary),reported,through 06/30/2026 (cycle in progress),https://www.fec.gov/files/bulk-downloads/2026/webk26.zip,read
2024,Arab American PAC,"oppose BIDEN, JOSEPH R JR (MI-00)",4060.47,USD,FEC independent expenditure by race,reported,24/48-hour report bulk file; deduped by transaction id; may differ from periodic Schedule E,https://www.fec.gov/files/bulk-downloads/2024/independent_expenditure_2024.csv,read
2024,Arab American PAC,"oppose TRUMP, DONALD J. (MI-00)",1337.97,USD,FEC independent expenditure by race,reported,24/48-hour report bulk file; deduped by transaction id; may differ from periodic Schedule E,https://www.fec.gov/files/bulk-downloads/2024/independent_expenditure_2024.csv,read
2024,Arab American PAC,"support TLAIB, RASHIDA (MI-12)",1337.97,USD,FEC independent expenditure by race,reported,24/48-hour report bulk file; deduped by transaction id; may differ from periodic Schedule E,https://www.fec.gov/files/bulk-downloads/2024/independent_expenditure_2024.csv,read
2024,Arab American PAC,"oppose SLOTKIN, ELISSA (MI-00)",1337.97,USD,FEC independent expenditure by race,reported,24/48-hour report bulk file; deduped by transaction id; may differ from periodic Schedule E,https://www.fec.gov/files/bulk-downloads/2024/independent_expenditure_2024.csv,read
2024,Arab American PAC,"support DINGELL, DEBBIE (MI-06)",1337.97,USD,FEC independent expenditure by race,reported,24/48-hour report bulk file; deduped by transaction id; may differ from periodic Schedule E,https://www.fec.gov/files/bulk-downloads/2024/independent_expenditure_2024.csv,read
2024,Arab American PAC,"oppose ROGERS, MICHAEL J (MI-00)",1337.95,USD,FEC independent expenditure by race,reported,24/48-hour report bulk file; deduped by transaction id; may differ from periodic Schedule E,https://www.fec.gov/files/bulk-downloads/2024/independent_expenditure_2024.csv,read
2024,DMFI PAC,"support LATIMER, GEORGE (NY-16)",910681.56,USD,FEC independent expenditure by race,reported,24/48-hour report bulk file; deduped by transaction id; may differ from periodic Schedule E,https://www.fec.gov/files/bulk-downloads/2024/independent_expenditure_2024.csv,read
2024,DMFI PAC,"support BELL, WESLEY (MO-01)",487753.0,USD,FEC independent expenditure by race,reported,24/48-hour report bulk file; deduped by transaction id; may differ from periodic Schedule E,https://www.fec.gov/files/bulk-downloads/2024/independent_expenditure_2024.csv,read
2024,DMFI PAC,"support ANSARI, YASSAMIN (AZ-03)",465631.5,USD,FEC independent expenditure by race,reported,24/48-hour report bulk file; deduped by transaction id; may differ from periodic Schedule E,https://www.fec.gov/files/bulk-downloads/2024/independent_expenditure_2024.csv,read
2024,DMFI PAC,"support CASEY, ROBERT (PA-00)",262595.0,USD,FEC independent expenditure by race,reported,24/48-hour report bulk file; deduped by transaction id; may differ from periodic Schedule E,https://www.fec.gov/files/bulk-downloads/2024/independent_expenditure_2024.csv,read
2024,DMFI PAC,"support BIDEN, JOSEPH (-00)",218000.0,USD,FEC independent expenditure by race,reported,24/48-hour report bulk file; deduped by transaction id; may differ from periodic Schedule E,https://www.fec.gov/files/bulk-downloads/2024/independent_expenditure_2024.csv,read
2024,DMFI PAC,"support HARRIS, KAMALA (-00)",184900.0,USD,FEC independent expenditure by race,reported,24/48-hour report bulk file; deduped by transaction id; may differ from periodic Schedule E,https://www.fec.gov/files/bulk-downloads/2024/independent_expenditure_2024.csv,read
2024,DMFI PAC,"oppose TERAN, RAQUEL (AZ-03)",180056.17,USD,FEC independent expenditure by race,reported,24/48-hour report bulk file; deduped by transaction id; may differ from periodic Schedule E,https://www.fec.gov/files/bulk-downloads/2024/independent_expenditure_2024.csv,read
2024,DMFI PAC,"oppose TRUMP, DONALD (-00)",172500.0,USD,FEC independent expenditure by race,reported,24/48-hour report bulk file; deduped by transaction id; may differ from periodic Schedule E,https://www.fec.gov/files/bulk-downloads/2024/independent_expenditure_2024.csv,read
2024,DMFI PAC,"oppose COUGHLIN, KEVIN (OH-13)",167724.0,USD,FEC independent expenditure by race,reported,24/48-hour report bulk file; deduped by transaction id; may differ from periodic Schedule E,https://www.fec.gov/files/bulk-downloads/2024/independent_expenditure_2024.csv,read
2024,DMFI PAC,"support FILLER-CORN, EILEEN (VA-10)",150000.0,USD,FEC independent expenditure by race,reported,24/48-hour report bulk file; deduped by transaction id; may differ from periodic Schedule E,https://www.fec.gov/files/bulk-downloads/2024/independent_expenditure_2024.csv,read
2024,Emgage Federal PAC,"oppose TRUMP, DONALD J. (-00)",262218.25,USD,FEC independent expenditure by race,reported,24/48-hour report bulk file; deduped by transaction id; may differ from periodic Schedule E,https://www.fec.gov/files/bulk-downloads/2024/independent_expenditure_2024.csv,read
2024,Emgage Federal PAC,"support LEE, SUMMER (PA-12)",100000.0,USD,FEC independent expenditure by race,reported,24/48-hour report bulk file; deduped by transaction id; may differ from periodic Schedule E,https://www.fec.gov/files/bulk-downloads/2024/independent_expenditure_2024.csv,read
2024,Emgage Federal PAC,"oppose LATIMER, GEORGE (NY-16)",100000.0,USD,FEC independent expenditure by race,reported,24/48-hour report bulk file; deduped by transaction id; may differ from periodic Schedule E,https://www.fec.gov/files/bulk-downloads/2024/independent_expenditure_2024.csv,read
2024,Emgage Federal PAC,"support BUSH, CORI (MO-01)",100000.0,USD,FEC independent expenditure by race,reported,24/48-hour report bulk file; deduped by transaction id; may differ from periodic Schedule E,https://www.fec.gov/files/bulk-downloads/2024/independent_expenditure_2024.csv,read
2024,Emgage Federal PAC,"support BOWMAN, JAMAAL (NY-16)",27475.12,USD,FEC independent expenditure by race,reported,24/48-hour report bulk file; deduped by transaction id; may differ from periodic Schedule E,https://www.fec.gov/files/bulk-downloads/2024/independent_expenditure_2024.csv,read
2024,Emgage Federal PAC,"support QARNI, ATIF (VA-10)",12500.0,USD,FEC independent expenditure by race,reported,24/48-hour report bulk file; deduped by transaction id; may differ from periodic Schedule E,https://www.fec.gov/files/bulk-downloads/2024/independent_expenditure_2024.csv,read
2024,Emgage Federal PAC,"support AKHRAS, SUZANNE (IL-82)",10269.59,USD,FEC independent expenditure by race,reported,24/48-hour report bulk file; deduped by transaction id; may differ from periodic Schedule E,https://www.fec.gov/files/bulk-downloads/2024/independent_expenditure_2024.csv,read
2024,J Street Action Fund,"oppose MACKENZIE, RYAN (PA-07)",104995.0,USD,FEC independent expenditure by race,reported,24/48-hour report bulk file; deduped by transaction id; may differ from periodic Schedule E,https://www.fec.gov/files/bulk-downloads/2024/independent_expenditure_2024.csv,read
2024,J Street Action Fund,"oppose BACON, DONALD (NE-02)",100000.0,USD,FEC independent expenditure by race,reported,24/48-hour report bulk file; deduped by transaction id; may differ from periodic Schedule E,https://www.fec.gov/files/bulk-downloads/2024/independent_expenditure_2024.csv,read
2024,Justice Democrats PAC,"support BUSH, CORI (MO-01)",1353037.69,USD,FEC independent expenditure by race,reported,24/48-hour report bulk file; deduped by transaction id; may differ from periodic Schedule E,https://www.fec.gov/files/bulk-downloads/2024/independent_expenditure_2024.csv,read
2024,Justice Democrats PAC,"support BOWMAN, JAMAAL (NY-16)",945973.1,USD,FEC independent expenditure by race,reported,24/48-hour report bulk file; deduped by transaction id; may differ from periodic Schedule E,https://www.fec.gov/files/bulk-downloads/2024/independent_expenditure_2024.csv,read
2024,Justice Democrats PAC,"oppose BELL, WESLEY (MO-01)",655005.14,USD,FEC independent expenditure by race,reported,24/48-hour report bulk file; deduped by transaction id; may differ from periodic Schedule E,https://www.fec.gov/files/bulk-downloads/2024/independent_expenditure_2024.csv,read
2024,Justice Democrats PAC,"oppose LATIMER, GEORGE (NY-16)",391613.31,USD,FEC independent expenditure by race,reported,24/48-hour report bulk file; deduped by transaction id; may differ from periodic Schedule E,https://www.fec.gov/files/bulk-downloads/2024/independent_expenditure_2024.csv,read
2024,Justice Democrats PAC,"support LEE, SUMMER (PA-12)",80000.0,USD,FEC independent expenditure by race,reported,24/48-hour report bulk file; deduped by transaction id; may differ from periodic Schedule E,https://www.fec.gov/files/bulk-downloads/2024/independent_expenditure_2024.csv,read
2024,UDP,"oppose BOWMAN, JAMAAL (NY-16)",9865492.96,USD,FEC independent expenditure by race,reported,24/48-hour report bulk file; deduped by transaction id; may differ from periodic Schedule E,https://www.fec.gov/files/bulk-downloads/2024/independent_expenditure_2024.csv,read
2024,UDP,"oppose BUSH, CORI (MO-01)",5242260.11,USD,FEC independent expenditure by race,reported,24/48-hour report bulk file; deduped by transaction id; may differ from periodic Schedule E,https://www.fec.gov/files/bulk-downloads/2024/independent_expenditure_2024.csv,read
2024,UDP,"support LATIMER, GEORGE (NY-16)",4682560.29,USD,FEC independent expenditure by race,reported,24/48-hour report bulk file; deduped by transaction id; may differ from periodic Schedule E,https://www.fec.gov/files/bulk-downloads/2024/independent_expenditure_2024.csv,read
2024,UDP,"oppose MIN, DAVE (CA-47)",4615288.76,USD,FEC independent expenditure by race,reported,24/48-hour report bulk file; deduped by transaction id; may differ from periodic Schedule E,https://www.fec.gov/files/bulk-downloads/2024/independent_expenditure_2024.csv,read
2024,UDP,"support ELFRETH, SARAH (MD-03)",4218074.08,USD,FEC independent expenditure by race,reported,24/48-hour report bulk file; deduped by transaction id; may differ from periodic Schedule E,https://www.fec.gov/files/bulk-downloads/2024/independent_expenditure_2024.csv,read
2024,UDP,"support BELL, WESLEY (MO-01)",3356279.25,USD,FEC independent expenditure by race,reported,24/48-hour report bulk file; deduped by transaction id; may differ from periodic Schedule E,https://www.fec.gov/files/bulk-downloads/2024/independent_expenditure_2024.csv,read
2024,UDP,"support GOMEZ, JIMMY (CA-34)",1723990.15,USD,FEC independent expenditure by race,reported,24/48-hour report bulk file; deduped by transaction id; may differ from periodic Schedule E,https://www.fec.gov/files/bulk-downloads/2024/independent_expenditure_2024.csv,read
2024,UDP,"oppose HOSTETTLER, JOHN (IN-08)",1567918.74,USD,FEC independent expenditure by race,reported,24/48-hour report bulk file; deduped by transaction id; may differ from periodic Schedule E,https://www.fec.gov/files/bulk-downloads/2024/independent_expenditure_2024.csv,read
2024,UDP,"oppose HERRERA, BRANDON (TX-23)",1061283.96,USD,FEC independent expenditure by race,reported,24/48-hour report bulk file; deduped by transaction id; may differ from periodic Schedule E,https://www.fec.gov/files/bulk-downloads/2024/independent_expenditure_2024.csv,read
2024,UDP,"oppose KIM, DAVID (CA-34)",576452.51,USD,FEC independent expenditure by race,reported,24/48-hour report bulk file; deduped by transaction id; may differ from periodic Schedule E,https://www.fec.gov/files/bulk-downloads/2024/independent_expenditure_2024.csv,read
2024,Vote Uncommitted MN,"oppose BIDEN, JOSEPH (MN-00)",21761.46,USD,FEC independent expenditure by race,reported,24/48-hour report bulk file; deduped by transaction id; may differ from periodic Schedule E,https://www.fec.gov/files/bulk-downloads/2024/independent_expenditure_2024.csv,read
2026,DMFI PAC,"oppose CAMPA-NAJJAR, AMMAR (CA-48)",2000000.0,USD,FEC independent expenditure by race,reported,24/48-hour report bulk file; deduped by transaction id; may differ from periodic Schedule E,https://www.fec.gov/files/bulk-downloads/2026/independent_expenditure_2026.csv,read
2026,DMFI PAC,"oppose KIGGANS, JENNIFER (VA-02)",900000.0,USD,FEC independent expenditure by race,reported,24/48-hour report bulk file; deduped by transaction id; may differ from periodic Schedule E,https://www.fec.gov/files/bulk-downloads/2026/independent_expenditure_2026.csv,read
2026,DMFI PAC,"oppose VILLEGAS, RANDY (CA-22)",500000.0,USD,FEC independent expenditure by race,reported,24/48-hour report bulk file; deduped by transaction id; may differ from periodic Schedule E,https://www.fec.gov/files/bulk-downloads/2026/independent_expenditure_2026.csv,read
2026,DMFI PAC,"support GARCIA, JOHNNY (TX-35)",163755.73,USD,FEC independent expenditure by race,reported,24/48-hour report bulk file; deduped by transaction id; may differ from periodic Schedule E,https://www.fec.gov/files/bulk-downloads/2026/independent_expenditure_2026.csv,read
2026,DMFI PAC,"support WAY, TAHESHA (NJ-11)",38951.56,USD,FEC independent expenditure by race,reported,24/48-hour report bulk file; deduped by transaction id; may differ from periodic Schedule E,https://www.fec.gov/files/bulk-downloads/2026/independent_expenditure_2026.csv,read
2026,DMFI PAC,"support STEVENS, HALEY (MI-00)",31115.39,USD,FEC independent expenditure by race,reported,24/48-hour report bulk file; deduped by transaction id; may differ from periodic Schedule E,https://www.fec.gov/files/bulk-downloads/2026/independent_expenditure_2026.csv,read
2026,DMFI PAC,"oppose GALINDO, MAUREEN (TX-35)",14263.71,USD,FEC independent expenditure by race,reported,24/48-hour report bulk file; deduped by transaction id; may differ from periodic Schedule E,https://www.fec.gov/files/bulk-downloads/2026/independent_expenditure_2026.csv,read
2026,DMFI PAC,"oppose CAVANAUGH, JOHN (NE-02)",1870.1,USD,FEC independent expenditure by race,reported,24/48-hour report bulk file; deduped by transaction id; may differ from periodic Schedule E,https://www.fec.gov/files/bulk-downloads/2026/independent_expenditure_2026.csv,read
2026,Emgage Federal PAC,"support MCKINNEY, DONOVAN (MI-13)",53192.06,USD,FEC independent expenditure by race,reported,24/48-hour report bulk file; deduped by transaction id; may differ from periodic Schedule E,https://www.fec.gov/files/bulk-downloads/2026/independent_expenditure_2026.csv,read
2026,Emgage Federal PAC,"support EL-SAYED, ABDUL (MI-00)",16837.49,USD,FEC independent expenditure by race,reported,24/48-hour report bulk file; deduped by transaction id; may differ from periodic Schedule E,https://www.fec.gov/files/bulk-downloads/2026/independent_expenditure_2026.csv,read
2026,Emgage Federal PAC,"oppose THANEDAR, SHRI (MI-13)",14277.09,USD,FEC independent expenditure by race,reported,24/48-hour report bulk file; deduped by transaction id; may differ from periodic Schedule E,https://www.fec.gov/files/bulk-downloads/2026/independent_expenditure_2026.csv,read
2026,Emgage Federal PAC,"oppose TRUMP, DONALD J. (-00)",2457.55,USD,FEC independent expenditure by race,reported,24/48-hour report bulk file; deduped by transaction id; may differ from periodic Schedule E,https://www.fec.gov/files/bulk-downloads/2026/independent_expenditure_2026.csv,read
2026,Emgage Federal PAC,"support HASHMI, GHAZALA (VA-)",1750.0,USD,FEC independent expenditure by race,reported,24/48-hour report bulk file; deduped by transaction id; may differ from periodic Schedule E,https://www.fec.gov/files/bulk-downloads/2026/independent_expenditure_2026.csv,read
2026,J Street Action Fund,"support BISS, DANIEL (IL-09)",149772.5,USD,FEC independent expenditure by race,reported,24/48-hour report bulk file; deduped by transaction id; may differ from periodic Schedule E,https://www.fec.gov/files/bulk-downloads/2026/independent_expenditure_2026.csv,read
2026,J Street Action Fund,"support WAHAB, AISHA (CA-14)",108000.0,USD,FEC independent expenditure by race,reported,24/48-hour report bulk file; deduped by transaction id; may differ from periodic Schedule E,https://www.fec.gov/files/bulk-downloads/2026/independent_expenditure_2026.csv,read
2026,J Street Action Fund,"support WIENER, SCOTT (CA-11)",60000.0,USD,FEC independent expenditure by race,reported,24/48-hour report bulk file; deduped by transaction id; may differ from periodic Schedule E,https://www.fec.gov/files/bulk-downloads/2026/independent_expenditure_2026.csv,read
2026,J Street Action Fund,"support MCMORROW, MALLORY (MI-00)",50000.0,USD,FEC independent expenditure by race,reported,24/48-hour report bulk file; deduped by transaction id; may differ from periodic Schedule E,https://www.fec.gov/files/bulk-downloads/2026/independent_expenditure_2026.csv,read
2026,Justice Democrats PAC,"support AVILA CHEVALIER, DARIALIZA (NY-13)",1008708.72,USD,FEC independent expenditure by race,reported,24/48-hour report bulk file; deduped by transaction id; may differ from periodic Schedule E,https://www.fec.gov/files/bulk-downloads/2026/independent_expenditure_2026.csv,read
2026,Justice Democrats PAC,"oppose ESPAILLAT, ADRIANO (NY-13)",529900.92,USD,FEC independent expenditure by race,reported,24/48-hour report bulk file; deduped by transaction id; may differ from periodic Schedule E,https://www.fec.gov/files/bulk-downloads/2026/independent_expenditure_2026.csv,read
2026,Justice Democrats PAC,"support MCKINNEY, DONAVAN (MI-13)",460546.7,USD,FEC independent expenditure by race,reported,24/48-hour report bulk file; deduped by transaction id; may differ from periodic Schedule E,https://www.fec.gov/files/bulk-downloads/2026/independent_expenditure_2026.csv,read
2026,Justice Democrats PAC,"oppose THANEDAR, SHRI (MI-13)",428888.39,USD,FEC independent expenditure by race,reported,24/48-hour report bulk file; deduped by transaction id; may differ from periodic Schedule E,https://www.fec.gov/files/bulk-downloads/2026/independent_expenditure_2026.csv,read
2026,Justice Democrats PAC,"support KIROS, MELAT (CO-01)",306460.01,USD,FEC independent expenditure by race,reported,24/48-hour report bulk file; deduped by transaction id; may differ from periodic Schedule E,https://www.fec.gov/files/bulk-downloads/2026/independent_expenditure_2026.csv,read
2026,Justice Democrats PAC,"support VALDEZ, CLAIRE (NY-07)",278500.0,USD,FEC independent expenditure by race,reported,24/48-hour report bulk file; deduped by transaction id; may differ from periodic Schedule E,https://www.fec.gov/files/bulk-downloads/2026/independent_expenditure_2026.csv,read
2026,Justice Democrats PAC,"support RABB, CHRISTOPHER (PA-03)",260000.0,USD,FEC independent expenditure by race,reported,24/48-hour report bulk file; deduped by transaction id; may differ from periodic Schedule E,https://www.fec.gov/files/bulk-downloads/2026/independent_expenditure_2026.csv,read
2026,Justice Democrats PAC,"oppose FOUSHEE, VALERIE (NC-04)",218400.0,USD,FEC independent expenditure by race,reported,24/48-hour report bulk file; deduped by transaction id; may differ from periodic Schedule E,https://www.fec.gov/files/bulk-downloads/2026/independent_expenditure_2026.csv,read
2026,Justice Democrats PAC,"oppose DEGETTE, DIANA (CO-01)",207358.01,USD,FEC independent expenditure by race,reported,24/48-hour report bulk file; deduped by transaction id; may differ from periodic Schedule E,https://www.fec.gov/files/bulk-downloads/2026/independent_expenditure_2026.csv,read
2026,Justice Democrats PAC,"support HAMAWY, ADAM (NJ-12)",191329.29,USD,FEC independent expenditure by race,reported,24/48-hour report bulk file; deduped by transaction id; may differ from periodic Schedule E,https://www.fec.gov/files/bulk-downloads/2026/independent_expenditure_2026.csv,read
2026,UDP,"oppose EL-SAYED, ABDUL (MI-00)",20139904.21,USD,FEC independent expenditure by race,reported,24/48-hour report bulk file; deduped by transaction id; may differ from periodic Schedule E,https://www.fec.gov/files/bulk-downloads/2026/independent_expenditure_2026.csv,read
2026,UDP,"support STEVENS, HALEY (MI-00)",10498735.23,USD,FEC independent expenditure by race,reported,24/48-hour report bulk file; deduped by transaction id; may differ from periodic Schedule E,https://www.fec.gov/files/bulk-downloads/2026/independent_expenditure_2026.csv,read
2026,UDP,"support BOAFO, ADRIAN (MD-05)",5734013.28,USD,FEC independent expenditure by race,reported,24/48-hour report bulk file; deduped by transaction id; may differ from periodic Schedule E,https://www.fec.gov/files/bulk-downloads/2026/independent_expenditure_2026.csv,read
2026,UDP,"support CONYEARS-ERVIN, MELISSA (IL-07)",4968500.25,USD,FEC independent expenditure by race,reported,24/48-hour report bulk file; deduped by transaction id; may differ from periodic Schedule E,https://www.fec.gov/files/bulk-downloads/2026/independent_expenditure_2026.csv,read
2026,UDP,"oppose MASSIE, THOMAS (KY-04)",3576968.08,USD,FEC independent expenditure by race,reported,24/48-hour report bulk file; deduped by transaction id; may differ from periodic Schedule E,https://www.fec.gov/files/bulk-downloads/2026/independent_expenditure_2026.csv,read
2026,UDP,"oppose BUSH, CORI (MO-01)",2457791.53,USD,FEC independent expenditure by race,reported,24/48-hour report bulk file; deduped by transaction id; may differ from periodic Schedule E,https://www.fec.gov/files/bulk-downloads/2026/independent_expenditure_2026.csv,read
2026,UDP,"oppose MALINOWSKI, TOM (NJ-11)",2326917.4,USD,FEC independent expenditure by race,reported,24/48-hour report bulk file; deduped by transaction id; may differ from periodic Schedule E,https://www.fec.gov/files/bulk-downloads/2026/independent_expenditure_2026.csv,read
2026,UDP,"oppose WAHAB, AISHA (CA-14)",1642139.53,USD,FEC independent expenditure by race,reported,24/48-hour report bulk file; deduped by transaction id; may differ from periodic Schedule E,https://www.fec.gov/files/bulk-downloads/2026/independent_expenditure_2026.csv,read
2026,UDP,"support HERNANDEZ, MELISSA (CA-14)",825292.77,USD,FEC independent expenditure by race,reported,24/48-hour report bulk file; deduped by transaction id; may differ from periodic Schedule E,https://www.fec.gov/files/bulk-downloads/2026/independent_expenditure_2026.csv,read
2026,UDP,"support BELL, WESLEY (MO-01)",685626.16,USD,FEC independent expenditure by race,reported,24/48-hour report bulk file; deduped by transaction id; may differ from periodic Schedule E,https://www.fec.gov/files/bulk-downloads/2026/independent_expenditure_2026.csv,read
2022,AMERICAN ISRAEL PUBLIC AFFAIRS COMMITTEE (DC; ORG),UDP,10500000.0,USD,FEC itemized contribution (type 10),FEC filing,top-10 by summed itemized amount; aggregated by name+state as filed; ties at 10th place all listed,https://www.fec.gov/files/bulk-downloads/2022/indiv22.zip,read
2022,"KOUM, JAN (CA; IND)",UDP,2000000.0,USD,FEC itemized contribution (type 10),FEC filing,top-10 by summed itemized amount; aggregated by name+state as filed; ties at 10th place all listed,https://www.fec.gov/files/bulk-downloads/2022/indiv22.zip,read
2022,"LERNER, HELAINE (NY; IND)",UDP,1250000.0,USD,FEC itemized contribution (type 10),FEC filing,top-10 by summed itemized amount; aggregated by name+state as filed; ties at 10th place all listed,https://www.fec.gov/files/bulk-downloads/2022/indiv22.zip,read
2022,"MARCUS, BERNARD (GA; IND)",UDP,1000000.0,USD,FEC itemized contribution (type 10),FEC filing,top-10 by summed itemized amount; aggregated by name+state as filed; ties at 10th place all listed,https://www.fec.gov/files/bulk-downloads/2022/indiv22.zip,read
2022,"SINGER, PAUL (NY; IND)",UDP,1000000.0,USD,FEC itemized contribution (type 10),FEC filing,top-10 by summed itemized amount; aggregated by name+state as filed; ties at 10th place all listed,https://www.fec.gov/files/bulk-downloads/2022/indiv22.zip,read
2022,"JACOBSON, JONATHON (MA; IND)",UDP,1000000.0,USD,FEC itemized contribution (type 10),FEC filing,top-10 by summed itemized amount; aggregated by name+state as filed; ties at 10th place all listed,https://www.fec.gov/files/bulk-downloads/2022/indiv22.zip,read
2022,KRAFT GROUP LLC (MA; ORG),UDP,1000000.0,USD,FEC itemized contribution (type 10),FEC filing,top-10 by summed itemized amount; aggregated by name+state as filed; ties at 10th place all listed,https://www.fec.gov/files/bulk-downloads/2022/indiv22.zip,read
2022,"SABAN, HAIM (CA; IND)",UDP,1000000.0,USD,FEC itemized contribution (type 10),FEC filing,top-10 by summed itemized amount; aggregated by name+state as filed; ties at 10th place all listed,https://www.fec.gov/files/bulk-downloads/2022/indiv22.zip,read
2022,"RUBIN, LINDA (CA; IND)",UDP,900000.0,USD,FEC itemized contribution (type 10),FEC filing,top-10 by summed itemized amount; aggregated by name+state as filed; ties at 10th place all listed,https://www.fec.gov/files/bulk-downloads/2022/indiv22.zip,read
2022,"RODAN, AMNON (CA; IND)",UDP,500000.0,USD,FEC itemized contribution (type 10),FEC filing,top-10 by summed itemized amount; aggregated by name+state as filed; ties at 10th place all listed,https://www.fec.gov/files/bulk-downloads/2022/indiv22.zip,read
2022,"GOLDBERG, ALAN (NY; IND)",UDP,500000.0,USD,FEC itemized contribution (type 10),FEC filing,top-10 by summed itemized amount; aggregated by name+state as filed; ties at 10th place all listed,https://www.fec.gov/files/bulk-downloads/2022/indiv22.zip,read
2022,"LEFFELL, MICHAEL (NY; IND)",UDP,500000.0,USD,FEC itemized contribution (type 10),FEC filing,top-10 by summed itemized amount; aggregated by name+state as filed; ties at 10th place all listed,https://www.fec.gov/files/bulk-downloads/2022/indiv22.zip,read
2022,"LEVY, EDWARD (MI; IND)",AIPAC PAC,55600.0,USD,FEC itemized contribution (type 15/15E),FEC filing,top-10 by summed itemized amount; aggregated by name+state as filed; ties at 10th place all listed,https://www.fec.gov/files/bulk-downloads/2022/indiv22.zip,read
2022,"NEUBERGER, YEHUDA (MD; IND)",AIPAC PAC,25200.0,USD,FEC itemized contribution (type 15/15E),FEC filing,top-10 by summed itemized amount; aggregated by name+state as filed; ties at 10th place all listed,https://www.fec.gov/files/bulk-downloads/2022/indiv22.zip,read
2022,"KOHN, VICTOR (CA; IND)",AIPAC PAC,23600.0,USD,FEC itemized contribution (type 15/15E),FEC filing,top-10 by summed itemized amount; aggregated by name+state as filed; ties at 10th place all listed,https://www.fec.gov/files/bulk-downloads/2022/indiv22.zip,read
2022,"DARIVOFF, PHILIP (NJ; IND)",AIPAC PAC,21600.0,USD,FEC itemized contribution (type 15/15E),FEC filing,top-10 by summed itemized amount; aggregated by name+state as filed; ties at 10th place all listed,https://www.fec.gov/files/bulk-downloads/2022/indiv22.zip,read
2022,"COHEN, ROBERT (NY; IND)",AIPAC PAC,19900.0,USD,FEC itemized contribution (type 15/15E),FEC filing,top-10 by summed itemized amount; aggregated by name+state as filed; ties at 10th place all listed,https://www.fec.gov/files/bulk-downloads/2022/indiv22.zip,read
2022,"GINDI, ALAN (CA; IND)",AIPAC PAC,19900.0,USD,FEC itemized contribution (type 15/15E),FEC filing,top-10 by summed itemized amount; aggregated by name+state as filed; ties at 10th place all listed,https://www.fec.gov/files/bulk-downloads/2022/indiv22.zip,read
2022,"BAKALARZ, RONALD (FL; IND)",AIPAC PAC,19400.0,USD,FEC itemized contribution (type 15/15E),FEC filing,top-10 by summed itemized amount; aggregated by name+state as filed; ties at 10th place all listed,https://www.fec.gov/files/bulk-downloads/2022/indiv22.zip,read
2022,"BENDER, SUSAN L (TX; IND)",AIPAC PAC,19100.0,USD,FEC itemized contribution (type 15/15E),FEC filing,top-10 by summed itemized amount; aggregated by name+state as filed; ties at 10th place all listed,https://www.fec.gov/files/bulk-downloads/2022/indiv22.zip,read
2022,"FORCHHEIMER, JODY (MA; IND)",AIPAC PAC,17800.0,USD,FEC itemized contribution (type 15/15E),FEC filing,top-10 by summed itemized amount; aggregated by name+state as filed; ties at 10th place all listed,https://www.fec.gov/files/bulk-downloads/2022/indiv22.zip,read
2022,"BENDER, DONNA (CA; IND)",AIPAC PAC,17800.0,USD,FEC itemized contribution (type 15/15E),FEC filing,top-10 by summed itemized amount; aggregated by name+state as filed; ties at 10th place all listed,https://www.fec.gov/files/bulk-downloads/2022/indiv22.zip,read
2024,AMERICAN ISRAEL PUBLIC AFFAIRS COMMITTEE (DC; ORG),UDP,11000000.0,USD,FEC itemized contribution (type 10),FEC filing,top-10 by summed itemized amount; aggregated by name+state as filed; ties at 10th place all listed,https://www.fec.gov/files/bulk-downloads/2024/indiv24.zip,read
2024,"KOUM, JAN (CA; IND)",UDP,5000000.0,USD,FEC itemized contribution (type 10),FEC filing,top-10 by summed itemized amount; aggregated by name+state as filed; ties at 10th place all listed,https://www.fec.gov/files/bulk-downloads/2024/indiv24.zip,read
2024,"JACOBSON, JONATHON (MA; IND)",UDP,4575000.0,USD,FEC itemized contribution (type 10),FEC filing,top-10 by summed itemized amount; aggregated by name+state as filed; ties at 10th place all listed,https://www.fec.gov/files/bulk-downloads/2024/indiv24.zip,read
2024,"MARCUS, BERNARD (GA; IND)",UDP,3000000.0,USD,FEC itemized contribution (type 10),FEC filing,top-10 by summed itemized amount; aggregated by name+state as filed; ties at 10th place all listed,https://www.fec.gov/files/bulk-downloads/2024/indiv24.zip,read
2024,"SABAN, HAIM (CA; IND)",UDP,2000000.0,USD,FEC itemized contribution (type 10),FEC filing,top-10 by summed itemized amount; aggregated by name+state as filed; ties at 10th place all listed,https://www.fec.gov/files/bulk-downloads/2024/indiv24.zip,read
2024,"LERNER, HELAINE (NY; IND)",UDP,2000000.0,USD,FEC itemized contribution (type 10),FEC filing,top-10 by summed itemized amount; aggregated by name+state as filed; ties at 10th place all listed,https://www.fec.gov/files/bulk-downloads/2024/indiv24.zip,read
2024,"ZALIK, DAVID (GA; IND)",UDP,2000000.0,USD,FEC itemized contribution (type 10),FEC filing,top-10 by summed itemized amount; aggregated by name+state as filed; ties at 10th place all listed,https://www.fec.gov/files/bulk-downloads/2024/indiv24.zip,read
2024,"SINGER, PAUL (NY; IND)",UDP,2000000.0,USD,FEC itemized contribution (type 10),FEC filing,top-10 by summed itemized amount; aggregated by name+state as filed; ties at 10th place all listed,https://www.fec.gov/files/bulk-downloads/2024/indiv24.zip,read
2024,"ROWAN, MARC (NY; IND)",UDP,1250000.0,USD,FEC itemized contribution (type 10),FEC filing,top-10 by summed itemized amount; aggregated by name+state as filed; ties at 10th place all listed,https://www.fec.gov/files/bulk-downloads/2024/indiv24.zip,read
2024,"LEVY, PAUL (NY; IND)",UDP,1000000.0,USD,FEC itemized contribution (type 10),FEC filing,top-10 by summed itemized amount; aggregated by name+state as filed; ties at 10th place all listed,https://www.fec.gov/files/bulk-downloads/2024/indiv24.zip,read
2024,KRAFT GROUP LLC (MA; ORG),UDP,1000000.0,USD,FEC itemized contribution (type 10),FEC filing,top-10 by summed itemized amount; aggregated by name+state as filed; ties at 10th place all listed,https://www.fec.gov/files/bulk-downloads/2024/indiv24.zip,read
2024,"DARIVOFF, PHILIP (NJ; IND)",AIPAC PAC,78000.0,USD,FEC itemized contribution (type 15/15E),FEC filing,top-10 by summed itemized amount; aggregated by name+state as filed; ties at 10th place all listed,https://www.fec.gov/files/bulk-downloads/2024/indiv24.zip,read
2024,"SCHLEIFER, HARRIET (NY; IND)",AIPAC PAC,57500.0,USD,FEC itemized contribution (type 15/15E),FEC filing,top-10 by summed itemized amount; aggregated by name+state as filed; ties at 10th place all listed,https://www.fec.gov/files/bulk-downloads/2024/indiv24.zip,read
2024,"NEUBERG, ELI (NY; IND)",AIPAC PAC,46300.0,USD,FEC itemized contribution (type 15/15E),FEC filing,top-10 by summed itemized amount; aggregated by name+state as filed; ties at 10th place all listed,https://www.fec.gov/files/bulk-downloads/2024/indiv24.zip,read
2024,"AGINS, KENDAL ELYSE (CA; IND)",AIPAC PAC,41300.0,USD,FEC itemized contribution (type 15/15E),FEC filing,top-10 by summed itemized amount; aggregated by name+state as filed; ties at 10th place all listed,https://www.fec.gov/files/bulk-downloads/2024/indiv24.zip,read
2024,"ZEFF, RON (CA; IND)",AIPAC PAC,41300.0,USD,FEC itemized contribution (type 15/15E),FEC filing,top-10 by summed itemized amount; aggregated by name+state as filed; ties at 10th place all listed,https://www.fec.gov/files/bulk-downloads/2024/indiv24.zip,read
2024,"RODAN, AMNON (CA; IND)",AIPAC PAC,39600.0,USD,FEC itemized contribution (type 15/15E),FEC filing,top-10 by summed itemized amount; aggregated by name+state as filed; ties at 10th place all listed,https://www.fec.gov/files/bulk-downloads/2024/indiv24.zip,read
2024,"GENET, BENJAMIN (FL; IND)",AIPAC PAC,30000.0,USD,FEC itemized contribution (type 15/15E),FEC filing,top-10 by summed itemized amount; aggregated by name+state as filed; ties at 10th place all listed,https://www.fec.gov/files/bulk-downloads/2024/indiv24.zip,read
2024,"RUBENSTEIN, MARILYN (NY; IND)",AIPAC PAC,25000.0,USD,FEC itemized contribution (type 15/15E),FEC filing,top-10 by summed itemized amount; aggregated by name+state as filed; ties at 10th place all listed,https://www.fec.gov/files/bulk-downloads/2024/indiv24.zip,read
2024,"RUBENSTEIN, BARRY (NY; IND)",AIPAC PAC,25000.0,USD,FEC itemized contribution (type 15/15E),FEC filing,top-10 by summed itemized amount; aggregated by name+state as filed; ties at 10th place all listed,https://www.fec.gov/files/bulk-downloads/2024/indiv24.zip,read
2024,"LEVY, EDWARD (MI; IND)",AIPAC PAC,24800.0,USD,FEC itemized contribution (type 15/15E),FEC filing,top-10 by summed itemized amount; aggregated by name+state as filed; ties at 10th place all listed,https://www.fec.gov/files/bulk-downloads/2024/indiv24.zip,read
2026,AMERICAN ISRAEL PUBLIC AFFAIRS COMMITTEE (DC; ORG),UDP,30000000.0,USD,FEC itemized contribution (type 10),FEC filing,top-10 by summed itemized amount; aggregated by name+state as filed; ties at 10th place all listed,https://www.fec.gov/files/bulk-downloads/2026/indiv26.zip,read
2026,"SINGER, PAUL (NY; IND)",UDP,2600000.0,USD,FEC itemized contribution (type 10),FEC filing,top-10 by summed itemized amount; aggregated by name+state as filed; ties at 10th place all listed,https://www.fec.gov/files/bulk-downloads/2026/indiv26.zip,read
2026,"SABAN, HAIM (CA; IND)",UDP,2000000.0,USD,FEC itemized contribution (type 10),FEC filing,top-10 by summed itemized amount; aggregated by name+state as filed; ties at 10th place all listed,https://www.fec.gov/files/bulk-downloads/2026/indiv26.zip,read
2026,MANZANITA ACTION FUND (CA; ORG),UDP,1600000.0,USD,FEC itemized contribution (type 10),FEC filing,top-10 by summed itemized amount; aggregated by name+state as filed; ties at 10th place all listed,https://www.fec.gov/files/bulk-downloads/2026/indiv26.zip,read
2026,"ROWAN, MARC (NY; IND)",UDP,1500000.0,USD,FEC itemized contribution (type 10),FEC filing,top-10 by summed itemized amount; aggregated by name+state as filed; ties at 10th place all listed,https://www.fec.gov/files/bulk-downloads/2026/indiv26.zip,read
2026,"FRANK, BLAIR (UT; IND)",UDP,1500000.0,USD,FEC itemized contribution (type 10),FEC filing,top-10 by summed itemized amount; aggregated by name+state as filed; ties at 10th place all listed,https://www.fec.gov/files/bulk-downloads/2026/indiv26.zip,read
2026,"GROSSMAN, SANFORD (CO; IND)",UDP,1250000.0,USD,FEC itemized contribution (type 10),FEC filing,top-10 by summed itemized amount; aggregated by name+state as filed; ties at 10th place all listed,https://www.fec.gov/files/bulk-downloads/2026/indiv26.zip,read
2026,"HARTMAN, ALAN (NY; IND)",UDP,1250000.0,USD,FEC itemized contribution (type 10),FEC filing,top-10 by summed itemized amount; aggregated by name+state as filed; ties at 10th place all listed,https://www.fec.gov/files/bulk-downloads/2026/indiv26.zip,read
2026,"RUBIN, TONY (CA; IND)",UDP,1000000.0,USD,FEC itemized contribution (type 10),FEC filing,top-10 by summed itemized amount; aggregated by name+state as filed; ties at 10th place all listed,https://www.fec.gov/files/bulk-downloads/2026/indiv26.zip,read
2026,KRAFT GROUP LLC (MA; ORG),UDP,1000000.0,USD,FEC itemized contribution (type 10),FEC filing,top-10 by summed itemized amount; aggregated by name+state as filed; ties at 10th place all listed,https://www.fec.gov/files/bulk-downloads/2026/indiv26.zip,read
2026,"SCHWARTZBERG, ANDREW (CA; IND)",UDP,1000000.0,USD,FEC itemized contribution (type 10),FEC filing,top-10 by summed itemized amount; aggregated by name+state as filed; ties at 10th place all listed,https://www.fec.gov/files/bulk-downloads/2026/indiv26.zip,read
2026,"JACOBSON, JONATHON (MA; IND)",UDP,1000000.0,USD,FEC itemized contribution (type 10),FEC filing,top-10 by summed itemized amount; aggregated by name+state as filed; ties at 10th place all listed,https://www.fec.gov/files/bulk-downloads/2026/indiv26.zip,read
2026,"KOHN, VICTOR (CA; IND)",AIPAC PAC,64500.0,USD,FEC itemized contribution (type 15/15E),FEC filing,top-10 by summed itemized amount; aggregated by name+state as filed; ties at 10th place all listed,https://www.fec.gov/files/bulk-downloads/2026/indiv26.zip,read
2026,"PLATT, JULIE (CA; IND)",AIPAC PAC,51000.0,USD,FEC itemized contribution (type 15/15E),FEC filing,top-10 by summed itemized amount; aggregated by name+state as filed; ties at 10th place all listed,https://www.fec.gov/files/bulk-downloads/2026/indiv26.zip,read
2026,"DAVIS, TONY (IL; IND)",AIPAC PAC,41000.0,USD,FEC itemized contribution (type 15/15E),FEC filing,top-10 by summed itemized amount; aggregated by name+state as filed; ties at 10th place all listed,https://www.fec.gov/files/bulk-downloads/2026/indiv26.zip,read
2026,"STERLING, DAVID (NY; IND)",AIPAC PAC,40000.0,USD,FEC itemized contribution (type 15/15E),FEC filing,top-10 by summed itemized amount; aggregated by name+state as filed; ties at 10th place all listed,https://www.fec.gov/files/bulk-downloads/2026/indiv26.zip,read
2026,"MILLER, SKIP (CA; IND)",AIPAC PAC,40000.0,USD,FEC itemized contribution (type 15/15E),FEC filing,top-10 by summed itemized amount; aggregated by name+state as filed; ties at 10th place all listed,https://www.fec.gov/files/bulk-downloads/2026/indiv26.zip,read
2026,"MARKOWITZ, VERA (CA; IND)",AIPAC PAC,39500.0,USD,FEC itemized contribution (type 15/15E),FEC filing,top-10 by summed itemized amount; aggregated by name+state as filed; ties at 10th place all listed,https://www.fec.gov/files/bulk-downloads/2026/indiv26.zip,read
2026,"HACKMAN, MICHAEL (CA; IND)",AIPAC PAC,38500.0,USD,FEC itemized contribution (type 15/15E),FEC filing,top-10 by summed itemized amount; aggregated by name+state as filed; ties at 10th place all listed,https://www.fec.gov/files/bulk-downloads/2026/indiv26.zip,read
2026,"PANAR, MANNY (MD; IND)",AIPAC PAC,38500.0,USD,FEC itemized contribution (type 15/15E),FEC filing,top-10 by summed itemized amount; aggregated by name+state as filed; ties at 10th place all listed,https://www.fec.gov/files/bulk-downloads/2026/indiv26.zip,read
2026,"MINDLIN, BRAD (NV; IND)",AIPAC PAC,34750.0,USD,FEC itemized contribution (type 15/15E),FEC filing,top-10 by summed itemized amount; aggregated by name+state as filed; ties at 10th place all listed,https://www.fec.gov/files/bulk-downloads/2026/indiv26.zip,read
2026,"COHEN, ROBERT (NY; IND)",AIPAC PAC,34500.0,USD,FEC itemized contribution (type 15/15E),FEC filing,top-10 by summed itemized amount; aggregated by name+state as filed; ties at 10th place all listed,https://www.fec.gov/files/bulk-downloads/2026/indiv26.zip,read
2015,AMERICAN ISRAEL PUBLIC AFFAIRS COMMITTEE,lobbying via AMERICAN ISRAEL PUBLIC AFFAIRS COMMITTEE,3388700.0,USD,LDA reported lobbying (income field),reported,sum of quarterly reports; latest amendment per period,https://lda.gov/api/v1/filings/?client_id=103587,read
2016,AMERICAN ISRAEL PUBLIC AFFAIRS COMMITTEE,lobbying via AMERICAN ISRAEL PUBLIC AFFAIRS COMMITTEE,3602343.0,USD,LDA reported lobbying (income field),reported,sum of quarterly reports; latest amendment per period,https://lda.gov/api/v1/filings/?client_id=103587,read
2017,AMERICAN ISRAEL PUBLIC AFFAIRS COMMITTEE,lobbying via AMERICAN ISRAEL PUBLIC AFFAIRS COMMITTEE,3402651.0,USD,LDA reported lobbying (income field),reported,sum of quarterly reports; latest amendment per period,https://lda.gov/api/v1/filings/?client_id=103587,read
2018,AMERICAN ISRAEL PUBLIC AFFAIRS COMMITTEE,lobbying via AMERICAN ISRAEL PUBLIC AFFAIRS COMMITTEE,3518028.0,USD,LDA reported lobbying (income field),reported,sum of quarterly reports; latest amendment per period,https://lda.gov/api/v1/filings/?client_id=103587,read
2019,AMERICAN ISRAEL PUBLIC AFFAIRS COMMITTEE,lobbying via AMERICAN ISRAEL PUBLIC AFFAIRS COMMITTEE,2962107.0,USD,LDA reported lobbying (income field),reported,sum of quarterly reports; latest amendment per period,https://lda.gov/api/v1/filings/?client_id=103587,read
2020,AMERICAN ISRAEL PUBLIC AFFAIRS COMMITTEE,lobbying via AMERICAN ISRAEL PUBLIC AFFAIRS COMMITTEE,2652301.0,USD,LDA reported lobbying (income field),reported,sum of quarterly reports; latest amendment per period,https://lda.gov/api/v1/filings/?client_id=103587,read
2021,AMERICAN ISRAEL PUBLIC AFFAIRS COMMITTEE,lobbying via AMERICAN ISRAEL PUBLIC AFFAIRS COMMITTEE,2757247.0,USD,LDA reported lobbying (income field),reported,sum of quarterly reports; latest amendment per period,https://lda.gov/api/v1/filings/?client_id=103587,read
2022,AMERICAN ISRAEL PUBLIC AFFAIRS COMMITTEE,lobbying via AMERICAN ISRAEL PUBLIC AFFAIRS COMMITTEE,2723081.0,USD,LDA reported lobbying (income field),reported,sum of quarterly reports; latest amendment per period,https://lda.gov/api/v1/filings/?client_id=103587,read
2023,AMERICAN ISRAEL PUBLIC AFFAIRS COMMITTEE,lobbying via AMERICAN ISRAEL PUBLIC AFFAIRS COMMITTEE,3059885.0,USD,LDA reported lobbying (income field),reported,sum of quarterly reports; latest amendment per period,https://lda.gov/api/v1/filings/?client_id=103587,read
2024,AMERICAN ISRAEL PUBLIC AFFAIRS COMMITTEE,lobbying via AMERICAN ISRAEL PUBLIC AFFAIRS COMMITTEE,3324268.0,USD,LDA reported lobbying (income field),reported,sum of quarterly reports; latest amendment per period,https://lda.gov/api/v1/filings/?client_id=103587,read
2025,AMERICAN ISRAEL PUBLIC AFFAIRS COMMITTEE,lobbying via AMERICAN ISRAEL PUBLIC AFFAIRS COMMITTEE,3757105.0,USD,LDA reported lobbying (income field),reported,sum of quarterly reports; latest amendment per period,https://lda.gov/api/v1/filings/?client_id=103587,read
2026,AMERICAN ISRAEL PUBLIC AFFAIRS COMMITTEE,lobbying via AMERICAN ISRAEL PUBLIC AFFAIRS COMMITTEE,1655400.0,USD,LDA reported lobbying (income field),reported,partial year (Q1-Q2 only),https://lda.gov/api/v1/filings/?client_id=103587,read
2015,J STREET,lobbying via J STREET,400000.0,USD,LDA reported lobbying (expenses field),reported,sum of quarterly reports; latest amendment per period,https://lda.gov/api/v1/filings/?client_id=188984,read
2016,J STREET,lobbying via J STREET,400000.0,USD,LDA reported lobbying (expenses field),reported,sum of quarterly reports; latest amendment per period,https://lda.gov/api/v1/filings/?client_id=188984,read
2017,J STREET,lobbying via J STREET,400000.0,USD,LDA reported lobbying (expenses field),reported,sum of quarterly reports; latest amendment per period,https://lda.gov/api/v1/filings/?client_id=188984,read
2018,J STREET,lobbying via J STREET,400000.0,USD,LDA reported lobbying (expenses field),reported,sum of quarterly reports; latest amendment per period,https://lda.gov/api/v1/filings/?client_id=188984,read
2019,J STREET,lobbying via J STREET,400000.0,USD,LDA reported lobbying (expenses field),reported,sum of quarterly reports; latest amendment per period,https://lda.gov/api/v1/filings/?client_id=188984,read
2020,J STREET,lobbying via J STREET,400000.0,USD,LDA reported lobbying (expenses field),reported,sum of quarterly reports; latest amendment per period,https://lda.gov/api/v1/filings/?client_id=188984,read
2021,J STREET,lobbying via J STREET,760000.0,USD,LDA reported lobbying (expenses field),reported,sum of quarterly reports; latest amendment per period,https://lda.gov/api/v1/filings/?client_id=188984,read
2022,J STREET,lobbying via J STREET,510000.0,USD,LDA reported lobbying (expenses field),reported,sum of quarterly reports; latest amendment per period,https://lda.gov/api/v1/filings/?client_id=188984,read
2023,J STREET,lobbying via J STREET,520000.0,USD,LDA reported lobbying (expenses field),reported,sum of quarterly reports; latest amendment per period,https://lda.gov/api/v1/filings/?client_id=188984,read
2024,J STREET,lobbying via J STREET,595000.0,USD,LDA reported lobbying (expenses field),reported,sum of quarterly reports; latest amendment per period,https://lda.gov/api/v1/filings/?client_id=188984,read
2025,J STREET,lobbying via J STREET,750000.0,USD,LDA reported lobbying (expenses field),reported,sum of quarterly reports; latest amendment per period,https://lda.gov/api/v1/filings/?client_id=188984,read
2026,J STREET,lobbying via J STREET,340000.0,USD,LDA reported lobbying (expenses field),reported,partial year (Q1-Q2 only),https://lda.gov/api/v1/filings/?client_id=188984,read
2015,J STREET,"lobbying via RUGGERIO WILLSON & ASSOCIATES, LLC",40000.0,USD,LDA reported lobbying (income field),reported,sum of quarterly reports; latest amendment per period,https://lda.gov/api/v1/filings/?client_id=200181,read
2016,CHRISTIANS UNITED FOR ISRAEL ACTION FUND,lobbying via CHRISTIANS UNITED FOR ISRAEL ACTION FUND,50000.0,USD,LDA reported lobbying (expenses field),reported,sum of quarterly reports; latest amendment per period,https://lda.gov/api/v1/filings/?client_id=200632,read
2017,CHRISTIANS UNITED FOR ISRAEL ACTION FUND,lobbying via CHRISTIANS UNITED FOR ISRAEL ACTION FUND,120000.0,USD,LDA reported lobbying (expenses field),reported,sum of quarterly reports; latest amendment per period,https://lda.gov/api/v1/filings/?client_id=200632,read
2018,CHRISTIANS UNITED FOR ISRAEL ACTION FUND,lobbying via CHRISTIANS UNITED FOR ISRAEL ACTION FUND,120000.0,USD,LDA reported lobbying (expenses field),reported,sum of quarterly reports; latest amendment per period,https://lda.gov/api/v1/filings/?client_id=200632,read
2019,CHRISTIANS UNITED FOR ISRAEL ACTION FUND,lobbying via CHRISTIANS UNITED FOR ISRAEL ACTION FUND,180000.0,USD,LDA reported lobbying (expenses field),reported,sum of quarterly reports; latest amendment per period,https://lda.gov/api/v1/filings/?client_id=200632,read
2020,CHRISTIANS UNITED FOR ISRAEL ACTION FUND,lobbying via CHRISTIANS UNITED FOR ISRAEL ACTION FUND,230000.0,USD,LDA reported lobbying (expenses field),reported,sum of quarterly reports; latest amendment per period,https://lda.gov/api/v1/filings/?client_id=200632,read
2021,CHRISTIANS UNITED FOR ISRAEL ACTION FUND,lobbying via CHRISTIANS UNITED FOR ISRAEL ACTION FUND,240000.0,USD,LDA reported lobbying (expenses field),reported,sum of quarterly reports; latest amendment per period,https://lda.gov/api/v1/filings/?client_id=200632,read
2022,CHRISTIANS UNITED FOR ISRAEL ACTION FUND,lobbying via CHRISTIANS UNITED FOR ISRAEL ACTION FUND,240000.0,USD,LDA reported lobbying (expenses field),reported,sum of quarterly reports; latest amendment per period,https://lda.gov/api/v1/filings/?client_id=200632,read
2023,CHRISTIANS UNITED FOR ISRAEL ACTION FUND,lobbying via CHRISTIANS UNITED FOR ISRAEL ACTION FUND,240000.0,USD,LDA reported lobbying (expenses field),reported,sum of quarterly reports; latest amendment per period,https://lda.gov/api/v1/filings/?client_id=200632,read
2024,CHRISTIANS UNITED FOR ISRAEL ACTION FUND,lobbying via CHRISTIANS UNITED FOR ISRAEL ACTION FUND,400000.0,USD,LDA reported lobbying (expenses field),reported,sum of quarterly reports; latest amendment per period,https://lda.gov/api/v1/filings/?client_id=200632,read
2025,CHRISTIANS UNITED FOR ISRAEL ACTION FUND,lobbying via CHRISTIANS UNITED FOR ISRAEL ACTION FUND,679410.0,USD,LDA reported lobbying (expenses field),reported,sum of quarterly reports; latest amendment per period,https://lda.gov/api/v1/filings/?client_id=200632,read
2026,CHRISTIANS UNITED FOR ISRAEL ACTION FUND,lobbying via CHRISTIANS UNITED FOR ISRAEL ACTION FUND,140000.0,USD,LDA reported lobbying (expenses field),reported,partial year (Q1-Q2 only),https://lda.gov/api/v1/filings/?client_id=200632,read
2015,AMERICAN JEWISH COMMITTEE,lobbying via AMERICAN JEWISH COMMITTEE,110000.0,USD,LDA reported lobbying (expenses field),reported,sum of quarterly reports; latest amendment per period,https://lda.gov/api/v1/filings/?client_id=103595,read
2016,AMERICAN JEWISH COMMITTEE,lobbying via AMERICAN JEWISH COMMITTEE,150000.0,USD,LDA reported lobbying (expenses field),reported,sum of quarterly reports; latest amendment per period,https://lda.gov/api/v1/filings/?client_id=103595,read
2017,AMERICAN JEWISH COMMITTEE,lobbying via AMERICAN JEWISH COMMITTEE,130000.0,USD,LDA reported lobbying (expenses field),reported,sum of quarterly reports; latest amendment per period,https://lda.gov/api/v1/filings/?client_id=103595,read
2018,AMERICAN JEWISH COMMITTEE,lobbying via AMERICAN JEWISH COMMITTEE,74000.0,USD,LDA reported lobbying (expenses field),reported,sum of quarterly reports; latest amendment per period,https://lda.gov/api/v1/filings/?client_id=103595,read
2019,AMERICAN JEWISH COMMITTEE,lobbying via AMERICAN JEWISH COMMITTEE,88000.0,USD,LDA reported lobbying (expenses field),reported,sum of quarterly reports; latest amendment per period,https://lda.gov/api/v1/filings/?client_id=103595,read
2020,AMERICAN JEWISH COMMITTEE,lobbying via AMERICAN JEWISH COMMITTEE,110000.0,USD,LDA reported lobbying (expenses field),reported,sum of quarterly reports; latest amendment per period,https://lda.gov/api/v1/filings/?client_id=103595,read
2021,AMERICAN JEWISH COMMITTEE,lobbying via AMERICAN JEWISH COMMITTEE,80000.0,USD,LDA reported lobbying (expenses field),reported,sum of quarterly reports; latest amendment per period,https://lda.gov/api/v1/filings/?client_id=103595,read
2022,AMERICAN JEWISH COMMITTEE,lobbying via AMERICAN JEWISH COMMITTEE,41000.0,USD,LDA reported lobbying (expenses field),reported,sum of quarterly reports; latest amendment per period,https://lda.gov/api/v1/filings/?client_id=103595,read
2023,AMERICAN JEWISH COMMITTEE,lobbying via AMERICAN JEWISH COMMITTEE,50000.0,USD,LDA reported lobbying (expenses field),reported,sum of quarterly reports; latest amendment per period,https://lda.gov/api/v1/filings/?client_id=103595,read
2024,AMERICAN JEWISH COMMITTEE,lobbying via AMERICAN JEWISH COMMITTEE,53000.0,USD,LDA reported lobbying (expenses field),reported,sum of quarterly reports; latest amendment per period,https://lda.gov/api/v1/filings/?client_id=103595,read
2025,AMERICAN JEWISH COMMITTEE,lobbying via AMERICAN JEWISH COMMITTEE,40000.0,USD,LDA reported lobbying (expenses field),reported,sum of quarterly reports; latest amendment per period,https://lda.gov/api/v1/filings/?client_id=103595,read
2026,AMERICAN JEWISH COMMITTEE,lobbying via AMERICAN JEWISH COMMITTEE,56000.0,USD,LDA reported lobbying (expenses field),reported,partial year (Q1-Q2 only),https://lda.gov/api/v1/filings/?client_id=103595,read
2026,COUNCIL ON AMERICAN-ISLAMIC RELATIONS,lobbying via THE RABEN GROUP,30000.0,USD,LDA reported lobbying (income field),reported,partial year (Q1-Q2 only),https://lda.gov/api/v1/filings/?client_id=73575,read
2024,EMBASSY OF THE STATE OF QATAR,lobbying via BACHNER GROUP,180000.0,USD,LDA reported lobbying (income field),reported,sum of quarterly reports; latest amendment per period,https://lda.gov/api/v1/filings/?client_id=61132,read
2025,EMBASSY OF THE STATE OF QATAR,lobbying via BACHNER GROUP,550000.0,USD,LDA reported lobbying (income field),reported,sum of quarterly reports; latest amendment per period,https://lda.gov/api/v1/filings/?client_id=61132,read
2026,EMBASSY OF THE STATE OF QATAR,lobbying via BACHNER GROUP,175000.0,USD,LDA reported lobbying (income field),reported,partial year (Q1-Q2 only),https://lda.gov/api/v1/filings/?client_id=61132,read
2015,STATE OF QATAR,lobbying via BGR GOVERNMENT AFFAIRS,0.0,USD,LDA reported lobbying (income field),reported,sum of quarterly reports; latest amendment per period,https://lda.gov/api/v1/filings/?client_id=106397,read
2015,GOVERNMENT OF QATAR C/O EMBASSY OF THE STATE OF QATAR,"lobbying via MERCURY PUBLIC AFFAIRS, LLC",920000.0,USD,LDA reported lobbying (income field),reported,sum of quarterly reports; latest amendment per period,https://lda.gov/api/v1/filings/?client_id=164965,read
2016,GOVERNMENT OF QATAR C/O EMBASSY OF THE STATE OF QATAR,"lobbying via MERCURY PUBLIC AFFAIRS, LLC",400000.0,USD,LDA reported lobbying (income field),reported,sum of quarterly reports; latest amendment per period,https://lda.gov/api/v1/filings/?client_id=164965,read
2017,GOVERNMENT OF QATAR C/O EMBASSY OF THE STATE OF QATAR,"lobbying via MERCURY PUBLIC AFFAIRS, LLC",400000.0,USD,LDA reported lobbying (income field),reported,sum of quarterly reports; latest amendment per period,https://lda.gov/api/v1/filings/?client_id=164965,read
2018,GOVERNMENT OF QATAR C/O EMBASSY OF THE STATE OF QATAR,"lobbying via MERCURY PUBLIC AFFAIRS, LLC",400000.0,USD,LDA reported lobbying (income field),reported,sum of quarterly reports; latest amendment per period,https://lda.gov/api/v1/filings/?client_id=164965,read
2019,GOVERNMENT OF QATAR C/O EMBASSY OF THE STATE OF QATAR,"lobbying via MERCURY PUBLIC AFFAIRS, LLC",240000.0,USD,LDA reported lobbying (income field),reported,sum of quarterly reports; latest amendment per period,https://lda.gov/api/v1/filings/?client_id=164965,read
11/2025-04/30/2026,State of Qatar (Embassy),Moran Global Strategies (FARA reg. 7255),640000,USD,FARA supplemental statement Item 14(a) receipts,reported,per-principal subtotal from 14(a) detail,https://efile.fara.gov/docs/7255-Supplemental-Statement-20260528-5.pdf,read
6 mo. ending 04/30/2026,Embassy of the State of Qatar,Venable LLP (FARA reg. 5931),360000,USD,FARA supplemental statement Item 14(a) receipts,reported,per-principal subtotal from 14(a) detail,https://efile.fara.gov/docs/5931-Supplemental-Statement-20260612-35.pdf,read
6 mo. ending 04/30/2026,Qatar Foundation,Venable LLP (FARA reg. 5931),25000,USD,FARA supplemental statement Item 14(a) receipts,reported,per-principal subtotal from 14(a) detail,https://efile.fara.gov/docs/5931-Supplemental-Statement-20260612-35.pdf,read
6 mo. ending 07/31/2026,Qatar Investment Authority,Prosek Partners (FARA reg. 7435),421472.5,USD,FARA supplemental statement Item 14(a) receipts,reported,per-principal subtotal from 14(a) detail,https://efile.fara.gov/docs/7435-Supplemental-Statement-20260819-5.pdf,read
6 mo. ending 07/31/2026,Embassy of the State of Qatar,William Bennett (FARA reg. 7620),180000,USD,FARA supplemental statement Item 14(a) receipts,reported,per-principal subtotal from 14(a) detail,https://efile.fara.gov/docs/7620-Supplemental-Statement-20260813-2.pdf,read
6 mo. ending 05/31/2026,Qatar (paid via Bachner Group),Lighthouse Strategies (FARA reg. 7583),90000,USD,FARA supplemental statement Item 14(a) receipts,reported,received from Bachner Group on behalf of Qatar; possible overlap with Bachner receipts,https://efile.fara.gov/docs/7583-Supplemental-Statement-20260630-2.pdf,read
6 mo. ending 07/31/2026,Embassy of the State of Qatar,Cornerstone Government Affairs (FARA reg. 6401),465000,USD,FARA supplemental statement Item 14(a) receipts,reported,scanned PDF; amount read via OCR,https://efile.fara.gov/docs/6401-Supplemental-Statement-20260827-22.pdf,read (OCR)
6 mo. ending 07/31/2026,Embassy of the State of Qatar,Green River Public Affairs (FARA reg. 7523),105000,USD,FARA supplemental statement Item 14(a) receipts,reported,per-principal subtotal from 14(a) detail,https://efile.fara.gov/docs/7523-Supplemental-Statement-0-0.pdf,read
6 mo. ending 03/31/2026,International Media Office of the State of Qatar,GRV Strategies (FARA reg. 7458),1108000,USD,FARA supplemental statement Item 14(a) receipts,reported,per-principal subtotal from 14(a) detail,https://efile.fara.gov/docs/7458-Supplemental-Statement-20260529-3.pdf,read
6 mo. ending 06/30/2026,Embassy of the State of Qatar,MAS Advisory (Montfort) (FARA reg. 7426),180000,USD,FARA supplemental statement Item 14(a) receipts,reported,per-principal subtotal from 14(a) detail,https://efile.fara.gov/docs/7426-Supplemental-Statement-20260721-4.pdf,read
6 mo. ending 05/31/2026,Qatar (Embassy),Bachner Group (FARA reg. 7271),175000,USD,FARA supplemental statement Item 14(a) receipts,reported,per-principal subtotal from 14(a) detail,https://efile.fara.gov/docs/7271-Supplemental-Statement-20260630-7.pdf,read
6 mo. ending 05/31/2026,Embassy of the State of Qatar,BGR Government Affairs (FARA reg. 5430),420000,USD,FARA supplemental statement Item 14(a) receipts,reported,per-principal subtotal from 14(a) detail,https://efile.fara.gov/docs/5430-Supplemental-Statement-20260612-59.pdf,read
6 mo. ending 06/30/2026,State of Qatar (Embassy),Global Security and Innovative Strategies (FARA reg. 7051),307998,USD,FARA supplemental statement Item 14(a) receipts,reported,includes payments labelled 'non-FARA' in filing,https://efile.fara.gov/docs/7051-Supplemental-Statement-20260730-9.pdf,read
6 mo. ending 04/30/2026,Embassy of the State of Qatar,Rubin Turnbull & Associates (FARA reg. 6944),420000,USD,FARA supplemental statement Item 14(a) receipts,reported,per-principal subtotal from 14(a) detail,https://efile.fara.gov/docs/6944-Supplemental-Statement-20260528-10.pdf,read
6 mo. ending 08/31/2026,Embassy of the State of Qatar,Praia Consultants (FARA reg. 6857),80000,USD,FARA supplemental statement Item 14(a) receipts,reported,per-principal subtotal from 14(a) detail,https://efile.fara.gov/docs/6857-Supplemental-Statement-20260929-13.pdf,read
6 mo. ending 04/30/2026,Qatar Foundation,RF Binder Partners (FARA reg. 6814),164872.5,USD,FARA supplemental statement Item 14(a) receipts,reported,per-principal subtotal from 14(a) detail,https://efile.fara.gov/docs/6814-Supplemental-Statement-20260518-1.pdf,read
6 mo. ending 06/30/2026,Embassy of the State of Qatar,Waltham PLLC (FARA reg. 6771),330378.46,USD,FARA supplemental statement Item 14(a) receipts,reported,per-principal subtotal from 14(a) detail,https://efile.fara.gov/docs/6771-Supplemental-Statement-0-0.pdf,read
6 mo. ending 06/30/2026,Embassy of the State of Qatar,Mercury Public Affairs (FARA reg. 6170),195000,USD,FARA supplemental statement Item 14(a) receipts,reported,per-principal subtotal from 14(a) detail,https://efile.fara.gov/docs/6170-Supplemental-Statement-20260722-28.pdf,read
6 mo. ending 09/30/2026,Embassy of the State of Qatar,Neale Creek (FARA reg. 6723),250000,USD,FARA supplemental statement Item 14(a) receipts,reported,scanned PDF; amount read via OCR; filing total,https://efile.fara.gov/docs/6723-Supplemental-Statement-0-0.pdf,read (OCR)
6 mo. ending 04/30/2026,Embassy of the State of Qatar,ThirdCircle (FARA reg. 6540),320000,USD,FARA supplemental statement Item 14(a) receipts,reported,per-principal subtotal from 14(a) detail,https://efile.fara.gov/docs/6540-Supplemental-Statement-20260529-16.pdf,read
6 mo. ending 06/30/2026,State of Qatar (Embassy),Blueprint Advisors (FARA reg. 6561),300000,USD,FARA supplemental statement Item 14(a) receipts,reported,"includes $20,000 labelled 'Erroneous payment'",https://efile.fara.gov/docs/6561-Supplemental-Statement-20260729-16.pdf,read
6 mo. ending 05/31/2025,International Media Office of the State of Qatar,Washington Media Group (FARA reg. 7407),0,USD,FARA supplemental statement Item 14(a) receipts,reported,latest filed statement covers period ending 05/31/2025,https://efile.fara.gov/docs/7407-Supplemental-Statement-20260330-4.pdf,read
6 mo. ending 03/31/2026,Qatar Museums,Finn Partners (FARA reg. 6212),0,USD,FARA supplemental statement Item 14(a) receipts,reported,Qatar Museums listed as 'None' in 14(a),https://efile.fara.gov/docs/6212-Supplemental-Statement-20260430-26.pdf,read
6 mo. ending 08/31/2026,Embassy of Qatar through Moran,Holland & Knight (FARA reg. 3718),0,USD,FARA supplemental statement Item 14(a) receipts,reported,listed as 'None' in 14(a),https://efile.fara.gov/docs/3718-Supplemental-Statement-20260930-49.pdf,read
6 mo. ending 07/31/2026,QatarEnergy,QatarEnergy U.S. Holding Corp (FARA reg. 7519),,USD,FARA Item 14(a),not stated,registrant answered No; says funds disclosed as disbursements in 15(a) (not totalled here),https://efile.fara.gov/docs/7519-Supplemental-Statement-20260826-3.pdf,read
6 mo. ending 03/31/2026,Embassy of the State of Qatar,Lumen8 Advisors (FARA reg. 6537),,USD,FARA Item 14(a),not stated,answered No; says payments were for non-registrable activities,https://efile.fara.gov/docs/6537-Supplemental-Statement-20260512-16.pdf,read
6 mo. ending 06/30/2026,Palestine Monetary Authority,Squire Patton Boggs (FARA reg. 2165),250000,USD,FARA Item 14(a) receipts,reported,Palestinian Authority (same registrant): 'No reportable activities' this period,https://efile.fara.gov/docs/2165-Supplemental-Statement-20260728-47.pdf,read
6 mo. ending 09/30/2018,Palestine National Fund (Amman) [as spelled 'Palestine National Found'],General Delegation of the PLO to the US (FARA reg. 5244),221338,USD,FARA Schedule 2 receipts,reported,"final statement; registration terminated 09/30/2018; filing states total receipts+balance $828,747.43 (itemized lines visible in text do not sum to this)",https://efile.fara.gov/docs/5244-Supplemental-Statement-20181009-32.pdf,read
6 mo. ending 06/30/2026,Samir Hlaileh (Palestine),Dickens & Madson Canada (FARA reg. 6200),0,USD,FARA Item 14(a),reported,answered No receipts,https://efile.fara.gov/docs/6200-Supplemental-Statement-20260730-25.pdf,read
6 mo. ending 07/31/2026,Dubai Aluminium PJSC (UAE),Cornerstone Government Affairs (FARA reg. 6401),14994.5,USD,FARA Item 14(a) receipts,reported,OCR,https://efile.fara.gov/docs/6401-Supplemental-Statement-20260827-22.pdf,read (OCR)
2015,Qatar-attributed sources,US institutions of higher education,847142997,USD,Section 117 gifts+contracts (all types),reported,"year = Date Received, else Contract Start Date (multi-year contract value lands in start year); file through 09/30/2026",https://www.foreignfundinghighered.gov/prior_data/Section117PublicRecordscompletethrough09-30-2026.xlsx,read
2015,Qatar-attributed sources,US institutions of higher education,2606097,USD,Section 117 gifts only (gift + restricted gift),reported,subset of row above,https://www.foreignfundinghighered.gov/prior_data/Section117PublicRecordscompletethrough09-30-2026.xlsx,read
2016,Qatar-attributed sources,US institutions of higher education,529297034,USD,Section 117 gifts+contracts (all types),reported,"year = Date Received, else Contract Start Date (multi-year contract value lands in start year); file through 09/30/2026",https://www.foreignfundinghighered.gov/prior_data/Section117PublicRecordscompletethrough09-30-2026.xlsx,read
2016,Qatar-attributed sources,US institutions of higher education,2415883,USD,Section 117 gifts only (gift + restricted gift),reported,subset of row above,https://www.foreignfundinghighered.gov/prior_data/Section117PublicRecordscompletethrough09-30-2026.xlsx,read
2017,Qatar-attributed sources,US institutions of higher education,468232974,USD,Section 117 gifts+contracts (all types),reported,"year = Date Received, else Contract Start Date (multi-year contract value lands in start year); file through 09/30/2026",https://www.foreignfundinghighered.gov/prior_data/Section117PublicRecordscompletethrough09-30-2026.xlsx,read
2017,Qatar-attributed sources,US institutions of higher education,51887164,USD,Section 117 gifts only (gift + restricted gift),reported,subset of row above,https://www.foreignfundinghighered.gov/prior_data/Section117PublicRecordscompletethrough09-30-2026.xlsx,read
2018,Qatar-attributed sources,US institutions of higher education,467499219,USD,Section 117 gifts+contracts (all types),reported,"year = Date Received, else Contract Start Date (multi-year contract value lands in start year); file through 09/30/2026",https://www.foreignfundinghighered.gov/prior_data/Section117PublicRecordscompletethrough09-30-2026.xlsx,read
2018,Qatar-attributed sources,US institutions of higher education,12654385,USD,Section 117 gifts only (gift + restricted gift),reported,subset of row above,https://www.foreignfundinghighered.gov/prior_data/Section117PublicRecordscompletethrough09-30-2026.xlsx,read
2019,Qatar-attributed sources,US institutions of higher education,530822080,USD,Section 117 gifts+contracts (all types),reported,"year = Date Received, else Contract Start Date (multi-year contract value lands in start year); file through 09/30/2026",https://www.foreignfundinghighered.gov/prior_data/Section117PublicRecordscompletethrough09-30-2026.xlsx,read
2019,Qatar-attributed sources,US institutions of higher education,4020082,USD,Section 117 gifts only (gift + restricted gift),reported,subset of row above,https://www.foreignfundinghighered.gov/prior_data/Section117PublicRecordscompletethrough09-30-2026.xlsx,read
2020,Qatar-attributed sources,US institutions of higher education,1453816384,USD,Section 117 gifts+contracts (all types),reported,"year = Date Received, else Contract Start Date (multi-year contract value lands in start year); file through 09/30/2026",https://www.foreignfundinghighered.gov/prior_data/Section117PublicRecordscompletethrough09-30-2026.xlsx,read
2020,Qatar-attributed sources,US institutions of higher education,2044747,USD,Section 117 gifts only (gift + restricted gift),reported,subset of row above,https://www.foreignfundinghighered.gov/prior_data/Section117PublicRecordscompletethrough09-30-2026.xlsx,read
2021,Qatar-attributed sources,US institutions of higher education,356336805,USD,Section 117 gifts+contracts (all types),reported,"year = Date Received, else Contract Start Date (multi-year contract value lands in start year); file through 09/30/2026",https://www.foreignfundinghighered.gov/prior_data/Section117PublicRecordscompletethrough09-30-2026.xlsx,read
2021,Qatar-attributed sources,US institutions of higher education,1062598,USD,Section 117 gifts only (gift + restricted gift),reported,subset of row above,https://www.foreignfundinghighered.gov/prior_data/Section117PublicRecordscompletethrough09-30-2026.xlsx,read
2022,Qatar-attributed sources,US institutions of higher education,385097963,USD,Section 117 gifts+contracts (all types),reported,"year = Date Received, else Contract Start Date (multi-year contract value lands in start year); file through 09/30/2026",https://www.foreignfundinghighered.gov/prior_data/Section117PublicRecordscompletethrough09-30-2026.xlsx,read
2022,Qatar-attributed sources,US institutions of higher education,1620167,USD,Section 117 gifts only (gift + restricted gift),reported,subset of row above,https://www.foreignfundinghighered.gov/prior_data/Section117PublicRecordscompletethrough09-30-2026.xlsx,read
2023,Qatar-attributed sources,US institutions of higher education,396298992,USD,Section 117 gifts+contracts (all types),reported,"year = Date Received, else Contract Start Date (multi-year contract value lands in start year); file through 09/30/2026",https://www.foreignfundinghighered.gov/prior_data/Section117PublicRecordscompletethrough09-30-2026.xlsx,read
2023,Qatar-attributed sources,US institutions of higher education,1600000,USD,Section 117 gifts only (gift + restricted gift),reported,subset of row above,https://www.foreignfundinghighered.gov/prior_data/Section117PublicRecordscompletethrough09-30-2026.xlsx,read
2024,Qatar-attributed sources,US institutions of higher education,401977871,USD,Section 117 gifts+contracts (all types),reported,"year = Date Received, else Contract Start Date (multi-year contract value lands in start year); file through 09/30/2026",https://www.foreignfundinghighered.gov/prior_data/Section117PublicRecordscompletethrough09-30-2026.xlsx,read
2024,Qatar-attributed sources,US institutions of higher education,1838891,USD,Section 117 gifts only (gift + restricted gift),reported,subset of row above,https://www.foreignfundinghighered.gov/prior_data/Section117PublicRecordscompletethrough09-30-2026.xlsx,read
2025,Qatar-attributed sources,US institutions of higher education,1392098092,USD,Section 117 gifts+contracts (all types),reported,"year = Date Received, else Contract Start Date (multi-year contract value lands in start year); file through 09/30/2026",https://www.foreignfundinghighered.gov/prior_data/Section117PublicRecordscompletethrough09-30-2026.xlsx,read
2025,Qatar-attributed sources,US institutions of higher education,2153154,USD,Section 117 gifts only (gift + restricted gift),reported,subset of row above,https://www.foreignfundinghighered.gov/prior_data/Section117PublicRecordscompletethrough09-30-2026.xlsx,read
2026,Qatar-attributed sources,US institutions of higher education,28251191,USD,Section 117 gifts+contracts (all types),reported,"year = Date Received, else Contract Start Date (multi-year contract value lands in start year); file through 09/30/2026",https://www.foreignfundinghighered.gov/prior_data/Section117PublicRecordscompletethrough09-30-2026.xlsx,read
2026,Qatar-attributed sources,US institutions of higher education,688053,USD,Section 117 gifts only (gift + restricted gift),reported,subset of row above,https://www.foreignfundinghighered.gov/prior_data/Section117PublicRecordscompletethrough09-30-2026.xlsx,read
2015-09-10,Iran,Hamas (via Hamas Finance Committee head Salah),,,OFAC designation,reported,release: 'tens of millions of dollars' transferred; no exact figure,https://home.treasury.gov/news/press-releases/jl0159,read
2019-08-29,IRGC-QF,"Hamas Qassam Brigades (via Hizballah, Lebanon)",,,OFAC designation,reported,'tens of millions of dollars'; no exact figure,https://home.treasury.gov/news/press-releases/sm761,read
2022-05-24,Hamas investment portfolio,Hamas,500000000,USD,OFAC designation,reported (estimate),"Investment Office assets 'estimated to be worth more than $500 million'; incl. Turkey, Saudi Arabia, UAE companies; also transfers 'from Iran and Saudi Arabia' mentioned",https://home.treasury.gov/news/press-releases/jy0798,read
2023-10-18,Iran / Hamas portfolio,Hamas,,,OFAC designation,reported,targets incl. Qatar-based facilitator 'with close ties to the Iranian regime'; Sudan-based financier 'almost $20 million' transferred,https://home.treasury.gov/news/press-releases/jy1816,read
2023-10-27,Iran (Bonyad Shahid via Al-Ansar),Hamas/PIJ-affiliated families,,,OFAC designation,reported,'millions of dollars'; no exact figure,https://home.treasury.gov/news/press-releases/jy1845,read
2023-11-14,IRGC-QF,Hamas and PIJ,7000000,USD,OFAC designation,reported,one facilitator responsible for 'more than $7 million' IRGC-QF to Hamas; overall 'hundreds of millions' stated without figure,https://home.treasury.gov/news/press-releases/jy1907,read
2023-12-14,IRGC-QF,Hamas and PIJ,,,OFAC/UK designation,reported,'hundreds of millions of dollars' stated without figure,https://home.treasury.gov/news/press-releases/jy1987,read
2024-10-07,international donors / Türkiye-based network,Hamas,4000000,USD,OFAC designation,reported,Yemeni national in Türkiye sent 'at least $4 million' over 10 years; Türkiye-based firms designated; Hamas 'may have received as much as $10 million a month' in donations (early 2024),https://home.treasury.gov/news/press-releases/jy2632,read
2025-06-10,Türkiye-based Filistin Vakfi and other charities,"Hamas, PFLP",,,OFAC designation,reported,no aggregate figure for Türkiye entity,https://home.treasury.gov/news/press-releases/sb0162,read
2026-01-21,Al-Falah and others,Hamas military wing,2500000,USD,OFAC designation,reported,'over $2.5 million' over a three-year period,https://home.treasury.gov/news/press-releases/sb0368,read
2026-03-12,"Türkiye-based charities (GDD, Hayat Yolu, Palestinian White Hands) and Indonesia",Hamas,,,OFAC designation,reported,no amount stated in fetched text,https://home.treasury.gov/news/press-releases/sb0415,read
2026-10-02,France-based network + Gaza Qassam member,Hamas,2000000,USD,OFAC designation,reported,'more than $2 million' 2020-2026; not Iran-linked in text,https://home.treasury.gov/news/press-releases/sb0647,read
2024-04-08,"Türkiye (TRT figures, Xinhua reprint)",Gaza,40000,tons,in-kind humanitarian aid (cumulative),reported,13 planes and 8 ships; reprint on Directorate of Communications site; not a primary statement,https://www.iletisim.gov.tr/english/dis_basinda_turkiye/detay/turkiye-sends-40000-tons-of-aid-to-gaza-plans-more-state-media,read
2024-05-12,Türkiye (President Erdoğan speech),Gaza,54000,tons,"in-kind humanitarian aid (cumulative, 'nearly')",official statement,Directorate of Communications; no USD value given,https://www.iletisim.gov.tr/english/haberler/detay/turkiye-is-the-top-provider-of-humanitarian-aid-to-gaza,read
2026-01-26,Türkiye (20th 'Goodness Ship'),Gaza via El Arish,1400,tons,in-kind humanitarian aid (single shipment),reported,Egyptian outlet reprint on Directorate of Communications site,https://www.iletisim.gov.tr/english/dis_basinda_turkiye/detay/the-20th-goodwill-ship-from-turkiye-to-support-gaza-reached-el-arish-el-masri-el-yevm,read
2015,KSrelief (Saudi Arabia),Palestine,1000000,USD,KSrelief project cost (1 projects),reported,KSrelief statistics page by year; completed+ongoing; page updated 08/10/2026,https://www.ksrelief.org/en/Statistics/YearDetails/2015,read
2016,KSrelief (Saudi Arabia),Palestine,1362850,USD,KSrelief project cost (2 projects),reported,KSrelief statistics page by year; completed+ongoing; page updated 08/10/2026,https://www.ksrelief.org/en/Statistics/YearDetails/2016,read
2017,KSrelief (Saudi Arabia),Palestine,1000000,USD,KSrelief project cost (1 projects),reported,KSrelief statistics page by year; completed+ongoing; page updated 08/10/2026,https://www.ksrelief.org/en/Statistics/YearDetails/2017,read
2018,KSrelief (Saudi Arabia),Palestine,50257440,USD,KSrelief project cost (2 projects),reported,KSrelief statistics page by year; completed+ongoing; page updated 08/10/2026,https://www.ksrelief.org/en/Statistics/YearDetails/2018,read
2019,KSrelief (Saudi Arabia),Palestine,3141530,USD,KSrelief project cost (7 projects),reported,KSrelief statistics page by year; completed+ongoing; page updated 08/10/2026,https://www.ksrelief.org/en/Statistics/YearDetails/2019,read
2020,KSrelief (Saudi Arabia),Palestine,10014489,USD,KSrelief project cost (10 projects),reported,KSrelief statistics page by year; completed+ongoing; page updated 08/10/2026,https://www.ksrelief.org/en/Statistics/YearDetails/2020,read
2021,KSrelief (Saudi Arabia),Palestine,2345367,USD,KSrelief project cost (11 projects),reported,KSrelief statistics page by year; completed+ongoing; page updated 08/10/2026,https://www.ksrelief.org/en/Statistics/YearDetails/2021,read
2022,KSrelief (Saudi Arabia),Palestine,1156053,USD,KSrelief project cost (5 projects),reported,KSrelief statistics page by year; completed+ongoing; page updated 08/10/2026,https://www.ksrelief.org/en/Statistics/YearDetails/2022,read
2023,KSrelief (Saudi Arabia),Palestine,51274221,USD,KSrelief project cost (6 projects),reported,KSrelief statistics page by year; completed+ongoing; page updated 08/10/2026,https://www.ksrelief.org/en/Statistics/YearDetails/2023,read
2024,KSrelief (Saudi Arabia),Palestine,102377947,USD,KSrelief project cost (15 projects),reported,KSrelief statistics page by year; completed+ongoing; page updated 08/10/2026,https://www.ksrelief.org/en/Statistics/YearDetails/2024,read
2025,KSrelief (Saudi Arabia),Palestine,9806320,USD,KSrelief project cost (17 projects),reported,KSrelief statistics page by year; completed+ongoing; page updated 08/10/2026,https://www.ksrelief.org/en/Statistics/YearDetails/2025,read
2026,KSrelief (Saudi Arabia),Palestine,15024623,USD,KSrelief project cost (10 projects),reported,KSrelief statistics page by year; completed+ongoing; page updated 08/10/2026,https://www.ksrelief.org/en/Statistics/YearDetails/2026,read
cumulative,KSrelief (Saudi Arabia),Palestine,548107265,USD,"KSrelief project cost, all years (159 projects)",reported,includes years before 2015 listed on platform,https://www.ksrelief.org/en/Statistics/ProjectStatistics,read
2026-08-02,UAE (Operation Chivalrous Knight 3),Gaza,3890000000,USD,humanitarian aid (cumulative since Nov 2023),reported,"WAM-bylined text in Khaleej Times; WAM page itself could not be rendered; >126,000 tonnes, >770 flights, 25 ships",https://www.khaleejtimes.com/uae/operation-chivalrous-knight-1000-days-aid-gaza-389billion,read (secondary carrying WAM text)
