funder,funder_ein,tax_year,section,amount_usd,recipient,purpose_as_filed,source_url,read_status
1011 Foundation Inc,91-2168491,2015,990-PF XV 3a paid,25000,Friends of the Israel Defense Forces (13-3156445),NONPROFIT TO SUPPORT PROGRAMS FOR SOLDIERS OF ISRAEL,https://projects.propublica.org/nonprofits/organizations/912168491/201623209349103462/IRS990PF,full return read (automated row extraction; not individually checked)
1011 Foundation Inc,91-2168491,2017,990-PF XV 3a paid,100000,Friends of the Israel Defense Forces (13-3156445),TO SUPPORT PROGRAMS FOR SOLDIERS OF ISRAEL,https://projects.propublica.org/nonprofits/organizations/912168491/201803189349102050/IRS990PF,full return read (automated row extraction; not individually checked)
1011 Foundation Inc,91-2168491,2018,990-PF XV 3a paid,25000,Friends of the Israel Defense Forces (13-3156445),TO SUPPORT PROGRAMS FOR SOLDIERS OF ISRAEL,https://projects.propublica.org/nonprofits/organizations/912168491/201941359349100969/IRS990PF,full return read (automated row extraction; not individually checked)
1335 Foundation,36-3701371,2023,990-PF XV 3a paid,1000,Friends of the Israel Defense Forces (13-3156445),GENERAL OPERATIONS,https://projects.propublica.org/nonprofits/organizations/363701371/202413179349102726/IRS990PF,full return read (automated row extraction; not individually checked)
613 Foundation,26-0639147,2013,990-PF XV 3a paid,20000,Friends of the Israel Defense Forces (13-3156445),IMPACT! and Amir Programs,https://projects.propublica.org/nonprofits/organizations/260639147/201413219349102406/IRS990PF,full return read (row individually checked)
613 Foundation,26-0639147,2013,990-PF XV 3a paid,8000,Friends of the Israel Defense Forces (13-3156445),Amir Program,https://projects.propublica.org/nonprofits/organizations/260639147/201413219349102406/IRS990PF,full return read (row individually checked)
613 Foundation,26-0639147,2013,990-PF XV 3a paid,10000,Friends of the Israel Defense Forces (13-3156445),Dignity Program,https://projects.propublica.org/nonprofits/organizations/260639147/201413219349102406/IRS990PF,full return read (row individually checked)
613 Foundation,26-0639147,2013,990-PF XV 3a paid,32000,Friends of the Israel Defense Forces (13-3156445),IMPACT Scholarship Program,https://projects.propublica.org/nonprofits/organizations/260639147/201413219349102406/IRS990PF,full return read (row individually checked)
613 Foundation,26-0639147,2013,990-PF XV 3a paid,40000,Friends of the Israel Defense Forces (13-3156445),Nahal Unit for Well Being,https://projects.propublica.org/nonprofits/organizations/260639147/201413219349102406/IRS990PF,full return read (row individually checked)
613 Foundation,26-0639147,2013,990-PF XV 3a paid,3100,Friends of the Israel Defense Forces (13-3156445),Charitable Event,https://projects.propublica.org/nonprofits/organizations/260639147/201413219349102406/IRS990PF,full return read (row individually checked)
613 Foundation,26-0639147,2014,990-PF XV 3a paid,20000,Friends of the Israel Defense Forces (13-3156445),Impact Program and Special Fund,https://projects.propublica.org/nonprofits/organizations/260639147/201533209349103253/IRS990PF,full return read (row individually checked)
613 Foundation,26-0639147,2014,990-PF XV 3a paid,20000,Friends of the Israel Defense Forces (13-3156445),Impact Program,https://projects.propublica.org/nonprofits/organizations/260639147/201533209349103253/IRS990PF,full return read (row individually checked)
613 Foundation,26-0639147,2014,990-PF XV 3a paid,200,Friends of the Israel Defense Forces (13-3156445),"Impact Program, to purchase",https://projects.propublica.org/nonprofits/organizations/260639147/201533209349103253/IRS990PF,full return read (row individually checked)
613 Foundation,26-0639147,2014,990-PF XV 3a paid,40000,Friends of the Israel Defense Forces (13-3156445),IMPACT AND AMIR PROGRAMS,https://projects.propublica.org/nonprofits/organizations/260639147/201533209349103253/IRS990PF,full return read (row individually checked)
613 Foundation,26-0639147,2015,990-PF XV 3a paid,50000,Friends of the Israel Defense Forces (13-3156445),Education Funding Division,https://projects.propublica.org/nonprofits/organizations/260639147/201633209349100548/IRS990PF,full return read (row individually checked)
613 Foundation,26-0639147,2015,990-PF XV 3a paid,20000,Friends of the Israel Defense Forces (13-3156445),"Project Impact, Education fund",https://projects.propublica.org/nonprofits/organizations/260639147/201633209349100548/IRS990PF,full return read (row individually checked)
613 Foundation,26-0639147,2015,990-PF XV 3a paid,40000,Friends of the Israel Defense Forces (13-3156445),"2-Project Impact, Amir Program",https://projects.propublica.org/nonprofits/organizations/260639147/201633209349100548/IRS990PF,full return read (row individually checked)
613 Foundation,26-0639147,2016,990-PF XV 3a paid,35000,Friends of the Israel Defense Forces (13-3156445),Ambulance - Negev Base Project,https://projects.propublica.org/nonprofits/organizations/260639147/201742639349100609/IRS990PF,full return read (row individually checked)
613 Foundation,26-0639147,2016,990-PF XV 3a paid,30000,Friends of the Israel Defense Forces (13-3156445),Ambulance - Negev Base Project,https://projects.propublica.org/nonprofits/organizations/260639147/201742639349100609/IRS990PF,full return read (row individually checked)
613 Foundation,26-0639147,2016,990-PF XV 3a paid,20000,Friends of the Israel Defense Forces (13-3156445),Project Impact and Amir,https://projects.propublica.org/nonprofits/organizations/260639147/201742639349100609/IRS990PF,full return read (row individually checked)
613 Foundation,26-0639147,2017,990-PF XV 3a paid,45000,Friends of the Israel Defense Forces (13-3156445),adopt a Batalion Program,https://projects.propublica.org/nonprofits/organizations/260639147/201833309349100108/IRS990PF,full return read (row individually checked)
613 Foundation,26-0639147,2017,990-PF XV 3a paid,106000,Friends of the Israel Defense Forces (13-3156445),Ambulance for base Program,https://projects.propublica.org/nonprofits/organizations/260639147/201833309349100108/IRS990PF,full return read (row individually checked)
613 Foundation,26-0639147,2017,990-PF XV 3a paid,2,Friends of the Israel Defense Forces (13-3156445),Project Impact -,https://projects.propublica.org/nonprofits/organizations/260639147/201833309349100108/IRS990PF,full return read (row individually checked)
613 Foundation,26-0639147,2017,990-PF XV 3a paid,45000,Friends of the Israel Defense Forces (13-3156445),Adopt a Batalion Program,https://projects.propublica.org/nonprofits/organizations/260639147/201833309349100108/IRS990PF,full return read (row individually checked)
613 Foundation,26-0639147,2017,990-PF XV 3a paid,1440,Friends of the Israel Defense Forces (13-3156445),Charitable Event,https://projects.propublica.org/nonprofits/organizations/260639147/201833309349100108/IRS990PF,full return read (row individually checked)
613 Foundation,26-0639147,2018,990-PF XV 3a paid,70500,Friends of the Israel Defense Forces (13-3156445),Ambulance Program,https://projects.propublica.org/nonprofits/organizations/260639147/201943199349103719/IRS990PF,full return read (row individually checked)
613 Foundation,26-0639147,2018,990-PF XV 3a paid,30000,Friends of the Israel Defense Forces (13-3156445),Ambulance Project,https://projects.propublica.org/nonprofits/organizations/260639147/201943199349103719/IRS990PF,full return read (row individually checked)
613 Foundation,26-0639147,2018,990-PF XV 3a paid,3600,Friends of the Israel Defense Forces (13-3156445),Legacy Project,https://projects.propublica.org/nonprofits/organizations/260639147/201943199349103719/IRS990PF,full return read (row individually checked)
613 Foundation,26-0639147,2019,990-PF XV 3a paid,600000,Friends of the Israel Defense Forces (13-3156445),Ari Fuld Recreation Center,https://projects.propublica.org/nonprofits/organizations/260639147/202013189349103126/IRS990PF,full return read (row individually checked)
613 Foundation,26-0639147,2019,990-PF XV 3a paid,1100000,Friends of the Israel Defense Forces (13-3156445),Recreation Center,https://projects.propublica.org/nonprofits/organizations/260639147/202013189349103126/IRS990PF,full return read (row individually checked)
613 Foundation,26-0639147,2020,990-PF XV 3a paid,500000,Friends of the Israel Defense Forces (13-3156445),Recreation Center,https://projects.propublica.org/nonprofits/organizations/260639147/202103209349100240/IRS990PF,full return read (row individually checked)
613 Foundation,26-0639147,2021,990-PF XV 3a paid,358000,Friends of the Israel Defense Forces (13-3156445),General & Unrestricted,https://projects.propublica.org/nonprofits/organizations/260639147/202213189349106791/IRS990PF,full return read (row individually checked)
613 Foundation,26-0639147,2021,990-PF XV 3a paid,500000,Friends of the Israel Defense Forces (13-3156445),Recreation Center,https://projects.propublica.org/nonprofits/organizations/260639147/202213189349106791/IRS990PF,full return read (row individually checked)
A I And Manet Schepps Foundation Inc,74-6050262,2023,990-PF XV 3a paid,1500,Friends of the Israel Defense Forces (13-3156445),Unrestricted Operating Funds,https://projects.propublica.org/nonprofits/organizations/746050262/202421739349100012/IRS990PF,full return read (automated row extraction; not individually checked)
A I And Manet Schepps Foundation Inc,74-6050262,2024,990-PF XV 3a paid,4000,Friends of the Israel Defense Forces (13-3156445),Unrestricted Operating Funds,https://projects.propublica.org/nonprofits/organizations/746050262/202543119349101149/IRS990PF,full return read (automated row extraction; not individually checked)
A M Josephs Family Foundation,27-1715734,2016,990-PF XV 3a paid,1000,Friends of the Israel Defense Forces (13-3156445),General & Unrestricted,https://projects.propublica.org/nonprofits/organizations/271715734/201711329349101406/IRS990PF,full return read (automated row extraction; not individually checked)
A M Josephs Family Foundation,27-1715734,2020,990-PF XV 3a paid,1000,Friends of the Israel Defense Forces (13-3156445),General & Unrestricted,https://projects.propublica.org/nonprofits/organizations/271715734/202141319349100524/IRS990PF,full return read (automated row extraction; not individually checked)
A S Genecov Foundation,75-6023698,2020,990-PF XV 3a paid,500,Friends of the Israel Defense Forces (13-3156445),SERVICE,https://projects.propublica.org/nonprofits/organizations/756023698/202123159349102782/IRS990PF,full return read (automated row extraction; not individually checked)
Aaron And Angel Goldman Family Foundation,27-3980590,2015,990-PF XV 3a paid,1000,Friends of the Israel Defense Forces (13-3156445),General & Unrestricted,https://projects.propublica.org/nonprofits/organizations/273980590/201602249349101200/IRS990PF,full return read (automated row extraction; not individually checked)
Aaron And Angel Goldman Family Foundation,27-3980590,2016,990-PF XV 3a paid,3000,Friends of the Israel Defense Forces (13-3156445),General & Unrestricted,https://projects.propublica.org/nonprofits/organizations/273980590/201712029349100006/IRS990PF,full return read (automated row extraction; not individually checked)
Aaron And Angel Goldman Family Foundation,27-3980590,2017,990-PF XV 3a paid,4000,Friends of the Israel Defense Forces (13-3156445),General & Unrestricted,https://projects.propublica.org/nonprofits/organizations/273980590/201801299349101930/IRS990PF,full return read (automated row extraction; not individually checked)
Aaron And Angel Goldman Family Foundation,27-3980590,2018,990-PF XV 3a paid,4000,Friends of the Israel Defense Forces (13-3156445),General & Unrestricted,https://projects.propublica.org/nonprofits/organizations/273980590/201942809349100614/IRS990PF,full return read (automated row extraction; not individually checked)
Aaron And Angel Goldman Family Foundation,27-3980590,2020,990-PF XV 3a paid,4000,Friends of the Israel Defense Forces (13-3156445),General & Unrestricted,https://projects.propublica.org/nonprofits/organizations/273980590/202103199349107135/IRS990PF,full return read (automated row extraction; not individually checked)
Aaron And Angel Goldman Family Foundation,27-3980590,2021,990-PF XV 3a paid,5000,Friends of the Israel Defense Forces (13-3156445),General & Unrestricted,https://projects.propublica.org/nonprofits/organizations/273980590/202243209349100704/IRS990PF,full return read (automated row extraction; not individually checked)
Aaron And Angel Goldman Family Foundation,27-3980590,2022,990-PF XV 3a paid,5000,Friends of the Israel Defense Forces (13-3156445),General & Unrestricted,https://projects.propublica.org/nonprofits/organizations/273980590/202313199349110111/IRS990PF,full return read (automated row extraction; not individually checked)
Aaron And Angel Goldman Family Foundation,27-3980590,2023,990-PF XV 3a paid,6800,Friends of the Israel Defense Forces (13-3156445),General & Unrestricted,https://projects.propublica.org/nonprofits/organizations/273980590/202433199349103648/IRS990PF,full return read (automated row extraction; not individually checked)
Aaron And Angel Goldman Family Foundation,27-3980590,2024,990-PF XV 3a paid,5000,Friends of the Israel Defense Forces (13-3156445),General & Unrestricted,https://projects.propublica.org/nonprofits/organizations/273980590/202503239349100000/IRS990PF,full return read (automated row extraction; not individually checked)
Abbvie Foundation,46-0827839,2019,990-PF XV 3a paid,1140,Friends of the Israel Defense Forces (13-3156445),MATCHING GRANTS,https://projects.propublica.org/nonprofits/organizations/460827839/202041679349100129/IRS990PF,full return read (automated row extraction; not individually checked)
Abe & Sylvia Ginsburg Foundation,23-7077996,2016,990-PF XV 3a paid,250,Friends of the Israel Defense Forces (13-3156445),501 (C)(3) NON-RESTRICTED,https://projects.propublica.org/nonprofits/organizations/237077996/201712429349100211/IRS990PF,full return read (automated row extraction; not individually checked)
Abner Levy Foundation,20-1824387,2013,990-PF XV 3a paid,26,Friends of the Israel Defense Forces (13-3156445),EXEMPT GENERAL,https://projects.propublica.org/nonprofits/organizations/201824387/201413219349102996/IRS990PF,full return read (automated row extraction; not individually checked)
Abner Levy Foundation,20-1824387,2014,990-PF XV 3a paid,500,Friends of the Israel Defense Forces (13-3156445),EXEMPT GENERAL,https://projects.propublica.org/nonprofits/organizations/201824387/201503209349103575/IRS990PF,full return read (automated row extraction; not individually checked)
Abner Levy Foundation,20-1824387,2014,990-PF XV 3a paid,400,Friends of the Israel Defense Forces (13-3156445),EXEMPT GENERAL,https://projects.propublica.org/nonprofits/organizations/201824387/201503209349103575/IRS990PF,full return read (automated row extraction; not individually checked)
Abner Levy Foundation,20-1824387,2014,990-PF XV 3a paid,2000,Friends of the Israel Defense Forces (13-3156445),EXEMPT GENERAL,https://projects.propublica.org/nonprofits/organizations/201824387/201503209349103575/IRS990PF,full return read (automated row extraction; not individually checked)
Abner Levy Foundation,20-1824387,2016,990-PF XV 3a paid,26,Friends of the Israel Defense Forces (13-3156445),EXEMPT GENERAL,https://projects.propublica.org/nonprofits/organizations/201824387/201703189349102880/IRS990PF,full return read (automated row extraction; not individually checked)
Abner Levy Foundation,20-1824387,2016,990-PF XV 3a paid,26,Friends of the Israel Defense Forces (13-3156445),EXEMPT GENERAL,https://projects.propublica.org/nonprofits/organizations/201824387/201703189349102880/IRS990PF,full return read (automated row extraction; not individually checked)
Abner Levy Foundation,20-1824387,2017,990-PF XV 3a paid,26,Friends of the Israel Defense Forces (13-3156445),EXEMPT GENERAL,https://projects.propublica.org/nonprofits/organizations/201824387/201820599349100752/IRS990PF,full return read (automated row extraction; not individually checked)
Abner Levy Foundation,20-1824387,2021,990-PF XV 3a paid,2800,Friends of the Israel Defense Forces (13-3156445),EXEMPT GENERAL,https://projects.propublica.org/nonprofits/organizations/201824387/202243199349107009/IRS990PF,full return read (automated row extraction; not individually checked)
Abner Levy Foundation,20-1824387,2023,990-PF XV 3a paid,30200,Friends of the Israel Defense Forces (13-3156445),EXEMPT GENERAL,https://projects.propublica.org/nonprofits/organizations/201824387/202433209349108423/IRS990PF,full return read (automated row extraction; not individually checked)
Abner Levy Foundation,20-1824387,2024,990-PF XV 3a paid,40000,Friends of the Israel Defense Forces (13-3156445),EXEMPT GENERAL,https://projects.propublica.org/nonprofits/organizations/201824387/202541359349105614/IRS990PF,full return read (automated row extraction; not individually checked)
Abraham And Marilyn Levovitz Family Foundation Charitable Trust,26-6271759,2015,990-PF XV 3a paid,100,Friends of the Israel Defense Forces (13-3156445),CHARITABLE DONATION,https://projects.propublica.org/nonprofits/organizations/266271759/201621349349101262/IRS990PF,full return read (automated row extraction; not individually checked)
Abraham And Mildred Goldstein Charitable Tr 101494,13-7061296,2013,990-PF XV 3a paid,25000,Friends of the Israel Defense Forces (13-3156445),UNRESTRICTED GRANT,https://projects.propublica.org/nonprofits/organizations/137061296/201443189349101134/IRS990PF,full return read (automated row extraction; not individually checked)
Abraham And Mildred Goldstein Charitable Tr 101494,13-7061296,2014,990-PF XV 3a paid,35000,Friends of the Israel Defense Forces (13-3156445),UNRESTRICTED GRANT,https://projects.propublica.org/nonprofits/organizations/137061296/201503179349100825/IRS990PF,full return read (automated row extraction; not individually checked)
Abt Family Charitable Foundation,36-3583929,2014,990-PF XV 3a paid,100000,Friends of the Israel Defense Forces (13-3156445),GENERAL FUND,https://projects.propublica.org/nonprofits/organizations/363583929/201541359349102414/IRS990PF,full return read (automated row extraction; not individually checked)
Abt Family Charitable Foundation,36-3583929,2015,990-PF XV 3a paid,25000,Friends of the Israel Defense Forces (13-3156445),GENERAL FUND,https://projects.propublica.org/nonprofits/organizations/363583929/201641539349100519/IRS990PF,full return read (automated row extraction; not individually checked)
Abt Family Charitable Foundation,36-3583929,2017,990-PF XV 3a paid,25000,Friends of the Israel Defense Forces (13-3156445),GENERAL FUND,https://projects.propublica.org/nonprofits/organizations/363583929/201831849349100603/IRS990PF,full return read (automated row extraction; not individually checked)
Adelson Family Foundation,04-7024330,2018,990-PF XV 3a paid,10581000,Friends of the Israel Defense Forces (13-3156445),GENERAL CHARITABLE PURPOSES,https://projects.propublica.org/nonprofits/organizations/47024330/201933199349104703/IRS990PF,full return read (row individually checked)
Adelson Family Foundation,04-7024330,2019,990-PF XV 3a paid,9216800,Friends of the Israel Defense Forces (13-3156445),GENERAL CHARITABLE PURPOSES,https://projects.propublica.org/nonprofits/organizations/47024330/202043169349102224/IRS990PF,full return read (row individually checked)
Adelson Family Foundation,04-7024330,2020,990-PF XV 3a paid,4555975,Friends of the Israel Defense Forces (13-3156445),GENERAL CHARITABLE PURPOSES,https://projects.propublica.org/nonprofits/organizations/47024330/202103169349105100/IRS990PF,full return read (row individually checked)
Adelson Family Foundation,04-7024330,2021,990-PF XV 3a paid,4292966,Friends of the Israel Defense Forces (13-3156445),GENERAL CHARITABLE PURPOSES,https://projects.propublica.org/nonprofits/organizations/47024330/202243189349104944/IRS990PF,full return read (row individually checked)
Adelson Family Foundation,04-7024330,2022,990-PF XV 3b approved future,517714,Friends of the Israel Defense Forces (13-3156445),GENERAL CHARITABLE PURPOSES,https://projects.propublica.org/nonprofits/organizations/47024330/202343189349105739/IRS990PF,full return read (row individually checked)
Adelson Family Foundation,04-7024330,2023,990-PF XV 3b approved future,517714,Friends of the Israel Defense Forces (13-3156445),GENERAL CHARITABLE PURPOSES,https://projects.propublica.org/nonprofits/organizations/47024330/202413209349104786/IRS990PF,full return read (row individually checked)
Adelson Family Foundation,04-7024330,2024,990-PF XV 3b approved future,517714,Friends of the Israel Defense Forces (13-3156445),GENERAL CHARITABLE PURPOSES,https://projects.propublica.org/nonprofits/organizations/47024330/202513219349106496/IRS990PF,full return read (row individually checked)
Adler Fam Foundation Dtd As Of 12232016,38-7176073,2021,990-PF XV 3a paid,10000,Friends of the Israel Defense Forces (13-3156445),GENERAL OPERATIONS,https://projects.propublica.org/nonprofits/organizations/387176073/202241749349100314/IRS990PF,full return read (automated row extraction; not individually checked)
Adler Hirsch Foundation,46-3035609,2021,990-PF XV 3a paid,1000,Friends of the Israel Defense Forces (13-3156445),GENERAL CHARITABLE PURPOSE,https://projects.propublica.org/nonprofits/organizations/463035609/202221719349100017/IRS990PF,full return read (automated row extraction; not individually checked)
Adler Hirsch Foundation,46-3035609,2024,990-PF XV 3a paid,1000,Friends of the Israel Defense Forces (13-3156445),GENERAL CHARITABLE PURPOSE,https://projects.propublica.org/nonprofits/organizations/463035609/202521819349100427/IRS990PF,full return read (automated row extraction; not individually checked)
Adolph And Rose Levis Fam Foundation,65-0211764,2019,990-PF XV 3a paid,16000,Friends of the Israel Defense Forces (13-3156445),GENERAL OPERATING PURPOSE,https://projects.propublica.org/nonprofits/organizations/650211764/202110839349100306/IRS990PF,full return read (automated row extraction; not individually checked)
Adolph And Rose Levis Fam Foundation,65-0211764,2020,990-PF XV 3a paid,47000,Friends of the Israel Defense Forces (13-3156445),GENERAL OPERATING PURPOSE,https://projects.propublica.org/nonprofits/organizations/650211764/202220979349100622/IRS990PF,full return read (automated row extraction; not individually checked)
Adolph And Rose Levis Fam Foundation,65-0211764,2021,990-PF XV 3a paid,21300,Friends of the Israel Defense Forces (13-3156445),GENERAL OPERATING,https://projects.propublica.org/nonprofits/organizations/650211764/202320879349100217/IRS990PF,full return read (automated row extraction; not individually checked)
Adolph And Rose Levis Fam Foundation,65-0211764,2023,990-PF XV 3a paid,55000,Friends of the Israel Defense Forces (13-3156445),GENERAL OPERATING,https://projects.propublica.org/nonprofits/organizations/650211764/202520939349100317/IRS990PF,full return read (automated row extraction; not individually checked)
Adolph And Rose Levis Fam Foundation,65-0211764,2024,990-PF XV 3a paid,35000,Friends of the Israel Defense Forces (13-3156445),GENERAL OPERATING,https://projects.propublica.org/nonprofits/organizations/650211764/202630979349100708/IRS990PF,full return read (automated row extraction; not individually checked)
Affordable Housing Access Inc,31-1682049,2023,990 Schedule I,7000,Friends of the Israel Defense Forces (13-3156445),GENERAL SUPPORT,https://projects.propublica.org/nonprofits/organizations/311682049/202443199349312604/IRS990ScheduleI,full return read (automated row extraction; not individually checked)
Aj&sl Stern Family Foundation,36-4316434,2022,990-PF XV 3a paid,540,Friends of the Israel Defense Forces (13-3156445),DONATION,https://projects.propublica.org/nonprofits/organizations/364316434/202333199349104788/IRS990PF,full return read (automated row extraction; not individually checked)
Al And Carole Feiger Family Foundation,36-4121220,2021,990-PF XV 3a paid,1000,Friends of the Israel Defense Forces (13-3156445),To support Israeli soldiers,https://projects.propublica.org/nonprofits/organizations/364121220/202211819349100816/IRS990PF,full return read (automated row extraction; not individually checked)
Al And Carole Feiger Family Foundation,36-4121220,2022,990-PF XV 3a paid,5000,Friends of the Israel Defense Forces (13-3156445),To support Israeli soldiers,https://projects.propublica.org/nonprofits/organizations/364121220/202341949349100519/IRS990PF,full return read (automated row extraction; not individually checked)
Al And Carole Feiger Family Foundation,36-4121220,2023,990-PF XV 3a paid,6000,Friends of the Israel Defense Forces (13-3156445),To support Israeli soldiers,https://projects.propublica.org/nonprofits/organizations/364121220/202433189349104003/IRS990PF,full return read (automated row extraction; not individually checked)
Al And Carole Feiger Family Foundation,36-4121220,2024,990-PF XV 3a paid,1000,Friends of the Israel Defense Forces (13-3156445),To support Israeli soldiers,https://projects.propublica.org/nonprofits/organizations/364121220/202510989349100516/IRS990PF,full return read (automated row extraction; not individually checked)
Alan And Amy Meltzer Family Foundation Inc,52-2069235,2015,990-PF XV 3a paid,3600,Friends of the Israel Defense Forces (13-3156445),CHARITABLE,https://projects.propublica.org/nonprofits/organizations/522069235/201603209349102320/IRS990PF,full return read (automated row extraction; not individually checked)
Alan And Amy Meltzer Family Foundation Inc,52-2069235,2020,990-PF XV 3a paid,13500,Friends of the Israel Defense Forces (13-3156445),CHARITABLE,https://projects.propublica.org/nonprofits/organizations/522069235/202103209349100020/IRS990PF,full return read (automated row extraction; not individually checked)
Alan And Amy Meltzer Family Foundation Inc,52-2069235,2022,990-PF XV 3a paid,10000,Friends of the Israel Defense Forces (13-3156445),CHARITABLE,https://projects.propublica.org/nonprofits/organizations/522069235/202343189349105054/IRS990PF,full return read (automated row extraction; not individually checked)
Alan And Elisa Pines Family,22-3693306,2022,990-PF XV 3a paid,3600,Friends of the Israel Defense Forces (13-3156445),N/P CHARITABLE,https://projects.propublica.org/nonprofits/organizations/223693306/202422479349100302/IRS990PF,full return read (automated row extraction; not individually checked)
Alan And Giselle Weissman Family Foundation Inc,27-4196642,2013,990-PF XV 3a paid,720,Friends of the Israel Defense Forces (13-3156445),TO FURTHER ITS CHARITABLE PURPOSES,https://projects.propublica.org/nonprofits/organizations/274196642/201433119349100328/IRS990PF,full return read (automated row extraction; not individually checked)
Alan And Giselle Weissman Family Foundation Inc,27-4196642,2014,990-PF XV 3a paid,2000,Friends of the Israel Defense Forces (13-3156445),TO FURTHER ITS CHARITABLE PURPOSES,https://projects.propublica.org/nonprofits/organizations/274196642/201513209349103231/IRS990PF,full return read (automated row extraction; not individually checked)
Alan And Marsha Levy Charitable Foundation Inc,26-1556590,2020,990-PF XV 3a paid,1500,Friends of the Israel Defense Forces (13-3156445),General,https://projects.propublica.org/nonprofits/organizations/261556590/202200289349100610/IRS990PF,full return read (automated row extraction; not individually checked)
Alan And Marsha Levy Charitable Foundation Inc,26-1556590,2022,990-PF XV 3a paid,2500,Friends of the Israel Defense Forces (13-3156445),General,https://projects.propublica.org/nonprofits/organizations/261556590/202400919349100350/IRS990PF,full return read (automated row extraction; not individually checked)
Alan And Marsha Levy Charitable Foundation Inc,26-1556590,2023,990-PF XV 3a paid,1800,Friends of the Israel Defense Forces (13-3156445),General,https://projects.propublica.org/nonprofits/organizations/261556590/202540579349100604/IRS990PF,full return read (automated row extraction; not individually checked)
Alan B Slifka Foundation Inc,13-6192257,2015,990-PF XV 3a paid,250,Friends of the Israel Defense Forces (13-3156445),An unrestricted Grant to further the donee's exempt purpose.,https://projects.propublica.org/nonprofits/organizations/136192257/201742899349100814/IRS990PF,full return read (automated row extraction; not individually checked)
Alan B Slifka Foundation Inc,13-6192257,2016,990-PF XV 3a paid,250,Friends of the Israel Defense Forces (13-3156445),An unrestricted Grant to further the donee's exempt purpose.,https://projects.propublica.org/nonprofits/organizations/136192257/201832789349100508/IRS990PF,full return read (automated row extraction; not individually checked)
Alan B Slifka Foundation Inc,13-6192257,2017,990-PF XV 3a paid,500,Friends of the Israel Defense Forces (13-3156445),AN UNRESTRICTED GRANT TO FURTHER THE DONEE'S EXEMPT PURPOSE.,https://projects.propublica.org/nonprofits/organizations/136192257/201932839349100103/IRS990PF,full return read (automated row extraction; not individually checked)
Alan B Slifka Foundation Inc,13-6192257,2018,990-PF XV 3a paid,750,Friends of the Israel Defense Forces (13-3156445),AN UNRESTRICTED GRANT TO FURTHER THE DONEE'S EXEMPT PURPOSE.,https://projects.propublica.org/nonprofits/organizations/136192257/202002879349100510/IRS990PF,full return read (automated row extraction; not individually checked)
Alan B Slifka Foundation Inc,13-6192257,2020,990-PF XV 3a paid,500,Friends of the Israel Defense Forces (13-3156445),AN UNRESTRICTED GRANT TO FURTHER THE DONEE'S EXEMPT PURPOSE.,https://projects.propublica.org/nonprofits/organizations/136192257/202242849349100004/IRS990PF,full return read (automated row extraction; not individually checked)
Alan B Slifka Foundation Inc,13-6192257,2021,990-PF XV 3a paid,500,Friends of the Israel Defense Forces (13-3156445),AN UNRESTRICTED GRANT TO FURTHER THE DONEE'S EXEMPT PURPOSE.,https://projects.propublica.org/nonprofits/organizations/136192257/202342799349100314/IRS990PF,full return read (automated row extraction; not individually checked)
Alan Donald Leve And Annette Melva Leve Family Foundation,85-4210648,2024,990-PF XV 3a paid,25000,Friends of the Israel Defense Forces (13-3156445),LONE SOLDIER SUPPORT,https://projects.propublica.org/nonprofits/organizations/854210648/202523119349101632/IRS990PF,full return read (automated row extraction; not individually checked)
Alan Jay And Sue Kaufman Foundation,38-2770140,2020,990-PF XV 3a paid,4216,Friends of the Israel Defense Forces (13-3156445),GENERAL PURPOSE GRANT,https://projects.propublica.org/nonprofits/organizations/382770140/202220149349100402/IRS990PF,full return read (automated row extraction; not individually checked)
Alan Jay And Sue Kaufman Foundation,38-2770140,2022,990-PF XV 3a paid,900,Friends of the Israel Defense Forces (13-3156445),GENERAL PURPOSE GRANT,https://projects.propublica.org/nonprofits/organizations/382770140/202410169349100431/IRS990PF,full return read (automated row extraction; not individually checked)
Alan Vituli Foundation,16-1517434,2017,990-PF XV 3a paid,16000,Friends of the Israel Defense Forces (13-3156445),PublicCharity Generalcontribution,https://projects.propublica.org/nonprofits/organizations/161517434/201842959349100209/IRS990PF,full return read (automated row extraction; not individually checked)
Alan Vituli Foundation,16-1517434,2018,990-PF XV 3a paid,3910,Friends of the Israel Defense Forces (13-3156445),PublicCharity Generalcontribution,https://projects.propublica.org/nonprofits/organizations/161517434/201912599349100116/IRS990PF,full return read (automated row extraction; not individually checked)
Alan Vituli Foundation,16-1517434,2019,990-PF XV 3a paid,1800,Friends of the Israel Defense Forces (13-3156445),PublicCharity Generalcontribution,https://projects.propublica.org/nonprofits/organizations/161517434/202011499349100006/IRS990PF,full return read (automated row extraction; not individually checked)
Alan Vituli Foundation,16-1517434,2020,990-PF XV 3a paid,5000,Friends of the Israel Defense Forces (13-3156445),PublicCharity Generalcontribution,https://projects.propublica.org/nonprofits/organizations/161517434/202111299349100006/IRS990PF,full return read (automated row extraction; not individually checked)
Alan Vituli Foundation,16-1517434,2021,990-PF XV 3a paid,5000,Friends of the Israel Defense Forces (13-3156445),PublicCharity Generalcontribution,https://projects.propublica.org/nonprofits/organizations/161517434/202241319349102064/IRS990PF,full return read (automated row extraction; not individually checked)
Alan Vituli Foundation,16-1517434,2022,990-PF XV 3a paid,10000,Friends of the Israel Defense Forces (13-3156445),PublicCharity Generalcontribution,https://projects.propublica.org/nonprofits/organizations/161517434/202331239349101958/IRS990PF,full return read (automated row extraction; not individually checked)
Alan Vituli Foundation,16-1517434,2023,990-PF XV 3a paid,20000,Friends of the Israel Defense Forces (13-3156445),PublicCharity Generalcontribution,https://projects.propublica.org/nonprofits/organizations/161517434/202401349349101045/IRS990PF,full return read (automated row extraction; not individually checked)
Alan Vituli Foundation,16-1517434,2024,990-PF XV 3a paid,5000,Friends of the Israel Defense Forces (13-3156445),PublicCharity Generalcontribution,https://projects.propublica.org/nonprofits/organizations/161517434/202523169349101117/IRS990PF,full return read (automated row extraction; not individually checked)
Albatross Charitable Foundation,82-4300379,2024,990-PF XV 3a paid,500,Friends of the Israel Defense Forces (13-3156445),General & Unrestricted,https://projects.propublica.org/nonprofits/organizations/824300379/202532259349100213/IRS990PF,full return read (automated row extraction; not individually checked)
Albuquerque Community Foundation,85-0295444,2023,990 Schedule I,15000,Friends of the Israel Defense Forces (13-3156445),GENERAL SUPPORT,https://projects.propublica.org/nonprofits/organizations/850295444/202443189349307769/IRS990ScheduleI,full return read (automated row extraction; not individually checked)
Alex & Lil Erdeljan Foundation,81-2969681,2023,990-PF XV 3a paid,5000,Friends of the Israel Defense Forces (13-3156445),GENERAL OPERATING SUPPORT,https://projects.propublica.org/nonprofits/organizations/812969681/202441139349100909/IRS990PF,full return read (automated row extraction; not individually checked)
Alex & Lil Erdeljan Foundation,81-2969681,2025,990-PF XV 3a paid,15000,Friends of the Israel Defense Forces (13-3156445),GENERAL OPERATING SUPPORT,https://projects.propublica.org/nonprofits/organizations/812969681/202601259349101125/IRS990PF,full return read (automated row extraction; not individually checked)
Alfred And Constance Weissman Family Foundation Inc,27-4196756,2017,990-PF XV 3a paid,50000,Friends of the Israel Defense Forces (13-3156445),TO FURTHER ITS CHARITABLE PURPOSES,https://projects.propublica.org/nonprofits/organizations/274196756/201812129349101056/IRS990PF,full return read (automated row extraction; not individually checked)
Alfred E Mann Charities Inc,46-3543296,2022,990-PF XV 3a paid,60000,Friends of the Israel Defense Forces (13-3156445),SUPPORT OF CHARITABLE PURPOSE,https://projects.propublica.org/nonprofits/organizations/463543296/202411589349101221/IRS990PF,full return read (automated row extraction; not individually checked)
Alfred E Mann Charities Inc,46-3543296,2023,990-PF XV 3a paid,125000,Friends of the Israel Defense Forces (13-3156445),SUPPORT OF CHARITABLE PURPOSE,https://projects.propublica.org/nonprofits/organizations/463543296/202522459349100622/IRS990PF,full return read (automated row extraction; not individually checked)
Allan & Melanie Nelkin Foundation Inc,47-5565319,2024,990-PF XV 3a paid,1800,Friends of the Israel Defense Forces (13-3156445),GENERAL,https://projects.propublica.org/nonprofits/organizations/475565319/202513169349103216/IRS990PF,full return read (automated row extraction; not individually checked)
Allison And Bennett Rosenthal Charitable Foundation,46-2624095,2015,990-PF XV 3a paid,5000,Friends of the Israel Defense Forces (13-3156445),GENERAL UNRESTRICTED,https://projects.propublica.org/nonprofits/organizations/462624095/201610619349100001/IRS990PF,full return read (automated row extraction; not individually checked)
Allison And Bennett Rosenthal Charitable Foundation,46-2624095,2016,990-PF XV 3a paid,5000,Friends of the Israel Defense Forces (13-3156445),GENERAL UNRESTRICTED,https://projects.propublica.org/nonprofits/organizations/462624095/201701359349101540/IRS990PF,full return read (automated row extraction; not individually checked)
Allison And Bennett Rosenthal Charitable Foundation,46-2624095,2018,990-PF XV 3a paid,10000,Friends of the Israel Defense Forces (13-3156445),GENERAL UNRESTRICTED,https://projects.propublica.org/nonprofits/organizations/462624095/201911309349101221/IRS990PF,full return read (automated row extraction; not individually checked)
Alpha Epsilon Pi Foundation Inc,13-6141078,2012,990 Schedule I,9885,Friends of the Israel Defense Forces (13-3156445),GENERAL SUPPORT FOR CHOSEN NATIONAL PHILANTHROPY,https://projects.propublica.org/nonprofits/organizations/136141078/201400999349300125/IRS990ScheduleI,full return read (automated row extraction; not individually checked)
Alpha Epsilon Pi Foundation Inc,13-6141078,2017,990 Schedule I,7200,Friends of the Israel Defense Forces (13-3156445),GENERAL SUPPORT FOR CHOOSEN NATIONAL PHILANTHROPY,https://projects.propublica.org/nonprofits/organizations/136141078/201930159349300003/IRS990ScheduleI,full return read (automated row extraction; not individually checked)
Alzheimers Foundation Of America Inc,91-1792864,2024,990 Schedule I,100000,Friends of the Israel Defense Forces (13-3156445),2024 RESEARCH GRANT,https://projects.propublica.org/nonprofits/organizations/911792864/202533189349302958/IRS990ScheduleI,full return read (automated row extraction; not individually checked)
American Endowment Foundation,34-1747398,2016,990 Schedule I,55777,Friends of the Israel Defense Forces (13-3156445),PROGRAMS,https://projects.propublica.org/nonprofits/organizations/341747398/201703199349303400/IRS990ScheduleI,full return read (automated row extraction; not individually checked)
American Endowment Foundation,34-1747398,2017,990 Schedule I,7200,Friends of the Israel Defense Forces (13-3156445),PROGRAMS,https://projects.propublica.org/nonprofits/organizations/341747398/201803179349301415/IRS990ScheduleI,full return read (automated row extraction; not individually checked)
American Endowment Foundation,34-1747398,2019,990 Schedule I,114172,Friends of the Israel Defense Forces (13-3156445),PROGRAMS,https://projects.propublica.org/nonprofits/organizations/341747398/202033219349313153/IRS990ScheduleI,full return read (automated row extraction; not individually checked)
American Endowment Foundation,34-1747398,2021,990 Schedule I,56530,Friends of the Israel Defense Forces (13-3156445),PUBLIC AFFAIRS,https://projects.propublica.org/nonprofits/organizations/341747398/202222949349301137/IRS990ScheduleI,full return read (automated row extraction; not individually checked)
American Endowment Foundation,34-1747398,2021,990 Schedule I,53500,Friends of the Israel Defense Forces (13-3156445),INTERNATIONAL,https://projects.propublica.org/nonprofits/organizations/341747398/202222949349301137/IRS990ScheduleI,full return read (automated row extraction; not individually checked)
American Endowment Foundation,34-1747398,2021,990 Schedule I,16707,Friends of the Israel Defense Forces (13-3156445),INTERNATIONAL,https://projects.propublica.org/nonprofits/organizations/341747398/202222949349301137/IRS990ScheduleI,full return read (automated row extraction; not individually checked)
American Endowment Foundation,34-1747398,2021,990 Schedule I,10500,Friends of the Israel Defense Forces (13-3156445),PUBLIC AFFAIRS,https://projects.propublica.org/nonprofits/organizations/341747398/202222949349301137/IRS990ScheduleI,full return read (automated row extraction; not individually checked)
American Endowment Foundation,34-1747398,2022,990 Schedule I,131538,Friends of the Israel Defense Forces (13-3156445),INTERNATIONAL,https://projects.propublica.org/nonprofits/organizations/341747398/202332499349300338/IRS990ScheduleI,full return read (automated row extraction; not individually checked)
American Endowment Foundation,34-1747398,2022,990 Schedule I,12000,Friends of the Israel Defense Forces (13-3156445),INTERNATIONAL,https://projects.propublica.org/nonprofits/organizations/341747398/202332499349300338/IRS990ScheduleI,full return read (automated row extraction; not individually checked)
American Endowment Foundation,34-1747398,2022,990 Schedule I,37300,Friends of the Israel Defense Forces (13-3156445),PUBLIC AFFAIRS,https://projects.propublica.org/nonprofits/organizations/341747398/202332499349300338/IRS990ScheduleI,full return read (automated row extraction; not individually checked)
American Gift Fund,51-6506426,2022,990 Schedule I,41500,Friends of the Israel Defense Forces (13-3156445),FMV OPERATIONS,https://projects.propublica.org/nonprofits/organizations/516506426/202343189349312749/IRS990ScheduleI,full return read (automated row extraction; not individually checked)
American Online Giving Foundation Inc,81-0739440,2020,990 Schedule I,93449,Friends of the Israel Defense Forces (13-3156445),GENERAL SUPPORT,https://projects.propublica.org/nonprofits/organizations/810739440/202240469349301419/IRS990ScheduleI,full return read (automated row extraction; not individually checked)
American Online Giving Foundation Inc,81-0739440,2021,990 Schedule I,132293,Friends of the Israel Defense Forces (13-3156445),GENERAL SUPPORT,https://projects.propublica.org/nonprofits/organizations/810739440/202340469349301209/IRS990ScheduleI,full return read (automated row extraction; not individually checked)
Andre And Katherine Merage Foundation Colorado,45-0493929,2013,990-PF XV 3a paid,150000,Friends of the Israel Defense Forces (13-3156445),GENERAL OPERATIONS,https://projects.propublica.org/nonprofits/organizations/450493929/201512579349100606/IRS990PF,full return read (automated row extraction; not individually checked)
Andrea And Charles Bronfman Philanthropies Inc,13-3984936,2014,990-PF XV 3a paid,25000,Friends of the Israel Defense Forces (13-3156445),AN UNRESTRICTED GRANT TO FURTHER THE DONEE'S EXEMPT PURPOSE,https://projects.propublica.org/nonprofits/organizations/133984936/201523209349101932/IRS990PF,full return read (automated row extraction; not individually checked)
Andrea And Charles Bronfman Philanthropies Inc,13-3984936,2015,990-PF XV 3a paid,50000,Friends of the Israel Defense Forces (13-3156445),Support of the 2015 Western Region Gala (no attendees),https://projects.propublica.org/nonprofits/organizations/133984936/201643199349102229/IRS990PF,full return read (automated row extraction; not individually checked)
Andrea L & Lawrence A Wolfe Family Foundation,38-3323521,2015,990-PF XV 3a paid,5000,Friends of the Israel Defense Forces (13-3156445),TO SUPPORT CHARITABLE PURPOSE,https://projects.propublica.org/nonprofits/organizations/383323521/201641099349100609/IRS990PF,full return read (automated row extraction; not individually checked)
Andrea L & Lawrence A Wolfe Family Foundation,38-3323521,2016,990-PF XV 3a paid,8000,Friends of the Israel Defense Forces (13-3156445),TO SUPPORT CHARITABLE PURPOSE,https://projects.propublica.org/nonprofits/organizations/383323521/201721749349100007/IRS990PF,full return read (automated row extraction; not individually checked)
Andrea L & Lawrence A Wolfe Family Foundation,38-3323521,2017,990-PF XV 3a paid,17000,Friends of the Israel Defense Forces (13-3156445),TO SUPPORT CHARITABLE PURPOSE,https://projects.propublica.org/nonprofits/organizations/383323521/201811699349100106/IRS990PF,full return read (automated row extraction; not individually checked)
Andrea L & Lawrence A Wolfe Family Foundation,38-3323521,2018,990-PF XV 3a paid,3600,Friends of the Israel Defense Forces (13-3156445),TO SUPPORT CHARITABLE PURPOSE,https://projects.propublica.org/nonprofits/organizations/383323521/201923049349100422/IRS990PF,full return read (automated row extraction; not individually checked)
Andrea L & Lawrence A Wolfe Family Foundation,38-3323521,2019,990-PF XV 3a paid,16000,Friends of the Israel Defense Forces (13-3156445),TO SUPPORT CHARITABLE PURPOSE,https://projects.propublica.org/nonprofits/organizations/383323521/202023219349106172/IRS990PF,full return read (automated row extraction; not individually checked)
Andrea L & Lawrence A Wolfe Family Foundation,38-3323521,2020,990-PF XV 3a paid,8000,Friends of the Israel Defense Forces (13-3156445),TO SUPPORT CHARITABLE PURPOSE,https://projects.propublica.org/nonprofits/organizations/383323521/202123079349100317/IRS990PF,full return read (automated row extraction; not individually checked)
Andrea L & Lawrence A Wolfe Family Foundation,38-3323521,2021,990-PF XV 3a paid,9000,Friends of the Israel Defense Forces (13-3156445),TO SUPPORT CHARITABLE PURPOSE,https://projects.propublica.org/nonprofits/organizations/383323521/202223069349100302/IRS990PF,full return read (automated row extraction; not individually checked)
Andrea L & Lawrence A Wolfe Family Foundation,38-3323521,2022,990-PF XV 3a paid,13000,Friends of the Israel Defense Forces (13-3156445),TO SUPPORT CHARITABLE PURPOSE,https://projects.propublica.org/nonprofits/organizations/383323521/202333079349100528/IRS990PF,full return read (automated row extraction; not individually checked)
Andrea L & Lawrence A Wolfe Family Foundation,38-3323521,2023,990-PF XV 3a paid,10500,Friends of the Israel Defense Forces (13-3156445),TO SUPPORT CHARITABLE PURPOSE,https://projects.propublica.org/nonprofits/organizations/383323521/202412489349101111/IRS990PF,full return read (automated row extraction; not individually checked)
Andrea L & Lawrence A Wolfe Family Foundation,38-3323521,2024,990-PF XV 3a paid,10000,Friends of the Israel Defense Forces (13-3156445),TO SUPPORT CHARITABLE PURPOSE,https://projects.propublica.org/nonprofits/organizations/383323521/202543049349101114/IRS990PF,full return read (automated row extraction; not individually checked)
Andrew Sabin Family Foundation,20-8729425,2023,990-PF XV 3a paid,15000,Friends of the Israel Defense Forces (13-3156445),EXEMPT TO FURTHER THE ORGANIZATIONS CHARITABLE OBJECTIVES,https://projects.propublica.org/nonprofits/organizations/208729425/202520229349100807/IRS990PF,full return read (automated row extraction; not individually checked)
Andy And Molly Snyder Family Foundation,87-3972808,2024,990-PF XV 3a paid,15000,Friends of the Israel Defense Forces (13-3156445),General Operating Support,https://projects.propublica.org/nonprofits/organizations/873972808/202503189349105360/IRS990PF,full return read (automated row extraction; not individually checked)
Andy And Molly Snyder Family Foundation,87-3972808,2025,990-PF XV 3a paid,15000,Friends of the Israel Defense Forces (13-3156445),General Operating Support,https://projects.propublica.org/nonprofits/organizations/873972808/202611349349102236/IRS990PF,full return read (automated row extraction; not individually checked)
Angell Family Foundation,36-7364113,2021,990-PF XV 3a paid,40000,Friends of the Israel Defense Forces (13-3156445),UNRESTRICTED CASH CHARITABLE,https://projects.propublica.org/nonprofits/organizations/367364113/202221199349100307/IRS990PF,full return read (automated row extraction; not individually checked)
Angell Family Foundation,36-7364113,2022,990-PF XV 3a paid,43000,Friends of the Israel Defense Forces (13-3156445),UNRESTRICTED CASH CHARITABLE,https://projects.propublica.org/nonprofits/organizations/367364113/202341239349100704/IRS990PF,full return read (automated row extraction; not individually checked)
Angell Family Foundation,36-7364113,2023,990-PF XV 3a paid,43000,Friends of the Israel Defense Forces (13-3156445),UNRESTRICTED CASH CHARITABLE,https://projects.propublica.org/nonprofits/organizations/367364113/202401249349100510/IRS990PF,full return read (automated row extraction; not individually checked)
Angell Family Foundation,36-7364113,2024,990-PF XV 3a paid,43000,Friends of the Israel Defense Forces (13-3156445),UNRESTRICTED CASH CHARITABLE,https://projects.propublica.org/nonprofits/organizations/367364113/202531209349101008/IRS990PF,full return read (automated row extraction; not individually checked)
Anikstein Family Fund Inc,82-1984948,2022,990-PF XV 3a paid,300,Friends of the Israel Defense Forces (13-3156445),CHARITIES DONATION,https://projects.propublica.org/nonprofits/organizations/821984948/202303129349101245/IRS990PF,full return read (automated row extraction; not individually checked)
Anikstein Family Fund Inc,82-1984948,2023,990-PF XV 3a paid,30000,Friends of the Israel Defense Forces (13-3156445),GENERAL SUPPORT,https://projects.propublica.org/nonprofits/organizations/821984948/202510239349100206/IRS990PF,full return read (automated row extraction; not individually checked)
Anikstein Family Fund Inc,82-1984948,2024,990-PF XV 3a paid,12100,Friends of the Israel Defense Forces (13-3156445),GENERAL SUPPORT,https://projects.propublica.org/nonprofits/organizations/821984948/202502869349100320/IRS990PF,full return read (automated row extraction; not individually checked)
Ann And Ari Deshe Foundation,31-1499050,2013,990-PF XV 3a paid,3,Friends of the Israel Defense Forces (13-3156445),501(C),https://projects.propublica.org/nonprofits/organizations/311499050/201441479349100504/IRS990PF,full return read (automated row extraction; not individually checked)
Ann And Ari Deshe Foundation,31-1499050,2013,990-PF XV 3a paid,3,Friends of the Israel Defense Forces (13-3156445),501(C),https://projects.propublica.org/nonprofits/organizations/311499050/201441479349100504/IRS990PF,full return read (automated row extraction; not individually checked)
Ann And Robert Fromer Charitable Foundation Inc,46-4350926,2023,990-PF XV 3a paid,50000,Friends of the Israel Defense Forces (13-3156445),GENERAL,https://projects.propublica.org/nonprofits/organizations/464350926/202430719349100203/IRS990PF,full return read (automated row extraction; not individually checked)
Ann B Ritt Charitable Foundation,16-6541184,2023,990-PF XV 3a paid,2500,Friends of the Israel Defense Forces (13-3156445),UNRELATED PC UNRESTRICTED,https://projects.propublica.org/nonprofits/organizations/166541184/202412989349100741/IRS990PF,full return read (automated row extraction; not individually checked)
Annette Heyman Foundation Inc,06-6035519,2023,990-PF XV 3a paid,100000,Friends of the Israel Defense Forces (13-3156445),GENERAL SUPPORT,https://projects.propublica.org/nonprofits/organizations/66035519/202512269349100806/IRS990PF,full return read (automated row extraction; not individually checked)
Annette Heyman Foundation Inc,06-6035519,2023,990-PF XV 3a paid,18000,Friends of the Israel Defense Forces (13-3156445),GENERAL SUPPORT,https://projects.propublica.org/nonprofits/organizations/66035519/202512269349100806/IRS990PF,full return read (automated row extraction; not individually checked)
Annette Heyman Foundation Inc,06-6035519,2024,990-PF XV 3a paid,50000,Friends of the Israel Defense Forces (13-3156445),GENERAL SUPPORT,https://projects.propublica.org/nonprofits/organizations/66035519/202642269349101104/IRS990PF,full return read (automated row extraction; not individually checked)
Annette M And Theodore N Lerner Family Foundation Inc,52-1528436,2014,990-PF XV 3a paid,4000,Friends of the Israel Defense Forces (13-3156445),SCHOLARSHIP PROGRAM FOR COMBAT VETERANS IN ISRAEL,https://projects.propublica.org/nonprofits/organizations/521528436/201533209349100818/IRS990PF,full return read (automated row extraction; not individually checked)
Annette M And Theodore N Lerner Family Foundation Inc,52-1528436,2014,990-PF XV 3b approved future,12000,Friends of the Israel Defense Forces (13-3156445),SCHOLARSHIP PROGRAM FOR COMBAT VETERANS IN ISRAEL,https://projects.propublica.org/nonprofits/organizations/521528436/201533209349100818/IRS990PF,full return read (automated row extraction; not individually checked)
Annette M And Theodore N Lerner Family Foundation Inc,52-1528436,2015,990-PF XV 3a paid,4000,Friends of the Israel Defense Forces (13-3156445),SCHOLARSHIP PROGRAM FOR COMBAT VETERANS IN ISRAEL,https://projects.propublica.org/nonprofits/organizations/521528436/201643019349100004/IRS990PF,full return read (automated row extraction; not individually checked)
Annette M And Theodore N Lerner Family Foundation Inc,52-1528436,2016,990-PF XV 3a paid,4000,Friends of the Israel Defense Forces (13-3156445),SCHOLARSHIP PROGRAM FOR COMBAT VETERANS IN ISRAEL,https://projects.propublica.org/nonprofits/organizations/521528436/201713119349100131/IRS990PF,full return read (automated row extraction; not individually checked)
Annette M And Theodore N Lerner Family Foundation Inc,52-1528436,2017,990-PF XV 3a paid,4000,Friends of the Israel Defense Forces (13-3156445),SCHOLARSHIP PROGRAM FOR COMBAT VETERANS IN ISRAEL,https://projects.propublica.org/nonprofits/organizations/521528436/201823179349101042/IRS990PF,full return read (automated row extraction; not individually checked)
Annunziata Family Foundation Inc,22-3721224,2024,990-PF XV 3a paid,1030,Friends of the Israel Defense Forces (13-3156445),UNRESTRICTED GRANT TO SUPPORT THE ORGANIZATION'S EXEMPT PURPOSE.,https://projects.propublica.org/nonprofits/organizations/223721224/202521149349101402/IRS990PF,full return read (automated row extraction; not individually checked)
Argyros Family Foundation,95-3421867,2023,990-PF XV 3a paid,1000,Friends of the Israel Defense Forces (13-3156445),,https://projects.propublica.org/nonprofits/organizations/953421867/202501649349100915/IRS990PF,full return read (automated row extraction; not individually checked)
Ari And Gila Ackerman Foundation,20-7434942,2014,990-PF XV 3a paid,1000,Friends of the Israel Defense Forces (13-3156445),GENERAL,https://projects.propublica.org/nonprofits/organizations/207434942/201521329349102302/IRS990PF,full return read (automated row extraction; not individually checked)
Ari And Gila Ackerman Foundation,20-7434942,2015,990-PF XV 3a paid,37360,Friends of the Israel Defense Forces (13-3156445),GENERAL,https://projects.propublica.org/nonprofits/organizations/207434942/201602999349100410/IRS990PF,full return read (automated row extraction; not individually checked)
Ari Susman Philanthropic Foundation,81-5089884,2022,990-PF XV 3a paid,100000,Friends of the Israel Defense Forces (13-3156445),AID NEEDY FAMILIES,https://projects.propublica.org/nonprofits/organizations/815089884/202323199349104942/IRS990PF,full return read (automated row extraction; not individually checked)
Arka Family Foundation,06-1665865,2013,990-PF XV 3a paid,5000,Friends of the Israel Defense Forces (13-3156445),SUPPORT OF ORGANIZATION MISSION,https://projects.propublica.org/nonprofits/organizations/61665865/201443189349102004/IRS990PF,full return read (automated row extraction; not individually checked)
Arka Family Foundation,06-1665865,2014,990-PF XV 3a paid,5000,Friends of the Israel Defense Forces (13-3156445),SUPPORT OF ORGANIZATION MISSION,https://projects.propublica.org/nonprofits/organizations/61665865/201503179349101090/IRS990PF,full return read (automated row extraction; not individually checked)
Arka Family Foundation,06-1665865,2015,990-PF XV 3a paid,5000,Friends of the Israel Defense Forces (13-3156445),SUPPORT OF ORGANIZATION MISSION,https://projects.propublica.org/nonprofits/organizations/61665865/201631379349103558/IRS990PF,full return read (automated row extraction; not individually checked)
Armond And Rose Caplan Foundation,51-0217380,2023,990-PF XV 3a paid,20000,Friends of the Israel Defense Forces (13-3156445),TO SUPPORT VETERANS AND FAMILIES,https://projects.propublica.org/nonprofits/organizations/510217380/202510559349100506/IRS990PF,full return read (automated row extraction; not individually checked)
Arnold Bortman Family Foundationinc,20-3901496,2016,990-PF XV 3a paid,1000,Friends of the Israel Defense Forces (13-3156445),GENERAL SUPPORT,https://projects.propublica.org/nonprofits/organizations/203901496/201741309349101969/IRS990PF,full return read (automated row extraction; not individually checked)
Arnold Bortman Family Foundationinc,20-3901496,2017,990-PF XV 3a paid,1000,Friends of the Israel Defense Forces (13-3156445),GENERAL SUPPORT,https://projects.propublica.org/nonprofits/organizations/203901496/201801429349100400/IRS990PF,full return read (automated row extraction; not individually checked)
Arnold Bortman Family Foundationinc,20-3901496,2019,990-PF XV 3a paid,2000,Friends of the Israel Defense Forces (13-3156445),GENERAL SUPPORT,https://projects.propublica.org/nonprofits/organizations/203901496/202021989349100332/IRS990PF,full return read (automated row extraction; not individually checked)
Arnold Bortman Family Foundationinc,20-3901496,2021,990-PF XV 3a paid,1000,Friends of the Israel Defense Forces (13-3156445),GENERAL SUPPORT,https://projects.propublica.org/nonprofits/organizations/203901496/202211339349103201/IRS990PF,full return read (automated row extraction; not individually checked)
Arnold Bortman Family Foundationinc,20-3901496,2022,990-PF XV 3a paid,1000,Friends of the Israel Defense Forces (13-3156445),GENERAL SUPPORT,https://projects.propublica.org/nonprofits/organizations/203901496/202312199349100156/IRS990PF,full return read (automated row extraction; not individually checked)
Arnold Bortman Family Foundationinc,20-3901496,2023,990-PF XV 3a paid,2500,Friends of the Israel Defense Forces (13-3156445),GENERAL SUPPORT,https://projects.propublica.org/nonprofits/organizations/203901496/202412329349100056/IRS990PF,full return read (automated row extraction; not individually checked)
Arnold Bortman Family Foundationinc,20-3901496,2024,990-PF XV 3a paid,2500,Friends of the Israel Defense Forces (13-3156445),GENERAL SUPPORT,https://projects.propublica.org/nonprofits/organizations/203901496/202542529349101119/IRS990PF,full return read (automated row extraction; not individually checked)
Arnold Schlossberg Charitable Tr,54-6325254,2022,990-PF XV 3a paid,3000,Friends of the Israel Defense Forces (13-3156445),GENERAL OPERATING,https://projects.propublica.org/nonprofits/organizations/546325254/202321299349102757/IRS990PF,full return read (automated row extraction; not individually checked)
Arnold Schlossberg Charitable Tr,54-6325254,2023,990-PF XV 3a paid,2500,Friends of the Israel Defense Forces (13-3156445),GENERAL OPERATING,https://projects.propublica.org/nonprofits/organizations/546325254/202421109349101527/IRS990PF,full return read (automated row extraction; not individually checked)
Arnold Schlossberg Charitable Tr,54-6325254,2024,990-PF XV 3a paid,2750,Friends of the Israel Defense Forces (13-3156445),GENERAL OPERATING,https://projects.propublica.org/nonprofits/organizations/546325254/202501269349104045/IRS990PF,full return read (automated row extraction; not individually checked)
Arnold Schlossberg Charitable Tr,54-6325254,2025,990-PF XV 3a paid,2750,Friends of the Israel Defense Forces (13-3156445),GENERAL OPERATING,https://projects.propublica.org/nonprofits/organizations/546325254/202631249349102998/IRS990PF,full return read (automated row extraction; not individually checked)
Aronow Foundation,46-4556895,2023,990-PF XV 3a paid,50000,Friends of the Israel Defense Forces (13-3156445),GENERAL OPERATING SUPPORT,https://projects.propublica.org/nonprofits/organizations/464556895/202431169349100113/IRS990PF,full return read (automated row extraction; not individually checked)
Arthur And Edith Stern Family Foundation,95-4609409,2023,990-PF XV 3a paid,25000,Friends of the Israel Defense Forces (13-3156445),TO CHAMPION THE COURAGEOUS MEN AND WOMEN OF THE IDF AND CARE FOR THEIR NEEDS THROUGH TRANSFORMATIONAL OPPORTUNITIES AND SUPPORT AS THEY PROT,https://projects.propublica.org/nonprofits/organizations/954609409/202432899349101178/IRS990PF,full return read (automated row extraction; not individually checked)
Arthur And Edith Stern Family Foundation,95-4609409,2024,990-PF XV 3a paid,10000,Friends of the Israel Defense Forces (13-3156445),TO CHAMPION THE COURAGEOUS MEN AND WOMEN OF THE IDF AND CARE FOR THEIR NEEDS THROUGH TRANSFORMATIONAL OPPORTUNITIES AND SUPPORT AS THEY PROT,https://projects.propublica.org/nonprofits/organizations/954609409/202532879349100938/IRS990PF,full return read (automated row extraction; not individually checked)
Arthur And Joan Weisberg Family Foundation Inc,55-0746517,2022,990-PF XV 3a paid,25000,Friends of the Israel Defense Forces (13-3156445),FOR DONEE'S GENERAL PURPOSE,https://projects.propublica.org/nonprofits/organizations/550746517/202411939349100911/IRS990PF,full return read (automated row extraction; not individually checked)
Arthur And Joan Weisberg Family Foundation Inc,55-0746517,2023,990-PF XV 3a paid,30270,Friends of the Israel Defense Forces (13-3156445),FOR DONEE'S GENERAL PURPOSE,https://projects.propublica.org/nonprofits/organizations/550746517/202511359349104021/IRS990PF,full return read (automated row extraction; not individually checked)
Arthur And Joan Weisberg Family Foundation Inc,55-0746517,2023,990-PF XV 3a paid,85000,Friends of the Israel Defense Forces (13-3156445),FOR DONEE'S GENERAL PURPOSE,https://projects.propublica.org/nonprofits/organizations/550746517/202511359349104021/IRS990PF,full return read (automated row extraction; not individually checked)
Arthur And Joan Weisberg Family Foundation Inc,55-0746517,2024,990-PF XV 3a paid,73270,Friends of the Israel Defense Forces (13-3156445),FOR DONEE'S GENERAL PURPOSE,https://projects.propublica.org/nonprofits/organizations/550746517/202641969349100309/IRS990PF,full return read (automated row extraction; not individually checked)
Arthur And Phyllis Wachtel Family Foundation,45-4005264,2021,990-PF XV 3a paid,4000,Friends of the Israel Defense Forces (13-3156445),HUMANITARIAN,https://projects.propublica.org/nonprofits/organizations/454005264/202222089349100207/IRS990PF,full return read (automated row extraction; not individually checked)
Arthur D Zinberg Family Foundation,45-3250036,2014,990-PF XV 3a paid,3000,Friends of the Israel Defense Forces (13-3156445),,https://projects.propublica.org/nonprofits/organizations/453250036/201503509349100300/IRS990PF,full return read (automated row extraction; not individually checked)
Arthur D Zinberg Family Foundation,45-3250036,2015,990-PF XV 3a paid,3000,Friends of the Israel Defense Forces (13-3156445),,https://projects.propublica.org/nonprofits/organizations/453250036/201643499349100109/IRS990PF,full return read (automated row extraction; not individually checked)
Arthur D Zinberg Family Foundation,45-3250036,2016,990-PF XV 3a paid,2500,Friends of the Israel Defense Forces (13-3156445),,https://projects.propublica.org/nonprofits/organizations/453250036/201810729349100521/IRS990PF,full return read (automated row extraction; not individually checked)
Arthur D Zinberg Family Foundation,45-3250036,2017,990-PF XV 3a paid,3500,Friends of the Israel Defense Forces (13-3156445),,https://projects.propublica.org/nonprofits/organizations/453250036/201920729349100317/IRS990PF,full return read (automated row extraction; not individually checked)
Arthur D Zinberg Family Foundation,45-3250036,2018,990-PF XV 3a paid,3500,Friends of the Israel Defense Forces (13-3156445),,https://projects.propublica.org/nonprofits/organizations/453250036/202030489349100318/IRS990PF,full return read (automated row extraction; not individually checked)
Arthur D Zinberg Family Foundation,45-3250036,2019,990-PF XV 3a paid,2500,Friends of the Israel Defense Forces (13-3156445),,https://projects.propublica.org/nonprofits/organizations/453250036/202110569349100006/IRS990PF,full return read (automated row extraction; not individually checked)
Arthur D Zinberg Family Foundation,45-3250036,2020,990-PF XV 3a paid,1000,Friends of the Israel Defense Forces (13-3156445),,https://projects.propublica.org/nonprofits/organizations/453250036/202220709349100132/IRS990PF,full return read (automated row extraction; not individually checked)
Arthur D Zinberg Family Foundation,45-3250036,2021,990-PF XV 3a paid,1000,Friends of the Israel Defense Forces (13-3156445),,https://projects.propublica.org/nonprofits/organizations/453250036/202310599349100506/IRS990PF,full return read (automated row extraction; not individually checked)
Arthur D Zinberg Family Foundation,45-3250036,2022,990-PF XV 3a paid,1000,Friends of the Israel Defense Forces (13-3156445),,https://projects.propublica.org/nonprofits/organizations/453250036/202400749349100635/IRS990PF,full return read (automated row extraction; not individually checked)
Arthur D Zinberg Family Foundation,45-3250036,2024,990-PF XV 3a paid,1000,Friends of the Israel Defense Forces (13-3156445),,https://projects.propublica.org/nonprofits/organizations/453250036/202630729349101068/IRS990PF,full return read (automated row extraction; not individually checked)
Arthur Pashcow Memorial Foundation,11-2837194,2017,990-PF XV 3a paid,1800,Friends of the Israel Defense Forces (13-3156445),"TO PROVIDE COMFORT AND CARE TO SOLDIERS, LONE SOLDIERS, BEREAVED FAMILIES, AND VETERANS",https://projects.propublica.org/nonprofits/organizations/112837194/201811379349100806/IRS990PF,full return read (automated row extraction; not individually checked)
Arthur S & Marilyn Penn Charitable Trust,13-3386164,2018,990-PF XV 3a paid,3000,Friends of the Israel Defense Forces (13-3156445),TO HELP ACTIVITIES OF VAR PUBLIC CHAR INST WHICH ARE EXEMPT UNDER 501 (C)(3),https://projects.propublica.org/nonprofits/organizations/133386164/201913199349105771/IRS990PF,full return read (automated row extraction; not individually checked)
Arthur S & Marilyn Penn Charitable Trust,13-3386164,2019,990-PF XV 3a paid,500,Friends of the Israel Defense Forces (13-3156445),TO HELP ACTIVITIES OF VAR PUBLIC CHAR INST WHICH ARE EXEMPT UNDER 501 (C)(3),https://projects.propublica.org/nonprofits/organizations/133386164/202023189349103602/IRS990PF,full return read (automated row extraction; not individually checked)
Arthur S & Marilyn Penn Charitable Trust,13-3386164,2020,990-PF XV 3a paid,1000,Friends of the Israel Defense Forces (13-3156445),TO HELP ACTIVITIES OF VAR PUBLIC CHAR INST WHICH ARE EXEMPT UNDER 501 (C)(3),https://projects.propublica.org/nonprofits/organizations/133386164/202103199349103075/IRS990PF,full return read (automated row extraction; not individually checked)
Arthur S & Marilyn Penn Charitable Trust,13-3386164,2021,990-PF XV 3a paid,1000,Friends of the Israel Defense Forces (13-3156445),TO HELP ACTIVITIES OF VAR PUBLIC CHAR INST WHICH ARE EXEMPT UNDER 501 (C)(3),https://projects.propublica.org/nonprofits/organizations/133386164/202213189349103671/IRS990PF,full return read (automated row extraction; not individually checked)
Arthur S & Marilyn Penn Charitable Trust,13-3386164,2022,990-PF XV 3a paid,1000,Friends of the Israel Defense Forces (13-3156445),TO HELP ACTIVITIES OF VAR PUBLIC CHAR INST WHICH ARE EXEMPT UNDER 501 (C)(3),https://projects.propublica.org/nonprofits/organizations/133386164/202303189349104080/IRS990PF,full return read (automated row extraction; not individually checked)
Arthur S & Marilyn Penn Charitable Trust,13-3386164,2023,990-PF XV 3a paid,1000,Friends of the Israel Defense Forces (13-3156445),TO HELP ACTIVITIES OF VAR PUBLIC CHAR INST WHICH ARE EXEMPT UNDER 501 (C)(3),https://projects.propublica.org/nonprofits/organizations/133386164/202433199349104663/IRS990PF,full return read (automated row extraction; not individually checked)
Arthur S & Marilyn Penn Charitable Trust,13-3386164,2024,990-PF XV 3a paid,500,Friends of the Israel Defense Forces (13-3156445),TO HELP ACTIVITIES OF VAR PUBLIC CHAR INST WHICH ARE EXEMPT UNDER 501 (C)(3),https://projects.propublica.org/nonprofits/organizations/133386164/202511359349104156/IRS990PF,full return read (automated row extraction; not individually checked)
Arthur S & Marilyn Penn Charitable Trust,13-3386164,2025,990-PF XV 3a paid,500,Friends of the Israel Defense Forces (13-3156445),TO HELP ACTIVITIES OF VAR PUBLIC CHAR INST WHICH ARE EXEMPT UNDER 501 (C)(3),https://projects.propublica.org/nonprofits/organizations/133386164/202631469349100923/IRS990PF,full return read (automated row extraction; not individually checked)
Associated Jewish Charities Of Baltimore,52-6024192,2012,990 Schedule I,19660,Friends of the Israel Defense Forces (13-3156445),GENERAL SUPPORT,https://projects.propublica.org/nonprofits/organizations/526024192/201420669349300402/IRS990ScheduleI,full return read (automated row extraction; not individually checked)
Associated Jewish Charities Of Baltimore,52-6024192,2014,990 Schedule I,36500,Friends of the Israel Defense Forces (13-3156445),GENERAL SUPPORT,https://projects.propublica.org/nonprofits/organizations/526024192/201620909349300442/IRS990ScheduleI,full return read (automated row extraction; not individually checked)
Associated Jewish Charities Of Baltimore,52-6024192,2015,990 Schedule I,60438,Friends of the Israel Defense Forces (13-3156445),GENERAL SUPPORT,https://projects.propublica.org/nonprofits/organizations/526024192/201711149349300236/IRS990ScheduleI,full return read (automated row extraction; not individually checked)
Associated Jewish Charities Of Baltimore,52-6024192,2016,990 Schedule I,33950,Friends of the Israel Defense Forces (13-3156445),general support,https://projects.propublica.org/nonprofits/organizations/526024192/201840859349300319/IRS990ScheduleI,full return read (automated row extraction; not individually checked)
Associated Jewish Charities Of Baltimore,52-6024192,2018,990 Schedule I,20900,Friends of the Israel Defense Forces (13-3156445),GENERAL SUPPORT,https://projects.propublica.org/nonprofits/organizations/526024192/202041219349300724/IRS990ScheduleI,full return read (automated row extraction; not individually checked)
Associated Jewish Charities Of Baltimore,52-6024192,2020,990 Schedule I,50560,Friends of the Israel Defense Forces (13-3156445),GENERAL SUPPORT,https://projects.propublica.org/nonprofits/organizations/526024192/202201259349302275/IRS990ScheduleI,full return read (automated row extraction; not individually checked)
Associated Jewish Charities Of Baltimore,52-6024192,2021,990 Schedule I,34200,Friends of the Israel Defense Forces (13-3156445),N/A GENERAL SUPPORT,https://projects.propublica.org/nonprofits/organizations/526024192/202340839349301579/IRS990ScheduleI,full return read (automated row extraction; not individually checked)
Atkinson Family Foundation,33-0564842,2021,990-PF XV 3a paid,4000,Friends of the Israel Defense Forces (13-3156445),GENERAL,https://projects.propublica.org/nonprofits/organizations/330564842/202212719349100131/IRS990PF,full return read (automated row extraction; not individually checked)
Atkinson Family Foundation,33-0564842,2022,990-PF XV 3a paid,4000,Friends of the Israel Defense Forces (13-3156445),GENERAL,https://projects.propublica.org/nonprofits/organizations/330564842/202301329349104455/IRS990PF,full return read (automated row extraction; not individually checked)
Attilio And Beverly Petrocelli Foundation,20-1690418,2020,990-PF XV 3a paid,2500,Friends of the Israel Defense Forces (13-3156445),CHARITABLE,https://projects.propublica.org/nonprofits/organizations/201690418/202122929349101112/IRS990PF,full return read (automated row extraction; not individually checked)
Attilio And Beverly Petrocelli Foundation,20-1690418,2021,990-PF XV 3a paid,5000,Friends of the Israel Defense Forces (13-3156445),CHARITABLE,https://projects.propublica.org/nonprofits/organizations/201690418/202223069349100042/IRS990PF,full return read (automated row extraction; not individually checked)
Attilio And Beverly Petrocelli Foundation,20-1690418,2022,990-PF XV 3a paid,5000,Friends of the Israel Defense Forces (13-3156445),CHARITABLE,https://projects.propublica.org/nonprofits/organizations/201690418/202302299349100705/IRS990PF,full return read (automated row extraction; not individually checked)
Attilio And Beverly Petrocelli Foundation,20-1690418,2023,990-PF XV 3a paid,75000,Friends of the Israel Defense Forces (13-3156445),CHARITABLE,https://projects.propublica.org/nonprofits/organizations/201690418/202423059349101642/IRS990PF,full return read (automated row extraction; not individually checked)
Attilio And Beverly Petrocelli Foundation,20-1690418,2024,990-PF XV 3a paid,2500,Friends of the Israel Defense Forces (13-3156445),CHARITABLE,https://projects.propublica.org/nonprofits/organizations/201690418/202532769349100908/IRS990PF,full return read (automated row extraction; not individually checked)
Aufzien Foundation Inc,22-2838652,2023,990-PF XV 3a paid,720,Friends of the Israel Defense Forces (13-3156445),DONATION,https://projects.propublica.org/nonprofits/organizations/222838652/202423179349100717/IRS990PF,full return read (automated row extraction; not individually checked)
Aufzien Foundation Inc,22-2838652,2024,990-PF XV 3a paid,1080,Friends of the Israel Defense Forces (13-3156445),DONATION,https://projects.propublica.org/nonprofits/organizations/222838652/202543189349101819/IRS990PF,full return read (automated row extraction; not individually checked)
Avery Goldberg Family Foundation Inc,88-4237315,2024,990-PF XV 3a paid,35321,Friends of the Israel Defense Forces (13-3156445),GENERAL PURPOSE,https://projects.propublica.org/nonprofits/organizations/884237315/202542739349100014/IRS990PF,full return read (automated row extraction; not individually checked)
Ayco Charitable Foundation,14-1782466,2021,990 Schedule I,50750,Friends of the Israel Defense Forces (13-3156445),COMMUNITY & HUMAN SERVICES,https://projects.propublica.org/nonprofits/organizations/141782466/202233009349301218/IRS990ScheduleI,full return read (automated row extraction; not individually checked)
Ayco Charitable Foundation,14-1782466,2022,990 Schedule I,32550,Friends of the Israel Defense Forces (13-3156445),COMMUNITY & HUMAN SERVICES,https://projects.propublica.org/nonprofits/organizations/141782466/202302859349302265/IRS990ScheduleI,full return read (automated row extraction; not individually checked)
Baer Family Foundation Inc,20-3991889,2023,990-PF XV 3a paid,2000,Friends of the Israel Defense Forces (13-3156445),UNRESTRICTED GIFT,https://projects.propublica.org/nonprofits/organizations/203991889/202430859349100128/IRS990PF,full return read (automated row extraction; not individually checked)
Baird Foundation Inc,39-6107937,2015,990-PF XV 3a paid,1325,Friends of the Israel Defense Forces (13-3156445),GENERAL CHARITABLE,https://projects.propublica.org/nonprofits/organizations/396107937/201601259349100040/IRS990PF,full return read (automated row extraction; not individually checked)
Baird Foundation Inc,39-6107937,2021,990-PF XV 3a paid,61,Friends of the Israel Defense Forces (13-3156445),ARTS,https://projects.propublica.org/nonprofits/organizations/396107937/202221339349100927/IRS990PF,full return read (automated row extraction; not individually checked)
Baker Hughes Foundation,76-0441292,2021,990-PF XV 3a paid,500,Friends of the Israel Defense Forces (13-3156445),GENERAL SUPPORT,https://projects.propublica.org/nonprofits/organizations/760441292/202223199349109577/IRS990PF,full return read (automated row extraction; not individually checked)
Bank Of America Charitable Foundation Inc,20-0721133,2014,990-PF XV 3a paid,50,Friends of the Israel Defense Forces (13-3156445),170(B)(1) (A)(VI) PROGRAM/OPERATING SUPPORT,https://projects.propublica.org/nonprofits/organizations/200721133/201521319349102417/IRS990PF,full return read (automated row extraction; not individually checked)
Bank Of America Charitable Foundation Inc,20-0721133,2014,990-PF XV 3a paid,1000,Friends of the Israel Defense Forces (13-3156445),170(B)(1) (A)(VI) PROGRAM/OPERATING SUPPORT,https://projects.propublica.org/nonprofits/organizations/200721133/201521319349102417/IRS990PF,full return read (automated row extraction; not individually checked)
Bank Of America Charitable Foundation Inc,20-0721133,2014,990-PF XV 3a paid,50,Friends of the Israel Defense Forces (13-3156445),170(B)(1) (A)(VI) PROGRAM/OPERATING SUPPORT,https://projects.propublica.org/nonprofits/organizations/200721133/201521319349102417/IRS990PF,full return read (automated row extraction; not individually checked)
Bank Of America Charitable Foundation Inc,20-0721133,2014,990-PF XV 3a paid,27,Friends of the Israel Defense Forces (13-3156445),170(B)(1) (A)(VI) PROGRAM/OPERATING SUPPORT,https://projects.propublica.org/nonprofits/organizations/200721133/201521319349102417/IRS990PF,full return read (automated row extraction; not individually checked)
Bank Of America Charitable Foundation Inc,20-0721133,2014,990-PF XV 3a paid,5000,Friends of the Israel Defense Forces (13-3156445),170(B)(1) (A)(VI) PROGRAM/OPERATING SUPPORT,https://projects.propublica.org/nonprofits/organizations/200721133/201521319349102417/IRS990PF,full return read (automated row extraction; not individually checked)
Bank Of America Charitable Foundation Inc,20-0721133,2014,990-PF XV 3a paid,216,Friends of the Israel Defense Forces (13-3156445),170(B)(1) (A)(VI) PROGRAM/OPERATING SUPPORT,https://projects.propublica.org/nonprofits/organizations/200721133/201521319349102417/IRS990PF,full return read (automated row extraction; not individually checked)
Bank Of America Charitable Foundation Inc,20-0721133,2014,990-PF XV 3a paid,222,Friends of the Israel Defense Forces (13-3156445),170(B)(1) (A)(VI) PROGRAM/OPERATING SUPPORT,https://projects.propublica.org/nonprofits/organizations/200721133/201521319349102417/IRS990PF,full return read (automated row extraction; not individually checked)
Bank Of America Charitable Foundation Inc,20-0721133,2014,990-PF XV 3a paid,1750,Friends of the Israel Defense Forces (13-3156445),170(B)(1) (A)(VI) PROGRAM/OPERATING SUPPORT,https://projects.propublica.org/nonprofits/organizations/200721133/201521319349102417/IRS990PF,full return read (automated row extraction; not individually checked)
Bank Of America Charitable Foundation Inc,20-0721133,2014,990-PF XV 3a paid,2080,Friends of the Israel Defense Forces (13-3156445),170(B)(1) (A)(VI) PROGRAM/OPERATING SUPPORT,https://projects.propublica.org/nonprofits/organizations/200721133/201521319349102417/IRS990PF,full return read (automated row extraction; not individually checked)
Bank Of America Charitable Foundation Inc,20-0721133,2015,990-PF XV 3a paid,1750,Friends of the Israel Defense Forces (13-3156445),170(B)(1) (A)(VI) PROGRAM/OPERATING SUPPORT,https://projects.propublica.org/nonprofits/organizations/200721133/201621349349102037/IRS990PF,full return read (automated row extraction; not individually checked)
Bank Of America Charitable Foundation Inc,20-0721133,2015,990-PF XV 3a paid,146,Friends of the Israel Defense Forces (13-3156445),170(B)(1) (A)(VI) PROGRAM/OPERATING SUPPORT,https://projects.propublica.org/nonprofits/organizations/200721133/201621349349102037/IRS990PF,full return read (automated row extraction; not individually checked)
Bank Of America Charitable Foundation Inc,20-0721133,2015,990-PF XV 3a paid,180,Friends of the Israel Defense Forces (13-3156445),170(B)(1) (A)(VI) PROGRAM/OPERATING SUPPORT,https://projects.propublica.org/nonprofits/organizations/200721133/201621349349102037/IRS990PF,full return read (automated row extraction; not individually checked)
Bank Of America Charitable Foundation Inc,20-0721133,2015,990-PF XV 3a paid,200,Friends of the Israel Defense Forces (13-3156445),170(B)(1) (A)(VI) PROGRAM/OPERATING SUPPORT,https://projects.propublica.org/nonprofits/organizations/200721133/201621349349102037/IRS990PF,full return read (automated row extraction; not individually checked)
Bank Of America Charitable Foundation Inc,20-0721133,2015,990-PF XV 3a paid,250,Friends of the Israel Defense Forces (13-3156445),170(B)(1) (A)(VI) PROGRAM/OPERATING SUPPORT,https://projects.propublica.org/nonprofits/organizations/200721133/201621349349102037/IRS990PF,full return read (automated row extraction; not individually checked)
Bank Of America Charitable Foundation Inc,20-0721133,2015,990-PF XV 3a paid,1000,Friends of the Israel Defense Forces (13-3156445),170(B)(1) (A)(VI) PROGRAM/OPERATING SUPPORT,https://projects.propublica.org/nonprofits/organizations/200721133/201621349349102037/IRS990PF,full return read (automated row extraction; not individually checked)
Bank Of America Charitable Foundation Inc,20-0721133,2015,990-PF XV 3a paid,5000,Friends of the Israel Defense Forces (13-3156445),170(B)(1) (A)(VI) PROGRAM/OPERATING SUPPORT,https://projects.propublica.org/nonprofits/organizations/200721133/201621349349102037/IRS990PF,full return read (automated row extraction; not individually checked)
Bank Of America Charitable Foundation Inc,20-0721133,2015,990-PF XV 3a paid,2000,Friends of the Israel Defense Forces (13-3156445),170(B)(1) (A)(VI) PROGRAM/OPERATING SUPPORT,https://projects.propublica.org/nonprofits/organizations/200721133/201621349349102037/IRS990PF,full return read (automated row extraction; not individually checked)
Bank Of America Charitable Foundation Inc,20-0721133,2015,990-PF XV 3a paid,100,Friends of the Israel Defense Forces (13-3156445),170(B)(1) (A)(VI) PROGRAM/OPERATING SUPPORT,https://projects.propublica.org/nonprofits/organizations/200721133/201621349349102037/IRS990PF,full return read (automated row extraction; not individually checked)
Bank Of America Charitable Foundation Inc,20-0721133,2015,990-PF XV 3a paid,25,Friends of the Israel Defense Forces (13-3156445),170(B)(1) (A)(VI) PROGRAM/OPERATING SUPPORT,https://projects.propublica.org/nonprofits/organizations/200721133/201621349349102037/IRS990PF,full return read (automated row extraction; not individually checked)
Bank Of America Charitable Foundation Inc,20-0721133,2015,990-PF XV 3a paid,500,Friends of the Israel Defense Forces (13-3156445),170(B)(1) (A)(VI) PROGRAM/OPERATING SUPPORT,https://projects.propublica.org/nonprofits/organizations/200721133/201621349349102037/IRS990PF,full return read (automated row extraction; not individually checked)
Bar-levav Family Foundation,38-3257742,2023,990-PF XV 3a paid,500,Friends of the Israel Defense Forces (13-3156445),SUPPORT ISRAELI SOLDIERS,https://projects.propublica.org/nonprofits/organizations/383257742/202412009349100306/IRS990PF,full return read (automated row extraction; not individually checked)
Bar-levav Family Foundation,38-3257742,2025,990-PF XV 3a paid,250,Friends of the Israel Defense Forces (13-3156445),"SUPPORTS WELLBEING, EDUCATION, FINANCIAL AID, AND CARE FOR IDF SOLDIERS",https://projects.propublica.org/nonprofits/organizations/383257742/202611149349101416/IRS990PF,full return read (automated row extraction; not individually checked)
Bar-nir Bergreen Foundation,23-3024104,2017,990-PF XV 3a paid,6000,Friends of the Israel Defense Forces (13-3156445),FUND CHARITABLE ACTIVITY,https://projects.propublica.org/nonprofits/organizations/233024104/201813189349101626/IRS990PF,full return read (automated row extraction; not individually checked)
Bar-yadin Family Foundation,45-3956521,2013,990-PF XV 3a paid,25000,Friends of the Israel Defense Forces (13-3156445),PROGRAM SUPPORT,https://projects.propublica.org/nonprofits/organizations/453956521/201423179349101077/IRS990PF,full return read (automated row extraction; not individually checked)
Bar-yadin Family Foundation,45-3956521,2016,990-PF XV 3a paid,10000,Friends of the Israel Defense Forces (13-3156445),PROGRAM SUPPORT,https://projects.propublica.org/nonprofits/organizations/453956521/201810099349100701/IRS990PF,full return read (automated row extraction; not individually checked)
Bar-yadin Family Foundation,45-3956521,2017,990-PF XV 3a paid,53600,Friends of the Israel Defense Forces (13-3156445),PROGRAM SUPPORT,https://projects.propublica.org/nonprofits/organizations/453956521/201823199349104872/IRS990PF,full return read (automated row extraction; not individually checked)
Bar-yadin Family Foundation,45-3956521,2018,990-PF XV 3a paid,4000,Friends of the Israel Defense Forces (13-3156445),PROGRAM SUPPORT,https://projects.propublica.org/nonprofits/organizations/453956521/201923199349102582/IRS990PF,full return read (automated row extraction; not individually checked)
Bar-yadin Family Foundation,45-3956521,2019,990-PF XV 3a paid,3600,Friends of the Israel Defense Forces (13-3156445),PROGRAM SUPPORT,https://projects.propublica.org/nonprofits/organizations/453956521/202033119349100048/IRS990PF,full return read (automated row extraction; not individually checked)
Barbara Bluhm-kaul Foundation,36-7435405,2014,990-PF XV 3a paid,250,Friends of the Israel Defense Forces (13-3156445),"TO SUPPORT THE EDUCATIONAL, SOCIAL, CULTURAL AND RECREATIONAL PROGRAMS AND FACILITIES FOR YOUNG MEN AND WOMEN SOLDIERS OF ISRAEL.",https://projects.propublica.org/nonprofits/organizations/367435405/201503019349100605/IRS990PF,full return read (automated row extraction; not individually checked)
Barbara Brodsky Foundation,45-5380788,2015,990-PF XV 3a paid,1800,Friends of the Israel Defense Forces (13-3156445),TO FURTHER PUBLIC SERVICE,https://projects.propublica.org/nonprofits/organizations/455380788/201601319349101960/IRS990PF,full return read (automated row extraction; not individually checked)
Barbara Brodsky Foundation,45-5380788,2016,990-PF XV 3a paid,150000,Friends of the Israel Defense Forces (13-3156445),TO FURTHER PUBLIC SERVICE,https://projects.propublica.org/nonprofits/organizations/455380788/201711329349102111/IRS990PF,full return read (automated row extraction; not individually checked)
Barbara Brodsky Foundation,45-5380788,2017,990-PF XV 3a paid,150000,Friends of the Israel Defense Forces (13-3156445),TO FURTHER PUBLIC SERVICE,https://projects.propublica.org/nonprofits/organizations/455380788/201821019349100207/IRS990PF,full return read (automated row extraction; not individually checked)
Barbara Brodsky Foundation,45-5380788,2018,990-PF XV 3a paid,200000,Friends of the Israel Defense Forces (13-3156445),TO FURTHER PUBLIC SERVICE,https://projects.propublica.org/nonprofits/organizations/455380788/201931349349103178/IRS990PF,full return read (automated row extraction; not individually checked)
Barbara Brodsky Foundation,45-5380788,2019,990-PF XV 3a paid,160000,Friends of the Israel Defense Forces (13-3156445),TO FURTHER PUBLIC SERVICE,https://projects.propublica.org/nonprofits/organizations/455380788/202040599349100804/IRS990PF,full return read (automated row extraction; not individually checked)
Barbara Brodsky Foundation,45-5380788,2020,990-PF XV 3a paid,160000,Friends of the Israel Defense Forces (13-3156445),TO FURTHER PUBLIC SERVICE,https://projects.propublica.org/nonprofits/organizations/455380788/202111279349102311/IRS990PF,full return read (automated row extraction; not individually checked)
Barbara Brodsky Foundation,45-5380788,2021,990-PF XV 3a paid,240000,Friends of the Israel Defense Forces (13-3156445),TO FURTHER PUBLIC SERVICE,https://projects.propublica.org/nonprofits/organizations/455380788/202200889349100125/IRS990PF,full return read (automated row extraction; not individually checked)
Barbara Brodsky Foundation,45-5380788,2022,990-PF XV 3a paid,100000,Friends of the Israel Defense Forces (13-3156445),TO FURTHER PUBLIC SERVICE,https://projects.propublica.org/nonprofits/organizations/455380788/202300949349101300/IRS990PF,full return read (automated row extraction; not individually checked)
Barbara Brodsky Foundation,45-5380788,2023,990-PF XV 3a paid,100000,Friends of the Israel Defense Forces (13-3156445),TO FURTHER PUBLIC SERVICE,https://projects.propublica.org/nonprofits/organizations/455380788/202421219349101497/IRS990PF,full return read (automated row extraction; not individually checked)
Barbara Brodsky Foundation,45-5380788,2024,990-PF XV 3a paid,100000,Friends of the Israel Defense Forces (13-3156445),TO FURTHER PUBLIC SERVICE,https://projects.propublica.org/nonprofits/organizations/455380788/202511269349104801/IRS990PF,full return read (automated row extraction; not individually checked)
Barrack Foundation,23-2084461,2018,990-PF XV 3a paid,1800,Friends of the Israel Defense Forces (13-3156445),UNRESTRICTED,https://projects.propublica.org/nonprofits/organizations/232084461/202042879349100009/IRS990PF,full return read (automated row extraction; not individually checked)
Barry L & Jan R Zubrow Foundation,13-3532026,2023,990-PF XV 3a paid,1030,Friends of the Israel Defense Forces (13-3156445),GENERAL SUPPORT,https://projects.propublica.org/nonprofits/organizations/133532026/202541349349104224/IRS990PF,full return read (automated row extraction; not individually checked)
Barton And Shirley Weisman Foundation Inc,58-2684069,2023,990-PF XV 3a paid,3600,Friends of the Israel Defense Forces (13-3156445),"TO TRANSFORM THE LIVES OF THE YOUNG MEN AND WOMEN OF IDF THROUGH EMPOWERING EDUCATIONAL, FINANCIAL, WELL-BEING, AND CULTURAL INTIATIVES",https://projects.propublica.org/nonprofits/organizations/582684069/202403199349102870/IRS990PF,full return read (automated row extraction; not individually checked)
Beckman Family Foundation,13-7034350,2022,990-PF XV 3a paid,5000,Friends of the Israel Defense Forces (13-3156445),GENERAL OPERATING PURPOSES,https://projects.propublica.org/nonprofits/organizations/137034350/202430649349101003/IRS990PF,full return read (automated row extraction; not individually checked)
Beckman Family Foundation,13-7034350,2023,990-PF XV 3a paid,38000,Friends of the Israel Defense Forces (13-3156445),GENERAL OPERATING PURPOSES,https://projects.propublica.org/nonprofits/organizations/137034350/202540499349100514/IRS990PF,full return read (automated row extraction; not individually checked)
Belford Family Charitable Fund Inc,26-2390465,2023,990-PF XV 3a paid,11000,Friends of the Israel Defense Forces (13-3156445),SERVICES,https://projects.propublica.org/nonprofits/organizations/262390465/202423179349103302/IRS990PF,full return read (automated row extraction; not individually checked)
Belz Foundation,62-6046715,2021,990-PF XV 3a paid,1400,Friends of the Israel Defense Forces (13-3156445),HEALTH/WELFARE,https://projects.propublica.org/nonprofits/organizations/626046715/202223159349100402/IRS990PF,full return read (automated row extraction; not individually checked)
Belz Foundation,62-6046715,2022,990-PF XV 3a paid,1500,Friends of the Israel Defense Forces (13-3156445),HEALTH/WELFARE,https://projects.propublica.org/nonprofits/organizations/626046715/202301359349104960/IRS990PF,full return read (automated row extraction; not individually checked)
Belz Foundation,62-6046715,2024,990-PF XV 3a paid,1550,Friends of the Israel Defense Forces (13-3156445),HEALTH/WELFARE,https://projects.propublica.org/nonprofits/organizations/626046715/202531359349102813/IRS990PF,full return read (automated row extraction; not individually checked)
Ben And Esther Rosenbloom Foundation Inc,52-1258672,2019,990-PF XV 3a paid,8000,Friends of the Israel Defense Forces (13-3156445),UNRESTRICTED,https://projects.propublica.org/nonprofits/organizations/521258672/202043179349102069/IRS990PF,full return read (automated row extraction; not individually checked)
Ben And Esther Rosenbloom Foundation Inc,52-1258672,2020,990-PF XV 3a paid,7600,Friends of the Israel Defense Forces (13-3156445),TO FURTHER THE EXEMPT PURPOSE OF THE ORGANIZATION,https://projects.propublica.org/nonprofits/organizations/521258672/202123199349101302/IRS990PF,full return read (automated row extraction; not individually checked)
Ben And Esther Rosenbloom Foundation Inc,52-1258672,2020,990-PF XV 3a paid,10000,Friends of the Israel Defense Forces (13-3156445),TO FURTHER THE EXEMPT PURPOSE OF THE ORGANIZATION,https://projects.propublica.org/nonprofits/organizations/521258672/202123199349101302/IRS990PF,full return read (automated row extraction; not individually checked)
Ben And Esther Rosenbloom Foundation Inc,52-1258672,2021,990-PF XV 3a paid,4000,Friends of the Israel Defense Forces (13-3156445),UNRESTRICTED,https://projects.propublica.org/nonprofits/organizations/521258672/202342699349100714/IRS990PF,full return read (automated row extraction; not individually checked)
Ben And Esther Rosenbloom Foundation Inc,52-1258672,2022,990-PF XV 3a paid,16000,Friends of the Israel Defense Forces (13-3156445),UNRESTRICTED,https://projects.propublica.org/nonprofits/organizations/521258672/202342709349100714/IRS990PF,full return read (automated row extraction; not individually checked)
Ben And Esther Rosenbloom Foundation Inc,52-1258672,2023,990-PF XV 3a paid,12000,Friends of the Israel Defense Forces (13-3156445),UNRESTRICTED,https://projects.propublica.org/nonprofits/organizations/521258672/202403189349103250/IRS990PF,full return read (automated row extraction; not individually checked)
Ben And Esther Rosenbloom Foundation Inc,52-1258672,2024,990-PF XV 3a paid,22000,Friends of the Israel Defense Forces (13-3156445),UNRESTRICTED,https://projects.propublica.org/nonprofits/organizations/521258672/202543189349104729/IRS990PF,full return read (automated row extraction; not individually checked)
Ben Silverman Foundation Inc,26-2454784,2014,990-PF XV 3a paid,90250,Friends of the Israel Defense Forces (13-3156445),CONTRIBUTION,https://projects.propublica.org/nonprofits/organizations/262454784/201511339349102986/IRS990PF,full return read (automated row extraction; not individually checked)
Ben Silverman Foundation Inc,26-2454784,2015,990-PF XV 3a paid,29470,Friends of the Israel Defense Forces (13-3156445),CONTRIBUTION,https://projects.propublica.org/nonprofits/organizations/262454784/201641309349101594/IRS990PF,full return read (automated row extraction; not individually checked)
Ben Silverman Foundation Inc,26-2454784,2016,990-PF XV 3a paid,23680,Friends of the Israel Defense Forces (13-3156445),TO PROVIDE FOR EDUCATION AND WELLBEING OF THE MEN & WOMEN WHO SERVE IN THE ISRAEL DEFENSE FORCES,https://projects.propublica.org/nonprofits/organizations/262454784/201732009349100308/IRS990PF,full return read (automated row extraction; not individually checked)
Ben Silverman Foundation Inc,26-2454784,2016,990-PF XV 3a paid,12500,Friends of the Israel Defense Forces (13-3156445),TO PROVIDE FOR EDUCATION AND WELLBEING OF THE MEN & WOMEN WHO SERVE IN THE ISRAEL DEFENSE FORCES,https://projects.propublica.org/nonprofits/organizations/262454784/201732009349100308/IRS990PF,full return read (automated row extraction; not individually checked)
Ben Silverman Foundation Inc,26-2454784,2018,990-PF XV 3a paid,13000,Friends of the Israel Defense Forces (13-3156445),TO PROVIDE EDUCATION AND WELL-BEING FOR THE MEN AND WOMEN WHO SERVED IN THE ISRAEL DEFENSE FORCES,https://projects.propublica.org/nonprofits/organizations/262454784/201921829349100227/IRS990PF,full return read (automated row extraction; not individually checked)
Ben Silverman Foundation Inc,26-2454784,2019,990-PF XV 3a paid,22025,Friends of the Israel Defense Forces (13-3156445),TO PROVIDE EDUCATION AND WELL-BEING FOR THE MEN AND WOMEN WHO SERVED IN THE ISRAEL DEFENSE FORCES,https://projects.propublica.org/nonprofits/organizations/262454784/202032269349100423/IRS990PF,full return read (automated row extraction; not individually checked)
Ben Silverman Foundation Inc,26-2454784,2020,990-PF XV 3a paid,11000,Friends of the Israel Defense Forces (13-3156445),TO PROVIDE EDUCATION AND WELL-BEING FOR THE MEN AND WOMEN WHO SERVED IN THE ISRAEL DEFENSE FORCES,https://projects.propublica.org/nonprofits/organizations/262454784/202122709349100667/IRS990PF,full return read (automated row extraction; not individually checked)
Benjamin & Lorelei Hammerman Foundation Ltd,13-3593279,2024,990-PF XV 3a paid,500,Friends of the Israel Defense Forces (13-3156445),CONTRIBUTIONS,https://projects.propublica.org/nonprofits/organizations/133593279/202521409349100607/IRS990PF,full return read (automated row extraction; not individually checked)
Benjamin M Aminoff Foundation,47-4243002,2024,990-PF XV 3a paid,25000,Friends of the Israel Defense Forces (13-3156445),Furtherexempt objectives of Foundation,https://projects.propublica.org/nonprofits/organizations/474243002/202541199349101309/IRS990PF,full return read (automated row extraction; not individually checked)
Bennett Family Foundation,90-0920378,2021,990-PF XV 3a paid,238,Friends of the Israel Defense Forces (13-3156445),CHARITABLE,https://projects.propublica.org/nonprofits/organizations/900920378/202223189349104542/IRS990PF,full return read (automated row extraction; not individually checked)
Berlin Family Foundation Inc,65-0230453,2022,990-PF XV 3a paid,20000,Friends of the Israel Defense Forces (13-3156445),EMERGENCY AID TO ISRAEL,https://projects.propublica.org/nonprofits/organizations/650230453/202400739349101120/IRS990PF,full return read (automated row extraction; not individually checked)
Bernard & Sylvia Witt Foundation Inc,58-2307590,2017,990-PF XV 3a paid,1000,Friends of the Israel Defense Forces (13-3156445),Operational Support,https://projects.propublica.org/nonprofits/organizations/582307590/201831319349101613/IRS990PF,full return read (automated row extraction; not individually checked)
Bernard & Sylvia Witt Foundation Inc,58-2307590,2021,990-PF XV 3a paid,1000,Friends of the Israel Defense Forces (13-3156445),Operational Support,https://projects.propublica.org/nonprofits/organizations/582307590/202233059349100503/IRS990PF,full return read (automated row extraction; not individually checked)
Berro Family Foundation Inc,47-3294956,2020,990-PF XV 3a paid,5000,Friends of the Israel Defense Forces (13-3156445),509(A)(1) PUBLIC CHA OPERATIONAL,https://projects.propublica.org/nonprofits/organizations/473294956/202132389349100218/IRS990PF,full return read (automated row extraction; not individually checked)
Berro Family Foundation Inc,47-3294956,2021,990-PF XV 3a paid,5000,Friends of the Israel Defense Forces (13-3156445),509(A)(1) PUBLIC CHA OPERATIONAL,https://projects.propublica.org/nonprofits/organizations/473294956/202241369349105124/IRS990PF,full return read (automated row extraction; not individually checked)
Berro Family Foundation Inc,47-3294956,2023,990-PF XV 3a paid,35000,Friends of the Israel Defense Forces (13-3156445),509(A)(1) PUBLIC CHA OPERATIONAL,https://projects.propublica.org/nonprofits/organizations/473294956/202431359349103803/IRS990PF,full return read (automated row extraction; not individually checked)
Best Of Chai Corp,82-3402562,2023,990-PF XV 3a paid,20000,Friends of the Israel Defense Forces (13-3156445),UNRESTRICTED,https://projects.propublica.org/nonprofits/organizations/823402562/202402539349100210/IRS990PF,full return read (automated row extraction; not individually checked)
Best Of Chai Corp,82-3402562,2024,990-PF XV 3a paid,,Friends of the Israel Defense Forces (13-3156445),UNRESTRICTED,https://projects.propublica.org/nonprofits/organizations/823402562/202502419349100515/IRS990PF,full return read (automated row extraction; not individually checked)
Bet Shira Endowment Foundation Inc,65-0526420,2023,990-PF XV 3a paid,116500,Friends of the Israel Defense Forces (13-3156445),GENERAL OPERATIONS,https://projects.propublica.org/nonprofits/organizations/650526420/202402839349100405/IRS990PF,full return read (automated row extraction; not individually checked)
Bet Yosef Foundation,46-3640582,2020,990-PF XV 3a paid,10000,Friends of the Israel Defense Forces (13-3156445),CHARITABLE/EDUCATION,https://projects.propublica.org/nonprofits/organizations/463640582/202133199349103918/IRS990PF,full return read (automated row extraction; not individually checked)
Bet Yosef Foundation,46-3640582,2021,990-PF XV 3a paid,10000,Friends of the Israel Defense Forces (13-3156445),CHARITABLE/EDUCATION,https://projects.propublica.org/nonprofits/organizations/463640582/202300419349100515/IRS990PF,full return read (automated row extraction; not individually checked)
Bet Yosef Foundation,46-3640582,2022,990-PF XV 3a paid,10000,Friends of the Israel Defense Forces (13-3156445),CHARITABLE/EDUCATION,https://projects.propublica.org/nonprofits/organizations/463640582/202343199349103399/IRS990PF,full return read (automated row extraction; not individually checked)
Bet Yosef Foundation,46-3640582,2023,990-PF XV 3a paid,371,Friends of the Israel Defense Forces (13-3156445),CHARITABLE/EDUCATION,https://projects.propublica.org/nonprofits/organizations/463640582/202511609349100566/IRS990PF,full return read (automated row extraction; not individually checked)
Beverly Foundation,41-1958161,2023,990-PF XV 3a paid,10000,Friends of the Israel Defense Forces (13-3156445),EMERGENCY RESPONSE,https://projects.propublica.org/nonprofits/organizations/411958161/202433199349103568/IRS990PF,full return read (automated row extraction; not individually checked)
Bill And Jean Rosenbluth Fam Foundation 06192011,32-6176792,2021,990-PF XV 3a paid,100,Friends of the Israel Defense Forces (13-3156445),PUBLICCHARITY SUPPORT EDUCATIONOF THE IDF,https://projects.propublica.org/nonprofits/organizations/326176792/202211249349101901/IRS990PF,full return read (automated row extraction; not individually checked)
Bill And Jean Rosenbluth Fam Foundation 06192011,32-6176792,2023,990-PF XV 3a paid,302,Friends of the Israel Defense Forces (13-3156445),PUBLICCHARITY SUPPORT EDUCATIONOF THE IDF,https://projects.propublica.org/nonprofits/organizations/326176792/202401289349101820/IRS990PF,full return read (automated row extraction; not individually checked)
Bill And Jean Rosenbluth Fam Foundation 06192011,32-6176792,2024,990-PF XV 3a paid,118,Friends of the Israel Defense Forces (13-3156445),PUBLICCHARITY SUPPORT EDUCATIONOF THE IDF,https://projects.propublica.org/nonprofits/organizations/326176792/202501329349101770/IRS990PF,full return read (automated row extraction; not individually checked)
Bimah Foundation,45-3526909,2014,990-PF XV 3a paid,18000,Friends of the Israel Defense Forces (13-3156445),Emergency Fund-raising for IDF Soldiers,https://projects.propublica.org/nonprofits/organizations/453526909/201511119349100606/IRS990PF,full return read (automated row extraction; not individually checked)
Bimah Foundation,45-3526909,2014,990-PF XV 3a paid,12000,Friends of the Israel Defense Forces (13-3156445),IMPACT Program,https://projects.propublica.org/nonprofits/organizations/453526909/201511119349100606/IRS990PF,full return read (automated row extraction; not individually checked)
Bimah Foundation,45-3526909,2019,990-PF XV 3a paid,25000,Friends of the Israel Defense Forces (13-3156445),RESTRICTED,https://projects.propublica.org/nonprofits/organizations/453526909/202003219349103790/IRS990PF,full return read (automated row extraction; not individually checked)
Bimah Foundation,45-3526909,2024,990-PF XV 3a paid,35000,Friends of the Israel Defense Forces (13-3156445),RESTRICTED,https://projects.propublica.org/nonprofits/organizations/453526909/202543209349100664/IRS990PF,full return read (automated row extraction; not individually checked)
Binder Foundation,95-4635806,2014,990-PF XV 3a paid,500,Friends of the Israel Defense Forces (13-3156445),CHARITABLE OR DONATION,https://projects.propublica.org/nonprofits/organizations/954635806/201531359349101413/IRS990PF,full return read (automated row extraction; not individually checked)
Bindler Family Foundation,20-3980969,2013,990-PF XV 3a paid,4000,Friends of the Israel Defense Forces (13-3156445),Impact Scholarship Fund,https://projects.propublica.org/nonprofits/organizations/203980969/201431959349100508/IRS990PF,full return read (automated row extraction; not individually checked)
Bindler Family Foundation,20-3980969,2014,990-PF XV 3a paid,2500,Friends of the Israel Defense Forces (13-3156445),emergency campaign,https://projects.propublica.org/nonprofits/organizations/203980969/201501319349102150/IRS990PF,full return read (automated row extraction; not individually checked)
Bindler Family Foundation,20-3980969,2018,990-PF XV 3a paid,1000,Friends of the Israel Defense Forces (13-3156445),Charitable Event,https://projects.propublica.org/nonprofits/organizations/203980969/201921359349101562/IRS990PF,full return read (automated row extraction; not individually checked)
Bindler Family Foundation,20-3980969,2023,990-PF XV 3a paid,2500,Friends of the Israel Defense Forces (13-3156445),General & Unrestricted,https://projects.propublica.org/nonprofits/organizations/203980969/202432289349101153/IRS990PF,full return read (automated row extraction; not individually checked)
Binik-lewinger Supporting Foundation,16-1331066,2012,990 Schedule I,85000,Friends of the Israel Defense Forces (13-3156445),GENERAL CAMPAIGN AND SUPPORT SOLIDARITY DINNER.,https://projects.propublica.org/nonprofits/organizations/161331066/201431359349303443/IRS990ScheduleI,full return read (automated row extraction; not individually checked)
Binik-lewinger Supporting Foundation,16-1331066,2014,990 Schedule I,78000,Friends of the Israel Defense Forces (13-3156445),SUPPORT SOLIDARITY DINNER,https://projects.propublica.org/nonprofits/organizations/161331066/201601349349305050/IRS990ScheduleI,full return read (automated row extraction; not individually checked)
Binik-lewinger Supporting Foundation,16-1331066,2023,990 Schedule I,80000,Friends of the Israel Defense Forces (13-3156445),ISRAEL RELIEF EFFORTS,https://projects.propublica.org/nonprofits/organizations/161331066/202520699349300107/IRS990ScheduleI,full return read (automated row extraction; not individually checked)
Bk Family Foundation Inc,13-6168525,2017,990-PF XV 3a paid,100,Friends of the Israel Defense Forces (13-3156445),TO AID THE DONEE ORGANIZATION IN CARRYING OUT THEIR EXEMPT FUNCTION.,https://projects.propublica.org/nonprofits/organizations/136168525/201833449349100558/IRS990PF,full return read (row individually checked)
Bk Family Foundation Inc,13-6168525,2023,990-PF XV 3a paid,10000,Friends of the Israel Defense Forces (13-3156445),TO AID THE DONEE ORGANIZATION IN CARRYING OUT THEIR EXEMPT FUNCTION.,https://projects.propublica.org/nonprofits/organizations/136168525/202443119349100944/IRS990PF,full return read (row individually checked)
Blanche And Irwin Lerner Charitable Foundation,46-4618710,2016,990-PF XV 3a paid,5000,Friends of the Israel Defense Forces (13-3156445),STRIVE TO DEVELOP AND INCORPORATE NEW PROGRAMS THAT HELP AND IMPROVE THE WELLBEING OF IDF SOLDIERS,https://projects.propublica.org/nonprofits/organizations/464618710/201722999349100407/IRS990PF,full return read (automated row extraction; not individually checked)
Blanche And Irwin Lerner Charitable Foundation,46-4618710,2022,990-PF XV 3a paid,10000,Friends of the Israel Defense Forces (13-3156445),TO CHAMPION THE COURAGEOUS MEN AND WOMEN OF THE IDF AND CARE FOR THEIR NEEDS THROUGH TRANSFORMATIONAL OPPORTUNITIES AND SUPPORT AS THEY PROT,https://projects.propublica.org/nonprofits/organizations/464618710/202343179349102184/IRS990PF,full return read (automated row extraction; not individually checked)
Blanche And Irwin Lerner Charitable Foundation,46-4618710,2023,990-PF XV 3a paid,10000,Friends of the Israel Defense Forces (13-3156445),TO CHAMPION THE COURAGEOUS MEN AND WOMEN OF THE IDF AND CARE FOR THEIR NEEDS THROUGH TRANSFORMATIONAL OPPORTUNITIES AND SUPPORT AS THEY PROT,https://projects.propublica.org/nonprofits/organizations/464618710/202433209349102438/IRS990PF,full return read (automated row extraction; not individually checked)
Blatt Family Foundation,47-2369280,2024,990-PF XV 3a paid,10000,Friends of the Israel Defense Forces (13-3156445),General & Unrestricted,https://projects.propublica.org/nonprofits/organizations/472369280/202512549349100016/IRS990PF,full return read (automated row extraction; not individually checked)
Blatte Family Foundation,11-3435540,2016,990-PF XV 3a paid,2180,Friends of the Israel Defense Forces (13-3156445),GENERAL CONTRIBUTION,https://projects.propublica.org/nonprofits/organizations/113435540/201730749349100003/IRS990PF,full return read (automated row extraction; not individually checked)
Blatte Family Foundation,11-3435540,2017,990-PF XV 3a paid,1640,Friends of the Israel Defense Forces (13-3156445),GENERAL CONTRIBUTION,https://projects.propublica.org/nonprofits/organizations/113435540/201811349349102586/IRS990PF,full return read (automated row extraction; not individually checked)
Blatte Family Foundation,11-3435540,2023,990-PF XV 3a paid,2256,Friends of the Israel Defense Forces (13-3156445),General Purpose,https://projects.propublica.org/nonprofits/organizations/113435540/202403039349100640/IRS990PF,full return read (automated row extraction; not individually checked)
Blatte Family Foundation,11-3435540,2024,990-PF XV 3a paid,1085,Friends of the Israel Defense Forces (13-3156445),General Purpose,https://projects.propublica.org/nonprofits/organizations/113435540/202512529349101121/IRS990PF,full return read (automated row extraction; not individually checked)
Blinder Research Foundation For Crohns Disease,74-2223387,2023,990-PF XV 3a paid,5000,Friends of the Israel Defense Forces (13-3156445),ISRAEL DEFENSE MEDICAL EQPT,https://projects.propublica.org/nonprofits/organizations/742223387/202410949349100711/IRS990PF,full return read (automated row extraction; not individually checked)
Blue Star Foundation Inc,55-0793806,2017,990-PF XV 3a paid,100,Friends of the Israel Defense Forces (13-3156445),CONTRIBUTIONS PAID TO PUBLIC CHARITIES,https://projects.propublica.org/nonprofits/organizations/550793806/201841279349100984/IRS990PF,full return read (automated row extraction; not individually checked)
Bluespruce Foundation,84-3854465,2020,990-PF XV 3a paid,5000,Friends of the Israel Defense Forces (13-3156445),GENERAL SUPPORT,https://projects.propublica.org/nonprofits/organizations/843854465/202131379349100303/IRS990PF,full return read (automated row extraction; not individually checked)
Bluhm Family Charitable Foundation,26-1572776,2018,990-PF XV 3a paid,12000,Friends of the Israel Defense Forces (13-3156445),UNRESTRICTED CHARITABLE USE,https://projects.propublica.org/nonprofits/organizations/261572776/201931839349100608/IRS990PF,full return read (automated row extraction; not individually checked)
Bluhm Family Charitable Foundation,26-1572776,2019,990-PF XV 3a paid,12000,Friends of the Israel Defense Forces (13-3156445),UNRESTRICTED CHARITABLE USE,https://projects.propublica.org/nonprofits/organizations/261572776/202031969349101578/IRS990PF,full return read (automated row extraction; not individually checked)
Bluhm Family Charitable Foundation,26-1572776,2021,990-PF XV 3a paid,12000,Friends of the Israel Defense Forces (13-3156445),EXEMPT PURPOSE OF ORGANIZATION,https://projects.propublica.org/nonprofits/organizations/261572776/202223139349100817/IRS990PF,full return read (automated row extraction; not individually checked)
Boca Rio Foundation Inc,46-1258368,2023,990 Schedule I,10000,Friends of the Israel Defense Forces (13-3156445),HELP ISRAEL,https://projects.propublica.org/nonprofits/organizations/461258368/202431299349302983/IRS990ScheduleI,full return read (automated row extraction; not individually checked)
Boca Rio Foundation Inc,46-1258368,2023,990 Schedule I,10000,Friends of the Israel Defense Forces (13-3156445),HELP ISRAEL,https://projects.propublica.org/nonprofits/organizations/461258368/202431299349302983/IRS990ScheduleI,full return read (automated row extraction; not individually checked)
Bonnie Englebardt Lautenbert Family Charitable Trust,36-7391092,2024,990-PF XV 3a paid,1025,Friends of the Israel Defense Forces (13-3156445),DONATION,https://projects.propublica.org/nonprofits/organizations/367391092/202503179349102310/IRS990PF,full return read (automated row extraction; not individually checked)
Boston Foundation Inc,04-2104021,2014,990 Schedule I,55000,Friends of the Israel Defense Forces (13-3156445),Operating Support,https://projects.propublica.org/nonprofits/organizations/42104021/201602599349300720/IRS990ScheduleI,full return read (automated row extraction; not individually checked)
Boston Foundation Inc,04-2104021,2018,990 Schedule I,18000,Friends of the Israel Defense Forces (13-3156445),Operating Support/Annual Fund,https://projects.propublica.org/nonprofits/organizations/42104021/202001369349301630/IRS990ScheduleI,full return read (automated row extraction; not individually checked)
Boston Foundation Inc,04-2104021,2018,990 Schedule I,5000,Friends of the Israel Defense Forces (13-3156445),Scholarship,https://projects.propublica.org/nonprofits/organizations/42104021/202001369349301630/IRS990ScheduleI,full return read (automated row extraction; not individually checked)
Breitman Family Foundation Inc,26-1545753,2020,990-PF XV 3a paid,2000,Friends of the Israel Defense Forces (13-3156445),CHARITABLE CONTRIBUTIONS,https://projects.propublica.org/nonprofits/organizations/261545753/202103129349100905/IRS990PF,full return read (automated row extraction; not individually checked)
Breitman Family Foundation Inc,26-1545753,2021,990-PF XV 3a paid,2000,Friends of the Israel Defense Forces (13-3156445),CHARITABLE CONTRIBUTIONS,https://projects.propublica.org/nonprofits/organizations/261545753/202213189349101751/IRS990PF,full return read (automated row extraction; not individually checked)
Breitman Family Foundation Inc,26-1545753,2022,990-PF XV 3a paid,7000,Friends of the Israel Defense Forces (13-3156445),CHARITABLE CONTRIBUTIONS,https://projects.propublica.org/nonprofits/organizations/261545753/202313189349102651/IRS990PF,full return read (automated row extraction; not individually checked)
Breitman Family Foundation Inc,26-1545753,2023,990-PF XV 3a paid,10000,Friends of the Israel Defense Forces (13-3156445),CHARITABLE CONTRIBUTIONS,https://projects.propublica.org/nonprofits/organizations/261545753/202431369349103648/IRS990PF,full return read (automated row extraction; not individually checked)
Breitman Family Foundation Inc,26-1545753,2024,990-PF XV 3a paid,10000,Friends of the Israel Defense Forces (13-3156445),CHARITABLE CONTRIBUTIONS,https://projects.propublica.org/nonprofits/organizations/261545753/202531359349100018/IRS990PF,full return read (automated row extraction; not individually checked)
Breitman Family Foundation Inc,26-1545753,2025,990-PF XV 3a paid,10000,Friends of the Israel Defense Forces (13-3156445),CHARITABLE CONTRIBUTIONS,https://projects.propublica.org/nonprofits/organizations/261545753/202641359349103409/IRS990PF,full return read (automated row extraction; not individually checked)
Bright Funds Foundation,46-2109112,2017,990 Schedule I,8097,Friends of the Israel Defense Forces (13-3156445),GENERAL SUPPORT,https://projects.propublica.org/nonprofits/organizations/462109112/201803199349319380/IRS990ScheduleI,full return read (automated row extraction; not individually checked)
Bristol-myers Squibb Foundation Inc,13-3127947,2019,990-PF XV 3a paid,61,Friends of the Israel Defense Forces (13-3156445),GENERAL PURPOSE,https://projects.propublica.org/nonprofits/organizations/133127947/202003189349100105/IRS990PF,full return read (automated row extraction; not individually checked)
Bristol-myers Squibb Foundation Inc,13-3127947,2019,990-PF XV 3b approved future,36,Friends of the Israel Defense Forces (13-3156445),GENERAL PURPOSE,https://projects.propublica.org/nonprofits/organizations/133127947/202003189349100105/IRS990PF,full return read (automated row extraction; not individually checked)
Bristol-myers Squibb Foundation Inc,13-3127947,2022,990-PF XV 3a paid,72,Friends of the Israel Defense Forces (13-3156445),EMPLOYEE GIVING PROGRAM,https://projects.propublica.org/nonprofits/organizations/133127947/202322799349100217/IRS990PF,full return read (automated row extraction; not individually checked)
Bristol-myers Squibb Foundation Inc,13-3127947,2022,990-PF XV 3a paid,36,Friends of the Israel Defense Forces (13-3156445),EMPLOYEE GIVING PROGRAM,https://projects.propublica.org/nonprofits/organizations/133127947/202322799349100217/IRS990PF,full return read (automated row extraction; not individually checked)
Brodsky Family Foundation,11-3298376,2021,990-PF XV 3a paid,360,Friends of the Israel Defense Forces (13-3156445),GENERAL DONATION,https://projects.propublica.org/nonprofits/organizations/113298376/202203189349105325/IRS990PF,full return read (automated row extraction; not individually checked)
Brodsky Family Foundation,11-3298376,2021,990-PF XV 3a paid,2720,Friends of the Israel Defense Forces (13-3156445),GENERAL DONATION,https://projects.propublica.org/nonprofits/organizations/113298376/202203189349105325/IRS990PF,full return read (automated row extraction; not individually checked)
Brodsky Family Foundation,11-3298376,2022,990-PF XV 3a paid,43750,Friends of the Israel Defense Forces (13-3156445),GENERAL DONATION,https://projects.propublica.org/nonprofits/organizations/113298376/202303179349101420/IRS990PF,full return read (automated row extraction; not individually checked)
Bruce And Ann Bachmann Family Foundation,36-4154761,2016,990-PF XV 3a paid,500,Friends of the Israel Defense Forces (13-3156445),To foster and promote activities of recipient.,https://projects.propublica.org/nonprofits/organizations/364154761/201743189349101499/IRS990PF,full return read (automated row extraction; not individually checked)
Bruce And Ann Bachmann Family Foundation,36-4154761,2017,990-PF XV 3a paid,1000,Friends of the Israel Defense Forces (13-3156445),TO FOSTER AND PROMOTE ACTIVITIES OF RECIPIENT.,https://projects.propublica.org/nonprofits/organizations/364154761/201821299349102517/IRS990PF,full return read (automated row extraction; not individually checked)
Bruce And Ann Bachmann Family Foundation,36-4154761,2018,990-PF XV 3a paid,2500,Friends of the Israel Defense Forces (13-3156445),TO FOSTER AND PROMOTE ACTIVITIES OF RECIPIENT.,https://projects.propublica.org/nonprofits/organizations/364154761/201930949349100428/IRS990PF,full return read (automated row extraction; not individually checked)
Bruce And Ann Bachmann Family Foundation,36-4154761,2019,990-PF XV 3a paid,3000,Friends of the Israel Defense Forces (13-3156445),TO FOSTER AND PROMOTE ACTIVITIES OF RECIPIENT.,https://projects.propublica.org/nonprofits/organizations/364154761/202042279349100914/IRS990PF,full return read (automated row extraction; not individually checked)
Bruce And Ann Bachmann Family Foundation,36-4154761,2020,990-PF XV 3a paid,2500,Friends of the Israel Defense Forces (13-3156445),TO FOSTER AND PROMOTE ACTIVITIES OF RECIPIENT.,https://projects.propublica.org/nonprofits/organizations/364154761/202102359349100910/IRS990PF,full return read (automated row extraction; not individually checked)
Bruce And Ann Bachmann Family Foundation,36-4154761,2021,990-PF XV 3a paid,5000,Friends of the Israel Defense Forces (13-3156445),TO FOSTER AND PROMOTE ACTIVITIES OF RECIPIENT.,https://projects.propublica.org/nonprofits/organizations/364154761/202223189349104887/IRS990PF,full return read (automated row extraction; not individually checked)
Bruce And Ann Bachmann Family Foundation,36-4154761,2022,990-PF XV 3a paid,5000,Friends of the Israel Defense Forces (13-3156445),TO FOSTER AND PROMOTE ACTIVITIES OF RECIPIENT.,https://projects.propublica.org/nonprofits/organizations/364154761/202313109349101711/IRS990PF,full return read (automated row extraction; not individually checked)
Bruce And Ann Bachmann Family Foundation,36-4154761,2023,990-PF XV 3a paid,2500,Friends of the Israel Defense Forces (13-3156445),TO FOSTER AND PROMOTE ACTIVITIES OF RECIPIENT.,https://projects.propublica.org/nonprofits/organizations/364154761/202402419349100530/IRS990PF,full return read (automated row extraction; not individually checked)
Bruce And Cynthia Sherman Charitable Foundation Inc,05-0629744,2015,990-PF XV 3a paid,10000,Friends of the Israel Defense Forces (13-3156445),GENERAL,https://projects.propublica.org/nonprofits/organizations/50629744/201641379349102489/IRS990PF,full return read (automated row extraction; not individually checked)
Bruce And Cynthia Sherman Charitable Foundation Inc,05-0629744,2023,990-PF XV 3a paid,25000,Friends of the Israel Defense Forces (13-3156445),GENERAL,https://projects.propublica.org/nonprofits/organizations/50629744/202411349349104561/IRS990PF,full return read (automated row extraction; not individually checked)
Bruce And Deborah Duncan Foundation,20-3871657,2023,990-PF XV 3a paid,50000,Friends of the Israel Defense Forces (13-3156445),"PROVIDE HOPE, PURPOSE, AND LIFE-CHANGING SUPPORT FOR THE SOLDIERS WHO PROTECT ISRAEL AND THE JEWISH PEOPLE WORLDWIDE",https://projects.propublica.org/nonprofits/organizations/203871657/202401179349100515/IRS990PF,full return read (automated row extraction; not individually checked)
Bruce And Lori Gendelman Family Foundation,39-6706485,2013,990-PF XV 3a paid,5000,Friends of the Israel Defense Forces (13-3156445),GENERAL SUPPORT,https://projects.propublica.org/nonprofits/organizations/396706485/201401609349100160/IRS990PF,full return read (automated row extraction; not individually checked)
Bruce E Toll Foundation,23-2667935,2021,990-PF XV 3a paid,10000,Friends of the Israel Defense Forces (13-3156445),GENERAL SUPPORT GRANT,https://projects.propublica.org/nonprofits/organizations/232667935/202203409349101150/IRS990PF,full return read (automated row extraction; not individually checked)
Bruce E Toll Foundation,23-2667935,2023,990-PF XV 3a paid,6000,Friends of the Israel Defense Forces (13-3156445),GENERAL SUPPORT GRANT,https://projects.propublica.org/nonprofits/organizations/232667935/202413169349100201/IRS990PF,full return read (automated row extraction; not individually checked)
Bruce E Toll Foundation,23-2667935,2024,990-PF XV 3a paid,6000,Friends of the Israel Defense Forces (13-3156445),GENERAL SUPPORT GRANT,https://projects.propublica.org/nonprofits/organizations/232667935/202513219349101021/IRS990PF,full return read (automated row extraction; not individually checked)
Bryan And Barbara Fields Family Foundation Inc,58-2649762,2025,990-PF XV 3a paid,1000,Friends of the Israel Defense Forces (13-3156445),TO PROVIDE HUMANITARIAN AND EDUCATIONAL AID FOR WOUNDED SOLDIERS AND BEREAVED FAMILIES,https://projects.propublica.org/nonprofits/organizations/582649762/202631339349100823/IRS990PF,full return read (automated row extraction; not individually checked)
Bukiet Brothers Foundation,23-7414386,2012,990-PF XV 3a paid,10000,Friends of the Israel Defense Forces (13-3156445),GENERAL,https://projects.propublica.org/nonprofits/organizations/237414386/201430599349100703/IRS990PF,full return read (automated row extraction; not individually checked)
Buller Fam Foundation Tr,11-6598655,2024,990-PF XV 3a paid,1000,Friends of the Israel Defense Forces (13-3156445),"TO SUPPORT THE HEALTH, WELL-BEING, AND EDUCATION OF ISRAEL'S PROTECTORS",https://projects.propublica.org/nonprofits/organizations/116598655/202503219349106940/IRS990PF,full return read (automated row extraction; not individually checked)
Buller Foundation,47-1291497,2016,990-PF XV 3a paid,1800,Friends of the Israel Defense Forces (13-3156445),SUPPORT SOLDIERS PROTECTING ISRAEL AND JEWS WORLDWIDE,https://projects.propublica.org/nonprofits/organizations/471291497/201741359349104689/IRS990PF,full return read (automated row extraction; not individually checked)
Buller Foundation,47-1291497,2017,990-PF XV 3a paid,1800,Friends of the Israel Defense Forces (13-3156445),SUPPORT SOLDIERS PROTECTING ISRAEL AND JEWS WORLDWIDE,https://projects.propublica.org/nonprofits/organizations/471291497/201831359349102203/IRS990PF,full return read (automated row extraction; not individually checked)
Caine Family Foundation,45-3233150,2024,990-PF XV 3a paid,5000,Friends of the Israel Defense Forces (13-3156445),General & Unrestricted,https://projects.propublica.org/nonprofits/organizations/453233150/202531299349101883/IRS990PF,full return read (automated row extraction; not individually checked)
Caine Family Foundation,45-3233150,2025,990-PF XV 3a paid,2000,Friends of the Israel Defense Forces (13-3156445),General & Unrestricted,https://projects.propublica.org/nonprofits/organizations/453233150/202641349349102779/IRS990PF,full return read (automated row extraction; not individually checked)
California Community Foundation,95-3510055,2021,990 Schedule I,34602,Friends of the Israel Defense Forces (13-3156445),RELIGION,https://projects.propublica.org/nonprofits/organizations/953510055/202311349349300141/IRS990ScheduleI,full return read (automated row extraction; not individually checked)
Cambridge Charitable Foundation,20-1938332,2017,990 Schedule I,25000,Friends of the Israel Defense Forces (13-3156445),GENERAL PROGRAMS AND OPERATING FUNDS,https://projects.propublica.org/nonprofits/organizations/201938332/201843199349307784/IRS990ScheduleI,full return read (automated row extraction; not individually checked)
Cambridge Charitable Foundation,20-1938332,2018,990 Schedule I,75000,Friends of the Israel Defense Forces (13-3156445),GENERAL PROGRAMS AND OPERATING FUNDS,https://projects.propublica.org/nonprofits/organizations/201938332/201943169349305034/IRS990ScheduleI,full return read (automated row extraction; not individually checked)
Cambridge Charitable Foundation,20-1938332,2019,990 Schedule I,100000,Friends of the Israel Defense Forces (13-3156445),GENERAL PROGRAMS AND OPERATING FUNDS,https://projects.propublica.org/nonprofits/organizations/201938332/202013169349304036/IRS990ScheduleI,full return read (automated row extraction; not individually checked)
Cambridge Charitable Foundation,20-1938332,2020,990 Schedule I,25000,Friends of the Israel Defense Forces (13-3156445),GENERAL PROGRAMS AND OPERATING FUNDS,https://projects.propublica.org/nonprofits/organizations/201938332/202143199349302654/IRS990ScheduleI,full return read (automated row extraction; not individually checked)
Cambridge Charitable Foundation,20-1938332,2021,990 Schedule I,125000,Friends of the Israel Defense Forces (13-3156445),GENERAL PROGRAMS AND OPERATING FUNDS,https://projects.propublica.org/nonprofits/organizations/201938332/202243199349305849/IRS990ScheduleI,full return read (automated row extraction; not individually checked)
Cambridge Charitable Foundation,20-1938332,2022,990 Schedule I,100000,Friends of the Israel Defense Forces (13-3156445),GENERAL PROGRAMS AND OPERATING FUNDS,https://projects.propublica.org/nonprofits/organizations/201938332/202303199349306310/IRS990ScheduleI,full return read (automated row extraction; not individually checked)
Cambridge Charitable Foundation,20-1938332,2023,990 Schedule I,25000,Friends of the Israel Defense Forces (13-3156445),GENERAL PROGRAMS AND OPERATING FUNDS,https://projects.propublica.org/nonprofits/organizations/201938332/202423199349313062/IRS990ScheduleI,full return read (automated row extraction; not individually checked)
Cambridge Charitable Foundation,20-1938332,2024,990 Schedule I,50000,Friends of the Israel Defense Forces (13-3156445),GENERAL PROGRAMS AND OPERATING FUNDS,https://projects.propublica.org/nonprofits/organizations/201938332/202502749349301030/IRS990ScheduleI,full return read (automated row extraction; not individually checked)
Cameron Merage Foundation,26-0382767,2014,990-PF XV 3a paid,10000,Friends of the Israel Defense Forces (13-3156445),GENERAL OPERATIONS,https://projects.propublica.org/nonprofits/organizations/260382767/201503159349101170/IRS990PF,full return read (automated row extraction; not individually checked)
Camiener Foundation,27-4384055,2024,990-PF XV 3a paid,15000,Friends of the Israel Defense Forces (13-3156445),GENERAL FUNDS,https://projects.propublica.org/nonprofits/organizations/274384055/202601899349100405/IRS990PF,full return read (automated row extraction; not individually checked)
Canning Foundation,36-3913323,2024,990-PF XV 3a paid,5000,Friends of the Israel Defense Forces (13-3156445),TO FURTHER PROGRAM SERVICES,https://projects.propublica.org/nonprofits/organizations/363913323/202521929349100307/IRS990PF,full return read (automated row extraction; not individually checked)
Canterbury Family Foundation,93-4491278,2024,990-PF XV 3a paid,5000,Friends of the Israel Defense Forces (13-3156445),GENERAL FUND,https://projects.propublica.org/nonprofits/organizations/934491278/202523219349108612/IRS990PF,full return read (automated row extraction; not individually checked)
Cappy And Beth Rothman Family Foundation Inc,47-2045701,2015,990-PF XV 3a paid,1800,Friends of the Israel Defense Forces (13-3156445),CHARITABLE,https://projects.propublica.org/nonprofits/organizations/472045701/201633199349101243/IRS990PF,full return read (automated row extraction; not individually checked)
Carl & Ruth Shapiro Fam Foundation,04-6135027,2023,990-PF XV 3a paid,50000,Friends of the Israel Defense Forces (13-3156445),GENERAL PURPOSES OF THE ORGANIZATION,https://projects.propublica.org/nonprofits/organizations/46135027/202443109349100209/IRS990PF,full return read (automated row extraction; not individually checked)
Carl & Ruth Shapiro Fam Foundation,04-6135027,2024,990-PF XV 3a paid,10000,Friends of the Israel Defense Forces (13-3156445),GENERAL PURPOSES OF THE ORGANIZATION,https://projects.propublica.org/nonprofits/organizations/46135027/202501329349101105/IRS990PF,full return read (automated row extraction; not individually checked)
Carl & Ruth Shapiro Fam Foundation,04-6135027,2025,990-PF XV 3a paid,12000,Friends of the Israel Defense Forces (13-3156445),GENERAL PURPOSES OF THE ORGANIZATION,https://projects.propublica.org/nonprofits/organizations/46135027/202621599349100702/IRS990PF,full return read (automated row extraction; not individually checked)
Carl And Mary Gross Fam Foundation Tr,22-6869696,2013,990-PF XV 3a paid,1000,Friends of the Israel Defense Forces (13-3156445),Unrestricted,https://projects.propublica.org/nonprofits/organizations/226869696/201401339349101325/IRS990PF,full return read (automated row extraction; not individually checked)
Carl And Mary Gross Fam Foundation Tr,22-6869696,2014,990-PF XV 3a paid,1000,Friends of the Israel Defense Forces (13-3156445),Unrestricted,https://projects.propublica.org/nonprofits/organizations/226869696/201531319349102413/IRS990PF,full return read (automated row extraction; not individually checked)
Carl And Mary Gross Fam Foundation Tr,22-6869696,2015,990-PF XV 3a paid,2000,Friends of the Israel Defense Forces (13-3156445),Unrestricted,https://projects.propublica.org/nonprofits/organizations/226869696/201611319349101161/IRS990PF,full return read (automated row extraction; not individually checked)
Carl And Mary Gross Fam Foundation Tr,22-6869696,2016,990-PF XV 3a paid,1000,Friends of the Israel Defense Forces (13-3156445),Unrestricted,https://projects.propublica.org/nonprofits/organizations/226869696/201711359349100996/IRS990PF,full return read (automated row extraction; not individually checked)
Carl And Mary Gross Fam Foundation Tr,22-6869696,2017,990-PF XV 3a paid,1000,Friends of the Israel Defense Forces (13-3156445),Unrestricted,https://projects.propublica.org/nonprofits/organizations/226869696/201821309349100302/IRS990PF,full return read (automated row extraction; not individually checked)
Carl And Mary Gross Fam Foundation Tr,22-6869696,2018,990-PF XV 3a paid,1000,Friends of the Israel Defense Forces (13-3156445),Unrestricted,https://projects.propublica.org/nonprofits/organizations/226869696/201901349349103720/IRS990PF,full return read (automated row extraction; not individually checked)
Carl And Mary Gross Fam Foundation Tr,22-6869696,2021,990-PF XV 3a paid,180,Friends of the Israel Defense Forces (13-3156445),Unrestricted,https://projects.propublica.org/nonprofits/organizations/226869696/202241809349101209/IRS990PF,full return read (automated row extraction; not individually checked)
Carl Marks Foundation Inc,13-6169215,2013,990-PF XV 3a paid,4000,Friends of the Israel Defense Forces (13-3156445),Impact Scholarship Fund,https://projects.propublica.org/nonprofits/organizations/136169215/201521329349103402/IRS990PF,full return read (automated row extraction; not individually checked)
Carl Marks Foundation Inc,13-6169215,2014,990-PF XV 3a paid,5000,Friends of the Israel Defense Forces (13-3156445),General & Unrestricted,https://projects.propublica.org/nonprofits/organizations/136169215/201630399349100163/IRS990PF,full return read (automated row extraction; not individually checked)
Carol & Arnold Wolowitz Foundation Inc,23-7201382,2021,990-PF XV 3a paid,1000,Friends of the Israel Defense Forces (13-3156445),TO HELP ACTIVITIES OF VAR PUBLIC CHAR INST WHICH ARE EXEMPT UNDER 501 (C) (3),https://projects.propublica.org/nonprofits/organizations/237201382/202211329349102251/IRS990PF,full return read (automated row extraction; not individually checked)
Carol & Arnold Wolowitz Foundation Inc,23-7201382,2022,990-PF XV 3a paid,1000,Friends of the Israel Defense Forces (13-3156445),TO HELP ACTIVITIES OF VAR PUBLIC CHAR INST WHICH ARE EXEMPT UNDER 501 (C) (3),https://projects.propublica.org/nonprofits/organizations/237201382/202322979349100107/IRS990PF,full return read (automated row extraction; not individually checked)
Carol & Arnold Wolowitz Foundation Inc,23-7201382,2024,990-PF XV 3a paid,1000,Friends of the Israel Defense Forces (13-3156445),TO HELP ACTIVITIES OF VAR PUBLIC CHAR INST WHICH ARE EXEMPT UNDER 501 (C) (3),https://projects.propublica.org/nonprofits/organizations/237201382/202501339349103520/IRS990PF,full return read (automated row extraction; not individually checked)
Carol & Arnold Wolowitz Foundation Inc,23-7201382,2025,990-PF XV 3a paid,1000,Friends of the Israel Defense Forces (13-3156445),TO HELP ACTIVITIES OF VARIOUS PUBLIC CHARITABLE INSTITUTIONS WHICH ARE EXEMPT UNDER 501(c)(3).,https://projects.propublica.org/nonprofits/organizations/237201382/202632299349100468/IRS990PF,full return read (automated row extraction; not individually checked)
Carol Young Brooke Foundation,95-4692391,2017,990-PF XV 3a paid,1000,Friends of the Israel Defense Forces (13-3156445),FOR CHARITABLE PURPOSES,https://projects.propublica.org/nonprofits/organizations/954692391/201802969349100510/IRS990PF,full return read (automated row extraction; not individually checked)
Carole Shapiro Memorial Foundation Inc,56-6060223,2022,990-PF XV 3a paid,500,Friends of the Israel Defense Forces (13-3156445),- EXE Charitable,https://projects.propublica.org/nonprofits/organizations/566060223/202410169349101511/IRS990PF,full return read (automated row extraction; not individually checked)
Carylon Foundation,36-6033583,2020,990-PF XV 3a paid,5000,Friends of the Israel Defense Forces (13-3156445),CHARITY,https://projects.propublica.org/nonprofits/organizations/366033583/202123139349102607/IRS990PF,full return read (automated row extraction; not individually checked)
Cayton-goldrich Family Foundation,83-0801999,2023,990-PF XV 3a paid,26100,Friends of the Israel Defense Forces (13-3156445),SUPPORT OF ORGANIZATION MISSION,https://projects.propublica.org/nonprofits/organizations/830801999/202433199349104688/IRS990PF,full return read (automated row extraction; not individually checked)
Central Florida Foundation Inc,59-3182886,2024,990 Schedule I,5000,Friends of the Israel Defense Forces (13-3156445),OPERATING SUPPORT,https://projects.propublica.org/nonprofits/organizations/593182886/202502479349300000/IRS990ScheduleI,full return read (automated row extraction; not individually checked)
Central New York Community Foundation Inc,15-0626910,2015,990 Schedule I,10000,Friends of the Israel Defense Forces (13-3156445),GENERAL GIFT,https://projects.propublica.org/nonprofits/organizations/150626910/201603139349302400/IRS990ScheduleI,full return read (automated row extraction; not individually checked)
Central New York Community Foundation Inc,15-0626910,2016,990 Schedule I,10000,Friends of the Israel Defense Forces (13-3156445),GENERAL GIFT,https://projects.propublica.org/nonprofits/organizations/150626910/201703109349302270/IRS990ScheduleI,full return read (automated row extraction; not individually checked)
Central New York Community Foundation Inc,15-0626910,2022,990 Schedule I,10000,Friends of the Israel Defense Forces (13-3156445),GENERAL SUPPORT,https://projects.propublica.org/nonprofits/organizations/150626910/202342979349301869/IRS990ScheduleI,full return read (automated row extraction; not individually checked)
Chaim J And Fay R Fortgang Family Foundation,13-3387892,2025,990-PF XV 3a paid,1000,Friends of the Israel Defense Forces (13-3156445),GENERAL OPERATIONS,https://projects.propublica.org/nonprofits/organizations/133387892/202631529349100113/IRS990PF,full return read (automated row extraction; not individually checked)
Chancellor Foundation Inc,31-1675414,2013,990-PF XV 3a paid,180,Friends of the Israel Defense Forces (13-3156445),EXEMPT HUMANITARIAN,https://projects.propublica.org/nonprofits/organizations/311675414/201540789349100404/IRS990PF,full return read (automated row extraction; not individually checked)
Chancellor Foundation Inc,31-1675414,2015,990-PF XV 3a paid,100,Friends of the Israel Defense Forces (13-3156445),EXEMPT HUMANITARIAN,https://projects.propublica.org/nonprofits/organizations/311675414/201700609349100500/IRS990PF,full return read (automated row extraction; not individually checked)
Charities Aid Foundation America,43-1634280,2021,990 Schedule I,8670,Friends of the Israel Defense Forces (13-3156445),CHARITABLE DONATION,https://projects.propublica.org/nonprofits/organizations/431634280/202320699349300532/IRS990ScheduleI,full return read (automated row extraction; not individually checked)
Charles & Esther Lee Kimerling Charitable Foundation,63-6106073,2019,990-PF XV 3a paid,1000,Friends of the Israel Defense Forces (13-3156445),GENERAL,https://projects.propublica.org/nonprofits/organizations/636106073/202041399349100504/IRS990PF,full return read (automated row extraction; not individually checked)
Charles & Esther Lee Kimerling Charitable Foundation,63-6106073,2020,990-PF XV 3a paid,1000,Friends of the Israel Defense Forces (13-3156445),TO FURTHER DONEE'S EXEMPT PURPOSE,https://projects.propublica.org/nonprofits/organizations/636106073/202101349349100710/IRS990PF,full return read (automated row extraction; not individually checked)
Charles And Edna Levine Family Foundation Inc,52-2232281,2014,990-PF XV 3a paid,3,Friends of the Israel Defense Forces (13-3156445),501(c),https://projects.propublica.org/nonprofits/organizations/522232281/201531279349101428/IRS990PF,full return read (automated row extraction; not individually checked)
Charles And Edna Levine Family Foundation Inc,52-2232281,2015,990-PF XV 3a paid,3,Friends of the Israel Defense Forces (13-3156445),501(c),https://projects.propublica.org/nonprofits/organizations/522232281/201621329349101457/IRS990PF,full return read (automated row extraction; not individually checked)
Charles And Lynn Kramer Family Foundation Inc,22-3140331,2019,990-PF XV 3a paid,5200,Friends of the Israel Defense Forces (13-3156445),UNRESTRICTED UNRESTICTEDUNRESTRICTED,https://projects.propublica.org/nonprofits/organizations/223140331/202003029349100110/IRS990PF,full return read (automated row extraction; not individually checked)
Charles And Lynn Kramer Family Foundation Inc,22-3140331,2020,990-PF XV 3a paid,1200,Friends of the Israel Defense Forces (13-3156445),UNRESTRICTED,https://projects.propublica.org/nonprofits/organizations/223140331/202123129349101817/IRS990PF,full return read (automated row extraction; not individually checked)
Charles And Rene Lipshitz Family Foundation,36-3729186,2023,990-PF XV 3a paid,7000,Friends of the Israel Defense Forces (13-3156445),UNRESTRICTED,https://projects.propublica.org/nonprofits/organizations/363729186/202413209349105021/IRS990PF,full return read (automated row extraction; not individually checked)
Charles I Rosen Family Foundation A Non Profit Corporation,22-3577010,2016,990-PF XV 3a paid,100,Friends of the Israel Defense Forces (13-3156445),CHARITY GENERAL CONTRIBUTION TO SERVE THE ORGANIZATION'S NEEDS,https://projects.propublica.org/nonprofits/organizations/223577010/201732269349100518/IRS990PF,full return read (automated row extraction; not individually checked)
Charles L & Clara L Solomon Foundation,52-2290481,2021,990-PF XV 3a paid,600,Friends of the Israel Defense Forces (13-3156445),RELIGIOUS,https://projects.propublica.org/nonprofits/organizations/522290481/202211389349101201/IRS990PF,full return read (automated row extraction; not individually checked)
Charles L & Clara L Solomon Foundation,52-2290481,2022,990-PF XV 3a paid,600,Friends of the Israel Defense Forces (13-3156445),RELIGIOUS,https://projects.propublica.org/nonprofits/organizations/522290481/202301309349100605/IRS990PF,full return read (automated row extraction; not individually checked)
Charna And Alan B Larkin Philanthropic Fund Inc,65-0319095,2014,990-PF XV 3a paid,2000,Friends of the Israel Defense Forces (13-3156445),GENERAL SUPPORT,https://projects.propublica.org/nonprofits/organizations/650319095/201500549349100050/IRS990PF,full return read (automated row extraction; not individually checked)
Charna And Alan B Larkin Philanthropic Fund Inc,65-0319095,2016,990-PF XV 3a paid,2000,Friends of the Israel Defense Forces (13-3156445),GENERAL SUPPORT,https://projects.propublica.org/nonprofits/organizations/650319095/201730599349100003/IRS990PF,full return read (automated row extraction; not individually checked)
Charna And Alan B Larkin Philanthropic Fund Inc,65-0319095,2017,990-PF XV 3a paid,2000,Friends of the Israel Defense Forces (13-3156445),GENERAL SUPPORT,https://projects.propublica.org/nonprofits/organizations/650319095/201800579349100515/IRS990PF,full return read (automated row extraction; not individually checked)
Charna And Alan B Larkin Philanthropic Fund Inc,65-0319095,2023,990-PF XV 3a paid,5000,Friends of the Israel Defense Forces (13-3156445),GENERAL SUPPORT,https://projects.propublica.org/nonprofits/organizations/650319095/202430609349100123/IRS990PF,full return read (automated row extraction; not individually checked)
Charna And Alan B Larkin Philanthropic Fund Inc,65-0319095,2024,990-PF XV 3a paid,10000,Friends of the Israel Defense Forces (13-3156445),GENERAL SUPPORT,https://projects.propublica.org/nonprofits/organizations/650319095/202540659349101609/IRS990PF,full return read (automated row extraction; not individually checked)
Charna And Alan B Larkin Philanthropic Fund Inc,65-0319095,2025,990-PF XV 3a paid,5000,Friends of the Israel Defense Forces (13-3156445),GENERAL SUPPORT,https://projects.propublica.org/nonprofits/organizations/650319095/202610559349100701/IRS990PF,full return read (automated row extraction; not individually checked)
Chernow Fund Inc,13-6127968,2024,990-PF XV 3a paid,10000,Friends of the Israel Defense Forces (13-3156445),GENERAL OPERATING SUPPORT IN FURTHERANCE OF MISSION.,https://projects.propublica.org/nonprofits/organizations/136127968/202622379349100207/IRS990PF,full return read (automated row extraction; not individually checked)
Cheryl Spencer Memorial Foundation,04-6360057,2023,990-PF XV 3a paid,1000,Friends of the Israel Defense Forces (13-3156445),To support the charity's mission.,https://projects.propublica.org/nonprofits/organizations/46360057/202431669349101203/IRS990PF,full return read (automated row extraction; not individually checked)
Chet And Jon Lappen Foundation,23-7007566,2023,990-PF XV 3a paid,1500,Friends of the Israel Defense Forces (13-3156445),CHARITY/GENERAL,https://projects.propublica.org/nonprofits/organizations/237007566/202410809349100516/IRS990PF,full return read (automated row extraction; not individually checked)
Chet And Jon Lappen Foundation,23-7007566,2024,990-PF XV 3a paid,740,Friends of the Israel Defense Forces (13-3156445),CHARITY/GENERAL,https://projects.propublica.org/nonprofits/organizations/237007566/202531129349100043/IRS990PF,full return read (automated row extraction; not individually checked)
Chet And Jon Lappen Foundation,23-7007566,2025,990-PF XV 3a paid,500,Friends of the Israel Defense Forces (13-3156445),CHARITY/GENERAL,https://projects.propublica.org/nonprofits/organizations/237007566/202601329349104435/IRS990PF,full return read (automated row extraction; not individually checked)
Choose Kindness Foundation,84-3109941,2022,990-PF XV 3a paid,1890,Friends of the Israel Defense Forces (13-3156445),MEAL CARDS FOR SOLDIERS,https://projects.propublica.org/nonprofits/organizations/843109941/202322899349100047/IRS990PF,full return read (automated row extraction; not individually checked)
Choose Kindness Foundation,84-3109941,2023,990-PF XV 3a paid,5000,Friends of the Israel Defense Forces (13-3156445),SUPPORT FOR ISRREALI DEFENSE FORCES,https://projects.propublica.org/nonprofits/organizations/843109941/202433199349106358/IRS990PF,full return read (automated row extraction; not individually checked)
Chubb Charitable Foundation,26-2456949,2019,990-PF XV 3a paid,25,Friends of the Israel Defense Forces (13-3156445),matching gifts,https://projects.propublica.org/nonprofits/organizations/262456949/202023179349100547/IRS990PF,full return read (automated row extraction; not individually checked)
Chubb Charitable Foundation,26-2456949,2019,990-PF XV 3a paid,36,Friends of the Israel Defense Forces (13-3156445),matching gifts,https://projects.propublica.org/nonprofits/organizations/262456949/202023179349100547/IRS990PF,full return read (automated row extraction; not individually checked)
Chubb Charitable Foundation,26-2456949,2021,990-PF XV 3a paid,108,Friends of the Israel Defense Forces (13-3156445),Matching Gifts,https://projects.propublica.org/nonprofits/organizations/262456949/202213069349100421/IRS990PF,full return read (automated row extraction; not individually checked)
Cigna Foundation,23-6261726,2021,990-PF XV 3a paid,74,Friends of the Israel Defense Forces (13-3156445),GENERAL OPERATING PURPOSES,https://projects.propublica.org/nonprofits/organizations/236261726/202223199349103497/IRS990PF,full return read (automated row extraction; not individually checked)
Cigna Foundation,23-6261726,2022,990-PF XV 3a paid,240,Friends of the Israel Defense Forces (13-3156445),GENERAL OPERATING PURPOSES,https://projects.propublica.org/nonprofits/organizations/236261726/202303199349101045/IRS990PF,full return read (automated row extraction; not individually checked)
Circle Of Service Foundation,36-4185939,2021,990-PF XV 3a paid,25000,Friends of the Israel Defense Forces (13-3156445),JEWISH COMMUNITY,https://projects.propublica.org/nonprofits/organizations/364185939/202233189349100503/IRS990PF,full return read (automated row extraction; not individually checked)
Circle Of Service Foundation,36-4185939,2021,990-PF XV 3a paid,10000,Friends of the Israel Defense Forces (13-3156445),MATCHING/DISCRETIONARY,https://projects.propublica.org/nonprofits/organizations/364185939/202233189349100503/IRS990PF,full return read (automated row extraction; not individually checked)
Circle Of Service Foundation,36-4185939,2022,990-PF XV 3a paid,25000,Friends of the Israel Defense Forces (13-3156445),JEWISH COMMUNITY,https://projects.propublica.org/nonprofits/organizations/364185939/202323149349101322/IRS990PF,full return read (automated row extraction; not individually checked)
Circle Of Service Foundation,36-4185939,2022,990-PF XV 3a paid,10000,Friends of the Israel Defense Forces (13-3156445),MATCH/DISCRETIONARY,https://projects.propublica.org/nonprofits/organizations/364185939/202323149349101322/IRS990PF,full return read (automated row extraction; not individually checked)
Citrin Family Foundation,20-3144815,2023,990-PF XV 3a paid,2500,Friends of the Israel Defense Forces (13-3156445),GENERAL,https://projects.propublica.org/nonprofits/organizations/203144815/202443189349100744/IRS990PF,full return read (automated row extraction; not individually checked)
Clayman Raiman Foundation Inc,82-3120517,2023,990-PF XV 3a paid,18000,Friends of the Israel Defense Forces (13-3156445),"UNRELATED PC MILITARY, FOOD, SHELTER, EDUCATIONAL SUPPORT",https://projects.propublica.org/nonprofits/organizations/823120517/202402159349100800/IRS990PF,full return read (automated row extraction; not individually checked)
Coast Foundation,75-3134568,2024,990-PF XV 3a paid,1015,Friends of the Israel Defense Forces (13-3156445),SUPPORT OF ISRAELI DEFENSE FORCES,https://projects.propublica.org/nonprofits/organizations/753134568/202542239349101109/IRS990PF,full return read (automated row extraction; not individually checked)
Cohen-kogon Charitable Foundation Inc,58-1845797,2014,990 Schedule I,6000,Friends of the Israel Defense Forces (13-3156445),ACTUAL COST DONATION,https://projects.propublica.org/nonprofits/organizations/581845797/201630429349301003/IRS990ScheduleI,full return read (automated row extraction; not individually checked)
Colegato Foundation Tr,20-6363603,2023,990-PF XV 3a paid,5000,Friends of the Israel Defense Forces (13-3156445),CHARITABLE,https://projects.propublica.org/nonprofits/organizations/206363603/202421279349102112/IRS990PF,full return read (automated row extraction; not individually checked)
Colegato Foundation Tr,20-6363603,2024,990-PF XV 3a paid,2000,Friends of the Israel Defense Forces (13-3156445),CHARITABLE,https://projects.propublica.org/nonprofits/organizations/206363603/202521189349100202/IRS990PF,full return read (automated row extraction; not individually checked)
Colegato Foundation Tr,20-6363603,2025,990-PF XV 3a paid,3000,Friends of the Israel Defense Forces (13-3156445),CHARITABLE,https://projects.propublica.org/nonprofits/organizations/206363603/202621329349103662/IRS990PF,full return read (automated row extraction; not individually checked)
Columbus Foundation,31-6044264,2014,990 Schedule I,1000,Friends of the Israel Defense Forces (13-3156445),URBAN AFFAIRS,https://projects.propublica.org/nonprofits/organizations/316044264/201533169349304338/IRS990ScheduleI,full return read (automated row extraction; not individually checked)
Columbus Foundation,31-6044264,2014,990 Schedule I,1800,Friends of the Israel Defense Forces (13-3156445),URBAN AFFAIRS,https://projects.propublica.org/nonprofits/organizations/316044264/201533169349304338/IRS990ScheduleI,full return read (automated row extraction; not individually checked)
Columbus Foundation,31-6044264,2014,990 Schedule I,5000,Friends of the Israel Defense Forces (13-3156445),URBAN AFFAIRS,https://projects.propublica.org/nonprofits/organizations/316044264/201533169349304338/IRS990ScheduleI,full return read (automated row extraction; not individually checked)
Columbus Foundation,31-6044264,2015,990 Schedule I,1800,Friends of the Israel Defense Forces (13-3156445),URBAN AFFAIRS,https://projects.propublica.org/nonprofits/organizations/316044264/201623159349303022/IRS990ScheduleI,full return read (automated row extraction; not individually checked)
Columbus Foundation,31-6044264,2021,990 Schedule I,8000,Friends of the Israel Defense Forces (13-3156445),URBAN AFFAIRS,https://projects.propublica.org/nonprofits/organizations/316044264/202213199349310766/IRS990ScheduleI,full return read (automated row extraction; not individually checked)
Columbus Foundation,31-6044264,2022,990 Schedule I,8000,Friends of the Israel Defense Forces (13-3156445),URBAN AFFAIRS,https://projects.propublica.org/nonprofits/organizations/316044264/202313199349307011/IRS990ScheduleI,full return read (automated row extraction; not individually checked)
Columbus Jewish Foundation,31-1384772,2014,990 Schedule I,5218,Friends of the Israel Defense Forces (13-3156445),"EDUCATIONAL,SOCIAL, CULTURAL, AND RECREATIONAL PROGRAMS FOR SOLDIERS OF ISRAEL",https://projects.propublica.org/nonprofits/organizations/311384772/201600129349301390/IRS990ScheduleI,full return read (automated row extraction; not individually checked)
Columbus Jewish Foundation,31-1384772,2022,990 Schedule I,13775,Friends of the Israel Defense Forces (13-3156445),Care and well being of soldiers and veterans of the Israel Defense Forces,https://projects.propublica.org/nonprofits/organizations/311384772/202441369349309624/IRS990ScheduleI,full return read (automated row extraction; not individually checked)
Columbus Jewish Foundation,31-1384772,2023,990 Schedule I,35686,Friends of the Israel Defense Forces (13-3156445),care and well being of soldiers and veterans of the Israel Defense Forces,https://projects.propublica.org/nonprofits/organizations/311384772/202541189349300949/IRS990ScheduleI,full return read (automated row extraction; not individually checked)
Columbus Jewish Foundation,31-1384772,2024,990 Schedule I,51980,Friends of the Israel Defense Forces (13-3156445),Care and well being of soldiers and veterans of the Israel Defense Forces,https://projects.propublica.org/nonprofits/organizations/311384772/202620849349301427/IRS990ScheduleI,full return read (automated row extraction; not individually checked)
Combined Jewish Philanthropies Of Greater Boston Inc,04-2103559,2012,990 Schedule I,11000,Friends of the Israel Defense Forces (13-3156445),Cash NA Israel Social Services,https://projects.propublica.org/nonprofits/organizations/42103559/201431329349300023/IRS990ScheduleI,full return read (automated row extraction; not individually checked)
Combined Jewish Philanthropies Of Greater Boston Inc,04-2103559,2012,990 Schedule I,181730,Friends of the Israel Defense Forces (13-3156445),Cash NA Donor Adv Fund Israel Social Svcs,https://projects.propublica.org/nonprofits/organizations/42103559/201431329349300023/IRS990ScheduleI,full return read (automated row extraction; not individually checked)
Combined Jewish Philanthropies Of Greater Boston Inc,04-2103559,2015,990 Schedule I,252345,Friends of the Israel Defense Forces (13-3156445),DAF - Israel Social Services,https://projects.propublica.org/nonprofits/organizations/42103559/201721019349300607/IRS990ScheduleI,full return read (automated row extraction; not individually checked)
Combined Jewish Philanthropies Of Greater Boston Inc,04-2103559,2016,990 Schedule I,287179,Friends of the Israel Defense Forces (13-3156445),DAF - Israel Social Services,https://projects.propublica.org/nonprofits/organizations/42103559/201831229349302103/IRS990ScheduleI,full return read (automated row extraction; not individually checked)
Combined Jewish Philanthropies Of Greater Boston Inc,04-2103559,2018,990 Schedule I,80000,Friends of the Israel Defense Forces (13-3156445),Israel Jewish Education,https://projects.propublica.org/nonprofits/organizations/42103559/202011239349300701/IRS990ScheduleI,full return read (automated row extraction; not individually checked)
Combined Jewish Philanthropies Of Greater Boston Inc,04-2103559,2018,990 Schedule I,323626,Friends of the Israel Defense Forces (13-3156445),DAF - Israel Education,https://projects.propublica.org/nonprofits/organizations/42103559/202011239349300701/IRS990ScheduleI,full return read (automated row extraction; not individually checked)
Combined Jewish Philanthropies Of Greater Boston Inc,04-2103559,2020,990 Schedule I,60000,Friends of the Israel Defense Forces (13-3156445),International Social Services,https://projects.propublica.org/nonprofits/organizations/42103559/202221239349301132/IRS990ScheduleI,full return read (automated row extraction; not individually checked)
Combined Jewish Philanthropies Of Greater Boston Inc,04-2103559,2020,990 Schedule I,470260,Friends of the Israel Defense Forces (13-3156445),DAF - International Social Services,https://projects.propublica.org/nonprofits/organizations/42103559/202221239349301132/IRS990ScheduleI,full return read (automated row extraction; not individually checked)
Combined Jewish Philanthropies Of Greater Boston Inc,04-2103559,2021,990 Schedule I,31000,Friends of the Israel Defense Forces (13-3156445),International Social Services,https://projects.propublica.org/nonprofits/organizations/42103559/202321319349304847/IRS990ScheduleI,full return read (automated row extraction; not individually checked)
Combined Jewish Philanthropies Of Greater Boston Inc,04-2103559,2021,990 Schedule I,374310,Friends of the Israel Defense Forces (13-3156445),DAF - Jewish Social Services,https://projects.propublica.org/nonprofits/organizations/42103559/202321319349304847/IRS990ScheduleI,full return read (automated row extraction; not individually checked)
Communities Foundation Of Texas,75-0964565,2021,990 Schedule I,15389,Friends of the Israel Defense Forces (13-3156445),THIS GRANT IS DESIGNATED FOR GENERAL SUPPORT.,https://projects.propublica.org/nonprofits/organizations/750964565/202330179349300633/IRS990ScheduleI,full return read (automated row extraction; not individually checked)
Community Foundation For Palm Beach & Martin Counties Inc,23-7181875,2020,990 Schedule I,10000,Friends of the Israel Defense Forces (13-3156445),GENERAL SUPPORT,https://projects.propublica.org/nonprofits/organizations/237181875/202221339349303087/IRS990ScheduleI,full return read (automated row extraction; not individually checked)
Community Foundation For Southeast Michigan,38-2530980,2021,990 Schedule I,439097,Friends of the Israel Defense Forces (13-3156445),MATCHING FUNDS FOR THE LONE SOLDIER HOME PROJECT,https://projects.propublica.org/nonprofits/organizations/382530980/202233199349300313/IRS990ScheduleI,full return read (automated row extraction; not individually checked)
Community Foundation For Southeast Michigan,38-2530980,2022,990 Schedule I,989461,Friends of the Israel Defense Forces (13-3156445),PUBLIC & SOCIETAL SUPPORT PROGRAM,https://projects.propublica.org/nonprofits/organizations/382530980/202303199349328215/IRS990ScheduleI,full return read (automated row extraction; not individually checked)
Community Foundation Of Sarasota County Inc,59-1956886,2015,990 Schedule I,7500,Friends of the Israel Defense Forces (13-3156445),UNRESTRICTED GIFT TO GENERAL FUND,https://projects.propublica.org/nonprofits/organizations/591956886/201730479349300113/IRS990ScheduleI,full return read (automated row extraction; not individually checked)
Comras Family Foundation Inc,81-1963020,2019,990-PF XV 3a paid,20000,Friends of the Israel Defense Forces (13-3156445),SUPPORT CONTRIBUTION,https://projects.propublica.org/nonprofits/organizations/811963020/202001229349100105/IRS990PF,full return read (automated row extraction; not individually checked)
Constance And Richard Golber Foundation Tr Agreement,35-7025013,2020,990-PF XV 3a paid,100,Friends of the Israel Defense Forces (13-3156445),GENERAL,https://projects.propublica.org/nonprofits/organizations/357025013/202143099349100384/IRS990PF,full return read (automated row extraction; not individually checked)
Continental Grain Foundation,13-6160912,2023,990-PF XV 3a paid,1000,Friends of the Israel Defense Forces (13-3156445),UNRESTRICTED,https://projects.propublica.org/nonprofits/organizations/136160912/202441359349103759/IRS990PF,full return read (automated row extraction; not individually checked)
Continental Grain Foundation,13-6160912,2024,990-PF XV 3a paid,375,Friends of the Israel Defense Forces (13-3156445),UNRESTRICTED,https://projects.propublica.org/nonprofits/organizations/136160912/202521269349101002/IRS990PF,full return read (automated row extraction; not individually checked)
Cooper Family Foundation Inc,83-2464854,2024,990-PF XV 3a paid,1000,Friends of the Israel Defense Forces (13-3156445),GENERAL PURPOSE,https://projects.propublica.org/nonprofits/organizations/832464854/202513159349100111/IRS990PF,full return read (automated row extraction; not individually checked)
Cooper Family Foundation Inc,22-3595220,2024,990-PF XV 3a paid,1800,Friends of the Israel Defense Forces (13-3156445),PROGRAM SUPPORT,https://projects.propublica.org/nonprofits/organizations/223595220/202541339349100019/IRS990PF,full return read (automated row extraction; not individually checked)
Cornell Family Charitable Foundation,87-6771473,2022,990-PF XV 3a paid,24480,Friends of the Israel Defense Forces (13-3156445),UNRESTRICTED,https://projects.propublica.org/nonprofits/organizations/876771473/202343139349101004/IRS990PF,full return read (automated row extraction; not individually checked)
Cornell Family Charitable Foundation,87-6771473,2023,990-PF XV 3a paid,79300,Friends of the Israel Defense Forces (13-3156445),UNRESTRICTED,https://projects.propublica.org/nonprofits/organizations/876771473/202413109349101461/IRS990PF,full return read (automated row extraction; not individually checked)
Cornell Family Charitable Foundation,87-6771473,2024,990-PF XV 3a paid,169400,Friends of the Israel Defense Forces (13-3156445),UNRESTRICTED,https://projects.propublica.org/nonprofits/organizations/876771473/202513049349100421/IRS990PF,full return read (automated row extraction; not individually checked)
Cozen Oconnor Foundation Inc,20-0074096,2023,990 Schedule I,18000,Friends of the Israel Defense Forces (13-3156445),CHARITABLE CONTRIBUTION - UNRESTRICED TO SUPPORT NON-PROFITS MISSION.,https://projects.propublica.org/nonprofits/organizations/200074096/202413169349302886/IRS990ScheduleI,full return read (automated row extraction; not individually checked)
Craig And Donna Bernfield Family Foundation Tr,26-6447164,2021,990-PF XV 3a paid,25000,Friends of the Israel Defense Forces (13-3156445),GENERAL SUPPORT,https://projects.propublica.org/nonprofits/organizations/266447164/202211739349100311/IRS990PF,full return read (automated row extraction; not individually checked)
Craig And Donna Bernfield Family Foundation Tr,26-6447164,2022,990-PF XV 3a paid,25000,Friends of the Israel Defense Forces (13-3156445),GENERAL SUPPORT,https://projects.propublica.org/nonprofits/organizations/266447164/202313179349103861/IRS990PF,full return read (automated row extraction; not individually checked)
Craig And Donna Bernfield Family Foundation Tr,26-6447164,2023,990-PF XV 3a paid,100000,Friends of the Israel Defense Forces (13-3156445),GENERAL SUPPORT,https://projects.propublica.org/nonprofits/organizations/266447164/202423199349103752/IRS990PF,full return read (automated row extraction; not individually checked)
Crown Family Foundation,36-3330462,2012,990 Schedule I,1000000,Friends of the Israel Defense Forces (13-3156445),General Operating Support,https://projects.propublica.org/nonprofits/organizations/363330462/201401349349301735/IRS990ScheduleI,full return read (automated row extraction; not individually checked)
Crown Family Foundation,36-3330462,2014,990 Schedule I,500000,Friends of the Israel Defense Forces (13-3156445),Zamin Initiative,https://projects.propublica.org/nonprofits/organizations/363330462/201601339349303805/IRS990ScheduleI,full return read (automated row extraction; not individually checked)
Crown Family Foundation,36-3330462,2015,990 Schedule I,760000,Friends of the Israel Defense Forces (13-3156445),Zamin Initiative,https://projects.propublica.org/nonprofits/organizations/363330462/201741259349300349/IRS990ScheduleI,full return read (automated row extraction; not individually checked)
Crown Family Foundation,36-3330462,2016,990 Schedule I,500000,Friends of the Israel Defense Forces (13-3156445),"IMPACT! and project funding: $120,000; NATAL: $250,000; Naor Foundation/Youth Village: $130,000",https://projects.propublica.org/nonprofits/organizations/363330462/201811349349308561/IRS990ScheduleI,full return read (automated row extraction; not individually checked)
Crown Family Foundation,36-3330462,2017,990 Schedule I,375000,Friends of the Israel Defense Forces (13-3156445),"IMPACT! and project funding: $120,000; NATAL: $125,000; General Operations: $130,000",https://projects.propublica.org/nonprofits/organizations/363330462/201911359349310616/IRS990ScheduleI,full return read (automated row extraction; not individually checked)
Crown Family Foundation,36-3330462,2018,990 Schedule I,250000,Friends of the Israel Defense Forces (13-3156445),IMPACT! Funding $120K; Noar Foundation $130K,https://projects.propublica.org/nonprofits/organizations/363330462/202021359349300637/IRS990ScheduleI,full return read (automated row extraction; not individually checked)
Crown Family Foundation,36-3330462,2019,990 Schedule I,734000,Friends of the Israel Defense Forces (13-3156445),"IMPACT! Funding: $604K, Capital Project: $130K",https://projects.propublica.org/nonprofits/organizations/363330462/202101259349302510/IRS990ScheduleI,full return read (automated row extraction; not individually checked)
Curt And Linda Rodin Familyfoundation,20-3859431,2017,990-PF XV 3a paid,300,Friends of the Israel Defense Forces (13-3156445),SUPPORT,https://projects.propublica.org/nonprofits/organizations/203859431/201841349349101449/IRS990PF,full return read (automated row extraction; not individually checked)
Curtis Family Foundation Inc,65-0441571,2024,990-PF XV 3a paid,2500,Friends of the Israel Defense Forces (13-3156445),GENERAL,https://projects.propublica.org/nonprofits/organizations/650441571/202600499349100705/IRS990PF,full return read (automated row extraction; not individually checked)
Dahan Family Foundation Inc,20-1959792,2023,990-PF XV 3a paid,30725,Friends of the Israel Defense Forces (13-3156445),CHARITABLE DONATION,https://projects.propublica.org/nonprofits/organizations/201959792/202441159349100809/IRS990PF,full return read (automated row extraction; not individually checked)
Dalia And Larry Leeds Family Foundation,13-7219856,2023,990-PF XV 3a paid,500,Friends of the Israel Defense Forces (13-3156445),GENERAL CHARITABLE PURPOSE,https://projects.propublica.org/nonprofits/organizations/137219856/202433129349101148/IRS990PF,full return read (automated row extraction; not individually checked)
Dallas Jewish Community Foundation,75-2836123,2014,990 Schedule I,50000,Friends of the Israel Defense Forces (13-3156445),INTERNATIONAL,https://projects.propublica.org/nonprofits/organizations/752836123/201621679349301207/IRS990ScheduleI,full return read (automated row extraction; not individually checked)
Dallas Jewish Community Foundation,75-2836123,2015,990 Schedule I,65720,Friends of the Israel Defense Forces (13-3156445),INTERNATIONAL,https://projects.propublica.org/nonprofits/organizations/752836123/201741649349300859/IRS990ScheduleI,full return read (automated row extraction; not individually checked)
Dallas Jewish Community Foundation,75-2836123,2016,990 Schedule I,121718,Friends of the Israel Defense Forces (13-3156445),INTERNATIONAL,https://projects.propublica.org/nonprofits/organizations/752836123/201801669349300910/IRS990ScheduleI,full return read (automated row extraction; not individually checked)
Dallas Jewish Community Foundation,75-2836123,2018,990 Schedule I,58198,Friends of the Israel Defense Forces (13-3156445),INTERNATIONAL,https://projects.propublica.org/nonprofits/organizations/752836123/202041969349302234/IRS990ScheduleI,full return read (automated row extraction; not individually checked)
Dallas Jewish Community Foundation,75-2836123,2020,990 Schedule I,249938,Friends of the Israel Defense Forces (13-3156445),GENERAL PURPOSE,https://projects.propublica.org/nonprofits/organizations/752836123/202221659349300347/IRS990ScheduleI,full return read (automated row extraction; not individually checked)
Dallas Jewish Community Foundation,75-2836123,2021,990 Schedule I,8300,Friends of the Israel Defense Forces (13-3156445),GENERAL SUPPORT,https://projects.propublica.org/nonprofits/organizations/752836123/202341669349301629/IRS990ScheduleI,full return read (automated row extraction; not individually checked)
Dallas Jewish Community Foundation,75-2836123,2021,990 Schedule I,179248,Friends of the Israel Defense Forces (13-3156445),GENERAL SUPPORT,https://projects.propublica.org/nonprofits/organizations/752836123/202341669349301629/IRS990ScheduleI,full return read (automated row extraction; not individually checked)
Dallas Jewish Community Foundation,75-2836123,2022,990 Schedule I,58978,Friends of the Israel Defense Forces (13-3156445),INTERNATIONAL,https://projects.propublica.org/nonprofits/organizations/752836123/202401699349301855/IRS990ScheduleI,full return read (automated row extraction; not individually checked)
Dallas Jewish Community Foundation,75-2836123,2022,990 Schedule I,303451,Friends of the Israel Defense Forces (13-3156445),HUMAN SERVICE,https://projects.propublica.org/nonprofits/organizations/752836123/202401699349301855/IRS990ScheduleI,full return read (automated row extraction; not individually checked)
Damial Foundation Inc,13-3693581,2023,990-PF XV 3a paid,2500,Friends of the Israel Defense Forces (13-3156445),"To further educational, religious, medical, cultural, societal and environmental causes.",https://projects.propublica.org/nonprofits/organizations/133693581/202432199349100403/IRS990PF,full return read (automated row extraction; not individually checked)
Daniel & Ethel Hamburger Music Fund,20-3203451,2015,990-PF XV 3a paid,5000,Friends of the Israel Defense Forces (13-3156445),MUSIC EDUCATION AND PROGRAMS,https://projects.propublica.org/nonprofits/organizations/203203451/201642379349100414/IRS990PF,full return read (automated row extraction; not individually checked)
Daniel B And Florence E Green Foundation,20-1910865,2019,990-PF XV 3a paid,3600,Friends of the Israel Defense Forces (13-3156445),GENERAL FUND,https://projects.propublica.org/nonprofits/organizations/201910865/202140539349100624/IRS990PF,full return read (automated row extraction; not individually checked)
Daniel L Nir And Jill E Braufman Family Foundation Inc,30-0218951,2016,990-PF XV 3a paid,50000,Friends of the Israel Defense Forces (13-3156445),RELIGIOUS,https://projects.propublica.org/nonprofits/organizations/300218951/201711359349101006/IRS990PF,full return read (automated row extraction; not individually checked)
Daniel L Nir And Jill E Braufman Family Foundation Inc,30-0218951,2017,990-PF XV 3a paid,75000,Friends of the Israel Defense Forces (13-3156445),RELIGIOUS,https://projects.propublica.org/nonprofits/organizations/300218951/201821349349101557/IRS990PF,full return read (automated row extraction; not individually checked)
Daniel L Nir And Jill E Braufman Family Foundation Inc,30-0218951,2018,990-PF XV 3a paid,75000,Friends of the Israel Defense Forces (13-3156445),RELIGIOUS,https://projects.propublica.org/nonprofits/organizations/300218951/201911429349100416/IRS990PF,full return read (automated row extraction; not individually checked)
Daniel L Nir And Jill E Braufman Family Foundation Inc,30-0218951,2020,990-PF XV 3a paid,200000,Friends of the Israel Defense Forces (13-3156445),RELIGIOUS,https://projects.propublica.org/nonprofits/organizations/300218951/202132119349100203/IRS990PF,full return read (automated row extraction; not individually checked)
Daniel L Nir And Jill E Braufman Family Foundation Inc,30-0218951,2021,990-PF XV 3a paid,100000,Friends of the Israel Defense Forces (13-3156445),RELIGIOUS,https://projects.propublica.org/nonprofits/organizations/300218951/202231329349103778/IRS990PF,full return read (automated row extraction; not individually checked)
Daniel T Alvy Foundation,95-4682060,2024,990-PF XV 3a paid,12000,Friends of the Israel Defense Forces (13-3156445),GENERAL FUND,https://projects.propublica.org/nonprofits/organizations/954682060/202501569349101215/IRS990PF,full return read (automated row extraction; not individually checked)
Dare Foundation,83-1471194,2022,990-PF XV 3a paid,8000,Friends of the Israel Defense Forces (13-3156445),GENERAL,https://projects.propublica.org/nonprofits/organizations/831471194/202323179349101652/IRS990PF,full return read (automated row extraction; not individually checked)
David & Regina Weinberg Family Foundation Inc,31-1615045,2020,990 Schedule I,5400,Friends of the Israel Defense Forces (13-3156445),GENERAL SUPPORT,https://projects.propublica.org/nonprofits/organizations/311615045/202141339349304704/IRS990ScheduleI,full return read (automated row extraction; not individually checked)
David And Dassie Schreiber Family Foundation Inc,11-3589018,2015,990-PF XV 3a paid,500,Friends of the Israel Defense Forces (13-3156445),TO PROMOTE FOUNDATION'S CHARITABLE ACTIVITIES,https://projects.propublica.org/nonprofits/organizations/113589018/201613209349101681/IRS990PF,full return read (automated row extraction; not individually checked)
David And Fela Shapell Family Foundation,95-6187271,2020,990-PF XV 3a paid,75000,Friends of the Israel Defense Forces (13-3156445),"CHARITIES TO PROMOTE CHARITABLE, EDUCATIONAL, LITERARY & SCIENTIFIC RESEARCH.",https://projects.propublica.org/nonprofits/organizations/956187271/202103099349102105/IRS990PF,full return read (automated row extraction; not individually checked)
David And Fela Shapell Family Foundation,95-6187271,2021,990-PF XV 3a paid,5000,Friends of the Israel Defense Forces (13-3156445),"CHARITIES TO PROMOTE CHARITABLE, EDUCATIONAL, LITERARY & SCIENTIFIC RESEARCH.",https://projects.propublica.org/nonprofits/organizations/956187271/202223159349102157/IRS990PF,full return read (automated row extraction; not individually checked)
David And Fela Shapell Family Foundation,95-6187271,2024,990-PF XV 3a paid,518000,Friends of the Israel Defense Forces (13-3156445),"CHARITIES TO PROMOTE CHARITABLE, EDUCATIONAL, LITERARY & SCIENTIFIC RESEARCH.",https://projects.propublica.org/nonprofits/organizations/956187271/202543179349102824/IRS990PF,full return read (automated row extraction; not individually checked)
David And Janet Polak Foundation,45-4797578,2020,990-PF XV 3a paid,48000,Friends of the Israel Defense Forces (13-3156445),IMPACT! Scholarship fund,https://projects.propublica.org/nonprofits/organizations/454797578/202143209349100204/IRS990PF,full return read (automated row extraction; not individually checked)
David And Janet Polak Foundation,45-4797578,2020,990-PF XV 3a paid,52000,Friends of the Israel Defense Forces (13-3156445),IMPACT! Scholarship fund,https://projects.propublica.org/nonprofits/organizations/454797578/202143209349100204/IRS990PF,full return read (automated row extraction; not individually checked)
David And Janet Polak Foundation,45-4797578,2021,990-PF XV 3a paid,12,Friends of the Israel Defense Forces (13-3156445),sponsor,https://projects.propublica.org/nonprofits/organizations/454797578/202203199349110700/IRS990PF,full return read (automated row extraction; not individually checked)
David And Janet Polak Foundation,45-4797578,2021,990-PF XV 3a paid,13,Friends of the Israel Defense Forces (13-3156445),sponsor,https://projects.propublica.org/nonprofits/organizations/454797578/202203199349110700/IRS990PF,full return read (automated row extraction; not individually checked)
David And Janet Polak Foundation,45-4797578,2022,990-PF XV 3a paid,13,Friends of the Israel Defense Forces (13-3156445),sponsor,https://projects.propublica.org/nonprofits/organizations/454797578/202323169349100462/IRS990PF,full return read (automated row extraction; not individually checked)
David And Janet Polak Foundation,45-4797578,2023,990-PF XV 3a paid,50000,Friends of the Israel Defense Forces (13-3156445),General & Unrestricted,https://projects.propublica.org/nonprofits/organizations/454797578/202433209349108468/IRS990PF,full return read (automated row extraction; not individually checked)
David And Janet Polak Foundation,45-4797578,2023,990-PF XV 3a paid,13,Friends of the Israel Defense Forces (13-3156445),sponsor,https://projects.propublica.org/nonprofits/organizations/454797578/202433209349108468/IRS990PF,full return read (automated row extraction; not individually checked)
David And Leila Centner Family Foundation Inc,47-2211561,2019,990-PF XV 3a paid,25000,Friends of the Israel Defense Forces (13-3156445),GENERAL SUPPORT,https://projects.propublica.org/nonprofits/organizations/472211561/202041959349101649/IRS990PF,full return read (automated row extraction; not individually checked)
David And Lucille Robbins Foundation Inc,27-1536886,2014,990-PF XV 3a paid,70000,Friends of the Israel Defense Forces (13-3156445),FOR GENERAL CHARITABLE PURPOSES,https://projects.propublica.org/nonprofits/organizations/271536886/201501539349100010/IRS990PF,full return read (automated row extraction; not individually checked)
David And Lucille Robbins Foundation Inc,27-1536886,2015,990-PF XV 3a paid,75000,Friends of the Israel Defense Forces (13-3156445),FOR GENERAL CHARITABLE PURPOSES,https://projects.propublica.org/nonprofits/organizations/271536886/201631319349101568/IRS990PF,full return read (automated row extraction; not individually checked)
David And Lucille Robbins Foundation Inc,27-1536886,2016,990-PF XV 3a paid,120000,Friends of the Israel Defense Forces (13-3156445),FOR GENERAL CHARITABLE PURPOSES,https://projects.propublica.org/nonprofits/organizations/271536886/201721309349102162/IRS990PF,full return read (automated row extraction; not individually checked)
David And Lucille Robbins Foundation Inc,27-1536886,2017,990-PF XV 3a paid,116000,Friends of the Israel Defense Forces (13-3156445),FOR GENERAL CHARITABLE PURPOSES,https://projects.propublica.org/nonprofits/organizations/271536886/201831309349100633/IRS990PF,full return read (automated row extraction; not individually checked)
David And Lucille Robbins Foundation Inc,27-1536886,2018,990-PF XV 3a paid,100000,Friends of the Israel Defense Forces (13-3156445),FOR GENERAL CHARITABLE PURPOSES,https://projects.propublica.org/nonprofits/organizations/271536886/201931309349101833/IRS990PF,full return read (automated row extraction; not individually checked)
David And Lucille Robbins Foundation Inc,27-1536886,2019,990-PF XV 3a paid,65000,Friends of the Israel Defense Forces (13-3156445),FOR GENERAL CHARITABLE PURPOSES,https://projects.propublica.org/nonprofits/organizations/271536886/202011619349100706/IRS990PF,full return read (automated row extraction; not individually checked)
David And Lucille Robbins Foundation Inc,27-1536886,2020,990-PF XV 3a paid,105000,Friends of the Israel Defense Forces (13-3156445),FOR GENERAL CHARITABLE PURPOSES,https://projects.propublica.org/nonprofits/organizations/271536886/202142309349100909/IRS990PF,full return read (automated row extraction; not individually checked)
David And Lucille Robbins Foundation Inc,27-1536886,2021,990-PF XV 3a paid,105000,Friends of the Israel Defense Forces (13-3156445),FOR GENERAL CHARITABLE PURPOSES,https://projects.propublica.org/nonprofits/organizations/271536886/202221589349101007/IRS990PF,full return read (automated row extraction; not individually checked)
David And Lucille Robbins Foundation Inc,27-1536886,2022,990-PF XV 3a paid,100000,Friends of the Israel Defense Forces (13-3156445),FOR GENERAL CHARITABLE PURPOSES,https://projects.propublica.org/nonprofits/organizations/271536886/202301299349104300/IRS990PF,full return read (automated row extraction; not individually checked)
David And Lucille Robbins Foundation Inc,27-1536886,2023,990-PF XV 3a paid,100000,Friends of the Israel Defense Forces (13-3156445),FOR GENERAL CHARITABLE PURPOSES,https://projects.propublica.org/nonprofits/organizations/271536886/202421349349102867/IRS990PF,full return read (automated row extraction; not individually checked)
David And Lucille Robbins Foundation Inc,27-1536886,2024,990-PF XV 3a paid,118000,Friends of the Israel Defense Forces (13-3156445),FOR GENERAL CHARITABLE PURPOSES,https://projects.propublica.org/nonprofits/organizations/271536886/202521329349102082/IRS990PF,full return read (automated row extraction; not individually checked)
David And Lucille Robbins Foundation Inc,27-1536886,2025,990-PF XV 3a paid,100000,Friends of the Israel Defense Forces (13-3156445),FOR GENERAL CHARITABLE PURPOSES,https://projects.propublica.org/nonprofits/organizations/271536886/202601339349101140/IRS990PF,full return read (automated row extraction; not individually checked)
David And Ruth Moskowitz Family Charitable Foundation,34-1806783,2024,990 Schedule I,20000,Friends of the Israel Defense Forces (13-3156445),IMPACT SCHOLARSHIPS,https://projects.propublica.org/nonprofits/organizations/341806783/202601349349310660/IRS990ScheduleI,full return read (automated row extraction; not individually checked)
David And Sheila Cornstein Foundation,13-3519327,2013,990-PF XV 3a paid,1000,Friends of the Israel Defense Forces (13-3156445),EXEMPT CHARITABLE,https://projects.propublica.org/nonprofits/organizations/133519327/201421269349100142/IRS990PF,full return read (automated row extraction; not individually checked)
David And Sheila Cornstein Foundation,13-3519327,2021,990-PF XV 3a paid,10000,Friends of the Israel Defense Forces (13-3156445),EXEMPT CHARITABLE,https://projects.propublica.org/nonprofits/organizations/133519327/202241319349100609/IRS990PF,full return read (automated row extraction; not individually checked)
David And Sheila Cornstein Foundation,13-3519327,2023,990-PF XV 3a paid,1800,Friends of the Israel Defense Forces (13-3156445),EXEMPT CHARITABLE,https://projects.propublica.org/nonprofits/organizations/133519327/202431669349100808/IRS990PF,full return read (automated row extraction; not individually checked)
David And Susan Kreisman Family Foundation Inc,27-1527925,2019,990-PF XV 3a paid,250000,Friends of the Israel Defense Forces (13-3156445),FOUNDATION GRANT,https://projects.propublica.org/nonprofits/organizations/271527925/202032349349100203/IRS990PF,full return read (automated row extraction; not individually checked)
David And Susan Kreisman Family Foundation Inc,27-1527925,2020,990-PF XV 3a paid,250000,Friends of the Israel Defense Forces (13-3156445),FOUNDATION GRANT,https://projects.propublica.org/nonprofits/organizations/271527925/202141689349100314/IRS990PF,full return read (automated row extraction; not individually checked)
David And Susan Kreisman Family Foundation Inc,27-1527925,2021,990-PF XV 3a paid,250000,Friends of the Israel Defense Forces (13-3156445),FOUNDATION GRANT,https://projects.propublica.org/nonprofits/organizations/271527925/202202229349100505/IRS990PF,full return read (automated row extraction; not individually checked)
David And Susan Kreisman Family Foundation Inc,27-1527925,2022,990-PF XV 3a paid,250000,Friends of the Israel Defense Forces (13-3156445),FOUNDATION GRANT,https://projects.propublica.org/nonprofits/organizations/271527925/202313119349102026/IRS990PF,full return read (automated row extraction; not individually checked)
David And Susan Kreisman Family Foundation Inc,27-1527925,2023,990-PF XV 3a paid,250000,Friends of the Israel Defense Forces (13-3156445),FOUNDATION GRANT,https://projects.propublica.org/nonprofits/organizations/271527925/202423209349104487/IRS990PF,full return read (automated row extraction; not individually checked)
David F & Sara K Weston Fund,31-6026109,2022,990-PF XV 3a paid,2000,Friends of the Israel Defense Forces (13-3156445),501 (C) (3) GENERAL PURPOSES,https://projects.propublica.org/nonprofits/organizations/316026109/202323119349102287/IRS990PF,full return read (automated row extraction; not individually checked)
David F & Sara K Weston Fund,31-6026109,2024,990-PF XV 3a paid,5000,Friends of the Israel Defense Forces (13-3156445),501 (C) (3) GENERAL PURPOSES,https://projects.propublica.org/nonprofits/organizations/316026109/202501609349100920/IRS990PF,full return read (automated row extraction; not individually checked)
David F & Sara K Weston Fund,31-6026109,2025,990-PF XV 3a paid,5000,Friends of the Israel Defense Forces (13-3156445),GENERAL PURPOSES,https://projects.propublica.org/nonprofits/organizations/316026109/202621809349100937/IRS990PF,full return read (automated row extraction; not individually checked)
David J Beyda Memorial Foundation,13-3757794,2017,990-PF XV 3a paid,5000,Friends of the Israel Defense Forces (13-3156445),TO FURTHER THE GOALS SET OUT IN THE FOUNDATION'S CHARTER,https://projects.propublica.org/nonprofits/organizations/133757794/201811319349101311/IRS990PF,full return read (automated row extraction; not individually checked)
David J Soloway Foundation Inc,20-1360694,2012,990-PF XV 3a paid,20000,Friends of the Israel Defense Forces (13-3156445),509a1 Spiritual Needs Program and Dignity Program,https://projects.propublica.org/nonprofits/organizations/201360694/201421919349100012/IRS990PF,full return read (automated row extraction; not individually checked)
David J Soloway Foundation Inc,20-1360694,2018,990-PF XV 3a paid,25000,Friends of the Israel Defense Forces (13-3156445),Spiritual Needs Program and the dignity program,https://projects.propublica.org/nonprofits/organizations/201360694/202040949349100309/IRS990PF,full return read (automated row extraction; not individually checked)
David J Soloway Foundation Inc,20-1360694,2019,990-PF XV 3a paid,25000,Friends of the Israel Defense Forces (13-3156445),Spiritual Needs Program and the Dignity Program,https://projects.propublica.org/nonprofits/organizations/201360694/202141039349100134/IRS990PF,full return read (automated row extraction; not individually checked)
David J Soloway Foundation Inc,20-1360694,2020,990-PF XV 3a paid,25000,Friends of the Israel Defense Forces (13-3156445),The Dignity Program,https://projects.propublica.org/nonprofits/organizations/201360694/202201049349100120/IRS990PF,full return read (automated row extraction; not individually checked)
David J Soloway Foundation Inc,20-1360694,2021,990-PF XV 3a paid,50000,Friends of the Israel Defense Forces (13-3156445),Dignity Program,https://projects.propublica.org/nonprofits/organizations/201360694/202331049349100213/IRS990PF,full return read (automated row extraction; not individually checked)
David J Soloway Foundation Inc,20-1360694,2022,990-PF XV 3a paid,50000,Friends of the Israel Defense Forces (13-3156445),Dignity Program,https://projects.propublica.org/nonprofits/organizations/201360694/202411589349101301/IRS990PF,full return read (automated row extraction; not individually checked)
David J Soloway Foundation Inc,20-1360694,2024,990-PF XV 3a paid,50000,Friends of the Israel Defense Forces (13-3156445),Lone Soldier Support - Financial Assistance/Personal Necessities Vouchers Program,https://projects.propublica.org/nonprofits/organizations/201360694/202611339349105071/IRS990PF,full return read (automated row extraction; not individually checked)
David Kahan Family Foundation,85-3471750,2023,990-PF XV 3a paid,26800,Friends of the Israel Defense Forces (13-3156445),GENERAL CONTRIBUTION,https://projects.propublica.org/nonprofits/organizations/853471750/202403399349100705/IRS990PF,full return read (automated row extraction; not individually checked)
David Kahan Family Foundation,85-3471750,2024,990-PF XV 3a paid,5000,Friends of the Israel Defense Forces (13-3156445),GENERAL CONTRIBUTION,https://projects.propublica.org/nonprofits/organizations/853471750/202520589349100407/IRS990PF,full return read (automated row extraction; not individually checked)
David Kimmel Foundation,13-4110021,2024,990-PF XV 3a paid,5000,Friends of the Israel Defense Forces (13-3156445),GENERAL,https://projects.propublica.org/nonprofits/organizations/134110021/202530449349100523/IRS990PF,full return read (automated row extraction; not individually checked)
David T Nash Charitable Foundation,91-1846057,2025,990-PF XV 3a paid,10000,Friends of the Israel Defense Forces (13-3156445),GENERAL SUPPORT,https://projects.propublica.org/nonprofits/organizations/911846057/202601249349101735/IRS990PF,full return read (automated row extraction; not individually checked)
Db Kaye Family Foundation Inc,47-2815974,2018,990-PF XV 3a paid,180,Friends of the Israel Defense Forces (13-3156445),"To offer educational, cultural, recreational, and social services programs and facilities that provide hope, purpose, and life-changing supp",https://projects.propublica.org/nonprofits/organizations/472815974/201931449349100108/IRS990PF,full return read (automated row extraction; not individually checked)
Db Kaye Family Foundation Inc,47-2815974,2019,990-PF XV 3a paid,2160,Friends of the Israel Defense Forces (13-3156445),"To offer educational, cultural, recreational, and social services programs and facilities that provide hope, purpose, and life-changing supp",https://projects.propublica.org/nonprofits/organizations/472815974/202003109349100600/IRS990PF,full return read (automated row extraction; not individually checked)
Db Kaye Family Foundation Inc,47-2815974,2020,990-PF XV 3a paid,5000,Friends of the Israel Defense Forces (13-3156445),"To offer educational, cultural, recreational, and social services programs and facilities that provide hope, purpose, and life-changing supp",https://projects.propublica.org/nonprofits/organizations/472815974/202122569349100737/IRS990PF,full return read (automated row extraction; not individually checked)
Debra And David Lorig Family Foundation,88-0725827,2025,990-PF XV 3a paid,2050,Friends of the Israel Defense Forces (13-3156445),GENERAL OPERATING SUPPORT,https://projects.propublica.org/nonprofits/organizations/880725827/202631829349100623/IRS990PF,full return read (automated row extraction; not individually checked)
Debra And Jeffrey Geller Family Foundation Inc,13-4138500,2019,990-PF XV 3a paid,1000,Friends of the Israel Defense Forces (13-3156445),CHARITABLE GIFT,https://projects.propublica.org/nonprofits/organizations/134138500/202013079349100736/IRS990PF,full return read (automated row extraction; not individually checked)
Debra And Leon Black Family Foundation,13-3947890,2016,990-PF XV 3a paid,50000,Friends of the Israel Defense Forces (13-3156445),CHARITABLE PURPOSES,https://projects.propublica.org/nonprofits/organizations/133947890/201712919349100101/IRS990PF,full return read (automated row extraction; not individually checked)
Debra And Leon Black Family Foundation,13-3947890,2016,990-PF XV 3b approved future,50000,Friends of the Israel Defense Forces (13-3156445),CHARITABLE PURPOSES,https://projects.propublica.org/nonprofits/organizations/133947890/201712919349100101/IRS990PF,full return read (automated row extraction; not individually checked)
Debra And Leon Black Family Foundation,13-3947890,2017,990-PF XV 3a paid,50000,Friends of the Israel Defense Forces (13-3156445),CHARITABLE PURPOSES,https://projects.propublica.org/nonprofits/organizations/133947890/201811319349102261/IRS990PF,full return read (automated row extraction; not individually checked)
Dechomai Foundation Inc,06-1676688,2024,990 Schedule I,54000,Friends of the Israel Defense Forces (13-3156445),CASH NOT APPLICABLE UNRESTRICTED,https://projects.propublica.org/nonprofits/organizations/61676688/202543159349304249/IRS990ScheduleI,full return read (automated row extraction; not individually checked)
Del And Beatrice P Mintz Family Charitable Foundation,34-1673881,2024,990-PF XV 3a paid,400,Friends of the Israel Defense Forces (13-3156445),Israel Defense Fund,https://projects.propublica.org/nonprofits/organizations/341673881/202501239349100105/IRS990PF,full return read (automated row extraction; not individually checked)
Denise Lefrak Foundation,81-5393182,2023,990-PF XV 3a paid,25000,Friends of the Israel Defense Forces (13-3156445),GENERAL SUPPORT,https://projects.propublica.org/nonprofits/organizations/815393182/202423129349100007/IRS990PF,full return read (automated row extraction; not individually checked)
Dennis & Nancy Ditlove Family Foundation,41-1916025,2014,990-PF XV 3a paid,500,Friends of the Israel Defense Forces (13-3156445),GENERAL FUNDING,https://projects.propublica.org/nonprofits/organizations/411916025/201523099349100022/IRS990PF,full return read (automated row extraction; not individually checked)
Dennis And Joyce Ruben Foundation,36-3486610,2017,990-PF XV 3a paid,180,Friends of the Israel Defense Forces (13-3156445),CHARITABLE,https://projects.propublica.org/nonprofits/organizations/363486610/201840679349100709/IRS990PF,full return read (automated row extraction; not individually checked)
Deroy Testamentary Foundation,38-2208833,2021,990-PF XV 3a paid,10000,Friends of the Israel Defense Forces (13-3156445),GENERAL PURPOSE GRANT,https://projects.propublica.org/nonprofits/organizations/382208833/202211319349101126/IRS990PF,full return read (automated row extraction; not individually checked)
Diamond Foundation,22-6025493,2014,990-PF XV 3a paid,4000,Friends of the Israel Defense Forces (13-3156445),SERVICESERVICE,https://projects.propublica.org/nonprofits/organizations/226025493/201532689349100303/IRS990PF,full return read (automated row extraction; not individually checked)
Diamond Foundation,22-6025493,2015,990-PF XV 3a paid,4700,Friends of the Israel Defense Forces (13-3156445),SERVICESERVICE,https://projects.propublica.org/nonprofits/organizations/226025493/201611379349101431/IRS990PF,full return read (automated row extraction; not individually checked)
Diana & Michael David Epstein Foundation Inc,31-1684510,2019,990-PF XV 3a paid,1000,Friends of the Israel Defense Forces (13-3156445),CHARITABLE,https://projects.propublica.org/nonprofits/organizations/311684510/202013159349100106/IRS990PF,full return read (automated row extraction; not individually checked)
Diane And Howard Wohl Family Foundation Inc,11-3493603,2020,990-PF XV 3a paid,3000,Friends of the Israel Defense Forces (13-3156445),GENERAL PURPOSE,https://projects.propublica.org/nonprofits/organizations/113493603/202133169349102948/IRS990PF,full return read (automated row extraction; not individually checked)
Diane And Howard Wohl Family Foundation Inc,11-3493603,2021,990-PF XV 3a paid,3000,Friends of the Israel Defense Forces (13-3156445),GENERAL PURPOSE,https://projects.propublica.org/nonprofits/organizations/113493603/202233089349101903/IRS990PF,full return read (automated row extraction; not individually checked)
Diane And Howard Wohl Family Foundation Inc,11-3493603,2022,990-PF XV 3a paid,2000,Friends of the Israel Defense Forces (13-3156445),GENERAL PURPOSE,https://projects.propublica.org/nonprofits/organizations/113493603/202323189349103967/IRS990PF,full return read (automated row extraction; not individually checked)
Diane And Howard Wohl Family Foundation Inc,11-3493603,2023,990-PF XV 3a paid,3500,Friends of the Israel Defense Forces (13-3156445),GENERAL SUPPORT,https://projects.propublica.org/nonprofits/organizations/113493603/202413209349105346/IRS990PF,full return read (automated row extraction; not individually checked)
Diane And Howard Wohl Family Foundation Inc,11-3493603,2024,990-PF XV 3a paid,5250,Friends of the Israel Defense Forces (13-3156445),GENERAL SUPPORT,https://projects.propublica.org/nonprofits/organizations/113493603/202523219349104237/IRS990PF,full return read (automated row extraction; not individually checked)
Dka Charitable Trust,20-1866593,2022,990-PF XV 3a paid,1350,Friends of the Israel Defense Forces (13-3156445),FOR CHARITY'S SPECIFIED SERVICES,https://projects.propublica.org/nonprofits/organizations/201866593/202432679349100523/IRS990PF,full return read (automated row extraction; not individually checked)
Dlh Foundation,85-1292868,2023,990-PF XV 3a paid,600,Friends of the Israel Defense Forces (13-3156445),GRANT TO ASSIST ORGANZIATION TO FULLFILL NON-PROFIT MISSION,https://projects.propublica.org/nonprofits/organizations/851292868/202412879349100401/IRS990PF,full return read (automated row extraction; not individually checked)
Do Good Feel Good Family Foundation,46-4181043,2014,990-PF XV 3a paid,26000,Friends of the Israel Defense Forces (13-3156445),CHARITABLE CONTRIBUT CHARITABLE CONTRIBUTION,https://projects.propublica.org/nonprofits/organizations/464181043/201610749349100766/IRS990PF,full return read (automated row extraction; not individually checked)
Do Good Feel Good Family Foundation,46-4181043,2015,990-PF XV 3a paid,24000,Friends of the Israel Defense Forces (13-3156445),CHARITABLE CONTRIBUTION,https://projects.propublica.org/nonprofits/organizations/464181043/201701659349100705/IRS990PF,full return read (automated row extraction; not individually checked)
Do Good Feel Good Family Foundation,46-4181043,2016,990-PF XV 3a paid,35000,Friends of the Israel Defense Forces (13-3156445),CHARITABLE CONTRIBUTION,https://projects.propublica.org/nonprofits/organizations/464181043/201802419349100700/IRS990PF,full return read (automated row extraction; not individually checked)
Do Good Feel Good Family Foundation,46-4181043,2018,990-PF XV 3a paid,24000,Friends of the Israel Defense Forces (13-3156445),CHARITABLE CONTRIBUTION,https://projects.propublica.org/nonprofits/organizations/464181043/202022529349100162/IRS990PF,full return read (automated row extraction; not individually checked)
Domansky Family Foundation Inc,27-0442932,2023,990-PF XV 3a paid,50000,Friends of the Israel Defense Forces (13-3156445),EXEMPT UNDER 501(C)( UNRESTRICTED GENERAL SUPPORT,https://projects.propublica.org/nonprofits/organizations/270442932/202441359349102424/IRS990PF,full return read (automated row extraction; not individually checked)
Donald Levin Family Foundation,36-3329401,2024,990-PF XV 3a paid,1000000,Friends of the Israel Defense Forces (13-3156445),UNRESTRICTED,https://projects.propublica.org/nonprofits/organizations/363329401/202610419349100421/IRS990PF,full return read (row individually checked)
Donald M Ephraim Family,36-3739581,2024,990-PF XV 3a paid,500,Friends of the Israel Defense Forces (13-3156445),GENERAL,https://projects.propublica.org/nonprofits/organizations/363739581/202531159349100808/IRS990PF,full return read (automated row extraction; not individually checked)
Donald M Ephraim Family,36-3739581,2025,990-PF XV 3a paid,500,Friends of the Israel Defense Forces (13-3156445),GENERAL,https://projects.propublica.org/nonprofits/organizations/363739581/202611249349102231/IRS990PF,full return read (automated row extraction; not individually checked)
Donor Advised Charitable Giving,31-1640316,2014,990 Schedule I,17990,Friends of the Israel Defense Forces (13-3156445),INTERNATIONAL/FOREIGN AFFAIRS,https://projects.propublica.org/nonprofits/organizations/311640316/201600859349300135/IRS990ScheduleI,full return read (automated row extraction; not individually checked)
Donor Advised Charitable Giving,31-1640316,2014,990 Schedule I,17143,Friends of the Israel Defense Forces (13-3156445),INTERNATIONAL/FOREIGN AFFAIRS,https://projects.propublica.org/nonprofits/organizations/311640316/201600859349300135/IRS990ScheduleI,full return read (automated row extraction; not individually checked)
Donor Advised Charitable Giving,31-1640316,2014,990 Schedule I,10800,Friends of the Israel Defense Forces (13-3156445),INTERNATIONAL/FOREIGN AFFAIRS,https://projects.propublica.org/nonprofits/organizations/311640316/201600859349300135/IRS990ScheduleI,full return read (automated row extraction; not individually checked)
Donor Advised Charitable Giving,31-1640316,2014,990 Schedule I,62010,Friends of the Israel Defense Forces (13-3156445),INTERNATIONAL/FOREIGN AFFAIRS,https://projects.propublica.org/nonprofits/organizations/311640316/201600859349300135/IRS990ScheduleI,full return read (automated row extraction; not individually checked)
Donor Advised Charitable Giving,31-1640316,2014,990 Schedule I,415520,Friends of the Israel Defense Forces (13-3156445),INTERNATIONAL/FOREIGN AFFAIRS,https://projects.propublica.org/nonprofits/organizations/311640316/201600859349300135/IRS990ScheduleI,full return read (automated row extraction; not individually checked)
Donor Advised Charitable Giving,31-1640316,2015,990 Schedule I,8810,Friends of the Israel Defense Forces (13-3156445),International/Foreign Affairs,https://projects.propublica.org/nonprofits/organizations/311640316/201700559349300200/IRS990ScheduleI,full return read (automated row extraction; not individually checked)
Donor Advised Charitable Giving,31-1640316,2015,990 Schedule I,210123,Friends of the Israel Defense Forces (13-3156445),International/Foreign Affairs,https://projects.propublica.org/nonprofits/organizations/311640316/201700559349300200/IRS990ScheduleI,full return read (automated row extraction; not individually checked)
Donor Advised Charitable Giving,31-1640316,2015,990 Schedule I,20410,Friends of the Israel Defense Forces (13-3156445),International/Foreign Affairs,https://projects.propublica.org/nonprofits/organizations/311640316/201700559349300200/IRS990ScheduleI,full return read (automated row extraction; not individually checked)
Donor Advised Charitable Giving,31-1640316,2015,990 Schedule I,6000,Friends of the Israel Defense Forces (13-3156445),International/Foreign Affairs,https://projects.propublica.org/nonprofits/organizations/311640316/201700559349300200/IRS990ScheduleI,full return read (automated row extraction; not individually checked)
Donor Advised Charitable Giving,31-1640316,2015,990 Schedule I,6255,Friends of the Israel Defense Forces (13-3156445),International/Foreign Affairs,https://projects.propublica.org/nonprofits/organizations/311640316/201700559349300200/IRS990ScheduleI,full return read (automated row extraction; not individually checked)
Donor Advised Charitable Giving,31-1640316,2015,990 Schedule I,6400,Friends of the Israel Defense Forces (13-3156445),Social Services/Social Benefits,https://projects.propublica.org/nonprofits/organizations/311640316/201700559349300200/IRS990ScheduleI,full return read (automated row extraction; not individually checked)
Donor Advised Charitable Giving,31-1640316,2016,990 Schedule I,52500,Friends of the Israel Defense Forces (13-3156445),International/Foreign Affairs,https://projects.propublica.org/nonprofits/organizations/311640316/201800879349300300/IRS990ScheduleI,full return read (automated row extraction; not individually checked)
Donor Advised Charitable Giving,31-1640316,2016,990 Schedule I,12200,Friends of the Israel Defense Forces (13-3156445),Social Services/Social Benefits,https://projects.propublica.org/nonprofits/organizations/311640316/201800879349300300/IRS990ScheduleI,full return read (automated row extraction; not individually checked)
Donor Advised Charitable Giving,31-1640316,2016,990 Schedule I,15600,Friends of the Israel Defense Forces (13-3156445),International/Foreign Affairs,https://projects.propublica.org/nonprofits/organizations/311640316/201800879349300300/IRS990ScheduleI,full return read (automated row extraction; not individually checked)
Donor Advised Charitable Giving,31-1640316,2016,990 Schedule I,15440,Friends of the Israel Defense Forces (13-3156445),International/Foreign Affairs,https://projects.propublica.org/nonprofits/organizations/311640316/201800879349300300/IRS990ScheduleI,full return read (automated row extraction; not individually checked)
Donor Advised Charitable Giving,31-1640316,2016,990 Schedule I,89289,Friends of the Israel Defense Forces (13-3156445),International/Foreign Affairs,https://projects.propublica.org/nonprofits/organizations/311640316/201800879349300300/IRS990ScheduleI,full return read (automated row extraction; not individually checked)
Donor Advised Charitable Giving,31-1640316,2018,990 Schedule I,595989,Friends of the Israel Defense Forces (13-3156445),"INTERNATIONAL, FOREIGN AFFAIRS",https://projects.propublica.org/nonprofits/organizations/311640316/202010489349300101/IRS990ScheduleI,full return read (automated row extraction; not individually checked)
Donor Advised Charitable Giving,31-1640316,2020,990 Schedule I,926200,Friends of the Israel Defense Forces (13-3156445),"INTERNATIONAL, FOREIGN AFFAIRS",https://projects.propublica.org/nonprofits/organizations/311640316/202230499349301028/IRS990ScheduleI,full return read (automated row extraction; not individually checked)
Dorfman And Kaish Family Foundationinc,20-5956133,2023,990-PF XV 3a paid,10000,Friends of the Israel Defense Forces (13-3156445),CHARITABLE CONTRIBUTION,https://projects.propublica.org/nonprofits/organizations/205956133/202441979349100209/IRS990PF,full return read (automated row extraction; not individually checked)
Dorfman And Kaish Family Foundationinc,20-5956133,2024,990-PF XV 3a paid,10000,Friends of the Israel Defense Forces (13-3156445),CHARITABLE CONTRIBUTION,https://projects.propublica.org/nonprofits/organizations/205956133/202541359349104769/IRS990PF,full return read (automated row extraction; not individually checked)
Doris & Stanley Tananbaum Foundation,13-7161531,2025,990-PF XV 3a paid,3500,Friends of the Israel Defense Forces (13-3156445),,https://projects.propublica.org/nonprofits/organizations/137161531/202631339349102033/IRS990PF,full return read (automated row extraction; not individually checked)
Doris And Jerome Hirschmann Foundation,36-3678232,2020,990-PF XV 3a paid,10000,Friends of the Israel Defense Forces (13-3156445),Charitable,https://projects.propublica.org/nonprofits/organizations/363678232/202133129349102353/IRS990PF,full return read (automated row extraction; not individually checked)
Doris And Jerome Hirschmann Foundation,36-3678232,2021,990-PF XV 3a paid,10000,Friends of the Israel Defense Forces (13-3156445),Charitable,https://projects.propublica.org/nonprofits/organizations/363678232/202203139349102075/IRS990PF,full return read (automated row extraction; not individually checked)
Doris And Jerome Hirschmann Foundation,36-3678232,2022,990-PF XV 3a paid,1000,Friends of the Israel Defense Forces (13-3156445),Charitable,https://projects.propublica.org/nonprofits/organizations/363678232/202303179349101000/IRS990PF,full return read (automated row extraction; not individually checked)
Dorothy And Murray Feiss Foundation Inc,20-1929674,2021,990-PF XV 3a paid,1000,Friends of the Israel Defense Forces (13-3156445),GENERAL FUND,https://projects.propublica.org/nonprofits/organizations/201929674/202201729349100010/IRS990PF,full return read (automated row extraction; not individually checked)
Doug And Robyn Ross Familyfoundation Inc,20-4337002,2015,990 Schedule I,10000,Friends of the Israel Defense Forces (13-3156445),DONATION,https://projects.propublica.org/nonprofits/organizations/204337002/201721359349305522/IRS990ScheduleI,full return read (automated row extraction; not individually checked)
Douglas And Susan Present Family Foundation Inc,39-2066890,2020,990-PF XV 3a paid,127,Friends of the Israel Defense Forces (13-3156445),UNRESTRICTED,https://projects.propublica.org/nonprofits/organizations/392066890/202143029349100304/IRS990PF,full return read (automated row extraction; not individually checked)
Douglas And Susan Present Family Foundation Inc,39-2066890,2022,990-PF XV 3a paid,500,Friends of the Israel Defense Forces (13-3156445),UNRESTRICTED,https://projects.propublica.org/nonprofits/organizations/392066890/202333189349101203/IRS990PF,full return read (automated row extraction; not individually checked)
Dr Charles And Ann Kelman Family Foundation Inc,13-6274538,2021,990-PF XV 3a paid,600,Friends of the Israel Defense Forces (13-3156445),GENERAL,https://projects.propublica.org/nonprofits/organizations/136274538/202211549349100311/IRS990PF,full return read (automated row extraction; not individually checked)
Dr Charles And Ann Kelman Family Foundation Inc,13-6274538,2023,990-PF XV 3a paid,10000,Friends of the Israel Defense Forces (13-3156445),GENERAL,https://projects.propublica.org/nonprofits/organizations/136274538/202423199349101757/IRS990PF,full return read (automated row extraction; not individually checked)
Dr Maxwell L And Florence C Blumenreich Foundation Inc,13-3432280,2013,990-PF XV 3a paid,1200,Friends of the Israel Defense Forces (13-3156445),EXEMPT GENERAL CHARITABLE,https://projects.propublica.org/nonprofits/organizations/133432280/201422479349100602/IRS990PF,full return read (automated row extraction; not individually checked)
Dr Maxwell L And Florence C Blumenreich Foundation Inc,13-3432280,2014,990-PF XV 3a paid,1200,Friends of the Israel Defense Forces (13-3156445),EXEMPT GENERAL CHARITABLE,https://projects.propublica.org/nonprofits/organizations/133432280/201512359349100101/IRS990PF,full return read (automated row extraction; not individually checked)
Dr Maxwell L And Florence C Blumenreich Foundation Inc,13-3432280,2015,990-PF XV 3a paid,1200,Friends of the Israel Defense Forces (13-3156445),EXEMPT GENERAL CHARITABLE,https://projects.propublica.org/nonprofits/organizations/133432280/201602459349100010/IRS990PF,full return read (automated row extraction; not individually checked)
Dr Maxwell L And Florence C Blumenreich Foundation Inc,13-3432280,2016,990-PF XV 3a paid,1200,Friends of the Israel Defense Forces (13-3156445),EXEMPT GENERAL CHARITABLE,https://projects.propublica.org/nonprofits/organizations/133432280/201722419349100602/IRS990PF,full return read (automated row extraction; not individually checked)
Dr Maxwell L And Florence C Blumenreich Foundation Inc,13-3432280,2018,990-PF XV 3a paid,1200,Friends of the Israel Defense Forces (13-3156445),EXEMPT GENERAL CHARITABLE,https://projects.propublica.org/nonprofits/organizations/133432280/201902399349100410/IRS990PF,full return read (automated row extraction; not individually checked)
E J N R A Foundation,20-5990090,2017,990-PF XV 3a paid,18000,Friends of the Israel Defense Forces (13-3156445),SUPPORT FOR NATIONAL SECURITY AND FOREIGN AFFAIRS,https://projects.propublica.org/nonprofits/organizations/205990090/201832889349100308/IRS990PF,full return read (automated row extraction; not individually checked)
E J N R A Foundation,20-5990090,2018,990-PF XV 3a paid,1800,Friends of the Israel Defense Forces (13-3156445),SUPPORT FOR NATIONAL SECURITY AND FOREIGN AFFAIRS,https://projects.propublica.org/nonprofits/organizations/205990090/201932849349100903/IRS990PF,full return read (automated row extraction; not individually checked)
E J N R A Foundation,20-5990090,2020,990-PF XV 3a paid,360,Friends of the Israel Defense Forces (13-3156445),SOCIAL & HUMANITARIAN,https://projects.propublica.org/nonprofits/organizations/205990090/202102879349101180/IRS990PF,full return read (automated row extraction; not individually checked)
Earl And Renee Ishbia Family Foundation,82-3217322,2024,990-PF XV 3a paid,1100,Friends of the Israel Defense Forces (13-3156445),SUPPORT FOR THE MEN AND WOMEN SERVING IN THE ISRAEL DEFENSE FORCE,https://projects.propublica.org/nonprofits/organizations/823217322/202523159349101017/IRS990PF,full return read (automated row extraction; not individually checked)
Earle I Mack Foundation Inc,83-1360678,2023,990-PF XV 3a paid,20000,Friends of the Israel Defense Forces (13-3156445),EXEMPT PURPOSE,https://projects.propublica.org/nonprofits/organizations/831360678/202433209349103343/IRS990PF,full return read (automated row extraction; not individually checked)
East Bay Community Foundation,94-6070996,2018,990 Schedule I,20000,Friends of the Israel Defense Forces (13-3156445),GENERAL SUPPORT,https://projects.propublica.org/nonprofits/organizations/946070996/202021979349304927/IRS990ScheduleI,full return read (automated row extraction; not individually checked)
East Coast Energy Foundation Inc,81-0937332,2015,990-PF XV 3a paid,250,Friends of the Israel Defense Forces (13-3156445),ASSISTANCE TO NEEDY,https://projects.propublica.org/nonprofits/organizations/810937332/201643349349100004/IRS990PF,full return read (automated row extraction; not individually checked)
Edith & Michael Gelfand Foundation Inc,52-1657515,2020,990-PF XV 3a paid,1000,Friends of the Israel Defense Forces (13-3156445),TO FUND ORGANIZATION'S PROGRAM - UNDESIGNATED.,https://projects.propublica.org/nonprofits/organizations/521657515/202220569349100207/IRS990PF,full return read (automated row extraction; not individually checked)
Edward And Barbara E Chulew Private Foundation,83-2454220,2023,990-PF XV 3a paid,10000,Friends of the Israel Defense Forces (13-3156445),CHARITABLE CONTRIBUTION,https://projects.propublica.org/nonprofits/organizations/832454220/202410719349100711/IRS990PF,full return read (automated row extraction; not individually checked)
Edward And Barbara E Chulew Private Foundation,83-2454220,2024,990-PF XV 3a paid,3000,Friends of the Israel Defense Forces (13-3156445),CHARITABLE CONTRIBUTION,https://projects.propublica.org/nonprofits/organizations/832454220/202540819349100704/IRS990PF,full return read (automated row extraction; not individually checked)
Edward And Lucille Kimmel Foundation Inc,59-2380662,2013,990-PF XV 3a paid,5000,Friends of the Israel Defense Forces (13-3156445),GENERAL USE,https://projects.propublica.org/nonprofits/organizations/592380662/201413109349100501/IRS990PF,full return read (automated row extraction; not individually checked)
Edward And Lucille Kimmel Foundation Inc,59-2380662,2014,990-PF XV 3a paid,25000,Friends of the Israel Defense Forces (13-3156445),GENERAL USE,https://projects.propublica.org/nonprofits/organizations/592380662/201710379349100301/IRS990PF,full return read (automated row extraction; not individually checked)
Edward And Lucille Kimmel Foundation Inc,59-2380662,2024,990-PF XV 3a paid,30000,Friends of the Israel Defense Forces (13-3156445),GENERAL USE,https://projects.propublica.org/nonprofits/organizations/592380662/202543189349102994/IRS990PF,full return read (automated row extraction; not individually checked)
Edward C And Linda Dresner Levy Foundation,38-6091368,2019,990-PF XV 3a paid,1000,Friends of the Israel Defense Forces (13-3156445),GENERAL SUPPORT,https://projects.propublica.org/nonprofits/organizations/386091368/202100399349100605/IRS990PF,full return read (automated row extraction; not individually checked)
Edward C And Linda Dresner Levy Foundation,38-6091368,2021,990-PF XV 3a paid,1000,Friends of the Israel Defense Forces (13-3156445),GENERAL SUPPORT,https://projects.propublica.org/nonprofits/organizations/386091368/202340469349100229/IRS990PF,full return read (automated row extraction; not individually checked)
Edward C And Linda Dresner Levy Foundation,38-6091368,2022,990-PF XV 3a paid,1000,Friends of the Israel Defense Forces (13-3156445),GENERAL SUPPORT,https://projects.propublica.org/nonprofits/organizations/386091368/202420469349101552/IRS990PF,full return read (automated row extraction; not individually checked)
Edward C And Linda Dresner Levy Foundation,38-6091368,2023,990-PF XV 3a paid,1000,Friends of the Israel Defense Forces (13-3156445),GENERAL SUPPORT,https://projects.propublica.org/nonprofits/organizations/386091368/202501149349100910/IRS990PF,full return read (automated row extraction; not individually checked)
Edward H Harvitt Family Foundation,22-2755485,2019,990-PF XV 3a paid,360,Friends of the Israel Defense Forces (13-3156445),UNRESTRICTED,https://projects.propublica.org/nonprofits/organizations/222755485/202023029349100602/IRS990PF,full return read (automated row extraction; not individually checked)
Edward John And Patricia Rosenwald Foundation,74-3107995,2021,990-PF XV 3a paid,50000,Friends of the Israel Defense Forces (13-3156445),GENERAL SUPPORT,https://projects.propublica.org/nonprofits/organizations/743107995/202223069349100417/IRS990PF,full return read (automated row extraction; not individually checked)
Edward L And Ruth S Hennessey Foundation Inc,22-3140476,2023,990-PF XV 3a paid,10000,Friends of the Israel Defense Forces (13-3156445),GENERAL SUPPORT,https://projects.propublica.org/nonprofits/organizations/223140476/202443189349102484/IRS990PF,full return read (automated row extraction; not individually checked)
Edward S Gordon Foundation,13-7107378,2022,990-PF XV 3a paid,10000,Friends of the Israel Defense Forces (13-3156445),UNRESTRICTED,https://projects.propublica.org/nonprofits/organizations/137107378/202311359349106211/IRS990PF,full return read (automated row extraction; not individually checked)
Edward S Gordon Foundation,13-7107378,2023,990-PF XV 3a paid,40000,Friends of the Israel Defense Forces (13-3156445),UNRESTRICTED,https://projects.propublica.org/nonprofits/organizations/137107378/202431319349102368/IRS990PF,full return read (automated row extraction; not individually checked)
Edward S Gordon Foundation,13-7107378,2024,990-PF XV 3a paid,23000,Friends of the Israel Defense Forces (13-3156445),UNRESTRICTED,https://projects.propublica.org/nonprofits/organizations/137107378/202501489349100805/IRS990PF,full return read (automated row extraction; not individually checked)
Edward S Gordon Foundation,13-7107378,2025,990-PF XV 3a paid,20300,Friends of the Israel Defense Forces (13-3156445),UNRESTRICTED,https://projects.propublica.org/nonprofits/organizations/137107378/202632339349100603/IRS990PF,full return read (automated row extraction; not individually checked)
Edwards Lifesciences Foundation,46-1702755,2021,990-PF XV 3a paid,1000,Friends of the Israel Defense Forces (13-3156445),MATCHING GIFTS GRANT,https://projects.propublica.org/nonprofits/organizations/461702755/202203199349101610/IRS990PF,full return read (automated row extraction; not individually checked)
Edwards Lifesciences Foundation,46-1702755,2021,990-PF XV 3a paid,50,Friends of the Israel Defense Forces (13-3156445),MATCHING GIFTS GRANT,https://projects.propublica.org/nonprofits/organizations/461702755/202203199349101610/IRS990PF,full return read (automated row extraction; not individually checked)
Eisenberg Family Foundation,46-4340913,2020,990-PF XV 3a paid,100,Friends of the Israel Defense Forces (13-3156445),EDUCATIONAL MEDICAL OR HUMANITARIAN,https://projects.propublica.org/nonprofits/organizations/464340913/202113129349101536/IRS990PF,full return read (automated row extraction; not individually checked)
Eisenberg Family Foundation,46-4340913,2021,990-PF XV 3a paid,180,Friends of the Israel Defense Forces (13-3156445),"EDUCATIONAL, MEDICAL, OR HUMANATARIAN ASSISTANCE",https://projects.propublica.org/nonprofits/organizations/464340913/202233159349101878/IRS990PF,full return read (automated row extraction; not individually checked)
Eli And Dina Field Family Foundation,36-7128429,2013,990-PF XV 3a paid,32000,Friends of the Israel Defense Forces (13-3156445),CHARITABLE,https://projects.propublica.org/nonprofits/organizations/367128429/201423189349101667/IRS990PF,full return read (automated row extraction; not individually checked)
Eli And Dina Field Family Foundation,36-7128429,2015,990-PF XV 3a paid,41000,Friends of the Israel Defense Forces (13-3156445),GENERAL FUNDS,https://projects.propublica.org/nonprofits/organizations/367128429/201623209349101812/IRS990PF,full return read (automated row extraction; not individually checked)
Eli And Dina Field Family Foundation,36-7128429,2018,990-PF XV 3a paid,16000,Friends of the Israel Defense Forces (13-3156445),GENERAL FUNDS,https://projects.propublica.org/nonprofits/organizations/367128429/201931349349103318/IRS990PF,full return read (automated row extraction; not individually checked)
Ellen & Ronald Block Family Foundation Inc,20-2067790,2023,990-PF XV 3a paid,500,Friends of the Israel Defense Forces (13-3156445),RESTRICTED TO PALM BEACH CHAPTER,https://projects.propublica.org/nonprofits/organizations/202067790/202401349349102560/IRS990PF,full return read (automated row extraction; not individually checked)
Ellen And Michael Goldberg Family Foundation,26-1507132,2013,990-PF XV 3a paid,1500,Friends of the Israel Defense Forces (13-3156445),GENERAL FINANCIAL SUPPORT,https://projects.propublica.org/nonprofits/organizations/261507132/201422269349100647/IRS990PF,full return read (automated row extraction; not individually checked)
Ellen And Michael Goldberg Family Foundation,26-1507132,2014,990-PF XV 3a paid,1500,Friends of the Israel Defense Forces (13-3156445),GENERAL FINANCIAL SUPPORT,https://projects.propublica.org/nonprofits/organizations/261507132/201543159349100129/IRS990PF,full return read (automated row extraction; not individually checked)
Ellen And Michael Goldberg Family Foundation,26-1507132,2018,990-PF XV 3a paid,1800,Friends of the Israel Defense Forces (13-3156445),GENERAL FINANCIAL SUPPORT,https://projects.propublica.org/nonprofits/organizations/261507132/201913129349100321/IRS990PF,full return read (automated row extraction; not individually checked)
Ellen S Jaffe Foundation,38-7121292,2021,990-PF XV 3a paid,5000,Friends of the Israel Defense Forces (13-3156445),GENERAL PURPOSE OF THE ORGANIZATION,https://projects.propublica.org/nonprofits/organizations/387121292/202201369349101105/IRS990PF,full return read (automated row extraction; not individually checked)
Ellen S Jaffe Foundation,38-7121292,2023,990-PF XV 3a paid,1000,Friends of the Israel Defense Forces (13-3156445),GENERAL PURPOSE OF THE ORGANIZATION,https://projects.propublica.org/nonprofits/organizations/387121292/202421249349100407/IRS990PF,full return read (automated row extraction; not individually checked)
Ellman Family Foundation Inc,20-1675201,2014,990-PF XV 3a paid,23000,Friends of the Israel Defense Forces (13-3156445),EDUCATIONAL & SOCIAL PROGRAMS,https://projects.propublica.org/nonprofits/organizations/201675201/201532589349100033/IRS990PF,full return read (automated row extraction; not individually checked)
Elmar Family Foundation,27-1454722,2016,990-PF XV 3a paid,2000,Friends of the Israel Defense Forces (13-3156445),GENERAL FUNDING,https://projects.propublica.org/nonprofits/organizations/271454722/201742409349100604/IRS990PF,full return read (automated row extraction; not individually checked)
Emanuel Family Foundation,36-3512863,2024,990-PF XV 3a paid,1000,Friends of the Israel Defense Forces (13-3156445),UNRESTRICTED,https://projects.propublica.org/nonprofits/organizations/363512863/202513039349100511/IRS990PF,full return read (automated row extraction; not individually checked)
Embrace Foundation,82-5428158,2021,990-PF XV 3a paid,37906,Friends of the Israel Defense Forces (13-3156445),NON PROFIT QUALIFIED PURPOSE OF THE ORGANIZATION,https://projects.propublica.org/nonprofits/organizations/825428158/202203199349107780/IRS990PF,full return read (automated row extraction; not individually checked)
Erdle Foundation,23-7002682,2020,990-PF XV 3a paid,900,Friends of the Israel Defense Forces (13-3156445),GENERAL SUPPORT,https://projects.propublica.org/nonprofits/organizations/237002682/202123199349106357/IRS990PF,full return read (automated row extraction; not individually checked)
Eric Brown Foundation Inc,65-0373213,2024,990-PF XV 3a paid,1000,Friends of the Israel Defense Forces (13-3156445),GENERAL,https://projects.propublica.org/nonprofits/organizations/650373213/202531329349102388/IRS990PF,full return read (automated row extraction; not individually checked)
Eric D Hadar Family Foundation Inc,47-2350770,2019,990-PF XV 3a paid,2000,Friends of the Israel Defense Forces (13-3156445),GENERAL SUPPORT,https://projects.propublica.org/nonprofits/organizations/472350770/202042619349100504/IRS990PF,full return read (automated row extraction; not individually checked)
Erica Wertheim Zohar Family Foundation Inc,84-4027805,2024,990-PF XV 3a paid,1800,Friends of the Israel Defense Forces (13-3156445),"FRIENDS OF THE ISRAEL DEFENSE FORCES (FIDF) PROVIDES CRITICAL SUPPORT FOR THE HEALTH, WELL-BEING, AND EDUCATION OF ISRAEL'S PROTECTORS.",https://projects.propublica.org/nonprofits/organizations/844027805/202511209349102651/IRS990PF,full return read (automated row extraction; not individually checked)
Erica Wertheim Zohar Family Foundation Inc,84-4027805,2024,990-PF XV 3a paid,2180,Friends of the Israel Defense Forces (13-3156445),UM ATHLETIC CHAMPIONSHIP FUND,https://projects.propublica.org/nonprofits/organizations/844027805/202511209349102651/IRS990PF,full return read (automated row extraction; not individually checked)
Erica Wertheim Zohar Family Foundation Inc,84-4027805,2025,990-PF XV 3a paid,1800,Friends of the Israel Defense Forces (13-3156445),"FRIENDS OF THE ISRAEL DEFENSE FORCES (FIDF) PROVIDES CRITICAL SUPPORT FOR THE HEALTH, WELL-BEING, AND EDUCATION OF ISRAEL'S PROTECTORS.",https://projects.propublica.org/nonprofits/organizations/844027805/202641119349102209/IRS990PF,full return read (automated row extraction; not individually checked)
Erica Wertheim Zohar Family Foundation Inc,84-4027805,2025,990-PF XV 3a paid,5000,Friends of the Israel Defense Forces (13-3156445),"DEDICATED TO SUPPORTING EMERGING TALENT IN THEATER, DANCE, AND FILM THROUGH GRANTS, SCHOLARSHIPS, AND FELLOWSHIPS.",https://projects.propublica.org/nonprofits/organizations/844027805/202641119349102209/IRS990PF,full return read (automated row extraction; not individually checked)
Erika Glazer Family Foundation,46-1519428,2014,990-PF XV 3a paid,250000,Friends of the Israel Defense Forces (13-3156445),CHARITABLE,https://projects.propublica.org/nonprofits/organizations/461519428/201501269349101135/IRS990PF,full return read (automated row extraction; not individually checked)
Erika Glazer Family Foundation,46-1519428,2016,990-PF XV 3a paid,500000,Friends of the Israel Defense Forces (13-3156445),PHILANTHROPIC,https://projects.propublica.org/nonprofits/organizations/461519428/201741259349102114/IRS990PF,full return read (automated row extraction; not individually checked)
Eris And Larry Field Family Foundation,95-3905829,2018,990-PF XV 3a paid,3000,Friends of the Israel Defense Forces (13-3156445),Donation,https://projects.propublica.org/nonprofits/organizations/953905829/201903109349100430/IRS990PF,full return read (automated row extraction; not individually checked)
Escoll-lubeck Charitable Foundation Inc,88-2799445,2023,990-PF XV 3a paid,50000,Friends of the Israel Defense Forces (13-3156445),CHARITABLE,https://projects.propublica.org/nonprofits/organizations/882799445/202510799349100406/IRS990PF,full return read (automated row extraction; not individually checked)
Esther And Hyman Rapport Philanthropic Tr,86-6338329,2013,990-PF XV 3a paid,5000,Friends of the Israel Defense Forces (13-3156445),TO ASSIST 501(C)(3) ORGANIZATION,https://projects.propublica.org/nonprofits/organizations/866338329/201402259349100720/IRS990PF,full return read (automated row extraction; not individually checked)
Esther And Hyman Rapport Philanthropic Tr,86-6338329,2014,990-PF XV 3a paid,2500,Friends of the Israel Defense Forces (13-3156445),TO ASSIST 501(C)(3) ORGANIZATION,https://projects.propublica.org/nonprofits/organizations/866338329/201522259349100142/IRS990PF,full return read (automated row extraction; not individually checked)
Esther Koven Foundation Inc,13-7193520,2023,990-PF XV 3a paid,5000,Friends of the Israel Defense Forces (13-3156445),TO HELP ACTIVITIES OF VAR PUBLIC CHAR INST WHICH ARE EXEMPT UNDER 501 (C)(3),https://projects.propublica.org/nonprofits/organizations/137193520/202411349349103486/IRS990PF,full return read (automated row extraction; not individually checked)
Eugene Applebaum Family Foundation,38-2782955,2021,990-PF XV 3a paid,36,Friends of the Israel Defense Forces (13-3156445),UNRELATED PC EDUCATION & RESEARCH,https://projects.propublica.org/nonprofits/organizations/382782955/202302579349100205/IRS990PF,full return read (automated row extraction; not individually checked)
Eugene P Schwartz Family Foundation,59-6877865,2023,990-PF XV 3a paid,500,Friends of the Israel Defense Forces (13-3156445),GENERAL SUPPORT,https://projects.propublica.org/nonprofits/organizations/596877865/202402899349100310/IRS990PF,full return read (automated row extraction; not individually checked)
Eunice And Milton H Ring Foundation,38-6078083,2021,990-PF XV 3a paid,,Friends of the Israel Defense Forces (13-3156445),5,https://projects.propublica.org/nonprofits/organizations/386078083/202231819349100003/IRS990PF,full return read (automated row extraction; not individually checked)
Eunice And Milton H Ring Foundation,38-6078083,2022,990-PF XV 3a paid,6800,Friends of the Israel Defense Forces (13-3156445),EDUCATION WELFARE,https://projects.propublica.org/nonprofits/organizations/386078083/202341369349100334/IRS990PF,full return read (automated row extraction; not individually checked)
Eunice And Milton H Ring Foundation,38-6078083,2023,990-PF XV 3a paid,2500,Friends of the Israel Defense Forces (13-3156445),EDUCATION WELFARE,https://projects.propublica.org/nonprofits/organizations/386078083/202411919349100701/IRS990PF,full return read (automated row extraction; not individually checked)
Eunice And Milton H Ring Foundation,38-6078083,2024,990-PF XV 3a paid,5000,Friends of the Israel Defense Forces (13-3156445),EDUCATION WELFARE,https://projects.propublica.org/nonprofits/organizations/386078083/202521499349100912/IRS990PF,full return read (automated row extraction; not individually checked)
Factual Images Trust,81-2043591,2020,990-PF XV 3a paid,500,Friends of the Israel Defense Forces (13-3156445),NC GENERAL,https://projects.propublica.org/nonprofits/organizations/812043591/202340189349100119/IRS990PF,full return read (automated row extraction; not individually checked)
Factual Images Trust,81-2043591,2021,990-PF XV 3a paid,500,Friends of the Israel Defense Forces (13-3156445),NC GENERAL,https://projects.propublica.org/nonprofits/organizations/812043591/202300619349100800/IRS990PF,full return read (automated row extraction; not individually checked)
Factual Images Trust,81-2043591,2022,990-PF XV 3a paid,500,Friends of the Israel Defense Forces (13-3156445),NC GENERAL,https://projects.propublica.org/nonprofits/organizations/812043591/202332769349100408/IRS990PF,full return read (automated row extraction; not individually checked)
Falic Family Foundation,20-2734770,2024,990-PF XV 3a paid,12676,Friends of the Israel Defense Forces (13-3156445),TO SUPPORT CHARITABLE MISSION OF ORGANIZATION,https://projects.propublica.org/nonprofits/organizations/202734770/202502949349100405/IRS990PF,full return read (automated row extraction; not individually checked)
Falic Family Foundation,20-2734770,2025,990-PF XV 3a paid,10000,Friends of the Israel Defense Forces (13-3156445),TO SUPPORT CHARITABLE MISSION OF ORGANIZATION,https://projects.propublica.org/nonprofits/organizations/202734770/202602319349100800/IRS990PF,full return read (automated row extraction; not individually checked)
Fallon Family Foundation,47-5075671,2023,990-PF XV 3a paid,2500,Friends of the Israel Defense Forces (13-3156445),Hamas-Israel War Emergency Fund,https://projects.propublica.org/nonprofits/organizations/475075671/202402569349100605/IRS990PF,full return read (automated row extraction; not individually checked)
Fallon Family Foundation,47-5075671,2024,990-PF XV 3a paid,2500,Friends of the Israel Defense Forces (13-3156445),General & Unrestricted,https://projects.propublica.org/nonprofits/organizations/475075671/202501339349101405/IRS990PF,full return read (automated row extraction; not individually checked)
Fanny K And Pincus Rothstein Foundation C/o Raphael Rothstein,13-6135720,2012,990-PF XV 3a paid,334,Friends of the Israel Defense Forces (13-3156445),GENERAL PURPOSE,https://projects.propublica.org/nonprofits/organizations/136135720/201410999349100216/IRS990PF,full return read (automated row extraction; not individually checked)
Fanny K And Pincus Rothstein Foundation C/o Raphael Rothstein,13-6135720,2013,990-PF XV 3a paid,402,Friends of the Israel Defense Forces (13-3156445),GENERAL PURPOSE,https://projects.propublica.org/nonprofits/organizations/136135720/201500619349100405/IRS990PF,full return read (automated row extraction; not individually checked)
Fanny K And Pincus Rothstein Foundation C/o Raphael Rothstein,13-6135720,2015,990-PF XV 3a paid,100,Friends of the Israel Defense Forces (13-3156445),GENERAL PURPOSE,https://projects.propublica.org/nonprofits/organizations/136135720/201702149349100400/IRS990PF,full return read (automated row extraction; not individually checked)
Fariborz Fred Matloob Foundation,95-4305558,2023,990 Schedule I,21000,Friends of the Israel Defense Forces (13-3156445),GRANT ASSISTANCE FOR CHILDREN IN NEED,https://projects.propublica.org/nonprofits/organizations/954305558/202423139349304297/IRS990ScheduleI,full return read (automated row extraction; not individually checked)
Fariborz Fred Matloob Foundation,95-4305558,2024,990 Schedule I,15000,Friends of the Israel Defense Forces (13-3156445),GRANT ASSISTANCE FOR CHILDREN IN NEED,https://projects.propublica.org/nonprofits/organizations/954305558/202543219349307359/IRS990ScheduleI,full return read (automated row extraction; not individually checked)
Feiger Family Foundation,36-3477321,2014,990-PF XV 3a paid,80000,Friends of the Israel Defense Forces (13-3156445),UNRESTRICTED FOR GENERAL USE OF CHARITY,https://projects.propublica.org/nonprofits/organizations/363477321/201541339349101529/IRS990PF,full return read (automated row extraction; not individually checked)
Feiger Family Foundation,36-3477321,2015,990-PF XV 3a paid,40000,Friends of the Israel Defense Forces (13-3156445),UNRESTRICTED FOR GENERAL USE OF CHARITY,https://projects.propublica.org/nonprofits/organizations/363477321/201601679349100525/IRS990PF,full return read (automated row extraction; not individually checked)
Feiger Family Foundation,36-3477321,2016,990-PF XV 3a paid,41000,Friends of the Israel Defense Forces (13-3156445),UNRESTRICTED FOR GENERAL USE OF CHARITY,https://projects.propublica.org/nonprofits/organizations/363477321/201742339349100004/IRS990PF,full return read (automated row extraction; not individually checked)
Feiger Family Foundation,36-3477321,2017,990-PF XV 3a paid,40000,Friends of the Israel Defense Forces (13-3156445),UNRESTRICTED FOR GENERAL USE OF CHARITY,https://projects.propublica.org/nonprofits/organizations/363477321/201811909349100756/IRS990PF,full return read (automated row extraction; not individually checked)
Feiger Family Foundation,36-3477321,2018,990-PF XV 3a paid,40000,Friends of the Israel Defense Forces (13-3156445),UNRESTRICTED FOR GENERAL USE OF CHARITY,https://projects.propublica.org/nonprofits/organizations/363477321/201921359349103402/IRS990PF,full return read (automated row extraction; not individually checked)
Feiger Family Foundation,36-3477321,2019,990-PF XV 3a paid,40000,Friends of the Israel Defense Forces (13-3156445),UNRESTRICTED FOR GENERAL USE OF CHARITY,https://projects.propublica.org/nonprofits/organizations/363477321/202012099349100261/IRS990PF,full return read (automated row extraction; not individually checked)
Feiger Family Foundation,36-3477321,2020,990-PF XV 3a paid,47000,Friends of the Israel Defense Forces (13-3156445),UNRESTRICTED FOR GENERAL USE OF CHARITY,https://projects.propublica.org/nonprofits/organizations/363477321/202141879349100709/IRS990PF,full return read (automated row extraction; not individually checked)
Feiger Family Foundation,36-3477321,2021,990-PF XV 3a paid,43000,Friends of the Israel Defense Forces (13-3156445),UNRESTRICTED FOR GENERAL USE OF CHARITY,https://projects.propublica.org/nonprofits/organizations/363477321/202202429349101410/IRS990PF,full return read (automated row extraction; not individually checked)
Feiger Family Foundation,36-3477321,2022,990-PF XV 3a paid,150,Friends of the Israel Defense Forces (13-3156445),UNRESTRICTED FOR GENERAL USE OF CHARITY,https://projects.propublica.org/nonprofits/organizations/363477321/202332429349100763/IRS990PF,full return read (automated row extraction; not individually checked)
Feldenkreis Family Foundation Inc,65-0526541,2020,990-PF XV 3a paid,40000,Friends of the Israel Defense Forces (13-3156445),Support Contribution,https://projects.propublica.org/nonprofits/organizations/650526541/202230689349100203/IRS990PF,full return read (automated row extraction; not individually checked)
Feldenkreis Family Foundation Inc,65-0526541,2021,990-PF XV 3a paid,28000,Friends of the Israel Defense Forces (13-3156445),Support Contribution,https://projects.propublica.org/nonprofits/organizations/650526541/202430329349100423/IRS990PF,full return read (automated row extraction; not individually checked)
Feldenkreis Family Foundation Inc,65-0526541,2024,990-PF XV 3a paid,50000,Friends of the Israel Defense Forces (13-3156445),Support Contribution,https://projects.propublica.org/nonprofits/organizations/650526541/202640759349100874/IRS990PF,full return read (automated row extraction; not individually checked)
Fetter Family Foundation,81-0823561,2024,990-PF XV 3a paid,30000,Friends of the Israel Defense Forces (13-3156445),GENERAL FUND,https://projects.propublica.org/nonprofits/organizations/810823561/202522479349100102/IRS990PF,full return read (automated row extraction; not individually checked)
Feuerring Foundation,13-6221072,2022,990-PF XV 3a paid,250,Friends of the Israel Defense Forces (13-3156445),CHARITY,https://projects.propublica.org/nonprofits/organizations/136221072/202333039349100138/IRS990PF,full return read (automated row extraction; not individually checked)
Feuerring Foundation,13-6221072,2023,990-PF XV 3a paid,2000,Friends of the Israel Defense Forces (13-3156445),CHARITY,https://projects.propublica.org/nonprofits/organizations/136221072/202403109349101155/IRS990PF,full return read (automated row extraction; not individually checked)
Feuerring Foundation,13-6221072,2024,990-PF XV 3a paid,1800,Friends of the Israel Defense Forces (13-3156445),CHARITY,https://projects.propublica.org/nonprofits/organizations/136221072/202513049349101016/IRS990PF,full return read (automated row extraction; not individually checked)
Feuerstein Family Foundation Inc,27-3971838,2024,990-PF XV 3a paid,5000,Friends of the Israel Defense Forces (13-3156445),GENERAL SUPPORT,https://projects.propublica.org/nonprofits/organizations/273971838/202620759349100907/IRS990PF,full return read (automated row extraction; not individually checked)
Fidelity Investments Charitable Gift Fund,11-0303001,2016,990 Schedule I,1090756,Friends of the Israel Defense Forces (13-3156445),For grant recipient's exempt purposes,https://projects.propublica.org/nonprofits/organizations/110303001/201801359349303865/IRS990ScheduleI,full return read (automated row extraction; not individually checked)
Fidelity Investments Charitable Gift Fund,11-0303001,2018,990 Schedule I,1508282,Friends of the Israel Defense Forces (13-3156445),For grant recipient's exempt purposes,https://projects.propublica.org/nonprofits/organizations/110303001/202041789349301474/IRS990ScheduleI,full return read (automated row extraction; not individually checked)
Fidelity Investments Charitable Gift Fund,11-0303001,2020,990 Schedule I,2477489,Friends of the Israel Defense Forces (13-3156445),For grant recipient's exempt purposes,https://projects.propublica.org/nonprofits/organizations/110303001/202221339349302787/IRS990ScheduleI,full return read (automated row extraction; not individually checked)
Fidelity Investments Charitable Gift Fund,11-0303001,2021,990 Schedule I,2213347,Friends of the Israel Defense Forces (13-3156445),For grant recipient's exempt purposes,https://projects.propublica.org/nonprofits/organizations/110303001/202430459349302913/IRS990ScheduleI,full return read (automated row extraction; not individually checked)
Field Family Fund,95-6145871,2023,990-PF XV 3a paid,1000,Friends of the Israel Defense Forces (13-3156445),GENERAL,https://projects.propublica.org/nonprofits/organizations/956145871/202401349349102280/IRS990PF,full return read (automated row extraction; not individually checked)
Fine Family Charitable Foundation,20-8852301,2013,990-PF XV 3a paid,1000,Friends of the Israel Defense Forces (13-3156445),GENERAL OPERATING SUPPORT,https://projects.propublica.org/nonprofits/organizations/208852301/201423169349100832/IRS990PF,full return read (automated row extraction; not individually checked)
Fine Family Charitable Foundation,20-8852301,2015,990-PF XV 3a paid,1800,Friends of the Israel Defense Forces (13-3156445),GENERAL OPERATING SUPPORT,https://projects.propublica.org/nonprofits/organizations/208852301/201613199349102016/IRS990PF,full return read (automated row extraction; not individually checked)
Fine Family Charitable Foundation,20-8852301,2016,990-PF XV 3a paid,2500,Friends of the Israel Defense Forces (13-3156445),GENERAL OPERATING SUPPORT,https://projects.propublica.org/nonprofits/organizations/208852301/201743129349100739/IRS990PF,full return read (automated row extraction; not individually checked)
Fine Family Charitable Foundation,20-8852301,2016,990-PF XV 3a paid,5000,Friends of the Israel Defense Forces (13-3156445),GENERAL OPERATING SUPPORT,https://projects.propublica.org/nonprofits/organizations/208852301/201743129349100739/IRS990PF,full return read (automated row extraction; not individually checked)
Fine Family Charitable Foundation,20-8852301,2017,990-PF XV 3a paid,6000,Friends of the Israel Defense Forces (13-3156445),"TO SUPPORT SCHOLARSHIPS, FITNESS KIT, LAVI BATTALION, OPERATING SUPPORT",https://projects.propublica.org/nonprofits/organizations/208852301/201823189349100127/IRS990PF,full return read (automated row extraction; not individually checked)
Fine Family Charitable Foundation,20-8852301,2017,990-PF XV 3a paid,5500,Friends of the Israel Defense Forces (13-3156445),GENERAL OPERATING SUPPORT,https://projects.propublica.org/nonprofits/organizations/208852301/201823189349100127/IRS990PF,full return read (automated row extraction; not individually checked)
Fine Family Charitable Foundation,20-8852301,2017,990-PF XV 3b approved future,24000,Friends of the Israel Defense Forces (13-3156445),"TO SUPPORT SCHOLARSHIPS, FITNESS KIT, LAVI BATTALION, OPERATING SUPPORT",https://projects.propublica.org/nonprofits/organizations/208852301/201823189349100127/IRS990PF,full return read (automated row extraction; not individually checked)
Fine Family Charitable Foundation,20-8852301,2018,990-PF XV 3a paid,6000,Friends of the Israel Defense Forces (13-3156445),"TO SUPPORT SCHOLARSHIPS, FITNESS KIT, LAVI BATTALION, OPERATING SUPPORT",https://projects.propublica.org/nonprofits/organizations/208852301/201943039349100659/IRS990PF,full return read (automated row extraction; not individually checked)
Fine Family Charitable Foundation,20-8852301,2019,990-PF XV 3a paid,4000,Friends of the Israel Defense Forces (13-3156445),GENERAL OPERATING SUPPORT,https://projects.propublica.org/nonprofits/organizations/208852301/202003149349100315/IRS990PF,full return read (automated row extraction; not individually checked)
Fine Family Charitable Foundation,20-8852301,2019,990-PF XV 3a paid,6000,Friends of the Israel Defense Forces (13-3156445),"FOR SCHOLARSHIPS, FITNESS KIT, LAVI BATTALION, OPERATING SUPPORT",https://projects.propublica.org/nonprofits/organizations/208852301/202003149349100315/IRS990PF,full return read (automated row extraction; not individually checked)
Fine Family Charitable Foundation,20-8852301,2019,990-PF XV 3a paid,2500,Friends of the Israel Defense Forces (13-3156445),TO SUPPORT BROTHERS FOR LIFE,https://projects.propublica.org/nonprofits/organizations/208852301/202003149349100315/IRS990PF,full return read (automated row extraction; not individually checked)
Fine Family Charitable Foundation,20-8852301,2020,990-PF XV 3a paid,12000,Friends of the Israel Defense Forces (13-3156445),General Support,https://projects.propublica.org/nonprofits/organizations/208852301/202133079349100923/IRS990PF,full return read (automated row extraction; not individually checked)
Fine Family Charitable Foundation,20-8852301,2021,990-PF XV 3a paid,7000,Friends of the Israel Defense Forces (13-3156445),General Support,https://projects.propublica.org/nonprofits/organizations/208852301/202241099349100229/IRS990PF,full return read (automated row extraction; not individually checked)
Fine Family Charitable Foundation,20-8852301,2022,990-PF XV 3a paid,10000,Friends of the Israel Defense Forces (13-3156445),General Support,https://projects.propublica.org/nonprofits/organizations/208852301/202301229349101625/IRS990PF,full return read (automated row extraction; not individually checked)
Fine Family Charitable Foundation,20-8852301,2025,990-PF XV 3a paid,10000,Friends of the Israel Defense Forces (13-3156445),General Support,https://projects.propublica.org/nonprofits/organizations/208852301/202600629349100020/IRS990PF,full return read (automated row extraction; not individually checked)
Fisher-raviv Family Foundation C/o Wealthedge Tax Advisors,13-7224548,2014,990-PF XV 3a paid,3860,Friends of the Israel Defense Forces (13-3156445),CHARITABLE,https://projects.propublica.org/nonprofits/organizations/137224548/201503169349100605/IRS990PF,full return read (automated row extraction; not individually checked)
Fisher-raviv Family Foundation C/o Wealthedge Tax Advisors,13-7224548,2015,990-PF XV 3a paid,250,Friends of the Israel Defense Forces (13-3156445),CHARITABLE,https://projects.propublica.org/nonprofits/organizations/137224548/201633199349101133/IRS990PF,full return read (automated row extraction; not individually checked)
Fishing Pole And Love Foundation,95-4692209,2022,990-PF XV 3a paid,10360,Friends of the Israel Defense Forces (13-3156445),"TO SUPPORT FIDF'S COMMITTMENT TO TRANSFORM THE LIVES OF ISRAEL'S SOLDIERS THROUGH EMPOWERING EDUCATION, FINANCIAL WELLBEING, AND CULTURAL IN",https://projects.propublica.org/nonprofits/organizations/954692209/202343209349101119/IRS990PF,full return read (automated row extraction; not individually checked)
Fishman Foundation,46-1530138,2023,990-PF XV 3a paid,300000,Friends of the Israel Defense Forces (13-3156445),"PROVIDING EDUCATIONAL, CULTURAL, RECREATIONAL, AND SOCIAL SERVICES PROGRAMS AND FACILITIES TO THE IDF HEROES AND THEIR FAMILIES.",https://projects.propublica.org/nonprofits/organizations/461530138/202403209349108400/IRS990PF,full return read (automated row extraction; not individually checked)
Five C Foundation Inc,35-2144790,2025,990-PF XV 3a paid,15000,Friends of the Israel Defense Forces (13-3156445),GENERAL OPERATING,https://projects.propublica.org/nonprofits/organizations/352144790/202641339349103239/IRS990PF,full return read (automated row extraction; not individually checked)
Fjc,13-3848582,2018,990 Schedule I,14950,Friends of the Israel Defense Forces (13-3156445),GENERAL OPERATING,https://projects.propublica.org/nonprofits/organizations/133848582/202020279349301317/IRS990ScheduleI,full return read (automated row extraction; not individually checked)
Fjc,13-3848582,2018,990 Schedule I,10720,Friends of the Israel Defense Forces (13-3156445),GENERAL OPERATING,https://projects.propublica.org/nonprofits/organizations/133848582/202020279349301317/IRS990ScheduleI,full return read (automated row extraction; not individually checked)
Fjc,13-3848582,2020,990 Schedule I,33660,Friends of the Israel Defense Forces (13-3156445),GENERAL OPERATING SUPPORT,https://projects.propublica.org/nonprofits/organizations/133848582/202230469349302128/IRS990ScheduleI,full return read (automated row extraction; not individually checked)
Flesch Family Foundation,23-7087778,2021,990-PF XV 3a paid,15000,Friends of the Israel Defense Forces (13-3156445),,https://projects.propublica.org/nonprofits/organizations/237087778/202243189349101919/IRS990PF,full return read (automated row extraction; not individually checked)
Flesch Family Foundation,23-7087778,2024,990-PF XV 3a paid,36000,Friends of the Israel Defense Forces (13-3156445),,https://projects.propublica.org/nonprofits/organizations/237087778/202523189349101147/IRS990PF,full return read (automated row extraction; not individually checked)
Forgood Inc,68-0480736,2014,990 Schedule I,18144,Friends of the Israel Defense Forces (13-3156445),Unrestricted,https://projects.propublica.org/nonprofits/organizations/680480736/201512599349300816/IRS990ScheduleI,full return read (automated row extraction; not individually checked)
Forgood Inc,68-0480736,2015,990 Schedule I,12050,Friends of the Israel Defense Forces (13-3156445),Unrestricted,https://projects.propublica.org/nonprofits/organizations/680480736/201642599349300984/IRS990ScheduleI,full return read (automated row extraction; not individually checked)
Forgood Inc,68-0480736,2016,990 Schedule I,8868,Friends of the Israel Defense Forces (13-3156445),Unrestricted,https://projects.propublica.org/nonprofits/organizations/680480736/201702099349300000/IRS990ScheduleI,full return read (automated row extraction; not individually checked)
Forgood Inc,68-0480736,2016,990 Schedule I,7772,Friends of the Israel Defense Forces (13-3156445),Unrestricted,https://projects.propublica.org/nonprofits/organizations/680480736/201702099349300000/IRS990ScheduleI,full return read (automated row extraction; not individually checked)
Forgood Inc,68-0480736,2017,990 Schedule I,34501,Friends of the Israel Defense Forces (13-3156445),Unrestricted,https://projects.propublica.org/nonprofits/organizations/680480736/201841809349300519/IRS990ScheduleI,full return read (automated row extraction; not individually checked)
Forgood Inc,68-0480736,2019,990 Schedule I,13672,Friends of the Israel Defense Forces (13-3156445),Unrestricted,https://projects.propublica.org/nonprofits/organizations/680480736/202011829349300511/IRS990ScheduleI,full return read (automated row extraction; not individually checked)
Forgood Inc,68-0480736,2021,990 Schedule I,16111,Friends of the Israel Defense Forces (13-3156445),UNRESTRICTED,https://projects.propublica.org/nonprofits/organizations/680480736/202212289349300736/IRS990ScheduleI,full return read (automated row extraction; not individually checked)
Frances And Jack Levy Foundation,13-7279189,2012,990-PF XV 3a paid,2500,Friends of the Israel Defense Forces (13-3156445),GENERAL OPERATING PURPOSES,https://projects.propublica.org/nonprofits/organizations/137279189/201303169349100635/IRS990PF,full return read (automated row extraction; not individually checked)
Frances And Jack Levy Foundation,13-7279189,2016,990-PF XV 3a paid,500,Friends of the Israel Defense Forces (13-3156445),GENERAL OPERATING PURPOSES,https://projects.propublica.org/nonprofits/organizations/137279189/201733179349100913/IRS990PF,full return read (automated row extraction; not individually checked)
Frances And Jack Levy Foundation,13-7279189,2020,990-PF XV 3a paid,1000,Friends of the Israel Defense Forces (13-3156445),GENERAL OPERATING PURPOSES,https://projects.propublica.org/nonprofits/organizations/137279189/202143159349102819/IRS990PF,full return read (automated row extraction; not individually checked)
Frances And Jack Levy Foundation,13-7279189,2023,990-PF XV 3a paid,1000,Friends of the Israel Defense Forces (13-3156445),GENERAL OPERATING PURPOSES,https://projects.propublica.org/nonprofits/organizations/137279189/202402399349100415/IRS990PF,full return read (automated row extraction; not individually checked)
Frances Schermer Charitable Tr,95-6685749,2024,990-PF XV 3a paid,5000,Friends of the Israel Defense Forces (13-3156445),SCHOLARSHIP FOR FIDF IMPACT,https://projects.propublica.org/nonprofits/organizations/956685749/202543119349101924/IRS990PF,full return read (automated row extraction; not individually checked)
Frank And Barbara Axel Foundation,84-6693730,2022,990-PF XV 3a paid,2000,Friends of the Israel Defense Forces (13-3156445),PROGRAM SUPPORT,https://projects.propublica.org/nonprofits/organizations/846693730/202311879349100421/IRS990PF,full return read (automated row extraction; not individually checked)
Frank And Barbara Axel Foundation,84-6693730,2024,990-PF XV 3a paid,5000,Friends of the Israel Defense Forces (13-3156445),PROGRAM SUPPORT,https://projects.propublica.org/nonprofits/organizations/846693730/202513079349101246/IRS990PF,full return read (automated row extraction; not individually checked)
Frank Family Foundation Inc,58-2082981,2024,990-PF XV 3a paid,5600,Friends of the Israel Defense Forces (13-3156445),UNRESTRICTED,https://projects.propublica.org/nonprofits/organizations/582082981/202533209349100563/IRS990PF,full return read (automated row extraction; not individually checked)
Frank Family Foundation Inc,58-2082981,2025,990-PF XV 3a paid,1800,Friends of the Israel Defense Forces (13-3156445),UNRESTRICTED,https://projects.propublica.org/nonprofits/organizations/582082981/202622309349100622/IRS990PF,full return read (automated row extraction; not individually checked)
Frankel Family Charitable Trust,36-7347911,2024,990-PF XV 3a paid,10000,Friends of the Israel Defense Forces (13-3156445),CHARITABLE GENERAL,https://projects.propublica.org/nonprofits/organizations/367347911/202522259349101107/IRS990PF,full return read (automated row extraction; not individually checked)
Frankel Family Foundation Inc,13-4026241,2020,990-PF XV 3a paid,10000,Friends of the Israel Defense Forces (13-3156445),OPERATING SUPPORT,https://projects.propublica.org/nonprofits/organizations/134026241/202212299349100601/IRS990PF,full return read (automated row extraction; not individually checked)
Franklin Cole Foundation,13-6090752,2023,990-PF XV 3a paid,500,Friends of the Israel Defense Forces (13-3156445),SUPPORT COMMUNITY,https://projects.propublica.org/nonprofits/organizations/136090752/202431279349102188/IRS990PF,full return read (automated row extraction; not individually checked)
Franklin Cole Foundation,13-6090752,2024,990-PF XV 3a paid,500,Friends of the Israel Defense Forces (13-3156445),SUPPORT COMMUNITY,https://projects.propublica.org/nonprofits/organizations/136090752/202531329349101948/IRS990PF,full return read (automated row extraction; not individually checked)
Frantzman Scott Charitable Foundation,83-1186856,2022,990-PF XV 3a paid,3000,Friends of the Israel Defense Forces (13-3156445),GENERAL ASSISTANCE,https://projects.propublica.org/nonprofits/organizations/831186856/202312129349100801/IRS990PF,full return read (automated row extraction; not individually checked)
Frantzman Scott Charitable Foundation,83-1186856,2023,990-PF XV 3a paid,3000,Friends of the Israel Defense Forces (13-3156445),GENERAL ASSISTANCE,https://projects.propublica.org/nonprofits/organizations/831186856/202441589349100224/IRS990PF,full return read (automated row extraction; not individually checked)
Frantzman Scott Charitable Foundation,83-1186856,2024,990-PF XV 3a paid,4000,Friends of the Israel Defense Forces (13-3156445),GENERAL ASSISTANCE,https://projects.propublica.org/nonprofits/organizations/831186856/202542179349100304/IRS990PF,full return read (automated row extraction; not individually checked)
Frantzman Scott Charitable Foundation,83-1186856,2025,990-PF XV 3a paid,3000,Friends of the Israel Defense Forces (13-3156445),GENERAL ASSISTANCE,https://projects.propublica.org/nonprofits/organizations/831186856/202611239349100706/IRS990PF,full return read (automated row extraction; not individually checked)
Fred And Bryna Berman Family Foundation Inc,26-0001020,2023,990-PF XV 3a paid,298,Friends of the Israel Defense Forces (13-3156445),CHARITABLE PURPOSE,https://projects.propublica.org/nonprofits/organizations/260001020/202433129349100023/IRS990PF,full return read (automated row extraction; not individually checked)
Fred And Bryna Berman Family Foundation Inc,26-0001020,2024,990-PF XV 3a paid,236,Friends of the Israel Defense Forces (13-3156445),CHARITABLE PURPOSE,https://projects.propublica.org/nonprofits/organizations/260001020/202502519349100700/IRS990PF,full return read (automated row extraction; not individually checked)
Fred H And Ann E Margolin Foundation,75-2568875,2024,990-PF XV 3a paid,250,Friends of the Israel Defense Forces (13-3156445),GENERAL OPERATING SUPPORT,https://projects.propublica.org/nonprofits/organizations/752568875/202503089349101720/IRS990PF,full return read (automated row extraction; not individually checked)
Fred Hazan Foundation Inc,13-6159194,2017,990-PF XV 3a paid,1000,Friends of the Israel Defense Forces (13-3156445),EXEMPT FROM TAXATION FOR USE BY THE ORGANIZATION FOR THE PURPOSE FOR WHICH THEY ARE EXEMPT.,https://projects.propublica.org/nonprofits/organizations/136159194/201831949349100308/IRS990PF,full return read (automated row extraction; not individually checked)
Fredric D Rosen And Nadine Schiff Family Foundation,83-6415601,2023,990-PF XV 3a paid,20000,Friends of the Israel Defense Forces (13-3156445),"EDUCATION, FINANCE, WELL-BEING, AND CULTURAL INITIATIVES FOR YOUNG MEN AND WOMEN.",https://projects.propublica.org/nonprofits/organizations/836415601/202443209349105394/IRS990PF,full return read (automated row extraction; not individually checked)
Fredric D Rosen And Nadine Schiff Family Foundation,83-6415601,2024,990-PF XV 3a paid,5000,Friends of the Israel Defense Forces (13-3156445),"EDUCATION, FINANCE, WELL-BEING, AND CULTURAL INITIATIVES FOR YOUNG MEN AND WOMEN.",https://projects.propublica.org/nonprofits/organizations/836415601/202513179349103286/IRS990PF,full return read (automated row extraction; not individually checked)
Freeman Fam Foundation Test Tua 111800,36-7346240,2023,990-PF XV 3a paid,2500,Friends of the Israel Defense Forces (13-3156445),UNRESTRICTED CHARITABLE GRANT,https://projects.propublica.org/nonprofits/organizations/367346240/202412499349100806/IRS990PF,full return read (automated row extraction; not individually checked)
Freeman Fam Foundation Test Tua 111800,36-7346240,2024,990-PF XV 3a paid,25000,Friends of the Israel Defense Forces (13-3156445),UNRESTRICTED CHARITABLE GRANT,https://projects.propublica.org/nonprofits/organizations/367346240/202533219349101908/IRS990PF,full return read (automated row extraction; not individually checked)
Freund Family Foundation,06-1549441,2015,990-PF XV 3a paid,2500,Friends of the Israel Defense Forces (13-3156445),GENERAL,https://projects.propublica.org/nonprofits/organizations/61549441/201601119349100200/IRS990PF,full return read (automated row extraction; not individually checked)
Friends Of David Foundation A Nj Nonprofit Corporation,47-1110482,2023,990-PF XV 3a paid,12000,Friends of the Israel Defense Forces (13-3156445),HELP VETERANS AND BEREAVED FAMIESIN ISRAEL,https://projects.propublica.org/nonprofits/organizations/471110482/202512349349100221/IRS990PF,full return read (automated row extraction; not individually checked)
Friends Of Young Judaea Inc,02-0241080,2017,990 Schedule I,8000,Friends of the Israel Defense Forces (13-3156445),IDF IMPACT SCHOLARSHIP,https://projects.propublica.org/nonprofits/organizations/20241080/201902279349303800/IRS990ScheduleI,full return read (automated row extraction; not individually checked)
Frontstream Global Fund,26-3265577,2019,990 Schedule I,5680,Friends of the Israel Defense Forces (13-3156445),GENERAL SUPPORT,https://projects.propublica.org/nonprofits/organizations/263265577/202111199349301611/IRS990ScheduleI,full return read (automated row extraction; not individually checked)
Frontstream Global Fund,26-3265577,2021,990 Schedule I,26289,Friends of the Israel Defense Forces (13-3156445),Use by the organization's general fund,https://projects.propublica.org/nonprofits/organizations/263265577/202310899349301111/IRS990ScheduleI,full return read (automated row extraction; not individually checked)
Fund For Israels Tomorrow,35-2374190,2019,990 Schedule I,75000,Friends of the Israel Defense Forces (13-3156445),PROGRAM ACTIVITIES.,https://projects.propublica.org/nonprofits/organizations/352374190/202003219349309550/IRS990ScheduleI,full return read (automated row extraction; not individually checked)
Fund For Israels Tomorrow,35-2374190,2020,990 Schedule I,375000,Friends of the Israel Defense Forces (13-3156445),PROGRAM ACTIVITIES.,https://projects.propublica.org/nonprofits/organizations/352374190/202133159349302318/IRS990ScheduleI,full return read (automated row extraction; not individually checked)
Fund For Israels Tomorrow,35-2374190,2022,990 Schedule I,581000,Friends of the Israel Defense Forces (13-3156445),PROGRAM ACTIVITIES.,https://projects.propublica.org/nonprofits/organizations/352374190/202303199349316020/IRS990ScheduleI,full return read (automated row extraction; not individually checked)
Futernick Family Foundation Inc,65-0078657,2023,990 Schedule I,9000,Friends of the Israel Defense Forces (13-3156445),GENERAL SUPPORT,https://projects.propublica.org/nonprofits/organizations/650078657/202521359349315537/IRS990ScheduleI,full return read (automated row extraction; not individually checked)
G H Palmer Family Foundation,46-0780219,2015,990-PF XV 3a paid,1000000,Friends of the Israel Defense Forces (13-3156445),GENERAL CHARITABLE,https://projects.propublica.org/nonprofits/organizations/460780219/201601379349102370/IRS990PF,full return read (row individually checked)
Gabriel And Yaara Plotkin Family Foundation,46-4942784,2015,990-PF XV 3a paid,40800,Friends of the Israel Defense Forces (13-3156445),"STRIDES,LEGACY & DIGNITY",https://projects.propublica.org/nonprofits/organizations/464942784/201601679349100720/IRS990PF,full return read (automated row extraction; not individually checked)
Gabriel And Yaara Plotkin Family Foundation,46-4294852,2018,990-PF XV 3a paid,8000,Friends of the Israel Defense Forces (13-3156445),GENERAL SUPPORT,https://projects.propublica.org/nonprofits/organizations/464294852/201932879349100418/IRS990PF,full return read (automated row extraction; not individually checked)
Gail & Maurice Setton Foundation Inc,84-3368157,2024,990-PF XV 3a paid,9500,Friends of the Israel Defense Forces (13-3156445),GENERAL,https://projects.propublica.org/nonprofits/organizations/843368157/202531349349101148/IRS990PF,full return read (automated row extraction; not individually checked)
Gail And Sheldon Goodman Family Foundation,47-5614328,2018,990-PF XV 3a paid,16000,Friends of the Israel Defense Forces (13-3156445),"SUPPORT EFFORTS TO OFFER EDUCATIONAL, CULTURAL AND SOCIAL SERVICES FOR SOLDIERS WHO PROTECT ISRAEL",https://projects.propublica.org/nonprofits/organizations/475614328/201932039349100233/IRS990PF,full return read (automated row extraction; not individually checked)
Gail And Sheldon Goodman Family Foundation,47-5614328,2020,990-PF XV 3a paid,4000,Friends of the Israel Defense Forces (13-3156445),SUPPORT OF HIGHER EDUCATION,https://projects.propublica.org/nonprofits/organizations/475614328/202112579349100001/IRS990PF,full return read (automated row extraction; not individually checked)
Gail And Sheldon Goodman Family Foundation,47-5614328,2021,990-PF XV 3a paid,8000,Friends of the Israel Defense Forces (13-3156445),SUPPORT OF HIGHER EDUCATION,https://projects.propublica.org/nonprofits/organizations/475614328/202202539349100500/IRS990PF,full return read (automated row extraction; not individually checked)
Gail And Sheldon Goodman Family Foundation,47-5614328,2022,990-PF XV 3a paid,8000,Friends of the Israel Defense Forces (13-3156445),GENERAL OPERATIONS,https://projects.propublica.org/nonprofits/organizations/475614328/202331959349100708/IRS990PF,full return read (automated row extraction; not individually checked)
Gail And Sheldon Goodman Family Foundation,47-5614328,2023,990-PF XV 3a paid,13400,Friends of the Israel Defense Forces (13-3156445),CHARITABLE CONTRIBUTIONS,https://projects.propublica.org/nonprofits/organizations/475614328/202421699349100522/IRS990PF,full return read (automated row extraction; not individually checked)
Gail And Sheldon Goodman Family Foundation,47-5614328,2024,990-PF XV 3a paid,44500,Friends of the Israel Defense Forces (13-3156445),GENERAL SUPPORT,https://projects.propublica.org/nonprofits/organizations/475614328/202512739349100606/IRS990PF,full return read (automated row extraction; not individually checked)
Gail And Sheldon Goodman Family Foundation,47-5614328,2025,990-PF XV 3a paid,50000,Friends of the Israel Defense Forces (13-3156445),GENERAL USE,https://projects.propublica.org/nonprofits/organizations/475614328/202602089349100205/IRS990PF,full return read (automated row extraction; not individually checked)
Galen Family Foundation,20-1306111,2014,990-PF XV 3a paid,500,Friends of the Israel Defense Forces (13-3156445),GENERAL OPERATIONS,https://projects.propublica.org/nonprofits/organizations/201306111/201512299349101086/IRS990PF,full return read (automated row extraction; not individually checked)
Galena-yorktown Foundation,61-6356354,2023,990-PF XV 3a paid,5000,Friends of the Israel Defense Forces (13-3156445),UNRESTRICTED FUNDS,https://projects.propublica.org/nonprofits/organizations/616356354/202423189349103027/IRS990PF,full return read (automated row extraction; not individually checked)
Gardner Family Foundation Inc,11-3413198,2022,990-PF XV 3a paid,2000,Friends of the Israel Defense Forces (13-3156445),UNRESTRICTED GRANT FOR THE ORGANIZATION'S EXEMPT PURPOSE.,https://projects.propublica.org/nonprofits/organizations/113413198/202410729349100201/IRS990PF,full return read (automated row extraction; not individually checked)
Gardner Family Foundation Inc,11-3413198,2023,990-PF XV 3a paid,2115,Friends of the Israel Defense Forces (13-3156445),UNRESTRICTED GRANT FOR THE ORGANIZATION'S EXEMPT PURPOSE.,https://projects.propublica.org/nonprofits/organizations/113413198/202521019349100922/IRS990PF,full return read (automated row extraction; not individually checked)
Gary & Carol Berman Family Foundation Inc,30-0012325,2017,990-PF XV 3a paid,8000,Friends of the Israel Defense Forces (13-3156445),OTHER PUBLIC CHARITY CHARITABLE,https://projects.propublica.org/nonprofits/organizations/300012325/201821359349103482/IRS990PF,full return read (automated row extraction; not individually checked)
Gary & Carol Berman Family Foundation Inc,30-0012325,2018,990-PF XV 3a paid,5500,Friends of the Israel Defense Forces (13-3156445),OTHER PUBLIC CHARITY CHARITABLE,https://projects.propublica.org/nonprofits/organizations/300012325/201901379349100900/IRS990PF,full return read (automated row extraction; not individually checked)
Gary & Carol Berman Family Foundation Inc,30-0012325,2019,990-PF XV 3a paid,5500,Friends of the Israel Defense Forces (13-3156445),OTHER PUBLIC CHARITY CHARITABLE,https://projects.propublica.org/nonprofits/organizations/300012325/202011959349100946/IRS990PF,full return read (automated row extraction; not individually checked)
Gary & Carol Berman Family Foundation Inc,30-0012325,2020,990-PF XV 3a paid,16000,Friends of the Israel Defense Forces (13-3156445),CHARITABLE,https://projects.propublica.org/nonprofits/organizations/300012325/202131909349100513/IRS990PF,full return read (automated row extraction; not individually checked)
Gary & Carol Berman Family Foundation Inc,30-0012325,2021,990-PF XV 3a paid,32000,Friends of the Israel Defense Forces (13-3156445),CHARITABLE,https://projects.propublica.org/nonprofits/organizations/300012325/202212359349100601/IRS990PF,full return read (automated row extraction; not individually checked)
Gary Segal Charitable Foundation Tr Ua 12282001,11-6570328,2023,990-PF XV 3a paid,10000,Friends of the Israel Defense Forces (13-3156445),GENERAL SUPPORT,https://projects.propublica.org/nonprofits/organizations/116570328/202403179349101200/IRS990PF,full return read (automated row extraction; not individually checked)
Gary Segal Charitable Foundation Tr Ua 12282001,11-6570328,2024,990-PF XV 3a paid,11000,Friends of the Israel Defense Forces (13-3156445),GENERAL SUPPORT,https://projects.propublica.org/nonprofits/organizations/116570328/202513219349101836/IRS990PF,full return read (automated row extraction; not individually checked)
Gary Segal Charitable Foundation Tr Ua 12282001,11-6570328,2025,990-PF XV 3a paid,10000,Friends of the Israel Defense Forces (13-3156445),GENERAL SUPPORT,https://projects.propublica.org/nonprofits/organizations/116570328/202621329349100647/IRS990PF,full return read (automated row extraction; not individually checked)
Gendal Family Charitable Foundation,65-6157310,2023,990-PF XV 3a paid,10000,Friends of the Israel Defense Forces (13-3156445),GENERAL USE,https://projects.propublica.org/nonprofits/organizations/656157310/202441719349100424/IRS990PF,full return read (automated row extraction; not individually checked)
Gendell Family Foundation,36-4261606,2015,990-PF XV 3a paid,2000,Friends of the Israel Defense Forces (13-3156445),GENERAL FUNDING,https://projects.propublica.org/nonprofits/organizations/364261606/201612079349100521/IRS990PF,full return read (automated row extraction; not individually checked)
Gendell Family Foundation,36-4261606,2018,990-PF XV 3a paid,2000,Friends of the Israel Defense Forces (13-3156445),GENERAL FUNDING,https://projects.propublica.org/nonprofits/organizations/364261606/201901789349100615/IRS990PF,full return read (automated row extraction; not individually checked)
Gene S Moss Foundation Ii Inc,92-0629993,2023,990-PF XV 3a paid,50000,Friends of the Israel Defense Forces (13-3156445),GENERAL CHARITABLE PURPOSES,https://projects.propublica.org/nonprofits/organizations/920629993/202441379349100639/IRS990PF,full return read (automated row extraction; not individually checked)
General Iron Industries Charitablefoundation,26-0367916,2017,990-PF XV 3a paid,25000,Friends of the Israel Defense Forces (13-3156445),GENERAL CHARITABLE PURPOSE,https://projects.propublica.org/nonprofits/organizations/260367916/201823179349101212/IRS990PF,full return read (automated row extraction; not individually checked)
George And Judith Arangio Foundation,23-6738070,2021,990-PF XV 3a paid,500,Friends of the Israel Defense Forces (13-3156445),GENERAL OPERATING,https://projects.propublica.org/nonprofits/organizations/236738070/202201319349100535/IRS990PF,full return read (automated row extraction; not individually checked)
Gerald B Cramer Family Foundation Inc,13-3749869,2023,990-PF XV 3a paid,250000,Friends of the Israel Defense Forces (13-3156445),CHARITABLE,https://projects.propublica.org/nonprofits/organizations/133749869/202413209349101781/IRS990PF,full return read (automated row extraction; not individually checked)
Gerald B Cramer Family Foundation Inc,13-3749869,2024,990-PF XV 3a paid,244000,Friends of the Israel Defense Forces (13-3156445),CHARITABLE,https://projects.propublica.org/nonprofits/organizations/133749869/202523219349106702/IRS990PF,full return read (automated row extraction; not individually checked)
Geraldand Reesa Niznick 2012 Family Foundation,46-1208985,2019,990-PF other part,36000,Friends of the Israel Defense Forces (13-3156445),THE MISSION OF THE GERALD AND REESA NIZNICK 2012 FAMILY FOUNDATION IS FOCUSES ON THE HELPING COMMUNITIES FOR FUTURE GENERATIONS AND FINANCIA,https://projects.propublica.org/nonprofits/organizations/461208985/202033099349100543/IRS990PF,full return read (automated row extraction; not individually checked)
Geraldand Reesa Niznick 2012 Family Foundation,46-1208985,2019,990-PF XV 3a paid,36000,Friends of the Israel Defense Forces (13-3156445),FINANCIAL SUPPORT,https://projects.propublica.org/nonprofits/organizations/461208985/202033099349100543/IRS990PF,full return read (automated row extraction; not individually checked)
Gerry Farber Family Foundation Inc,22-3692096,2015,990-PF XV 3a paid,40000,Friends of the Israel Defense Forces (13-3156445),SECTION 501(C)(3) TO CARRY OUT EXEMPT PURPOSE OF THE FOUNDATION,https://projects.propublica.org/nonprofits/organizations/223692096/201631319349100323/IRS990PF,full return read (automated row extraction; not individually checked)
Gerry Farber Family Foundation Inc,22-3692096,2016,990-PF XV 3a paid,35000,Friends of the Israel Defense Forces (13-3156445),TO CARRY OUT EXEMPT PURPOSE OF THE FOUNDATION,https://projects.propublica.org/nonprofits/organizations/223692096/201731319349100438/IRS990PF,full return read (automated row extraction; not individually checked)
Gerry Farber Family Foundation Inc,22-3692096,2017,990-PF XV 3a paid,30000,Friends of the Israel Defense Forces (13-3156445),TO CARRY OUT EXEMPT PURPOSE OF THE FOUNDATION,https://projects.propublica.org/nonprofits/organizations/223692096/201821309349101967/IRS990PF,full return read (automated row extraction; not individually checked)
Gerry Farber Family Foundation Inc,22-3692096,2018,990-PF XV 3a paid,50000,Friends of the Israel Defense Forces (13-3156445),TO CARRY OUT EXEMPT PURPOSE OF THE FOUNDATION,https://projects.propublica.org/nonprofits/organizations/223692096/201931309349101468/IRS990PF,full return read (automated row extraction; not individually checked)
Gerry Farber Family Foundation Inc,22-3692096,2019,990-PF XV 3a paid,50000,Friends of the Israel Defense Forces (13-3156445),TO CARRY OUT EXEMPT PURPOSE OF THE FOUNDATION,https://projects.propublica.org/nonprofits/organizations/223692096/202021919349101307/IRS990PF,full return read (automated row extraction; not individually checked)
Gerry Farber Family Foundation Inc,22-3692096,2020,990-PF XV 3a paid,20000,Friends of the Israel Defense Forces (13-3156445),TO CARRY OUT EXEMPT PURPOSE OF THE FOUNDATION,https://projects.propublica.org/nonprofits/organizations/223692096/202131319349100643/IRS990PF,full return read (automated row extraction; not individually checked)
Gerry Farber Family Foundation Inc,22-3692096,2021,990-PF XV 3a paid,20000,Friends of the Israel Defense Forces (13-3156445),TO CARRY OUT EXEMPT PURPOSE OF THE FOUNDATION,https://projects.propublica.org/nonprofits/organizations/223692096/202201239349100640/IRS990PF,full return read (automated row extraction; not individually checked)
Gerry Farber Family Foundation Inc,22-3692096,2022,990-PF XV 3a paid,5000,Friends of the Israel Defense Forces (13-3156445),TO CARRY OUT EXEMPT PURPOSE OF THE F,https://projects.propublica.org/nonprofits/organizations/223692096/202311329349100321/IRS990PF,full return read (automated row extraction; not individually checked)
Gerry Farber Family Foundation Inc,22-3692096,2023,990-PF XV 3a paid,50000,Friends of the Israel Defense Forces (13-3156445),TO CARRY OUT EXEMPT PURPOSE OF THE F,https://projects.propublica.org/nonprofits/organizations/223692096/202431359349102678/IRS990PF,full return read (automated row extraction; not individually checked)
Gerry Farber Family Foundation Inc,22-3692096,2024,990-PF XV 3a paid,22500,Friends of the Israel Defense Forces (13-3156445),TO CARRY OUT EXEMPT PURPOSE OF THE FOUNDATION,https://projects.propublica.org/nonprofits/organizations/223692096/202521339349102452/IRS990PF,full return read (automated row extraction; not individually checked)
Gerry Farber Family Foundation Inc,22-3692096,2025,990-PF XV 3a paid,22500,Friends of the Israel Defense Forces (13-3156445),TO CARRY OUT EXEMPT PURPOSE OF THE FOUNDATION,https://projects.propublica.org/nonprofits/organizations/223692096/202631329349102788/IRS990PF,full return read (automated row extraction; not individually checked)
Gershwind Family Foundation,11-3359917,2016,990-PF XV 3a paid,1800,Friends of the Israel Defense Forces (13-3156445),CHARITABLE,https://projects.propublica.org/nonprofits/organizations/113359917/201713139349101251/IRS990PF,full return read (automated row extraction; not individually checked)
Gershwind Family Foundation,11-3359917,2021,990-PF XV 3a paid,25000,Friends of the Israel Defense Forces (13-3156445),Charitable,https://projects.propublica.org/nonprofits/organizations/113359917/202233189349105518/IRS990PF,full return read (automated row extraction; not individually checked)
Gershwind Foundation,46-1617389,2018,990-PF XV 3a paid,1750,Friends of the Israel Defense Forces (13-3156445),CHARITABLE,https://projects.propublica.org/nonprofits/organizations/461617389/201923159349100707/IRS990PF,full return read (automated row extraction; not individually checked)
Gertrude & Robert Bennett Family Foundation,26-2621764,2020,990-PF XV 3a paid,590,Friends of the Israel Defense Forces (13-3156445),"CHARITIES CONTRIBUTION FOR THE GENERAL BENEFIT OF, AND USE BY, THE RECIPIENT ORGANIZATION.",https://projects.propublica.org/nonprofits/organizations/262621764/202101319349100420/IRS990PF,full return read (automated row extraction; not individually checked)
Gertrude & Robert Bennett Family Foundation,26-2621764,2021,990-PF XV 3a paid,608,Friends of the Israel Defense Forces (13-3156445),"CHARITIES CONTRIBUTION FOR THE GENERAL BENEFIT OF, AND USE BY, THE RECIPIENT ORGANIZATION.",https://projects.propublica.org/nonprofits/organizations/262621764/202241239349101909/IRS990PF,full return read (automated row extraction; not individually checked)
Gertrude & Robert Bennett Family Foundation,26-2621764,2022,990-PF XV 3a paid,500,Friends of the Israel Defense Forces (13-3156445),"CHARITIES CONTRIBUTION FOR THE GENERAL BENEFIT OF, AND USE BY, THE RECIPIENT ORGANIZATION.",https://projects.propublica.org/nonprofits/organizations/262621764/202321319349101517/IRS990PF,full return read (automated row extraction; not individually checked)
Gess Foundation,04-3539095,2015,990-PF XV 3a paid,930,Friends of the Israel Defense Forces (13-3156445),SUPPORT ORGANIZATIONS EXEMPT PURPOSE,https://projects.propublica.org/nonprofits/organizations/43539095/201613059349100606/IRS990PF,full return read (automated row extraction; not individually checked)
Ginsburg Family Foundation,23-2980572,2024,990-PF XV 3a paid,30000,Friends of the Israel Defense Forces (13-3156445),TAX-EXEMPT COMMUNITY,https://projects.propublica.org/nonprofits/organizations/232980572/202510979349101001/IRS990PF,full return read (automated row extraction; not individually checked)
Ginsburg Family Foundation Inc,04-3624306,2020,990-PF XV 3a paid,16000,Friends of the Israel Defense Forces (13-3156445),General support for program activities,https://projects.propublica.org/nonprofits/organizations/43624306/202121239349101547/IRS990PF,full return read (automated row extraction; not individually checked)
Ginsburg Family Foundation Inc,04-3624306,2021,990-PF XV 3a paid,16000,Friends of the Israel Defense Forces (13-3156445),General support for program activities,https://projects.propublica.org/nonprofits/organizations/43624306/202231119349100503/IRS990PF,full return read (automated row extraction; not individually checked)
Ginsburg Family Foundation Inc,04-3624306,2022,990-PF XV 3a paid,16000,Friends of the Israel Defense Forces (13-3156445),General support for program activities,https://projects.propublica.org/nonprofits/organizations/43624306/202333139349102708/IRS990PF,full return read (automated row extraction; not individually checked)
Ginsburg Family Foundation Inc,04-3624306,2023,990-PF XV 3a paid,16000,Friends of the Israel Defense Forces (13-3156445),General support for program activities,https://projects.propublica.org/nonprofits/organizations/43624306/202421999349100502/IRS990PF,full return read (automated row extraction; not individually checked)
Ginsburg Family Foundation Inc,04-3624306,2024,990-PF XV 3a paid,10000,Friends of the Israel Defense Forces (13-3156445),General support for program activities,https://projects.propublica.org/nonprofits/organizations/43624306/202612239349100011/IRS990PF,full return read (automated row extraction; not individually checked)
Give Lively Foundation Inc,81-0693451,2022,990 Schedule I,12350,Friends of the Israel Defense Forces (13-3156445),GENERAL SUPPORT,https://projects.propublica.org/nonprofits/organizations/810693451/202312139349301316/IRS990ScheduleI,full return read (automated row extraction; not individually checked)
Glickman Family Foundation Inc,11-6015697,2014,990-PF XV 3a paid,1800,Friends of the Israel Defense Forces (13-3156445),NONPROFIT TO SUPPORT THE WELLBEING AND EDUCATIONAL NEEDS OF ISRAEL'S BRAVE SOLDIERS,https://projects.propublica.org/nonprofits/organizations/116015697/201542239349100804/IRS990PF,full return read (automated row extraction; not individually checked)
Global Impact,52-1273585,2018,990 Schedule I,101189,Friends of the Israel Defense Forces (13-3156445),DONOR ADVISED FUND,https://projects.propublica.org/nonprofits/organizations/521273585/202030099349301408/IRS990ScheduleI,full return read (automated row extraction; not individually checked)
Global Impact,52-1273585,2020,990 Schedule I,86248,Friends of the Israel Defense Forces (13-3156445),Donor Advised,https://projects.propublica.org/nonprofits/organizations/521273585/202201309349302770/IRS990ScheduleI,full return read (automated row extraction; not individually checked)
Global Impact,52-1273585,2021,990 Schedule I,15550,Friends of the Israel Defense Forces (13-3156445),Donor Advised Fund,https://projects.propublica.org/nonprofits/organizations/521273585/202321309349305232/IRS990ScheduleI,full return read (automated row extraction; not individually checked)
Global Village Charitable Tr,34-1757652,2018,990-PF XV 3a paid,6000,Friends of the Israel Defense Forces (13-3156445),GENERAL OPERATION,https://projects.propublica.org/nonprofits/organizations/341757652/201901339349100620/IRS990PF,full return read (automated row extraction; not individually checked)
Global Village Charitable Tr,34-1757652,2019,990-PF XV 3a paid,6000,Friends of the Israel Defense Forces (13-3156445),GENERAL OPERATION,https://projects.propublica.org/nonprofits/organizations/341757652/202001379349100300/IRS990PF,full return read (automated row extraction; not individually checked)
Global Village Charitable Tr,34-1757652,2020,990-PF XV 3a paid,6000,Friends of the Israel Defense Forces (13-3156445),GENERAL OPERATION,https://projects.propublica.org/nonprofits/organizations/341757652/202103159349102800/IRS990PF,full return read (automated row extraction; not individually checked)
Gloria & Harvey L Levine Charitable Foundation Inc,11-3562809,2023,990-PF XV 3a paid,10000,Friends of the Israel Defense Forces (13-3156445),FURTHER DONEE'S EXEMPT PURPOSE,https://projects.propublica.org/nonprofits/organizations/113562809/202441299349103704/IRS990PF,full return read (automated row extraction; not individually checked)
Gloria And Mark Fine Family Foundation,47-2235108,2017,990-PF XV 3a paid,1800,Friends of the Israel Defense Forces (13-3156445),Good Education,https://projects.propublica.org/nonprofits/organizations/472235108/201831289349101803/IRS990PF,full return read (automated row extraction; not individually checked)
Gloria And Morris Lipton Charitable Foundation,20-1849927,2020,990-PF XV 3a paid,500,Friends of the Israel Defense Forces (13-3156445),GENERAL CONTRIBUTION,https://projects.propublica.org/nonprofits/organizations/201849927/202202209349101705/IRS990PF,full return read (automated row extraction; not individually checked)
Gloria And Sidney Danziger Foundation Inc,13-6124448,2018,990-PF XV 3a paid,613,Friends of the Israel Defense Forces (13-3156445),SOCIAL,https://projects.propublica.org/nonprofits/organizations/136124448/201931309349101248/IRS990PF,full return read (automated row extraction; not individually checked)
Golden Family Foundation,13-3438614,2021,990-PF XV 3a paid,2575,Friends of the Israel Defense Forces (13-3156445),CHARITABLE PURPOSES,https://projects.propublica.org/nonprofits/organizations/133438614/202301249349102100/IRS990PF,full return read (automated row extraction; not individually checked)
Golden Family Foundation,13-3438614,2022,990-PF XV 3a paid,2500,Friends of the Israel Defense Forces (13-3156445),CHARITABLE PURPOSES,https://projects.propublica.org/nonprofits/organizations/133438614/202343149349102239/IRS990PF,full return read (automated row extraction; not individually checked)
Goldman Sachs Charitable Gift Fund,11-3813663,2021,990 Schedule I,47800,Friends of the Israel Defense Forces (13-3156445),COMMUNITY OUTREACH & ENRICHMENT PROGRAMS,https://projects.propublica.org/nonprofits/organizations/113813663/202311099349301951/IRS990ScheduleI,full return read (automated row extraction; not individually checked)
Gonen Family Foundation,82-3689586,2019,990-PF XV 3a paid,2000,Friends of the Israel Defense Forces (13-3156445),GENERAL FUND,https://projects.propublica.org/nonprofits/organizations/823689586/202022409349100227/IRS990PF,full return read (automated row extraction; not individually checked)
Gonen Family Foundation,82-3689586,2024,990-PF XV 3a paid,6120,Friends of the Israel Defense Forces (13-3156445),GENERAL FUND,https://projects.propublica.org/nonprofits/organizations/823689586/202513149349101396/IRS990PF,full return read (automated row extraction; not individually checked)
Goodman Family Foundation,36-3956748,2021,990-PF XV 3a paid,328000,Friends of the Israel Defense Forces (13-3156445),General Support,https://projects.propublica.org/nonprofits/organizations/363956748/202233199349109183/IRS990PF,full return read (automated row extraction; not individually checked)
Goodman Family Foundation,36-3956748,2022,990-PF XV 3a paid,188000,Friends of the Israel Defense Forces (13-3156445),General Support,https://projects.propublica.org/nonprofits/organizations/363956748/202343179349100424/IRS990PF,full return read (automated row extraction; not individually checked)
Goodman Family Foundation,36-3956748,2023,990-PF XV 3a paid,191000,Friends of the Israel Defense Forces (13-3156445),General Support,https://projects.propublica.org/nonprofits/organizations/363956748/202433139349101813/IRS990PF,full return read (automated row extraction; not individually checked)
Goodman Family Foundation,36-3956748,2024,990-PF XV 3a paid,48000,Friends of the Israel Defense Forces (13-3156445),General Support,https://projects.propublica.org/nonprofits/organizations/363956748/202543189349102229/IRS990PF,full return read (automated row extraction; not individually checked)
Goodman Family Operating Foundation,61-1816821,2023,990-PF XV 3a paid,10000,Friends of the Israel Defense Forces (13-3156445),"TRANSFORM THE LIVES OF THE YOUNG MEN AND WOMEN OF THE IDF THROUGH EMPOWERING EDUCATIONAL, FINANCIAL, WELL-BEING, AND CULTURAL INITIATIVES.",https://projects.propublica.org/nonprofits/organizations/611816821/202422639349100807/IRS990PF,full return read (automated row extraction; not individually checked)
Gorbach Family Foundation,20-1854203,2013,990-PF XV 3a paid,360,Friends of the Israel Defense Forces (13-3156445),OTHER PUBLIC CHARITY TO SUPPORT VARIOUS CAUSES,https://projects.propublica.org/nonprofits/organizations/201854203/201441339349101304/IRS990PF,full return read (automated row extraction; not individually checked)
Gorbach Family Foundation,20-1854203,2014,990-PF XV 3a paid,500,Friends of the Israel Defense Forces (13-3156445),OTHER PUBLIC CHARITY TO SUPPORT VARIOUS CAUSES,https://projects.propublica.org/nonprofits/organizations/201854203/201511359349100971/IRS990PF,full return read (automated row extraction; not individually checked)
Gorbach Family Foundation,20-1854203,2015,990-PF XV 3a paid,100,Friends of the Israel Defense Forces (13-3156445),OTHER PUBLIC CHARITY TO SUPPORT VARIOUS CAUSES,https://projects.propublica.org/nonprofits/organizations/201854203/201600969349100005/IRS990PF,full return read (automated row extraction; not individually checked)
Gorbach Family Foundation,20-1854203,2016,990-PF XV 3a paid,100,Friends of the Israel Defense Forces (13-3156445),OTHER PUBLIC CHARITY TO SUPPORT VARIOUS CAUSES,https://projects.propublica.org/nonprofits/organizations/201854203/201731359349104153/IRS990PF,full return read (automated row extraction; not individually checked)
Gorbach Family Foundation,20-1854203,2017,990-PF XV 3a paid,100,Friends of the Israel Defense Forces (13-3156445),OTHER PUBLIC CHARITY TO SUPPORT VARIOUS CAUSES,https://projects.propublica.org/nonprofits/organizations/201854203/201802689349100205/IRS990PF,full return read (automated row extraction; not individually checked)
Gordon Salmon And Marjorie R Pres- Ent Charitable Foundation,22-2861959,2022,990-PF XV 3a paid,540,Friends of the Israel Defense Forces (13-3156445),,https://projects.propublica.org/nonprofits/organizations/222861959/202343139349101404/IRS990PF,full return read (automated row extraction; not individually checked)
Gordon Salmon And Marjorie R Pres- Ent Charitable Foundation,22-2861959,2024,990-PF XV 3a paid,100,Friends of the Israel Defense Forces (13-3156445),Exempt To support the mission of Wellesley Free Library.,https://projects.propublica.org/nonprofits/organizations/222861959/202531359349104638/IRS990PF,full return read (automated row extraction; not individually checked)
Gore Animal Foundation,26-2564460,2018,990-PF XV 3a paid,1000,Friends of the Israel Defense Forces (13-3156445),TAX-EXEMPT ANIMAL OR CARE AND PRESERVATION OF ANIMALS,https://projects.propublica.org/nonprofits/organizations/262564460/201912399349100511/IRS990PF,full return read (automated row extraction; not individually checked)
Gore Animal Foundation,26-2564460,2019,990-PF XV 3a paid,1000,Friends of the Israel Defense Forces (13-3156445),TAX-EXEMPT ANIMAL OR CARE AND PRESERVATION OF ANIMALS,https://projects.propublica.org/nonprofits/organizations/262564460/202041759349100329/IRS990PF,full return read (automated row extraction; not individually checked)
Gorlin Family Foundation,26-0874184,2023,990-PF XV 3a paid,6500,Friends of the Israel Defense Forces (13-3156445),GENERAL,https://projects.propublica.org/nonprofits/organizations/260874184/202402219349101060/IRS990PF,full return read (automated row extraction; not individually checked)
Gorny Foundation,45-3947729,2021,990-PF XV 3a paid,1800,Friends of the Israel Defense Forces (13-3156445),General & Unrestricted,https://projects.propublica.org/nonprofits/organizations/453947729/202232799349100338/IRS990PF,full return read (automated row extraction; not individually checked)
Gottesman Fund,52-6061469,2020,990-PF XV 3a paid,15000,Friends of the Israel Defense Forces (13-3156445),GENERAL SUPPORT,https://projects.propublica.org/nonprofits/organizations/526061469/202201939349100810/IRS990PF,full return read (automated row extraction; not individually checked)
Gottesman Fund,52-6061469,2021,990-PF XV 3a paid,20000,Friends of the Israel Defense Forces (13-3156445),GENERAL SUPPORT,https://projects.propublica.org/nonprofits/organizations/526061469/202320129349100972/IRS990PF,full return read (automated row extraction; not individually checked)
Gottesman Fund,52-6061469,2023,990-PF XV 3a paid,250000,Friends of the Israel Defense Forces (13-3156445),GENERAL SUPPORT,https://projects.propublica.org/nonprofits/organizations/526061469/202531899349100618/IRS990PF,full return read (automated row extraction; not individually checked)
Granoff Family Foundation,13-2981867,2012,990-PF XV 3a paid,4000,Friends of the Israel Defense Forces (13-3156445),CHARITABLE ORGANIZAT CHARITABLE ORGANIZATION,https://projects.propublica.org/nonprofits/organizations/132981867/201440289349100404/IRS990PF,full return read (automated row extraction; not individually checked)
Granoff Family Foundation,13-2981867,2017,990-PF XV 3a paid,4000,Friends of the Israel Defense Forces (13-3156445),CHARITABLE ORGANIZAT CHARITABLE ORGANIZATION,https://projects.propublica.org/nonprofits/organizations/132981867/201902089349100000/IRS990PF,full return read (automated row extraction; not individually checked)
Granoff Family Foundation,13-2981867,2018,990-PF XV 3a paid,2500,Friends of the Israel Defense Forces (13-3156445),CHARITABLE ORGANIZAT CHARITABLE ORGANIZATION,https://projects.propublica.org/nonprofits/organizations/132981867/202021449349100502/IRS990PF,full return read (automated row extraction; not individually checked)
Granoff Family Foundation,13-2981867,2019,990-PF XV 3a paid,3600,Friends of the Israel Defense Forces (13-3156445),CHARITABLE ORGANIZAT CHARITABLE ORGANIZATION,https://projects.propublica.org/nonprofits/organizations/132981867/202131339349103138/IRS990PF,full return read (automated row extraction; not individually checked)
Granoff Family Foundation,13-2981867,2020,990-PF XV 3a paid,3000,Friends of the Israel Defense Forces (13-3156445),CHARITABLE ORGANIZAT CHARITABLE ORGANIZATION,https://projects.propublica.org/nonprofits/organizations/132981867/202232369349100223/IRS990PF,full return read (automated row extraction; not individually checked)
Granoff Family Foundation,13-2981867,2021,990-PF XV 3a paid,3000,Friends of the Israel Defense Forces (13-3156445),CHARITABLE ORGANIZAT CHARITABLE ORGANIZATION,https://projects.propublica.org/nonprofits/organizations/132981867/202301659349101025/IRS990PF,full return read (automated row extraction; not individually checked)
Greater Houston Community Foundation,23-7160400,2015,990 Schedule I,1000,Friends of the Israel Defense Forces (13-3156445),THIS GRANT IS FOR THE GALA HOST COMMITTEE. THE DONOR WILL BE SITTING AT THE BRAD SONDOCK TABLE.,https://projects.propublica.org/nonprofits/organizations/237160400/201641379349304544/IRS990ScheduleI,full return read (automated row extraction; not individually checked)
Greater Houston Community Foundation,23-7160400,2015,990 Schedule I,9900,Friends of the Israel Defense Forces (13-3156445),THIS GRANT IS DF CHIEF OF STAFF SPONSORSHIP TO THE 2015 GALA DINNER. THE DONOR ADVISOR WILL BE ATTENDING.,https://projects.propublica.org/nonprofits/organizations/237160400/201641379349304544/IRS990ScheduleI,full return read (automated row extraction; not individually checked)
Greater Houston Community Foundation,23-7160400,2015,990 Schedule I,500,Friends of the Israel Defense Forces (13-3156445),PUBLIC BENEFIT,https://projects.propublica.org/nonprofits/organizations/237160400/201641379349304544/IRS990ScheduleI,full return read (automated row extraction; not individually checked)
Greater Houston Community Foundation,23-7160400,2019,990 Schedule I,6400,Friends of the Israel Defense Forces (13-3156445),COMMUNITY DEVELOPMENT,https://projects.propublica.org/nonprofits/organizations/237160400/202023219349311032/IRS990ScheduleI,full return read (automated row extraction; not individually checked)
Greater Houston Community Foundation,23-7160400,2021,990 Schedule I,6000,Friends of the Israel Defense Forces (13-3156445),PUBLIC BENEFIT,https://projects.propublica.org/nonprofits/organizations/237160400/202213199349322246/IRS990ScheduleI,full return read (automated row extraction; not individually checked)
Greater Kansas City Community Foundation,43-1152398,2015,990 Schedule I,10000,Friends of the Israel Defense Forces (13-3156445),Environment,https://projects.propublica.org/nonprofits/organizations/431152398/201603209349304815/IRS990ScheduleI,full return read (automated row extraction; not individually checked)
Greater Miami Jewish Federation,59-0624404,2012,990 Schedule I,85300,Friends of the Israel Defense Forces (13-3156445),General support to carryout the mission of the organization,https://projects.propublica.org/nonprofits/organizations/590624404/201421359349306007/IRS990ScheduleI,full return read (automated row extraction; not individually checked)
Greater Miami Jewish Federation,59-0624404,2014,990 Schedule I,39495,Friends of the Israel Defense Forces (13-3156445),General support to carryout the mission of the organization,https://projects.propublica.org/nonprofits/organizations/590624404/201631379349310208/IRS990ScheduleI,full return read (automated row extraction; not individually checked)
Greater Miami Jewish Federation,59-0624404,2015,990 Schedule I,36000,Friends of the Israel Defense Forces (13-3156445),General support to carryout the mission of the organization,https://projects.propublica.org/nonprofits/organizations/590624404/201701359349312605/IRS990ScheduleI,full return read (automated row extraction; not individually checked)
Greater Miami Jewish Federation,59-0624404,2016,990 Schedule I,358630,Friends of the Israel Defense Forces (13-3156445),General support to carryout the mission of the organization,https://projects.propublica.org/nonprofits/organizations/590624404/201811359349310306/IRS990ScheduleI,full return read (automated row extraction; not individually checked)
Greater Miami Jewish Federation,59-0624404,2018,990 Schedule I,87300,Friends of the Israel Defense Forces (13-3156445),GENERAL SUPPORT TO CARRY OUT THE MISSION OF THE ORGANIZATION,https://projects.propublica.org/nonprofits/organizations/590624404/202031979349303158/IRS990ScheduleI,full return read (automated row extraction; not individually checked)
Greater Miami Jewish Federation,59-0624404,2019,990 Schedule I,150000,Friends of the Israel Defense Forces (13-3156445),GENERAL SUPPORT TO CARRY OUT THE MISSION OF THE ORGANIZATION,https://projects.propublica.org/nonprofits/organizations/590624404/202121379349301347/IRS990ScheduleI,full return read (automated row extraction; not individually checked)
Greater Miami Jewish Federation,59-0624404,2019,990 Schedule I,100000,Friends of the Israel Defense Forces (13-3156445),GENERAL SUPPORT TO CARRY OUT THE MISSION OF THE ORGANIZATION,https://projects.propublica.org/nonprofits/organizations/590624404/202121379349301347/IRS990ScheduleI,full return read (automated row extraction; not individually checked)
Greater Miami Jewish Federation,59-0624404,2019,990 Schedule I,22500,Friends of the Israel Defense Forces (13-3156445),GENERAL SUPPORT TO CARRY OUT THE MISSION OF THE ORGANIZATION,https://projects.propublica.org/nonprofits/organizations/590624404/202121379349301347/IRS990ScheduleI,full return read (automated row extraction; not individually checked)
Greater Miami Jewish Federation,59-0624404,2019,990 Schedule I,22000,Friends of the Israel Defense Forces (13-3156445),GENERAL SUPPORT TO CARRY OUT THE MISSION OF THE ORGANIZATION,https://projects.propublica.org/nonprofits/organizations/590624404/202121379349301347/IRS990ScheduleI,full return read (automated row extraction; not individually checked)
Greater Miami Jewish Federation,59-0624404,2019,990 Schedule I,11750,Friends of the Israel Defense Forces (13-3156445),GENERAL SUPPORT TO CARRY OUT THE MISSION OF THE ORGANIZATION,https://projects.propublica.org/nonprofits/organizations/590624404/202121379349301347/IRS990ScheduleI,full return read (automated row extraction; not individually checked)
Greater Miami Jewish Federation,59-0624404,2019,990 Schedule I,10200,Friends of the Israel Defense Forces (13-3156445),GENERAL SUPPORT TO CARRY OUT THE MISSION OF THE ORGANIZATION,https://projects.propublica.org/nonprofits/organizations/590624404/202121379349301347/IRS990ScheduleI,full return read (automated row extraction; not individually checked)
Greater Miami Jewish Federation,59-0624404,2019,990 Schedule I,7000,Friends of the Israel Defense Forces (13-3156445),GENERAL SUPPORT TO CARRY OUT THE MISSION OF THE ORGANIZATION,https://projects.propublica.org/nonprofits/organizations/590624404/202121379349301347/IRS990ScheduleI,full return read (automated row extraction; not individually checked)
Greater Miami Jewish Federation,59-0624404,2019,990 Schedule I,5400,Friends of the Israel Defense Forces (13-3156445),GENERAL SUPPORT TO CARRY OUT THE MISSION OF THE ORGANIZATION,https://projects.propublica.org/nonprofits/organizations/590624404/202121379349301347/IRS990ScheduleI,full return read (automated row extraction; not individually checked)
Greater Miami Jewish Federation,59-0624404,2019,990 Schedule I,5400,Friends of the Israel Defense Forces (13-3156445),GENERAL SUPPORT TO CARRY OUT THE MISSION OF THE ORGANIZATION,https://projects.propublica.org/nonprofits/organizations/590624404/202121379349301347/IRS990ScheduleI,full return read (automated row extraction; not individually checked)
Greater Miami Jewish Federation,59-0624404,2019,990 Schedule I,5000,Friends of the Israel Defense Forces (13-3156445),GENERAL SUPPORT TO CARRY OUT THE MISSION OF THE ORGANIZATION,https://projects.propublica.org/nonprofits/organizations/590624404/202121379349301347/IRS990ScheduleI,full return read (automated row extraction; not individually checked)
Greater Miami Jewish Federation,59-0624404,2019,990 Schedule I,5000,Friends of the Israel Defense Forces (13-3156445),GENERAL SUPPORT TO CARRY OUT THE MISSION OF THE ORGANIZATION,https://projects.propublica.org/nonprofits/organizations/590624404/202121379349301347/IRS990ScheduleI,full return read (automated row extraction; not individually checked)
Greater Miami Jewish Federation,59-0624404,2020,990 Schedule I,292300,Friends of the Israel Defense Forces (13-3156445),GENERAL SUPPORT TO CARRY OUT THE MISSION OF THE ORGANIZATION,https://projects.propublica.org/nonprofits/organizations/590624404/202231369349309353/IRS990ScheduleI,full return read (automated row extraction; not individually checked)
Greater Miami Jewish Federation,59-0624404,2021,990 Schedule I,261212,Friends of the Israel Defense Forces (13-3156445),,https://projects.propublica.org/nonprofits/organizations/590624404/202301359349318525/IRS990ScheduleI,full return read (automated row extraction; not individually checked)
Greater Miami Jewish Federation,59-0624404,2021,990 Schedule I,52000,Friends of the Israel Defense Forces (13-3156445),,https://projects.propublica.org/nonprofits/organizations/590624404/202301359349318525/IRS990ScheduleI,full return read (automated row extraction; not individually checked)
Greater Miami Jewish Federation,59-0624404,2024,990 Schedule I,51552,Friends of the Israel Defense Forces (13-3156445),GENERAL SUPPORT,https://projects.propublica.org/nonprofits/organizations/590624404/202601359349308365/IRS990ScheduleI,full return read (automated row extraction; not individually checked)
Greater Miami Jewish Federation,59-0624404,2024,990 Schedule I,21800,Friends of the Israel Defense Forces (13-3156445),GENERAL SUPPORT,https://projects.propublica.org/nonprofits/organizations/590624404/202601359349308365/IRS990ScheduleI,full return read (automated row extraction; not individually checked)
Greater Washington Community Foundation,23-7343119,2014,990 Schedule I,345000,Friends of the Israel Defense Forces (13-3156445),general support,https://projects.propublica.org/nonprofits/organizations/237343119/201600479349301465/IRS990ScheduleI,full return read (automated row extraction; not individually checked)
Greater Washington Community Foundation,23-7343119,2015,990 Schedule I,12000,Friends of the Israel Defense Forces (13-3156445),general support,https://projects.propublica.org/nonprofits/organizations/237343119/201700469349302035/IRS990ScheduleI,full return read (automated row extraction; not individually checked)
Greater Washington Community Foundation,23-7343119,2015,990 Schedule I,8000,Friends of the Israel Defense Forces (13-3156445),general support,https://projects.propublica.org/nonprofits/organizations/237343119/201700469349302035/IRS990ScheduleI,full return read (automated row extraction; not individually checked)
Greater Washington Community Foundation,23-7343119,2015,990 Schedule I,5600,Friends of the Israel Defense Forces (13-3156445),general support,https://projects.propublica.org/nonprofits/organizations/237343119/201700469349302035/IRS990ScheduleI,full return read (automated row extraction; not individually checked)
Greater Washington Community Foundation,23-7343119,2016,990 Schedule I,52000,Friends of the Israel Defense Forces (13-3156445),general support building,https://projects.propublica.org/nonprofits/organizations/237343119/201800469349301145/IRS990ScheduleI,full return read (automated row extraction; not individually checked)
Greater Washington Community Foundation,23-7343119,2018,990 Schedule I,58150,Friends of the Israel Defense Forces (13-3156445),General Support building,https://projects.propublica.org/nonprofits/organizations/237343119/202010429349300521/IRS990ScheduleI,full return read (automated row extraction; not individually checked)
Greater Washington Community Foundation,23-7343119,2020,990 Schedule I,16000,Friends of the Israel Defense Forces (13-3156445),general support,https://projects.propublica.org/nonprofits/organizations/237343119/202240469349302029/IRS990ScheduleI,full return read (automated row extraction; not individually checked)
Green Family Charitable Foundation Tr,99-6166239,2024,990-PF XV 3a paid,5000,Friends of the Israel Defense Forces (13-3156445),GENERAL SUPPORT,https://projects.propublica.org/nonprofits/organizations/996166239/202533219349101693/IRS990PF,full return read (automated row extraction; not individually checked)
Greenblum Family Foundation,20-8031300,2014,990-PF XV 3a paid,5000,Friends of the Israel Defense Forces (13-3156445),CHARITABLE,https://projects.propublica.org/nonprofits/organizations/208031300/201541339349100429/IRS990PF,full return read (automated row extraction; not individually checked)
Greenblum Family Foundation,20-8031300,2015,990-PF XV 3a paid,5000,Friends of the Israel Defense Forces (13-3156445),CHARITABLE,https://projects.propublica.org/nonprofits/organizations/208031300/201602389349100205/IRS990PF,full return read (automated row extraction; not individually checked)
Greenblum Family Foundation,20-8031300,2016,990-PF XV 3a paid,8000,Friends of the Israel Defense Forces (13-3156445),CHARITABLE,https://projects.propublica.org/nonprofits/organizations/208031300/201711639349100156/IRS990PF,full return read (automated row extraction; not individually checked)
Greenblum Family Foundation,20-8031300,2017,990-PF XV 3a paid,8000,Friends of the Israel Defense Forces (13-3156445),CHARITABLE,https://projects.propublica.org/nonprofits/organizations/208031300/201811669349100001/IRS990PF,full return read (automated row extraction; not individually checked)
Greenblum Family Foundation,20-8031300,2019,990-PF XV 3a paid,8000,Friends of the Israel Defense Forces (13-3156445),CHARITABLE,https://projects.propublica.org/nonprofits/organizations/208031300/202033189349102698/IRS990PF,full return read (automated row extraction; not individually checked)
Greenblum Family Foundation,20-8031300,2020,990-PF XV 3a paid,8000,Friends of the Israel Defense Forces (13-3156445),CHARITABLE,https://projects.propublica.org/nonprofits/organizations/208031300/202143199349101019/IRS990PF,full return read (automated row extraction; not individually checked)
Greenblum Family Foundation,20-8031300,2021,990-PF XV 3a paid,8000,Friends of the Israel Defense Forces (13-3156445),CHARITABLE,https://projects.propublica.org/nonprofits/organizations/208031300/202213159349100836/IRS990PF,full return read (automated row extraction; not individually checked)
Greenblum Family Foundation,20-8031300,2022,990-PF XV 3a paid,8000,Friends of the Israel Defense Forces (13-3156445),CHARITABLE,https://projects.propublica.org/nonprofits/organizations/208031300/202303179349102095/IRS990PF,full return read (automated row extraction; not individually checked)
Greenblum Family Foundation,20-8031300,2024,990-PF XV 3a paid,4000,Friends of the Israel Defense Forces (13-3156445),CHARITABLE,https://projects.propublica.org/nonprofits/organizations/208031300/202503179349101310/IRS990PF,full return read (automated row extraction; not individually checked)
Greenspon Family Foundation,58-2633915,2020,990-PF XV 3a paid,500,Friends of the Israel Defense Forces (13-3156445),FURTHERANCE OF CHARITABLE PURPOSES,https://projects.propublica.org/nonprofits/organizations/582633915/202211369349101456/IRS990PF,full return read (automated row extraction; not individually checked)
Greenspon Family Foundation,58-2633915,2023,990-PF XV 3a paid,1000,Friends of the Israel Defense Forces (13-3156445),FURTHERANCE OF CHARITABLE PURPOSES,https://projects.propublica.org/nonprofits/organizations/582633915/202403209349100840/IRS990PF,full return read (automated row extraction; not individually checked)
Greenstein Family Foundation,27-4334621,2015,990-PF XV 3a paid,100000,Friends of the Israel Defense Forces (13-3156445),GENERAL FUND,https://projects.propublica.org/nonprofits/organizations/274334621/201701659349100620/IRS990PF,full return read (automated row extraction; not individually checked)
Greenstein Family Foundation,27-4334621,2016,990-PF XV 3a paid,100000,Friends of the Israel Defense Forces (13-3156445),GENERAL FUND,https://projects.propublica.org/nonprofits/organizations/274334621/201802559349100210/IRS990PF,full return read (automated row extraction; not individually checked)
Grosfeld Foundation,38-2575307,2022,990-PF XV 3a paid,22445,Friends of the Israel Defense Forces (13-3156445),UNRESTRICTED CHARITABLE GIFT,https://projects.propublica.org/nonprofits/organizations/382575307/202412289349100306/IRS990PF,full return read (automated row extraction; not individually checked)
Grosfeld Foundation,38-2575307,2024,990-PF XV 3a paid,5000,Friends of the Israel Defense Forces (13-3156445),UNRESTRICTED CHARITABLE GIFT,https://projects.propublica.org/nonprofits/organizations/382575307/202523289349100467/IRS990PF,full return read (automated row extraction; not individually checked)
Gross Family Charitable Foundation Inc,27-1534195,2023,990-PF XV 3a paid,1000,Friends of the Israel Defense Forces (13-3156445),,https://projects.propublica.org/nonprofits/organizations/271534195/202401359349100925/IRS990PF,full return read (automated row extraction; not individually checked)
Gross Family Charitable Foundation Inc,27-1534195,2024,990-PF XV 3a paid,250,Friends of the Israel Defense Forces (13-3156445),,https://projects.propublica.org/nonprofits/organizations/271534195/202531269349101218/IRS990PF,full return read (automated row extraction; not individually checked)
Gross Family Foundation Inc,13-4140636,2024,990-PF XV 3a paid,100000,Friends of the Israel Defense Forces (13-3156445),EDUCATIONAL AND VOCATIONAL TRAINING,https://projects.propublica.org/nonprofits/organizations/134140636/202523179349102097/IRS990PF,full return read (automated row extraction; not individually checked)
Gross Foundation,22-2393682,2021,990-PF XV 3a paid,5000,Friends of the Israel Defense Forces (13-3156445),NC UNRESTRICTED,https://projects.propublica.org/nonprofits/organizations/222393682/202231339349102093/IRS990PF,full return read (automated row extraction; not individually checked)
Gross Foundation,22-2393682,2023,990-PF XV 3a paid,5000,Friends of the Israel Defense Forces (13-3156445),NC UNRESTRICTED,https://projects.propublica.org/nonprofits/organizations/222393682/202431629349100428/IRS990PF,full return read (automated row extraction; not individually checked)
Gross Foundation,22-2393682,2025,990-PF XV 3a paid,5000,Friends of the Israel Defense Forces (13-3156445),UNRESTRICTED,https://projects.propublica.org/nonprofits/organizations/222393682/202611359349101886/IRS990PF,full return read (automated row extraction; not individually checked)
Grossman Family Charitable Funds Inc,13-6091872,2020,990-PF XV 3a paid,100,Friends of the Israel Defense Forces (13-3156445),FOR ASSISTANCE TO DISABLED VETERANS,https://projects.propublica.org/nonprofits/organizations/136091872/202102389349100115/IRS990PF,full return read (automated row extraction; not individually checked)
Gs Donor Advised Philanthropy Fund For Wealth Management Inc,31-1774905,2017,990 Schedule I,28250,Friends of the Israel Defense Forces (13-3156445),General Support,https://projects.propublica.org/nonprofits/organizations/311774905/201832619349300328/IRS990ScheduleI,full return read (automated row extraction; not individually checked)
Gs Donor Advised Philanthropy Fund For Wealth Management Inc,31-1774905,2019,990 Schedule I,107800,Friends of the Israel Defense Forces (13-3156445),PUBLIC SERVICES,https://projects.propublica.org/nonprofits/organizations/311774905/202022189349300322/IRS990ScheduleI,full return read (automated row extraction; not individually checked)
Gs Donor Advised Philanthropy Fund For Wealth Management Inc,31-1774905,2021,990 Schedule I,336390,Friends of the Israel Defense Forces (13-3156445),COMMUNITY & HUMAN SERVICES,https://projects.propublica.org/nonprofits/organizations/311774905/202243089349301314/IRS990ScheduleI,full return read (automated row extraction; not individually checked)
Gs Donor Advised Philanthropy Fund For Wealth Management Inc,31-1774905,2022,990 Schedule I,507728,Friends of the Israel Defense Forces (13-3156445),COMMUNITY & HUMAN SERVICES,https://projects.propublica.org/nonprofits/organizations/311774905/202312859349302266/IRS990ScheduleI,full return read (automated row extraction; not individually checked)
Guenter Borg Foundation,82-0897497,2025,990-PF XV 3a paid,5000,Friends of the Israel Defense Forces (13-3156445),GENERAL FUND,https://projects.propublica.org/nonprofits/organizations/820897497/202641219349102259/IRS990PF,full return read (automated row extraction; not individually checked)
Gurevich Family Foundation,27-1231865,2024,990-PF XV 3a paid,3600,Friends of the Israel Defense Forces (13-3156445),EXEMPT CHARITABLE,https://projects.propublica.org/nonprofits/organizations/271231865/202503109349101045/IRS990PF,full return read (automated row extraction; not individually checked)
H Herbert Myers Memorial Foundation,11-6044697,2023,990-PF XV 3a paid,1500,Friends of the Israel Defense Forces (13-3156445),UNRESTRICTED,https://projects.propublica.org/nonprofits/organizations/116044697/202413169349100216/IRS990PF,full return read (automated row extraction; not individually checked)
H Herbert Myers Memorial Foundation,11-6044697,2024,990-PF XV 3a paid,1700,Friends of the Israel Defense Forces (13-3156445),UNRESTRICTED,https://projects.propublica.org/nonprofits/organizations/116044697/202513149349101501/IRS990PF,full return read (automated row extraction; not individually checked)
Haberman Family Foundation,36-4003623,2023,990-PF XV 3a paid,5000,Friends of the Israel Defense Forces (13-3156445),GENERAL PUBLIC CHARITABLE,https://projects.propublica.org/nonprofits/organizations/364003623/202411909349100171/IRS990PF,full return read (automated row extraction; not individually checked)
Haberman Family Foundation,36-4003623,2024,990-PF XV 3a paid,1000,Friends of the Israel Defense Forces (13-3156445),GENERAL PUBLIC CHARITABLE,https://projects.propublica.org/nonprofits/organizations/364003623/202521779349100112/IRS990PF,full return read (automated row extraction; not individually checked)
Haberman Family Foundation,36-4003623,2025,990-PF XV 3a paid,2000,Friends of the Israel Defense Forces (13-3156445),GENERAL CHARITABLE,https://projects.propublica.org/nonprofits/organizations/364003623/202631959349100973/IRS990PF,full return read (automated row extraction; not individually checked)
Hair Foundation,38-3694455,2015,990-PF XV 3a paid,4720,Friends of the Israel Defense Forces (13-3156445),GENERAL,https://projects.propublica.org/nonprofits/organizations/383694455/201611379349103256/IRS990PF,full return read (automated row extraction; not individually checked)
Hair Foundation,38-3694455,2015,990-PF XV 3a paid,36360,Friends of the Israel Defense Forces (13-3156445),GENERAL,https://projects.propublica.org/nonprofits/organizations/383694455/201611379349103256/IRS990PF,full return read (automated row extraction; not individually checked)
Hair Foundation,38-3694455,2016,990-PF XV 3a paid,18000,Friends of the Israel Defense Forces (13-3156445),"TO OFFER EDUCATIONAL, CULTURAL, RECREATIONAL, SOCIAL SERVICES PROGRAMS, AND FACILITIES THAT PROVIDE HOPE, PURPOSE, AND LIFE-CHANGING SUPPORT",https://projects.propublica.org/nonprofits/organizations/383694455/201711359349104901/IRS990PF,full return read (automated row extraction; not individually checked)
Hair Foundation,38-3694455,2016,990-PF XV 3a paid,56000,Friends of the Israel Defense Forces (13-3156445),"TO OFFER EDUCATIONAL, CULTURAL, RECREATIONAL, SOCIAL SERVICES PROGRAMS, AND FACILITIES THAT PROVIDE HOPE, PURPOSE, AND LIFE-CHANGING SUPPORT",https://projects.propublica.org/nonprofits/organizations/383694455/201711359349104901/IRS990PF,full return read (automated row extraction; not individually checked)
Hair Foundation,38-3694455,2017,990-PF XV 3a paid,3600,Friends of the Israel Defense Forces (13-3156445),"TO OFFER EDUCATIONAL, CULTURAL, RECREATIONAL, SOCIAL SERVICES PROGRAMS, AND FACILITIES THAT PROVIDE HOPE, PURPOSE, AND LIFE-CHANGING SUPPORT",https://projects.propublica.org/nonprofits/organizations/383694455/201821659349100222/IRS990PF,full return read (automated row extraction; not individually checked)
Hair Foundation,38-3694455,2018,990-PF XV 3a paid,56000,Friends of the Israel Defense Forces (13-3156445),"TO OFFER EDUCATIONAL, CULTURAL, RECREATIONAL, SOCIAL SERVICES PROGRAMS, AND FACILITIES THAT PROVIDE HOPE, PURPOSE, AND LIFE-CHANGING SUPPORT",https://projects.propublica.org/nonprofits/organizations/383694455/201903199349104250/IRS990PF,full return read (automated row extraction; not individually checked)
Hair Foundation,38-3694455,2019,990-PF XV 3a paid,48000,Friends of the Israel Defense Forces (13-3156445),"TO OFFER EDUCATIONAL, CULTURAL, RECREATIONAL, SOCIAL SERVICES PROGRAMS, AND FACILITIES THAT PROVIDE HOPE, PURPOSE, AND LIFE-CHANGING SUPPORT",https://projects.propublica.org/nonprofits/organizations/383694455/202002979349100000/IRS990PF,full return read (automated row extraction; not individually checked)
Hakim Family Foundation Inc,13-3911530,2021,990-PF XV 3a paid,1500,Friends of the Israel Defense Forces (13-3156445),PAID GENERAL,https://projects.propublica.org/nonprofits/organizations/133911530/202223139349102012/IRS990PF,full return read (automated row extraction; not individually checked)
Hakim Family Foundation Inc,13-3911530,2023,990-PF XV 3a paid,504,Friends of the Israel Defense Forces (13-3156445),PAID GENERAL,https://projects.propublica.org/nonprofits/organizations/133911530/202540229349100324/IRS990PF,full return read (automated row extraction; not individually checked)
Halperin Foundation,06-0972125,2014,990-PF XV 3a paid,1800,Friends of the Israel Defense Forces (13-3156445),CHARITABLE,https://projects.propublica.org/nonprofits/organizations/60972125/201542259349100424/IRS990PF,full return read (automated row extraction; not individually checked)
Halperin Foundation,06-0972125,2016,990-PF XV 3a paid,1000,Friends of the Israel Defense Forces (13-3156445),CHARITABLE,https://projects.propublica.org/nonprofits/organizations/60972125/201711919349100266/IRS990PF,full return read (automated row extraction; not individually checked)
Halperin Foundation,06-0972125,2017,990-PF XV 3a paid,1000,Friends of the Israel Defense Forces (13-3156445),CHARITABLE,https://projects.propublica.org/nonprofits/organizations/60972125/201842609349100109/IRS990PF,full return read (automated row extraction; not individually checked)
Halpern-oppenheimer Family Foundation Inc,58-2512118,2023,990 Schedule I,100000,Friends of the Israel Defense Forces (13-3156445),DONATION,https://projects.propublica.org/nonprofits/organizations/582512118/202500159349301220/IRS990ScheduleI,full return read (automated row extraction; not individually checked)
Hannah S Cohn And Samuel A Cohn Memorial Foundation,23-2500519,2018,990-PF XV 3a paid,5000,Friends of the Israel Defense Forces (13-3156445),UNRESTRICTED,https://projects.propublica.org/nonprofits/organizations/232500519/202000429349101005/IRS990PF,full return read (automated row extraction; not individually checked)
Hannah S Cohn And Samuel A Cohn Memorial Foundation,23-2500519,2021,990-PF XV 3a paid,2500,Friends of the Israel Defense Forces (13-3156445),UNRESTRICTED,https://projects.propublica.org/nonprofits/organizations/232500519/202340469349100519/IRS990PF,full return read (automated row extraction; not individually checked)
Hannah S Cohn And Samuel A Cohn Memorial Foundation,23-2500519,2023,990-PF XV 3a paid,3600,Friends of the Israel Defense Forces (13-3156445),UNRESTRICTED,https://projects.propublica.org/nonprofits/organizations/232500519/202530489349100513/IRS990PF,full return read (automated row extraction; not individually checked)
Hannah S Cohn And Samuel A Cohn Memorial Foundation,23-2500519,2024,990-PF XV 3a paid,5000,Friends of the Israel Defense Forces (13-3156445),UNRESTRICTED,https://projects.propublica.org/nonprofits/organizations/232500519/202640469349100254/IRS990PF,full return read (automated row extraction; not individually checked)
Happy Baby Foundation,46-5122090,2023,990-PF XV 3a paid,50000,Friends of the Israel Defense Forces (13-3156445),CHARITABLE DONATION,https://projects.propublica.org/nonprofits/organizations/465122090/202421369349104362/IRS990PF,full return read (automated row extraction; not individually checked)
Happy Baby Foundation,46-5122090,2024,990-PF XV 3a paid,100000,Friends of the Israel Defense Forces (13-3156445),CHARITABLE DONATION,https://projects.propublica.org/nonprofits/organizations/465122090/202511359349102901/IRS990PF,full return read (automated row extraction; not individually checked)
Happy Baby Foundation,46-5122090,2025,990-PF XV 3a paid,100000,Friends of the Israel Defense Forces (13-3156445),CHARITABLE DONATION,https://projects.propublica.org/nonprofits/organizations/465122090/202611329349101881/IRS990PF,full return read (automated row extraction; not individually checked)
Harjen Charitable Foundation,26-0276553,2021,990-PF XV 3a paid,5000,Friends of the Israel Defense Forces (13-3156445),GENERAL CONTRIBUTION,https://projects.propublica.org/nonprofits/organizations/260276553/202213189349105931/IRS990PF,full return read (automated row extraction; not individually checked)
Harlan And Amy Korenvaes Family Foundation,75-2902691,2018,990-PF XV 3a paid,5000,Friends of the Israel Defense Forces (13-3156445),COMMUNITY OUTREACH,https://projects.propublica.org/nonprofits/organizations/752902691/201913159349101096/IRS990PF,full return read (automated row extraction; not individually checked)
Harmony Fund Inc,22-3693795,2025,990-PF XV 3a paid,10000,Friends of the Israel Defense Forces (13-3156445),HUMANITARIAN & MILITARY AID,https://projects.propublica.org/nonprofits/organizations/223693795/202610899349100016/IRS990PF,full return read (automated row extraction; not individually checked)
Harold And Elaine Friedland Family Foundation,23-2841007,2019,990-PF XV 3a paid,2175,Friends of the Israel Defense Forces (13-3156445),SUPPORT FOR THE SOLDIERS WHO PROTECT ISRAEL AND JEWS WORLDWIDE.,https://projects.propublica.org/nonprofits/organizations/232841007/202032569349100103/IRS990PF,full return read (automated row extraction; not individually checked)
Harold And Elaine Friedland Family Foundation,23-2841007,2020,990-PF XV 3a paid,5000,Friends of the Israel Defense Forces (13-3156445),TO FURTHER SUPPORT THE ORGANIZATION'S MISSION TO SUPPORT THE SOLDIERS WHO PROTECT ISRAEL AND JEWS WORLDWIDE.,https://projects.propublica.org/nonprofits/organizations/232841007/202141829349100409/IRS990PF,full return read (automated row extraction; not individually checked)
Harold And Elaine Friedland Family Foundation,23-2841007,2021,990-PF XV 3a paid,100,Friends of the Israel Defense Forces (13-3156445),TO FURTHER SUPPORT THE ORGANIZATION'S MISSION TO SUPPORT THE SOLDIERS WHO PROTECT ISRAEL AND JEWS WORLDWIDE.,https://projects.propublica.org/nonprofits/organizations/232841007/202222209349100502/IRS990PF,full return read (automated row extraction; not individually checked)
Harold And Elaine Friedland Family Foundation,23-2841007,2022,990-PF XV 3a paid,1000,Friends of the Israel Defense Forces (13-3156445),TO FURTHER SUPPORT THE ORGANIZATION'S MISSION TO SUPPORT THE SOLDIERS WHO PROTECT ISRAEL AND JEWS WORLDWIDE.,https://projects.propublica.org/nonprofits/organizations/232841007/202333129349100043/IRS990PF,full return read (automated row extraction; not individually checked)
Harold And Elaine Friedland Family Foundation,23-2841007,2023,990-PF XV 3a paid,15000,Friends of the Israel Defense Forces (13-3156445),TO FURTHER SUPPORT THE ORGANIZATION'S MISSION TO SUPPORT THE SOLDIERS WHO PROTECT ISRAEL AND JEWS WORLDWIDE.,https://projects.propublica.org/nonprofits/organizations/232841007/202402479349101000/IRS990PF,full return read (automated row extraction; not individually checked)
Harold And Elaine Friedland Family Foundation,23-2841007,2024,990-PF XV 3a paid,16000,Friends of the Israel Defense Forces (13-3156445),TO FURTHER SUPPORT THE ORGANIZATION'S MISSION TO SUPPORT THE SOLDIERS WHO PROTECT ISRAEL AND JEWS WORLDWIDE.,https://projects.propublica.org/nonprofits/organizations/232841007/202513039349101656/IRS990PF,full return read (automated row extraction; not individually checked)
Harold And Libby Ziff Foundation,95-2383366,2023,990-PF XV 3a paid,30000,Friends of the Israel Defense Forces (13-3156445),General Support,https://projects.propublica.org/nonprofits/organizations/952383366/202413199349102021/IRS990PF,full return read (automated row extraction; not individually checked)
Harold D And Annette Price Family Foundation,47-4119262,2019,990-PF XV 3a paid,50000,Friends of the Israel Defense Forces (13-3156445),General Support,https://projects.propublica.org/nonprofits/organizations/474119262/202011339349100406/IRS990PF,full return read (automated row extraction; not individually checked)
Harold D And Annette Price Family Foundation,47-4119262,2020,990-PF XV 3a paid,50000,Friends of the Israel Defense Forces (13-3156445),General Support,https://projects.propublica.org/nonprofits/organizations/474119262/202131279349100938/IRS990PF,full return read (automated row extraction; not individually checked)
Harris And Eliza Kempner Fund,76-0680130,2021,990-PF XV 3a paid,1000,Friends of the Israel Defense Forces (13-3156445),TO ASSIST LOCAL 501(C)(3) ENTITIES,https://projects.propublica.org/nonprofits/organizations/760680130/202243189349102439/IRS990PF,full return read (automated row extraction; not individually checked)
Harris And Eliza Kempner Fund,76-0680130,2022,990-PF XV 3a paid,1000,Friends of the Israel Defense Forces (13-3156445),ASSIST 501(C)(3) ORGANIZATION,https://projects.propublica.org/nonprofits/organizations/760680130/202323109349101602/IRS990PF,full return read (automated row extraction; not individually checked)
Harris And Eliza Kempner Fund,76-0680130,2023,990-PF XV 3a paid,1000,Friends of the Israel Defense Forces (13-3156445),ASSIST 501(C)(3) ORGANIZATION,https://projects.propublica.org/nonprofits/organizations/760680130/202423099349101317/IRS990PF,full return read (automated row extraction; not individually checked)
Harry & Jane Fischel Foundation,13-5677832,2023,990-PF XV 3a paid,10000,Friends of the Israel Defense Forces (13-3156445),501 (C)(3) GENERAL CONTRIBUTION,https://projects.propublica.org/nonprofits/organizations/135677832/202433199349103463/IRS990PF,full return read (automated row extraction; not individually checked)
Harry & Yvonne Lenart Charitable Foundation,95-3905760,2016,990-PF XV 3a paid,2000,Friends of the Israel Defense Forces (13-3156445),COMMUNITY SERVICE,https://projects.propublica.org/nonprofits/organizations/953905760/201840739349100724/IRS990PF,full return read (automated row extraction; not individually checked)
Harry A Lieberman Foundation,23-2328740,2023,990-PF XV 3a paid,1000,Friends of the Israel Defense Forces (13-3156445),SOCIAL,https://projects.propublica.org/nonprofits/organizations/232328740/202401859349100005/IRS990PF,full return read (automated row extraction; not individually checked)
Harry And Beatrice Sley Foundation,23-6391020,2023,990-PF XV 3a paid,8000,Friends of the Israel Defense Forces (13-3156445),General,https://projects.propublica.org/nonprofits/organizations/236391020/202421309349102502/IRS990PF,full return read (automated row extraction; not individually checked)
Harry And Hilda Eisen Family Foundation,33-0492606,2023,990-PF XV 3a paid,85000,Friends of the Israel Defense Forces (13-3156445),TO SUPPORT ISRAEL DEFENSE FORCES,https://projects.propublica.org/nonprofits/organizations/330492606/202440859349100809/IRS990PF,full return read (automated row extraction; not individually checked)
Harry And Sadie Lasky Foundation,36-6105123,2014,990-PF XV 3a paid,48000,Friends of the Israel Defense Forces (13-3156445),,https://projects.propublica.org/nonprofits/organizations/366105123/201511289349101266/IRS990PF,full return read (automated row extraction; not individually checked)
Harry And Sadie Lasky Foundation,36-6105123,2016,990-PF XV 3a paid,48000,Friends of the Israel Defense Forces (13-3156445),,https://projects.propublica.org/nonprofits/organizations/366105123/201712759349100706/IRS990PF,full return read (automated row extraction; not individually checked)
Harry And Sadie Lasky Foundation,36-6105123,2017,990-PF XV 3a paid,48000,Friends of the Israel Defense Forces (13-3156445),,https://projects.propublica.org/nonprofits/organizations/366105123/201803039349101110/IRS990PF,full return read (automated row extraction; not individually checked)
Harry And Sadie Lasky Foundation,36-6105123,2021,990-PF XV 3a paid,50000,Friends of the Israel Defense Forces (13-3156445),UNRESTRICTED,https://projects.propublica.org/nonprofits/organizations/366105123/202203199349105200/IRS990PF,full return read (automated row extraction; not individually checked)
Harry And Sadie Lasky Foundation,36-6105123,2023,990-PF XV 3a paid,50000,Friends of the Israel Defense Forces (13-3156445),UNRESTRICTED,https://projects.propublica.org/nonprofits/organizations/366105123/202443199349103349/IRS990PF,full return read (automated row extraction; not individually checked)
Harry And Sadie Lasky Foundation,36-6105123,2024,990-PF XV 3a paid,50000,Friends of the Israel Defense Forces (13-3156445),UNRESTRICTED,https://projects.propublica.org/nonprofits/organizations/366105123/202503149349100930/IRS990PF,full return read (automated row extraction; not individually checked)
Harvey & Gloria Kaylie Foundation Inc,11-3502781,2021,990-PF XV 3a paid,28000,Friends of the Israel Defense Forces (13-3156445),GENERAL OPERATING BUDGET,https://projects.propublica.org/nonprofits/organizations/113502781/202233149349101433/IRS990PF,full return read (automated row extraction; not individually checked)
Harvey L Miller Supporting Foundation,90-0187252,2017,990 Schedule I,256000,Friends of the Israel Defense Forces (13-3156445),Impact! Program,https://projects.propublica.org/nonprofits/organizations/900187252/201931359349310628/IRS990ScheduleI,full return read (automated row extraction; not individually checked)
Hear Me Roar Foundation,82-3624590,2023,990-PF XV 3a paid,2500,Friends of the Israel Defense Forces (13-3156445),General & Unrestricted,https://projects.propublica.org/nonprofits/organizations/823624590/202402079349101000/IRS990PF,full return read (automated row extraction; not individually checked)
Hearty Foundation,85-6745820,2024,990-PF XV 3a paid,20000,Friends of the Israel Defense Forces (13-3156445),TO SUPPORT PROJECTS AND/OR ORGANIZATIONS IN THE JEWISH COMMUNITY.,https://projects.propublica.org/nonprofits/organizations/856745820/202513179349103341/IRS990PF,full return read (automated row extraction; not individually checked)
Helen And Harry Saul Foundation,58-2063931,2014,990-PF XV 3a paid,2000,Friends of the Israel Defense Forces (13-3156445),POF GENERAL OPERATIONS,https://projects.propublica.org/nonprofits/organizations/582063931/201513179349102151/IRS990PF,full return read (automated row extraction; not individually checked)
Helen And Harry Saul Foundation,58-2063931,2015,990-PF XV 3a paid,2500,Friends of the Israel Defense Forces (13-3156445),POF GENERAL OPERATIONS,https://projects.propublica.org/nonprofits/organizations/582063931/201632449349100403/IRS990PF,full return read (automated row extraction; not individually checked)
Helen And Harry Saul Foundation,58-2063931,2016,990-PF XV 3a paid,2500,Friends of the Israel Defense Forces (13-3156445),POF GENERAL OPERATIONS,https://projects.propublica.org/nonprofits/organizations/582063931/201743179349102414/IRS990PF,full return read (automated row extraction; not individually checked)
Helen And Jack Lubliner Family Foundation Inc,90-0427853,2020,990 Schedule I,6000,Friends of the Israel Defense Forces (13-3156445),N/A GENERAL SUPPORT,https://projects.propublica.org/nonprofits/organizations/900427853/202231299349303363/IRS990ScheduleI,full return read (automated row extraction; not individually checked)
Helen And Jacob Shaham Charitable Foundation Inc,27-2166193,2023,990-PF XV 3a paid,105000,Friends of the Israel Defense Forces (13-3156445),"TO SUPPORT AND TRANSFORM THE LIVES OF THE YOUNG MEN AND WOMEN OF IDF THROUGH EMPOWERING EDUCATIONAL, FINANCIAL, WELL-BEING, AND CULTURAL INI",https://projects.propublica.org/nonprofits/organizations/272166193/202443119349101409/IRS990PF,full return read (automated row extraction; not individually checked)
Helen And Jacob Shaham Charitable Foundation Inc,27-2166193,2024,990-PF XV 3a paid,200000,Friends of the Israel Defense Forces (13-3156445),"TO SUPPORT AND TRANSFORM THE LIVES OF THE YOUNG MEN AND WOMEN OF IDF THROUGH EMPOWERING EDUCATIONAL, FINANCIAL, WELL-BEING, AND CULTURAL INI",https://projects.propublica.org/nonprofits/organizations/272166193/202540509349100624/IRS990PF,full return read (automated row extraction; not individually checked)
Helene Diamond And Jorde M Nathan Family Foundation,36-4157242,2012,990 Schedule I,20000,Friends of the Israel Defense Forces (13-3156445),General operating support,https://projects.propublica.org/nonprofits/organizations/364157242/201421349349307422/IRS990ScheduleI,full return read (automated row extraction; not individually checked)
Helene Diamond And Jorde M Nathan Family Foundation,36-4157242,2014,990 Schedule I,30000,Friends of the Israel Defense Forces (13-3156445),General Operating Support,https://projects.propublica.org/nonprofits/organizations/364157242/201621329349301442/IRS990ScheduleI,full return read (automated row extraction; not individually checked)
Helene Diamond And Jorde M Nathan Family Foundation,36-4157242,2015,990 Schedule I,11050,Friends of the Israel Defense Forces (13-3156445),General Operating Support,https://projects.propublica.org/nonprofits/organizations/364157242/201721259349301677/IRS990ScheduleI,full return read (automated row extraction; not individually checked)
Helene Diamond And Jorde M Nathan Family Foundation,36-4157242,2016,990 Schedule I,8000,Friends of the Israel Defense Forces (13-3156445),General Operating Support,https://projects.propublica.org/nonprofits/organizations/364157242/201841319349301824/IRS990ScheduleI,full return read (automated row extraction; not individually checked)
Helene Diamond And Jorde M Nathan Family Foundation,36-4157242,2017,990 Schedule I,10760,Friends of the Israel Defense Forces (13-3156445),General Operating Support,https://projects.propublica.org/nonprofits/organizations/364157242/201911359349310541/IRS990ScheduleI,full return read (automated row extraction; not individually checked)
Helene Diamond And Jorde M Nathan Family Foundation,36-4157242,2018,990 Schedule I,304000,Friends of the Israel Defense Forces (13-3156445),General Operating Support,https://projects.propublica.org/nonprofits/organizations/364157242/202001849349301200/IRS990ScheduleI,full return read (automated row extraction; not individually checked)
Helene Diamond And Jorde M Nathan Family Foundation,36-4157242,2019,990 Schedule I,9800,Friends of the Israel Defense Forces (13-3156445),General Operating Support,https://projects.propublica.org/nonprofits/organizations/364157242/202101259349302605/IRS990ScheduleI,full return read (automated row extraction; not individually checked)
Helene Diamond And Jorde M Nathan Family Foundation,36-4157242,2020,990 Schedule I,8000,Friends of the Israel Defense Forces (13-3156445),General Operating Support,https://projects.propublica.org/nonprofits/organizations/364157242/202241369349315169/IRS990ScheduleI,full return read (automated row extraction; not individually checked)
Helene Diamond And Jorde M Nathan Family Foundation,36-4157242,2021,990 Schedule I,56000,Friends of the Israel Defense Forces (13-3156445),General Operating Support,https://projects.propublica.org/nonprofits/organizations/364157242/202311239349301226/IRS990ScheduleI,full return read (automated row extraction; not individually checked)
Helene Diamond And Jorde M Nathan Family Foundation,36-4157242,2022,990 Schedule I,15180,Friends of the Israel Defense Forces (13-3156445),General Operating Support,https://projects.propublica.org/nonprofits/organizations/364157242/202441279349303489/IRS990ScheduleI,full return read (automated row extraction; not individually checked)
Helene Diamond And Jorde M Nathan Family Foundation,36-4157242,2024,990 Schedule I,20000,Friends of the Israel Defense Forces (13-3156445),GENERAL OEPRATING SUPPORT,https://projects.propublica.org/nonprofits/organizations/364157242/202621059349300927/IRS990ScheduleI,full return read (automated row extraction; not individually checked)
Helping Israel Fund Inc,20-4981268,2014,990 Schedule I,50000,Friends of the Israel Defense Forces (13-3156445),,https://projects.propublica.org/nonprofits/organizations/204981268/201541819349300104/IRS990ScheduleI,full return read (automated row extraction; not individually checked)
Helping Israel Fund Inc,20-4981268,2015,990 Schedule I,68000,Friends of the Israel Defense Forces (13-3156445),,https://projects.propublica.org/nonprofits/organizations/204981268/201602019349300015/IRS990ScheduleI,full return read (automated row extraction; not individually checked)
Helping Israel Fund Inc,20-4981268,2016,990 Schedule I,16000,Friends of the Israel Defense Forces (13-3156445),General support,https://projects.propublica.org/nonprofits/organizations/204981268/201741379349300124/IRS990ScheduleI,full return read (automated row extraction; not individually checked)
Helping Israel Fund Inc,20-4981268,2017,990 Schedule I,16000,Friends of the Israel Defense Forces (13-3156445),General support,https://projects.propublica.org/nonprofits/organizations/204981268/201822379349300002/IRS990ScheduleI,full return read (automated row extraction; not individually checked)
Helping Israel Fund Inc,20-4981268,2019,990 Schedule I,16000,Friends of the Israel Defense Forces (13-3156445),General support,https://projects.propublica.org/nonprofits/organizations/204981268/202011839349300326/IRS990ScheduleI,full return read (automated row extraction; not individually checked)
Helping Israel Fund Inc,20-4981268,2021,990 Schedule I,16000,Friends of the Israel Defense Forces (13-3156445),General support,https://projects.propublica.org/nonprofits/organizations/204981268/202241469349300434/IRS990ScheduleI,full return read (automated row extraction; not individually checked)
Helping Israel Fund Inc,20-4981268,2022,990 Schedule I,,Friends of the Israel Defense Forces (13-3156445),,https://projects.propublica.org/nonprofits/organizations/204981268/202301429349300710/IRS990ScheduleI,full return read (automated row extraction; not individually checked)
Henry & Elaine Kaufman Foundation Inc,23-7045903,2017,990-PF XV 3a paid,7600,Friends of the Israel Defense Forces (13-3156445),General Charitable,https://projects.propublica.org/nonprofits/organizations/237045903/201833109349100308/IRS990PF,full return read (automated row extraction; not individually checked)
Henry & Myrtle Hirsch Foundation,11-6035655,2013,990-PF XV 3a paid,100,Friends of the Israel Defense Forces (13-3156445),FOR CHARITABLE PURPOSE OF ORGANIZATION,https://projects.propublica.org/nonprofits/organizations/116035655/201402249349100805/IRS990PF,full return read (automated row extraction; not individually checked)
Henry & Myrtle Hirsch Foundation,11-6035655,2016,990-PF XV 3a paid,100,Friends of the Israel Defense Forces (13-3156445),FOR CHARITABLE PURPOSE OF ORGANIZATION,https://projects.propublica.org/nonprofits/organizations/116035655/201702089349100505/IRS990PF,full return read (automated row extraction; not individually checked)
Henry & Myrtle Hirsch Foundation,11-6035655,2017,990-PF XV 3a paid,1000,Friends of the Israel Defense Forces (13-3156445),FOR CHARITABLE PURPOSE OF ORGANIZATION,https://projects.propublica.org/nonprofits/organizations/116035655/201841319349100724/IRS990PF,full return read (automated row extraction; not individually checked)
Henry L Kimelman Family Foundation,66-6012547,2021,990-PF XV 3a paid,10000,Friends of the Israel Defense Forces (13-3156445),the Fallen and Wounded program and financial relief fund,https://projects.propublica.org/nonprofits/organizations/666012547/202223079349100042/IRS990PF,full return read (automated row extraction; not individually checked)
Henry L Kimelman Family Foundation,66-6012547,2022,990-PF XV 3a paid,10000,Friends of the Israel Defense Forces (13-3156445),for the Fallen and Wounded program and for Financial Relief,https://projects.propublica.org/nonprofits/organizations/666012547/202303129349102120/IRS990PF,full return read (automated row extraction; not individually checked)
Henry L Kimelman Family Foundation,66-6012547,2023,990-PF XV 3a paid,10000,Friends of the Israel Defense Forces (13-3156445),Fallen and Wounded program and Financial Relief fund,https://projects.propublica.org/nonprofits/organizations/666012547/202432429349100613/IRS990PF,full return read (automated row extraction; not individually checked)
Henry Meyer Family Foundation,81-0849391,2018,990-PF XV 3a paid,5000,Friends of the Israel Defense Forces (13-3156445),Charitable exempt purpose,https://projects.propublica.org/nonprofits/organizations/810849391/202001549349101215/IRS990PF,full return read (automated row extraction; not individually checked)
Henry Meyer Family Foundation,81-0849391,2021,990-PF XV 3a paid,2500,Friends of the Israel Defense Forces (13-3156445),Charitable exempt purpose,https://projects.propublica.org/nonprofits/organizations/810849391/202322109349100302/IRS990PF,full return read (automated row extraction; not individually checked)
Henry Meyer Family Foundation,81-0849391,2022,990-PF XV 3a paid,2552,Friends of the Israel Defense Forces (13-3156445),Charitable exempt purpose,https://projects.propublica.org/nonprofits/organizations/810849391/202430369349101058/IRS990PF,full return read (automated row extraction; not individually checked)
Henry Meyer Family Foundation,81-0849391,2024,990-PF XV 3a paid,2500,Friends of the Israel Defense Forces (13-3156445),Charitable exempt purpose,https://projects.propublica.org/nonprofits/organizations/810849391/202612039349100116/IRS990PF,full return read (automated row extraction; not individually checked)
Henschel Family Foundation,52-1958088,2019,990-PF XV 3a paid,2500,Friends of the Israel Defense Forces (13-3156445),GENERAL,https://projects.propublica.org/nonprofits/organizations/521958088/202041929349100234/IRS990PF,full return read (automated row extraction; not individually checked)
Henschel Family Foundation,52-1958088,2020,990-PF XV 3a paid,2000,Friends of the Israel Defense Forces (13-3156445),GENERAL,https://projects.propublica.org/nonprofits/organizations/521958088/202141769349100709/IRS990PF,full return read (automated row extraction; not individually checked)
Henschel Family Foundation,52-1958088,2021,990-PF XV 3a paid,2000,Friends of the Israel Defense Forces (13-3156445),GENERAL,https://projects.propublica.org/nonprofits/organizations/521958088/202231809349100203/IRS990PF,full return read (automated row extraction; not individually checked)
Henschel Family Foundation,52-1958088,2023,990-PF XV 3a paid,13590,Friends of the Israel Defense Forces (13-3156445),GENERAL,https://projects.propublica.org/nonprofits/organizations/521958088/202443209349104549/IRS990PF,full return read (automated row extraction; not individually checked)
Herbert And Dorothy Kunstadt Foundation Inc,01-0710118,2012,990-PF XV 3a paid,500,Friends of the Israel Defense Forces (13-3156445),Charitable Contribution,https://projects.propublica.org/nonprofits/organizations/10710118/201322749349100002/IRS990PF,full return read (automated row extraction; not individually checked)
Herbert And Dorothy Kunstadt Foundation Inc,01-0710118,2015,990-PF XV 3a paid,500,Friends of the Israel Defense Forces (13-3156445),Contribution,https://projects.propublica.org/nonprofits/organizations/10710118/201621759349100117/IRS990PF,full return read (automated row extraction; not individually checked)
Herbert And Dorothy Kunstadt Foundation Inc,01-0710118,2016,990-PF XV 3a paid,500,Friends of the Israel Defense Forces (13-3156445),Contribution,https://projects.propublica.org/nonprofits/organizations/10710118/201821039349100502/IRS990PF,full return read (automated row extraction; not individually checked)
Herbert And Dorothy Kunstadt Foundation Inc,01-0710118,2017,990-PF XV 3a paid,500,Friends of the Israel Defense Forces (13-3156445),Contribution,https://projects.propublica.org/nonprofits/organizations/10710118/201831809349100008/IRS990PF,full return read (automated row extraction; not individually checked)
Herbert And Lillian Heilpern Family Foundation,47-3087378,2021,990-PF XV 3a paid,2000,Friends of the Israel Defense Forces (13-3156445),General & Unrestricted,https://projects.propublica.org/nonprofits/organizations/473087378/202212429349101206/IRS990PF,full return read (automated row extraction; not individually checked)
Herbert And Lillian Heilpern Family Foundation,47-3087378,2022,990-PF XV 3a paid,2000,Friends of the Israel Defense Forces (13-3156445),General & Unrestricted,https://projects.propublica.org/nonprofits/organizations/473087378/202303069349100245/IRS990PF,full return read (automated row extraction; not individually checked)
Herbert And Lillian Heilpern Family Foundation,47-3087378,2024,990-PF XV 3a paid,9000,Friends of the Israel Defense Forces (13-3156445),General & Unrestricted,https://projects.propublica.org/nonprofits/organizations/473087378/202531339349100248/IRS990PF,full return read (automated row extraction; not individually checked)
Herbert And Lillian Heilpern Family Foundation,47-3087378,2025,990-PF XV 3a paid,3000,Friends of the Israel Defense Forces (13-3156445),General & Unrestricted,https://projects.propublica.org/nonprofits/organizations/473087378/202641769349100859/IRS990PF,full return read (automated row extraction; not individually checked)
Herbert Bearman Foundation Inc,31-1602562,2014,990-PF XV 3a paid,5000,Friends of the Israel Defense Forces (13-3156445),GENERAL PURPOSE,https://projects.propublica.org/nonprofits/organizations/311602562/201502799349100210/IRS990PF,full return read (automated row extraction; not individually checked)
Herbert Bearman Foundation Inc,31-1602562,2015,990-PF XV 3a paid,20000,Friends of the Israel Defense Forces (13-3156445),"""STRIDES"" SOLDIER SPONSORSHIP",https://projects.propublica.org/nonprofits/organizations/311602562/201623019349100507/IRS990PF,full return read (automated row extraction; not individually checked)
Herbert Bearman Foundation Inc,31-1602562,2016,990-PF XV 3a paid,500,Friends of the Israel Defense Forces (13-3156445),GENERAL PURPOSE,https://projects.propublica.org/nonprofits/organizations/311602562/201703039349100200/IRS990PF,full return read (automated row extraction; not individually checked)
Herbert Bearman Foundation Inc,31-1602562,2017,990-PF XV 3a paid,10000,Friends of the Israel Defense Forces (13-3156445),GENERAL PURPOSE,https://projects.propublica.org/nonprofits/organizations/311602562/201832699349100308/IRS990PF,full return read (automated row extraction; not individually checked)
Herbert Bearman Foundation Inc,31-1602562,2018,990-PF XV 3a paid,12000,Friends of the Israel Defense Forces (13-3156445),GENERAL PURPOSE,https://projects.propublica.org/nonprofits/organizations/311602562/201933059349100608/IRS990PF,full return read (automated row extraction; not individually checked)
Herbert Bearman Foundation Inc,31-1602562,2019,990-PF XV 3a paid,25000,Friends of the Israel Defense Forces (13-3156445),ISRAEL,https://projects.propublica.org/nonprofits/organizations/311602562/202012839349100216/IRS990PF,full return read (automated row extraction; not individually checked)
Herbert Bearman Foundation Inc,31-1602562,2021,990-PF XV 3a paid,10500,Friends of the Israel Defense Forces (13-3156445),ISRAEL,https://projects.propublica.org/nonprofits/organizations/311602562/202223129349101717/IRS990PF,full return read (automated row extraction; not individually checked)
Herbert Bearman Foundation Inc,31-1602562,2022,990-PF XV 3a paid,9000,Friends of the Israel Defense Forces (13-3156445),ISRAEL,https://projects.propublica.org/nonprofits/organizations/311602562/202343199349102679/IRS990PF,full return read (automated row extraction; not individually checked)
Herbert Bearman Foundation Inc,31-1602562,2023,990-PF XV 3a paid,50000,Friends of the Israel Defense Forces (13-3156445),ISRAEL,https://projects.propublica.org/nonprofits/organizations/311602562/202413179349100211/IRS990PF,full return read (automated row extraction; not individually checked)
Herbert W Kaufman Family Foundation,38-3212494,2015,990 Schedule I,6500,Friends of the Israel Defense Forces (13-3156445),TO SUPPORT EDUCATIONAL AND SCHOLARSHIP PROGRAMS,https://projects.propublica.org/nonprofits/organizations/383212494/201603509349301260/IRS990ScheduleI,full return read (automated row extraction; not individually checked)
Herman & Helen Lipsitz Charitable Trust,25-6134327,2023,990-PF XV 3a paid,5000,Friends of the Israel Defense Forces (13-3156445),GENERAL SUPPORT,https://projects.propublica.org/nonprofits/organizations/256134327/202423209349105482/IRS990PF,full return read (automated row extraction; not individually checked)
Herman & Kate Caro Foundation,11-6077126,2023,990-PF XV 3a paid,5000,Friends of the Israel Defense Forces (13-3156445),OTHER PUBLIC CHARITY FOR GENERAL CHARITABLE PURPOSES,https://projects.propublica.org/nonprofits/organizations/116077126/202421369349102767/IRS990PF,full return read (automated row extraction; not individually checked)
Herman & Kate Caro Foundation,11-6077126,2024,990-PF XV 3a paid,15000,Friends of the Israel Defense Forces (13-3156445),OTHER PUBLIC CHARITY FOR GENERAL CHARITABLE PURPOSES,https://projects.propublica.org/nonprofits/organizations/116077126/202521399349100422/IRS990PF,full return read (automated row extraction; not individually checked)
Herman & Kate Caro Foundation,11-6077126,2025,990-PF XV 3a paid,1000,Friends of the Israel Defense Forces (13-3156445),FOR GENERAL CHARITABLE PURPOSES,https://projects.propublica.org/nonprofits/organizations/116077126/202631399349100903/IRS990PF,full return read (automated row extraction; not individually checked)
Hermelin Family Foundation,38-2574834,2022,990 Schedule I,,Friends of the Israel Defense Forces (13-3156445),"EAST 42ND STREET NEW YORK , NY 10165 13-3156445 501(C)",https://projects.propublica.org/nonprofits/organizations/382574834/202420729349300507/IRS990ScheduleI,full return read (automated row extraction; not individually checked)
Hermelin Family Foundation,38-2574834,2023,990 Schedule I,6000,Friends of the Israel Defense Forces (13-3156445),N/A TO SUPPORT THE JEWISH COMMUNITY,https://projects.propublica.org/nonprofits/organizations/382574834/202500859349301630/IRS990ScheduleI,full return read (automated row extraction; not individually checked)
Heyman Family Foundation Inc,58-6034496,2021,990-PF XV 3a paid,4000,Friends of the Israel Defense Forces (13-3156445),Operating Fund,https://projects.propublica.org/nonprofits/organizations/586034496/202231329349102043/IRS990PF,full return read (automated row extraction; not individually checked)
Heyman Family Foundation Inc,58-6034496,2022,990-PF XV 3a paid,5000,Friends of the Israel Defense Forces (13-3156445),Operating Fund,https://projects.propublica.org/nonprofits/organizations/586034496/202301239349101275/IRS990PF,full return read (automated row extraction; not individually checked)
Heyman Family Foundation Inc,58-6034496,2023,990-PF XV 3a paid,6000,Friends of the Israel Defense Forces (13-3156445),Operating Fund,https://projects.propublica.org/nonprofits/organizations/586034496/202411299349102501/IRS990PF,full return read (automated row extraction; not individually checked)
Heyman Family Foundation Inc,58-6034496,2024,990-PF XV 3a paid,10000,Friends of the Israel Defense Forces (13-3156445),Operating Fund,https://projects.propublica.org/nonprofits/organizations/586034496/202520909349100862/IRS990PF,full return read (automated row extraction; not individually checked)
Heyman Family Foundation Inc,58-6034496,2025,990-PF XV 3a paid,10000,Friends of the Israel Defense Forces (13-3156445),Operating Fund,https://projects.propublica.org/nonprofits/organizations/586034496/202600979349100510/IRS990PF,full return read (automated row extraction; not individually checked)
High Five Foundation,11-3358107,2019,990-PF XV 3a paid,250,Friends of the Israel Defense Forces (13-3156445),501 (C) (3) GENERAL PURPOSES,https://projects.propublica.org/nonprofits/organizations/113358107/202110259349100206/IRS990PF,full return read (automated row extraction; not individually checked)
High Five Foundation,11-3358107,2020,990-PF XV 3a paid,250,Friends of the Israel Defense Forces (13-3156445),501 (C) (3) GENERAL PURPOSES,https://projects.propublica.org/nonprofits/organizations/113358107/202230209349101003/IRS990PF,full return read (automated row extraction; not individually checked)
High Five Foundation,11-3358107,2021,990-PF XV 3a paid,2500,Friends of the Israel Defense Forces (13-3156445),501 (C) (3) GENERAL PURPOSES,https://projects.propublica.org/nonprofits/organizations/113358107/202330219349100003/IRS990PF,full return read (automated row extraction; not individually checked)
High Five Foundation Ii,46-3100923,2019,990-PF XV 3a paid,250,Friends of the Israel Defense Forces (13-3156445),501 (C) (3) GENERAL PURPOSES,https://projects.propublica.org/nonprofits/organizations/463100923/202100259349100705/IRS990PF,full return read (automated row extraction; not individually checked)
High Five Foundation Ii,46-3100923,2020,990-PF XV 3a paid,250,Friends of the Israel Defense Forces (13-3156445),501 (C) (3) GENERAL PURPOSES,https://projects.propublica.org/nonprofits/organizations/463100923/202220209349100412/IRS990PF,full return read (automated row extraction; not individually checked)
High Five Foundation Ii,46-3100923,2021,990-PF XV 3a paid,2500,Friends of the Israel Defense Forces (13-3156445),501 (C) (3) GENERAL PURPOSES,https://projects.propublica.org/nonprofits/organizations/463100923/202320219349100102/IRS990PF,full return read (automated row extraction; not individually checked)
High Five Foundation Ii,46-3100923,2022,990-PF XV 3a paid,18000,Friends of the Israel Defense Forces (13-3156445),501 (C) (3) GENERAL PURPOSES,https://projects.propublica.org/nonprofits/organizations/463100923/202410179349100516/IRS990PF,full return read (automated row extraction; not individually checked)
High Tide Foundation Inc,92-1410684,2023,990-PF XV 3a paid,5400,Friends of the Israel Defense Forces (13-3156445),GENERAL SUPPORT,https://projects.propublica.org/nonprofits/organizations/921410684/202520319349100512/IRS990PF,full return read (automated row extraction; not individually checked)
Hms Foundation Inc,47-2156800,2019,990-PF XV 3a paid,118,Friends of the Israel Defense Forces (13-3156445),CHARITY,https://projects.propublica.org/nonprofits/organizations/472156800/202023189349101987/IRS990PF,full return read (automated row extraction; not individually checked)
Hochberg Family Foundation,36-3152002,2013,990-PF XV 3a paid,61360,Friends of the Israel Defense Forces (13-3156445),CHARITABLE,https://projects.propublica.org/nonprofits/organizations/363152002/201510919349100011/IRS990PF,full return read (automated row extraction; not individually checked)
Hochberg Family Foundation,36-3152002,2023,990-PF XV 3a paid,20000,Friends of the Israel Defense Forces (13-3156445),TO FURTHER THE EXEMPT PURPOSE OF THE ORGANIZATION,https://projects.propublica.org/nonprofits/organizations/363152002/202510999349100716/IRS990PF,full return read (automated row extraction; not individually checked)
Hochberg Family Foundation,36-3152002,2024,990-PF XV 3a paid,65000,Friends of the Israel Defense Forces (13-3156445),TO FURTHER THE EXEMPT PURPOSE OF THE ORGANIZATION,https://projects.propublica.org/nonprofits/organizations/363152002/202600899349100420/IRS990PF,full return read (automated row extraction; not individually checked)
Holliday Foundation,13-4152690,2017,990-PF XV 3a paid,1000,Friends of the Israel Defense Forces (13-3156445),unrestricted,https://projects.propublica.org/nonprofits/organizations/134152690/201841349349104279/IRS990PF,full return read (automated row extraction; not individually checked)
Holzman Family Foundation,74-2971500,2013,990-PF XV 3a paid,32000,Friends of the Israel Defense Forces (13-3156445),TO FUND IMPACT PROGRAM,https://projects.propublica.org/nonprofits/organizations/742971500/201421289349101332/IRS990PF,full return read (automated row extraction; not individually checked)
Holzman Family Foundation,74-2971500,2013,990-PF XV 3a paid,4000,Friends of the Israel Defense Forces (13-3156445),TO FUND DIGNITY PROGRAM,https://projects.propublica.org/nonprofits/organizations/742971500/201421289349101332/IRS990PF,full return read (automated row extraction; not individually checked)
Honickman Foundation,23-2513138,2019,990-PF XV 3a paid,1800,Friends of the Israel Defense Forces (13-3156445),CHARITABLE ORG PC GENERAL FUNDS,https://projects.propublica.org/nonprofits/organizations/232513138/202003029349100225/IRS990PF,full return read (automated row extraction; not individually checked)
Hornik Family Foundation Inc,65-0919356,2022,990-PF XV 3a paid,,Friends of the Israel Defense Forces (13-3156445),5,https://projects.propublica.org/nonprofits/organizations/650919356/202310609349100001/IRS990PF,full return read (automated row extraction; not individually checked)
Horodas Family Foundation,47-3411190,2023,990-PF XV 3a paid,4000,Friends of the Israel Defense Forces (13-3156445),"TO PROVIDE FUNDS FOR CHARITABLE, RELIGIOUS & EDUCATIONAL PURPOSES",https://projects.propublica.org/nonprofits/organizations/473411190/202441139349100509/IRS990PF,full return read (automated row extraction; not individually checked)
Horodas Family Foundation,47-3411190,2023,990-PF XV 3a paid,5000,Friends of the Israel Defense Forces (13-3156445),"TO PROVIDE FUNDS FOR CHARITABLE, RELIGIOUS & EDUCATIONAL PURPOSES",https://projects.propublica.org/nonprofits/organizations/473411190/202441139349100509/IRS990PF,full return read (automated row extraction; not individually checked)
Horodas Family Foundation,47-3411190,2024,990-PF XV 3a paid,5000,Friends of the Israel Defense Forces (13-3156445),"TO PROVIDE FUNDS FOR CHARITABLE, RELIGIOUS & EDUCATIONAL PURPOSES",https://projects.propublica.org/nonprofits/organizations/473411190/202511269349101146/IRS990PF,full return read (automated row extraction; not individually checked)
Horodas Family Foundation,47-3411190,2025,990-PF XV 3a paid,5000,Friends of the Israel Defense Forces (13-3156445),"TO PROVIDE FUNDS FOR CHARITABLE, RELIGIOUS & EDUCATIONAL PURPOSES",https://projects.propublica.org/nonprofits/organizations/473411190/202621249349101042/IRS990PF,full return read (automated row extraction; not individually checked)
Horowitz Family Foundation Inc,58-6066393,2016,990-PF XV 3a paid,3330,Friends of the Israel Defense Forces (13-3156445),General Operations,https://projects.propublica.org/nonprofits/organizations/586066393/201712079349100601/IRS990PF,full return read (automated row extraction; not individually checked)
Horowitz Family Foundation Inc,58-6066393,2017,990-PF XV 3a paid,1000,Friends of the Israel Defense Forces (13-3156445),UNRESTRICTED,https://projects.propublica.org/nonprofits/organizations/586066393/201842619349100409/IRS990PF,full return read (automated row extraction; not individually checked)
Horowitz Family Foundation Inc,58-6066393,2019,990-PF XV 3a paid,1800,Friends of the Israel Defense Forces (13-3156445),UNRESTRICTED,https://projects.propublica.org/nonprofits/organizations/586066393/202021199349100902/IRS990PF,full return read (automated row extraction; not individually checked)
Horowitz Family Foundation Inc,58-6066393,2022,990-PF XV 3a paid,25000,Friends of the Israel Defense Forces (13-3156445),UNRESTRICTED,https://projects.propublica.org/nonprofits/organizations/586066393/202331359349104723/IRS990PF,full return read (automated row extraction; not individually checked)
Horowitz Family Foundation Inc,58-6066393,2023,990-PF XV 3a paid,13000,Friends of the Israel Defense Forces (13-3156445),UNRESTRICTED,https://projects.propublica.org/nonprofits/organizations/586066393/202400719349100140/IRS990PF,full return read (automated row extraction; not individually checked)
Horowitz Family Foundation Inc,58-6066393,2024,990-PF XV 3a paid,3800,Friends of the Israel Defense Forces (13-3156445),UNRESTRICTED,https://projects.propublica.org/nonprofits/organizations/586066393/202540799349101649/IRS990PF,full return read (automated row extraction; not individually checked)
Horowitz Ratner Family Foundation,20-8004682,2016,990-PF XV 3a paid,1000,Friends of the Israel Defense Forces (13-3156445),Charitable Event,https://projects.propublica.org/nonprofits/organizations/208004682/201701749349100220/IRS990PF,full return read (automated row extraction; not individually checked)
Horowitz Ratner Family Foundation,20-8004682,2017,990-PF XV 3a paid,1000,Friends of the Israel Defense Forces (13-3156445),Charitable Event,https://projects.propublica.org/nonprofits/organizations/208004682/201843179349101804/IRS990PF,full return read (automated row extraction; not individually checked)
Horowitz Ratner Family Foundation,20-8004682,2018,990-PF XV 3a paid,1000,Friends of the Israel Defense Forces (13-3156445),Charitable Event,https://projects.propublica.org/nonprofits/organizations/208004682/201902209349100315/IRS990PF,full return read (automated row extraction; not individually checked)
House Of Gross Foundation Inc,13-6066596,2016,990-PF XV 3a paid,200,Friends of the Israel Defense Forces (13-3156445),NON-PROFIT COMMUNITY SERVICE,https://projects.propublica.org/nonprofits/organizations/136066596/201722779349101102/IRS990PF,full return read (automated row extraction; not individually checked)
House Of Gross Foundation Inc,13-6066596,2019,990-PF XV 3a paid,100,Friends of the Israel Defense Forces (13-3156445),NON-PROFIT COMMUNITY SERVICE,https://projects.propublica.org/nonprofits/organizations/136066596/202043109349100904/IRS990PF,full return read (automated row extraction; not individually checked)
Housewares Charity Foundation,36-4259731,2023,990 Schedule I,50000,Friends of the Israel Defense Forces (13-3156445),GENERAL SUPPORT,https://projects.propublica.org/nonprofits/organizations/364259731/202521349349311627/IRS990ScheduleI,full return read (automated row extraction; not individually checked)
Howard & Helaine Resnick Foundation,23-7024808,2021,990-PF XV 3a paid,4000,Friends of the Israel Defense Forces (13-3156445),CHARITABLE,https://projects.propublica.org/nonprofits/organizations/237024808/202241899349100314/IRS990PF,full return read (automated row extraction; not individually checked)
Howard And Betty Schwartz Family Foundation Inc,22-3693287,2022,990-PF XV 3a paid,500,Friends of the Israel Defense Forces (13-3156445),N/P CHARITABLE,https://projects.propublica.org/nonprofits/organizations/223693287/202412399349100116/IRS990PF,full return read (automated row extraction; not individually checked)
Howard And Geraldine Polinger Foundation Inc,52-6078041,2023,990-PF XV 3a paid,10000,Friends of the Israel Defense Forces (13-3156445),GENERAL OPERATING SUPPORT,https://projects.propublica.org/nonprofits/organizations/526078041/202511119349100656/IRS990PF,full return read (automated row extraction; not individually checked)
Howard And Geraldine Polinger Foundation Inc,52-6078041,2024,990-PF XV 3a paid,10000,Friends of the Israel Defense Forces (13-3156445),GENERAL OPERATING SUPPORT,https://projects.propublica.org/nonprofits/organizations/526078041/202631339349104108/IRS990PF,full return read (automated row extraction; not individually checked)
Howard And Irene Levine Family Foundation,95-4663360,2023,990-PF XV 3a paid,10000,Friends of the Israel Defense Forces (13-3156445),GENERAL OPERATING SUPPORT,https://projects.propublica.org/nonprofits/organizations/954663360/202432889349100843/IRS990PF,full return read (automated row extraction; not individually checked)
Howard And Jennifer Michaels Family Foundation Inc,20-1877079,2023,990-PF XV 3a paid,13600,Friends of the Israel Defense Forces (13-3156445),GENERAL CHARITABLE PURPOSE,https://projects.propublica.org/nonprofits/organizations/201877079/202532269349100338/IRS990PF,full return read (automated row extraction; not individually checked)
Howard And Jennifer Michaels Family Foundation Inc,20-1877079,2024,990-PF XV 3a paid,1100,Friends of the Israel Defense Forces (13-3156445),GENERAL CHARITABLE PURPOSES,https://projects.propublica.org/nonprofits/organizations/201877079/202612239349100601/IRS990PF,full return read (automated row extraction; not individually checked)
Howard And Pearl Klein Foundation Inc,22-3525018,2017,990-PF XV 3a paid,1000,Friends of the Israel Defense Forces (13-3156445),PAYMENTS FOR ASSISTANCE TO EDUCATIONAL AND CULTURAL,https://projects.propublica.org/nonprofits/organizations/223525018/201832549349100603/IRS990PF,full return read (automated row extraction; not individually checked)
Howard And Roberta Goss Charitable Foundation,36-3370191,2014,990-PF XV 3a paid,1175,Friends of the Israel Defense Forces (13-3156445),SAFETY,https://projects.propublica.org/nonprofits/organizations/363370191/201501909349100410/IRS990PF,full return read (automated row extraction; not individually checked)
Howard And Roberta Goss Charitable Foundation,36-3370191,2015,990-PF XV 3a paid,1800,Friends of the Israel Defense Forces (13-3156445),SAFETY,https://projects.propublica.org/nonprofits/organizations/363370191/201612009349100516/IRS990PF,full return read (automated row extraction; not individually checked)
Howard And Roberta Goss Charitable Foundation,36-3370191,2016,990-PF XV 3a paid,500,Friends of the Israel Defense Forces (13-3156445),SAFETY,https://projects.propublica.org/nonprofits/organizations/363370191/201742129349100114/IRS990PF,full return read (automated row extraction; not individually checked)
Howard And Roberta Goss Charitable Foundation,36-3370191,2017,990-PF XV 3a paid,1800,Friends of the Israel Defense Forces (13-3156445),SAFETY,https://projects.propublica.org/nonprofits/organizations/363370191/201832829349100133/IRS990PF,full return read (automated row extraction; not individually checked)
Howard And Roberta Goss Charitable Foundation,36-3370191,2018,990-PF XV 3a paid,1500,Friends of the Israel Defense Forces (13-3156445),SAFETY,https://projects.propublica.org/nonprofits/organizations/363370191/201912219349100701/IRS990PF,full return read (automated row extraction; not individually checked)
Howard And Roberta Goss Charitable Foundation,36-3370191,2019,990-PF XV 3a paid,500,Friends of the Israel Defense Forces (13-3156445),SAFETY,https://projects.propublica.org/nonprofits/organizations/363370191/202002669349100605/IRS990PF,full return read (automated row extraction; not individually checked)
Howard And Sheila Pizer Charitable Fund,36-3481396,2013,990-PF XV 3a paid,200,Friends of the Israel Defense Forces (13-3156445),CHARITABLE,https://projects.propublica.org/nonprofits/organizations/363481396/201542109349100724/IRS990PF,full return read (automated row extraction; not individually checked)
Howard B Bernick Foundation,20-8042481,2021,990-PF XV 3a paid,5000,Friends of the Israel Defense Forces (13-3156445),GENERAL SUPPORT,https://projects.propublica.org/nonprofits/organizations/208042481/202221669349101057/IRS990PF,full return read (automated row extraction; not individually checked)
Howard B Bernick Foundation,20-8042481,2023,990-PF XV 3a paid,7000,Friends of the Israel Defense Forces (13-3156445),GENERAL SUPPORT,https://projects.propublica.org/nonprofits/organizations/208042481/202411999349100316/IRS990PF,full return read (automated row extraction; not individually checked)
Howard B Bernick Foundation,20-8042481,2024,990-PF XV 3a paid,3600,Friends of the Israel Defense Forces (13-3156445),GENERAL SUPPORT,https://projects.propublica.org/nonprofits/organizations/208042481/202543159349102709/IRS990PF,full return read (automated row extraction; not individually checked)
Howard Finkelstein Foundation Inc,13-4092400,2021,990-PF XV 3a paid,1000,Friends of the Israel Defense Forces (13-3156445),CHARITABLE,https://projects.propublica.org/nonprofits/organizations/134092400/202310529349100706/IRS990PF,full return read (automated row extraction; not individually checked)
Howard S Berinson Family Charitable Foundation,06-6526279,2025,990-PF XV 3a paid,3600,Friends of the Israel Defense Forces (13-3156445),CHARITABLE,https://projects.propublica.org/nonprofits/organizations/66526279/202621739349100057/IRS990PF,full return read (automated row extraction; not individually checked)
Hyman A & Ida Kirsner Family Foundation Inc,65-0711872,2014,990-PF XV 3a paid,500,Friends of the Israel Defense Forces (13-3156445),UNRELATED 501(C)(3) UNRESTRICTED,https://projects.propublica.org/nonprofits/organizations/650711872/201543179349101114/IRS990PF,full return read (automated row extraction; not individually checked)
Hyman Levine Family Foundation Ldor Vdor,20-1917833,2018,990-PF XV 3a paid,500,Friends of the Israel Defense Forces (13-3156445),CHARITY/EDUCATION,https://projects.propublica.org/nonprofits/organizations/201917833/201911209349100141/IRS990PF,full return read (automated row extraction; not individually checked)
Hymowitz Family Foundation,27-4267865,2020,990-PF XV 3a paid,1800,Friends of the Israel Defense Forces (13-3156445),General & Unrestricted,https://projects.propublica.org/nonprofits/organizations/274267865/202210629349100011/IRS990PF,full return read (automated row extraction; not individually checked)
Hymowitz Family Foundation,27-4267865,2021,990-PF XV 3a paid,2500,Friends of the Israel Defense Forces (13-3156445),General & Unrestricted,https://projects.propublica.org/nonprofits/organizations/274267865/202340339349100024/IRS990PF,full return read (automated row extraction; not individually checked)
Hymowitz Family Foundation,27-4267865,2022,990-PF XV 3a paid,3000,Friends of the Israel Defense Forces (13-3156445),General & Unrestricted,https://projects.propublica.org/nonprofits/organizations/274267865/202303199349109120/IRS990PF,full return read (automated row extraction; not individually checked)
Hymowitz Family Foundation,27-4267865,2023,990-PF XV 3a paid,25000,Friends of the Israel Defense Forces (13-3156445),General & Unrestricted,https://projects.propublica.org/nonprofits/organizations/274267865/202413199349106586/IRS990PF,full return read (automated row extraction; not individually checked)
Hymowitz Family Foundation,27-4267865,2024,990-PF XV 3a paid,25000,Friends of the Israel Defense Forces (13-3156445),General & Unrestricted,https://projects.propublica.org/nonprofits/organizations/274267865/202533249349100223/IRS990PF,full return read (automated row extraction; not individually checked)
I Waldbaum Family Foundation Inc,13-6145916,2023,990-PF XV 3a paid,80000,Friends of the Israel Defense Forces (13-3156445),CHARITABLE,https://projects.propublica.org/nonprofits/organizations/136145916/202401319349100145/IRS990PF,full return read (automated row extraction; not individually checked)
I Waldbaum Family Foundation Inc,13-6145916,2024,990-PF XV 3a paid,20000,Friends of the Israel Defense Forces (13-3156445),CHARITABLE,https://projects.propublica.org/nonprofits/organizations/136145916/202511339349103306/IRS990PF,full return read (automated row extraction; not individually checked)
Ike And Candy Brown Familyfoundation,20-5265609,2021,990-PF XV 3a paid,100000,Friends of the Israel Defense Forces (13-3156445),ASSISTANCE FOR CHARITABLE PURPOSES,https://projects.propublica.org/nonprofits/organizations/205265609/202243199349101504/IRS990PF,full return read (automated row extraction; not individually checked)
Ike And Candy Brown Familyfoundation,20-5265609,2022,990-PF XV 3a paid,10000,Friends of the Israel Defense Forces (13-3156445),ASSISTANCE FOR CHARITABLE PURPOSES,https://projects.propublica.org/nonprofits/organizations/205265609/202313199349103696/IRS990PF,full return read (automated row extraction; not individually checked)
Ike And Candy Brown Familyfoundation,20-5265609,2023,990-PF XV 3a paid,280000,Friends of the Israel Defense Forces (13-3156445),ASSISTANCE FOR CHARITABLE PURPOSES,https://projects.propublica.org/nonprofits/organizations/205265609/202433209349104508/IRS990PF,full return read (automated row extraction; not individually checked)
Ike And Candy Brown Familyfoundation,20-5265609,2024,990-PF XV 3a paid,258000,Friends of the Israel Defense Forces (13-3156445),ASSISTANCE FOR CHARITABLE PURPOSES,https://projects.propublica.org/nonprofits/organizations/205265609/202503049349100525/IRS990PF,full return read (automated row extraction; not individually checked)
Ilene L Engel Foundation Inc,20-0892371,2021,990-PF XV 3a paid,1000,Friends of the Israel Defense Forces (13-3156445),SUPPORT OF PROGRAMS,https://projects.propublica.org/nonprofits/organizations/200892371/202241339349100724/IRS990PF,full return read (automated row extraction; not individually checked)
Ilene L Engel Foundation Inc,20-0892371,2023,990-PF XV 3a paid,1036,Friends of the Israel Defense Forces (13-3156445),SUPPORT OF PROGRAMS,https://projects.propublica.org/nonprofits/organizations/200892371/202411349349101846/IRS990PF,full return read (automated row extraction; not individually checked)
Impactassets Inc,26-2048480,2022,990 Schedule I,10000,Friends of the Israel Defense Forces (13-3156445),GENERAL SUPPORT,https://projects.propublica.org/nonprofits/organizations/262048480/202333199349308098/IRS990ScheduleI,full return read (automated row extraction; not individually checked)
Ims Charitable Trust,35-7071558,2020,990-PF XV 3a paid,350,Friends of the Israel Defense Forces (13-3156445),CHARITABLE SUPPORT,https://projects.propublica.org/nonprofits/organizations/357071558/202123249349100407/IRS990PF,full return read (automated row extraction; not individually checked)
Ims Charitable Trust,35-7071558,2021,990-PF XV 3a paid,35820,Friends of the Israel Defense Forces (13-3156445),CHARITABLE SUPPORT,https://projects.propublica.org/nonprofits/organizations/357071558/202243199349110344/IRS990PF,full return read (automated row extraction; not individually checked)
International Fellowship Of Christians & Jews,36-3256096,2017,990 Schedule I,10539300,Friends of the Israel Defense Forces (13-3156445),"SUPPORT POOR OR DISTRESSED SOLDIERS, WIDOWS, AND THEIR CHILDREN IN ISRAEL",https://projects.propublica.org/nonprofits/organizations/363256096/201802199349300115/IRS990ScheduleI,full return read (row individually checked)
International Fellowship Of Christians & Jews,36-3256096,2018,990 Schedule I,4999950,Friends of the Israel Defense Forces (13-3156445),Support Israeli Soldiers and families,https://projects.propublica.org/nonprofits/organizations/363256096/201913089349302296/IRS990ScheduleI,full return read (row individually checked)
Intuit Foundation,47-0860921,2014,990-PF XV 3a paid,500,Friends of the Israel Defense Forces (13-3156445),MATCHING GIFTS,https://projects.propublica.org/nonprofits/organizations/470860921/201640259349100354/IRS990PF,full return read (automated row extraction; not individually checked)
Intuit Foundation,47-0860921,2015,990-PF XV 3a paid,300,Friends of the Israel Defense Forces (13-3156445),Matching Gifts,https://projects.propublica.org/nonprofits/organizations/470860921/201710729349100116/IRS990PF,full return read (automated row extraction; not individually checked)
Intuit Foundation,47-0860921,2016,990-PF XV 3a paid,100,Friends of the Israel Defense Forces (13-3156445),Matching Gifts,https://projects.propublica.org/nonprofits/organizations/470860921/201841359349102124/IRS990PF,full return read (automated row extraction; not individually checked)
Ira And Maryjo Sherman Family Foundation Inc,47-5574962,2021,990-PF XV 3a paid,3200,Friends of the Israel Defense Forces (13-3156445),GENERAL,https://projects.propublica.org/nonprofits/organizations/475574962/202211319349105826/IRS990PF,full return read (automated row extraction; not individually checked)
Ira And Maryjo Sherman Family Foundation Inc,47-5574962,2023,990-PF XV 3a paid,11000,Friends of the Israel Defense Forces (13-3156445),GENERAL,https://projects.propublica.org/nonprofits/organizations/475574962/202410729349100406/IRS990PF,full return read (automated row extraction; not individually checked)
Ira And Maryjo Sherman Family Foundation Inc,47-5574962,2024,990-PF XV 3a paid,45000,Friends of the Israel Defense Forces (13-3156445),GENERAL,https://projects.propublica.org/nonprofits/organizations/475574962/202511139349100311/IRS990PF,full return read (automated row extraction; not individually checked)
Ira C Herbert Family Foundation Inc,58-2312519,2015,990-PF XV 3a paid,500,Friends of the Israel Defense Forces (13-3156445),UNRESTRICTED,https://projects.propublica.org/nonprofits/organizations/582312519/201620819349100212/IRS990PF,full return read (automated row extraction; not individually checked)
Ira M Resnick Foundation Inc,13-3775995,2023,990-PF XV 3a paid,1000,Friends of the Israel Defense Forces (13-3156445),TO FURTHER DONEES EXEMPT PURPOSE,https://projects.propublica.org/nonprofits/organizations/133775995/202412789349100306/IRS990PF,full return read (automated row extraction; not individually checked)
Iranian American Jewish Federation,01-0651843,2014,990 Schedule I,688000,Friends of the Israel Defense Forces (13-3156445),HUMANITARIAN,https://projects.propublica.org/nonprofits/organizations/10651843/201641599349300714/IRS990ScheduleI,full return read (automated row extraction; not individually checked)
Iranian American Jewish Federation,01-0651843,2016,990 Schedule I,610000,Friends of the Israel Defense Forces (13-3156445),HUMANITARIAN,https://projects.propublica.org/nonprofits/organizations/10651843/201743189349308414/IRS990ScheduleI,full return read (automated row extraction; not individually checked)
Iranian American Jewish Federation,01-0651843,2017,990 Schedule I,555000,Friends of the Israel Defense Forces (13-3156445),GENERAL HUMANITARIAN AND EDUCATIONAL SUPPORT,https://projects.propublica.org/nonprofits/organizations/10651843/201823189349307857/IRS990ScheduleI,full return read (automated row extraction; not individually checked)
Iranian American Jewish Federation,01-0651843,2021,990 Schedule I,1100000,Friends of the Israel Defense Forces (13-3156445),GENERAL HUMANITARIAN AND EDUCATIONAL SUPPORT,https://projects.propublica.org/nonprofits/organizations/10651843/202223199349304627/IRS990ScheduleI,full return read (automated row extraction; not individually checked)
Iranian American Jewish Federation,01-0651843,2023,990 Schedule I,850000,Friends of the Israel Defense Forces (13-3156445),General Humanitarian Support,https://projects.propublica.org/nonprofits/organizations/10651843/202433199349310803/IRS990ScheduleI,full return read (automated row extraction; not individually checked)
Iranian American Jewish Federation,01-0651843,2024,990 Schedule I,212000,Friends of the Israel Defense Forces (13-3156445),General Humanitarian Support,https://projects.propublica.org/nonprofits/organizations/10651843/202523219349307797/IRS990ScheduleI,full return read (automated row extraction; not individually checked)
Irving And Bernice Singer Family Foundation,02-0449779,2013,990-PF XV 3a paid,375,Friends of the Israel Defense Forces (13-3156445),General Operating Support,https://projects.propublica.org/nonprofits/organizations/20449779/201431329349101983/IRS990PF,full return read (automated row extraction; not individually checked)
Irving And Bernice Singer Family Foundation,02-0449779,2014,990-PF XV 3a paid,500,Friends of the Israel Defense Forces (13-3156445),General Operating Support,https://projects.propublica.org/nonprofits/organizations/20449779/201511209349100916/IRS990PF,full return read (automated row extraction; not individually checked)
Irving And Bernice Singer Family Foundation,02-0449779,2015,990-PF XV 3a paid,1500,Friends of the Israel Defense Forces (13-3156445),GENERAL OPERATING SUPPORT,https://projects.propublica.org/nonprofits/organizations/20449779/201643209349100049/IRS990PF,full return read (automated row extraction; not individually checked)
Irving And Bernice Singer Family Foundation,02-0449779,2018,990-PF XV 3a paid,500,Friends of the Israel Defense Forces (13-3156445),GENERAL OPERATING SUPPORT,https://projects.propublica.org/nonprofits/organizations/20449779/201913189349102386/IRS990PF,full return read (automated row extraction; not individually checked)
Irving And Francine Suknow Foundation,25-6648797,2017,990-PF XV 3a paid,1000,Friends of the Israel Defense Forces (13-3156445),EDUCATIONAL AND WELL-BEING PROGRAMS,https://projects.propublica.org/nonprofits/organizations/256648797/201841359349102269/IRS990PF,full return read (automated row extraction; not individually checked)
Irving And Francine Suknow Foundation,25-6648797,2018,990-PF XV 3a paid,1500,Friends of the Israel Defense Forces (13-3156445),EDUCATIONAL AND WELL-BEING PROGRAMS,https://projects.propublica.org/nonprofits/organizations/256648797/201912729349100101/IRS990PF,full return read (automated row extraction; not individually checked)
Irving And Francine Suknow Foundation,25-6648797,2019,990-PF XV 3a paid,6000,Friends of the Israel Defense Forces (13-3156445),EDUCATIONAL AND WELL-BEING PROGRAMS,https://projects.propublica.org/nonprofits/organizations/256648797/202032449349100713/IRS990PF,full return read (automated row extraction; not individually checked)
Irving And Francine Suknow Foundation,25-6648797,2020,990-PF XV 3a paid,5000,Friends of the Israel Defense Forces (13-3156445),EDUCATIONAL AND WELL-BEING PROGRAMS,https://projects.propublica.org/nonprofits/organizations/256648797/202141309349100839/IRS990PF,full return read (automated row extraction; not individually checked)
Irving And Francine Suknow Foundation,25-6648797,2022,990-PF XV 3a paid,5000,Friends of the Israel Defense Forces (13-3156445),WELLBEING OF SOLDIERS,https://projects.propublica.org/nonprofits/organizations/256648797/202322689349100817/IRS990PF,full return read (automated row extraction; not individually checked)
Irving And Francine Suknow Foundation,25-6648797,2023,990-PF XV 3a paid,10000,Friends of the Israel Defense Forces (13-3156445),WELLBEING OF SOLDIERS,https://projects.propublica.org/nonprofits/organizations/256648797/202431369349102183/IRS990PF,full return read (automated row extraction; not individually checked)
Irving And Francine Suknow Foundation,25-6648797,2025,990-PF XV 3a paid,10000,Friends of the Israel Defense Forces (13-3156445),WELLBEING OF SOLDIERS,https://projects.propublica.org/nonprofits/organizations/256648797/202641889349100824/IRS990PF,full return read (automated row extraction; not individually checked)
Irving I Moskowitz Foundation,95-6201346,2016,990 Schedule I,40000,Friends of the Israel Defense Forces (13-3156445),CASH PROVIDES SOLDIERS WITH FACILITIES & PROGRAMES MAKING THEIR MILITARY SERVICE EASIER.,https://projects.propublica.org/nonprofits/organizations/956201346/201743179349306979/IRS990ScheduleI,full return read (automated row extraction; not individually checked)
Irving I Stone Foundation,34-1892327,2023,990-PF XV 3a paid,35000,Friends of the Israel Defense Forces (13-3156445),COMMUNITY OUTREACH,https://projects.propublica.org/nonprofits/organizations/341892327/202433169349102133/IRS990PF,full return read (automated row extraction; not individually checked)
Irving M & Sylvia Footlik Foundation,36-2670013,2017,990-PF XV 3a paid,8000,Friends of the Israel Defense Forces (13-3156445),FUNDRAISING SUPPORT,https://projects.propublica.org/nonprofits/organizations/362670013/201813099349100721/IRS990PF,full return read (automated row extraction; not individually checked)
Irving M & Sylvia Footlik Foundation,36-2670013,2021,990-PF XV 3a paid,16000,Friends of the Israel Defense Forces (13-3156445),NC FUNDRAISING SUPPORT,https://projects.propublica.org/nonprofits/organizations/362670013/202233199349104828/IRS990PF,full return read (automated row extraction; not individually checked)
Irving M & Sylvia Footlik Foundation,36-2670013,2022,990-PF XV 3a paid,20000,Friends of the Israel Defense Forces (13-3156445),NC FUNDRAISING SUPPORT,https://projects.propublica.org/nonprofits/organizations/362670013/202341889349100709/IRS990PF,full return read (automated row extraction; not individually checked)
Irving M & Sylvia Footlik Foundation,36-2670013,2023,990-PF XV 3a paid,20000,Friends of the Israel Defense Forces (13-3156445),NC FUNDRAISING SUPPORT,https://projects.propublica.org/nonprofits/organizations/362670013/202422009349100207/IRS990PF,full return read (automated row extraction; not individually checked)
Irving M & Sylvia Footlik Foundation,36-2670013,2024,990-PF XV 3a paid,20000,Friends of the Israel Defense Forces (13-3156445),NC FUNDRAISING SUPPORT,https://projects.propublica.org/nonprofits/organizations/362670013/202501219349100215/IRS990PF,full return read (automated row extraction; not individually checked)
Irving T Bush Foundation Inc,13-6043483,2024,990-PF XV 3a paid,10000,Friends of the Israel Defense Forces (13-3156445),TO FURTHER THE PUBLIC CHARITY PURPOSE.,https://projects.propublica.org/nonprofits/organizations/136043483/202541349349101619/IRS990PF,full return read (automated row extraction; not individually checked)
Irwin Chafetz Family Charitable Tr,04-3282073,2013,990-PF XV 3a paid,8000,Friends of the Israel Defense Forces (13-3156445),General Charitable Purposes,https://projects.propublica.org/nonprofits/organizations/43282073/201433039349100403/IRS990PF,full return read (automated row extraction; not individually checked)
Irwin Chafetz Family Charitable Tr,04-3282073,2014,990-PF XV 3a paid,15500,Friends of the Israel Defense Forces (13-3156445),General Charitable Purposes,https://projects.propublica.org/nonprofits/organizations/43282073/201523179349102457/IRS990PF,full return read (automated row extraction; not individually checked)
Irwin Chafetz Family Charitable Tr,04-3282073,2015,990-PF XV 3a paid,10000,Friends of the Israel Defense Forces (13-3156445),General Charitable Purposes,https://projects.propublica.org/nonprofits/organizations/43282073/201611549349100711/IRS990PF,full return read (automated row extraction; not individually checked)
Irwin Chafetz Family Charitable Tr,04-3282073,2016,990-PF XV 3a paid,10600,Friends of the Israel Defense Forces (13-3156445),General Charitable Purposes,https://projects.propublica.org/nonprofits/organizations/43282073/201701969349100500/IRS990PF,full return read (automated row extraction; not individually checked)
Irwin Chafetz Family Charitable Tr,04-3282073,2017,990-PF XV 3a paid,5000,Friends of the Israel Defense Forces (13-3156445),General Charitable Purposes,https://projects.propublica.org/nonprofits/organizations/43282073/201843029349100024/IRS990PF,full return read (automated row extraction; not individually checked)
Irwin Weiner Charitable Foundation Inc,04-3595876,2023,990-PF XV 3a paid,1000,Friends of the Israel Defense Forces (13-3156445),GENERAL SUPPORT,https://projects.propublica.org/nonprofits/organizations/43595876/202422199349100412/IRS990PF,full return read (automated row extraction; not individually checked)
Irwin Weiner Charitable Foundation Inc,04-3595876,2024,990-PF XV 3a paid,1000,Friends of the Israel Defense Forces (13-3156445),GENERAL SUPPORT,https://projects.propublica.org/nonprofits/organizations/43595876/202510709349100216/IRS990PF,full return read (automated row extraction; not individually checked)
Irwin Weiner Charitable Foundation Inc,04-3595876,2025,990-PF XV 3a paid,1000,Friends of the Israel Defense Forces (13-3156445),GENERAL SUPPORT,https://projects.propublica.org/nonprofits/organizations/43595876/202641349349102869/IRS990PF,full return read (automated row extraction; not individually checked)
Isaac & Doris Russo Foundation Inc,13-6265203,2012,990-PF XV 3a paid,1000,Friends of the Israel Defense Forces (13-3156445),EXEMPT FROM TAXATION FOR USE BY DONEE ORGANIZATION FOR THE PURPOSE FOR WHICH THEY ARE EXEMPT,https://projects.propublica.org/nonprofits/organizations/136265203/201313449349100601/IRS990PF,full return read (automated row extraction; not individually checked)
Isaac & Doris Russo Foundation Inc,13-6265203,2013,990-PF XV 3a paid,500,Friends of the Israel Defense Forces (13-3156445),EXEMPT FROM TAXATION FOR USE BY DONEE ORGANIZATION FOR THE PURPOSE FOR WHICH THEY ARE EXEMPT,https://projects.propublica.org/nonprofits/organizations/136265203/201442589349100119/IRS990PF,full return read (automated row extraction; not individually checked)
Isaac & Doris Russo Foundation Inc,13-6265203,2015,990-PF XV 3a paid,1000,Friends of the Israel Defense Forces (13-3156445),EXEMPT FROM TAXATION FOR USE BY DONEE ORGANIZATION FOR THE PURPOSE FOR WHICH THEY ARE EXEMPT,https://projects.propublica.org/nonprofits/organizations/136265203/201612579349100006/IRS990PF,full return read (automated row extraction; not individually checked)
Isaac & Doris Russo Foundation Inc,13-6265203,2016,990-PF XV 3a paid,1800,Friends of the Israel Defense Forces (13-3156445),EXEMPT FROM TAXATION FOR USE BY DONEE ORGANIZATION FOR THE PURPOSE FOR WHICH THEY ARE EXEMPT,https://projects.propublica.org/nonprofits/organizations/136265203/201743219349100009/IRS990PF,full return read (automated row extraction; not individually checked)
Isaac & Doris Russo Foundation Inc,13-6265203,2022,990-PF XV 3a paid,1000,Friends of the Israel Defense Forces (13-3156445),EXEMPT FROM TAXATION FOR USE BY DONEE ORGANIZATION FOR THE PURPOSE FOR WHICH THEY ARE EXEMPT,https://projects.propublica.org/nonprofits/organizations/136265203/202430729349100603/IRS990PF,full return read (automated row extraction; not individually checked)
Isadore And Bertha Gudelsky Family Foundation Inc,52-6036621,2018,990-PF XV 3a paid,5000,Friends of the Israel Defense Forces (13-3156445),GENERAL OPERATING SUPPORT,https://projects.propublica.org/nonprofits/organizations/526036621/202020359349100502/IRS990PF,full return read (automated row extraction; not individually checked)
Isadore And Bertha Gudelsky Family Foundation Inc,52-6036621,2019,990-PF XV 3a paid,5000,Friends of the Israel Defense Forces (13-3156445),LONE SOLDIERS IN THE ISRAEL DEFENSE FORCES (IDF),https://projects.propublica.org/nonprofits/organizations/526036621/202130619349100108/IRS990PF,full return read (automated row extraction; not individually checked)
Isadore And Bertha Gudelsky Family Foundation Inc,52-6036621,2020,990-PF XV 3a paid,10000,Friends of the Israel Defense Forces (13-3156445),LONE SOLDIERS IN THE ISRAEL DEFENSE FORCES (IDF),https://projects.propublica.org/nonprofits/organizations/526036621/202220329349100217/IRS990PF,full return read (automated row extraction; not individually checked)
Isadore And Bertha Gudelsky Family Foundation Inc,52-6036621,2021,990-PF XV 3a paid,15000,Friends of the Israel Defense Forces (13-3156445),LONE SOLDIERS IN THE ISRAEL DEFENSE FORCES (IDF),https://projects.propublica.org/nonprofits/organizations/526036621/202223569349100702/IRS990PF,full return read (automated row extraction; not individually checked)
Isadore And Bertha Gudelsky Family Foundation Inc,52-6036621,2022,990-PF XV 3a paid,25000,Friends of the Israel Defense Forces (13-3156445),LONE SOLDIERS IN THE ISRAEL DEFENSE FORCES (IDF),https://projects.propublica.org/nonprofits/organizations/526036621/202303159349100800/IRS990PF,full return read (automated row extraction; not individually checked)
Isadore And Bertha Gudelsky Family Foundation Inc,52-6036621,2023,990-PF XV 3a paid,75050,Friends of the Israel Defense Forces (13-3156445),LONE SOLDIERS IN THE ISRAEL DEFENSE FORCES (IDF),https://projects.propublica.org/nonprofits/organizations/526036621/202540349349100414/IRS990PF,full return read (automated row extraction; not individually checked)
Isadore And Bertha Gudelsky Family Foundation Inc,52-6036621,2024,990-PF XV 3a paid,50050,Friends of the Israel Defense Forces (13-3156445),LEGACY SUMMER CAMP AND ISRAEL CRISIS RESPONSE,https://projects.propublica.org/nonprofits/organizations/526036621/202610769349100206/IRS990PF,full return read (automated row extraction; not individually checked)
Isadore And Rose Goldstein Family Foundation Inc,61-1272090,2021,990-PF XV 3a paid,100,Friends of the Israel Defense Forces (13-3156445),GENERAL OPERATING FUNDS,https://projects.propublica.org/nonprofits/organizations/611272090/202211669349100511/IRS990PF,full return read (automated row extraction; not individually checked)
Isadore And Rose Goldstein Family Foundation Inc,61-1272090,2022,990-PF XV 3a paid,100,Friends of the Israel Defense Forces (13-3156445),GENERAL OPERATING FUNDS,https://projects.propublica.org/nonprofits/organizations/611272090/202340819349100954/IRS990PF,full return read (automated row extraction; not individually checked)
Isakow Foundation,38-2948092,2012,990-PF XV 3a paid,2500,Friends of the Israel Defense Forces (13-3156445),TO FURTHER CHARITABLE OBJECTIVES,https://projects.propublica.org/nonprofits/organizations/382948092/201323379349100102/IRS990PF,full return read (automated row extraction; not individually checked)
Isakow Foundation,38-2948092,2015,990-PF XV 3a paid,1436,Friends of the Israel Defense Forces (13-3156445),TO FURTHER CHARITABLE OBJECTIVES,https://projects.propublica.org/nonprofits/organizations/382948092/201602399349100205/IRS990PF,full return read (automated row extraction; not individually checked)
Isakow Foundation,38-2948092,2016,990-PF XV 3a paid,1000,Friends of the Israel Defense Forces (13-3156445),TO FURTHER CHARITABLE OBJECTIVES,https://projects.propublica.org/nonprofits/organizations/382948092/201742339349100254/IRS990PF,full return read (automated row extraction; not individually checked)
Isakow Foundation,38-2948092,2020,990-PF XV 3a paid,3600,Friends of the Israel Defense Forces (13-3156445),TO FURTHER CHARITABLE OBJECTIVES,https://projects.propublica.org/nonprofits/organizations/382948092/202142039349100309/IRS990PF,full return read (automated row extraction; not individually checked)
Isakow Foundation,38-2948092,2023,990-PF XV 3a paid,1800,Friends of the Israel Defense Forces (13-3156445),TO FURTHER CHARITABLE OBJECTIVES,https://projects.propublica.org/nonprofits/organizations/382948092/202423519349100227/IRS990PF,full return read (automated row extraction; not individually checked)
Ivette And Moshe Dabah Family Foundation Inc,65-1248666,2020,990-PF XV 3a paid,250000,Friends of the Israel Defense Forces (13-3156445),UNRESTRICTED CHARITABLE PURPOSE,https://projects.propublica.org/nonprofits/organizations/651248666/202223189349102617/IRS990PF,full return read (automated row extraction; not individually checked)
Ivette And Moshe Dabah Family Foundation Inc,65-1248666,2021,990-PF XV 3a paid,200000,Friends of the Israel Defense Forces (13-3156445),UNRESTRICTED CHARITABLE PURPOSE,https://projects.propublica.org/nonprofits/organizations/651248666/202223159349101472/IRS990PF,full return read (automated row extraction; not individually checked)
J & A Arabov Family Foundation Inc,26-1742335,2013,990-PF XV 3a paid,36000,Friends of the Israel Defense Forces (13-3156445),501 (C)(3) GENERAL SUPPORT,https://projects.propublica.org/nonprofits/organizations/261742335/201413219349100931/IRS990PF,full return read (automated row extraction; not individually checked)
J & A Arabov Family Foundation Inc,26-1742335,2015,990-PF XV 3a paid,20000,Friends of the Israel Defense Forces (13-3156445),501 (C)(3) GENERAL SUPPORT,https://projects.propublica.org/nonprofits/organizations/261742335/201630579349100303/IRS990PF,full return read (automated row extraction; not individually checked)
J & A Arabov Family Foundation Inc,26-1742335,2016,990-PF XV 3a paid,1100,Friends of the Israel Defense Forces (13-3156445),501 (C)(3) GENERAL SUPPORT,https://projects.propublica.org/nonprofits/organizations/261742335/201730689349100403/IRS990PF,full return read (automated row extraction; not individually checked)
J & A Arabov Family Foundation Inc,26-1742335,2022,990-PF XV 3a paid,720,Friends of the Israel Defense Forces (13-3156445),501 (C)(3) GENERAL SUPPORT,https://projects.propublica.org/nonprofits/organizations/261742335/202323189349103372/IRS990PF,full return read (automated row extraction; not individually checked)
J & A Arabov Family Foundation Inc,26-1742335,2023,990-PF XV 3a paid,36000,Friends of the Israel Defense Forces (13-3156445),501 (C)(3) GENERAL SUPPORT,https://projects.propublica.org/nonprofits/organizations/261742335/202443189349102439/IRS990PF,full return read (automated row extraction; not individually checked)
J & A Arabov Family Foundation Inc,26-1742335,2024,990-PF XV 3a paid,2600,Friends of the Israel Defense Forces (13-3156445),501 (C)(3) GENERAL SUPPORT,https://projects.propublica.org/nonprofits/organizations/261742335/202503119349102230/IRS990PF,full return read (automated row extraction; not individually checked)
J & M Sachs Family Foundation Inc,81-0780087,2021,990-PF XV 3a paid,8000,Friends of the Israel Defense Forces (13-3156445),OPERATING,https://projects.propublica.org/nonprofits/organizations/810780087/202223189349100032/IRS990PF,full return read (automated row extraction; not individually checked)
J Blair And Tena Frank Foundation,81-4175987,2025,990-PF XV 3a paid,25000,Friends of the Israel Defense Forces (13-3156445),GENERAL SUPPORT,https://projects.propublica.org/nonprofits/organizations/814175987/202641269349102389/IRS990PF,full return read (automated row extraction; not individually checked)
J Ira And Nicki Harris Familyfoundation Inc,26-0818520,2021,990-PF XV 3a paid,204000,Friends of the Israel Defense Forces (13-3156445),GENERAL,https://projects.propublica.org/nonprofits/organizations/260818520/202330669349100213/IRS990PF,full return read (automated row extraction; not individually checked)
J Ira And Nicki Harris Familyfoundation Inc,26-0818520,2021,990-PF XV 3b approved future,200000,Friends of the Israel Defense Forces (13-3156445),GENERAL,https://projects.propublica.org/nonprofits/organizations/260818520/202330669349100213/IRS990PF,full return read (automated row extraction; not individually checked)
J Ira And Nicki Harris Familyfoundation Inc,26-0818520,2022,990-PF XV 3a paid,208700,Friends of the Israel Defense Forces (13-3156445),GENERAL,https://projects.propublica.org/nonprofits/organizations/260818520/202323199349106382/IRS990PF,full return read (automated row extraction; not individually checked)
J Ira And Nicki Harris Foundation Inc,65-0805468,2018,990-PF XV 3a paid,5250,Friends of the Israel Defense Forces (13-3156445),GENERAL,https://projects.propublica.org/nonprofits/organizations/650805468/201902129349100310/IRS990PF,full return read (automated row extraction; not individually checked)
J Ira And Nicki Harris Foundation Inc,65-0805468,2023,990-PF XV 3a paid,85000,Friends of the Israel Defense Forces (13-3156445),GENERAL,https://projects.propublica.org/nonprofits/organizations/650805468/202541219349101024/IRS990PF,full return read (automated row extraction; not individually checked)
J Ira And Nicki Harris Foundation Inc,65-0805468,2024,990-PF XV 3a paid,1800,Friends of the Israel Defense Forces (13-3156445),GENERAL,https://projects.propublica.org/nonprofits/organizations/650805468/202503189349102820/IRS990PF,full return read (automated row extraction; not individually checked)
J Ira And Nicki Harris Foundation Inc,65-0805468,2024,990-PF XV 3a paid,41500,Friends of the Israel Defense Forces (13-3156445),GENERAL,https://projects.propublica.org/nonprofits/organizations/650805468/202503189349102820/IRS990PF,full return read (automated row extraction; not individually checked)
J J Segal Foundation,02-0694092,2013,990-PF XV 3a paid,1800,Friends of the Israel Defense Forces (13-3156445),Charitable Event,https://projects.propublica.org/nonprofits/organizations/20694092/201443149349100504/IRS990PF,full return read (automated row extraction; not individually checked)
J J Segal Foundation,02-0694092,2015,990-PF XV 3a paid,4000,Friends of the Israel Defense Forces (13-3156445),FIDF Scholarship fund,https://projects.propublica.org/nonprofits/organizations/20694092/201642149349100314/IRS990PF,full return read (automated row extraction; not individually checked)
J J Segal Foundation,02-0694092,2016,990-PF XV 3a paid,4000,Friends of the Israel Defense Forces (13-3156445),General & Unrestricted,https://projects.propublica.org/nonprofits/organizations/20694092/201743199349103924/IRS990PF,full return read (automated row extraction; not individually checked)
J J Segal Foundation,02-0694092,2018,990-PF XV 3a paid,3000,Friends of the Israel Defense Forces (13-3156445),Charitable Event,https://projects.propublica.org/nonprofits/organizations/20694092/201921359349101372/IRS990PF,full return read (automated row extraction; not individually checked)
J M Lazarus Foundation Inc,51-6015300,2021,990-PF XV 3a paid,500,Friends of the Israel Defense Forces (13-3156445),GENERAL CHARITABLE,https://projects.propublica.org/nonprofits/organizations/516015300/202211309349104256/IRS990PF,full return read (automated row extraction; not individually checked)
J M Lazarus Foundation Inc,51-6015300,2023,990-PF XV 3a paid,2000,Friends of the Israel Defense Forces (13-3156445),GENERAL CHARITABLE,https://projects.propublica.org/nonprofits/organizations/516015300/202411239349102256/IRS990PF,full return read (automated row extraction; not individually checked)
J M Lazarus Foundation Inc,51-6015300,2024,990-PF XV 3a paid,2000,Friends of the Israel Defense Forces (13-3156445),GENERAL CHARITABLE,https://projects.propublica.org/nonprofits/organizations/516015300/202511579349100211/IRS990PF,full return read (automated row extraction; not individually checked)
J Robert And Barrie C Blumenthal Foundation,11-6487716,2014,990-PF XV 3a paid,1000,Friends of the Israel Defense Forces (13-3156445),SERVICES & SUPPORT FOR RELEASE COMBAT SOLDIERS & FAM,https://projects.propublica.org/nonprofits/organizations/116487716/201541339349100619/IRS990PF,full return read (automated row extraction; not individually checked)
J Robert And Barrie C Blumenthal Foundation,11-6487716,2016,990-PF XV 3a paid,575,Friends of the Israel Defense Forces (13-3156445),SERVICES & SUPPORT FOR RELEASE COMBAT SOLDIERS & FAM,https://projects.propublica.org/nonprofits/organizations/116487716/201711359349104351/IRS990PF,full return read (automated row extraction; not individually checked)
J Robert And Barrie C Blumenthal Foundation,11-6487716,2017,990-PF XV 3a paid,250,Friends of the Israel Defense Forces (13-3156445),SERVICES & SUPPORT FOR RELEASE COMBAT SOLDIERS & FAM,https://projects.propublica.org/nonprofits/organizations/116487716/201801299349101300/IRS990PF,full return read (automated row extraction; not individually checked)
J2 Foundation,20-1912336,2019,990-PF XV 3a paid,10000,Friends of the Israel Defense Forces (13-3156445),SUPPORT OF ORGANIZATION MISSION,https://projects.propublica.org/nonprofits/organizations/201912336/202013189349104111/IRS990PF,full return read (automated row extraction; not individually checked)
J2 Foundation,20-1912336,2022,990-PF XV 3a paid,5000,Friends of the Israel Defense Forces (13-3156445),SUPPORT OF ORGANIZATION MISSION,https://projects.propublica.org/nonprofits/organizations/201912336/202323179349104227/IRS990PF,full return read (automated row extraction; not individually checked)
Jack Adjmi And Family Foundation Inc,13-3202295,2020,990-PF XV 3a paid,1000,Friends of the Israel Defense Forces (13-3156445),"GENERAL CHARITABLE, RELIGIOUS AND EDUCATIONAL PURPOSES",https://projects.propublica.org/nonprofits/organizations/133202295/202210979349100916/IRS990PF,full return read (automated row extraction; not individually checked)
Jack And Elisa Klein Foundation,75-3136118,2014,990 Schedule I,25000,Friends of the Israel Defense Forces (13-3156445),GENERAL SUPPORT,https://projects.propublica.org/nonprofits/organizations/753136118/201620429349302377/IRS990ScheduleI,full return read (automated row extraction; not individually checked)
Jack And Gitta Nagel Foundation,95-6120640,2023,990-PF XV 3a paid,20000,Friends of the Israel Defense Forces (13-3156445),NO INDIVIDUAL VARIOUS GENERAL USE,https://projects.propublica.org/nonprofits/organizations/956120640/202443539349100614/IRS990PF,full return read (automated row extraction; not individually checked)
Jack And Gitta Nagel Foundation,95-6120640,2024,990-PF XV 3a paid,20000,Friends of the Israel Defense Forces (13-3156445),GENERAL USE,https://projects.propublica.org/nonprofits/organizations/956120640/202611049349101106/IRS990PF,full return read (automated row extraction; not individually checked)
Jack Chester Foundation,31-6660664,2023,990-PF XV 3a paid,12000,Friends of the Israel Defense Forces (13-3156445),GENERAL OPERATING,https://projects.propublica.org/nonprofits/organizations/316660664/202401159349100030/IRS990PF,full return read (automated row extraction; not individually checked)
Jackson & Irene Golden 1989 Char Tr,04-3150178,2020,990-PF XV 3a paid,10000,Friends of the Israel Defense Forces (13-3156445),GENERAL & UNRESTRICTED,https://projects.propublica.org/nonprofits/organizations/43150178/202301529349100505/IRS990PF,full return read (automated row extraction; not individually checked)
Jackson & Irene Golden 1989 Char Tr,04-3150178,2021,990-PF XV 3a paid,10000,Friends of the Israel Defense Forces (13-3156445),GENERAL & UNRESTRICTED,https://projects.propublica.org/nonprofits/organizations/43150178/202322859349100312/IRS990PF,full return read (automated row extraction; not individually checked)
Jackson & Irene Golden 1989 Char Tr,04-3150178,2022,990-PF XV 3a paid,30000,Friends of the Israel Defense Forces (13-3156445),GENERAL & UNRESTRICTED,https://projects.propublica.org/nonprofits/organizations/43150178/202412829349100321/IRS990PF,full return read (automated row extraction; not individually checked)
Jackson & Irene Golden 1989 Char Tr,04-3150178,2023,990-PF XV 3a paid,20000,Friends of the Israel Defense Forces (13-3156445),GENERAL & UNRESTRICTED,https://projects.propublica.org/nonprofits/organizations/43150178/202511049349100936/IRS990PF,full return read (automated row extraction; not individually checked)
Jackson & Irene Golden 1989 Char Tr,04-3150178,2024,990-PF XV 3a paid,30000,Friends of the Israel Defense Forces (13-3156445),GENERAL & UNRESTRICTED,https://projects.propublica.org/nonprofits/organizations/43150178/202600779349100505/IRS990PF,full return read (automated row extraction; not individually checked)
Jacob Ginsburg Foundation C/o Allan Ginsburg,22-6062772,2014,990-PF XV 3a paid,1000,Friends of the Israel Defense Forces (13-3156445),,https://projects.propublica.org/nonprofits/organizations/226062772/201502959349100600/IRS990PF,full return read (automated row extraction; not individually checked)
Jacob Ginsburg Foundation C/o Allan Ginsburg,22-6062772,2015,990-PF XV 3a paid,5000,Friends of the Israel Defense Forces (13-3156445),,https://projects.propublica.org/nonprofits/organizations/226062772/201613209349100141/IRS990PF,full return read (automated row extraction; not individually checked)
Jacobson Family Fdn,13-3922461,2014,990-PF XV 3a paid,1000,Friends of the Israel Defense Forces (13-3156445),CHARITABLE,https://projects.propublica.org/nonprofits/organizations/133922461/201513179349100626/IRS990PF,full return read (automated row extraction; not individually checked)
Jacobson Family Fdn,13-3922461,2015,990-PF XV 3a paid,1000,Friends of the Israel Defense Forces (13-3156445),CHARITABLE,https://projects.propublica.org/nonprofits/organizations/133922461/201643169349100134/IRS990PF,full return read (automated row extraction; not individually checked)
Jacobson Family Fdn,13-3922461,2016,990-PF XV 3a paid,1000,Friends of the Israel Defense Forces (13-3156445),CHARITABLE,https://projects.propublica.org/nonprofits/organizations/133922461/201723139349100242/IRS990PF,full return read (automated row extraction; not individually checked)
Jacobson Family Fdn,13-3922461,2021,990-PF XV 3a paid,36000,Friends of the Israel Defense Forces (13-3156445),Charitable,https://projects.propublica.org/nonprofits/organizations/133922461/202243189349105819/IRS990PF,full return read (automated row extraction; not individually checked)
Jacqueline Harris Family Foundation Inc,26-0294769,2024,990-PF XV 3a paid,3600,Friends of the Israel Defense Forces (13-3156445),GENERAL FUND,https://projects.propublica.org/nonprofits/organizations/260294769/202503219349102140/IRS990PF,full return read (automated row extraction; not individually checked)
Jaffee Fam Foundation,45-0493621,2020,990-PF XV 3a paid,2200,Friends of the Israel Defense Forces (13-3156445),SCHOLARSHIP,https://projects.propublica.org/nonprofits/organizations/450493621/202113199349105276/IRS990PF,full return read (automated row extraction; not individually checked)
Jaffee Fam Foundation,45-0493621,2021,990-PF XV 3a paid,50000,Friends of the Israel Defense Forces (13-3156445),EMERGENCY CAMPAIGN 2021,https://projects.propublica.org/nonprofits/organizations/450493621/202211339349104801/IRS990PF,full return read (automated row extraction; not individually checked)
Jaffee Family Foundation,20-8025813,2020,990-PF XV 3a paid,10000,Friends of the Israel Defense Forces (13-3156445),CHARITABLE,https://projects.propublica.org/nonprofits/organizations/208025813/202101329349103520/IRS990PF,full return read (automated row extraction; not individually checked)
Jaffee Family Foundation,20-8025813,2024,990-PF XV 3a paid,5000,Friends of the Israel Defense Forces (13-3156445),Charitable,https://projects.propublica.org/nonprofits/organizations/208025813/202501329349101350/IRS990PF,full return read (automated row extraction; not individually checked)
Jaffee Family Foundation,20-8025813,2025,990-PF XV 3a paid,5000,Friends of the Israel Defense Forces (13-3156445),Charitable,https://projects.propublica.org/nonprofits/organizations/208025813/202601339349101410/IRS990PF,full return read (automated row extraction; not individually checked)
James And Mary Ellen Marpe Family Foundation,06-1663665,2020,990-PF XV 3a paid,1000,Friends of the Israel Defense Forces (13-3156445),UNRESTRICTED GRANT,https://projects.propublica.org/nonprofits/organizations/61663665/202101309349101790/IRS990PF,full return read (automated row extraction; not individually checked)
James H And Marta T Batmasian Family Foundation Inc,65-0894674,2024,990-PF XV 3a paid,1000,Friends of the Israel Defense Forces (13-3156445),FURTHER THE CHARITABLE ORGANIZATION'S EFFORTS,https://projects.propublica.org/nonprofits/organizations/650894674/202523219349108967/IRS990PF,full return read (automated row extraction; not individually checked)
James L And Susan G Winter Foundation,30-0103736,2019,990-PF XV 3a paid,1800,Friends of the Israel Defense Forces (13-3156445),TO FURTHER DONEE'S EXEMPT PURPOSE,https://projects.propublica.org/nonprofits/organizations/300103736/202033079349100213/IRS990PF,full return read (automated row extraction; not individually checked)
James L And Susan G Winter Foundation,30-0103736,2020,990-PF XV 3a paid,1800,Friends of the Israel Defense Forces (13-3156445),TO FURTHER DONEE'S EXEMPT PURPOSE,https://projects.propublica.org/nonprofits/organizations/300103736/202131279349101603/IRS990PF,full return read (automated row extraction; not individually checked)
James L And Susan G Winter Foundation,30-0103736,2021,990-PF XV 3a paid,1800,Friends of the Israel Defense Forces (13-3156445),TO FURTHER DONEE'S EXEMPT PURPOSE,https://projects.propublica.org/nonprofits/organizations/300103736/202241459349101019/IRS990PF,full return read (automated row extraction; not individually checked)
James L And Susan G Winter Foundation,30-0103736,2022,990-PF XV 3a paid,1800,Friends of the Israel Defense Forces (13-3156445),TO FURTHER DONEE'S EXEMPT PURPOSE,https://projects.propublica.org/nonprofits/organizations/300103736/202341299349104684/IRS990PF,full return read (automated row extraction; not individually checked)
James L And Susan G Winter Foundation,30-0103736,2025,990-PF XV 3a paid,3600,Friends of the Israel Defense Forces (13-3156445),TO FURTHER DONEE'S EXEMPT PURPOSE,https://projects.propublica.org/nonprofits/organizations/300103736/202641319349102654/IRS990PF,full return read (automated row extraction; not individually checked)
James R And Lesley B Anixter Family Foundation,20-3072091,2013,990-PF XV 3a paid,4000,Friends of the Israel Defense Forces (13-3156445),TO FURTHER THE MISSION OF THE DONEE,https://projects.propublica.org/nonprofits/organizations/203072091/201441339349100319/IRS990PF,full return read (automated row extraction; not individually checked)
James R And Lesley B Anixter Family Foundation,20-3072091,2014,990-PF XV 3a paid,5600,Friends of the Israel Defense Forces (13-3156445),TO FURTHER THE MISSION OF THE DONEE,https://projects.propublica.org/nonprofits/organizations/203072091/201511339349103301/IRS990PF,full return read (automated row extraction; not individually checked)
James R And Lesley B Anixter Family Foundation,20-3072091,2016,990-PF XV 3a paid,5000,Friends of the Israel Defense Forces (13-3156445),TO FURTHER THE MISSION OF THE DONEE,https://projects.propublica.org/nonprofits/organizations/203072091/201711309349100531/IRS990PF,full return read (automated row extraction; not individually checked)
James R And Lesley B Anixter Family Foundation,20-3072091,2017,990-PF XV 3a paid,5500,Friends of the Israel Defense Forces (13-3156445),TO FURTHER THE MISSION OF THE DONEE,https://projects.propublica.org/nonprofits/organizations/203072091/201821349349104457/IRS990PF,full return read (automated row extraction; not individually checked)
Jamshid Foundation,83-0419541,2022,990-PF XV 3a paid,1981,Friends of the Israel Defense Forces (13-3156445),is an organization established in,https://projects.propublica.org/nonprofits/organizations/830419541/202313529349100106/IRS990PF,full return read (automated row extraction; not individually checked)
Jan Abby Liff Charitable Foundation,82-3563329,2023,990-PF XV 3a paid,5000,Friends of the Israel Defense Forces (13-3156445),TO FURTHER ONE OR MORE OF THE EXEMPT PURPOSES OF THE CHARITY,https://projects.propublica.org/nonprofits/organizations/823563329/202421929349100627/IRS990PF,full return read (automated row extraction; not individually checked)
Jane And Alan Cornell Family Foundation,81-6319839,2021,990-PF XV 3a paid,1000,Friends of the Israel Defense Forces (13-3156445),UNRESTRICTED,https://projects.propublica.org/nonprofits/organizations/816319839/202221239349100942/IRS990PF,full return read (automated row extraction; not individually checked)
Jane And Daniel Och Family Foundation,26-3791338,2016,990-PF XV 3a paid,4000,Friends of the Israel Defense Forces (13-3156445),GENERAL UNRESTRICTED,https://projects.propublica.org/nonprofits/organizations/263791338/201703199349104030/IRS990PF,full return read (automated row extraction; not individually checked)
Jane And Frances Stein Foundation,27-4830712,2023,990-PF XV 3a paid,3,Friends of the Israel Defense Forces (13-3156445),501(C),https://projects.propublica.org/nonprofits/organizations/274830712/202412369349100521/IRS990PF,full return read (automated row extraction; not individually checked)
Jatoma Charitable Foundation Tr,13-7198355,2023,990-PF XV 3a paid,20000,Friends of the Israel Defense Forces (13-3156445),GENERAL PURPOSE,https://projects.propublica.org/nonprofits/organizations/137198355/202530989349100023/IRS990PF,full return read (automated row extraction; not individually checked)
Jay And Jeanie Schottenstein Foundation,31-1111955,2020,990-PF XV 3a paid,987390,Friends of the Israel Defense Forces (13-3156445),COMMUNITY,https://projects.propublica.org/nonprofits/organizations/311111955/202103019349100325/IRS990PF,full return read (row individually checked)
Jay And Jeanie Schottenstein Foundation,31-1111955,2021,990-PF XV 3a paid,500000,Friends of the Israel Defense Forces (13-3156445),COMMUNITY,https://projects.propublica.org/nonprofits/organizations/311111955/202213149349100316/IRS990PF,full return read (row individually checked)
Jay And Mary Goldberg Charitable Tr,13-7163815,2016,990-PF XV 3a paid,500,Friends of the Israel Defense Forces (13-3156445),GENERAL CHARITABLE PURPOSES,https://projects.propublica.org/nonprofits/organizations/137163815/201701359349100010/IRS990PF,full return read (automated row extraction; not individually checked)
Jay E And Wendy G Birnbaum Foundation,47-7235756,2023,990-PF XV 3a paid,1800,Friends of the Israel Defense Forces (13-3156445),UNRESTRICTED,https://projects.propublica.org/nonprofits/organizations/477235756/202410489349100301/IRS990PF,full return read (automated row extraction; not individually checked)
Jay E And Wendy G Birnbaum Foundation,47-7235756,2024,990-PF XV 3a paid,1800,Friends of the Israel Defense Forces (13-3156445),UNRESTRICTED,https://projects.propublica.org/nonprofits/organizations/477235756/202540489349100519/IRS990PF,full return read (automated row extraction; not individually checked)
Jeanne And Richard Kaskey Foundation Inc,83-3014259,2023,990-PF XV 3a paid,10000,Friends of the Israel Defense Forces (13-3156445),EMERGENCY NEEDS FUNDS,https://projects.propublica.org/nonprofits/organizations/833014259/202421279349101402/IRS990PF,full return read (automated row extraction; not individually checked)
Jeanne And Richard Kaskey Foundation Inc,83-3014259,2025,990-PF XV 3a paid,10000,Friends of the Israel Defense Forces (13-3156445),EMERGENCY NEEDS FUNDS,https://projects.propublica.org/nonprofits/organizations/833014259/202601249349101005/IRS990PF,full return read (automated row extraction; not individually checked)
Jeanne And Thomas Hardy Family Foundation,27-4846410,2024,990-PF XV 3a paid,500,Friends of the Israel Defense Forces (13-3156445),TO MAINTAIN THE ENDEAVORS OF THE ORGANIZATION,https://projects.propublica.org/nonprofits/organizations/274846410/202503159349100025/IRS990PF,full return read (automated row extraction; not individually checked)
Jeff And Bonnie Whitman Charitable Foundation,75-2823240,2023,990-PF XV 3a paid,5000,Friends of the Israel Defense Forces (13-3156445),CHARITABLE,https://projects.propublica.org/nonprofits/organizations/752823240/202530339349100253/IRS990PF,full return read (automated row extraction; not individually checked)
Jeff And Bonnie Whitman Charitable Foundation,75-2823240,2024,990-PF XV 3a paid,5144,Friends of the Israel Defense Forces (13-3156445),CHARITABLE,https://projects.propublica.org/nonprofits/organizations/752823240/202523209349100107/IRS990PF,full return read (automated row extraction; not individually checked)
Jeff And Yolanda Berkowitz Family Charitable Foundation Inc,27-5215409,2017,990-PF XV 3a paid,10000,Friends of the Israel Defense Forces (13-3156445),Donations,https://projects.propublica.org/nonprofits/organizations/275215409/201823129349100917/IRS990PF,full return read (automated row extraction; not individually checked)
Jeffrey & Tracy Brown Foundation Inc,22-3843780,2023,990-PF XV 3a paid,350000,Friends of the Israel Defense Forces (13-3156445),ASSISTANCE FOR CHARITABLE PURPOSE.,https://projects.propublica.org/nonprofits/organizations/223843780/202443209349101334/IRS990PF,full return read (automated row extraction; not individually checked)
Jerold A And Ruth Hecktman Family Foundation,36-3641075,2023,990-PF XV 3a paid,100,Friends of the Israel Defense Forces (13-3156445),501(C) UNRESTRICTED GIFT TO CHARITABLE ORG,https://projects.propublica.org/nonprofits/organizations/363641075/202431669349100203/IRS990PF,full return read (automated row extraction; not individually checked)
Jerome L Stern Family Foundation Inc,13-6127063,2012,990-PF XV 3a paid,1000,Friends of the Israel Defense Forces (13-3156445),SAFETY/EDUCATION,https://projects.propublica.org/nonprofits/organizations/136127063/201420149349100407/IRS990PF,full return read (automated row extraction; not individually checked)
Jerome L Stern Family Foundation Inc,13-6127063,2013,990-PF XV 3a paid,3,Friends of the Israel Defense Forces (13-3156445),"SAFETY/EDUCATION -1,000 FRIENDS OF WESTHAMPTON AMBULANCE",https://projects.propublica.org/nonprofits/organizations/136127063/201401959349100850/IRS990PF,full return read (automated row extraction; not individually checked)
Jerome L Stern Family Foundation Inc,13-6127063,2023,990-PF XV 3a paid,10000,Friends of the Israel Defense Forces (13-3156445),SAFETY/EDUCATION,https://projects.propublica.org/nonprofits/organizations/136127063/202421909349100362/IRS990PF,full return read (automated row extraction; not individually checked)
Jerome P Subar Foundation,38-2445793,2015,990-PF XV 3a paid,1000,Friends of the Israel Defense Forces (13-3156445),GENERAL SUPPORT,https://projects.propublica.org/nonprofits/organizations/382445793/201641319349100939/IRS990PF,full return read (automated row extraction; not individually checked)
Jerome S Glazer Foundation Inc,31-1787788,2019,990-PF XV 3a paid,1000,Friends of the Israel Defense Forces (13-3156445),CULTURAL HISTORICAL EDUCATION,https://projects.propublica.org/nonprofits/organizations/311787788/202031699349100913/IRS990PF,full return read (automated row extraction; not individually checked)
Jerome S Glazer Foundation Inc,31-1787788,2023,990-PF XV 3a paid,500,Friends of the Israel Defense Forces (13-3156445),UNRESTRICTED GRANT OR CONTRIBUTION FOR GENERAL OBLIGATIONS,https://projects.propublica.org/nonprofits/organizations/311787788/202401279349101215/IRS990PF,full return read (automated row extraction; not individually checked)
Jerome S Glazer Foundation Inc,31-1787788,2024,990-PF XV 3a paid,1000,Friends of the Israel Defense Forces (13-3156445),UNRESTRICTED GRANT OR CONTRIBUTION FOR GENERAL OBLIGATIONS,https://projects.propublica.org/nonprofits/organizations/311787788/202521339349102362/IRS990PF,full return read (automated row extraction; not individually checked)
Jessica Fund,36-6850332,2025,990-PF XV 3a paid,1000,Friends of the Israel Defense Forces (13-3156445),GENERAL OPERATING SUPPORT,https://projects.propublica.org/nonprofits/organizations/366850332/202621329349102322/IRS990PF,full return read (automated row extraction; not individually checked)
Jewish Center And Federation Of The Twin Tiers Inc,16-1562220,2024,990 Schedule I,,Friends of the Israel Defense Forces (13-3156445),"EAST 42ND STREET NEW YORK , NY 101650015 13-3156445 501(C)",https://projects.propublica.org/nonprofits/organizations/161562220/202543219349306649/IRS990ScheduleI,full return read (automated row extraction; not individually checked)
Jewish Communal Fund,23-7174183,2014,990 Schedule I,1140538,Friends of the Israel Defense Forces (13-3156445),Unrestricted General support,https://projects.propublica.org/nonprofits/organizations/237174183/201610289349300501/IRS990ScheduleI,full return read (automated row extraction; not individually checked)
Jewish Communal Fund,23-7174183,2015,990 Schedule I,1080128,Friends of the Israel Defense Forces (13-3156445),Unrestricted General Support,https://projects.propublica.org/nonprofits/organizations/237174183/201710279349300016/IRS990ScheduleI,full return read (automated row extraction; not individually checked)
Jewish Communal Fund,23-7174183,2016,990 Schedule I,1130054,Friends of the Israel Defense Forces (13-3156445),Unrestricted General Support,https://projects.propublica.org/nonprofits/organizations/237174183/201830329349300208/IRS990ScheduleI,full return read (automated row extraction; not individually checked)
Jewish Communal Fund,23-7174183,2018,990 Schedule I,1186694,Friends of the Israel Defense Forces (13-3156445),General Support,https://projects.propublica.org/nonprofits/organizations/237174183/202000429349300605/IRS990ScheduleI,full return read (automated row extraction; not individually checked)
Jewish Communal Fund,23-7174183,2020,990 Schedule I,1252124,Friends of the Israel Defense Forces (13-3156445),General support,https://projects.propublica.org/nonprofits/organizations/237174183/202240409349300049/IRS990ScheduleI,full return read (automated row extraction; not individually checked)
Jewish Communal Fund,23-7174183,2021,990 Schedule I,1058864,Friends of the Israel Defense Forces (13-3156445),GENERAL SUPPORT,https://projects.propublica.org/nonprofits/organizations/237174183/202330479349300013/IRS990ScheduleI,full return read (automated row extraction; not individually checked)
Jewish Community Federation Of Greater Rochester Ny Inc,16-0868942,2023,990 Schedule I,27590,Friends of the Israel Defense Forces (13-3156445),GENERAL PURPOSE,https://projects.propublica.org/nonprofits/organizations/160868942/202530919349300228/IRS990ScheduleI,full return read (automated row extraction; not individually checked)
Jewish Community Federation Of S F Marin Peninsula & Sonoma Counties,94-1156533,2014,990 Schedule I,59350,Friends of the Israel Defense Forces (13-3156445),HUMAN SERVICES,https://projects.propublica.org/nonprofits/organizations/941156533/201611329349304101/IRS990ScheduleI,full return read (automated row extraction; not individually checked)
Jewish Community Federation Of S F Marin Peninsula & Sonoma Counties,94-1156533,2015,990 Schedule I,47986,Friends of the Israel Defense Forces (13-3156445),HUMAN SERVICES,https://projects.propublica.org/nonprofits/organizations/941156533/201731319349301828/IRS990ScheduleI,full return read (automated row extraction; not individually checked)
Jewish Community Federation Of S F Marin Peninsula & Sonoma Counties,94-1156533,2016,990 Schedule I,71248,Friends of the Israel Defense Forces (13-3156445),HUMAN SERVICES,https://projects.propublica.org/nonprofits/organizations/941156533/201821349349306877/IRS990ScheduleI,full return read (automated row extraction; not individually checked)
Jewish Community Federation Of S F Marin Peninsula & Sonoma Counties,94-1156533,2018,990 Schedule I,61700,Friends of the Israel Defense Forces (13-3156445),HUMAN SERVICES,https://projects.propublica.org/nonprofits/organizations/941156533/202001929349302635/IRS990ScheduleI,full return read (automated row extraction; not individually checked)
Jewish Community Federation Of S F Marin Peninsula & Sonoma Counties,94-1156533,2020,990 Schedule I,82100,Friends of the Israel Defense Forces (13-3156445),HUMAN SERVICES,https://projects.propublica.org/nonprofits/organizations/941156533/202241369349307274/IRS990ScheduleI,full return read (automated row extraction; not individually checked)
Jewish Community Federation Of S F Marin Peninsula & Sonoma Counties,94-1156533,2021,990 Schedule I,48680,Friends of the Israel Defense Forces (13-3156445),HUMAN SERVICES,https://projects.propublica.org/nonprofits/organizations/941156533/202341349349301209/IRS990ScheduleI,full return read (automated row extraction; not individually checked)
Jewish Community Foundation,94-6098382,2012,990 Schedule I,14500,Friends of the Israel Defense Forces (13-3156445),GENERAL SUPPORT,https://projects.propublica.org/nonprofits/organizations/946098382/201401359349302440/IRS990ScheduleI,full return read (automated row extraction; not individually checked)
Jewish Community Foundation,94-6098382,2014,990 Schedule I,22100,Friends of the Israel Defense Forces (13-3156445),GENERAL PURPOSES,https://projects.propublica.org/nonprofits/organizations/946098382/201720569349300707/IRS990ScheduleI,full return read (automated row extraction; not individually checked)
Jewish Community Foundation,94-6098382,2014,990 Schedule I,56250,Friends of the Israel Defense Forces (13-3156445),GENERAL PURPOSES,https://projects.propublica.org/nonprofits/organizations/946098382/201720569349300707/IRS990ScheduleI,full return read (automated row extraction; not individually checked)
Jewish Community Foundation,94-6098382,2015,990 Schedule I,91400,Friends of the Israel Defense Forces (13-3156445),GENERAL PURPOSES,https://projects.propublica.org/nonprofits/organizations/946098382/201711319349305721/IRS990ScheduleI,full return read (automated row extraction; not individually checked)
Jewish Community Foundation,94-6098382,2016,990 Schedule I,18250,Friends of the Israel Defense Forces (13-3156445),GENERAL PURPOSES,https://projects.propublica.org/nonprofits/organizations/946098382/201841359349311634/IRS990ScheduleI,full return read (automated row extraction; not individually checked)
Jewish Community Foundation,94-6098382,2017,990 Schedule I,12500,Friends of the Israel Defense Forces (13-3156445),GENERAL PURPOSES,https://projects.propublica.org/nonprofits/organizations/946098382/201941409349301304/IRS990ScheduleI,full return read (automated row extraction; not individually checked)
Jewish Community Foundation,94-6098382,2018,990 Schedule I,25500,Friends of the Israel Defense Forces (13-3156445),"THE ISRAEL JOURNEY PROGRAM, WHICH HELPS SOLDIERS BETTER UNDERSTAND WHAT THEY ARE SERVING TO PROTECT, STRENGTHENS THE SENSE OF COMMUNITY WITH",https://projects.propublica.org/nonprofits/organizations/946098382/202001979349302615/IRS990ScheduleI,full return read (automated row extraction; not individually checked)
Jewish Community Foundation,94-6098382,2018,990 Schedule I,11000,Friends of the Israel Defense Forces (13-3156445),GENERAL PURPOSES,https://projects.propublica.org/nonprofits/organizations/946098382/202001979349302615/IRS990ScheduleI,full return read (automated row extraction; not individually checked)
Jewish Community Foundation Charitable Fund,95-3507310,2019,990-PF XV 3a paid,4000,Friends of the Israel Defense Forces (13-3156445),CIVIC LIFE,https://projects.propublica.org/nonprofits/organizations/953507310/202003179349102190/IRS990PF,full return read (automated row extraction; not individually checked)
Jewish Community Foundation Of,16-1599356,2023,990 Schedule I,158500,Friends of the Israel Defense Forces (13-3156445),GENERAL SUPPORT,https://projects.propublica.org/nonprofits/organizations/161599356/202500369349301320/IRS990ScheduleI,full return read (automated row extraction; not individually checked)
Jewish Community Foundation Of,16-1599356,2024,990 Schedule I,76000,Friends of the Israel Defense Forces (13-3156445),GENERAL SUPPORT,https://projects.propublica.org/nonprofits/organizations/161599356/202543469349300639/IRS990ScheduleI,full return read (automated row extraction; not individually checked)
Jewish Community Foundation Of Greater Kansas City,43-6049281,2015,990 Schedule I,5000,Friends of the Israel Defense Forces (13-3156445),"Donation, attention Dina Ben Ari",https://projects.propublica.org/nonprofits/organizations/436049281/201612219349301106/IRS990ScheduleI,full return read (automated row extraction; not individually checked)
Jewish Community Foundation Of Greater Kansas City,43-6049281,2016,990 Schedule I,11050,Friends of the Israel Defense Forces (13-3156445),General support,https://projects.propublica.org/nonprofits/organizations/436049281/201742549349300854/IRS990ScheduleI,full return read (automated row extraction; not individually checked)
Jewish Community Foundation Of Greater Kansas City,43-6049281,2017,990 Schedule I,7349,Friends of the Israel Defense Forces (13-3156445),General support,https://projects.propublica.org/nonprofits/organizations/436049281/201841729349300214/IRS990ScheduleI,full return read (automated row extraction; not individually checked)
Jewish Community Foundation Of Greater Kansas City,43-6049281,2021,990 Schedule I,,Friends of the Israel Defense Forces (13-3156445),"E 42nd Street New York , NY 10165 13-3156445 501(C)",https://projects.propublica.org/nonprofits/organizations/436049281/202243129349303859/IRS990ScheduleI,full return read (automated row extraction; not individually checked)
Jewish Community Foundation Of Greater Metrowest Nj,22-1714130,2018,990 Schedule I,25500,Friends of the Israel Defense Forces (13-3156445),General Charitable Purposes,https://projects.propublica.org/nonprofits/organizations/221714130/202032169349300013/IRS990ScheduleI,full return read (automated row extraction; not individually checked)
Jewish Community Foundation Of Greater Metrowest Nj,22-1714130,2020,990 Schedule I,41440,Friends of the Israel Defense Forces (13-3156445),General Charitable Purposes,https://projects.propublica.org/nonprofits/organizations/221714130/202231359349302358/IRS990ScheduleI,full return read (automated row extraction; not individually checked)
Jewish Community Foundation Of Greater Metrowest Nj,22-1714130,2021,990 Schedule I,37175,Friends of the Israel Defense Forces (13-3156445),General charitable purposes,https://projects.propublica.org/nonprofits/organizations/221714130/202341319349306619/IRS990ScheduleI,full return read (automated row extraction; not individually checked)
Jewish Community Foundation Of Orange County,95-3645825,2014,990 Schedule I,54905,Friends of the Israel Defense Forces (13-3156445),CHARITY,https://projects.propublica.org/nonprofits/organizations/953645825/201532659349300443/IRS990ScheduleI,full return read (automated row extraction; not individually checked)
Jewish Community Foundation Of Orange County,95-3645825,2016,990 Schedule I,76340,Friends of the Israel Defense Forces (13-3156445),DONATION,https://projects.propublica.org/nonprofits/organizations/953645825/201702799349300715/IRS990ScheduleI,full return read (automated row extraction; not individually checked)
Jewish Community Foundation Of Orange County,95-3645825,2017,990 Schedule I,48794,Friends of the Israel Defense Forces (13-3156445),DONATION,https://projects.propublica.org/nonprofits/organizations/953645825/201803129349303400/IRS990ScheduleI,full return read (automated row extraction; not individually checked)
Jewish Community Foundation Of Orange County,95-3645825,2022,990 Schedule I,60128,Friends of the Israel Defense Forces (13-3156445),DONATION,https://projects.propublica.org/nonprofits/organizations/953645825/202322289349300842/IRS990ScheduleI,full return read (automated row extraction; not individually checked)
Jewish Community Foundation Of Orange County,95-3645825,2022,990 Schedule I,5350,Friends of the Israel Defense Forces (13-3156445),DONATION,https://projects.propublica.org/nonprofits/organizations/953645825/202322289349300842/IRS990ScheduleI,full return read (automated row extraction; not individually checked)
Jewish Community Foundation Of Orange County,95-3645825,2023,990 Schedule I,35130,Friends of the Israel Defense Forces (13-3156445),DONATION,https://projects.propublica.org/nonprofits/organizations/953645825/202441769349300439/IRS990ScheduleI,full return read (automated row extraction; not individually checked)
Jewish Community Foundation Of Orange County,95-3645825,2024,990 Schedule I,13610,Friends of the Israel Defense Forces (13-3156445),DONATION,https://projects.propublica.org/nonprofits/organizations/953645825/202542949349301519/IRS990ScheduleI,full return read (automated row extraction; not individually checked)
Jewish Community Foundation Of San Diego,95-2504044,2014,990 Schedule I,208390,Friends of the Israel Defense Forces (13-3156445),GENERAL,https://projects.propublica.org/nonprofits/organizations/952504044/201620429349302422/IRS990ScheduleI,full return read (automated row extraction; not individually checked)
Jewish Community Foundation Of San Diego,95-2504044,2015,990 Schedule I,283810,Friends of the Israel Defense Forces (13-3156445),GENERAL,https://projects.propublica.org/nonprofits/organizations/952504044/201731329349304943/IRS990ScheduleI,full return read (automated row extraction; not individually checked)
Jewish Community Foundation Of San Diego,95-2504044,2016,990 Schedule I,327630,Friends of the Israel Defense Forces (13-3156445),GENERAL,https://projects.propublica.org/nonprofits/organizations/952504044/201831309349303873/IRS990ScheduleI,full return read (automated row extraction; not individually checked)
Jewish Community Foundation Of San Diego,95-2504044,2018,990 Schedule I,266498,Friends of the Israel Defense Forces (13-3156445),GENERAL,https://projects.propublica.org/nonprofits/organizations/952504044/202041489349301904/IRS990ScheduleI,full return read (automated row extraction; not individually checked)
Jewish Community Foundation Of San Diego,95-2504044,2020,990 Schedule I,422394,Friends of the Israel Defense Forces (13-3156445),GENERAL,https://projects.propublica.org/nonprofits/organizations/952504044/202221369349306982/IRS990ScheduleI,full return read (automated row extraction; not individually checked)
Jewish Community Foundation Of San Diego,95-2504044,2021,990 Schedule I,216035,Friends of the Israel Defense Forces (13-3156445),GENERAL,https://projects.propublica.org/nonprofits/organizations/952504044/202301309349302830/IRS990ScheduleI,full return read (automated row extraction; not individually checked)
Jewish Community Foundation Of San Diego,95-2504044,2021,990 Schedule I,25360,Friends of the Israel Defense Forces (13-3156445),GENERAL,https://projects.propublica.org/nonprofits/organizations/952504044/202301309349302830/IRS990ScheduleI,full return read (automated row extraction; not individually checked)
Jewish Community Foundation Of The Jewish Federation Council Of Gla,95-4830603,2015,990 Schedule I,30000,Friends of the Israel Defense Forces (13-3156445),GENERAL SUPPORT,https://projects.propublica.org/nonprofits/organizations/954830603/201841799349300704/IRS990ScheduleI,full return read (automated row extraction; not individually checked)
Jewish Endowment Foundation,72-0638456,2020,990 Schedule I,100000,Friends of the Israel Defense Forces (13-3156445),GENERAL OPERATIONAL SUPPORT,https://projects.propublica.org/nonprofits/organizations/720638456/202103519349300040/IRS990ScheduleI,full return read (automated row extraction; not individually checked)
Jewish Endowment Foundation,72-0638456,2021,990 Schedule I,109800,Friends of the Israel Defense Forces (13-3156445),GENERAL OPERATIONAL SUPPORT,https://projects.propublica.org/nonprofits/organizations/720638456/202203199349320370/IRS990ScheduleI,full return read (automated row extraction; not individually checked)
Jewish Endowment Foundation,72-0638456,2023,990 Schedule I,49000,Friends of the Israel Defense Forces (13-3156445),MILITARY/DEFENSE,https://projects.propublica.org/nonprofits/organizations/720638456/202413329349301566/IRS990ScheduleI,full return read (automated row extraction; not individually checked)
Jewish Endowment Foundation,72-0638456,2023,990 Schedule I,5860,Friends of the Israel Defense Forces (13-3156445),MILITARY/DEFENSE,https://projects.propublica.org/nonprofits/organizations/720638456/202413329349301566/IRS990ScheduleI,full return read (automated row extraction; not individually checked)
Jewish Federation Foundation,05-0259003,2022,990 Schedule I,4000,Friends of the Israel Defense Forces (13-3156445),FIDF IMPACT SCHOLARSHIP PROGRAM,https://projects.propublica.org/nonprofits/organizations/50259003/202421369349319482/IRS990ScheduleI,full return read (automated row extraction; not individually checked)
Jewish Federation Foundation,05-0259003,2022,990 Schedule I,1360,Friends of the Israel Defense Forces (13-3156445),UNRESTRICTED SUPPORT,https://projects.propublica.org/nonprofits/organizations/50259003/202421369349319482/IRS990ScheduleI,full return read (automated row extraction; not individually checked)
Jewish Federation Of Cleveland,34-0714445,2014,990 Schedule I,26000,Friends of the Israel Defense Forces (13-3156445),GENERAL SUPPORT,https://projects.propublica.org/nonprofits/organizations/340714445/201631379349307633/IRS990ScheduleI,full return read (automated row extraction; not individually checked)
Jewish Federation Of Cleveland,34-0714445,2015,990 Schedule I,135100,Friends of the Israel Defense Forces (13-3156445),"GENERAL SUPPORT, ENDOWMENT FUND IMPACT PROGRAM, ISHA/HAGAM PROJECT, IPFA COURSES, NE OHIO CHAPTER SCHOLARSHIP, CLEVELAND CHAPTER",https://projects.propublica.org/nonprofits/organizations/340714445/201731359349312303/IRS990ScheduleI,full return read (automated row extraction; not individually checked)
Jewish Federation Of Cleveland,34-0714445,2016,990 Schedule I,37498,Friends of the Israel Defense Forces (13-3156445),"GENERAL SUPPORT, CLEVELAND CHAPTER, SCHOLARSHIP PROGRAM",https://projects.propublica.org/nonprofits/organizations/340714445/201841359349304429/IRS990ScheduleI,full return read (automated row extraction; not individually checked)
Jewish Federation Of Delaware Inc,51-0064315,2022,990 Schedule I,100000,Friends of the Israel Defense Forces (13-3156445),FAIR MARKET VALUE N/A CHARITABLE GRANT TO ADVANCE THE MISSION OF THE ORGANIZATION,https://projects.propublica.org/nonprofits/organizations/510064315/202410179349301711/IRS990ScheduleI,full return read (automated row extraction; not individually checked)
Jewish Federation Of Delaware Inc,51-0064315,2023,990 Schedule I,12800,Friends of the Israel Defense Forces (13-3156445),FAIR MARKET VALUE N/A CHARITABLE GRANT TO ADVANCE THE MISSION OF THE ORGANIZATION,https://projects.propublica.org/nonprofits/organizations/510064315/202500589349301320/IRS990ScheduleI,full return read (automated row extraction; not individually checked)
Jewish Federation Of Greater Atlanta Inc,58-1021791,2012,990 Schedule I,29530,Friends of the Israel Defense Forces (13-3156445),DONATION,https://projects.propublica.org/nonprofits/organizations/581021791/201411359349307906/IRS990ScheduleI,full return read (automated row extraction; not individually checked)
Jewish Federation Of Greater Atlanta Inc,58-1021791,2014,990 Schedule I,54431,Friends of the Israel Defense Forces (13-3156445),DONATION,https://projects.propublica.org/nonprofits/organizations/581021791/201631379349308248/IRS990ScheduleI,full return read (automated row extraction; not individually checked)
Jewish Federation Of Greater Atlanta Inc,58-1021791,2015,990 Schedule I,63903,Friends of the Israel Defense Forces (13-3156445),DONATION,https://projects.propublica.org/nonprofits/organizations/581021791/201701359349313790/IRS990ScheduleI,full return read (automated row extraction; not individually checked)
Jewish Federation Of Greater Atlanta Inc,58-1021791,2016,990 Schedule I,44910,Friends of the Israel Defense Forces (13-3156445),DONATIONS,https://projects.propublica.org/nonprofits/organizations/581021791/201831649349300798/IRS990ScheduleI,full return read (automated row extraction; not individually checked)
Jewish Federation Of Greater Atlanta Inc,58-1021791,2016,990 Schedule I,5900,Friends of the Israel Defense Forces (13-3156445),DONATIONS,https://projects.propublica.org/nonprofits/organizations/581021791/201831649349300798/IRS990ScheduleI,full return read (automated row extraction; not individually checked)
Jewish Federation Of Greater Atlanta Inc,58-1021791,2016,990 Schedule I,13580,Friends of the Israel Defense Forces (13-3156445),DONATIONS,https://projects.propublica.org/nonprofits/organizations/581021791/201831649349300798/IRS990ScheduleI,full return read (automated row extraction; not individually checked)
Jewish Federation Of Greater Atlanta Inc,58-1021791,2018,990 Schedule I,90266,Friends of the Israel Defense Forces (13-3156445),DONATIONS,https://projects.propublica.org/nonprofits/organizations/581021791/202021959349303707/IRS990ScheduleI,full return read (automated row extraction; not individually checked)
Jewish Federation Of Greater Atlanta Inc,58-1021791,2020,990 Schedule I,49610,Friends of the Israel Defense Forces (13-3156445),DONATIONS,https://projects.propublica.org/nonprofits/organizations/581021791/202211799349300911/IRS990ScheduleI,full return read (automated row extraction; not individually checked)
Jewish Federation Of Greater Atlanta Inc,58-1021791,2020,990 Schedule I,34760,Friends of the Israel Defense Forces (13-3156445),DONATIONS,https://projects.propublica.org/nonprofits/organizations/581021791/202211799349300911/IRS990ScheduleI,full return read (automated row extraction; not individually checked)
Jewish Federation Of Greater Atlanta Inc,58-1021791,2020,990 Schedule I,11400,Friends of the Israel Defense Forces (13-3156445),DONATIONS,https://projects.propublica.org/nonprofits/organizations/581021791/202211799349300911/IRS990ScheduleI,full return read (automated row extraction; not individually checked)
Jewish Federation Of Greater Atlanta Inc,58-1021791,2021,990 Schedule I,325370,Friends of the Israel Defense Forces (13-3156445),DONATIONS,https://projects.propublica.org/nonprofits/organizations/581021791/202310739349301211/IRS990ScheduleI,full return read (automated row extraction; not individually checked)
Jewish Federation Of Greater Houston,74-1109654,2020,990 Schedule I,100000,Friends of the Israel Defense Forces (13-3156445),General support,https://projects.propublica.org/nonprofits/organizations/741109654/202231969349302023/IRS990ScheduleI,full return read (automated row extraction; not individually checked)
Jewish Federation Of Greater Houston,74-1109654,2023,990 Schedule I,255000,Friends of the Israel Defense Forces (13-3156445),Emergency support,https://projects.propublica.org/nonprofits/organizations/741109654/202511969349303001/IRS990ScheduleI,full return read (automated row extraction; not individually checked)
Jewish Federation Of Greater Indianapolis Inc,35-0888017,2020,990 Schedule I,8000,Friends of the Israel Defense Forces (13-3156445),JEWISH COMMUNITY,https://projects.propublica.org/nonprofits/organizations/350888017/202133199349328113/IRS990ScheduleI,full return read (automated row extraction; not individually checked)
Jewish Federation Of Greater Indianapolis Inc,35-0888017,2021,990 Schedule I,8000,Friends of the Israel Defense Forces (13-3156445),JEWISH COMMUNITY,https://projects.propublica.org/nonprofits/organizations/350888017/202233179349301938/IRS990ScheduleI,full return read (automated row extraction; not individually checked)
Jewish Federation Of Greater Indianapolis Inc,35-0888017,2024,990 Schedule I,15180,Friends of the Israel Defense Forces (13-3156445),Jewish Community,https://projects.propublica.org/nonprofits/organizations/350888017/202533189349305963/IRS990ScheduleI,full return read (automated row extraction; not individually checked)
Jewish Federation Of Greater Long Beach And West Orange County,95-1647830,2020,990 Schedule I,6000,Friends of the Israel Defense Forces (13-3156445),SUPPORT JEWISH COMMUNITY ACTIVITIES,https://projects.propublica.org/nonprofits/organizations/951647830/202220809349301257/IRS990ScheduleI,full return read (automated row extraction; not individually checked)
Jewish Federation Of Greater Long Beach And West Orange County,95-1647830,2023,990 Schedule I,112750,Friends of the Israel Defense Forces (13-3156445),SUPPORT JEWISH EDUCATIONAL PROGRAMS,https://projects.propublica.org/nonprofits/organizations/951647830/202413099349301906/IRS990ScheduleI,full return read (automated row extraction; not individually checked)
Jewish Federation Of Greater Philadelphia,23-1500085,2014,990 Schedule I,6780,Friends of the Israel Defense Forces (13-3156445),GENERAL AND/OR PROGRAM SUPPORT - DONOR ADVISED FUNDS,https://projects.propublica.org/nonprofits/organizations/231500085/201601949349301075/IRS990ScheduleI,full return read (automated row extraction; not individually checked)
Jewish Federation Of Greater Philadelphia,23-1500085,2015,990 Schedule I,3375,Friends of the Israel Defense Forces (13-3156445),GENERAL AND/OR PROGRAM SUPPORT,https://projects.propublica.org/nonprofits/organizations/231500085/201701959349301105/IRS990ScheduleI,full return read (automated row extraction; not individually checked)
Jewish Federation Of Greater Philadelphia,23-1500085,2015,990 Schedule I,4900,Friends of the Israel Defense Forces (13-3156445),GENERAL AND/OR PROGRAM SUPPORT - DONOR ADVISED FUNDS,https://projects.propublica.org/nonprofits/organizations/231500085/201701959349301105/IRS990ScheduleI,full return read (automated row extraction; not individually checked)
Jewish Federation Of Greater Philadelphia,23-1500085,2016,990 Schedule I,3359,Friends of the Israel Defense Forces (13-3156445),GENERAL AND/OR PROGRAM SUPPORT,https://projects.propublica.org/nonprofits/organizations/231500085/201831929349300848/IRS990ScheduleI,full return read (automated row extraction; not individually checked)
Jewish Federation Of Greater Philadelphia,23-1500085,2016,990 Schedule I,5700,Friends of the Israel Defense Forces (13-3156445),GENERAL AND/OR PROGRAM SUPPORT - DONOR ADVISED FUNDS,https://projects.propublica.org/nonprofits/organizations/231500085/201831929349300848/IRS990ScheduleI,full return read (automated row extraction; not individually checked)
Jewish Federation Of Greater Philadelphia,23-1500085,2018,990 Schedule I,3357,Friends of the Israel Defense Forces (13-3156445),GENERAL AND/OR PROGRAM SUPPORT,https://projects.propublica.org/nonprofits/organizations/231500085/202012449349301381/IRS990ScheduleI,full return read (automated row extraction; not individually checked)
Jewish Federation Of Greater Philadelphia,23-1500085,2018,990 Schedule I,18280,Friends of the Israel Defense Forces (13-3156445),GENERAL AND/OR PROGRAM SUPPORT - DONOR ADVISED FUNDS,https://projects.propublica.org/nonprofits/organizations/231500085/202012449349301381/IRS990ScheduleI,full return read (automated row extraction; not individually checked)
Jewish Federation Of Greater Philadelphia,23-1500085,2020,990 Schedule I,3377,Friends of the Israel Defense Forces (13-3156445),GENERAL AND/OR PROGRAM SUPPORT,https://projects.propublica.org/nonprofits/organizations/231500085/202231869349300738/IRS990ScheduleI,full return read (automated row extraction; not individually checked)
Jewish Federation Of Greater Philadelphia,23-1500085,2020,990 Schedule I,4010,Friends of the Israel Defense Forces (13-3156445),GENERAL AND/OR PROGRAM SUPPORT - DONOR ADVISED FUNDS,https://projects.propublica.org/nonprofits/organizations/231500085/202231869349300738/IRS990ScheduleI,full return read (automated row extraction; not individually checked)
Jewish Federation Of Greater Pittsburgh,25-1017602,2018,990 Schedule I,9424,Friends of the Israel Defense Forces (13-3156445),PROGRAM SUPPORT,https://projects.propublica.org/nonprofits/organizations/251017602/202031349349302288/IRS990ScheduleI,full return read (automated row extraction; not individually checked)
Jewish Federation Of Greater Seattle,91-0575950,2014,990 Schedule I,17000,Friends of the Israel Defense Forces (13-3156445),OPERATIONS SUPPORT,https://projects.propublica.org/nonprofits/organizations/910575950/201621339349303212/IRS990ScheduleI,full return read (automated row extraction; not individually checked)
Jewish Federation Of Greater Toledo,34-4428259,2020,990 Schedule I,13800,Friends of the Israel Defense Forces (13-3156445),GRANT,https://projects.propublica.org/nonprofits/organizations/344428259/202133169349307283/IRS990ScheduleI,full return read (automated row extraction; not individually checked)
Jewish Federation Of Greater Toledo,34-4428259,2021,990 Schedule I,24270,Friends of the Israel Defense Forces (13-3156445),N/A GENERAL OPERATING SUPPORT,https://projects.propublica.org/nonprofits/organizations/344428259/202233159349302048/IRS990ScheduleI,full return read (automated row extraction; not individually checked)
Jewish Federation Of Greater Toledo,34-4428259,2021,990 Schedule I,30000,Friends of the Israel Defense Forces (13-3156445),N/A GENERAL OPERATING SUPPORT,https://projects.propublica.org/nonprofits/organizations/344428259/202233159349302048/IRS990ScheduleI,full return read (automated row extraction; not individually checked)
Jewish Federation Of Greater Toledo,34-4428259,2022,990 Schedule I,12000,Friends of the Israel Defense Forces (13-3156445),N/A GENERAL OPERATING SUPPORT,https://projects.propublica.org/nonprofits/organizations/344428259/202312549349301606/IRS990ScheduleI,full return read (automated row extraction; not individually checked)
Jewish Federation Of Greater Toledo,34-4428259,2022,990 Schedule I,35000,Friends of the Israel Defense Forces (13-3156445),N/A GENERAL OPERATING SUPPORT,https://projects.propublica.org/nonprofits/organizations/344428259/202312549349301606/IRS990ScheduleI,full return read (automated row extraction; not individually checked)
Jewish Federation Of Greater Toledo,34-4428259,2023,990 Schedule I,12198,Friends of the Israel Defense Forces (13-3156445),N/A GENERAL OPERATING SUPPORT,https://projects.propublica.org/nonprofits/organizations/344428259/202412989349301601/IRS990ScheduleI,full return read (automated row extraction; not individually checked)
Jewish Federation Of Greater Toledo,34-4428259,2024,990 Schedule I,14000,Friends of the Israel Defense Forces (13-3156445),N/A GENERAL OPERATING SUPPORT,https://projects.propublica.org/nonprofits/organizations/344428259/202503049349302565/IRS990ScheduleI,full return read (automated row extraction; not individually checked)
Jewish Federation Of Metropolitan Chicago,36-2167761,2014,990 Schedule I,1927,Friends of the Israel Defense Forces (13-3156445),Jewish Federation of Metropolitan Chicago Grants - Operating Support,https://projects.propublica.org/nonprofits/organizations/362167761/201621319349300047/IRS990ScheduleI,full return read (automated row extraction; not individually checked)
Jewish Federation Of Metropolitan Chicago,36-2167761,2014,990 Schedule I,389020,Friends of the Israel Defense Forces (13-3156445),Grants from Donor Advised Funds - Operating Support,https://projects.propublica.org/nonprofits/organizations/362167761/201621319349300047/IRS990ScheduleI,full return read (automated row extraction; not individually checked)
Jewish Federation Of Metropolitan Chicago,36-2167761,2015,990 Schedule I,1892,Friends of the Israel Defense Forces (13-3156445),Jewish Federation of Metropolitan Chicago Grants - Operating Support,https://projects.propublica.org/nonprofits/organizations/362167761/201701219349301330/IRS990ScheduleI,full return read (automated row extraction; not individually checked)
Jewish Federation Of Metropolitan Chicago,36-2167761,2015,990 Schedule I,187735,Friends of the Israel Defense Forces (13-3156445),Grants from Donor Advised Funds - Operating Support,https://projects.propublica.org/nonprofits/organizations/362167761/201701219349301330/IRS990ScheduleI,full return read (automated row extraction; not individually checked)
Jewish Federation Of Metropolitan Chicago,36-2167761,2016,990 Schedule I,281693,Friends of the Israel Defense Forces (13-3156445),Grants from Donor Advised Funds - Operating Support,https://projects.propublica.org/nonprofits/organizations/362167761/201831359349305573/IRS990ScheduleI,full return read (automated row extraction; not individually checked)
Jewish Federation Of Metropolitan Chicago,36-2167761,2018,990 Schedule I,144348,Friends of the Israel Defense Forces (13-3156445),Grants from Donor Advised Funds - Operating Support,https://projects.propublica.org/nonprofits/organizations/362167761/202021649349300807/IRS990ScheduleI,full return read (automated row extraction; not individually checked)
Jewish Federation Of Metropolitan Chicago,36-2167761,2020,990 Schedule I,226490,Friends of the Israel Defense Forces (13-3156445),Grants from Donor Advised Funds - Operating Support,https://projects.propublica.org/nonprofits/organizations/362167761/202241349349300409/IRS990ScheduleI,full return read (automated row extraction; not individually checked)
Jewish Federation Of Metropolitan Chicago,36-2167761,2021,990 Schedule I,368550,Friends of the Israel Defense Forces (13-3156445),Grants from Donor Advised Funds - Operating Support,https://projects.propublica.org/nonprofits/organizations/362167761/202321329349306107/IRS990ScheduleI,full return read (automated row extraction; not individually checked)
Jewish Federation Of Metropolitan Detroit,38-1359214,2017,990 Schedule I,16000,Friends of the Israel Defense Forces (13-3156445),TO SUPPORT ISRAEL,https://projects.propublica.org/nonprofits/organizations/381359214/201842849349301564/IRS990ScheduleI,full return read (automated row extraction; not individually checked)
Jewish Federation Of Metropolitan Detroit,38-1359214,2023,990 Schedule I,16150,Friends of the Israel Defense Forces (13-3156445),TO SUPPORT ISRAEL DEFENSE FORCES,https://projects.propublica.org/nonprofits/organizations/381359214/202413309349301351/IRS990ScheduleI,full return read (automated row extraction; not individually checked)
Jewish Federation Of Nashville & Middle Tennessee,62-6077703,2024,990 Schedule I,15500,Friends of the Israel Defense Forces (13-3156445),GENERAL PROGRAM SUPPORT,https://projects.propublica.org/nonprofits/organizations/626077703/202503219349314305/IRS990ScheduleI,full return read (automated row extraction; not individually checked)
Jewish Federation Of Northern New Jersey Inc,20-1195592,2019,990 Schedule I,19300,Friends of the Israel Defense Forces (13-3156445),N/A GENERAL SUPPORT,https://projects.propublica.org/nonprofits/organizations/201195592/202141319349302349/IRS990ScheduleI,full return read (automated row extraction; not individually checked)
Jewish Federation Of Northern New Jersey Inc,20-1195592,2020,990 Schedule I,13450,Friends of the Israel Defense Forces (13-3156445),N/A GENERAL SUPPORT,https://projects.propublica.org/nonprofits/organizations/201195592/202201379349301515/IRS990ScheduleI,full return read (automated row extraction; not individually checked)
Jewish Federation Of Northern New Jersey Inc,20-1195592,2022,990 Schedule I,7800,Friends of the Israel Defense Forces (13-3156445),General,https://projects.propublica.org/nonprofits/organizations/201195592/202421369349316172/IRS990ScheduleI,full return read (automated row extraction; not individually checked)
Jewish Federation Of Northern New Jersey Inc,20-1195592,2023,990 Schedule I,91365,Friends of the Israel Defense Forces (13-3156445),GENERAL,https://projects.propublica.org/nonprofits/organizations/201195592/202501359349316805/IRS990ScheduleI,full return read (automated row extraction; not individually checked)
Jewish Federation Of Northern New Jersey Inc,20-1195592,2024,990 Schedule I,56210,Friends of the Israel Defense Forces (13-3156445),GENERAL,https://projects.propublica.org/nonprofits/organizations/201195592/202611359349315271/IRS990ScheduleI,full return read (automated row extraction; not individually checked)
Jewish Federation Of Palm Beach County Inc,59-0948696,2015,990 Schedule I,79680,Friends of the Israel Defense Forces (13-3156445),GENERAL SUPPORT TO CARRY OUT THE MISSION OF THE ORGANIZATION.,https://projects.propublica.org/nonprofits/organizations/590948696/201741319349304854/IRS990ScheduleI,full return read (automated row extraction; not individually checked)
Jewish Federation Of Palm Beach County Inc,59-0948696,2016,990 Schedule I,5200,Friends of the Israel Defense Forces (13-3156445),GENERAL SUPPORT TO CARRY OUT THE MISSION OF THE ORGANIZATION.,https://projects.propublica.org/nonprofits/organizations/590948696/201801299349301225/IRS990ScheduleI,full return read (automated row extraction; not individually checked)
Jewish Federation Of Palm Beach County Inc,59-0948696,2022,990 Schedule I,63380,Friends of the Israel Defense Forces (13-3156445),GENERAL SUPPORT,https://projects.propublica.org/nonprofits/organizations/590948696/202421019349301327/IRS990ScheduleI,full return read (automated row extraction; not individually checked)
Jewish Foundation Of Memphis,62-1618399,2014,990 Schedule I,7150,Friends of the Israel Defense Forces (13-3156445),TO PROVIDE FUNDS TO ORGANIZATIONS TO CARRY OUT THEIR EXEMPT PURPOSE.,https://projects.propublica.org/nonprofits/organizations/621618399/201513179349303256/IRS990ScheduleI,full return read (automated row extraction; not individually checked)
Jewish Foundation Of Memphis,62-1618399,2023,990 Schedule I,23909,Friends of the Israel Defense Forces (13-3156445),FOR EXEMPT PURPOSE,https://projects.propublica.org/nonprofits/organizations/621618399/202521359349316557/IRS990ScheduleI,full return read (automated row extraction; not individually checked)
Jewish National Fund -keren Kayemeth Leisrael- Inc,13-1659627,2021,990 Schedule I,16250,Friends of the Israel Defense Forces (13-3156445),,https://projects.propublica.org/nonprofits/organizations/131659627/202311539349300216/IRS990ScheduleI,full return read (automated row extraction; not individually checked)
Jewish National Fund -keren Kayemeth Leisrael- Inc,13-1659627,2022,990 Schedule I,25000,Friends of the Israel Defense Forces (13-3156445),,https://projects.propublica.org/nonprofits/organizations/131659627/202401919349300515/IRS990ScheduleI,full return read (automated row extraction; not individually checked)
Jewish National Fund -keren Kayemeth Leisrael- Inc,13-1659627,2023,990 Schedule I,189700,Friends of the Israel Defense Forces (13-3156445),,https://projects.propublica.org/nonprofits/organizations/131659627/202541609349301114/IRS990ScheduleI,full return read (automated row extraction; not individually checked)
Jewish National Fund -keren Kayemeth Leisrael- Inc,13-1659627,2024,990 Schedule I,35000,Friends of the Israel Defense Forces (13-3156445),GENERAL SUPPORT,https://projects.propublica.org/nonprofits/organizations/131659627/202611599349301111/IRS990ScheduleI,full return read (automated row extraction; not individually checked)
Jewish United Fund Of Metropolitan Chicago,36-2167034,2023,990 Schedule I,351172,Friends of the Israel Defense Forces (13-3156445),GENERAL OPERATIONS,https://projects.propublica.org/nonprofits/organizations/362167034/202521299349302017/IRS990ScheduleI,full return read (automated row extraction; not individually checked)
Jewish United Fund Of Metropolitan Chicago,36-2167034,2024,990 Schedule I,65000,Friends of the Israel Defense Forces (13-3156445),General Operations,https://projects.propublica.org/nonprofits/organizations/362167034/202611349349312126/IRS990ScheduleI,full return read (automated row extraction; not individually checked)
Jewishcolorado,01-0831698,2015,990 Schedule I,12067,Friends of the Israel Defense Forces (13-3156445),GENERAL SUPPORT,https://projects.propublica.org/nonprofits/organizations/10831698/201721329349305747/IRS990ScheduleI,full return read (automated row extraction; not individually checked)
Jewishcolorado,01-0831698,2016,990 Schedule I,12600,Friends of the Israel Defense Forces (13-3156445),GENERAL SUPPORT,https://projects.propublica.org/nonprofits/organizations/10831698/201810589349301031/IRS990ScheduleI,full return read (automated row extraction; not individually checked)
Jewishcolorado,01-0831698,2023,990 Schedule I,34000,Friends of the Israel Defense Forces (13-3156445),General Operating Support,https://projects.propublica.org/nonprofits/organizations/10831698/202530539349300308/IRS990ScheduleI,full return read (automated row extraction; not individually checked)
Jewishcolorado,01-0831698,2024,990 Schedule I,12980,Friends of the Israel Defense Forces (13-3156445),General Operating Support,https://projects.propublica.org/nonprofits/organizations/10831698/202610549349300821/IRS990ScheduleI,full return read (automated row extraction; not individually checked)
Jim And Leah Sohr Family Foundation,35-6810134,2023,990-PF XV 3a paid,10000,Friends of the Israel Defense Forces (13-3156445),UNRESTRICTED GIFT,https://projects.propublica.org/nonprofits/organizations/356810134/202433189349102108/IRS990PF,full return read (automated row extraction; not individually checked)
Jim And Leah Sohr Family Foundation,35-6810134,2024,990-PF XV 3a paid,5000,Friends of the Israel Defense Forces (13-3156445),UNRESTRICTED GIFT,https://projects.propublica.org/nonprofits/organizations/356810134/202541419349101219/IRS990PF,full return read (automated row extraction; not individually checked)
Jim And Mimi Weinstein Foundation,27-4140781,2023,990-PF XV 3a paid,25000,Friends of the Israel Defense Forces (13-3156445),GENERAL SUPPORT,https://projects.propublica.org/nonprofits/organizations/274140781/202413169349101466/IRS990PF,full return read (automated row extraction; not individually checked)
Jjcj Foundation Inc,20-0482157,2023,990-PF XV 3a paid,2000,Friends of the Israel Defense Forces (13-3156445),GENERAL PURPOSE,https://projects.propublica.org/nonprofits/organizations/200482157/202401299349102680/IRS990PF,full return read (automated row extraction; not individually checked)
Joan And Mark Boyar Foundation Inc,11-3410278,2022,990-PF XV 3a paid,2500,Friends of the Israel Defense Forces (13-3156445),For General Fund of the organization,https://projects.propublica.org/nonprofits/organizations/113410278/202412129349100301/IRS990PF,full return read (automated row extraction; not individually checked)
Joan And Mark Boyar Foundation Inc,11-3410278,2023,990-PF XV 3a paid,4500,Friends of the Israel Defense Forces (13-3156445),general fund,https://projects.propublica.org/nonprofits/organizations/113410278/202500889349100500/IRS990PF,full return read (automated row extraction; not individually checked)
Joan And Richard Katz Family Foundation,95-2393891,2013,990-PF XV 3a paid,200,Friends of the Israel Defense Forces (13-3156445),CORPORATION CHARITABLE,https://projects.propublica.org/nonprofits/organizations/952393891/201443219349101039/IRS990PF,full return read (automated row extraction; not individually checked)
Joan S And Leon Meyers Foundation,46-1262258,2023,990-PF XV 3a paid,1800,Friends of the Israel Defense Forces (13-3156445),EXEMPT CHARITABLEDONATION,https://projects.propublica.org/nonprofits/organizations/461262258/202500279349100010/IRS990PF,full return read (automated row extraction; not individually checked)
Joanne B Simches Charitable Foundation,04-3110677,2023,990-PF XV 3a paid,25000,Friends of the Israel Defense Forces (13-3156445),NOT RELATED 501(C)(3) EMERGENCY CAMPAIGN,https://projects.propublica.org/nonprofits/organizations/43110677/202430669349100903/IRS990PF,full return read (automated row extraction; not individually checked)
John Pritzker Family Fund,30-0039815,2019,990-PF XV 3a paid,2500,Friends of the Israel Defense Forces (13-3156445),In Honor of David Farahi,https://projects.propublica.org/nonprofits/organizations/300039815/202023189349103522/IRS990PF,full return read (automated row extraction; not individually checked)
John Weil Uhlmann Family Philanthropic Foundation,43-1113857,2024,990-PF XV 3a paid,15000,Friends of the Israel Defense Forces (13-3156445),"EDUCATIONAL, CULTURAL, & OTHER ORGANIZATIONS",https://projects.propublica.org/nonprofits/organizations/431113857/202601319349103065/IRS990PF,full return read (automated row extraction; not individually checked)
Jonathon D Fischer Usa Foundation,47-1188621,2017,990-PF XV 3a paid,500,Friends of the Israel Defense Forces (13-3156445),"DEDICATED TO ISRAEL DEFENSE FORCES, WOUNDED VETERANS, AND FAMILIES OF FALLEN SOLDIERS.",https://projects.propublica.org/nonprofits/organizations/471188621/201813189349102716/IRS990PF,full return read (automated row extraction; not individually checked)
Jordon And Lesli Ross Charitablefoundation,20-5899657,2023,990-PF XV 3a paid,1500,Friends of the Israel Defense Forces (13-3156445),CHARITABLE,https://projects.propublica.org/nonprofits/organizations/205899657/202441789349100704/IRS990PF,full return read (automated row extraction; not individually checked)
Joseph & Arlene Taub Foundation,22-6104545,2022,990-PF XV 3a paid,14000,Friends of the Israel Defense Forces (13-3156445),UNRESTRICTED GRANT TO SUPPORT THE ORGANIZATION'S EXEMPT PURPOSE.,https://projects.propublica.org/nonprofits/organizations/226104545/202331589349100803/IRS990PF,full return read (automated row extraction; not individually checked)
Joseph & Arlene Taub Foundation,22-6104545,2023,990-PF XV 3a paid,5000,Friends of the Israel Defense Forces (13-3156445),UNRESTRICTED GRANT TO SUPPORT THE ORGANIZATION'S EXEMPT PURPOSE.,https://projects.propublica.org/nonprofits/organizations/226104545/202411839349100406/IRS990PF,full return read (automated row extraction; not individually checked)
Joseph & Florence Mandel Family Foundation - Weinberg Family Fund,83-0987549,2021,990-PF XV 3a paid,15066,Friends of the Israel Defense Forces (13-3156445),General,https://projects.propublica.org/nonprofits/organizations/830987549/202243189349105519/IRS990PF,full return read (automated row extraction; not individually checked)
Joseph & Florence Mandel Family Foundation - Weinberg Family Fund,83-0987549,2021,990-PF XV 3b approved future,4000,Friends of the Israel Defense Forces (13-3156445),General,https://projects.propublica.org/nonprofits/organizations/830987549/202243189349105519/IRS990PF,full return read (automated row extraction; not individually checked)
Joseph & Florence Mandel Family Foundation - Weinberg Family Fund,83-0987549,2022,990-PF XV 3a paid,20000,Friends of the Israel Defense Forces (13-3156445),PAID GENERAL,https://projects.propublica.org/nonprofits/organizations/830987549/202323149349100722/IRS990PF,full return read (automated row extraction; not individually checked)
Joseph & Florence Mandel Family Foundation - Weinberg Family Fund,83-0987549,2022,990-PF XV 3a paid,4000,Friends of the Israel Defense Forces (13-3156445),PAID GENERAL,https://projects.propublica.org/nonprofits/organizations/830987549/202323149349100722/IRS990PF,full return read (automated row extraction; not individually checked)
Joseph & Florence Mandel Family Foundation - Weinberg Family Fund,83-0987549,2023,990-PF XV 3a paid,25000,Friends of the Israel Defense Forces (13-3156445),PAID GENERAL,https://projects.propublica.org/nonprofits/organizations/830987549/202433129349100038/IRS990PF,full return read (automated row extraction; not individually checked)
Joseph & Florence Mandel Family Foundation - Weinberg Family Fund,83-0987549,2023,990-PF XV 3a paid,3333,Friends of the Israel Defense Forces (13-3156445),PAID GENERAL,https://projects.propublica.org/nonprofits/organizations/830987549/202433129349100038/IRS990PF,full return read (automated row extraction; not individually checked)
Joseph & Florence Mandel Family Foundation - Weinberg Family Fund,83-0987549,2023,990-PF XV 3a paid,1800,Friends of the Israel Defense Forces (13-3156445),PAID GENERAL,https://projects.propublica.org/nonprofits/organizations/830987549/202433129349100038/IRS990PF,full return read (automated row extraction; not individually checked)
Joseph & Florence Mandel Family Foundation - Weinberg Family Fund,83-0987549,2023,990-PF XV 3a paid,3340,Friends of the Israel Defense Forces (13-3156445),PAID GENERAL,https://projects.propublica.org/nonprofits/organizations/830987549/202433129349100038/IRS990PF,full return read (automated row extraction; not individually checked)
Joseph & Florence Mandel Family Foundation - Weinberg Family Fund,83-0987549,2024,990-PF XV 3a paid,15000,Friends of the Israel Defense Forces (13-3156445),PAID Project/Designated Support,https://projects.propublica.org/nonprofits/organizations/830987549/202503169349100140/IRS990PF,full return read (automated row extraction; not individually checked)
Joseph And Helen Komarek Foundation,36-4294704,2021,990-PF XV 3a paid,5000,Friends of the Israel Defense Forces (13-3156445),CARE FOR THOSE THAT PROTECT ISRAEL,https://projects.propublica.org/nonprofits/organizations/364294704/202310569349100201/IRS990PF,full return read (automated row extraction; not individually checked)
Joseph And Rae Gann Charitable Foundation,65-6043241,2021,990-PF XV 3a paid,5000,Friends of the Israel Defense Forces (13-3156445),GENERAL,https://projects.propublica.org/nonprofits/organizations/656043241/202241339349100214/IRS990PF,full return read (automated row extraction; not individually checked)
Joseph And Sherry Felson Family Foundation,56-2620699,2014,990 Schedule I,5000,Friends of the Israel Defense Forces (13-3156445),GENERAL PURPOSES,https://projects.propublica.org/nonprofits/organizations/562620699/201621349349307537/IRS990ScheduleI,full return read (automated row extraction; not individually checked)
Joseph F Stein Family Foundation Inc,13-4144648,2023,990-PF XV 3a paid,50000,Friends of the Israel Defense Forces (13-3156445),GENERAL SUPPORT,https://projects.propublica.org/nonprofits/organizations/134144648/202441769349100419/IRS990PF,full return read (automated row extraction; not individually checked)
Joseph F Stein Family Foundation Inc,13-4144648,2024,990-PF XV 3a paid,25000,Friends of the Israel Defense Forces (13-3156445),GENERAL SUPPORT,https://projects.propublica.org/nonprofits/organizations/134144648/202531689349100323/IRS990PF,full return read (automated row extraction; not individually checked)
Joseph H Feldman Family Foundation Inc,27-3448988,2020,990-PF XV 3a paid,500,Friends of the Israel Defense Forces (13-3156445),UNRESTRICTED GRANT FOR THE ORGANIZATION'S EXMEPT PURPOSE.,https://projects.propublica.org/nonprofits/organizations/273448988/202203189349104835/IRS990PF,full return read (automated row extraction; not individually checked)
Joseph H Feldman Family Foundation Inc,27-3448988,2021,990-PF XV 3a paid,500,Friends of the Israel Defense Forces (13-3156445),UNRESTRICTED GRANT FOR THE ORGANIZATION'S EXMEPT PURPOSE.,https://projects.propublica.org/nonprofits/organizations/273448988/202203189349104730/IRS990PF,full return read (automated row extraction; not individually checked)
Joseph H Feldman Family Foundation Inc,27-3448988,2022,990-PF XV 3a paid,680,Friends of the Israel Defense Forces (13-3156445),UNRESTRICTED GRANT FOR THE ORGANIZATION'S EXMEPT PURPOSE.,https://projects.propublica.org/nonprofits/organizations/273448988/202331029349100808/IRS990PF,full return read (automated row extraction; not individually checked)
Joseph H Feldman Family Foundation Inc,27-3448988,2024,990-PF XV 3a paid,2000,Friends of the Israel Defense Forces (13-3156445),UNRESTRICTED GRANT FOR THE ORGANIZATION'S EXEMPT PURPOSE.,https://projects.propublica.org/nonprofits/organizations/273448988/202531339349103473/IRS990PF,full return read (automated row extraction; not individually checked)
Joseph H Kanter Family Foundation,31-1595996,2023,990-PF XV 3a paid,14000,Friends of the Israel Defense Forces (13-3156445),GENERAL,https://projects.propublica.org/nonprofits/organizations/311595996/202403049349100145/IRS990PF,full return read (automated row extraction; not individually checked)
Joseph H Kanter Family Foundation,31-1595996,2024,990-PF XV 3a paid,7500,Friends of the Israel Defense Forces (13-3156445),GENERAL,https://projects.propublica.org/nonprofits/organizations/311595996/202532839349100808/IRS990PF,full return read (automated row extraction; not individually checked)
Joseph Hara Charitable Trust,36-6402670,2013,990-PF XV 3a paid,1000,Friends of the Israel Defense Forces (13-3156445),"CHARITABLE PURPOSES, PROVIDES SOLDIERS WITH FACILITIES AND PROGRAMS TO BOOST MORALE",https://projects.propublica.org/nonprofits/organizations/366402670/201511899349100406/IRS990PF,full return read (automated row extraction; not individually checked)
Joseph Hara Charitable Trust,36-6402670,2014,990-PF XV 3a paid,5000,Friends of the Israel Defense Forces (13-3156445),"CHARITABLE PURPOSES, PROVIDES SOLDIERS WITH FACILITIES AND PROGRAMS TO BOOST MORALE",https://projects.propublica.org/nonprofits/organizations/366402670/201642429349100459/IRS990PF,full return read (automated row extraction; not individually checked)
Joseph M Siegman Family Foundation,36-3668809,2015,990-PF XV 3a paid,15500,Friends of the Israel Defense Forces (13-3156445),UNRESTRICTED FUNDS TO QUALIFIED CHARITIES,https://projects.propublica.org/nonprofits/organizations/363668809/201612319349100806/IRS990PF,full return read (automated row extraction; not individually checked)
Joseph M Siegman Family Foundation,36-3668809,2016,990-PF XV 3a paid,16420,Friends of the Israel Defense Forces (13-3156445),UNRESTRICTED FUNDS TO QUALIFIED CHARITIES,https://projects.propublica.org/nonprofits/organizations/363668809/201742349349100204/IRS990PF,full return read (automated row extraction; not individually checked)
Joseph M Siegman Family Foundation,36-3668809,2021,990-PF XV 3a paid,4000,Friends of the Israel Defense Forces (13-3156445),UNRESTRICTED FUNDS TO QUALIFIED CHARITIES,https://projects.propublica.org/nonprofits/organizations/363668809/202233419349100613/IRS990PF,full return read (automated row extraction; not individually checked)
Josh & Deena Bernstein Foundation,20-1824284,2014,990-PF XV 3a paid,500,Friends of the Israel Defense Forces (13-3156445),OTHER PUBLIC CHARITY UNRESTRICTED CHARITABLE GRANT,https://projects.propublica.org/nonprofits/organizations/201824284/201543209349103284/IRS990PF,full return read (automated row extraction; not individually checked)
Josh & Deena Bernstein Foundation,20-1824284,2020,990-PF XV 3a paid,500,Friends of the Israel Defense Forces (13-3156445),OTHER PUBLIC CHARITY UNRESTRICTED CHARITABLE GRANT,https://projects.propublica.org/nonprofits/organizations/201824284/202230459349100013/IRS990PF,full return read (automated row extraction; not individually checked)
Joshua D Flagg Family Foundation,81-0864298,2018,990-PF XV 3a paid,110000,Friends of the Israel Defense Forces (13-3156445),CHARITABLE,https://projects.propublica.org/nonprofits/organizations/810864298/201921339349102127/IRS990PF,full return read (automated row extraction; not individually checked)
Joshua D Flagg Family Foundation,81-0864298,2019,990-PF XV 3a paid,15000,Friends of the Israel Defense Forces (13-3156445),CHARITABLE,https://projects.propublica.org/nonprofits/organizations/810864298/202003079349100420/IRS990PF,full return read (automated row extraction; not individually checked)
Joshua Rosenthal Charitable Trust,81-4661049,2019,990-PF XV 3a paid,10000,Friends of the Israel Defense Forces (13-3156445),GENERAL OPERATIONS,https://projects.propublica.org/nonprofits/organizations/814661049/202003179349100705/IRS990PF,full return read (automated row extraction; not individually checked)
Joshua Rosenthal Charitable Trust,81-4661049,2020,990-PF XV 3a paid,10000,Friends of the Israel Defense Forces (13-3156445),GENERAL OPERATIONS,https://projects.propublica.org/nonprofits/organizations/814661049/202103199349100015/IRS990PF,full return read (automated row extraction; not individually checked)
Joyce & Irving Goldman Family Foundation Inc,13-3216152,2019,990-PF XV 3a paid,18000,Friends of the Israel Defense Forces (13-3156445),EVENT SUPPORT,https://projects.propublica.org/nonprofits/organizations/133216152/202023159349101577/IRS990PF,full return read (automated row extraction; not individually checked)
Joyce & Irving Goldman Family Foundation Inc,13-3216152,2022,990-PF XV 3a paid,18000,Friends of the Israel Defense Forces (13-3156445),GENERAL OPERATING SUPPORT,https://projects.propublica.org/nonprofits/organizations/133216152/202343179349104174/IRS990PF,full return read (automated row extraction; not individually checked)
Joyce & Irving Goldman Family Foundation Inc,13-3216152,2023,990-PF XV 3a paid,57000,Friends of the Israel Defense Forces (13-3156445),PROJECT SUPPORT FOR THE HAMAS-ISRAEL WAR EMERGENCY CAMPAIGN,https://projects.propublica.org/nonprofits/organizations/133216152/202403199349102970/IRS990PF,full return read (automated row extraction; not individually checked)
Joyce And Ramie Tritt Family Fdn,58-2500822,2015,990-PF XV 3a paid,4100,Friends of the Israel Defense Forces (13-3156445),UNRESTRICTED,https://projects.propublica.org/nonprofits/organizations/582500822/201642159349100114/IRS990PF,full return read (automated row extraction; not individually checked)
Joyce And Ramie Tritt Family Fdn,58-2500822,2016,990-PF XV 3a paid,6000,Friends of the Israel Defense Forces (13-3156445),UNRESTRICTED,https://projects.propublica.org/nonprofits/organizations/582500822/201742629349100304/IRS990PF,full return read (automated row extraction; not individually checked)
Joyce And Ramie Tritt Family Fdn,58-2500822,2017,990-PF XV 3a paid,1000,Friends of the Israel Defense Forces (13-3156445),UNRESTRICTED,https://projects.propublica.org/nonprofits/organizations/582500822/201823199349102812/IRS990PF,full return read (automated row extraction; not individually checked)
Joyce And Ramie Tritt Family Fdn,58-2500822,2018,990-PF XV 3a paid,5100,Friends of the Israel Defense Forces (13-3156445),UNRESTRICTED,https://projects.propublica.org/nonprofits/organizations/582500822/201943189349101684/IRS990PF,full return read (automated row extraction; not individually checked)
Jpmorgan Chase Foundation,23-7049738,2015,990-PF XV 3a paid,2528,Friends of the Israel Defense Forces (13-3156445),CHARITABLE PROGRAM ACTIVITIES SUPPORT,https://projects.propublica.org/nonprofits/organizations/237049738/201643009349100009/IRS990PF,full return read (automated row extraction; not individually checked)
Jpmorgan Chase Foundation,23-7049738,2016,990-PF XV 3a paid,15958,Friends of the Israel Defense Forces (13-3156445),GENERAL OPERATING SUPPORT,https://projects.propublica.org/nonprofits/organizations/237049738/201732979349100003/IRS990PF,full return read (automated row extraction; not individually checked)
Jpmorgan Chase Foundation,23-7049738,2017,990-PF XV 3a paid,11256,Friends of the Israel Defense Forces (13-3156445),GENERAL OPERATING SUPPORT,https://projects.propublica.org/nonprofits/organizations/237049738/201832569349100308/IRS990PF,full return read (automated row extraction; not individually checked)
Jpmorgan Chase Foundation,23-7049738,2019,990-PF XV 3a paid,8543,Friends of the Israel Defense Forces (13-3156445),GENERAL OPERATING SUPPORT,https://projects.propublica.org/nonprofits/organizations/237049738/202022549349100217/IRS990PF,full return read (automated row extraction; not individually checked)
Jpmorgan Chase Foundation,23-7049738,2021,990-PF XV 3a paid,4394,Friends of the Israel Defense Forces (13-3156445),GENERAL OPERATING SUPPORT,https://projects.propublica.org/nonprofits/organizations/237049738/202232809349100618/IRS990PF,full return read (automated row extraction; not individually checked)
Jr And Katie Berger Family Foundation,85-1393990,2023,990-PF XV 3a paid,11500,Friends of the Israel Defense Forces (13-3156445),EXEMPT PURPOSE OF ORGANIZATION,https://projects.propublica.org/nonprofits/organizations/851393990/202412009349100826/IRS990PF,full return read (automated row extraction; not individually checked)
Jrm Family Foundation,36-4216229,2013,990-PF XV 3a paid,200,Friends of the Israel Defense Forces (13-3156445),CHARITABLE,https://projects.propublica.org/nonprofits/organizations/364216229/201402559349100615/IRS990PF,full return read (automated row extraction; not individually checked)
Jrm Family Foundation,36-4216229,2015,990-PF XV 3a paid,8000,Friends of the Israel Defense Forces (13-3156445),CHARITABLE,https://projects.propublica.org/nonprofits/organizations/364216229/201641669349100124/IRS990PF,full return read (automated row extraction; not individually checked)
Jrm Family Foundation,36-4216229,2016,990-PF XV 3a paid,16000,Friends of the Israel Defense Forces (13-3156445),CHARITABLE,https://projects.propublica.org/nonprofits/organizations/364216229/201731779349100263/IRS990PF,full return read (automated row extraction; not individually checked)
Judith And Donald Bechler Foundation Inc,11-3430161,2013,990-PF XV 3a paid,500,Friends of the Israel Defense Forces (13-3156445),UNRESTRICTED,https://projects.propublica.org/nonprofits/organizations/113430161/201441339349102009/IRS990PF,full return read (automated row extraction; not individually checked)
Judith And Donald Bechler Foundation Inc,11-3430161,2014,990-PF XV 3a paid,3600,Friends of the Israel Defense Forces (13-3156445),UNRESTRICTED,https://projects.propublica.org/nonprofits/organizations/113430161/201532249349100348/IRS990PF,full return read (automated row extraction; not individually checked)
Judith And Donald Bechler Foundation Inc,11-3430161,2016,990-PF XV 3a paid,1000,Friends of the Israel Defense Forces (13-3156445),UNRESTRICTED,https://projects.propublica.org/nonprofits/organizations/113430161/201701319349102295/IRS990PF,full return read (automated row extraction; not individually checked)
Judith And Donald Bechler Foundation Inc,11-3430161,2017,990-PF XV 3a paid,360,Friends of the Israel Defense Forces (13-3156445),UNRESTRICTED,https://projects.propublica.org/nonprofits/organizations/113430161/201841309349102059/IRS990PF,full return read (automated row extraction; not individually checked)
Judith And Donald Bechler Foundation Inc,11-3430161,2018,990-PF XV 3a paid,3600,Friends of the Israel Defense Forces (13-3156445),UNRESTRICTED,https://projects.propublica.org/nonprofits/organizations/113430161/201931309349100028/IRS990PF,full return read (automated row extraction; not individually checked)
Judith And Donald Bechler Foundation Inc,11-3430161,2019,990-PF XV 3a paid,3600,Friends of the Israel Defense Forces (13-3156445),UNRESTRICTED,https://projects.propublica.org/nonprofits/organizations/113430161/202031889349101208/IRS990PF,full return read (automated row extraction; not individually checked)
Judith And Paul Hochhauser Foundation Inc,11-3014573,2023,990-PF XV 3a paid,2000,Friends of the Israel Defense Forces (13-3156445),SEE STATEMENT A,https://projects.propublica.org/nonprofits/organizations/113014573/202431369349101838/IRS990PF,full return read (automated row extraction; not individually checked)
Judith Chase Foundation,13-6903968,2022,990-PF XV 3a paid,500,Friends of the Israel Defense Forces (13-3156445),EXEMPT ORGANIZATION'S,https://projects.propublica.org/nonprofits/organizations/136903968/202420459349100722/IRS990PF,full return read (automated row extraction; not individually checked)
Judith Chase Foundation,13-6903968,2023,990-PF XV 3a paid,1330,Friends of the Israel Defense Forces (13-3156445),EXEMPT ORGANIZATION'S,https://projects.propublica.org/nonprofits/organizations/136903968/202520159349100462/IRS990PF,full return read (automated row extraction; not individually checked)
Julie & Marty Belz Charitable Foundation,62-1713829,2023,990-PF XV 3a paid,3,Friends of the Israel Defense Forces (13-3156445),501(c),https://projects.propublica.org/nonprofits/organizations/621713829/202441349349101804/IRS990PF,full return read (automated row extraction; not individually checked)
Julie And Martin Franklin Family Foundation Inc,81-3940545,2022,990-PF XV 3a paid,3600,Friends of the Israel Defense Forces (13-3156445),GENERAL CHARITABLE,https://projects.propublica.org/nonprofits/organizations/813940545/202313129349100831/IRS990PF,full return read (automated row extraction; not individually checked)
Julie And Martin Franklin Family Foundation Inc,81-3940545,2023,990-PF XV 3a paid,150000,Friends of the Israel Defense Forces (13-3156445),GENERAL CHARITABLE,https://projects.propublica.org/nonprofits/organizations/813940545/202432829349100508/IRS990PF,full return read (automated row extraction; not individually checked)
Julie And Ray Craemer Family Foundation,33-0885418,2023,990-PF XV 3a paid,8000,Friends of the Israel Defense Forces (13-3156445),EDUCATIONAL,https://projects.propublica.org/nonprofits/organizations/330885418/202432049349100553/IRS990PF,full return read (automated row extraction; not individually checked)
Julie And Ray Craemer Family Foundation,33-0885418,2024,990-PF XV 3a paid,5000,Friends of the Israel Defense Forces (13-3156445),EDUCATIONAL,https://projects.propublica.org/nonprofits/organizations/330885418/202533099349101703/IRS990PF,full return read (automated row extraction; not individually checked)
Julius And Ray Charlestein Foundation Inc,23-2310090,2020,990-PF XV 3a paid,1500,Friends of the Israel Defense Forces (13-3156445),UNRELATED 3RD PARTY PC TO SUPPORT JEWISH FAITH & COMMUNITY,https://projects.propublica.org/nonprofits/organizations/232310090/202231459349100808/IRS990PF,full return read (automated row extraction; not individually checked)
Julius Fam Foundation,20-6387243,2013,990-PF XV 3a paid,2000,Friends of the Israel Defense Forces (13-3156445),GENERAL FUND,https://projects.propublica.org/nonprofits/organizations/206387243/201422379349100062/IRS990PF,full return read (automated row extraction; not individually checked)
Julius Fam Foundation,20-6387243,2014,990-PF XV 3a paid,3600,Friends of the Israel Defense Forces (13-3156445),CHARITABLE CONTRIBUTION,https://projects.propublica.org/nonprofits/organizations/206387243/201511339349100246/IRS990PF,full return read (automated row extraction; not individually checked)
Julius Fam Foundation,20-6387243,2016,990-PF XV 3a paid,3600,Friends of the Israel Defense Forces (13-3156445),FOR MISSION SUPPORT,https://projects.propublica.org/nonprofits/organizations/206387243/201720619349100207/IRS990PF,full return read (automated row extraction; not individually checked)
June Baumgardner Gelbart Foundation,65-6390197,2021,990-PF XV 3a paid,2000,Friends of the Israel Defense Forces (13-3156445),GENERAL SUPPORT,https://projects.propublica.org/nonprofits/organizations/656390197/202241229349100049/IRS990PF,full return read (automated row extraction; not individually checked)
Justin & Genevieve Wyner Trust,04-6088114,2013,990-PF XV 3a paid,50,Friends of the Israel Defense Forces (13-3156445),COMMUNITY & CHARITABLE,https://projects.propublica.org/nonprofits/organizations/46088114/201430579349100103/IRS990PF,full return read (automated row extraction; not individually checked)
Justin & Genevieve Wyner Trust,04-6088114,2015,990-PF XV 3a paid,50,Friends of the Israel Defense Forces (13-3156445),COMMUNITY & CHARITABLE,https://projects.propublica.org/nonprofits/organizations/46088114/201643199349101014/IRS990PF,full return read (automated row extraction; not individually checked)
Justin & Genevieve Wyner Trust,04-6088114,2019,990-PF XV 3a paid,50,Friends of the Israel Defense Forces (13-3156445),COMMUNITY & CHARITABLE,https://projects.propublica.org/nonprofits/organizations/46088114/202021979349101337/IRS990PF,full return read (automated row extraction; not individually checked)
Justin & Genevieve Wyner Trust,04-6088114,2020,990-PF XV 3a paid,50,Friends of the Israel Defense Forces (13-3156445),COMMUNITY & CHARITABLE,https://projects.propublica.org/nonprofits/organizations/46088114/202143199349101934/IRS990PF,full return read (automated row extraction; not individually checked)
Justin & Genevieve Wyner Trust,04-6088114,2021,990-PF XV 3a paid,50,Friends of the Israel Defense Forces (13-3156445),COMMUNITY & CHARITABLE,https://projects.propublica.org/nonprofits/organizations/46088114/202203199349106550/IRS990PF,full return read (automated row extraction; not individually checked)
Justin & Genevieve Wyner Trust,04-6088114,2022,990-PF XV 3a paid,50,Friends of the Israel Defense Forces (13-3156445),COMMUNITY & CHARITABLE,https://projects.propublica.org/nonprofits/organizations/46088114/202331949349100708/IRS990PF,full return read (automated row extraction; not individually checked)
Kahan Family Foundation,45-3305163,2016,990-PF XV 3a paid,1800,Friends of the Israel Defense Forces (13-3156445),CHARITABLE ORGANIZAT GENERAL,https://projects.propublica.org/nonprofits/organizations/453305163/201713199349101636/IRS990PF,full return read (automated row extraction; not individually checked)
Kahan Family Foundation,45-3305163,2016,990-PF XV 3a paid,180,Friends of the Israel Defense Forces (13-3156445),CHARITABLE ORGANIZAT GENERAL,https://projects.propublica.org/nonprofits/organizations/453305163/201713199349101636/IRS990PF,full return read (automated row extraction; not individually checked)
Kalt Family Foundation,01-0852305,2016,990-PF XV 3a paid,4600,Friends of the Israel Defense Forces (13-3156445),GENERAL PURPOSE,https://projects.propublica.org/nonprofits/organizations/10852305/201741359349102329/IRS990PF,full return read (automated row extraction; not individually checked)
Karen And Jason Sussman Family Foundation,27-3586426,2013,990-PF XV 3a paid,540,Friends of the Israel Defense Forces (13-3156445),TO ENHANCE THE PURPOSE OF THE ORGANIZATION,https://projects.propublica.org/nonprofits/organizations/273586426/201412269349101011/IRS990PF,full return read (automated row extraction; not individually checked)
Karen And Jason Sussman Family Foundation,27-3586426,2017,990-PF XV 3a paid,180,Friends of the Israel Defense Forces (13-3156445),To enhance the purpose of the organization,https://projects.propublica.org/nonprofits/organizations/273586426/201831939349100118/IRS990PF,full return read (automated row extraction; not individually checked)
Karen W Miller And Barry H Miller Family Foundation,27-4672562,2018,990-PF XV 3a paid,16000,Friends of the Israel Defense Forces (13-3156445),TO FURTHER DONEE'S EXEMPT PURPOSE,https://projects.propublica.org/nonprofits/organizations/274672562/201921349349103202/IRS990PF,full return read (automated row extraction; not individually checked)
Karen W Miller And Barry H Miller Family Foundation,27-4672562,2019,990-PF XV 3a paid,16000,Friends of the Israel Defense Forces (13-3156445),TO FURTHER DONEE'S EXEMPT PURPOSE,https://projects.propublica.org/nonprofits/organizations/274672562/202013149349100506/IRS990PF,full return read (automated row extraction; not individually checked)
Karen W Miller And Barry H Miller Family Foundation,27-4672562,2020,990-PF XV 3a paid,21000,Friends of the Israel Defense Forces (13-3156445),TO FURTHER DONEE'S EXEMPT PURPOSE,https://projects.propublica.org/nonprofits/organizations/274672562/202131309349102153/IRS990PF,full return read (automated row extraction; not individually checked)
Karen W Miller And Barry H Miller Family Foundation,27-4672562,2021,990-PF XV 3a paid,21000,Friends of the Israel Defense Forces (13-3156445),TO FURTHER DONEE'S EXEMPT PURPOSE,https://projects.propublica.org/nonprofits/organizations/274672562/202233139349102413/IRS990PF,full return read (automated row extraction; not individually checked)
Karen W Miller And Barry H Miller Family Foundation,27-4672562,2022,990-PF XV 3a paid,20000,Friends of the Israel Defense Forces (13-3156445),TO FURTHER DONEE'S EXEMPT PURPOSE,https://projects.propublica.org/nonprofits/organizations/274672562/202321329349103482/IRS990PF,full return read (automated row extraction; not individually checked)
Karen W Miller And Barry H Miller Family Foundation,27-4672562,2023,990-PF XV 3a paid,40000,Friends of the Israel Defense Forces (13-3156445),TO FURTHER DONEE'S EXEMPT PURPOSE,https://projects.propublica.org/nonprofits/organizations/274672562/202403119349102120/IRS990PF,full return read (automated row extraction; not individually checked)
Karen W Miller And Barry H Miller Family Foundation,27-4672562,2024,990-PF XV 3a paid,60000,Friends of the Israel Defense Forces (13-3156445),TO FURTHER DONEE'S EXEMPT PURPOSE,https://projects.propublica.org/nonprofits/organizations/274672562/202521349349101657/IRS990PF,full return read (automated row extraction; not individually checked)
Karen W Miller And Barry H Miller Family Foundation,27-4672562,2025,990-PF XV 3a paid,40000,Friends of the Israel Defense Forces (13-3156445),TO FURTHER DONEE'S EXEMPT PURPOSE,https://projects.propublica.org/nonprofits/organizations/274672562/202611319349104701/IRS990PF,full return read (automated row extraction; not individually checked)
Karev Foundation Inc,13-3999708,2016,990-PF XV 3a paid,50000,Friends of the Israel Defense Forces (13-3156445),Support of the 2016 Western Region Gala (no attendees),https://projects.propublica.org/nonprofits/organizations/133999708/201743569349100504/IRS990PF,full return read (automated row extraction; not individually checked)
Karev Foundation Inc,13-3999708,2017,990-PF XV 3a paid,50000,Friends of the Israel Defense Forces (13-3156445),AN UNRESTRICTED GRANT TO FURTHER THE DONEE'S EXEMPT PURPOSE,https://projects.propublica.org/nonprofits/organizations/133999708/201833199349102138/IRS990PF,full return read (automated row extraction; not individually checked)
Karev Foundation Inc,13-3999708,2018,990-PF XV 3a paid,50000,Friends of the Israel Defense Forces (13-3156445),AN UNRESTRICTED GRANT TO FURTHER THE DONEE'S EXEMPT PURPOSE,https://projects.propublica.org/nonprofits/organizations/133999708/201923169349101477/IRS990PF,full return read (automated row extraction; not individually checked)
Karev Foundation Inc,13-3999708,2019,990-PF XV 3a paid,50000,Friends of the Israel Defense Forces (13-3156445),AN UNRESTRICTED GRANT TO FURTHER THE DONEE'S EXEMPT PURPOSE,https://projects.propublica.org/nonprofits/organizations/133999708/202043049349100114/IRS990PF,full return read (automated row extraction; not individually checked)
Karl Perl Charitable Tr,46-6113637,2023,990 Schedule I,10000,Friends of the Israel Defense Forces (13-3156445),TIV PROGRAM,https://projects.propublica.org/nonprofits/organizations/466113637/202423139349303777/IRS990ScheduleI,full return read (automated row extraction; not individually checked)
Karl Perl Charitable Tr,46-6113637,2024,990 Schedule I,20000,Friends of the Israel Defense Forces (13-3156445),TIV PROGRAM,https://projects.propublica.org/nonprofits/organizations/466113637/202543159349306064/IRS990ScheduleI,full return read (automated row extraction; not individually checked)
Karp Family Foundation,46-5092038,2020,990-PF XV 3a paid,4000,Friends of the Israel Defense Forces (13-3156445),EDUCATION SCHOLARSHIP,https://projects.propublica.org/nonprofits/organizations/465092038/202121979349100002/IRS990PF,full return read (automated row extraction; not individually checked)
Karp Family Foundation,46-5092038,2021,990-PF XV 3a paid,57500,Friends of the Israel Defense Forces (13-3156445),EDUCATION SCHOLARSHIP,https://projects.propublica.org/nonprofits/organizations/465092038/202340129349100764/IRS990PF,full return read (automated row extraction; not individually checked)
Karp Family Foundation,46-5092038,2022,990-PF XV 3a paid,80834,Friends of the Israel Defense Forces (13-3156445),EDUCATION SCHOLARSHIP,https://projects.propublica.org/nonprofits/organizations/465092038/202312709349100106/IRS990PF,full return read (automated row extraction; not individually checked)
Karp Family Foundation,46-5092038,2023,990-PF XV 3a paid,108333,Friends of the Israel Defense Forces (13-3156445),UNRESTRICTED,https://projects.propublica.org/nonprofits/organizations/465092038/202413059349100801/IRS990PF,full return read (automated row extraction; not individually checked)
Katz Chertok Family Foundation,47-2580517,2023,990-PF XV 3a paid,18000,Friends of the Israel Defense Forces (13-3156445),AN UNRESTRICTED GRANT TO FURTHER THE FOUNDATIONS EXEMPT PURPOSE,https://projects.propublica.org/nonprofits/organizations/472580517/202421359349104697/IRS990PF,full return read (automated row extraction; not individually checked)
Katz Family Charitable Tr 072199,25-6644879,2019,990-PF XV 3a paid,360,Friends of the Israel Defense Forces (13-3156445),Jewish/Religious Outreach,https://projects.propublica.org/nonprofits/organizations/256644879/202021839349100822/IRS990PF,full return read (automated row extraction; not individually checked)
Katz Silver Foundation,06-6519483,2014,990-PF XV 3a paid,1000,Friends of the Israel Defense Forces (13-3156445),CHARITABLE,https://projects.propublica.org/nonprofits/organizations/66519483/201543169349101114/IRS990PF,full return read (automated row extraction; not individually checked)
Kaylie Family Foundation,85-0629569,2023,990-PF XV 3a paid,1000,Friends of the Israel Defense Forces (13-3156445),UNRESTRICTED,https://projects.propublica.org/nonprofits/organizations/850629569/202422189349100107/IRS990PF,full return read (automated row extraction; not individually checked)
Kayne Anderson Capital Advisors Foundation,90-0729378,2022,990-PF XV 3a paid,371,Friends of the Israel Defense Forces (13-3156445),EMPLOYEE MATCHING,https://projects.propublica.org/nonprofits/organizations/900729378/202343209349100324/IRS990PF,full return read (automated row extraction; not individually checked)
Keats Family Foundation Inc,52-1645642,2013,990-PF XV 3a paid,5900,Friends of the Israel Defense Forces (13-3156445),GENERAL PURPOSE,https://projects.propublica.org/nonprofits/organizations/521645642/201510419349100406/IRS990PF,full return read (automated row extraction; not individually checked)
Keats Family Foundation Inc,52-1645642,2016,990-PF XV 3a paid,8500,Friends of the Israel Defense Forces (13-3156445),GENERAL PURPOSE,https://projects.propublica.org/nonprofits/organizations/521645642/201742569349100609/IRS990PF,full return read (automated row extraction; not individually checked)
Kedar Family And Zoltan Sonesh Foundation,77-0525858,2023,990-PF XV 3a paid,10000,Friends of the Israel Defense Forces (13-3156445),GENERAL OPERATIONS,https://projects.propublica.org/nonprofits/organizations/770525858/202403209349108205/IRS990PF,full return read (automated row extraction; not individually checked)
Ken And Julie Moelis Foundation,25-6872022,2023,990-PF XV 3a paid,8000,Friends of the Israel Defense Forces (13-3156445),HUMANITARIAN AID,https://projects.propublica.org/nonprofits/organizations/256872022/202413209349105866/IRS990PF,full return read (automated row extraction; not individually checked)
Kennedy Wilson Charitable Foundation,95-4682181,2017,990-PF XV 3a paid,5000,Friends of the Israel Defense Forces (13-3156445),GENERAL SUPPORT,https://projects.propublica.org/nonprofits/organizations/954682181/201930379349100303/IRS990PF,full return read (automated row extraction; not individually checked)
Kenneth A Horowitz Foundation,65-0728975,2023,990-PF XV 3a paid,54000,Friends of the Israel Defense Forces (13-3156445),GENERAL,https://projects.propublica.org/nonprofits/organizations/650728975/202430589349100753/IRS990PF,full return read (automated row extraction; not individually checked)
Kenneth A Lattman Foundation Inc,31-1466884,2017,990-PF XV 3a paid,1500,Friends of the Israel Defense Forces (13-3156445),ASSIST VETERANS,https://projects.propublica.org/nonprofits/organizations/311466884/201803189349101755/IRS990PF,full return read (automated row extraction; not individually checked)
Kenneth And Gina Mandelbaum Familyfoundation Inc,20-4695042,2024,990-PF XV 3a paid,236,Friends of the Israel Defense Forces (13-3156445),CHARITY CHARITY,https://projects.propublica.org/nonprofits/organizations/204695042/202503119349102300/IRS990PF,full return read (automated row extraction; not individually checked)
Kertesz Family Foundation,34-1700552,2019,990-PF XV 3a paid,18,Friends of the Israel Defense Forces (13-3156445),GENERAL SUPPORT,https://projects.propublica.org/nonprofits/organizations/341700552/202032459349100103/IRS990PF,full return read (automated row extraction; not individually checked)
Kevah And Michele Konner Family Foundation Inc,20-8103937,2024,990-PF XV 3a paid,15000,Friends of the Israel Defense Forces (13-3156445),General & Unrestricted,https://projects.propublica.org/nonprofits/organizations/208103937/202541259349100804/IRS990PF,full return read (automated row extraction; not individually checked)
Klaff Family Foundation,61-1480716,2022,990-PF XV 3a paid,50000,Friends of the Israel Defense Forces (13-3156445),General,https://projects.propublica.org/nonprofits/organizations/611480716/202333199349104073/IRS990PF,full return read (automated row extraction; not individually checked)
Klipper Family Foundation,37-6549440,2014,990-PF XV 3a paid,4000,Friends of the Israel Defense Forces (13-3156445),DONATION,https://projects.propublica.org/nonprofits/organizations/376549440/201511339349101546/IRS990PF,full return read (automated row extraction; not individually checked)
Klipper Family Foundation,37-6549440,2015,990-PF XV 3a paid,4000,Friends of the Israel Defense Forces (13-3156445),DONATION,https://projects.propublica.org/nonprofits/organizations/376549440/201611619349100001/IRS990PF,full return read (automated row extraction; not individually checked)
Klipper Family Foundation,37-6549440,2016,990-PF XV 3a paid,4000,Friends of the Israel Defense Forces (13-3156445),DONATION,https://projects.propublica.org/nonprofits/organizations/376549440/201701329349102640/IRS990PF,full return read (automated row extraction; not individually checked)
Klipper Family Foundation,37-6549440,2017,990-PF XV 3a paid,5000,Friends of the Israel Defense Forces (13-3156445),DONATION,https://projects.propublica.org/nonprofits/organizations/376549440/201811369349100621/IRS990PF,full return read (automated row extraction; not individually checked)
Koenig Family Foundation,81-4498110,2022,990-PF XV 3a paid,4000,Friends of the Israel Defense Forces (13-3156445),UNRESTRICTED,https://projects.propublica.org/nonprofits/organizations/814498110/202311319349104256/IRS990PF,full return read (automated row extraction; not individually checked)
Koenig Family Foundation,81-4498110,2023,990-PF XV 3a paid,4000,Friends of the Israel Defense Forces (13-3156445),UNRESTRICTED,https://projects.propublica.org/nonprofits/organizations/814498110/202421349349103632/IRS990PF,full return read (automated row extraction; not individually checked)
Koenig Family Foundation,81-4498110,2024,990-PF XV 3a paid,4000,Friends of the Israel Defense Forces (13-3156445),UNRESTRICTED,https://projects.propublica.org/nonprofits/organizations/814498110/202511289349102666/IRS990PF,full return read (automated row extraction; not individually checked)
Koenig Family Foundation,81-4498110,2025,990-PF XV 3a paid,5800,Friends of the Israel Defense Forces (13-3156445),UNRESTRICTED,https://projects.propublica.org/nonprofits/organizations/814498110/202641279349100814/IRS990PF,full return read (automated row extraction; not individually checked)
Kohn-joseloff Foundation,88-4105553,2025,990-PF XV 3a paid,10000,Friends of the Israel Defense Forces (13-3156445),CHARITABLE DONATION,https://projects.propublica.org/nonprofits/organizations/884105553/202611339349101916/IRS990PF,full return read (automated row extraction; not individually checked)
Komarek-hyde-soskin Foundation,20-6437305,2023,990-PF XV 3a paid,1500,Friends of the Israel Defense Forces (13-3156445),501C3 GENERAL CHARITABLE PURPOSES,https://projects.propublica.org/nonprofits/organizations/206437305/202441799349100304/IRS990PF,full return read (automated row extraction; not individually checked)
Koret Foundation,94-1624987,2019,990-PF XV 3a paid,50000,Friends of the Israel Defense Forces (13-3156445),FOR THE LONE SOLDIERS PROGRAM,https://projects.propublica.org/nonprofits/organizations/941624987/202021789349101222/IRS990PF,full return read (automated row extraction; not individually checked)
Koret Foundation,94-1624987,2019,990-PF XV 3a paid,50000,Friends of the Israel Defense Forces (13-3156445),FOR GENERAL OPERATING SUPPORT IN HONOR OF THE 2019 BAY AREA REGIONAL GALAS,https://projects.propublica.org/nonprofits/organizations/941624987/202021789349101222/IRS990PF,full return read (automated row extraction; not individually checked)
Koret Foundation,94-1624987,2021,990-PF XV 3a paid,25000,Friends of the Israel Defense Forces (13-3156445),GENERAL OPERATING SUPPORT,https://projects.propublica.org/nonprofits/organizations/941624987/202232289349100313/IRS990PF,full return read (automated row extraction; not individually checked)
Koret Foundation,94-1624987,2021,990-PF XV 3a paid,5000,Friends of the Israel Defense Forces (13-3156445),GENERAL OPERATING SUPPORT FOR THE 2021 BAY AREA GALA IN HONOR OF AMARELLE GREEN,https://projects.propublica.org/nonprofits/organizations/941624987/202232289349100313/IRS990PF,full return read (automated row extraction; not individually checked)
Koum Family Foundation,47-5446562,2018,990-PF XV 3a paid,5300000,Friends of the Israel Defense Forces (13-3156445),MAJOR GIFT FUND,https://projects.propublica.org/nonprofits/organizations/475446562/201933159349100138/IRS990PF,full return read (row individually checked)
Koum Family Foundation,47-5446562,2020,990-PF XV 3a paid,80000,Friends of the Israel Defense Forces (13-3156445),GENERAL CHARITY,https://projects.propublica.org/nonprofits/organizations/475446562/202123159349104157/IRS990PF,full return read (row individually checked)
Koum Family Foundation,47-5446562,2021,990-PF XV 3a paid,100000,Friends of the Israel Defense Forces (13-3156445),GENERAL CHARITY,https://projects.propublica.org/nonprofits/organizations/475446562/202223189349107012/IRS990PF,full return read (row individually checked)
Koum Family Foundation,47-5446562,2021,990-PF XV 3a paid,200000,Friends of the Israel Defense Forces (13-3156445),GENERAL CHARITY,https://projects.propublica.org/nonprofits/organizations/475446562/202223189349107012/IRS990PF,full return read (row individually checked)
Koum Family Foundation,47-5446562,2021,990-PF XV 3b approved future,800000,Friends of the Israel Defense Forces (13-3156445),GENERAL CHARITY,https://projects.propublica.org/nonprofits/organizations/475446562/202223189349107012/IRS990PF,full return read (row individually checked)
Koum Family Foundation,47-5446562,2022,990-PF XV 3a paid,200000,Friends of the Israel Defense Forces (13-3156445),GENERAL CHARITY,https://projects.propublica.org/nonprofits/organizations/475446562/202343199349103674/IRS990PF,full return read (row individually checked)
Koum Family Foundation,47-5446562,2022,990-PF XV 3b approved future,200000,Friends of the Israel Defense Forces (13-3156445),GENERAL CHARITY,https://projects.propublica.org/nonprofits/organizations/475446562/202343199349103674/IRS990PF,full return read (row individually checked)
Koum Family Foundation,47-5446562,2023,990-PF XV 3a paid,500000,Friends of the Israel Defense Forces (13-3156445),GENERAL CHARITY,https://projects.propublica.org/nonprofits/organizations/475446562/202433139349101123/IRS990PF,full return read (row individually checked)
Koum Family Foundation,47-5446562,2023,990-PF XV 3a paid,200000,Friends of the Israel Defense Forces (13-3156445),GENERAL CHARITY,https://projects.propublica.org/nonprofits/organizations/475446562/202433139349101123/IRS990PF,full return read (row individually checked)
Koum Family Foundation,47-5446562,2023,990-PF XV 3b approved future,400000,Friends of the Israel Defense Forces (13-3156445),GENERAL CHARITY,https://projects.propublica.org/nonprofits/organizations/475446562/202433139349101123/IRS990PF,full return read (row individually checked)
Koum Family Foundation,47-5446562,2024,990-PF XV 3a paid,200000,Friends of the Israel Defense Forces (13-3156445),GENERAL CHARITY,https://projects.propublica.org/nonprofits/organizations/475446562/202513179349103856/IRS990PF,full return read (row individually checked)
Koum Family Foundation,47-5446562,2024,990-PF XV 3b approved future,200000,Friends of the Israel Defense Forces (13-3156445),GENERAL CHARITY,https://projects.propublica.org/nonprofits/organizations/475446562/202513179349103856/IRS990PF,full return read (row individually checked)
Kozak Family Foundation,14-1830751,2020,990-PF XV 3a paid,500,Friends of the Israel Defense Forces (13-3156445),SOCIAL SERVICES,https://projects.propublica.org/nonprofits/organizations/141830751/202320239349100312/IRS990PF,full return read (automated row extraction; not individually checked)
Kozloff Family Charitable Trust,23-7680042,2021,990-PF XV 3a paid,10000,Friends of the Israel Defense Forces (13-3156445),DONEE'SDISCRETION,https://projects.propublica.org/nonprofits/organizations/237680042/202220699349100207/IRS990PF,full return read (automated row extraction; not individually checked)
Krause Family Foundation,34-6611350,2014,990-PF XV 3a paid,100,Friends of the Israel Defense Forces (13-3156445),GENERAL,https://projects.propublica.org/nonprofits/organizations/346611350/201520549349100452/IRS990PF,full return read (automated row extraction; not individually checked)
Kurt Feuerman Foundation,26-6087264,2023,990-PF XV 3a paid,20000,Friends of the Israel Defense Forces (13-3156445),CHARITABLE DONATION,https://projects.propublica.org/nonprofits/organizations/266087264/202411349349103906/IRS990PF,full return read (automated row extraction; not individually checked)
L A W Foundation Inc,22-3074635,2018,990-PF XV 3a paid,100000,Friends of the Israel Defense Forces (13-3156445),GENERAL,https://projects.propublica.org/nonprofits/organizations/223074635/201933189349102023/IRS990PF,full return read (automated row extraction; not individually checked)
L A W Foundation Inc,22-3074635,2019,990-PF XV 3a paid,200000,Friends of the Israel Defense Forces (13-3156445),GENERAL,https://projects.propublica.org/nonprofits/organizations/223074635/202033009349100023/IRS990PF,full return read (automated row extraction; not individually checked)
L A W Foundation Inc,22-3074635,2020,990-PF XV 3a paid,200000,Friends of the Israel Defense Forces (13-3156445),GENERAL,https://projects.propublica.org/nonprofits/organizations/223074635/202113439349100711/IRS990PF,full return read (automated row extraction; not individually checked)
L A W Foundation Inc,22-3074635,2021,990-PF XV 3a paid,200000,Friends of the Israel Defense Forces (13-3156445),GENERAL,https://projects.propublica.org/nonprofits/organizations/223074635/202233139349101208/IRS990PF,full return read (automated row extraction; not individually checked)
L A W Foundation Inc,22-3074635,2021,990-PF XV 3a paid,10000,Friends of the Israel Defense Forces (13-3156445),GENERAL,https://projects.propublica.org/nonprofits/organizations/223074635/202233139349101208/IRS990PF,full return read (automated row extraction; not individually checked)
L A W Foundation Inc,22-3074635,2022,990-PF XV 3a paid,200000,Friends of the Israel Defense Forces (13-3156445),YAD VASHEM CENTER IN THE NEGEV PLEDGE,https://projects.propublica.org/nonprofits/organizations/223074635/202323459349100012/IRS990PF,full return read (automated row extraction; not individually checked)
Lake Road Foundation,13-3745065,2020,990-PF XV 3a paid,10000,Friends of the Israel Defense Forces (13-3156445),Exempt General,https://projects.propublica.org/nonprofits/organizations/133745065/202111949349101006/IRS990PF,full return read (automated row extraction; not individually checked)
Lake Road Foundation,13-3745065,2021,990-PF XV 3a paid,10122,Friends of the Israel Defense Forces (13-3156445),Exempt General,https://projects.propublica.org/nonprofits/organizations/133745065/202202519349100850/IRS990PF,full return read (automated row extraction; not individually checked)
Lana C Krebs Foundation Inc,58-2114285,2014,990-PF XV 3a paid,500,Friends of the Israel Defense Forces (13-3156445),CHARITABLE,https://projects.propublica.org/nonprofits/organizations/582114285/201531359349100548/IRS990PF,full return read (automated row extraction; not individually checked)
Lana C Krebs Foundation Inc,58-2114285,2015,990-PF XV 3a paid,500,Friends of the Israel Defense Forces (13-3156445),CHARITABLE,https://projects.propublica.org/nonprofits/organizations/582114285/201612039349100016/IRS990PF,full return read (automated row extraction; not individually checked)
Lana C Krebs Foundation Inc,58-2114285,2016,990-PF XV 3a paid,500,Friends of the Israel Defense Forces (13-3156445),CHARITABLE,https://projects.propublica.org/nonprofits/organizations/582114285/201711359349104231/IRS990PF,full return read (automated row extraction; not individually checked)
Lana C Krebs Foundation Inc,58-2114285,2017,990-PF XV 3a paid,250,Friends of the Israel Defense Forces (13-3156445),CHARITABLE,https://projects.propublica.org/nonprofits/organizations/582114285/201841439349100009/IRS990PF,full return read (automated row extraction; not individually checked)
Lana C Krebs Foundation Inc,58-2114285,2019,990-PF XV 3a paid,500,Friends of the Israel Defense Forces (13-3156445),CHARITABLE,https://projects.propublica.org/nonprofits/organizations/582114285/202002819349100815/IRS990PF,full return read (automated row extraction; not individually checked)
Lana C Krebs Foundation Inc,58-2114285,2020,990-PF XV 3a paid,1000,Friends of the Israel Defense Forces (13-3156445),CHARITABLE,https://projects.propublica.org/nonprofits/organizations/582114285/202142259349101204/IRS990PF,full return read (automated row extraction; not individually checked)
Landenberger Family Foundation,27-5009621,2023,990-PF XV 3a paid,10000,Friends of the Israel Defense Forces (13-3156445),GENERAL CONTRIBUTION,https://projects.propublica.org/nonprofits/organizations/275009621/202431279349102918/IRS990PF,full return read (automated row extraction; not individually checked)
Landenberger Family Foundation,27-5009621,2024,990-PF XV 3a paid,30000,Friends of the Israel Defense Forces (13-3156445),GENERAL CONTRIBUTION,https://projects.propublica.org/nonprofits/organizations/275009621/202521329349103377/IRS990PF,full return read (automated row extraction; not individually checked)
Landenberger Family Foundation,27-5009621,2025,990-PF XV 3a paid,30000,Friends of the Israel Defense Forces (13-3156445),GENERAL CONTRIBUTION,https://projects.propublica.org/nonprofits/organizations/275009621/202621219349101837/IRS990PF,full return read (automated row extraction; not individually checked)
Lapidus Family Foundation,88-4373129,2023,990-PF XV 3a paid,5000,Friends of the Israel Defense Forces (13-3156445),GENERAL SUPPORT,https://projects.propublica.org/nonprofits/organizations/884373129/202433189349103818/IRS990PF,full return read (automated row extraction; not individually checked)
Larson Financial Foundation,38-3893553,2023,990-PF XV 3a paid,150,Friends of the Israel Defense Forces (13-3156445),GENERAL OPERATIONS,https://projects.propublica.org/nonprofits/organizations/383893553/202403169349102325/IRS990PF,full return read (automated row extraction; not individually checked)
Lash Foundation,33-6338008,2023,990-PF XV 3a paid,1000,Friends of the Israel Defense Forces (13-3156445),GENERAL PURPOSE,https://projects.propublica.org/nonprofits/organizations/336338008/202421979349100147/IRS990PF,full return read (automated row extraction; not individually checked)
Lash Foundation,33-6338008,2025,990-PF XV 3a paid,1000,Friends of the Israel Defense Forces (13-3156445),GENERAL PURPOSE,https://projects.propublica.org/nonprofits/organizations/336338008/202602089349100855/IRS990PF,full return read (automated row extraction; not individually checked)
Laterman Family Foundation Incorporated,92-1426465,2024,990-PF XV 3a paid,2500,Friends of the Israel Defense Forces (13-3156445),GENERAL OPERATIONS,https://projects.propublica.org/nonprofits/organizations/921426465/202532829349101018/IRS990PF,full return read (automated row extraction; not individually checked)
Laura & Isaac Perlmutter Foundation Inc,65-0742318,2013,990-PF XV 3a paid,75000,Friends of the Israel Defense Forces (13-3156445),NONPROFIT PUBLIC CHA TO ASSIST NONPROFIT PURPOSE OF CHARITY,https://projects.propublica.org/nonprofits/organizations/650742318/201430669349100203/IRS990PF,full return read (automated row extraction; not individually checked)
Laura & Isaac Perlmutter Foundation Inc,65-0742318,2014,990-PF XV 3a paid,100000,Friends of the Israel Defense Forces (13-3156445),NONPROFIT PUBLIC CHA TO ASSIST NONPROFIT PURPOSE OF CHARITY,https://projects.propublica.org/nonprofits/organizations/650742318/201530639349100508/IRS990PF,full return read (automated row extraction; not individually checked)
Laura & Isaac Perlmutter Foundation Inc,65-0742318,2017,990-PF XV 3a paid,100000,Friends of the Israel Defense Forces (13-3156445),NONPROFIT PUBLIC CHA TO ASSIST NONPROFIT PURPOSE OF CHARITY,https://projects.propublica.org/nonprofits/organizations/650742318/201820639349100152/IRS990PF,full return read (automated row extraction; not individually checked)
Laureine And David Greenbaum Foundation,45-2769236,2017,990-PF XV 3a paid,2500,Friends of the Israel Defense Forces (13-3156445),EDUCATION AND WELL-BEING OF ISRAELI DEFENSE FORCES,https://projects.propublica.org/nonprofits/organizations/452769236/201941009349100039/IRS990PF,full return read (automated row extraction; not individually checked)
Laureine And David Greenbaum Foundation,45-2769236,2023,990-PF XV 3a paid,3500,Friends of the Israel Defense Forces (13-3156445),GENERAL OPERATING DONATION.,https://projects.propublica.org/nonprofits/organizations/452769236/202520939349100742/IRS990PF,full return read (automated row extraction; not individually checked)
Laurence W Levine Foundation Inc,65-0535001,2018,990-PF XV 3a paid,15000,Friends of the Israel Defense Forces (13-3156445),ORGANIZATION'S EXEMPT,https://projects.propublica.org/nonprofits/organizations/650535001/201942889349100629/IRS990PF,full return read (row individually checked)
Laurence W Levine Foundation Inc,65-0535001,2019,990-PF XV 3a paid,10000,Friends of the Israel Defense Forces (13-3156445),ORGANIZATION'S EXEMPT,https://projects.propublica.org/nonprofits/organizations/650535001/202012559349100616/IRS990PF,full return read (row individually checked)
Laurence W Levine Foundation Inc,65-0535001,2023,990-PF XV 3a paid,800000,Friends of the Israel Defense Forces (13-3156445),PURPOSE,https://projects.propublica.org/nonprofits/organizations/650535001/202443209349101859/IRS990PF,full return read (row individually checked)
Laurence W Levine Foundation Inc,65-0535001,2024,990-PF XV 3a paid,25000,Friends of the Israel Defense Forces (13-3156445),PURPOSE,https://projects.propublica.org/nonprofits/organizations/650535001/202543029349101119/IRS990PF,full return read (row individually checked)
Lavin Foundation,65-1264736,2017,990-PF XV 3a paid,10000,Friends of the Israel Defense Forces (13-3156445),General Use,https://projects.propublica.org/nonprofits/organizations/651264736/201830719349100618/IRS990PF,full return read (automated row extraction; not individually checked)
Lawrence & Carol Saper Foundation Inc,13-3946616,2023,990-PF XV 3a paid,20000,Friends of the Israel Defense Forces (13-3156445),GENERAL FUND,https://projects.propublica.org/nonprofits/organizations/133946616/202423199349102472/IRS990PF,full return read (automated row extraction; not individually checked)
Lawrence E Steinberg Foundation,75-2741258,2023,990 Schedule I,77000,Friends of the Israel Defense Forces (13-3156445),GENERAL SUPPORT,https://projects.propublica.org/nonprofits/organizations/752741258/202511679349300531/IRS990ScheduleI,full return read (automated row extraction; not individually checked)
Lawrence Friedland Foundation Inc,13-3435718,2024,990-PF XV 3a paid,10000,Friends of the Israel Defense Forces (13-3156445),DONATION TO SUPPORT THE ORGANIZATION'S CHARITABLE PURPOSES,https://projects.propublica.org/nonprofits/organizations/133435718/202612309349100121/IRS990PF,full return read (automated row extraction; not individually checked)
Laybel Family Foundation,38-3347294,2017,990-PF XV 3a paid,500,Friends of the Israel Defense Forces (13-3156445),UNRESTRICTED DONATION,https://projects.propublica.org/nonprofits/organizations/383347294/201831249349100833/IRS990PF,full return read (automated row extraction; not individually checked)
Lebovitz Family Charitable Trust,62-6247365,2023,990-PF XV 3a paid,1500,Friends of the Israel Defense Forces (13-3156445),To support a public charity,https://projects.propublica.org/nonprofits/organizations/626247365/202421369349100032/IRS990PF,full return read (automated row extraction; not individually checked)
Leder Foundation Inc,27-2182340,2023,990-PF XV 3a paid,25000,Friends of the Israel Defense Forces (13-3156445),TO SUPPORT THE GENERAL PURPOSE OF THE CHARITABLE ORGANIZATION.,https://projects.propublica.org/nonprofits/organizations/272182340/202413059349101126/IRS990PF,full return read (automated row extraction; not individually checked)
Lee & Cheryl Lasher Familyfoundation Inc,20-4901334,2021,990-PF XV 3a paid,1000,Friends of the Israel Defense Forces (13-3156445),CONTRIBUTION,https://projects.propublica.org/nonprofits/organizations/204901334/202201369349101020/IRS990PF,full return read (automated row extraction; not individually checked)
Lee & Cheryl Lasher Familyfoundation Inc,20-4901334,2022,990-PF XV 3a paid,3000,Friends of the Israel Defense Forces (13-3156445),CONTRIBUTION,https://projects.propublica.org/nonprofits/organizations/204901334/202332779349100208/IRS990PF,full return read (automated row extraction; not individually checked)
Lee & Cheryl Lasher Familyfoundation Inc,20-4901334,2023,990-PF XV 3a paid,4600,Friends of the Israel Defense Forces (13-3156445),CONTRIBUTION,https://projects.propublica.org/nonprofits/organizations/204901334/202411309349102386/IRS990PF,full return read (automated row extraction; not individually checked)
Lee & Cheryl Lasher Familyfoundation Inc,20-4901334,2024,990-PF XV 3a paid,1800,Friends of the Israel Defense Forces (13-3156445),CONTRIBUTION,https://projects.propublica.org/nonprofits/organizations/204901334/202521299349100117/IRS990PF,full return read (automated row extraction; not individually checked)
Lee & Cheryl Lasher Familyfoundation Inc,20-4901334,2025,990-PF XV 3a paid,1800,Friends of the Israel Defense Forces (13-3156445),CONTRIBUTION,https://projects.propublica.org/nonprofits/organizations/204901334/202641269349101804/IRS990PF,full return read (automated row extraction; not individually checked)
Lee & Louis Kuhn Foundation Inc,13-6144809,2012,990-PF XV 3a paid,2000,Friends of the Israel Defense Forces (13-3156445),GENERAL SUPPORT,https://projects.propublica.org/nonprofits/organizations/136144809/201431629349100118/IRS990PF,full return read (automated row extraction; not individually checked)
Lee & Louis Kuhn Foundation Inc,13-6144809,2013,990-PF XV 3a paid,1000,Friends of the Israel Defense Forces (13-3156445),GENERAL SUPPORT,https://projects.propublica.org/nonprofits/organizations/136144809/201530569349100753/IRS990PF,full return read (automated row extraction; not individually checked)
Lee & Louis Kuhn Foundation Inc,13-6144809,2014,990-PF XV 3a paid,1000,Friends of the Israel Defense Forces (13-3156445),GENERAL SUPPORT,https://projects.propublica.org/nonprofits/organizations/136144809/201611459349100806/IRS990PF,full return read (automated row extraction; not individually checked)
Lee & Louis Kuhn Foundation Inc,13-6144809,2015,990-PF XV 3a paid,1000,Friends of the Israel Defense Forces (13-3156445),GENERAL SUPPORT,https://projects.propublica.org/nonprofits/organizations/136144809/201712069349100511/IRS990PF,full return read (automated row extraction; not individually checked)
Lee & Louis Kuhn Foundation Inc,13-6144809,2016,990-PF XV 3a paid,2000,Friends of the Israel Defense Forces (13-3156445),GENERAL SUPPORT,https://projects.propublica.org/nonprofits/organizations/136144809/201841999349100209/IRS990PF,full return read (automated row extraction; not individually checked)
Leen Foundation Inc,45-5103823,2013,990-PF XV 3a paid,3600,Friends of the Israel Defense Forces (13-3156445),UNRESTRICTED,https://projects.propublica.org/nonprofits/organizations/455103823/201433189349100643/IRS990PF,full return read (automated row extraction; not individually checked)
Leen Foundation Inc,45-5103823,2014,990-PF XV 3a paid,7000,Friends of the Israel Defense Forces (13-3156445),UNRESTRICTED,https://projects.propublica.org/nonprofits/organizations/455103823/201513209349102666/IRS990PF,full return read (automated row extraction; not individually checked)
Leen Foundation Inc,45-5103823,2015,990-PF XV 3a paid,9000,Friends of the Israel Defense Forces (13-3156445),unrestricted,https://projects.propublica.org/nonprofits/organizations/455103823/201633509349100313/IRS990PF,full return read (automated row extraction; not individually checked)
Leibowitz Family Foundation Inc,59-3736869,2023,990-PF XV 3a paid,100000,Friends of the Israel Defense Forces (13-3156445),GENERAL,https://projects.propublica.org/nonprofits/organizations/593736869/202441989349100509/IRS990PF,full return read (automated row extraction; not individually checked)
Leibowitz Family Foundation Inc,59-3736869,2024,990-PF XV 3a paid,5000,Friends of the Israel Defense Forces (13-3156445),GENERAL,https://projects.propublica.org/nonprofits/organizations/593736869/202542489349100904/IRS990PF,full return read (automated row extraction; not individually checked)
Lemony Forest Foundation,20-8049477,2016,990-PF XV 3a paid,25000,Friends of the Israel Defense Forces (13-3156445),SUPPORT TO IMPROVE SOLDIERS LIVING CONDITIONS,https://projects.propublica.org/nonprofits/organizations/208049477/201732869349100218/IRS990PF,full return read (automated row extraction; not individually checked)
Lemony Forest Foundation,20-8049477,2017,990-PF XV 3a paid,25000,Friends of the Israel Defense Forces (13-3156445),SUPPORT TO IMPROVE SOLDIERS LIVING CONDITIONS,https://projects.propublica.org/nonprofits/organizations/208049477/201842889349100144/IRS990PF,full return read (automated row extraction; not individually checked)
Lenart Art Education Foundation,45-2528579,2019,990-PF XV 3a paid,2500,Friends of the Israel Defense Forces (13-3156445),OTHER PUBLIC CHARITY COMMUNITY SERVICE,https://projects.propublica.org/nonprofits/organizations/452528579/202130969349100713/IRS990PF,full return read (automated row extraction; not individually checked)
Leo & Trude Lemle Family Foundation C/o Robert S Lemle Trustee,13-7053800,2013,990-PF XV 3a paid,5000,Friends of the Israel Defense Forces (13-3156445),CHARITABLE,https://projects.propublica.org/nonprofits/organizations/137053800/201521009349100512/IRS990PF,full return read (automated row extraction; not individually checked)
Leo & Trude Lemle Family Foundation C/o Robert S Lemle Trustee,13-7053800,2015,990-PF XV 3a paid,5000,Friends of the Israel Defense Forces (13-3156445),charitable,https://projects.propublica.org/nonprofits/organizations/137053800/201701039349100420/IRS990PF,full return read (automated row extraction; not individually checked)
Leo H Rudnick Family Trust Inc,04-2775693,2024,990 Schedule I,75000,Friends of the Israel Defense Forces (13-3156445),TO SUPPORT THE PROGRAMS OF THE ORGANIZATION,https://projects.propublica.org/nonprofits/organizations/42775693/202600479349301145/IRS990ScheduleI,full return read (automated row extraction; not individually checked)
Leo V Berger Fund,51-0196887,2013,990-PF XV 3a paid,1000,Friends of the Israel Defense Forces (13-3156445),GENERAL CHARITABLE,https://projects.propublica.org/nonprofits/organizations/510196887/201443219349101324/IRS990PF,full return read (automated row extraction; not individually checked)
Leo V Berger Fund,51-0196887,2014,990-PF XV 3a paid,1000,Friends of the Israel Defense Forces (13-3156445),GENERAL CHARITABLE,https://projects.propublica.org/nonprofits/organizations/510196887/201513219349100606/IRS990PF,full return read (automated row extraction; not individually checked)
Leo V Berger Fund,51-0196887,2017,990-PF XV 3a paid,16000,Friends of the Israel Defense Forces (13-3156445),GENERAL CHARITABLE,https://projects.propublica.org/nonprofits/organizations/510196887/201843179349101359/IRS990PF,full return read (automated row extraction; not individually checked)
Leo V Berger Fund,51-0196887,2022,990-PF XV 3a paid,25000,Friends of the Israel Defense Forces (13-3156445),GENERAL CHARITABLE,https://projects.propublica.org/nonprofits/organizations/510196887/202342579349100039/IRS990PF,full return read (automated row extraction; not individually checked)
Leo V Berger Fund,51-0196887,2023,990-PF XV 3a paid,30000,Friends of the Israel Defense Forces (13-3156445),GENERAL CHARITABLE,https://projects.propublica.org/nonprofits/organizations/510196887/202422119349100122/IRS990PF,full return read (automated row extraction; not individually checked)
Leo V Berger Fund,51-0196887,2024,990-PF XV 3a paid,57000,Friends of the Israel Defense Forces (13-3156445),GENERAL CHARITABLE,https://projects.propublica.org/nonprofits/organizations/510196887/202533009349100403/IRS990PF,full return read (automated row extraction; not individually checked)
Leon And Hanna Zanger Foundation,20-2006477,2013,990-PF XV 3a paid,25,Friends of the Israel Defense Forces (13-3156445),TO FURTHER DONEE'S EXEMPT PURPOSE.,https://projects.propublica.org/nonprofits/organizations/202006477/201403189349100125/IRS990PF,full return read (automated row extraction; not individually checked)
Leon And Toby Cooperman Family Foundation,13-3102941,2023,990-PF XV 3a paid,1000,Friends of the Israel Defense Forces (13-3156445),GENERAL OPERATING SUPPORT,https://projects.propublica.org/nonprofits/organizations/133102941/202413519349100756/IRS990PF,full return read (automated row extraction; not individually checked)
Leon I And Sharon Kaufman Foundation,36-3480084,2017,990-PF XV 3a paid,180,Friends of the Israel Defense Forces (13-3156445),GENERAL FUND,https://projects.propublica.org/nonprofits/organizations/363480084/201902279349100525/IRS990PF,full return read (automated row extraction; not individually checked)
Leon I And Sharon Kaufman Foundation,36-3480084,2018,990-PF XV 3a paid,250,Friends of the Israel Defense Forces (13-3156445),GENERAL FUND,https://projects.propublica.org/nonprofits/organizations/363480084/202002309349100440/IRS990PF,full return read (automated row extraction; not individually checked)
Leon I And Sharon Kaufman Foundation,36-3480084,2019,990-PF XV 3a paid,1100,Friends of the Israel Defense Forces (13-3156445),GENERAL FUND,https://projects.propublica.org/nonprofits/organizations/363480084/202142289349100649/IRS990PF,full return read (automated row extraction; not individually checked)
Leon I And Sharon Kaufman Foundation,36-3480084,2020,990-PF XV 3a paid,615,Friends of the Israel Defense Forces (13-3156445),GENERAL FUND,https://projects.propublica.org/nonprofits/organizations/363480084/202232999349100603/IRS990PF,full return read (automated row extraction; not individually checked)
Leon I And Sharon Kaufman Foundation,36-3480084,2024,990-PF XV 3a paid,154,Friends of the Israel Defense Forces (13-3156445),UNRESTRICTED CHARITABLE GIFT,https://projects.propublica.org/nonprofits/organizations/363480084/202602129349100110/IRS990PF,full return read (automated row extraction; not individually checked)
Leona M & Harry B Helmsley Charitable Trust,13-7184401,2020,990-PF XV 3a paid,268000,Friends of the Israel Defense Forces (13-3156445),IMPACT! SCHOLARSHIP PROGRAM,https://projects.propublica.org/nonprofits/organizations/137184401/202240409349100404/IRS990PF,full return read (row individually checked)
Leona M & Harry B Helmsley Charitable Trust,13-7184401,2021,990-PF XV 3a paid,334400,Friends of the Israel Defense Forces (13-3156445),THE UNIFORM TO UNIVERSITY SCHOLARSHIP PROGRAM,https://projects.propublica.org/nonprofits/organizations/137184401/202300389349100520/IRS990PF,full return read (row individually checked)
Leona M & Harry B Helmsley Charitable Trust,13-7184401,2021,990-PF XV 3b approved future,334400,Friends of the Israel Defense Forces (13-3156445),THE UNIFORM TO UNIVERSITY SCHOLARSHIP PROGRAM,https://projects.propublica.org/nonprofits/organizations/137184401/202300389349100520/IRS990PF,full return read (row individually checked)
Leonard A And Linda K Greenberg Charitable Foundation Inc,52-1883238,2023,990-PF XV 3a paid,3500,Friends of the Israel Defense Forces (13-3156445),"UNRESTRICTED, GENERAL PURPOSE",https://projects.propublica.org/nonprofits/organizations/521883238/202413209349107336/IRS990PF,full return read (automated row extraction; not individually checked)
Leonard And Joan Horvitz Foundation,34-1894055,2022,990-PF XV 3a paid,3600,Friends of the Israel Defense Forces (13-3156445),GENERAL & UNRESTRICTED,https://projects.propublica.org/nonprofits/organizations/341894055/202341299349104429/IRS990PF,full return read (automated row extraction; not individually checked)
Leonard Mayer Foundation,23-7042005,2023,990-PF XV 3a paid,2000,Friends of the Israel Defense Forces (13-3156445),OPERATING FUNDS,https://projects.propublica.org/nonprofits/organizations/237042005/202413169349102611/IRS990PF,full return read (automated row extraction; not individually checked)
Leonard Mayer Foundation,23-7042005,2025,990-PF XV 3a paid,3000,Friends of the Israel Defense Forces (13-3156445),OPERATING FUNDS,https://projects.propublica.org/nonprofits/organizations/237042005/202641329349101024/IRS990PF,full return read (automated row extraction; not individually checked)
Lerer Family Charitable Foundation Inc,31-1753295,2023,990-PF XV 3a paid,5,Friends of the Israel Defense Forces (13-3156445),TAX EXEMPT IRC SEC,https://projects.propublica.org/nonprofits/organizations/311753295/202501959349100510/IRS990PF,full return read (automated row extraction; not individually checked)
Leroy Schecter Foundation Inc,30-0134495,2014,990-PF XV 3a paid,1000000,Friends of the Israel Defense Forces (13-3156445),Provide for education and wellbeing of the men and women who serve in the Israel Defense Forces (IDF) as well as the families of fallen sold,https://projects.propublica.org/nonprofits/organizations/300134495/201512369349100206/IRS990PF,full return read (row individually checked)
Leroy Schecter Foundation Inc,30-0134495,2015,990-PF XV 3a paid,3000000,Friends of the Israel Defense Forces (13-3156445),Provide for education and wellbeing of the men and women who serve in the israel defence forces (IDF) as well as the families of fallen sold,https://projects.propublica.org/nonprofits/organizations/300134495/201631329349101878/IRS990PF,full return read (row individually checked)
Leslie And Roslyn Goldstein Foundation,06-1035614,2024,990-PF XV 3a paid,10000,Friends of the Israel Defense Forces (13-3156445),GENERAL SUPPORT,https://projects.propublica.org/nonprofits/organizations/61035614/202600799349100015/IRS990PF,full return read (automated row extraction; not individually checked)
Lester And Edward Anixter Family Foundation,36-3458779,2023,990-PF XV 3a paid,10000,Friends of the Israel Defense Forces (13-3156445),NC GENERAL,https://projects.propublica.org/nonprofits/organizations/363458779/202413179349100516/IRS990PF,full return read (automated row extraction; not individually checked)
Lester And Edward Anixter Family Foundation,36-3458779,2024,990-PF XV 3a paid,10000,Friends of the Israel Defense Forces (13-3156445),NC GENERAL,https://projects.propublica.org/nonprofits/organizations/363458779/202502419349100710/IRS990PF,full return read (automated row extraction; not individually checked)
Lester M & Sally Entin Foundation,65-0758118,2025,990-PF XV 3a paid,10000,Friends of the Israel Defense Forces (13-3156445),DONATION,https://projects.propublica.org/nonprofits/organizations/650758118/202631879349100018/IRS990PF,full return read (automated row extraction; not individually checked)
Leva Family Foundation,81-2973239,2023,990-PF XV 3a paid,1000,Friends of the Israel Defense Forces (13-3156445),NC RACIAL CELEBRATION AND SUPPORT,https://projects.propublica.org/nonprofits/organizations/812973239/202421359349103537/IRS990PF,full return read (automated row extraction; not individually checked)
Leva Family Foundation,81-2973239,2023,990-PF XV 3a paid,2500,Friends of the Israel Defense Forces (13-3156445),"NC INTERNATIONAL, GLOBAL AFFAIRS SUPPORT",https://projects.propublica.org/nonprofits/organizations/812973239/202421359349103537/IRS990PF,full return read (automated row extraction; not individually checked)
Levart Family Foundation,26-1561922,2019,990-PF XV 3a paid,3,Friends of the Israel Defense Forces (13-3156445),501(C),https://projects.propublica.org/nonprofits/organizations/261561922/202043219349102729/IRS990PF,full return read (automated row extraction; not individually checked)
Levitan Family Foundation,20-2071411,2017,990-PF XV 3a paid,100000,Friends of the Israel Defense Forces (13-3156445),FURTHER THE ORGANIZATION'S CHARITABLE GOALS,https://projects.propublica.org/nonprofits/organizations/202071411/201801079349101355/IRS990PF,full return read (automated row extraction; not individually checked)
Levitan Family Foundation,20-2071411,2018,990-PF XV 3a paid,50000,Friends of the Israel Defense Forces (13-3156445),FURTHER THE ORGANIZATION'S CHARITABLE GOALS,https://projects.propublica.org/nonprofits/organizations/202071411/201941339349101584/IRS990PF,full return read (automated row extraction; not individually checked)
Levitan Family Foundation,20-2071411,2019,990-PF XV 3a paid,50000,Friends of the Israel Defense Forces (13-3156445),FURTHER THE ORGANIZATION'S CHARITABLE GOALS,https://projects.propublica.org/nonprofits/organizations/202071411/202011259349102216/IRS990PF,full return read (automated row extraction; not individually checked)
Levmar Foundation Inc,51-0387146,2023,990-PF XV 3a paid,5000,Friends of the Israel Defense Forces (13-3156445),GENERAL SUPPORT,https://projects.propublica.org/nonprofits/organizations/510387146/202423119349101002/IRS990PF,full return read (automated row extraction; not individually checked)
Lewart Fam Charitable Tr,13-7030069,2015,990-PF XV 3a paid,1500,Friends of the Israel Defense Forces (13-3156445),SECTION 501(C)(3) GENERAL PURPOSE,https://projects.propublica.org/nonprofits/organizations/137030069/201711509349100156/IRS990PF,full return read (automated row extraction; not individually checked)
Lewart Fam Charitable Tr,13-7030069,2016,990-PF XV 3a paid,2000,Friends of the Israel Defense Forces (13-3156445),seCTION 501(C)(3) General Purpose,https://projects.propublica.org/nonprofits/organizations/137030069/201801009349100015/IRS990PF,full return read (automated row extraction; not individually checked)
Libitzky Family Foundation,94-3372543,2014,990 Schedule I,10000,Friends of the Israel Defense Forces (13-3156445),GENERAL PURPOSES,https://projects.propublica.org/nonprofits/organizations/943372543/201621349349307857/IRS990ScheduleI,full return read (automated row extraction; not individually checked)
Libitzky Family Foundation,94-3372543,2015,990 Schedule I,10000,Friends of the Israel Defense Forces (13-3156445),GENERAL PURPOSES,https://projects.propublica.org/nonprofits/organizations/943372543/201731319349305718/IRS990ScheduleI,full return read (automated row extraction; not individually checked)
Libitzky Family Foundation,94-3372543,2016,990 Schedule I,10000,Friends of the Israel Defense Forces (13-3156445),GENERAL PURPOSES,https://projects.propublica.org/nonprofits/organizations/943372543/201811359349313016/IRS990ScheduleI,full return read (automated row extraction; not individually checked)
Libitzky Family Foundation,94-3372543,2017,990 Schedule I,16000,Friends of the Israel Defense Forces (13-3156445),GENERAL PURPOSES,https://projects.propublica.org/nonprofits/organizations/943372543/201941359349309714/IRS990ScheduleI,full return read (automated row extraction; not individually checked)
Liebowitz Founation,11-3240737,2016,990-PF XV 3a paid,570,Friends of the Israel Defense Forces (13-3156445),GENERAL USE,https://projects.propublica.org/nonprofits/organizations/113240737/201701919349100100/IRS990PF,full return read (automated row extraction; not individually checked)
Liebowitz Founation,11-3240737,2021,990-PF XV 3a paid,3000,Friends of the Israel Defense Forces (13-3156445),GENERAL USE,https://projects.propublica.org/nonprofits/organizations/113240737/202233129349101013/IRS990PF,full return read (automated row extraction; not individually checked)
Linden David Nelson Foundation,38-6505470,2023,990-PF XV 3a paid,3,Friends of the Israel Defense Forces (13-3156445),501(C),https://projects.propublica.org/nonprofits/organizations/386505470/202423189349102132/IRS990PF,full return read (automated row extraction; not individually checked)
Lionel Feinstein Memorial Fund,23-7716384,2023,990-PF XV 3a paid,185,Friends of the Israel Defense Forces (13-3156445),Support Israel Support IsraelSupport Israel,https://projects.propublica.org/nonprofits/organizations/237716384/202403169349100300/IRS990PF,full return read (automated row extraction; not individually checked)
Lionel Feinstein Memorial Fund,23-7716384,2024,990-PF XV 3a paid,2000,Friends of the Israel Defense Forces (13-3156445),Support Israel,https://projects.propublica.org/nonprofits/organizations/237716384/202503189349102175/IRS990PF,full return read (automated row extraction; not individually checked)
Liora And Menachem Sternberg Family Foundation,20-1688491,2022,990-PF XV 3a paid,50000,Friends of the Israel Defense Forces (13-3156445),170(B)(1)(A) (VI) GENERAL,https://projects.propublica.org/nonprofits/organizations/201688491/202341819349100919/IRS990PF,full return read (automated row extraction; not individually checked)
Liora And Menachem Sternberg Family Foundation,20-1688491,2023,990-PF XV 3a paid,104000,Friends of the Israel Defense Forces (13-3156445),170(B)(1)(A) (VI) GENERAL,https://projects.propublica.org/nonprofits/organizations/201688491/202432539349100548/IRS990PF,full return read (automated row extraction; not individually checked)
Liora And Menachem Sternberg Family Foundation,20-1688491,2024,990-PF XV 3a paid,50000,Friends of the Israel Defense Forces (13-3156445),170(B)(1)(A) (VI) GENERAL,https://projects.propublica.org/nonprofits/organizations/201688491/202522869349100242/IRS990PF,full return read (automated row extraction; not individually checked)
Lipsky Fred & Sarah Foundation,04-6072512,2014,990-PF XV 3a paid,5000,Friends of the Israel Defense Forces (13-3156445),EXEMPT FRONT LINE OPERATIONS,https://projects.propublica.org/nonprofits/organizations/46072512/201502519349100100/IRS990PF,full return read (automated row extraction; not individually checked)
Lisa And Michael Leffell Foundation,31-6633021,2017,990-PF XV 3a paid,65000,Friends of the Israel Defense Forces (13-3156445),SUPPORT PROGRAMS FOR ISRAELI MILITARY FAMILIES,https://projects.propublica.org/nonprofits/organizations/316633021/201803199349104795/IRS990PF,full return read (automated row extraction; not individually checked)
Lisa And Michael Leffell Foundation,31-6633021,2018,990-PF XV 3a paid,85000,Friends of the Israel Defense Forces (13-3156445),SUPPORT PROGRAMS FOR ISRAELI MILITARY FAMILIES,https://projects.propublica.org/nonprofits/organizations/316633021/201903199349104800/IRS990PF,full return read (automated row extraction; not individually checked)
Lisa Wendel Memorial Foundation,13-3217479,2023,990-PF XV 3a paid,5150,Friends of the Israel Defense Forces (13-3156445),GENERAL PURPOSE,https://projects.propublica.org/nonprofits/organizations/133217479/202441739349100009/IRS990PF,full return read (automated row extraction; not individually checked)
Lisben Charitable Foundation Inc,58-2395697,2023,990-PF XV 3a paid,3000,Friends of the Israel Defense Forces (13-3156445),CHARITABLE,https://projects.propublica.org/nonprofits/organizations/582395697/202432709349100603/IRS990PF,full return read (automated row extraction; not individually checked)
Ljmp Bernstein Charitable Foundation Inc,82-3197557,2024,990-PF XV 3a paid,5000,Friends of the Israel Defense Forces (13-3156445),DONATION,https://projects.propublica.org/nonprofits/organizations/823197557/202511539349100756/IRS990PF,full return read (automated row extraction; not individually checked)
Lloyd And Ellen Sokoloff Family Foundation Inc,30-0121185,2023,990-PF XV 3a paid,25000,Friends of the Israel Defense Forces (13-3156445),EXEMPT DONATION,https://projects.propublica.org/nonprofits/organizations/300121185/202433139349101553/IRS990PF,full return read (automated row extraction; not individually checked)
Lm Newman Family Foundation,94-3215798,2023,990-PF XV 3a paid,7200,Friends of the Israel Defense Forces (13-3156445),AN UNRESTRICTED GRANT TO FURTHER THE DONEE'S EXEMPT PURPOSE,https://projects.propublica.org/nonprofits/organizations/943215798/202520589349100302/IRS990PF,full return read (automated row extraction; not individually checked)
Lm Newman Family Foundation,94-3215798,2024,990-PF XV 3a paid,7200,Friends of the Israel Defense Forces (13-3156445),AN UNRESTRICTED GRANT TO FURTHER THE DONEE'S EXEMPT PURPOSE,https://projects.propublica.org/nonprofits/organizations/943215798/202620929349100412/IRS990PF,full return read (automated row extraction; not individually checked)
Lois And Andrew Zaro Fam Charitable Tr,30-6035876,2024,990-PF XV 3a paid,360,Friends of the Israel Defense Forces (13-3156445),DONATION,https://projects.propublica.org/nonprofits/organizations/306035876/202503219349101135/IRS990PF,full return read (automated row extraction; not individually checked)
Lois And Larry Davis Familyfoundation,20-3995418,2025,990-PF XV 3a paid,50000,Friends of the Israel Defense Forces (13-3156445),DOG FOR VETERANS,https://projects.propublica.org/nonprofits/organizations/203995418/202601139349101100/IRS990PF,full return read (automated row extraction; not individually checked)
Loni And Jeff Rush Family Foundation,33-0938416,2025,990-PF XV 3a paid,32500,Friends of the Israel Defense Forces (13-3156445),PHILANTHROPIC/EDUCATION PURPOSE,https://projects.propublica.org/nonprofits/organizations/330938416/202601399349100100/IRS990PF,full return read (automated row extraction; not individually checked)
Lori And Michael Nash Foundation,81-4727835,2021,990-PF XV 3a paid,4000,Friends of the Israel Defense Forces (13-3156445),PROGRAM SUPPORT,https://projects.propublica.org/nonprofits/organizations/814727835/202242809349100514/IRS990PF,full return read (automated row extraction; not individually checked)
Lori And Michael Nash Foundation,81-4727835,2023,990-PF XV 3a paid,25000,Friends of the Israel Defense Forces (13-3156445),PROGRAM SUPPORT,https://projects.propublica.org/nonprofits/organizations/814727835/202412829349101401/IRS990PF,full return read (automated row extraction; not individually checked)
Lori And Michael Nash Foundation,81-4727835,2024,990-PF XV 3a paid,14000,Friends of the Israel Defense Forces (13-3156445),PROGRAM SUPPORT,https://projects.propublica.org/nonprofits/organizations/814727835/202521349349103992/IRS990PF,full return read (automated row extraction; not individually checked)
Los Altos Community Foundation,77-0273721,2023,990 Schedule I,7500,Friends of the Israel Defense Forces (13-3156445),OPERATIONS,https://projects.propublica.org/nonprofits/organizations/770273721/202521059349302817/IRS990ScheduleI,full return read (automated row extraction; not individually checked)
Los Angeles Jewish Fund,95-4519638,2013,990-PF XV 3a paid,1000,Friends of the Israel Defense Forces (13-3156445),SUPPORT OF ORGANIZATION MISSION,https://projects.propublica.org/nonprofits/organizations/954519638/201423009349100207/IRS990PF,full return read (automated row extraction; not individually checked)
Los Angeles Jewish Fund,95-4519638,2014,990-PF XV 3a paid,2000,Friends of the Israel Defense Forces (13-3156445),SUPPORT OF ORGANIZATION MISSION,https://projects.propublica.org/nonprofits/organizations/954519638/201532519349100418/IRS990PF,full return read (automated row extraction; not individually checked)
Louis & Martha Silver Foundation,13-6165326,2018,990-PF XV 3a paid,7500,Friends of the Israel Defense Forces (13-3156445),CHARITABLE PURPOSE,https://projects.propublica.org/nonprofits/organizations/136165326/201933189349102373/IRS990PF,full return read (automated row extraction; not individually checked)
Louis & Martha Silver Foundation,13-6165326,2019,990-PF XV 3a paid,12500,Friends of the Israel Defense Forces (13-3156445),CHARITABLE PURPOSE,https://projects.propublica.org/nonprofits/organizations/136165326/202043219349100914/IRS990PF,full return read (automated row extraction; not individually checked)
Louis & Martha Silver Foundation,13-6165326,2020,990-PF XV 3a paid,7500,Friends of the Israel Defense Forces (13-3156445),CHARITABLE PURPOSE,https://projects.propublica.org/nonprofits/organizations/136165326/202103199349107105/IRS990PF,full return read (automated row extraction; not individually checked)
Louis & Martha Silver Foundation,13-6165326,2021,990-PF XV 3a paid,7500,Friends of the Israel Defense Forces (13-3156445),TO FURTHER DONEE'S EXEMPT PURPOSE,https://projects.propublica.org/nonprofits/organizations/136165326/202233199349107318/IRS990PF,full return read (automated row extraction; not individually checked)
Louis And Arlene Navias Foundation,83-0725746,2019,990-PF XV 3a paid,3600,Friends of the Israel Defense Forces (13-3156445),EDUCATIONAL,https://projects.propublica.org/nonprofits/organizations/830725746/202001419349100005/IRS990PF,full return read (automated row extraction; not individually checked)
Louis And Arlene Navias Foundation,83-0725746,2020,990-PF XV 3a paid,1800,Friends of the Israel Defense Forces (13-3156445),EDUCATIONAL,https://projects.propublica.org/nonprofits/organizations/830725746/202133199349102188/IRS990PF,full return read (automated row extraction; not individually checked)
Louis And Arlene Navias Foundation,83-0725746,2021,990-PF XV 3a paid,1800,Friends of the Israel Defense Forces (13-3156445),EDUCATIONAL,https://projects.propublica.org/nonprofits/organizations/830725746/202233139349102493/IRS990PF,full return read (automated row extraction; not individually checked)
Louis And Arlene Navias Foundation,83-0725746,2022,990-PF XV 3a paid,1800,Friends of the Israel Defense Forces (13-3156445),EDUCATIONAL,https://projects.propublica.org/nonprofits/organizations/830725746/202323109349101172/IRS990PF,full return read (automated row extraction; not individually checked)
Louis And Arlene Navias Foundation,83-0725746,2023,990-PF XV 3a paid,1800,Friends of the Israel Defense Forces (13-3156445),EDUCATIONAL,https://projects.propublica.org/nonprofits/organizations/830725746/202413129349100741/IRS990PF,full return read (automated row extraction; not individually checked)
Louis And Arlene Navias Foundation,83-0725746,2024,990-PF XV 3a paid,1800,Friends of the Israel Defense Forces (13-3156445),EDUCATIONAL,https://projects.propublica.org/nonprofits/organizations/830725746/202523169349103312/IRS990PF,full return read (automated row extraction; not individually checked)
Louis And Helen Fanaroff Charitable Foundation Ltd,52-1276724,2019,990-PF XV 3a paid,4600,Friends of the Israel Defense Forces (13-3156445),GENERAL SUPPORT,https://projects.propublica.org/nonprofits/organizations/521276724/202003159349100125/IRS990PF,full return read (automated row extraction; not individually checked)
Louis N Cassett Foundation,23-6274038,2021,990-PF XV 3a paid,7500,Friends of the Israel Defense Forces (13-3156445),TO FURTHER EXEMPT PURPOSE,https://projects.propublica.org/nonprofits/organizations/236274038/202221879349100307/IRS990PF,full return read (automated row extraction; not individually checked)
Louis N Cassett Foundation,23-6274038,2023,990-PF XV 3a paid,8500,Friends of the Israel Defense Forces (13-3156445),TO FURTHER EXEMPT PURPOSE,https://projects.propublica.org/nonprofits/organizations/236274038/202412339349100716/IRS990PF,full return read (automated row extraction; not individually checked)
Louis S And Barbara L Kahn Family Foundation,36-3891939,2019,990-PF XV 3a paid,100,Friends of the Israel Defense Forces (13-3156445),GENERAL SUPPORT,https://projects.propublica.org/nonprofits/organizations/363891939/202032409349100118/IRS990PF,full return read (automated row extraction; not individually checked)
Louis S And Barbara L Kahn Family Foundation,36-3891939,2023,990-PF XV 3a paid,36,Friends of the Israel Defense Forces (13-3156445),GENERAL SUPPORT,https://projects.propublica.org/nonprofits/organizations/363891939/202431359349101913/IRS990PF,full return read (automated row extraction; not individually checked)
Louis S And Barbara L Kahn Family Foundation,36-3891939,2024,990-PF XV 3a paid,100,Friends of the Israel Defense Forces (13-3156445),GENERAL SUPPORT,https://projects.propublica.org/nonprofits/organizations/363891939/202512479349100626/IRS990PF,full return read (automated row extraction; not individually checked)
Louis Sobelman Family Foundation,33-1181235,2020,990-PF XV 3a paid,50000,Friends of the Israel Defense Forces (13-3156445),GENERAL OPERATING SUPPORT,https://projects.propublica.org/nonprofits/organizations/331181235/202113089349101726/IRS990PF,full return read (row individually checked)
Louis Sobelman Family Foundation,33-1181235,2021,990-PF XV 3a paid,50000,Friends of the Israel Defense Forces (13-3156445),GENERAL OPERATING SUPPORT,https://projects.propublica.org/nonprofits/organizations/331181235/202231339349101303/IRS990PF,full return read (row individually checked)
Louis Sobelman Family Foundation,33-1181235,2022,990-PF XV 3a paid,85000,Friends of the Israel Defense Forces (13-3156445),GENERAL OPERATING SUPPORT,https://projects.propublica.org/nonprofits/organizations/331181235/202331299349104808/IRS990PF,full return read (row individually checked)
Louis Sobelman Family Foundation,33-1181235,2023,990-PF XV 3a paid,1000000,Friends of the Israel Defense Forces (13-3156445),GENERAL OPERATING SUPPORT,https://projects.propublica.org/nonprofits/organizations/331181235/202401509349100325/IRS990PF,full return read (row individually checked)
Louis Sobelman Family Foundation,33-1181235,2024,990-PF XV 3a paid,1798171,Friends of the Israel Defense Forces (13-3156445),GENERAL OPERATING SUPPORT,https://projects.propublica.org/nonprofits/organizations/331181235/202531329349100423/IRS990PF,full return read (row individually checked)
Louise Chazen Banon Fam Charitable Tr,13-7310547,2020,990-PF XV 3a paid,1800,Friends of the Israel Defense Forces (13-3156445),GENERAL PURPOSE,https://projects.propublica.org/nonprofits/organizations/137310547/202113169349104701/IRS990PF,full return read (automated row extraction; not individually checked)
Louise Chazen Banon Fam Charitable Tr,13-7310547,2024,990-PF XV 3a paid,3600,Friends of the Israel Defense Forces (13-3156445),GENERAL SUPPORT,https://projects.propublica.org/nonprofits/organizations/137310547/202512479349100401/IRS990PF,full return read (automated row extraction; not individually checked)
Louise Chazen Banon Fam Charitable Tr,13-7310547,2025,990-PF XV 3a paid,3600,Friends of the Israel Defense Forces (13-3156445),GENERAL SUPPORT,https://projects.propublica.org/nonprofits/organizations/137310547/202602229349100305/IRS990PF,full return read (automated row extraction; not individually checked)
Lumina Foundation For Education Inc,35-1813228,2019,990-PF XV 3a paid,1500,Friends of the Israel Defense Forces (13-3156445),"To support the well-being of IDF soldiers, veterans, and family members.",https://projects.propublica.org/nonprofits/organizations/351813228/202003189349100520/IRS990PF,full return read (automated row extraction; not individually checked)
M B And Edna Zale Foundation,75-6037429,2019,990-PF XV 3a paid,1000,Friends of the Israel Defense Forces (13-3156445),RELIGIOUS,https://projects.propublica.org/nonprofits/organizations/756037429/202032829349100118/IRS990PF,full return read (automated row extraction; not individually checked)
M&d Bawabeh Foundation Inc,20-4973858,2023,990-PF XV 3a paid,52000,Friends of the Israel Defense Forces (13-3156445),501C3 FUFILL ORGANIZATIONS MISSION,https://projects.propublica.org/nonprofits/organizations/204973858/202512889349101331/IRS990PF,full return read (automated row extraction; not individually checked)
Maalot,47-2059755,2021,990 Schedule I,10950,Friends of the Israel Defense Forces (13-3156445),GENERAL SUPPORT,https://projects.propublica.org/nonprofits/organizations/472059755/202243199349332714/IRS990ScheduleI,full return read (automated row extraction; not individually checked)
Malkin Fund Inc,13-3749046,2016,990-PF XV 3a paid,10000,Friends of the Israel Defense Forces (13-3156445),CHARITABLE GRANT,https://projects.propublica.org/nonprofits/organizations/133749046/201703199349100935/IRS990PF,full return read (automated row extraction; not individually checked)
Malkin Fund Inc,13-3749046,2017,990-PF XV 3a paid,10000,Friends of the Israel Defense Forces (13-3156445),CONTRIBUTION TO FURTHER DONEE'S EXEMPT PURPOSE,https://projects.propublica.org/nonprofits/organizations/133749046/201813199349100636/IRS990PF,full return read (automated row extraction; not individually checked)
Malvin & Greta Roesch Foundation,22-3516156,2021,990-PF XV 3a paid,3,Friends of the Israel Defense Forces (13-3156445),501(C),https://projects.propublica.org/nonprofits/organizations/223516156/202241369349101904/IRS990PF,full return read (automated row extraction; not individually checked)
Malvin & Greta Roesch Foundation,22-3516156,2023,990-PF XV 3a paid,3,Friends of the Israel Defense Forces (13-3156445),501(C),https://projects.propublica.org/nonprofits/organizations/223516156/202423129349101007/IRS990PF,full return read (automated row extraction; not individually checked)
Malvin & Greta Roesch Foundation,22-3516156,2024,990-PF XV 3a paid,3,Friends of the Israel Defense Forces (13-3156445),501(C),https://projects.propublica.org/nonprofits/organizations/223516156/202511339349103656/IRS990PF,full return read (automated row extraction; not individually checked)
Malvin And Ruth Kaufman Foundation,36-3487824,2022,990-PF XV 3a paid,2066,Friends of the Israel Defense Forces (13-3156445),GENERAL CHARITABLE PURPOSE,https://projects.propublica.org/nonprofits/organizations/363487824/202440369349100404/IRS990PF,full return read (automated row extraction; not individually checked)
Many Thanks Foundation,46-1623579,2024,990-PF XV 3a paid,2500,Friends of the Israel Defense Forces (13-3156445),CHARITABLE,https://projects.propublica.org/nonprofits/organizations/461623579/202501829349100215/IRS990PF,full return read (automated row extraction; not individually checked)
Marc And Diane Spilker Foundation,13-3933345,2022,990-PF XV 3a paid,5000,Friends of the Israel Defense Forces (13-3156445),UNRELATED PC GENERAL CHARITABLE PURPOSE,https://projects.propublica.org/nonprofits/organizations/133933345/202411319349100441/IRS990PF,full return read (automated row extraction; not individually checked)
Marc J Leder Foundation Inc,27-1815293,2021,990-PF XV 3a paid,10000,Friends of the Israel Defense Forces (13-3156445),TO FUND THE CHARITABLE PURPOSE OF THE ORGANIZATION.,https://projects.propublica.org/nonprofits/organizations/271815293/202322279349100827/IRS990PF,full return read (automated row extraction; not individually checked)
Marcia & Mark Miller Family Foundat,27-4000143,2018,990-PF XV 3a paid,3600,Friends of the Israel Defense Forces (13-3156445),70th Anniversary Sponsor Program,https://projects.propublica.org/nonprofits/organizations/274000143/201931339349103343/IRS990PF,full return read (automated row extraction; not individually checked)
Marcovici Family Charitable Tr,82-6760546,2023,990-PF XV 3a paid,24800,Friends of the Israel Defense Forces (13-3156445),GENERAL PURPOSE,https://projects.propublica.org/nonprofits/organizations/826760546/202423129349100012/IRS990PF,full return read (automated row extraction; not individually checked)
Marcus Foundation Inc,58-1815651,2020,990-PF XV 3a paid,18000,Friends of the Israel Defense Forces (13-3156445),TO SUPPORT THE EXEMPT PURPOSE OF THE RECIPIENT ORGANIZATION,https://projects.propublica.org/nonprofits/organizations/581815651/202103159349100600/IRS990PF,full return read (row individually checked)
Marcus Foundation Inc,58-1815651,2020,990-PF XV 3a paid,300000,Friends of the Israel Defense Forces (13-3156445),TO SUPPORT THE EXEMPT PURPOSE OF THE RECIPIENT ORGANIZATION,https://projects.propublica.org/nonprofits/organizations/581815651/202103159349100600/IRS990PF,full return read (row individually checked)
Marcus Foundation Inc,58-1815651,2020,990-PF XV 3a paid,800,Friends of the Israel Defense Forces (13-3156445),OPERATING EXPENSES,https://projects.propublica.org/nonprofits/organizations/581815651/202103159349100600/IRS990PF,full return read (row individually checked)
Marcus Foundation Inc,58-1815651,2020,990-PF XV 3a paid,1000000,Friends of the Israel Defense Forces (13-3156445),TO SUPPORT THE EXEMPT PURPOSE OF THE RECIPIENT ORGANIZATION,https://projects.propublica.org/nonprofits/organizations/581815651/202103159349100600/IRS990PF,full return read (row individually checked)
Marcus Foundation Inc,58-1815651,2021,990-PF XV 3a paid,18000,Friends of the Israel Defense Forces (13-3156445),TO SUPPORT THE EXEMPT PURPOSE OF THE RECIPIENT ORGANIZATION,https://projects.propublica.org/nonprofits/organizations/581815651/202223159349102602/IRS990PF,full return read (row individually checked)
Marcus Foundation Inc,58-1815651,2021,990-PF XV 3a paid,300000,Friends of the Israel Defense Forces (13-3156445),TO SUPPORT THE EXEMPT PURPOSE OF THE RECIPIENT ORGANIZATION,https://projects.propublica.org/nonprofits/organizations/581815651/202223159349102602/IRS990PF,full return read (row individually checked)
Marcus Foundation Inc,58-1815651,2021,990-PF XV 3a paid,1000000,Friends of the Israel Defense Forces (13-3156445),TO SUPPORT THE EXEMPT PURPOSE OF THE RECIPIENT ORGANIZATION,https://projects.propublica.org/nonprofits/organizations/581815651/202223159349102602/IRS990PF,full return read (row individually checked)
Marcus Foundation Inc,58-1815651,2022,990-PF XV 3a paid,1378000,Friends of the Israel Defense Forces (13-3156445),TO SUPPORT THE EXEMPT PURPOSE OF THE RECIPIENT ORGANIZATION,https://projects.propublica.org/nonprofits/organizations/581815651/202313179349101921/IRS990PF,full return read (row individually checked)
Marcy & Leona Chanin Fdn Inc,23-7156719,2023,990-PF XV 3a paid,2500,Friends of the Israel Defense Forces (13-3156445),PUBLICCHARITY CHARITABLE,https://projects.propublica.org/nonprofits/organizations/237156719/202413279349100006/IRS990PF,full return read (automated row extraction; not individually checked)
Marian F & Horace Y Rogers Char Tr,25-6793971,2023,990-PF XV 3a paid,7500,Friends of the Israel Defense Forces (13-3156445),GENERAL SUPPORT,https://projects.propublica.org/nonprofits/organizations/256793971/202411309349103426/IRS990PF,full return read (automated row extraction; not individually checked)
Marion & Norman Tanzman Charitable Foundation,22-3506061,2017,990-PF XV 3a paid,2500,Friends of the Israel Defense Forces (13-3156445),EXEMPT CHARITABLE,https://projects.propublica.org/nonprofits/organizations/223506061/201821509349100807/IRS990PF,full return read (automated row extraction; not individually checked)
Marisa And Richard Stadtmauer Family Foundation Inc,22-3695402,2012,990-PF XV 3a paid,1000,Friends of the Israel Defense Forces (13-3156445),GENERAL PURPOSE,https://projects.propublica.org/nonprofits/organizations/223695402/201420509349100402/IRS990PF,full return read (automated row extraction; not individually checked)
Marisa And Richard Stadtmauer Family Foundation Inc,22-3695402,2013,990-PF XV 3a paid,2180,Friends of the Israel Defense Forces (13-3156445),GENERAL PURPOSE,https://projects.propublica.org/nonprofits/organizations/223695402/201502569349100300/IRS990PF,full return read (automated row extraction; not individually checked)
Marisa And Richard Stadtmauer Family Foundation Inc,22-3695402,2014,990-PF XV 3a paid,1000,Friends of the Israel Defense Forces (13-3156445),GENERAL PURPOSE,https://projects.propublica.org/nonprofits/organizations/223695402/201610679349100101/IRS990PF,full return read (automated row extraction; not individually checked)
Marisa And Richard Stadtmauer Family Foundation Inc,22-3695402,2015,990-PF XV 3a paid,1000,Friends of the Israel Defense Forces (13-3156445),GENERAL PURPOSE,https://projects.propublica.org/nonprofits/organizations/223695402/201701669349100305/IRS990PF,full return read (automated row extraction; not individually checked)
Marisa And Richard Stadtmauer Family Foundation Inc,22-3695402,2023,990-PF XV 3a paid,3600,Friends of the Israel Defense Forces (13-3156445),GENERAL SUPPORT,https://projects.propublica.org/nonprofits/organizations/223695402/202512839349101206/IRS990PF,full return read (automated row extraction; not individually checked)
Marjorie Cohen Stanzler Charitable Tr,04-6955868,2014,990-PF XV 3a paid,20000,Friends of the Israel Defense Forces (13-3156445),CHARITY TO AID GENERAL OPERATIONS,https://projects.propublica.org/nonprofits/organizations/46955868/201501709349100600/IRS990PF,full return read (automated row extraction; not individually checked)
Marjory And Donald Epstein Family Charitable Foundation,38-3350806,2024,990-PF XV 3a paid,3,Friends of the Israel Defense Forces (13-3156445),501(C),https://projects.propublica.org/nonprofits/organizations/383350806/202541049349100609/IRS990PF,full return read (automated row extraction; not individually checked)
Marjory And Donald Epstein Family Charitable Foundation,38-3350806,2025,990-PF XV 3a paid,10000,Friends of the Israel Defense Forces (13-3156445),GENERAL SUPPORT,https://projects.propublica.org/nonprofits/organizations/383350806/202601039349100130/IRS990PF,full return read (automated row extraction; not individually checked)
Mark & Nina Feldman Family Foundation,22-2770566,2024,990-PF XV 3a paid,2000,Friends of the Israel Defense Forces (13-3156445),UNRESTRICTED GRANT TO SUPPORT THE ORGANIZATION'S EXEMPT PURPOSE.,https://projects.propublica.org/nonprofits/organizations/222770566/202533019349101203/IRS990PF,full return read (automated row extraction; not individually checked)
Marla And Joseph Shafran Foundation,34-1613094,2024,990-PF XV 3a paid,230,Friends of the Israel Defense Forces (13-3156445),GENERAL OPERATING SUPPORT,https://projects.propublica.org/nonprofits/organizations/341613094/202542759349100704/IRS990PF,full return read (automated row extraction; not individually checked)
Marlis Foundation Inc,52-2283527,2022,990-PF XV 3a paid,10000,Friends of the Israel Defense Forces (13-3156445),OPERATIONS,https://projects.propublica.org/nonprofits/organizations/522283527/202330809349100013/IRS990PF,full return read (automated row extraction; not individually checked)
Marlis Foundation Inc,52-2283527,2023,990-PF XV 3a paid,7500,Friends of the Israel Defense Forces (13-3156445),OPERATIONS,https://projects.propublica.org/nonprofits/organizations/522283527/202441449349101124/IRS990PF,full return read (automated row extraction; not individually checked)
Marlis Foundation Inc,52-2283527,2024,990-PF XV 3a paid,7500,Friends of the Israel Defense Forces (13-3156445),OPERATIONS,https://projects.propublica.org/nonprofits/organizations/522283527/202520989349100807/IRS990PF,full return read (automated row extraction; not individually checked)
Marlis Foundation Inc,52-2283527,2025,990-PF XV 3a paid,9000,Friends of the Israel Defense Forces (13-3156445),OPERATIONS,https://projects.propublica.org/nonprofits/organizations/522283527/202630879349100203/IRS990PF,full return read (automated row extraction; not individually checked)
Marshall Family Philanthropic Fund,47-1884075,2019,990-PF XV 3a paid,5000,Friends of the Israel Defense Forces (13-3156445),General support,https://projects.propublica.org/nonprofits/organizations/471884075/202032689349100803/IRS990PF,full return read (automated row extraction; not individually checked)
Martin B Greenberg Foundation Inc,51-0352079,2014,990-PF XV 3a paid,1000,Friends of the Israel Defense Forces (13-3156445),PRIVATE DEFENSE FORCESSUPPORT ISRAELSOLDIERS,https://projects.propublica.org/nonprofits/organizations/510352079/201533209349103753/IRS990PF,full return read (automated row extraction; not individually checked)
Martin S Berger Family Foundation,26-1573171,2023,990-PF XV 3a paid,500,Friends of the Israel Defense Forces (13-3156445),UNRESTRICTED CHARITABLE GIFT,https://projects.propublica.org/nonprofits/organizations/261573171/202421699349100622/IRS990PF,full return read (automated row extraction; not individually checked)
Martin Salomon Morton And Gustel Schreiber Morton Foundation,04-3357627,2020,990-PF XV 3a paid,3000,Friends of the Israel Defense Forces (13-3156445),SCHOLARSHIP AND VETERAN SUPPORT,https://projects.propublica.org/nonprofits/organizations/43357627/202112989349100401/IRS990PF,full return read (automated row extraction; not individually checked)
Martin Salomon Morton And Gustel Schreiber Morton Foundation,04-3357627,2022,990-PF XV 3a paid,3000,Friends of the Israel Defense Forces (13-3156445),SCHOLARSHIP AND VETERAN SUPPORT,https://projects.propublica.org/nonprofits/organizations/43357627/202332979349100538/IRS990PF,full return read (automated row extraction; not individually checked)
Martin Salomon Morton And Gustel Schreiber Morton Foundation,04-3357627,2023,990-PF XV 3a paid,8000,Friends of the Israel Defense Forces (13-3156445),SUPPORT EFFORTS IN DEALING WITH THE EFFECTS OF THE HAMAS OCTOBER ATTACK AND TERRORISM,https://projects.propublica.org/nonprofits/organizations/43357627/202432989349100638/IRS990PF,full return read (automated row extraction; not individually checked)
Marvin And Betty Danto Family Foundation,20-3896742,2020,990-PF XV 3a paid,34000,Friends of the Israel Defense Forces (13-3156445),UNRESTRICTED CHARITABLE GIFT,https://projects.propublica.org/nonprofits/organizations/203896742/202131349349102268/IRS990PF,full return read (automated row extraction; not individually checked)
Marvin And Betty Danto Family Foundation,20-3896742,2021,990-PF XV 3a paid,34000,Friends of the Israel Defense Forces (13-3156445),UNRESTRICTED CHARITABLE GIFT,https://projects.propublica.org/nonprofits/organizations/203896742/202241369349101899/IRS990PF,full return read (automated row extraction; not individually checked)
Marvin And Betty Danto Family Foundation,20-3896742,2023,990-PF XV 3a paid,59000,Friends of the Israel Defense Forces (13-3156445),UNRESTRICTED CHARITABLE GIFT,https://projects.propublica.org/nonprofits/organizations/203896742/202441359349103449/IRS990PF,full return read (automated row extraction; not individually checked)
Marvin And Betty Danto Family Foundation,20-3896742,2024,990-PF XV 3a paid,220000,Friends of the Israel Defense Forces (13-3156445),UNRESTRICTED CHARITABLE GIFT,https://projects.propublica.org/nonprofits/organizations/203896742/202501339349104250/IRS990PF,full return read (automated row extraction; not individually checked)
Marvin And Betty Danto Family Foundation,20-3896742,2025,990-PF XV 3a paid,170000,Friends of the Israel Defense Forces (13-3156445),UNRESTRICTED CHARITABLE GIFT,https://projects.propublica.org/nonprofits/organizations/203896742/202641359349102269/IRS990PF,full return read (automated row extraction; not individually checked)
Marvin H Weiner Foundation Inc,82-4261194,2023,990-PF XV 3a paid,240000,Friends of the Israel Defense Forces (13-3156445),FUNDS FOR PURCHASE OF MEDICAL EQUIPMENT,https://projects.propublica.org/nonprofits/organizations/824261194/202431349349101563/IRS990PF,full return read (automated row extraction; not individually checked)
Mary And Emanuel Rosenfeld Foundation No 2,46-1051189,2023,990-PF XV 3a paid,10000,Friends of the Israel Defense Forces (13-3156445),SUPPORT FOR DAILY,https://projects.propublica.org/nonprofits/organizations/461051189/202443069349101524/IRS990PF,full return read (automated row extraction; not individually checked)
Mary And Emanuel Rosenfeld Foundation No 2,46-1051189,2024,990-PF XV 3a paid,10000,Friends of the Israel Defense Forces (13-3156445),SUPPORT FOR DAILY,https://projects.propublica.org/nonprofits/organizations/461051189/202532869349100913/IRS990PF,full return read (automated row extraction; not individually checked)
Mary And Emanuel Rosenfeld Foundation No 2,46-1051189,2025,990-PF XV 3a paid,5000,Friends of the Israel Defense Forces (13-3156445),SUPPORT FOR DAILY,https://projects.propublica.org/nonprofits/organizations/461051189/202621289349103407/IRS990PF,full return read (automated row extraction; not individually checked)
Maschler Family Foundation,13-7268385,2023,990-PF XV 3a paid,25000,Friends of the Israel Defense Forces (13-3156445),financial assistance,https://projects.propublica.org/nonprofits/organizations/137268385/202421229349102412/IRS990PF,full return read (automated row extraction; not individually checked)
Maschler Family Foundation,13-7268385,2024,990-PF XV 3a paid,500,Friends of the Israel Defense Forces (13-3156445),financial assistance,https://projects.propublica.org/nonprofits/organizations/137268385/202541359349104244/IRS990PF,full return read (automated row extraction; not individually checked)
Maschler Family Foundation,13-7268385,2025,990-PF XV 3a paid,1000,Friends of the Israel Defense Forces (13-3156445),financial assistance,https://projects.propublica.org/nonprofits/organizations/137268385/202641319349104499/IRS990PF,full return read (automated row extraction; not individually checked)
Matalon Family Foundation Inc,23-7419408,2023,990-PF XV 3a paid,2000,Friends of the Israel Defense Forces (13-3156445),501C3 CHARITABLE,https://projects.propublica.org/nonprofits/organizations/237419408/202433449349100703/IRS990PF,full return read (automated row extraction; not individually checked)
Matthew And Tracy Smith Foundation,27-6974020,2020,990-PF XV 3a paid,5000,Friends of the Israel Defense Forces (13-3156445),GENERAL PURPOSE,https://projects.propublica.org/nonprofits/organizations/276974020/202212079349100701/IRS990PF,full return read (automated row extraction; not individually checked)
Maurer Family Foundation Inc,35-1787262,2014,990-PF XV 3a paid,375,Friends of the Israel Defense Forces (13-3156445),CONTRIBUTION TO GENERAL FUND,https://projects.propublica.org/nonprofits/organizations/351787262/201523209349102117/IRS990PF,full return read (automated row extraction; not individually checked)
Maurice And Lena Russo Fam Foundation,47-2477939,2019,990-PF XV 3a paid,15000,Friends of the Israel Defense Forces (13-3156445),Charity PC Charitable,https://projects.propublica.org/nonprofits/organizations/472477939/202033219349103968/IRS990PF,full return read (automated row extraction; not individually checked)
Maurice And Lena Russo Fam Foundation,47-2477939,2022,990-PF XV 3a paid,15000,Friends of the Israel Defense Forces (13-3156445),Charitable,https://projects.propublica.org/nonprofits/organizations/472477939/202332509349100208/IRS990PF,full return read (automated row extraction; not individually checked)
Maurice And Lena Russo Fam Foundation,47-2477939,2023,990-PF XV 3a paid,15000,Friends of the Israel Defense Forces (13-3156445),CHARITABLE CONTRIBUTION,https://projects.propublica.org/nonprofits/organizations/472477939/202433169349100948/IRS990PF,full return read (automated row extraction; not individually checked)
Maurice And Lena Russo Fam Foundation,47-2477939,2024,990-PF XV 3a paid,15000,Friends of the Israel Defense Forces (13-3156445),CHARITABLE CONTRIBUTION,https://projects.propublica.org/nonprofits/organizations/472477939/202543219349107389/IRS990PF,full return read (automated row extraction; not individually checked)
Max And Lillian Rappaport Foundation For The Treatment And,22-3410986,2022,990-PF XV 3a paid,25000,Friends of the Israel Defense Forces (13-3156445),Trauma Treatment Programs,https://projects.propublica.org/nonprofits/organizations/223410986/202440699349100504/IRS990PF,full return read (automated row extraction; not individually checked)
Max Gruber Foundation Inc,11-6021912,2023,990-PF XV 3a paid,10000,Friends of the Israel Defense Forces (13-3156445),CHARITABLE,https://projects.propublica.org/nonprofits/organizations/116021912/202401279349102045/IRS990PF,full return read (automated row extraction; not individually checked)
Max Gruber Foundation Inc,11-6021912,2024,990-PF XV 3a paid,10000,Friends of the Israel Defense Forces (13-3156445),CHARITABLE,https://projects.propublica.org/nonprofits/organizations/116021912/202511279349102601/IRS990PF,full return read (automated row extraction; not individually checked)
Mazzetta Family Foundation,82-0575950,2013,990-PF XV 3a paid,8000,Friends of the Israel Defense Forces (13-3156445),General charitable,https://projects.propublica.org/nonprofits/organizations/820575950/201401229349100000/IRS990PF,full return read (automated row extraction; not individually checked)
Mazzetta Family Foundation,82-0575950,2014,990-PF XV 3a paid,8000,Friends of the Israel Defense Forces (13-3156445),General charitable,https://projects.propublica.org/nonprofits/organizations/820575950/201541209349100039/IRS990PF,full return read (automated row extraction; not individually checked)
Mazzetta Family Foundation,82-0575950,2017,990-PF XV 3a paid,8000,Friends of the Israel Defense Forces (13-3156445),General charitable,https://projects.propublica.org/nonprofits/organizations/820575950/201831209349100013/IRS990PF,full return read (automated row extraction; not individually checked)
Mazzetta Family Foundation,82-0575950,2018,990-PF XV 3a paid,8000,Friends of the Israel Defense Forces (13-3156445),General charitable,https://projects.propublica.org/nonprofits/organizations/820575950/201901269349101145/IRS990PF,full return read (automated row extraction; not individually checked)
Mazzetta Family Foundation,82-0575950,2019,990-PF XV 3a paid,8000,Friends of the Israel Defense Forces (13-3156445),General charitable,https://projects.propublica.org/nonprofits/organizations/820575950/202011339349100826/IRS990PF,full return read (automated row extraction; not individually checked)
Mazzetta Family Foundation,82-0575950,2020,990-PF XV 3a paid,8000,Friends of the Israel Defense Forces (13-3156445),General charitable,https://projects.propublica.org/nonprofits/organizations/820575950/202121269349101132/IRS990PF,full return read (automated row extraction; not individually checked)
Mb Foundation,36-4121337,2016,990-PF XV 3a paid,1000,Friends of the Israel Defense Forces (13-3156445),CHARITABLE ORG GENERAL,https://projects.propublica.org/nonprofits/organizations/364121337/201801379349100805/IRS990PF,full return read (automated row extraction; not individually checked)
Mbia Foundation Inc,13-4163899,2021,990-PF XV 3a paid,742,Friends of the Israel Defense Forces (13-3156445),GENERAL OPERATING PURPOSE,https://projects.propublica.org/nonprofits/organizations/134163899/202202079349100210/IRS990PF,full return read (automated row extraction; not individually checked)
Mckesson Foundation,94-3140036,2018,990-PF XV 3a paid,267,Friends of the Israel Defense Forces (13-3156445),Grant funds will be used to support the organization's charitable mission.,https://projects.propublica.org/nonprofits/organizations/943140036/202000499349100310/IRS990PF,full return read (automated row extraction; not individually checked)
Meer Family Foundation,38-3442773,2021,990-PF XV 3a paid,360,Friends of the Israel Defense Forces (13-3156445),GENERAL USE.,https://projects.propublica.org/nonprofits/organizations/383442773/202233189349102773/IRS990PF,full return read (automated row extraction; not individually checked)
Meer Family Foundation,38-3442773,2023,990-PF XV 3a paid,180,Friends of the Israel Defense Forces (13-3156445),GENERAL USE.,https://projects.propublica.org/nonprofits/organizations/383442773/202401319349100725/IRS990PF,full return read (automated row extraction; not individually checked)
Meidar Fam Charitable Tr,13-7516109,2015,990-PF XV 3a paid,100000,Friends of the Israel Defense Forces (13-3156445),SUPPORT FOR THE SOLDIERS WHO PROTECT ISRAEL AND JEWS WORLDWIDE,https://projects.propublica.org/nonprofits/organizations/137516109/201710319349100101/IRS990PF,full return read (automated row extraction; not individually checked)
Meidar Fam Charitable Tr,13-7516109,2016,990-PF XV 3a paid,100000,Friends of the Israel Defense Forces (13-3156445),SUPPORT FOR THE SOLDIERS WHO PROTECT ISRAEL AND JEWS WORLDWIDE,https://projects.propublica.org/nonprofits/organizations/137516109/201733199349101338/IRS990PF,full return read (automated row extraction; not individually checked)
Meidar Fam Charitable Tr,13-7516109,2018,990-PF XV 3a paid,50000,Friends of the Israel Defense Forces (13-3156445),SUPPORT FOR THE SOLDIERS WHO PROTECT ISRAEL AND JEWS WORLDWIDE,https://projects.propublica.org/nonprofits/organizations/137516109/201923199349102772/IRS990PF,full return read (automated row extraction; not individually checked)
Meidar Fam Charitable Tr,13-7516109,2019,990-PF XV 3a paid,150000,Friends of the Israel Defense Forces (13-3156445),SUPPORT FOR THE SOLDIERS WHO PROTECT ISRAEL AND JEWS WORLDWIDE,https://projects.propublica.org/nonprofits/organizations/137516109/202140589349100604/IRS990PF,full return read (automated row extraction; not individually checked)
Meidar Fam Charitable Tr,13-7516109,2020,990-PF XV 3a paid,100000,Friends of the Israel Defense Forces (13-3156445),SUPPORT FOR THE SOLDIERS WHO PROTECT ISRAEL AND JEWS WORLDWIDE,https://projects.propublica.org/nonprofits/organizations/137516109/202123199349101827/IRS990PF,full return read (automated row extraction; not individually checked)
Mel And Mara Gober Foundation Inc,46-1553245,2021,990-PF XV 3a paid,3,Friends of the Israel Defense Forces (13-3156445),501(C),https://projects.propublica.org/nonprofits/organizations/461553245/202223159349101752/IRS990PF,full return read (automated row extraction; not individually checked)
Melanol Foundation,13-6066278,2012,990-PF XV 3a paid,2000,Friends of the Israel Defense Forces (13-3156445),FOR DONEE'S EXEMPT PURPOSE,https://projects.propublica.org/nonprofits/organizations/136066278/201412199349100756/IRS990PF,full return read (automated row extraction; not individually checked)
Melanol Foundation,13-6066278,2013,990-PF XV 3a paid,3000,Friends of the Israel Defense Forces (13-3156445),FOR DONEE'S EXEMPT PURPOSE,https://projects.propublica.org/nonprofits/organizations/136066278/201521609349100162/IRS990PF,full return read (automated row extraction; not individually checked)
Melanol Foundation,13-6066278,2015,990-PF XV 3a paid,2000,Friends of the Israel Defense Forces (13-3156445),FOR DONEE'S EXEMPT PURPOSE,https://projects.propublica.org/nonprofits/organizations/136066278/201730749349100708/IRS990PF,full return read (automated row extraction; not individually checked)
Melanol Foundation,13-6066278,2016,990-PF XV 3a paid,1000,Friends of the Israel Defense Forces (13-3156445),FOR DONEE'S EXEMPT PURPOSE,https://projects.propublica.org/nonprofits/organizations/136066278/201800879349100100/IRS990PF,full return read (automated row extraction; not individually checked)
Melanol Foundation,13-6066278,2017,990-PF XV 3a paid,1000,Friends of the Israel Defense Forces (13-3156445),FOR DONEE'S EXEMPT PURPOSE,https://projects.propublica.org/nonprofits/organizations/136066278/201901259349100000/IRS990PF,full return read (automated row extraction; not individually checked)
Melanol Foundation,13-6066278,2018,990-PF XV 3a paid,1000,Friends of the Israel Defense Forces (13-3156445),FOR DONEE'S EXEMPT PURPOSE,https://projects.propublica.org/nonprofits/organizations/136066278/202000289349100000/IRS990PF,full return read (automated row extraction; not individually checked)
Melanol Foundation,13-6066278,2018,990-PF XV 3a paid,1000,Friends of the Israel Defense Forces (13-3156445),FOR DONEE'S EXEMPT PURPOSE.,https://projects.propublica.org/nonprofits/organizations/136066278/202000289349100000/IRS990PF,full return read (automated row extraction; not individually checked)
Melvin & Ryna Cohen Foundation,04-2670128,2019,990-PF XV 3a paid,10000,Friends of the Israel Defense Forces (13-3156445),TO PROVIDE SUPPORT,https://projects.propublica.org/nonprofits/organizations/42670128/202222299349100702/IRS990PF,full return read (automated row extraction; not individually checked)
Melvin & Ryna Cohen Foundation,04-2670128,2020,990-PF XV 3a paid,10000,Friends of the Israel Defense Forces (13-3156445),TO PROVIDE SUPPORT,https://projects.propublica.org/nonprofits/organizations/42670128/202212279349100321/IRS990PF,full return read (automated row extraction; not individually checked)
Melvin H Seder Foundation,95-4562825,2023,990-PF XV 3a paid,1000,Friends of the Israel Defense Forces (13-3156445),501(C) CHARITABLE,https://projects.propublica.org/nonprofits/organizations/954562825/202432259349101103/IRS990PF,full return read (automated row extraction; not individually checked)
Melvin H Seder Foundation,95-4562825,2024,990-PF XV 3a paid,2352,Friends of the Israel Defense Forces (13-3156445),501(C) CHARITABLE,https://projects.propublica.org/nonprofits/organizations/954562825/202543079349101134/IRS990PF,full return read (automated row extraction; not individually checked)
Melvin S Cutler Charitable Foundation,04-2733957,2018,990-PF XV 3a paid,1800,Friends of the Israel Defense Forces (13-3156445),OTHER PUBLIC CHARITY GENERAL,https://projects.propublica.org/nonprofits/organizations/42733957/201923509349100602/IRS990PF,full return read (automated row extraction; not individually checked)
Melvyn & Irene Greenstein Family Foundation Inc,65-0882483,2013,990-PF XV 3a paid,100,Friends of the Israel Defense Forces (13-3156445),INDEPENDENT THIRD PARTY CHARITY PUBLIC CHARITY TO HELP FURTHER THE PROGRESS OF THE ORGANIZATION'S CHARITABLE AND EDUCATIONAL ACTIVITIES.,https://projects.propublica.org/nonprofits/organizations/650882483/201422519349100012/IRS990PF,full return read (automated row extraction; not individually checked)
Melvyn & Irene Greenstein Family Foundation Inc,65-0882483,2014,990-PF XV 3a paid,200,Friends of the Israel Defense Forces (13-3156445),INDEPENDENT THIRD PARTY CHAR PUBLIC CHARITY TO HELP FURTHER THE PROGRESS OF THE ORGANIZATION'S CHARITABLE AND EDUCATIONAL ACTIVITIES.,https://projects.propublica.org/nonprofits/organizations/650882483/201501919349100315/IRS990PF,full return read (automated row extraction; not individually checked)
Melvyn & Irene Greenstein Family Foundation Inc,65-0882483,2016,990-PF XV 3a paid,250,Friends of the Israel Defense Forces (13-3156445),TO HELP FURTHER THE PROGRESS OF THE ORGANIZATION'S CHARITABLE AND EDUCATIONAL ACTIVITIES,https://projects.propublica.org/nonprofits/organizations/650882483/201810319349100331/IRS990PF,full return read (automated row extraction; not individually checked)
Meritage Cares Foundation,46-5059067,2015,990-PF XV 3a paid,5000,Friends of the Israel Defense Forces (13-3156445),IMPACT! Scholarship Fund,https://projects.propublica.org/nonprofits/organizations/465059067/201621269349100747/IRS990PF,full return read (automated row extraction; not individually checked)
Mervyn H And Leslie D Sternberg Foundation Inc,38-2707908,2013,990-PF XV 3a paid,250,Friends of the Israel Defense Forces (13-3156445),"SUPPORT SOLDIERS OF THE ISRAEL DEFENSE FORCES THROUGH SOCIAL, EDUCATIONAL, CULTURAL AND RECREATIONAL PROGRAMS",https://projects.propublica.org/nonprofits/organizations/382707908/201501959349100500/IRS990PF,full return read (automated row extraction; not individually checked)
Mervyn H And Leslie D Sternberg Foundation Inc,38-2707908,2018,990-PF XV 3a paid,125,Friends of the Israel Defense Forces (13-3156445),"SUPPORT SOLDIERS OF THE ISRAEL DEFENSE FORCES THROUGH SOCIAL, EDUCATIONAL, CULTURAL AND RECREATIONAL PROGRAMS",https://projects.propublica.org/nonprofits/organizations/382707908/202030649349100523/IRS990PF,full return read (automated row extraction; not individually checked)
Mervyn H And Leslie D Sternberg Foundation Inc,38-2707908,2022,990-PF XV 3a paid,1000,Friends of the Israel Defense Forces (13-3156445),"SUPPORT SOLDIERS OF THE ISRAEL DEFENSE FORCES THROUGH SOCIAL, EDUCATIONAL, CULTURAL AND RECREATIONAL PROGRAMS",https://projects.propublica.org/nonprofits/organizations/382707908/202313539349100756/IRS990PF,full return read (automated row extraction; not individually checked)
Meyers Foundation,31-6023945,2023,990-PF XV 3a paid,15000,Friends of the Israel Defense Forces (13-3156445),CHARITABLE CONTRIBUTION,https://projects.propublica.org/nonprofits/organizations/316023945/202431369349104908/IRS990PF,full return read (automated row extraction; not individually checked)
Meyers Foundation,31-6023945,2024,990-PF XV 3a paid,15000,Friends of the Israel Defense Forces (13-3156445),CHARITABLE CONTRIBUTION,https://projects.propublica.org/nonprofits/organizations/316023945/202541359349102769/IRS990PF,full return read (automated row extraction; not individually checked)
Meyers Foundation,31-6023945,2025,990-PF XV 3a paid,19000,Friends of the Israel Defense Forces (13-3156445),CHARITABLE CONTRIBUTION,https://projects.propublica.org/nonprofits/organizations/316023945/202611359349103721/IRS990PF,full return read (automated row extraction; not individually checked)
Michael And Deborah Gordon Charitable Foundation Inc,82-3687152,2024,990-PF XV 3a paid,10000,Friends of the Israel Defense Forces (13-3156445),UNRELATED PC PTSD PROGRAM FOR SERVICE MEMBERS,https://projects.propublica.org/nonprofits/organizations/823687152/202503179349103635/IRS990PF,full return read (automated row extraction; not individually checked)
Michael And Denise Mandelbaumfamily Foundation Inc,20-4694935,2014,990-PF XV 3a paid,360,Friends of the Israel Defense Forces (13-3156445),CHARITY CHARITY,https://projects.propublica.org/nonprofits/organizations/204694935/201542229349100124/IRS990PF,full return read (automated row extraction; not individually checked)
Michael And Denise Mandelbaumfamily Foundation Inc,20-4694935,2015,990-PF XV 3a paid,360,Friends of the Israel Defense Forces (13-3156445),CHARITY TO ASSIST WITH CHARITABLE FUND RAISING,https://projects.propublica.org/nonprofits/organizations/204694935/201613199349100426/IRS990PF,full return read (automated row extraction; not individually checked)
Michael And Denise Mandelbaumfamily Foundation Inc,20-4694935,2016,990-PF XV 3a paid,360,Friends of the Israel Defense Forces (13-3156445),CHARITY TO ASSIST WITH CHARITABLE FUND RAISING,https://projects.propublica.org/nonprofits/organizations/204694935/201733179349101763/IRS990PF,full return read (automated row extraction; not individually checked)
Michael And Denise Mandelbaumfamily Foundation Inc,20-4694935,2017,990-PF XV 3a paid,289,Friends of the Israel Defense Forces (13-3156445),CHARITY TO ASSIST WITH CHARITABLE FUND RAISING,https://projects.propublica.org/nonprofits/organizations/204694935/201843189349102144/IRS990PF,full return read (automated row extraction; not individually checked)
Michael And Denise Mandelbaumfamily Foundation Inc,20-4694935,2018,990-PF XV 3a paid,2254,Friends of the Israel Defense Forces (13-3156445),CHARITY TO ASSIST WITH CHARITABLE FUND RAISING,https://projects.propublica.org/nonprofits/organizations/204694935/201913179349100611/IRS990PF,full return read (automated row extraction; not individually checked)
Michael And Denise Mandelbaumfamily Foundation Inc,20-4694935,2019,990-PF XV 3a paid,645,Friends of the Israel Defense Forces (13-3156445),CHARITY TO ASSIST WITH CHARITABLE FUND RAISING,https://projects.propublica.org/nonprofits/organizations/204694935/202023219349103597/IRS990PF,full return read (automated row extraction; not individually checked)
Michael And Denise Mandelbaumfamily Foundation Inc,20-4694935,2021,990-PF XV 3a paid,250,Friends of the Israel Defense Forces (13-3156445),CHARITY CHARITYTO ASSIST WITH CHARITABLE FUND RAISING,https://projects.propublica.org/nonprofits/organizations/204694935/202213159349100816/IRS990PF,full return read (automated row extraction; not individually checked)
Michael And Denise Mandelbaumfamily Foundation Inc,20-4694935,2023,990-PF XV 3a paid,5000,Friends of the Israel Defense Forces (13-3156445),CHARITY CHARITY,https://projects.propublica.org/nonprofits/organizations/204694935/202423139349100947/IRS990PF,full return read (automated row extraction; not individually checked)
Michael And Merle Orlove Family Foundation Inc,65-1032895,2024,990-PF XV 3a paid,1000,Friends of the Israel Defense Forces (13-3156445),"TO TRANSFORM THE LIVES OF THE YOUNG MEN AND WOMEN OF IDF THROUGH EMPOWERING EDUCATIONAL, FINANCIAL, WELL-BEING AND CULTURAL INITIATIVES.",https://projects.propublica.org/nonprofits/organizations/651032895/202513119349100041/IRS990PF,full return read (automated row extraction; not individually checked)
Michael And Robin Psaros Family Foundation,47-1978258,2023,990-PF XV 3a paid,20000,Friends of the Israel Defense Forces (13-3156445),GENERAL,https://projects.propublica.org/nonprofits/organizations/471978258/202413179349103061/IRS990PF,full return read (automated row extraction; not individually checked)
Michael And Sheila Abiri Family Foundation,26-6161684,2024,990-PF XV 3a paid,18720,Friends of the Israel Defense Forces (13-3156445),PAYMENTS FOR GENERAL FUND,https://projects.propublica.org/nonprofits/organizations/266161684/202533219349101298/IRS990PF,full return read (automated row extraction; not individually checked)
Mickey Shapiro Charitable Tr,30-6068151,2024,990-PF XV 3a paid,50000,Friends of the Israel Defense Forces (13-3156445),CHARITABLE WITHOUT RESTRICTIONS,https://projects.propublica.org/nonprofits/organizations/306068151/202530919349100523/IRS990PF,full return read (automated row extraction; not individually checked)
Middle Road Foundation,13-3202345,2023,990-PF XV 3a paid,1000,Friends of the Israel Defense Forces (13-3156445),NON-PROFIT ORGANIZAT GENERAL PURPOSE,https://projects.propublica.org/nonprofits/organizations/133202345/202413209349101896/IRS990PF,full return read (automated row extraction; not individually checked)
Milk Money Foundation Inc,22-3669445,2014,990-PF XV 3a paid,1800,Friends of the Israel Defense Forces (13-3156445),general,https://projects.propublica.org/nonprofits/organizations/223669445/201501339349101040/IRS990PF,full return read (automated row extraction; not individually checked)
Milk Money Foundation Inc,22-3669445,2015,990-PF XV 3a paid,1800,Friends of the Israel Defense Forces (13-3156445),general,https://projects.propublica.org/nonprofits/organizations/223669445/201601769349100205/IRS990PF,full return read (automated row extraction; not individually checked)
Milk Money Foundation Inc,22-3669445,2016,990-PF XV 3a paid,1000,Friends of the Israel Defense Forces (13-3156445),general,https://projects.propublica.org/nonprofits/organizations/223669445/201701319349102195/IRS990PF,full return read (automated row extraction; not individually checked)
Milk Money Foundation Inc,22-3669445,2017,990-PF XV 3a paid,1000,Friends of the Israel Defense Forces (13-3156445),general,https://projects.propublica.org/nonprofits/organizations/223669445/201801309349101680/IRS990PF,full return read (automated row extraction; not individually checked)
Milk Money Foundation Inc,22-3669445,2018,990-PF XV 3a paid,1000,Friends of the Israel Defense Forces (13-3156445),general,https://projects.propublica.org/nonprofits/organizations/223669445/201900799349100005/IRS990PF,full return read (automated row extraction; not individually checked)
Milk Money Foundation Inc,22-3669445,2019,990-PF XV 3a paid,1000,Friends of the Israel Defense Forces (13-3156445),TO HELP ACTIVITIES OF VAR PUBLIC CHAR INST WHICH ARE EXEMPT UNDER 501 (C)(3),https://projects.propublica.org/nonprofits/organizations/223669445/202013079349100341/IRS990PF,full return read (automated row extraction; not individually checked)
Milk Money Foundation Inc,22-3669445,2020,990-PF XV 3a paid,1000,Friends of the Israel Defense Forces (13-3156445),TO HELP ACTIVITIES OF VAR PUBLIC CHAR INST WHICH ARE EXEMPT UNDER 501 (C)(3),https://projects.propublica.org/nonprofits/organizations/223669445/202121239349100407/IRS990PF,full return read (automated row extraction; not individually checked)
Milk Money Foundation Inc,22-3669445,2021,990-PF XV 3a paid,12000,Friends of the Israel Defense Forces (13-3156445),TO HELP ACTIVITIES OF VAR PUBLIC CHAR INST WHICH ARE EXEMPT UNDER 501 (C)(3),https://projects.propublica.org/nonprofits/organizations/223669445/202241319349105519/IRS990PF,full return read (automated row extraction; not individually checked)
Milk Money Foundation Inc,22-3669445,2022,990-PF XV 3a paid,1000,Friends of the Israel Defense Forces (13-3156445),TO HELP ACTIVITIES OF VAR PUBLIC CHAR INST WHICH ARE EXEMPT UNDER 501 (C)(3),https://projects.propublica.org/nonprofits/organizations/223669445/202322159349100312/IRS990PF,full return read (automated row extraction; not individually checked)
Milk Money Foundation Inc,22-3669445,2023,990-PF XV 3a paid,1000,Friends of the Israel Defense Forces (13-3156445),GENERAL SUPPORT,https://projects.propublica.org/nonprofits/organizations/223669445/202403069349101120/IRS990PF,full return read (automated row extraction; not individually checked)
Miller Family Endowment Inc,22-3761835,2023,990-PF XV 3a paid,500,Friends of the Israel Defense Forces (13-3156445),GENERAL OPERATIONS,https://projects.propublica.org/nonprofits/organizations/223761835/202413049349100221/IRS990PF,full return read (automated row extraction; not individually checked)
Miller Family Endowment Inc,22-3761835,2023,990-PF XV 3a paid,180,Friends of the Israel Defense Forces (13-3156445),GENERAL OPERATIONS,https://projects.propublica.org/nonprofits/organizations/223761835/202413049349100221/IRS990PF,full return read (automated row extraction; not individually checked)
Mills Fam Charitable Tr,30-6000363,2017,990-PF XV 3a paid,48000,Friends of the Israel Defense Forces (13-3156445),GENERAL FUNDING,https://projects.propublica.org/nonprofits/organizations/306000363/201831359349102273/IRS990PF,full return read (automated row extraction; not individually checked)
Mills Fam Charitable Tr,30-6000363,2021,990-PF XV 3a paid,16000,Friends of the Israel Defense Forces (13-3156445),GENERAL FUNDING,https://projects.propublica.org/nonprofits/organizations/306000363/202221369349105032/IRS990PF,full return read (automated row extraction; not individually checked)
Mills Fam Charitable Tr,30-6000363,2023,990-PF XV 3a paid,8000,Friends of the Israel Defense Forces (13-3156445),GENERAL FUNDING,https://projects.propublica.org/nonprofits/organizations/306000363/202421429349100627/IRS990PF,full return read (automated row extraction; not individually checked)
Milo Gen Foundation,92-1440681,2023,990-PF XV 3a paid,7000,Friends of the Israel Defense Forces (13-3156445),TO SUPPORT A COMMUNITY-BASED NONPROFIT ORGANIZATION WHOSE EFFORTS ARE ROOTED IN TRADITIONAL JEWISH VALUES.,https://projects.propublica.org/nonprofits/organizations/921440681/202423209349104347/IRS990PF,full return read (automated row extraction; not individually checked)
Milo Gen Foundation,92-1440681,2024,990-PF XV 3a paid,7000,Friends of the Israel Defense Forces (13-3156445),TO SUPPORT A COMMUNITY-BASED NONPROFIT ORGANIZATION WHOSE EFFORTS ARE ROOTED IN TRADITIONAL JEWISH VALUES.,https://projects.propublica.org/nonprofits/organizations/921440681/202533219349108158/IRS990PF,full return read (automated row extraction; not individually checked)
Milton & Tamar Maltz Family Foundation Inc,65-0164300,2013,990-PF XV 3a paid,2000,Friends of the Israel Defense Forces (13-3156445),UNRESTRICTED SUPPORT,https://projects.propublica.org/nonprofits/organizations/650164300/201441349349101814/IRS990PF,full return read (automated row extraction; not individually checked)
Milton & Tamar Maltz Family Foundation Inc,65-0164300,2015,990-PF XV 3a paid,2000,Friends of the Israel Defense Forces (13-3156445),UNRESTRICTED SUPPORT,https://projects.propublica.org/nonprofits/organizations/650164300/201642149349100009/IRS990PF,full return read (automated row extraction; not individually checked)
Milton & Tamar Maltz Family Foundation Inc,65-0164300,2016,990-PF XV 3a paid,2000,Friends of the Israel Defense Forces (13-3156445),UNRESTRICTED SUPPORT,https://projects.propublica.org/nonprofits/organizations/650164300/201703199349100910/IRS990PF,full return read (automated row extraction; not individually checked)
Milton & Tamar Maltz Family Foundation Inc,65-0164300,2017,990-PF XV 3a paid,2000,Friends of the Israel Defense Forces (13-3156445),UNRESTRICTED SUPPORT,https://projects.propublica.org/nonprofits/organizations/650164300/201813189349102491/IRS990PF,full return read (automated row extraction; not individually checked)
Milton & Tamar Maltz Family Foundation Inc,65-0164300,2019,990-PF XV 3a paid,2000,Friends of the Israel Defense Forces (13-3156445),NONE; PUBLIC CHARITY PUBLIC CHARITY UNRESTRICTED SUPPORT,https://projects.propublica.org/nonprofits/organizations/650164300/202023219349103927/IRS990PF,full return read (automated row extraction; not individually checked)
Milton & Tamar Maltz Family Foundation Inc,65-0164300,2022,990-PF XV 3a paid,2000,Friends of the Israel Defense Forces (13-3156445),NONE; PUBLIC CHARITY PC UNRESTRICTED SUPPORT,https://projects.propublica.org/nonprofits/organizations/650164300/202323189349103242/IRS990PF,full return read (automated row extraction; not individually checked)
Milton & Tamar Maltz Family Foundation Inc,65-0164300,2023,990-PF XV 3a paid,2000,Friends of the Israel Defense Forces (13-3156445),NONE; PUBLIC CHARITY PC UNRESTRICTED SUPPORT,https://projects.propublica.org/nonprofits/organizations/650164300/202413209349103126/IRS990PF,full return read (automated row extraction; not individually checked)
Milton And Lois Shiffman Family Support Foundation,38-2824407,2014,990 Schedule I,75000,Friends of the Israel Defense Forces (13-3156445),TO SUPPORT THE COMMUNITY,https://projects.propublica.org/nonprofits/organizations/382824407/201610369349301256/IRS990ScheduleI,full return read (automated row extraction; not individually checked)
Milton And Norma Cohen Family Foundation Inc,31-1781836,2023,990-PF XV 3a paid,6800,Friends of the Israel Defense Forces (13-3156445),Unrestricted contribution to help fund organization's charitable activities,https://projects.propublica.org/nonprofits/organizations/311781836/202500179349100510/IRS990PF,full return read (automated row extraction; not individually checked)
Milton Cooper Family Foundation,11-2831400,2013,990-PF XV 3a paid,10000,Friends of the Israel Defense Forces (13-3156445),GENERAL USE,https://projects.propublica.org/nonprofits/organizations/112831400/201423029349100602/IRS990PF,full return read (automated row extraction; not individually checked)
Milton Cooper Family Foundation,11-2831400,2015,990-PF XV 3a paid,20000,Friends of the Israel Defense Forces (13-3156445),GENERAL USE,https://projects.propublica.org/nonprofits/organizations/112831400/201621329349102222/IRS990PF,full return read (automated row extraction; not individually checked)
Milton Cooper Family Foundation,11-2831400,2016,990-PF XV 3a paid,20000,Friends of the Israel Defense Forces (13-3156445),GENERAL USE,https://projects.propublica.org/nonprofits/organizations/112831400/201743119349100739/IRS990PF,full return read (automated row extraction; not individually checked)
Milton Cooper Family Foundation,11-2831400,2017,990-PF XV 3a paid,15000,Friends of the Israel Defense Forces (13-3156445),GENERAL USE,https://projects.propublica.org/nonprofits/organizations/112831400/201821359349101612/IRS990PF,full return read (automated row extraction; not individually checked)
Milton Feldman Foundation Inc,13-6131460,2023,990-PF XV 3a paid,180,Friends of the Israel Defense Forces (13-3156445),GENERAL CHARITABLE PURPOSE,https://projects.propublica.org/nonprofits/organizations/136131460/202522579349100152/IRS990PF,full return read (automated row extraction; not individually checked)
Milton G Waldbaum Family Foundation,36-3611254,2023,990-PF XV 3a paid,4000,Friends of the Israel Defense Forces (13-3156445),GENERAL FUNDING,https://projects.propublica.org/nonprofits/organizations/363611254/202411289349104311/IRS990PF,full return read (automated row extraction; not individually checked)
Milton L Fish Jr Family Foundation Nfp,20-1890441,2014,990-PF XV 3a paid,686,Friends of the Israel Defense Forces (13-3156445),FUNDRAISING,https://projects.propublica.org/nonprofits/organizations/201890441/201541759349100204/IRS990PF,full return read (automated row extraction; not individually checked)
Milton L Fish Jr Family Foundation Nfp,20-1890441,2024,990-PF XV 3a paid,52,Friends of the Israel Defense Forces (13-3156445),FUNDRAISING,https://projects.propublica.org/nonprofits/organizations/201890441/202502169349101005/IRS990PF,full return read (automated row extraction; not individually checked)
Milwaukee Jewish Federation Inc,39-0806312,2012,990 Schedule I,10000,Friends of the Israel Defense Forces (13-3156445),GENERAL SUPPORT,https://projects.propublica.org/nonprofits/organizations/390806312/201400419349301070/IRS990ScheduleI,full return read (automated row extraction; not individually checked)
Mindel Foundation Tr,06-6462625,2019,990-PF XV 3a paid,2000,Friends of the Israel Defense Forces (13-3156445),CHARITABLE,https://projects.propublica.org/nonprofits/organizations/66462625/202023209349100312/IRS990PF,full return read (automated row extraction; not individually checked)
Minneapolis Jewish Federation,41-0693866,2019,990 Schedule I,6180,Friends of the Israel Defense Forces (13-3156445),GENERAL OPERATING SUPPORT,https://projects.propublica.org/nonprofits/organizations/410693866/202013159349303501/IRS990ScheduleI,full return read (automated row extraction; not individually checked)
Minneapolis Jewish Federation,41-0693866,2021,990 Schedule I,8500,Friends of the Israel Defense Forces (13-3156445),GENERAL OPERATING SUPPORT,https://projects.propublica.org/nonprofits/organizations/410693866/202213149349307466/IRS990ScheduleI,full return read (automated row extraction; not individually checked)
Minneapolis Jewish Federation,41-0693866,2024,990 Schedule I,33300,Friends of the Israel Defense Forces (13-3156445),GENERAL OPERATING SUPPORT,https://projects.propublica.org/nonprofits/organizations/410693866/202523219349322352/IRS990ScheduleI,full return read (automated row extraction; not individually checked)
Miriam And Arthur Diamond Charitable Trust,13-7093689,2023,990-PF XV 3a paid,320000,Friends of the Israel Defense Forces (13-3156445),GENERAL PURPOSES,https://projects.propublica.org/nonprofits/organizations/137093689/202411319349100141/IRS990PF,full return read (automated row extraction; not individually checked)
Miriam And Arthur Diamond Charitable Trust,13-7093689,2024,990-PF XV 3a paid,320000,Friends of the Israel Defense Forces (13-3156445),GENERAL PURPOSES,https://projects.propublica.org/nonprofits/organizations/137093689/202541299349102994/IRS990PF,full return read (automated row extraction; not individually checked)
Mirowsky Family Foundation Inc,52-2069951,2018,990-PF XV 3a paid,81000,Friends of the Israel Defense Forces (13-3156445),General,https://projects.propublica.org/nonprofits/organizations/522069951/201903179349101935/IRS990PF,full return read (automated row extraction; not individually checked)
Mirowsky Family Foundation Inc,52-2069951,2019,990-PF XV 3a paid,99000,Friends of the Israel Defense Forces (13-3156445),GENERAL,https://projects.propublica.org/nonprofits/organizations/522069951/202021959349102227/IRS990PF,full return read (automated row extraction; not individually checked)
Mitchell & Kathy Racoosin Family Foundation,52-7055720,2024,990-PF XV 3a paid,10000,Friends of the Israel Defense Forces (13-3156445),GENERAL OPERATING SUPPORT,https://projects.propublica.org/nonprofits/organizations/527055720/202542329349101104/IRS990PF,full return read (automated row extraction; not individually checked)
Mitchell And Hilarie Morgan Family Foundation Tr,25-6683715,2025,990-PF XV 3a paid,550,Friends of the Israel Defense Forces (13-3156445),GENERAL USE,https://projects.propublica.org/nonprofits/organizations/256683715/202611359349103511/IRS990PF,full return read (automated row extraction; not individually checked)
Modera Charitable Foundation,20-2056601,2020,990-PF XV 3a paid,100,Friends of the Israel Defense Forces (13-3156445),General & Unrestricted,https://projects.propublica.org/nonprofits/organizations/202056601/202111319349101606/IRS990PF,full return read (automated row extraction; not individually checked)
Moise Y Safra Foundation Inc,27-0521354,2023,990-PF XV 3a paid,100000,Friends of the Israel Defense Forces (13-3156445),GENERAL OPERATING DONATION,https://projects.propublica.org/nonprofits/organizations/270521354/202443189349103434/IRS990PF,full return read (automated row extraction; not individually checked)
Moise Y Safra Foundation Inc,27-0521354,2024,990-PF XV 3a paid,250000,Friends of the Israel Defense Forces (13-3156445),SOCIAL WELFARE,https://projects.propublica.org/nonprofits/organizations/270521354/202523109349101737/IRS990PF,full return read (automated row extraction; not individually checked)
Mollie Parnis Livingston Foundation Inc,13-6265280,2021,990-PF XV 3a paid,5000,Friends of the Israel Defense Forces (13-3156445),UNRESTRICTED CHARITABLE PURPOSES,https://projects.propublica.org/nonprofits/organizations/136265280/202213199349107771/IRS990PF,full return read (automated row extraction; not individually checked)
Mollie Parnis Livingston Foundation Inc,13-6265280,2022,990-PF XV 3a paid,10000,Friends of the Israel Defense Forces (13-3156445),UNRESTRICTED CHARITABLE PURPOSES,https://projects.propublica.org/nonprofits/organizations/136265280/202333139349102258/IRS990PF,full return read (automated row extraction; not individually checked)
Mollie Parnis Livingston Foundation Inc,13-6265280,2023,990-PF XV 3a paid,25000,Friends of the Israel Defense Forces (13-3156445),GENERAL SUPPORT,https://projects.propublica.org/nonprofits/organizations/136265280/202412979349100601/IRS990PF,full return read (automated row extraction; not individually checked)
Mollie Parnis Livingston Foundation Inc,13-6265280,2025,990-PF XV 3a paid,15000,Friends of the Israel Defense Forces (13-3156445),GENERAL SUPPORT,https://projects.propublica.org/nonprofits/organizations/136265280/202631269349100338/IRS990PF,full return read (automated row extraction; not individually checked)
Molly Lou Foundation,13-4011378,2023,990-PF XV 3a paid,5000,Friends of the Israel Defense Forces (13-3156445),GENERAL SUPPORT,https://projects.propublica.org/nonprofits/organizations/134011378/202441809349100304/IRS990PF,full return read (automated row extraction; not individually checked)
Molly Lou Foundation,13-4011378,2023,990-PF XV 3a paid,5000,Friends of the Israel Defense Forces (13-3156445),GENERAL SUPPORT,https://projects.propublica.org/nonprofits/organizations/134011378/202441809349100304/IRS990PF,full return read (automated row extraction; not individually checked)
Monroe And Florence Nash Foundation Inc,13-6888050,2025,990-PF XV 3a paid,18000,Friends of the Israel Defense Forces (13-3156445),PROGRAM SUPPORT,https://projects.propublica.org/nonprofits/organizations/136888050/202641049349100014/IRS990PF,full return read (automated row extraction; not individually checked)
Monster Energy Cares,45-4652012,2023,990-PF XV 3a paid,322000,Friends of the Israel Defense Forces (13-3156445),CASH DONATION FOR FUNDRAISING,https://projects.propublica.org/nonprofits/organizations/454652012/202421789349101207/IRS990PF,full return read (row individually checked)
Monster Energy Cares,45-4652012,2023,990-PF XV 3a paid,100,Friends of the Israel Defense Forces (13-3156445),EMPLOYEE MATCHING,https://projects.propublica.org/nonprofits/organizations/454652012/202421789349101207/IRS990PF,full return read (row individually checked)
Monster Energy Cares,45-4652012,2025,990-PF XV 3a paid,36000,Friends of the Israel Defense Forces (13-3156445),CASH DONATION FOR FUNDRAISING,https://projects.propublica.org/nonprofits/organizations/454652012/202602169349101205/IRS990PF,full return read (row individually checked)
Monster Energy Cares,45-4652012,2025,990-PF XV 3a paid,150,Friends of the Israel Defense Forces (13-3156445),EMPLOYEE MATCHING,https://projects.propublica.org/nonprofits/organizations/454652012/202602169349101205/IRS990PF,full return read (row individually checked)
Morey And Debbie Levovitz Chrtbl Fndtn -nonexempt Sec 4947a1 Tr-,36-7511143,2024,990-PF XV 3a paid,100000,Friends of the Israel Defense Forces (13-3156445),EDUCATIONAL SUPPORT,https://projects.propublica.org/nonprofits/organizations/367511143/202532549349100408/IRS990PF,full return read (automated row extraction; not individually checked)
Morgan Stanley Global Impact Funding Trust Inc,52-7082731,2014,990 Schedule I,12865,Friends of the Israel Defense Forces (13-3156445),GENERAL SUPPORT,https://projects.propublica.org/nonprofits/organizations/527082731/201513209349305196/IRS990ScheduleI,full return read (automated row extraction; not individually checked)
Morgan Stanley Global Impact Funding Trust Inc,52-7082731,2015,990 Schedule I,28981,Friends of the Israel Defense Forces (13-3156445),GENERAL SUPPORT,https://projects.propublica.org/nonprofits/organizations/527082731/201603129349300300/IRS990ScheduleI,full return read (automated row extraction; not individually checked)
Morgan Stanley Global Impact Funding Trust Inc,52-7082731,2019,990 Schedule I,82600,Friends of the Israel Defense Forces (13-3156445),UNRESTRICTED GENERAL SUPPORT,https://projects.propublica.org/nonprofits/organizations/527082731/202013249349301811/IRS990ScheduleI,full return read (automated row extraction; not individually checked)
Morgan Stanley Global Impact Funding Trust Inc,52-7082731,2022,990 Schedule I,135000,Friends of the Israel Defense Forces (13-3156445),n/a n/a UNRESTRICTED GENERAL SUPPORT,https://projects.propublica.org/nonprofits/organizations/527082731/202302999349301010/IRS990ScheduleI,full return read (automated row extraction; not individually checked)
Morris & Arlene Goldfarb Family Foundation Inc,13-3925695,2013,990-PF XV 3a paid,7300,Friends of the Israel Defense Forces (13-3156445),TO AID THE DONEE ORGANIZATIONS IN CARRYING OUT THEIR EXEMPT FUNCTIONS.,https://projects.propublica.org/nonprofits/organizations/133925695/201500149349100115/IRS990PF,full return read (automated row extraction; not individually checked)
Morris & Arlene Goldfarb Family Foundation Inc,13-3925695,2015,990-PF XV 3a paid,7200,Friends of the Israel Defense Forces (13-3156445),TO AID THE DONEE ORGANIZATIONS IN CARRYING OUT THEIR EXEMPT FUNCTIONS.,https://projects.propublica.org/nonprofits/organizations/133925695/201720169349100107/IRS990PF,full return read (automated row extraction; not individually checked)
Morris & Arlene Goldfarb Family Foundation Inc,13-3925695,2017,990-PF XV 3a paid,500,Friends of the Israel Defense Forces (13-3156445),TO AID THE DONEE ORGANIZATIONS IN CARRYING OUT THEIR EXEMPT FUNCTIONS.,https://projects.propublica.org/nonprofits/organizations/133925695/201941659349100114/IRS990PF,full return read (automated row extraction; not individually checked)
Morris & Arlene Goldfarb Family Foundation Inc,13-3925695,2018,990-PF XV 3a paid,4600,Friends of the Israel Defense Forces (13-3156445),TO AID THE DONEE ORGANIZATIONS IN CARRYING OUT THEIR EXEMPT FUNCTIONS.,https://projects.propublica.org/nonprofits/organizations/133925695/202001779349100225/IRS990PF,full return read (automated row extraction; not individually checked)
Morris & Arlene Goldfarb Family Foundation Inc,13-3925695,2019,990-PF XV 3a paid,500,Friends of the Israel Defense Forces (13-3156445),TO AID THE DONEE ORGANIZATIONS IN CARRYING OUT THEIR EXEMPT FUNCTIONS.,https://projects.propublica.org/nonprofits/organizations/133925695/202140609349100304/IRS990PF,full return read (automated row extraction; not individually checked)
Morris & Arlene Goldfarb Family Foundation Inc,13-3925695,2020,990-PF XV 3a paid,4100,Friends of the Israel Defense Forces (13-3156445),TO AID THE DONEE ORGANIZATION IN CARRYING OUT THEIR EXEMPT FUNCTIONS.,https://projects.propublica.org/nonprofits/organizations/133925695/202231729349101003/IRS990PF,full return read (automated row extraction; not individually checked)
Morris & Arlene Goldfarb Family Foundation Inc,13-3925695,2022,990-PF XV 3a paid,720,Friends of the Israel Defense Forces (13-3156445),TO AID THE DONEE ORGANIZATION IN CARRYING OUT THEIR EXEMPT FUNCTIONS.,https://projects.propublica.org/nonprofits/organizations/133925695/202411809349100706/IRS990PF,full return read (automated row extraction; not individually checked)
Morris & Arlene Goldfarb Family Foundation Inc,13-3925695,2023,990-PF XV 3a paid,500,Friends of the Israel Defense Forces (13-3156445),TO AID THE DONEE ORGANIZATION IN CARRYING OUT THEIR EXEMPT FUNCTIONS.,https://projects.propublica.org/nonprofits/organizations/133925695/202501769349101415/IRS990PF,full return read (automated row extraction; not individually checked)
Morris & Jules Levine Family Foundation,13-4089821,2022,990-PF XV 3a paid,2500,Friends of the Israel Defense Forces (13-3156445),GENERAL SUPPORT,https://projects.propublica.org/nonprofits/organizations/134089821/202431039349101028/IRS990PF,full return read (automated row extraction; not individually checked)
Morris & Sylvia Trachten Family Foundation,22-2518063,2017,990-PF XV 3a paid,2500,Friends of the Israel Defense Forces (13-3156445),EGOZ College Scholarship Fund,https://projects.propublica.org/nonprofits/organizations/222518063/201843179349100649/IRS990PF,full return read (automated row extraction; not individually checked)
Morris & Sylvia Trachten Family Foundation,22-2518063,2019,990-PF XV 3a paid,2500,Friends of the Israel Defense Forces (13-3156445),EGOZ College Scholarship Fund,https://projects.propublica.org/nonprofits/organizations/222518063/202023219349104952/IRS990PF,full return read (automated row extraction; not individually checked)
Morris & Sylvia Trachten Family Foundation,22-2518063,2024,990-PF XV 3a paid,1800,Friends of the Israel Defense Forces (13-3156445),General & Unrestricted,https://projects.propublica.org/nonprofits/organizations/222518063/202532969349101103/IRS990PF,full return read (automated row extraction; not individually checked)
Morris Morgenstern Foundation,13-1635719,2014,990-PF XV 3a paid,5000,Friends of the Israel Defense Forces (13-3156445),CHARITABLE,https://projects.propublica.org/nonprofits/organizations/131635719/201513109349100131/IRS990PF,full return read (automated row extraction; not individually checked)
Morris Morgenstern Foundation,13-1635719,2016,990-PF XV 3a paid,10500,Friends of the Israel Defense Forces (13-3156445),CHARITABLE,https://projects.propublica.org/nonprofits/organizations/131635719/201732989349100118/IRS990PF,full return read (automated row extraction; not individually checked)
Morris Morgenstern Foundation,13-1635719,2017,990-PF XV 3a paid,10000,Friends of the Israel Defense Forces (13-3156445),CHARITABLE,https://projects.propublica.org/nonprofits/organizations/131635719/201843029349100954/IRS990PF,full return read (automated row extraction; not individually checked)
Morris Morgenstern Foundation,13-1635719,2023,990-PF XV 3a paid,10000,Friends of the Israel Defense Forces (13-3156445),CHARITABLE,https://projects.propublica.org/nonprofits/organizations/131635719/202423199349105592/IRS990PF,full return read (automated row extraction; not individually checked)
Morton A & Phyllis B Simon Foundation,22-3010423,2021,990-PF XV 3a paid,100,Friends of the Israel Defense Forces (13-3156445),TO FURTHER DONEE'S EXEMPT PURPOSE,https://projects.propublica.org/nonprofits/organizations/223010423/202332519349100703/IRS990PF,full return read (automated row extraction; not individually checked)
Morton A & Phyllis B Simon Foundation,22-3010423,2022,990-PF XV 3a paid,1000,Friends of the Israel Defense Forces (13-3156445),TO FURTHER DONEE'S EXEMPT PURPOSE,https://projects.propublica.org/nonprofits/organizations/223010423/202402499349100700/IRS990PF,full return read (automated row extraction; not individually checked)
Morton And Carole Olshan Foundation,13-3601794,2019,990-PF XV 3a paid,3600,Friends of the Israel Defense Forces (13-3156445),GENERAL CONTRIBUTION,https://projects.propublica.org/nonprofits/organizations/133601794/202033109349100013/IRS990PF,full return read (automated row extraction; not individually checked)
Morton H Meyerson Family Foundation,75-6535613,2019,990-PF XV 3a paid,12000,Friends of the Israel Defense Forces (13-3156445),GENERAL PURPOSE SUPPORT,https://projects.propublica.org/nonprofits/organizations/756535613/202033219349101223/IRS990PF,full return read (automated row extraction; not individually checked)
Morton J And Bernice W Skirboll Family Foundation,37-1549358,2024,990-PF XV 3a paid,118,Friends of the Israel Defense Forces (13-3156445),SUPPORT OPERATIONS,https://projects.propublica.org/nonprofits/organizations/371549358/202511699349100301/IRS990PF,full return read (automated row extraction; not individually checked)
Moshe Aaron Gemelat Chessed Fund Corp,22-3266673,2022,990-PF XV 3a paid,1800,Friends of the Israel Defense Forces (13-3156445),Non-Profit Supportive Programs,https://projects.propublica.org/nonprofits/organizations/223266673/202303119349101315/IRS990PF,full return read (automated row extraction; not individually checked)
Moskow Foundation,84-6894217,2023,990-PF XV 3a paid,50000,Friends of the Israel Defense Forces (13-3156445),PROGRAM SUPPORT,https://projects.propublica.org/nonprofits/organizations/846894217/202440749349101209/IRS990PF,full return read (automated row extraction; not individually checked)
Moskow Foundation,84-6894217,2024,990-PF XV 3a paid,25000,Friends of the Israel Defense Forces (13-3156445),PROGRAM SUPPORT,https://projects.propublica.org/nonprofits/organizations/846894217/202510809349101616/IRS990PF,full return read (automated row extraction; not individually checked)
Moskow Foundation,84-6894217,2025,990-PF XV 3a paid,25000,Friends of the Israel Defense Forces (13-3156445),PROGRAM SUPPORT,https://projects.propublica.org/nonprofits/organizations/846894217/202640579349100769/IRS990PF,full return read (automated row extraction; not individually checked)
Mp Foundation Inc,83-0897818,2019,990-PF XV 3a paid,1420,Friends of the Israel Defense Forces (13-3156445),RELIGIOUS PROGRAMS,https://projects.propublica.org/nonprofits/organizations/830897818/202143009349100649/IRS990PF,full return read (automated row extraction; not individually checked)
Mt Brilliant Foundation,26-1093418,2023,990-PF XV 3a paid,25000,Friends of the Israel Defense Forces (13-3156445),GENERAL SUPPORT,https://projects.propublica.org/nonprofits/organizations/261093418/202433199349103433/IRS990PF,full return read (automated row extraction; not individually checked)
Muchnick Family Foundation,11-2587660,2022,990-PF XV 3a paid,100,Friends of the Israel Defense Forces (13-3156445),CHARITABLE,https://projects.propublica.org/nonprofits/organizations/112587660/202343189349105174/IRS990PF,full return read (automated row extraction; not individually checked)
Murray C And Ina C Pitt Charitable Trust,38-3268352,2014,990-PF XV 3a paid,1000,Friends of the Israel Defense Forces (13-3156445),CHARITY,https://projects.propublica.org/nonprofits/organizations/383268352/201641099349100104/IRS990PF,full return read (automated row extraction; not individually checked)
Muskin Family Foundation,26-1139075,2023,990-PF XV 3a paid,2500,Friends of the Israel Defense Forces (13-3156445),"TO OFFER EDUCATIONAL, CULTURAL, RECREATIONAL, SOCIAL SERVICES PROGRAMS, AND FACILITIES THAT PROVIDE HOPE, PURPOSE, AND LIFE-CHANGING SUPPORT",https://projects.propublica.org/nonprofits/organizations/261139075/202511329349102716/IRS990PF,full return read (automated row extraction; not individually checked)
Muskin Family Foundation,26-1139075,2024,990-PF XV 3a paid,5000,Friends of the Israel Defense Forces (13-3156445),"TO OFFER EDUCATIONAL, CULTURAL, RECREATIONAL, SOCIAL SERVICES PROGRAMS, AND FACILITIES THAT PROVIDE HOPE, PURPOSE, AND LIFE-CHANGING SUPPORT",https://projects.propublica.org/nonprofits/organizations/261139075/202601359349101540/IRS990PF,full return read (automated row extraction; not individually checked)
Mutual Of America Foundation,13-3443360,2014,990-PF XV 3a paid,180,Friends of the Israel Defense Forces (13-3156445),NO. PAID TO NON-PROFIT SOCIAL SECTOR ORGANIZATIONS MATCHING GIFT TO IRC SEC. 501 ( C) (3) ORGANIZATIO,https://projects.propublica.org/nonprofits/organizations/133443360/201531619349100613/IRS990PF,full return read (automated row extraction; not individually checked)
Mutual Of America Foundation,13-3443360,2016,990-PF XV 3a paid,330,Friends of the Israel Defense Forces (13-3156445),NO. PAID TO NON-PROFIT SOCIAL SECTOR ORGANIZATIONS MATCHING GIFT TO IRC SEC. 501 (C) (3) ORGANIZATION,https://projects.propublica.org/nonprofits/organizations/133443360/201733059349100618/IRS990PF,full return read (automated row extraction; not individually checked)
Myron & Elaine Adler Private Foundation Inc,22-3516532,2016,990-PF XV 3a paid,180,Friends of the Israel Defense Forces (13-3156445),,https://projects.propublica.org/nonprofits/organizations/223516532/201722279349100817/IRS990PF,full return read (automated row extraction; not individually checked)
Myron P Leven Foundation,38-3443921,2024,990-PF XV 3a paid,12500,Friends of the Israel Defense Forces (13-3156445),TO SUPPORT NEEDS OF FIDF SOLDIERS,https://projects.propublica.org/nonprofits/organizations/383443921/202511299349102486/IRS990PF,full return read (automated row extraction; not individually checked)
Myron P Leven Foundation,38-3443921,2025,990-PF XV 3a paid,10000,Friends of the Israel Defense Forces (13-3156445),TO SUPPORT NEEDS OF FIDF SOLDIERS,https://projects.propublica.org/nonprofits/organizations/383443921/202611329349102366/IRS990PF,full return read (automated row extraction; not individually checked)
Nagel-goodman Foundation Tr,81-7124990,2023,990-PF XV 3a paid,1000,Friends of the Israel Defense Forces (13-3156445),FINANCIAL ASSISTANCE,https://projects.propublica.org/nonprofits/organizations/817124990/202421369349101567/IRS990PF,full return read (automated row extraction; not individually checked)
Nagel-goodman Foundation Tr,81-7124990,2025,990-PF XV 3a paid,2500,Friends of the Israel Defense Forces (13-3156445),FINANCIAL ASSISTANCE,https://projects.propublica.org/nonprofits/organizations/817124990/202622039349100002/IRS990PF,full return read (automated row extraction; not individually checked)
Nancy Friday Foundation,47-6538046,2024,990-PF XV 3a paid,5000,Friends of the Israel Defense Forces (13-3156445),GENERAL SUPPORT,https://projects.propublica.org/nonprofits/organizations/476538046/202541259349100644/IRS990PF,full return read (automated row extraction; not individually checked)
Natalie W And Leo E Wolf Foundation,04-6051056,2023,990-PF XV 3a paid,300,Friends of the Israel Defense Forces (13-3156445),SUPPORT HEALTH AND EDUCATION OF ISRAEL,https://projects.propublica.org/nonprofits/organizations/46051056/202432409349100703/IRS990PF,full return read (automated row extraction; not individually checked)
Natan And Lidia Peisach Family Foundation,20-3785948,2023,990-PF XV 3a paid,180000,Friends of the Israel Defense Forces (13-3156445),ORGANIZATION GENERAL SUPPORT,https://projects.propublica.org/nonprofits/organizations/203785948/202403349349100505/IRS990PF,full return read (automated row extraction; not individually checked)
Nathan & Coe Barshop Fdn,95-6051598,2021,990-PF XV 3a paid,8000,Friends of the Israel Defense Forces (13-3156445),GENERAL DONATION,https://projects.propublica.org/nonprofits/organizations/956051598/202210529349100011/IRS990PF,full return read (automated row extraction; not individually checked)
Nathan & Coe Barshop Fdn,95-6051598,2022,990-PF XV 3a paid,5000,Friends of the Israel Defense Forces (13-3156445),GENERAL DONATION,https://projects.propublica.org/nonprofits/organizations/956051598/202341019349102229/IRS990PF,full return read (automated row extraction; not individually checked)
Nathan & Coe Barshop Fdn,95-6051598,2023,990-PF XV 3a paid,13000,Friends of the Israel Defense Forces (13-3156445),GENERAL DONATION,https://projects.propublica.org/nonprofits/organizations/956051598/202410839349100501/IRS990PF,full return read (automated row extraction; not individually checked)
Nathan & Coe Barshop Fdn,95-6051598,2024,990-PF XV 3a paid,15000,Friends of the Israel Defense Forces (13-3156445),GENERAL DONATION,https://projects.propublica.org/nonprofits/organizations/956051598/202510809349101016/IRS990PF,full return read (automated row extraction; not individually checked)
National Charitable Endowment Inc,82-2958346,2024,990 Schedule I,20000,Friends of the Israel Defense Forces (13-3156445),GENERAL CHARITABLE USE,https://projects.propublica.org/nonprofits/organizations/822958346/202503209349302475/IRS990ScheduleI,full return read (automated row extraction; not individually checked)
National Christian Charitable Foundation,58-1493949,2016,990 Schedule I,1990,Friends of the Israel Defense Forces (13-3156445),HUMAN SERVICES,https://projects.propublica.org/nonprofits/organizations/581493949/201733079349301948/IRS990ScheduleI,full return read (automated row extraction; not individually checked)
National Foundation For Affordable Housing Solutions Inc,52-1665967,2022,990 Schedule I,5000,Friends of the Israel Defense Forces (13-3156445),"WE TRANSFORM THE LIVES OF THE YOUNG MEN AND WOMEN OF THE IDF THROUGH EMPOWERING EDUCATIONAL, FINANCIAL, WELL-BEING, AND CULTURAL INITIATIVES",https://projects.propublica.org/nonprofits/organizations/521665967/202422139349300842/IRS990ScheduleI,full return read (automated row extraction; not individually checked)
National Philanthropic Trust,23-7825575,2014,990 Schedule I,35000,Friends of the Israel Defense Forces (13-3156445),INTERNATIONAL/FO,https://projects.propublica.org/nonprofits/organizations/237825575/201611379349308031/IRS990ScheduleI,full return read (automated row extraction; not individually checked)
National Philanthropic Trust,23-7825575,2014,990 Schedule I,38710,Friends of the Israel Defense Forces (13-3156445),PUBLIC.SOC.BENEF,https://projects.propublica.org/nonprofits/organizations/237825575/201611379349308031/IRS990ScheduleI,full return read (automated row extraction; not individually checked)
National Philanthropic Trust,23-7825575,2014,990 Schedule I,27500,Friends of the Israel Defense Forces (13-3156445),PUBLIC.SOC.BENEF,https://projects.propublica.org/nonprofits/organizations/237825575/201611379349308031/IRS990ScheduleI,full return read (automated row extraction; not individually checked)
National Philanthropic Trust,23-7825575,2014,990 Schedule I,29500,Friends of the Israel Defense Forces (13-3156445),PUBLIC.SOC.BENEF,https://projects.propublica.org/nonprofits/organizations/237825575/201611379349308031/IRS990ScheduleI,full return read (automated row extraction; not individually checked)
National Philanthropic Trust,23-7825575,2015,990 Schedule I,59950,Friends of the Israel Defense Forces (13-3156445),PUBLIC SOCIAL BENEFIT,https://projects.propublica.org/nonprofits/organizations/237825575/201741359349306554/IRS990ScheduleI,full return read (automated row extraction; not individually checked)
National Philanthropic Trust,23-7825575,2015,990 Schedule I,7600,Friends of the Israel Defense Forces (13-3156445),INTERNATIONAL,https://projects.propublica.org/nonprofits/organizations/237825575/201741359349306554/IRS990ScheduleI,full return read (automated row extraction; not individually checked)
National Philanthropic Trust,23-7825575,2018,990 Schedule I,634160,Friends of the Israel Defense Forces (13-3156445),HUMAN SERVICES,https://projects.propublica.org/nonprofits/organizations/237825575/202011979349306246/IRS990ScheduleI,full return read (automated row extraction; not individually checked)
National Philanthropic Trust,23-7825575,2020,990 Schedule I,787320,Friends of the Israel Defense Forces (13-3156445),INTERNATIONAL,https://projects.propublica.org/nonprofits/organizations/237825575/202231339349309863/IRS990ScheduleI,full return read (automated row extraction; not individually checked)
National Philanthropic Trust,23-7825575,2021,990 Schedule I,361160,Friends of the Israel Defense Forces (13-3156445),INTERNATIONAL,https://projects.propublica.org/nonprofits/organizations/237825575/202311359349313966/IRS990ScheduleI,full return read (automated row extraction; not individually checked)
Navias Family Foundation,27-1615982,2021,990-PF XV 3a paid,2000,Friends of the Israel Defense Forces (13-3156445),EDUCATIONAL,https://projects.propublica.org/nonprofits/organizations/271615982/202243189349106704/IRS990PF,full return read (automated row extraction; not individually checked)
Navias Family Foundation,27-1615982,2023,990-PF XV 3a paid,5000,Friends of the Israel Defense Forces (13-3156445),EDUCATIONAL,https://projects.propublica.org/nonprofits/organizations/271615982/202433199349103513/IRS990PF,full return read (automated row extraction; not individually checked)
Navias Family Foundation,27-1615982,2024,990-PF XV 3a paid,10000,Friends of the Israel Defense Forces (13-3156445),EDUCATIONAL,https://projects.propublica.org/nonprofits/organizations/271615982/202543169349103064/IRS990PF,full return read (automated row extraction; not individually checked)
Needelman Family Foundation,33-0687128,2023,990-PF XV 3a paid,1200,Friends of the Israel Defense Forces (13-3156445),"EXEMPT OFFER EDUCATIONAL, CULTURAL, RECREATIONAL, SOCIAL SERVICES PROGRAMS",https://projects.propublica.org/nonprofits/organizations/330687128/202431349349104098/IRS990PF,full return read (automated row extraction; not individually checked)
Nelco Foundation Inc,13-6089850,2020,990-PF XV 3a paid,10000,Friends of the Israel Defense Forces (13-3156445),TO FUND JEWISH CHARITABLE ORGANIZATIONS AND OTHER NOT FOR PROFIT ORGANIZATIONS,https://projects.propublica.org/nonprofits/organizations/136089850/202132569349100013/IRS990PF,full return read (automated row extraction; not individually checked)
Nelco Foundation Inc,13-6089850,2022,990-PF XV 3a paid,10000,Friends of the Israel Defense Forces (13-3156445),TO FUND JEWISH CHARITABLE ORGANIZATIONS AND OTHER NOT FOR PROFIT ORGANIZATIONS,https://projects.propublica.org/nonprofits/organizations/136089850/202420649349100407/IRS990PF,full return read (automated row extraction; not individually checked)
Nelsons Family Foundation,26-1726820,2013,990-PF XV 3a paid,500,Friends of the Israel Defense Forces (13-3156445),GENERAL SUPPORT,https://projects.propublica.org/nonprofits/organizations/261726820/201510309349100306/IRS990PF,full return read (automated row extraction; not individually checked)
Nelsons Family Foundation,26-1726820,2020,990-PF XV 3a paid,1000,Friends of the Israel Defense Forces (13-3156445),GENERAL SUPPORT,https://projects.propublica.org/nonprofits/organizations/261726820/202103199349108200/IRS990PF,full return read (automated row extraction; not individually checked)
Nelsons Family Foundation,26-1726820,2022,990-PF XV 3a paid,1800,Friends of the Israel Defense Forces (13-3156445),GENERAL SUPPORT,https://projects.propublica.org/nonprofits/organizations/261726820/202401359349102580/IRS990PF,full return read (automated row extraction; not individually checked)
Nespola Charitable Foundation 749c6900,13-7152742,2022,990-PF XV 3a paid,1500,Friends of the Israel Defense Forces (13-3156445),"OFFER EDUCATIONAL, CULTURAL, RECREATIONAL, SOCIAL SERVICES PROGRAMS, AND FACILITIES THAT PROVIDE HOPE, PURPOSE, AND LIFE-CHANGING SUPPORT FO",https://projects.propublica.org/nonprofits/organizations/137152742/202342239349100724/IRS990PF,full return read (automated row extraction; not individually checked)
Nespola Charitable Foundation 749c6900,13-7152742,2023,990-PF XV 3a paid,1000,Friends of the Israel Defense Forces (13-3156445),"OFFER EDUCATIONAL, CULTURAL, RECREATIONAL, SOCIAL SERVICES PROGRAMS, AND FACILITIES THAT PROVIDE HOPE, PURPOSE, AND LIFE-CHANGING SUPPORT FO",https://projects.propublica.org/nonprofits/organizations/137152742/202442269349100409/IRS990PF,full return read (automated row extraction; not individually checked)
Netter Foundation Inc,13-6176542,2023,990-PF XV 3a paid,3000,Friends of the Israel Defense Forces (13-3156445),CHARITY,https://projects.propublica.org/nonprofits/organizations/136176542/202401359349100425/IRS990PF,full return read (automated row extraction; not individually checked)
Netter Foundation Inc,13-6176542,2024,990-PF XV 3a paid,3000,Friends of the Israel Defense Forces (13-3156445),CHARITY,https://projects.propublica.org/nonprofits/organizations/136176542/202541359349100619/IRS990PF,full return read (automated row extraction; not individually checked)
Netter Foundation Inc,13-6176542,2025,990-PF XV 3a paid,2000,Friends of the Israel Defense Forces (13-3156445),CHARITY,https://projects.propublica.org/nonprofits/organizations/136176542/202621259349101207/IRS990PF,full return read (automated row extraction; not individually checked)
Neu Foundation Of California Inc,95-4446793,2024,990-PF XV 3a paid,25000,Friends of the Israel Defense Forces (13-3156445),GENERAL SUPPORT,https://projects.propublica.org/nonprofits/organizations/954446793/202533189349104188/IRS990PF,full return read (automated row extraction; not individually checked)
Newday Usa Foundation Inc,46-3282193,2024,990-PF XV 3a paid,1,Friends of the Israel Defense Forces (13-3156445),GENERAL DONATION - INSTALLMENT,https://projects.propublica.org/nonprofits/organizations/463282193/202542799349100019/IRS990PF,full return read (automated row extraction; not individually checked)
Newman Family Foundation,38-2986180,2023,990-PF XV 3a paid,2000,Friends of the Israel Defense Forces (13-3156445),GENERAL,https://projects.propublica.org/nonprofits/organizations/382986180/202431349349101363/IRS990PF,full return read (automated row extraction; not individually checked)
Nina Abrams Fund,55-0818279,2023,990-PF XV 3a paid,2500,Friends of the Israel Defense Forces (13-3156445),Humanitarianservices,https://projects.propublica.org/nonprofits/organizations/550818279/202411319349102311/IRS990PF,full return read (automated row extraction; not individually checked)
Nina W Werblow Charitable Trust,13-6742999,2023,990-PF XV 3a paid,125000,Friends of the Israel Defense Forces (13-3156445),GENERAL SUPPORT,https://projects.propublica.org/nonprofits/organizations/136742999/202401979349100205/IRS990PF,full return read (automated row extraction; not individually checked)
Norma Jean And Edward M Meer Support Foundation,38-3423714,2017,990 Schedule I,16000,Friends of the Israel Defense Forces (13-3156445),TO SUPPORT THE JEWISH COMMUNITY,https://projects.propublica.org/nonprofits/organizations/383423714/201823559349300812/IRS990ScheduleI,full return read (automated row extraction; not individually checked)
Norman And Elinor Belfer Foundation,13-3387391,2013,990-PF XV 3a paid,3000,Friends of the Israel Defense Forces (13-3156445),GENERAL NEEDS OF ORGANIZATION,https://projects.propublica.org/nonprofits/organizations/133387391/201441579349100704/IRS990PF,full return read (automated row extraction; not individually checked)
Norman And Elinor Belfer Foundation,13-3387391,2014,990-PF XV 3a paid,5000,Friends of the Israel Defense Forces (13-3156445),GENERAL NEEDS OF ORGANIZATION,https://projects.propublica.org/nonprofits/organizations/133387391/201502589349100405/IRS990PF,full return read (automated row extraction; not individually checked)
Norman And Rosalie Cohen Family Foundation,38-7120411,2023,990-PF XV 3a paid,4911,Friends of the Israel Defense Forces (13-3156445),GENERAL PURPOSEGENERAL PURPOSEGENERAL PURPOSE,https://projects.propublica.org/nonprofits/organizations/387120411/202441359349104064/IRS990PF,full return read (automated row extraction; not individually checked)
Norman And Rosalie Cohen Family Foundation,38-7120411,2024,990-PF XV 3a paid,4526,Friends of the Israel Defense Forces (13-3156445),General Purpose,https://projects.propublica.org/nonprofits/organizations/387120411/202531359349102148/IRS990PF,full return read (automated row extraction; not individually checked)
Norman And Rosalie Cohen Family Foundation,38-7120411,2025,990-PF XV 3a paid,4868,Friends of the Israel Defense Forces (13-3156445),General Purpose,https://projects.propublica.org/nonprofits/organizations/387120411/202641349349102969/IRS990PF,full return read (automated row extraction; not individually checked)
Norman E Alexander Family S Foundation Inc,26-4413503,2023,990-PF XV 3a paid,200000,Friends of the Israel Defense Forces (13-3156445),SOCIAL PURPOSES,https://projects.propublica.org/nonprofits/organizations/264413503/202443209349101049/IRS990PF,full return read (automated row extraction; not individually checked)
Norman J And Gerry Sue Arnold Foundation,57-6029371,2024,990-PF XV 3a paid,20000,Friends of the Israel Defense Forces (13-3156445),NC SUPPORT AND FURTHER THE EXEMPT PURPOSE OF THE RECIPIENT ORGANIZATION.,https://projects.propublica.org/nonprofits/organizations/576029371/202531329349101228/IRS990PF,full return read (automated row extraction; not individually checked)
Oberfeld Charitable Foundation Inc,20-1161425,2023,990-PF XV 3a paid,26800,Friends of the Israel Defense Forces (13-3156445),"FRIENDS OF THE ISRAEL DEFENSE FORCES TRANSFORM THE LIVES OF THE YOUNG MEN AND WOMEN OF IDF THROUGH EMPOWERING EDUCATIONAL, FINANCIAL, WELL-B",https://projects.propublica.org/nonprofits/organizations/201161425/202401379349100910/IRS990PF,full return read (automated row extraction; not individually checked)
Oberfeld Charitable Foundation Inc,20-1161425,2023,990-PF XV 3a paid,7595,Friends of the Israel Defense Forces (13-3156445),RELIGIOUS/SOCIAL PGMS,https://projects.propublica.org/nonprofits/organizations/201161425/202401379349100910/IRS990PF,full return read (automated row extraction; not individually checked)
Oberfeld Charitable Foundation Inc,20-1161425,2024,990-PF XV 3a paid,30000,Friends of the Israel Defense Forces (13-3156445),"FRIENDS OF THE ISRAEL DEFENSE FORCES TRANSFORM THE LIVES OF THE YOUNG MEN AND WOMEN OF IDF THROUGH EMPOWERING EDUCATIONAL, FINANCIAL, WELL-B",https://projects.propublica.org/nonprofits/organizations/201161425/202541749349100419/IRS990PF,full return read (automated row extraction; not individually checked)
Oberfeld Charitable Foundation Inc,20-1161425,2024,990-PF XV 3a paid,4500,Friends of the Israel Defense Forces (13-3156445),MUSIC ENRICHMENT,https://projects.propublica.org/nonprofits/organizations/201161425/202541749349100419/IRS990PF,full return read (automated row extraction; not individually checked)
Ocean State Job Lot Charitable Foundation,20-0959438,2016,990 Schedule I,466690,Friends of the Israel Defense Forces (13-3156445),Program Operations,https://projects.propublica.org/nonprofits/organizations/200959438/201743189349306724/IRS990ScheduleI,full return read (automated row extraction; not individually checked)
Ocean State Job Lot Charitable Foundation,20-0959438,2017,990 Schedule I,978106,Friends of the Israel Defense Forces (13-3156445),Program Operation,https://projects.propublica.org/nonprofits/organizations/200959438/201842559349300539/IRS990ScheduleI,full return read (automated row extraction; not individually checked)
Oliver And Elizabeth Stanton Foundation,13-4138465,2024,990-PF XV 3a paid,5000,Friends of the Israel Defense Forces (13-3156445),CHARITABLE CONTRIBUTION,https://projects.propublica.org/nonprofits/organizations/134138465/202543179349102734/IRS990PF,full return read (automated row extraction; not individually checked)
Olsten Family S Foundation,30-0293077,2024,990-PF XV 3a paid,1000,Friends of the Israel Defense Forces (13-3156445),GENERAL SUPPORT,https://projects.propublica.org/nonprofits/organizations/300293077/202501299349102495/IRS990PF,full return read (automated row extraction; not individually checked)
Oneroot Foundation,87-6588450,2024,990-PF XV 3a paid,5000,Friends of the Israel Defense Forces (13-3156445),TO PROVIDE SUPPORT TO THE FOUNDATION'S PROGRAM,https://projects.propublica.org/nonprofits/organizations/876588450/202543119349101749/IRS990PF,full return read (automated row extraction; not individually checked)
Oregon Jewish Community Foundation,93-1019725,2019,990 Schedule I,38000,Friends of the Israel Defense Forces (13-3156445),GENERAL DONATION,https://projects.propublica.org/nonprofits/organizations/931019725/202101269349302385/IRS990ScheduleI,full return read (automated row extraction; not individually checked)
Oregon Jewish Community Foundation,93-1019725,2020,990 Schedule I,25000,Friends of the Israel Defense Forces (13-3156445),GENERAL DONATION,https://projects.propublica.org/nonprofits/organizations/931019725/202231319349306173/IRS990ScheduleI,full return read (automated row extraction; not individually checked)
Oregon Jewish Community Foundation,93-1019725,2021,990 Schedule I,25000,Friends of the Israel Defense Forces (13-3156445),GENERAL DONATION,https://projects.propublica.org/nonprofits/organizations/931019725/202311319349302161/IRS990ScheduleI,full return read (automated row extraction; not individually checked)
Oregon Jewish Community Foundation,93-1019725,2022,990 Schedule I,10250,Friends of the Israel Defense Forces (13-3156445),GENERAL DONATION,https://projects.propublica.org/nonprofits/organizations/931019725/202411359349310366/IRS990ScheduleI,full return read (automated row extraction; not individually checked)
Oregon Jewish Community Foundation,93-1019725,2023,990 Schedule I,33850,Friends of the Israel Defense Forces (13-3156445),GENERAL DONATION,https://projects.propublica.org/nonprofits/organizations/931019725/202612229349302151/IRS990ScheduleI,full return read (automated row extraction; not individually checked)
Oregon Jewish Community Foundation,93-1019725,2024,990 Schedule I,32050,Friends of the Israel Defense Forces (13-3156445),GENERAL OPERATING SUPPORT,https://projects.propublica.org/nonprofits/organizations/931019725/202621269349300902/IRS990ScheduleI,full return read (automated row extraction; not individually checked)
Orenova Foundation Inc,91-2167862,2020,990-PF XV 3a paid,3000,Friends of the Israel Defense Forces (13-3156445),TO HELP WOUNDED ISRAEIL VETERANSTO HELP WOUNDED ISRAELI VETERANS,https://projects.propublica.org/nonprofits/organizations/912167862/202112089349101106/IRS990PF,full return read (automated row extraction; not individually checked)
Orenova Foundation Inc,91-2167862,2022,990-PF XV 3a paid,4000,Friends of the Israel Defense Forces (13-3156445),TO HELP WOUNDED ISRAEIL VETERANS,https://projects.propublica.org/nonprofits/organizations/912167862/202311379349100501/IRS990PF,full return read (automated row extraction; not individually checked)
Orenova Foundation Inc,91-2167862,2023,990-PF XV 3a paid,25000,Friends of the Israel Defense Forces (13-3156445),TO HELP WOUNDED ISRAELI VETERANS,https://projects.propublica.org/nonprofits/organizations/912167862/202421429349100017/IRS990PF,full return read (automated row extraction; not individually checked)
Ossen Fam Foundation,26-1243178,2023,990-PF XV 3a paid,1500,Friends of the Israel Defense Forces (13-3156445),DISCRETIONARY GRANT ON BEHALF OF J. BERKOWITZ,https://projects.propublica.org/nonprofits/organizations/261243178/202402289349100035/IRS990PF,full return read (automated row extraction; not individually checked)
Ossen Fam Foundation,26-1243178,2024,990-PF XV 3a paid,2150,Friends of the Israel Defense Forces (13-3156445),GENERAL ASSISTANCE FOR SOLIDERS OF THE ISRAELI DEFENSE FORCES,https://projects.propublica.org/nonprofits/organizations/261243178/202541279349100139/IRS990PF,full return read (automated row extraction; not individually checked)
Oster Family Foundation Inc,22-3188305,2014,990-PF XV 3a paid,40850,Friends of the Israel Defense Forces (13-3156445),GENERAL,https://projects.propublica.org/nonprofits/organizations/223188305/201512409349100201/IRS990PF,full return read (automated row extraction; not individually checked)
Oster Family Foundation Inc,22-3188305,2015,990-PF XV 3a paid,19000,Friends of the Israel Defense Forces (13-3156445),GENERAL,https://projects.propublica.org/nonprofits/organizations/223188305/201603509349100615/IRS990PF,full return read (automated row extraction; not individually checked)
Oster Family Foundation Inc,22-3188305,2016,990-PF XV 3a paid,20000,Friends of the Israel Defense Forces (13-3156445),GENERAL,https://projects.propublica.org/nonprofits/organizations/223188305/201840589349100414/IRS990PF,full return read (automated row extraction; not individually checked)
Oster Family Foundation Inc,22-3188305,2017,990-PF XV 3a paid,17500,Friends of the Israel Defense Forces (13-3156445),GENERAL,https://projects.propublica.org/nonprofits/organizations/223188305/201930749349100618/IRS990PF,full return read (automated row extraction; not individually checked)
Oster Family Foundation Inc,22-3188305,2018,990-PF XV 3a paid,10000,Friends of the Israel Defense Forces (13-3156445),GENERAL,https://projects.propublica.org/nonprofits/organizations/223188305/202030729349100413/IRS990PF,full return read (automated row extraction; not individually checked)
Oster Family Foundation Inc,22-3188305,2019,990-PF XV 3a paid,15000,Friends of the Israel Defense Forces (13-3156445),GENERAL,https://projects.propublica.org/nonprofits/organizations/223188305/202023439349100317/IRS990PF,full return read (automated row extraction; not individually checked)
Oster Family Foundation Inc,22-3188305,2019,990-PF XV 3a paid,10000,Friends of the Israel Defense Forces (13-3156445),GENERAL,https://projects.propublica.org/nonprofits/organizations/223188305/202023439349100317/IRS990PF,full return read (automated row extraction; not individually checked)
Ostrov Family Foundation Inc,31-1739934,2023,990-PF XV 3a paid,500,Friends of the Israel Defense Forces (13-3156445),GENERAL SUPPORT,https://projects.propublica.org/nonprofits/organizations/311739934/202510319349100711/IRS990PF,full return read (automated row extraction; not individually checked)
Over A Hump Foundation,92-2494567,2023,990-PF XV 3a paid,35000,Friends of the Israel Defense Forces (13-3156445),GENERAL,https://projects.propublica.org/nonprofits/organizations/922494567/202441359349103814/IRS990PF,full return read (automated row extraction; not individually checked)
Pace Cares Corp,47-1041137,2017,990 Schedule I,6000,Friends of the Israel Defense Forces (13-3156445),,https://projects.propublica.org/nonprofits/organizations/471041137/201822839349300922/IRS990ScheduleI,full return read (automated row extraction; not individually checked)
Pace Cares Corp,47-1041137,2018,990 Schedule I,78000,Friends of the Israel Defense Forces (13-3156445),,https://projects.propublica.org/nonprofits/organizations/471041137/201932079349300103/IRS990ScheduleI,full return read (automated row extraction; not individually checked)
Pappas Foundation Inc,38-3386198,2020,990-PF XV 3a paid,6000,Friends of the Israel Defense Forces (13-3156445),CHARITABLE,https://projects.propublica.org/nonprofits/organizations/383386198/202200529349100350/IRS990PF,full return read (automated row extraction; not individually checked)
Pappas Foundation Inc,38-3386198,2021,990-PF XV 3a paid,10250,Friends of the Israel Defense Forces (13-3156445),CHARITABLE,https://projects.propublica.org/nonprofits/organizations/383386198/202221339349102952/IRS990PF,full return read (automated row extraction; not individually checked)
Pappas Foundation Inc,38-3386198,2022,990-PF XV 3a paid,16500,Friends of the Israel Defense Forces (13-3156445),CHARITABLE,https://projects.propublica.org/nonprofits/organizations/383386198/202343189349102524/IRS990PF,full return read (automated row extraction; not individually checked)
Pappas Foundation Inc,38-3386198,2023,990-PF XV 3a paid,24500,Friends of the Israel Defense Forces (13-3156445),CHARITABLE,https://projects.propublica.org/nonprofits/organizations/383386198/202423179349100247/IRS990PF,full return read (automated row extraction; not individually checked)
Pappas Foundation Inc,38-3386198,2024,990-PF XV 3a paid,2500,Friends of the Israel Defense Forces (13-3156445),CHARITABLE,https://projects.propublica.org/nonprofits/organizations/383386198/202513169349100821/IRS990PF,full return read (automated row extraction; not individually checked)
Paris Family Foundation Inc,95-4824485,2017,990-PF XV 3a paid,500,Friends of the Israel Defense Forces (13-3156445),ASSIST IN THE FURTHERANCE OF THE RECIPIENT'S GOALS.,https://projects.propublica.org/nonprofits/organizations/954824485/201812479349100516/IRS990PF,full return read (automated row extraction; not individually checked)
Park Avenue Charitable Fund,13-3581286,2012,990 Schedule I,40000,Friends of the Israel Defense Forces (13-3156445),general support,https://projects.propublica.org/nonprofits/organizations/133581286/201440429349300549/IRS990ScheduleI,full return read (automated row extraction; not individually checked)
Park Avenue Charitable Fund,13-3581286,2014,990 Schedule I,40000,Friends of the Israel Defense Forces (13-3156445),General Support,https://projects.propublica.org/nonprofits/organizations/133581286/201640779349300704/IRS990ScheduleI,full return read (automated row extraction; not individually checked)
Paul And Emily Singer Family Foundation,26-3875584,2022,990-PF XV 3a paid,1000,Friends of the Israel Defense Forces (13-3156445),TO SUPPORT THE ORGANIZATION'S PROGRAMS.,https://projects.propublica.org/nonprofits/organizations/263875584/202323119349100432/IRS990PF,full return read (automated row extraction; not individually checked)
Paul And Lynn Leight Charitable Foundation Inc,88-4190836,2024,990-PF XV 3a paid,20000,Friends of the Israel Defense Forces (13-3156445),CHARITABLE CONTRIBUTION,https://projects.propublica.org/nonprofits/organizations/884190836/202532949349100508/IRS990PF,full return read (automated row extraction; not individually checked)
Paul E Singer Foundation,27-2009342,2013,990-PF XV 3a paid,40000,Friends of the Israel Defense Forces (13-3156445),FOR CHARITABLE PURPOSE OF ORGANIZATION,https://projects.propublica.org/nonprofits/organizations/272009342/201532869349100803/IRS990PF,full return read (automated row extraction; not individually checked)
Paul E Singer Foundation,27-2009342,2014,990-PF XV 3a paid,1040000,Friends of the Israel Defense Forces (13-3156445),FOR CHARITABLE PURPOSE OF ORGANIZATION,https://projects.propublica.org/nonprofits/organizations/272009342/201642849349100009/IRS990PF,full return read (automated row extraction; not individually checked)
Paul E Singer Foundation,27-2009342,2015,990-PF XV 3a paid,40000,Friends of the Israel Defense Forces (13-3156445),FOR CHARITABLE PURPOSE OF ORGANIZATION,https://projects.propublica.org/nonprofits/organizations/272009342/201712849349100606/IRS990PF,full return read (automated row extraction; not individually checked)
Paul E Singer Foundation,27-2009342,2018,990-PF XV 3a paid,500000,Friends of the Israel Defense Forces (13-3156445),FOR CHARITABLE PURPOSE OF ORGANIZATION,https://projects.propublica.org/nonprofits/organizations/272009342/202032769349100503/IRS990PF,full return read (automated row extraction; not individually checked)
Paul Grossinger And Rose Grossinger Gara Foundation,36-3529420,2015,990-PF XV 3a paid,10000,Friends of the Israel Defense Forces (13-3156445),UNRESTRICTED,https://projects.propublica.org/nonprofits/organizations/363529420/201641279349100869/IRS990PF,full return read (automated row extraction; not individually checked)
Paul Grossinger And Rose Grossinger Gara Foundation,36-3529420,2017,990-PF XV 3a paid,1320,Friends of the Israel Defense Forces (13-3156445),UNRESTRICTED,https://projects.propublica.org/nonprofits/organizations/363529420/201831279349100128/IRS990PF,full return read (automated row extraction; not individually checked)
Paul Grossinger And Rose Grossinger Gara Foundation,36-3529420,2018,990-PF XV 3a paid,720,Friends of the Israel Defense Forces (13-3156445),UNRESTRICTED,https://projects.propublica.org/nonprofits/organizations/363529420/201941349349103294/IRS990PF,full return read (automated row extraction; not individually checked)
Paul Grossinger And Rose Grossinger Gara Foundation,36-3529420,2019,990-PF XV 3a paid,720,Friends of the Israel Defense Forces (13-3156445),UNRESTRICTED,https://projects.propublica.org/nonprofits/organizations/363529420/202002449349100310/IRS990PF,full return read (automated row extraction; not individually checked)
Paul Grossinger And Rose Grossinger Gara Foundation,36-3529420,2020,990-PF XV 3a paid,9,Friends of the Israel Defense Forces (13-3156445),,https://projects.propublica.org/nonprofits/organizations/363529420/202103099349101400/IRS990PF,full return read (automated row extraction; not individually checked)
Paul M Shatz And Deane Lee Shatz Charitable Foundation,43-1393484,2018,990-PF XV 3a paid,2665,Friends of the Israel Defense Forces (13-3156445),SUPPORT,https://projects.propublica.org/nonprofits/organizations/431393484/201923159349101272/IRS990PF,full return read (automated row extraction; not individually checked)
Paul M Shatz And Deane Lee Shatz Charitable Foundation,43-1393484,2019,990-PF XV 3a paid,3770,Friends of the Israel Defense Forces (13-3156445),SUPPORT,https://projects.propublica.org/nonprofits/organizations/431393484/202032739349100213/IRS990PF,full return read (automated row extraction; not individually checked)
Paul M Shatz And Deane Lee Shatz Charitable Foundation,43-1393484,2021,990-PF XV 3a paid,5265,Friends of the Israel Defense Forces (13-3156445),SUPPORT,https://projects.propublica.org/nonprofits/organizations/431393484/202202799349100305/IRS990PF,full return read (automated row extraction; not individually checked)
Paul M Shatz And Deane Lee Shatz Charitable Foundation,43-1393484,2024,990-PF XV 3a paid,1000,Friends of the Israel Defense Forces (13-3156445),SUPPORT,https://projects.propublica.org/nonprofits/organizations/431393484/202512309349100716/IRS990PF,full return read (automated row extraction; not individually checked)
Paul W Dimaura Charitable Tr Ua 122292,04-6720853,2013,990-PF XV 3a paid,1000,Friends of the Israel Defense Forces (13-3156445),SUPPORT,https://projects.propublica.org/nonprofits/organizations/46720853/201421399349100522/IRS990PF,full return read (automated row extraction; not individually checked)
Paul W Dimaura Charitable Tr Ua 122292,04-6720853,2014,990-PF XV 3a paid,1000,Friends of the Israel Defense Forces (13-3156445),SUPPORT,https://projects.propublica.org/nonprofits/organizations/46720853/201541179349100424/IRS990PF,full return read (automated row extraction; not individually checked)
Paul W Dimaura Charitable Tr Ua 122292,04-6720853,2015,990-PF XV 3a paid,4000,Friends of the Israel Defense Forces (13-3156445),SUPPORT,https://projects.propublica.org/nonprofits/organizations/46720853/201601309349101215/IRS990PF,full return read (automated row extraction; not individually checked)
Paul W Dimaura Charitable Tr Ua 122292,04-6720853,2016,990-PF XV 3a paid,4500,Friends of the Israel Defense Forces (13-3156445),SUPPORT,https://projects.propublica.org/nonprofits/organizations/46720853/201731229349100748/IRS990PF,full return read (automated row extraction; not individually checked)
Paul W Dimaura Charitable Tr Ua 122292,04-6720853,2017,990-PF XV 3a paid,4000,Friends of the Israel Defense Forces (13-3156445),SUPPORT,https://projects.propublica.org/nonprofits/organizations/46720853/201821279349101317/IRS990PF,full return read (automated row extraction; not individually checked)
Paul W Dimaura Charitable Tr Ua 122292,04-6720853,2019,990-PF XV 3a paid,4000,Friends of the Israel Defense Forces (13-3156445),SUPPORT,https://projects.propublica.org/nonprofits/organizations/46720853/202041779349100814/IRS990PF,full return read (automated row extraction; not individually checked)
Paul W Dimaura Charitable Tr Ua 122292,04-6720853,2021,990-PF XV 3a paid,4000,Friends of the Israel Defense Forces (13-3156445),SUPPORT,https://projects.propublica.org/nonprofits/organizations/46720853/202242869349100109/IRS990PF,full return read (automated row extraction; not individually checked)
Paul W Dimaura Charitable Tr Ua 122292,04-6720853,2022,990-PF XV 3a paid,1000,Friends of the Israel Defense Forces (13-3156445),SUPPORT,https://projects.propublica.org/nonprofits/organizations/46720853/202313119349101226/IRS990PF,full return read (automated row extraction; not individually checked)
Paula & Ted Bier Family Foundation Inc,47-5010866,2017,990-PF XV 3a paid,180,Friends of the Israel Defense Forces (13-3156445),GENERAL PURPOSES,https://projects.propublica.org/nonprofits/organizations/475010866/201822609349100432/IRS990PF,full return read (automated row extraction; not individually checked)
Paulson Family Foundation,26-3922995,2016,990-PF XV 3a paid,10000,Friends of the Israel Defense Forces (13-3156445),UNRESTRICTED CHARITABLE USE BY DONEE,https://projects.propublica.org/nonprofits/organizations/263922995/201711319349101221/IRS990PF,full return read (automated row extraction; not individually checked)
Peak View Charitable Foundation,88-3738265,2022,990-PF XV 3a paid,10000,Friends of the Israel Defense Forces (13-3156445),TO SUPPORT TO ORGANIZATIONS MISSION,https://projects.propublica.org/nonprofits/organizations/883738265/202420749349100512/IRS990PF,full return read (automated row extraction; not individually checked)
Pearlstone Family Fund Inc,52-1249913,2022,990 Schedule I,20000,Friends of the Israel Defense Forces (13-3156445),GENERAL SUPPORT,https://projects.propublica.org/nonprofits/organizations/521249913/202311249349302566/IRS990ScheduleI,full return read (automated row extraction; not individually checked)
Pechter Family Foundation,05-0618996,2016,990-PF XV 3a paid,1000,Friends of the Israel Defense Forces (13-3156445),NC CHARITABLE,https://projects.propublica.org/nonprofits/organizations/50618996/201833129349101018/IRS990PF,full return read (automated row extraction; not individually checked)
Pechter Family Foundation,05-0618996,2017,990-PF XV 3a paid,2500,Friends of the Israel Defense Forces (13-3156445),NC CHARITABLE,https://projects.propublica.org/nonprofits/organizations/50618996/201803199349100315/IRS990PF,full return read (automated row extraction; not individually checked)
Pechter Family Foundation,05-0618996,2018,990-PF XV 3a paid,2835,Friends of the Israel Defense Forces (13-3156445),NC CHARITABLE,https://projects.propublica.org/nonprofits/organizations/50618996/201903089349101210/IRS990PF,full return read (automated row extraction; not individually checked)
Pechter Family Foundation,05-0618996,2019,990-PF XV 3a paid,5000,Friends of the Israel Defense Forces (13-3156445),NC CHARITABLE,https://projects.propublica.org/nonprofits/organizations/50618996/202003159349101110/IRS990PF,full return read (automated row extraction; not individually checked)
Penny And Robert Sarver Charitable Foundation,83-0320824,2023,990-PF XV 3a paid,25000,Friends of the Israel Defense Forces (13-3156445),CHARITABLE,https://projects.propublica.org/nonprofits/organizations/830320824/202403059349101515/IRS990PF,full return read (automated row extraction; not individually checked)
Penny Smith Novick Foundation Inc,13-3935976,2017,990-PF XV 3a paid,4000,Friends of the Israel Defense Forces (13-3156445),501 (C) (3) GENERAL PURPOSE,https://projects.propublica.org/nonprofits/organizations/133935976/201812339349100211/IRS990PF,full return read (automated row extraction; not individually checked)
Penny Smith Novick Foundation Inc,13-3935976,2019,990-PF XV 3a paid,12125,Friends of the Israel Defense Forces (13-3156445),501 (C) (3) GENERAL PURPOSE,https://projects.propublica.org/nonprofits/organizations/133935976/202013019349100716/IRS990PF,full return read (automated row extraction; not individually checked)
Penny Smith Novick Foundation Inc,13-3935976,2020,990-PF XV 3a paid,3200,Friends of the Israel Defense Forces (13-3156445),501 (C) (3) GENERAL PURPOSE,https://projects.propublica.org/nonprofits/organizations/133935976/202102249349100100/IRS990PF,full return read (automated row extraction; not individually checked)
Peri Family Foundation Inc,45-0665701,2013,990-PF other part,25000,Friends of the Israel Defense Forces (13-3156445),IN SUPPORT OF THE CHARITY'S PROGRAM TO PROVIDE FOR EDUCATION AND WELLBEING OF THE MEN AND WOMEN WHO SERVE IN THE THE ISRAEL DEFENSE FORCVES ,https://projects.propublica.org/nonprofits/organizations/450665701/201403219349101035/IRS990PF,full return read (automated row extraction; not individually checked)
Peri Family Foundation Inc,45-0665701,2013,990-PF XV 3a paid,25000,Friends of the Israel Defense Forces (13-3156445),PROVIDE EDUCTATION WELLBEING OF ISRAEL DEFENSE FORCES SOLDIERS,https://projects.propublica.org/nonprofits/organizations/450665701/201403219349101035/IRS990PF,full return read (automated row extraction; not individually checked)
Peri Family Foundation Inc,45-0665701,2021,990-PF XV 3a paid,30000,Friends of the Israel Defense Forces (13-3156445),GENERAL SUPPORT,https://projects.propublica.org/nonprofits/organizations/450665701/202320319349100112/IRS990PF,full return read (automated row extraction; not individually checked)
Peri Family Foundation Inc,45-0665701,2022,990-PF XV 3a paid,30000,Friends of the Israel Defense Forces (13-3156445),GENERAL SUPPORT,https://projects.propublica.org/nonprofits/organizations/450665701/202401879349100400/IRS990PF,full return read (automated row extraction; not individually checked)
Permian Basin Youth Chavarim,75-2125998,2021,990 Schedule I,6000,Friends of the Israel Defense Forces (13-3156445),TO FURTHER CHARITABLE PURPOSE,https://projects.propublica.org/nonprofits/organizations/752125998/202213079349302841/IRS990ScheduleI,full return read (automated row extraction; not individually checked)
Peter And Jeri Dejana Family Foundation,27-6985468,2022,990-PF XV 3a paid,20000,Friends of the Israel Defense Forces (13-3156445),SUPPORT INITIATIVES AND GENERAL SUPPORT,https://projects.propublica.org/nonprofits/organizations/276985468/202312409349100111/IRS990PF,full return read (automated row extraction; not individually checked)
Peter And Stacy Hochfelder Charitable Foundation Inc,13-3799164,2015,990-PF XV 3a paid,25000,Friends of the Israel Defense Forces (13-3156445),GENERAL CHARITABLE,https://projects.propublica.org/nonprofits/organizations/133799164/201641959349100004/IRS990PF,full return read (automated row extraction; not individually checked)
Peter H Kamin Family Foundation,04-3398587,2020,990-PF XV 3a paid,31000,Friends of the Israel Defense Forces (13-3156445),FUNDING,https://projects.propublica.org/nonprofits/organizations/43398587/202121239349102167/IRS990PF,full return read (automated row extraction; not individually checked)
Peter H Kamin Family Foundation,04-3398587,2021,990-PF XV 3a paid,30000,Friends of the Israel Defense Forces (13-3156445),FUNDING,https://projects.propublica.org/nonprofits/organizations/43398587/202221369349103122/IRS990PF,full return read (automated row extraction; not individually checked)
Peter H Kamin Family Foundation,04-3398587,2022,990-PF XV 3a paid,45000,Friends of the Israel Defense Forces (13-3156445),FUNDING,https://projects.propublica.org/nonprofits/organizations/43398587/202301359349101440/IRS990PF,full return read (automated row extraction; not individually checked)
Peter L Dwares Foundation,37-1515359,2020,990-PF XV 3a paid,200,Friends of the Israel Defense Forces (13-3156445),SUPPORT ARMED FORCES,https://projects.propublica.org/nonprofits/organizations/371515359/202141269349102114/IRS990PF,full return read (automated row extraction; not individually checked)
Peter L Dwares Foundation,37-1515359,2021,990-PF XV 3a paid,300,Friends of the Israel Defense Forces (13-3156445),SUPPORT ARMED FORCES,https://projects.propublica.org/nonprofits/organizations/371515359/202241199349101229/IRS990PF,full return read (automated row extraction; not individually checked)
Peter L Dwares Foundation,37-1515359,2023,990-PF XV 3a paid,300,Friends of the Israel Defense Forces (13-3156445),SUPPORT ARMED FORCES,https://projects.propublica.org/nonprofits/organizations/371515359/202441419349100009/IRS990PF,full return read (automated row extraction; not individually checked)
Peter L Dwares Foundation,37-1515359,2024,990-PF XV 3a paid,1000,Friends of the Israel Defense Forces (13-3156445),SUPPORT ARMED FORCES,https://projects.propublica.org/nonprofits/organizations/371515359/202521349349102562/IRS990PF,full return read (automated row extraction; not individually checked)
Peter L Dwares Foundation,37-1515359,2025,990-PF XV 3a paid,500,Friends of the Israel Defense Forces (13-3156445),SUPPORT ARMED FORCES,https://projects.propublica.org/nonprofits/organizations/371515359/202611279349100036/IRS990PF,full return read (automated row extraction; not individually checked)
Pfizer Foundation Inc,13-6083839,2021,990-PF XV 3a paid,537,Friends of the Israel Defense Forces (13-3156445),MATCHING GIFTS,https://projects.propublica.org/nonprofits/organizations/136083839/202213159349101881/IRS990PF,full return read (automated row extraction; not individually checked)
Pfizer Foundation Inc,13-6083839,2021,990-PF XV 3a paid,280,Friends of the Israel Defense Forces (13-3156445),MATCHING GIFTS,https://projects.propublica.org/nonprofits/organizations/136083839/202213159349101881/IRS990PF,full return read (automated row extraction; not individually checked)
Pfizer Foundation Inc,13-6083839,2022,990-PF XV 3a paid,480,Friends of the Israel Defense Forces (13-3156445),MATCHING GIFTS,https://projects.propublica.org/nonprofits/organizations/136083839/202313079349100411/IRS990PF,full return read (automated row extraction; not individually checked)
Philios Foundation Inc,20-3642437,2023,990-PF XV 3a paid,2500,Friends of the Israel Defense Forces (13-3156445),TO SUPPORT ISRAEL DEFENSE FORCES,https://projects.propublica.org/nonprofits/organizations/203642437/202441349349103294/IRS990PF,full return read (automated row extraction; not individually checked)
Philios Foundation Inc,20-3642437,2024,990-PF XV 3a paid,5000,Friends of the Israel Defense Forces (13-3156445),TO SUPPORT ISRAEL DEFENSE FORCES,https://projects.propublica.org/nonprofits/organizations/203642437/202521259349101392/IRS990PF,full return read (automated row extraction; not individually checked)
Philios Foundation Inc,20-3642437,2025,990-PF XV 3a paid,5000,Friends of the Israel Defense Forces (13-3156445),TO SUPPORT ISRAEL DEFENSE FORCES,https://projects.propublica.org/nonprofits/organizations/203642437/202641199349100534/IRS990PF,full return read (automated row extraction; not individually checked)
Philip & Janet Shapiro Family Foundation Inc,46-2849664,2023,990-PF XV 3a paid,5000,Friends of the Israel Defense Forces (13-3156445),CHARITABLE CONTRIBUTION,https://projects.propublica.org/nonprofits/organizations/462849664/202540489349100604/IRS990PF,full return read (automated row extraction; not individually checked)
Philip And Bernice Krupp Foundation For Jewish Life,26-3951290,2013,990-PF XV 3a paid,1000,Friends of the Israel Defense Forces (13-3156445),CHARITY CHARITABLE DONATION,https://projects.propublica.org/nonprofits/organizations/263951290/201432249349100203/IRS990PF,full return read (automated row extraction; not individually checked)
Philip And Daniele Barach Family Foundation,34-2058891,2021,990-PF XV 3a paid,10000,Friends of the Israel Defense Forces (13-3156445),UNRESTRICTED GENERAL,https://projects.propublica.org/nonprofits/organizations/342058891/202241189349100829/IRS990PF,full return read (automated row extraction; not individually checked)
Philip And Daniele Barach Family Foundation,34-2058891,2022,990-PF XV 3a paid,10000,Friends of the Israel Defense Forces (13-3156445),UNRESTRICTED GENERAL,https://projects.propublica.org/nonprofits/organizations/342058891/202331239349100628/IRS990PF,full return read (automated row extraction; not individually checked)
Philip And Daniele Barach Family Foundation,34-2058891,2024,990-PF XV 3a paid,20000,Friends of the Israel Defense Forces (13-3156445),UNRESTRICTED GENERAL,https://projects.propublica.org/nonprofits/organizations/342058891/202530939349100803/IRS990PF,full return read (automated row extraction; not individually checked)
Philip And Daniele Barach Family Foundation,34-2058891,2025,990-PF XV 3a paid,20000,Friends of the Israel Defense Forces (13-3156445),UNRESTRICTED GENERAL,https://projects.propublica.org/nonprofits/organizations/342058891/202621349349104697/IRS990PF,full return read (automated row extraction; not individually checked)
Philip Chosky Charitable & Educational Foundation,23-2932969,2021,990-PF XV 3a paid,51000,Friends of the Israel Defense Forces (13-3156445),DISCRETIONARY FUND,https://projects.propublica.org/nonprofits/organizations/232932969/202340399349100609/IRS990PF,full return read (automated row extraction; not individually checked)
Philip Chosky Charitable & Educational Foundation,23-2932969,2022,990-PF XV 3a paid,57000,Friends of the Israel Defense Forces (13-3156445),DISCRETIONARY FUND,https://projects.propublica.org/nonprofits/organizations/232932969/202333199349101523/IRS990PF,full return read (automated row extraction; not individually checked)
Philip Chosky Charitable & Educational Foundation,23-2932969,2023,990-PF XV 3a paid,103500,Friends of the Israel Defense Forces (13-3156445),DISCRETIONARY FUND,https://projects.propublica.org/nonprofits/organizations/232932969/202403199349102015/IRS990PF,full return read (automated row extraction; not individually checked)
Philip J Solondz Family Foundation,22-3048830,2013,990-PF XV 3a paid,13000,Friends of the Israel Defense Forces (13-3156445),EDUCATIONAL STUDIES,https://projects.propublica.org/nonprofits/organizations/223048830/201431349349101123/IRS990PF,full return read (automated row extraction; not individually checked)
Philip J Solondz Family Foundation,22-3048830,2014,990-PF XV 3a paid,10000,Friends of the Israel Defense Forces (13-3156445),EDUCATIONAL STUDIES,https://projects.propublica.org/nonprofits/organizations/223048830/201540799349100004/IRS990PF,full return read (automated row extraction; not individually checked)
Philip J Solondz Family Foundation,22-3048830,2022,990-PF XV 3a paid,40000,Friends of the Israel Defense Forces (13-3156445),UNRESTRICTED GRANT TO SUPPORT ORGANIZATOINS CHARITABLE PURPOSE,https://projects.propublica.org/nonprofits/organizations/223048830/202300899349100000/IRS990PF,full return read (automated row extraction; not individually checked)
Philip J Solondz Family Foundation,22-3048830,2023,990-PF XV 3a paid,20000,Friends of the Israel Defense Forces (13-3156445),UNRESTRICTED GRANT TO SUPPORT ORGANIZATOINS CHARITABLE PURPOSE,https://projects.propublica.org/nonprofits/organizations/223048830/202400869349100900/IRS990PF,full return read (automated row extraction; not individually checked)
Philip J Solondz Family Foundation,22-3048830,2024,990-PF XV 3a paid,20000,Friends of the Israel Defense Forces (13-3156445),UNRESTRICTED GRANT TO SUPPORT ORGANIZATOINS CHARITABLE PURPOSE,https://projects.propublica.org/nonprofits/organizations/223048830/202510949349100306/IRS990PF,full return read (automated row extraction; not individually checked)
Philip J Solondz Family Foundation,22-3048830,2025,990-PF XV 3a paid,20000,Friends of the Israel Defense Forces (13-3156445),UNRESTRICTED GRANT TO SUPPORT ORGANIZATOINS CHARITABLE PURPOSE,https://projects.propublica.org/nonprofits/organizations/223048830/202621209349100102/IRS990PF,full return read (automated row extraction; not individually checked)
Phillip Wilensky Foundation,41-6027291,2025,990-PF XV 3a paid,180,Friends of the Israel Defense Forces (13-3156445),TO SUPPORT GENERAL OPERATIONS,https://projects.propublica.org/nonprofits/organizations/416027291/202612399349100706/IRS990PF,full return read (automated row extraction; not individually checked)
Phyllis & Sidney Reisman Foundation,34-1881441,2015,990-PF XV 3a paid,14700,Friends of the Israel Defense Forces (13-3156445),CHARITY GENERAL,https://projects.propublica.org/nonprofits/organizations/341881441/201702839349100500/IRS990PF,full return read (automated row extraction; not individually checked)
Phyllis & Sidney Reisman Foundation,34-1881441,2016,990-PF XV 3a paid,15500,Friends of the Israel Defense Forces (13-3156445),CHARITY GENERAL,https://projects.propublica.org/nonprofits/organizations/341881441/201842749349100029/IRS990PF,full return read (automated row extraction; not individually checked)
Phyllis & Sidney Reisman Foundation,34-1881441,2021,990-PF XV 3a paid,5000,Friends of the Israel Defense Forces (13-3156445),,https://projects.propublica.org/nonprofits/organizations/341881441/202332579349100808/IRS990PF,full return read (automated row extraction; not individually checked)
Phyllis & Sidney Reisman Foundation,34-1881441,2023,990-PF XV 3a paid,1800,Friends of the Israel Defense Forces (13-3156445),,https://projects.propublica.org/nonprofits/organizations/341881441/202502879349100110/IRS990PF,full return read (automated row extraction; not individually checked)
Pincus & Regina Peterseil Foundation Inc,11-3411610,2020,990-PF XV 3a paid,500,Friends of the Israel Defense Forces (13-3156445),SOCIAL SERVICES,https://projects.propublica.org/nonprofits/organizations/113411610/202143369349100504/IRS990PF,full return read (automated row extraction; not individually checked)
Pincus & Regina Peterseil Foundation Inc,11-3411610,2021,990-PF XV 3a paid,500,Friends of the Israel Defense Forces (13-3156445),SOCIAL SERVICES,https://projects.propublica.org/nonprofits/organizations/113411610/202223399349100052/IRS990PF,full return read (automated row extraction; not individually checked)
Pincus & Regina Peterseil Foundation Inc,11-3411610,2022,990-PF XV 3a paid,1800,Friends of the Israel Defense Forces (13-3156445),SOCIAL SERVICES,https://projects.propublica.org/nonprofits/organizations/113411610/202323339349100702/IRS990PF,full return read (automated row extraction; not individually checked)
Pinetree Foundation,47-6682502,2025,990-PF XV 3a paid,230,Friends of the Israel Defense Forces (13-3156445),UNRESTRICTED CONTRIBUTION.,https://projects.propublica.org/nonprofits/organizations/476682502/202611339349104566/IRS990PF,full return read (automated row extraction; not individually checked)
Platt Family Foundation Inc,84-1979492,2020,990-PF XV 3a paid,2500,Friends of the Israel Defense Forces (13-3156445),General & Unrestricted,https://projects.propublica.org/nonprofits/organizations/841979492/202101819349100900/IRS990PF,full return read (automated row extraction; not individually checked)
Platt Family Foundation Inc,84-1979492,2021,990-PF XV 3a paid,2500,Friends of the Israel Defense Forces (13-3156445),General & Unrestricted,https://projects.propublica.org/nonprofits/organizations/841979492/202222029349101202/IRS990PF,full return read (automated row extraction; not individually checked)
Platt Family Foundation Inc,84-1979492,2023,990-PF XV 3a paid,7500,Friends of the Israel Defense Forces (13-3156445),General & Unrestricted,https://projects.propublica.org/nonprofits/organizations/841979492/202432639349100113/IRS990PF,full return read (automated row extraction; not individually checked)
Platt Family Foundation Inc,84-1979492,2024,990-PF XV 3a paid,15000,Friends of the Israel Defense Forces (13-3156445),General & Unrestricted,https://projects.propublica.org/nonprofits/organizations/841979492/202502829349100640/IRS990PF,full return read (automated row extraction; not individually checked)
Pohlad Family Foundation,41-1768558,2023,990-PF XV 3a paid,460,Friends of the Israel Defense Forces (13-3156445),GENERAL OPERATING,https://projects.propublica.org/nonprofits/organizations/411768558/202443179349101549/IRS990PF,full return read (automated row extraction; not individually checked)
Pohlad Family Foundation,41-1768558,2023,990-PF XV 3a paid,280,Friends of the Israel Defense Forces (13-3156445),GENERAL OPERATING,https://projects.propublica.org/nonprofits/organizations/411768558/202443179349101549/IRS990PF,full return read (automated row extraction; not individually checked)
Pohlad Family Foundation,41-1768558,2023,990-PF XV 3a paid,118,Friends of the Israel Defense Forces (13-3156445),GENERAL OPERATING,https://projects.propublica.org/nonprofits/organizations/411768558/202443179349101549/IRS990PF,full return read (automated row extraction; not individually checked)
Pohlad Family Foundation,41-1768558,2023,990-PF XV 3a paid,459,Friends of the Israel Defense Forces (13-3156445),GENERAL OPERATING,https://projects.propublica.org/nonprofits/organizations/411768558/202443179349101549/IRS990PF,full return read (automated row extraction; not individually checked)
Polen Family Foundation,20-3970463,2020,990-PF XV 3a paid,1000,Friends of the Israel Defense Forces (13-3156445),CHARITABLE,https://projects.propublica.org/nonprofits/organizations/203970463/202143089349101809/IRS990PF,full return read (automated row extraction; not individually checked)
Polen Family Foundation,20-3970463,2021,990-PF XV 3a paid,3000,Friends of the Israel Defense Forces (13-3156445),CHARITABLE,https://projects.propublica.org/nonprofits/organizations/203970463/202233089349101833/IRS990PF,full return read (automated row extraction; not individually checked)
Polen Family Foundation,20-3970463,2022,990-PF XV 3a paid,2000,Friends of the Israel Defense Forces (13-3156445),CHARITABLE,https://projects.propublica.org/nonprofits/organizations/203970463/202323129349102102/IRS990PF,full return read (automated row extraction; not individually checked)
Polen Family Foundation,20-3970463,2023,990-PF XV 3a paid,10000,Friends of the Israel Defense Forces (13-3156445),CHARITABLE,https://projects.propublica.org/nonprofits/organizations/203970463/202443209349104414/IRS990PF,full return read (automated row extraction; not individually checked)
Polen Family Foundation,20-3970463,2024,990-PF XV 3a paid,10000,Friends of the Israel Defense Forces (13-3156445),CHARITABLE,https://projects.propublica.org/nonprofits/organizations/203970463/202533179349102818/IRS990PF,full return read (automated row extraction; not individually checked)
Posen Family Foundation,36-3675665,2024,990-PF XV 3a paid,500,Friends of the Israel Defense Forces (13-3156445),ORGANIZATION'S CHARITABLE PURPOSES,https://projects.propublica.org/nonprofits/organizations/363675665/202541359349101429/IRS990PF,full return read (automated row extraction; not individually checked)
Powell Family Foundation Jon R Powell Family Division,82-4737241,2024,990-PF XV 3a paid,1000,Friends of the Israel Defense Forces (13-3156445),GENERAL,https://projects.propublica.org/nonprofits/organizations/824737241/202523039349101382/IRS990PF,full return read (automated row extraction; not individually checked)
Powell Family Foundation Jon R Powell Family Division,82-4737241,2025,990-PF XV 3a paid,2000,Friends of the Israel Defense Forces (13-3156445),GENERAL,https://projects.propublica.org/nonprofits/organizations/824737241/202611339349103376/IRS990PF,full return read (automated row extraction; not individually checked)
Powers Family Foundation Inc,20-3999895,2016,990-PF XV 3a paid,8000,Friends of the Israel Defense Forces (13-3156445),EDUCATIONAL OPERATIONS,https://projects.propublica.org/nonprofits/organizations/203999895/201702559349100020/IRS990PF,full return read (automated row extraction; not individually checked)
Press Family Foundation,06-1598748,2014,990-PF XV 3a paid,,Friends of the Israel Defense Forces (13-3156445),,https://projects.propublica.org/nonprofits/organizations/61598748/201512449349100001/IRS990PF,full return read (automated row extraction; not individually checked)
Press Family Foundation,06-1598748,2015,990-PF XV 3a paid,,Friends of the Israel Defense Forces (13-3156445),,https://projects.propublica.org/nonprofits/organizations/61598748/201633199349101148/IRS990PF,full return read (automated row extraction; not individually checked)
Priscilla And Richard J Schmeelk Foundation Inc,13-3126387,2021,990-PF XV 3a paid,2500,Friends of the Israel Defense Forces (13-3156445),CHARITIES GENERAL,https://projects.propublica.org/nonprofits/organizations/133126387/202240709349100014/IRS990PF,full return read (automated row extraction; not individually checked)
Quad Cities Community Foundation,42-6122716,2023,990 Schedule I,10000,Friends of the Israel Defense Forces (13-3156445),TO HELP SAVE LIVES AND PURSUE FREEDOM.,https://projects.propublica.org/nonprofits/organizations/426122716/202423119349301972/IRS990ScheduleI,full return read (automated row extraction; not individually checked)
Quinn Emanuel Foundation,20-0423348,2023,990-PF XV 3a paid,51550,Friends of the Israel Defense Forces (13-3156445),CHARITABLE,https://projects.propublica.org/nonprofits/organizations/200423348/202440559349100309/IRS990PF,full return read (automated row extraction; not individually checked)
Rady Family Foundation,76-0708193,2013,990-PF XV 3a paid,500,Friends of the Israel Defense Forces (13-3156445),Charitable,https://projects.propublica.org/nonprofits/organizations/760708193/201402499349100300/IRS990PF,full return read (automated row extraction; not individually checked)
Ralph And Shirley Klein Foundation Inc,52-1763518,2022,990-PF XV 3a paid,8000,Friends of the Israel Defense Forces (13-3156445),TO FURTHER THE ORGANIZATION'S EXEMPT PURPOSE.,https://projects.propublica.org/nonprofits/organizations/521763518/202303179349101155/IRS990PF,full return read (automated row extraction; not individually checked)
Ralph And Shirley Klein Foundation Inc,52-1763518,2023,990-PF XV 3a paid,8600,Friends of the Israel Defense Forces (13-3156445),TO FURTHER THE ORGANIZATION'S EXEMPT PURPOSE.,https://projects.propublica.org/nonprofits/organizations/521763518/202433189349101843/IRS990PF,full return read (automated row extraction; not individually checked)
Randall Family Foundation,95-4663969,2017,990-PF XV 3a paid,100000,Friends of the Israel Defense Forces (13-3156445),TO SUPPORT THE IMPACT SCHOLARSHIP PROGRAM,https://projects.propublica.org/nonprofits/organizations/954663969/201920459349100212/IRS990PF,full return read (automated row extraction; not individually checked)
Randall Family Foundation,95-4663969,2017,990-PF XV 3a paid,25000,Friends of the Israel Defense Forces (13-3156445),To support the men and women serving in the Israel Defense Forces,https://projects.propublica.org/nonprofits/organizations/954663969/201920459349100212/IRS990PF,full return read (automated row extraction; not individually checked)
Rasmussen Foundation,77-0166925,2013,990-PF XV 3a paid,500,Friends of the Israel Defense Forces (13-3156445),13-3156445 ISRAEL DEFENSE SUPPORT,https://projects.propublica.org/nonprofits/organizations/770166925/201412269349101176/IRS990PF,full return read (automated row extraction; not individually checked)
Rasmussen Foundation,77-0166925,2017,990-PF XV 3a paid,500,Friends of the Israel Defense Forces (13-3156445),GENERAL SUPPORT,https://projects.propublica.org/nonprofits/organizations/770166925/201802759349100005/IRS990PF,full return read (automated row extraction; not individually checked)
Raymond James Charitable Endowment Fund,59-3652538,2018,990 Schedule I,70000,Friends of the Israel Defense Forces (13-3156445),GENERAL USE,https://projects.propublica.org/nonprofits/organizations/593652538/202030089349300813/IRS990ScheduleI,full return read (automated row extraction; not individually checked)
Raymond James Charitable Endowment Fund,59-3652538,2020,990 Schedule I,90550,Friends of the Israel Defense Forces (13-3156445),GENERAL USE AND/OR SPECIAL FUND/PROJECT,https://projects.propublica.org/nonprofits/organizations/593652538/202240359349300124/IRS990ScheduleI,full return read (automated row extraction; not individually checked)
Raymond James Charitable Endowment Fund,59-3652538,2021,990 Schedule I,89480,Friends of the Israel Defense Forces (13-3156445),GENERAL SUPPORT,https://projects.propublica.org/nonprofits/organizations/593652538/202320469349302162/IRS990ScheduleI,full return read (automated row extraction; not individually checked)
Raymond Zimmerman Family Foundation,62-6166380,2023,990-PF XV 3a paid,5000,Friends of the Israel Defense Forces (13-3156445),GENERAL OPERATIONS,https://projects.propublica.org/nonprofits/organizations/626166380/202441699349100014/IRS990PF,full return read (automated row extraction; not individually checked)
Rcs Family Foundation,81-4090080,2017,990-PF XV 3a paid,12000,Friends of the Israel Defense Forces (13-3156445),NC CHARITABLE,https://projects.propublica.org/nonprofits/organizations/814090080/201843179349102554/IRS990PF,full return read (automated row extraction; not individually checked)
Rcs Family Foundation,81-4090080,2019,990-PF XV 3a paid,28000,Friends of the Israel Defense Forces (13-3156445),CHARITABLE,https://projects.propublica.org/nonprofits/organizations/814090080/202003219349103530/IRS990PF,full return read (automated row extraction; not individually checked)
Rcs Family Foundation,81-4090080,2020,990-PF XV 3a paid,28000,Friends of the Israel Defense Forces (13-3156445),CHARITABLE,https://projects.propublica.org/nonprofits/organizations/814090080/202103159349103295/IRS990PF,full return read (automated row extraction; not individually checked)
Rcs Family Foundation,81-4090080,2021,990-PF XV 3a paid,16000,Friends of the Israel Defense Forces (13-3156445),CHARITABLE,https://projects.propublica.org/nonprofits/organizations/814090080/202223199349104042/IRS990PF,full return read (automated row extraction; not individually checked)
Rechler Family Foundation Inc,59-2828631,2014,990-PF XV 3a paid,150000,Friends of the Israel Defense Forces (13-3156445),CHARITABLE CONTRIBUTION,https://projects.propublica.org/nonprofits/organizations/592828631/201521339349101937/IRS990PF,full return read (automated row extraction; not individually checked)
Rechler Family Foundation Inc,59-2828631,2016,990-PF XV 3a paid,50000,Friends of the Israel Defense Forces (13-3156445),CHARITABLE CONTRIBUTION,https://projects.propublica.org/nonprofits/organizations/592828631/201731299349101073/IRS990PF,full return read (automated row extraction; not individually checked)
Rechler Family Foundation Inc,59-2828631,2021,990-PF XV 3a paid,56000,Friends of the Israel Defense Forces (13-3156445),CHARITABLE CONTRIBUTION,https://projects.propublica.org/nonprofits/organizations/592828631/202201329349101400/IRS990PF,full return read (automated row extraction; not individually checked)
Rechler Family Foundation Inc,59-2828631,2023,990-PF XV 3a paid,123000,Friends of the Israel Defense Forces (13-3156445),CHARITABLE CONTRIBUTION,https://projects.propublica.org/nonprofits/organizations/592828631/202403199349101430/IRS990PF,full return read (automated row extraction; not individually checked)
Redfinch Foundation Inc,86-1051742,2014,990-PF XV 3a paid,85,Friends of the Israel Defense Forces (13-3156445),SUPPORT,https://projects.propublica.org/nonprofits/organizations/861051742/201511359349102821/IRS990PF,full return read (automated row extraction; not individually checked)
Redhill Foundation-sam And Jean Rothberg Family Charitable Trust,37-1217165,2019,990-PF XV 3a paid,900000,Friends of the Israel Defense Forces (13-3156445),GENERAL SUPPORT,https://projects.propublica.org/nonprofits/organizations/371217165/202023219349101302/IRS990PF,full return read (row individually checked)
Reilly Family Foundation,75-2366809,2025,990-PF XV 3a paid,2500,Friends of the Israel Defense Forces (13-3156445),GENERAL OPERATIONS,https://projects.propublica.org/nonprofits/organizations/752366809/202641209349100314/IRS990PF,full return read (automated row extraction; not individually checked)
Resnick Foundation,95-4658095,2019,990-PF XV 3a paid,128000,Friends of the Israel Defense Forces (13-3156445),DONEE'S TAX EXEMPT PURPOSE,https://projects.propublica.org/nonprofits/organizations/954658095/202102249349101125/IRS990PF,full return read (automated row extraction; not individually checked)
Resnick Foundation,95-4658095,2019,990-PF XV 3b approved future,256000,Friends of the Israel Defense Forces (13-3156445),DONEE'S TAX EXEMPT PURPOSE,https://projects.propublica.org/nonprofits/organizations/954658095/202102249349101125/IRS990PF,full return read (automated row extraction; not individually checked)
Resnick Foundation,95-4658095,2020,990-PF XV 3a paid,128000,Friends of the Israel Defense Forces (13-3156445),DONEE'S TAX EXEMPT PURPOSE,https://projects.propublica.org/nonprofits/organizations/954658095/202242159349100214/IRS990PF,full return read (automated row extraction; not individually checked)
Resnick Foundation,95-4658095,2020,990-PF XV 3b approved future,128000,Friends of the Israel Defense Forces (13-3156445),DONEE'S TAX EXEMPT PURPOSE,https://projects.propublica.org/nonprofits/organizations/954658095/202242159349100214/IRS990PF,full return read (automated row extraction; not individually checked)
Resnick Foundation,95-4658095,2021,990-PF XV 3a paid,100000,Friends of the Israel Defense Forces (13-3156445),DONEE'S TAX EXEMPT PURPOSE,https://projects.propublica.org/nonprofits/organizations/954658095/202322269349100777/IRS990PF,full return read (automated row extraction; not individually checked)
Resolute Foundation,83-2095326,2024,990-PF XV 3a paid,122,Friends of the Israel Defense Forces (13-3156445),General & Unrestricted,https://projects.propublica.org/nonprofits/organizations/832095326/202523239349100332/IRS990PF,full return read (automated row extraction; not individually checked)
Reuben And Jane Leibowitz Foundation Inc,13-3382812,2018,990-PF XV 3a paid,360,Friends of the Israel Defense Forces (13-3156445),"TO PROVIDE EDUCATIUONAL, CULTURAL, RECREATIONAL AND SOCIAL SERVICE PROGRAMS AND FACILITIES",https://projects.propublica.org/nonprofits/organizations/133382812/202002909349100505/IRS990PF,full return read (automated row extraction; not individually checked)
Reva & Harvey Gertel Charitable Foundation,35-6807639,2024,990-PF XV 3a paid,6000,Friends of the Israel Defense Forces (13-3156445),NON-RELATED QUALIFIED DONATION,https://projects.propublica.org/nonprofits/organizations/356807639/202501679349100655/IRS990PF,full return read (automated row extraction; not individually checked)
Ric & Suzanne Kayne Foundation,95-4124379,2014,990-PF XV 3a paid,3600,Friends of the Israel Defense Forces (13-3156445),GENERAL SUPPORT,https://projects.propublica.org/nonprofits/organizations/954124379/201543209349103414/IRS990PF,full return read (automated row extraction; not individually checked)
Richard And Clare Lesser Family Foundation,04-6961280,2021,990-PF XV 3a paid,8000,Friends of the Israel Defense Forces (13-3156445),IMPACT SCHOLARSHIP,https://projects.propublica.org/nonprofits/organizations/46961280/202201329349103220/IRS990PF,full return read (automated row extraction; not individually checked)
Richard And Clare Lesser Family Foundation,04-6961280,2021,990-PF XV 3a paid,8000,Friends of the Israel Defense Forces (13-3156445),IMPACT SCHOLARSHIP,https://projects.propublica.org/nonprofits/organizations/46961280/202201329349103220/IRS990PF,full return read (automated row extraction; not individually checked)
Richard And Clare Lesser Family Foundation,04-6961280,2022,990-PF XV 3a paid,8000,Friends of the Israel Defense Forces (13-3156445),"REISSUED 3RD PLEDGE INSTALLMENT, PROGRAM: IMPACT SCHOLARSHIP",https://projects.propublica.org/nonprofits/organizations/46961280/202303169349100450/IRS990PF,full return read (automated row extraction; not individually checked)
Richard And Clare Lesser Family Foundation,04-6961280,2023,990-PF XV 3a paid,500,Friends of the Israel Defense Forces (13-3156445),"REISSUED 3RD PLEDGE INSTALLMENT, PROGRAM: IMPACT SCHOLARSHIP",https://projects.propublica.org/nonprofits/organizations/46961280/202401349349101480/IRS990PF,full return read (automated row extraction; not individually checked)
Richard And Martha Glasser Family Foundation,54-2061975,2023,990-PF XV 3a paid,3000,Friends of the Israel Defense Forces (13-3156445),Unrestricted gift,https://projects.propublica.org/nonprofits/organizations/542061975/202403199349102765/IRS990PF,full return read (automated row extraction; not individually checked)
Richard And Martha Glasser Family Foundation,54-2061975,2024,990-PF XV 3a paid,25000,Friends of the Israel Defense Forces (13-3156445),Unrestricted gift,https://projects.propublica.org/nonprofits/organizations/542061975/202533159349101608/IRS990PF,full return read (automated row extraction; not individually checked)
Richard L & Lois S Werner Family Foundation,23-7911213,2016,990-PF XV 3a paid,1000,Friends of the Israel Defense Forces (13-3156445),,https://projects.propublica.org/nonprofits/organizations/237911213/201741329349100109/IRS990PF,full return read (automated row extraction; not individually checked)
Richard L & Lois S Werner Family Foundation,23-7911213,2017,990-PF XV 3a paid,1000,Friends of the Israel Defense Forces (13-3156445),,https://projects.propublica.org/nonprofits/organizations/237911213/201841359349103399/IRS990PF,full return read (automated row extraction; not individually checked)
Richard L & Lois S Werner Family Foundation,23-7911213,2021,990-PF XV 3a paid,500,Friends of the Israel Defense Forces (13-3156445),GENERAL SUPPORT,https://projects.propublica.org/nonprofits/organizations/237911213/202201309349101120/IRS990PF,full return read (automated row extraction; not individually checked)
Richard L & Lois S Werner Family Foundation,23-7911213,2023,990-PF XV 3a paid,500,Friends of the Israel Defense Forces (13-3156445),GENERAL SUPPORT,https://projects.propublica.org/nonprofits/organizations/237911213/202411279349100811/IRS990PF,full return read (automated row extraction; not individually checked)
Richard Meier Foundation,13-3978415,2023,990-PF XV 3a paid,1000,Friends of the Israel Defense Forces (13-3156445),GENERAL SUPPORT,https://projects.propublica.org/nonprofits/organizations/133978415/202403209349105915/IRS990PF,full return read (automated row extraction; not individually checked)
Richard N Berman Foundation,45-0634038,2023,990-PF XV 3a paid,10400,Friends of the Israel Defense Forces (13-3156445),CHARITABLE PURPOSE,https://projects.propublica.org/nonprofits/organizations/450634038/202431949349100403/IRS990PF,full return read (automated row extraction; not individually checked)
Riklin Charitable Trust,74-6493929,2019,990-PF XV 3a paid,500,Friends of the Israel Defense Forces (13-3156445),"offers educational, cultural, recreational, social services programs, and facilities that provide hope, purpose, and life-changing support f",https://projects.propublica.org/nonprofits/organizations/746493929/202011379349100201/IRS990PF,full return read (automated row extraction; not individually checked)
Riklin Charitable Trust,74-6493929,2020,990-PF XV 3a paid,2000,Friends of the Israel Defense Forces (13-3156445),"offers educational, cultural, recreational, social services programs, and facilities that provide hope, purpose, and life-changing support f",https://projects.propublica.org/nonprofits/organizations/746493929/202101669349100920/IRS990PF,full return read (automated row extraction; not individually checked)
Riklin Charitable Trust,74-6493929,2021,990-PF XV 3a paid,1300,Friends of the Israel Defense Forces (13-3156445),"offers educational, cultural, recreational, social services programs, and facilities that provide hope, purpose, and life-changing support f",https://projects.propublica.org/nonprofits/organizations/746493929/202221329349102837/IRS990PF,full return read (automated row extraction; not individually checked)
Riklin Charitable Trust,74-6493929,2022,990-PF XV 3a paid,1300,Friends of the Israel Defense Forces (13-3156445),"offers educational, cultural, recreational, social services programs, and facilities that provide hope, purpose, and life-changing support f",https://projects.propublica.org/nonprofits/organizations/746493929/202321309349104552/IRS990PF,full return read (automated row extraction; not individually checked)
Riklin Charitable Trust,74-6493929,2023,990-PF XV 3a paid,600,Friends of the Israel Defense Forces (13-3156445),"offers educational, cultural, recreational, social services programs, and facilities that provide hope, purpose, and life-changing support f",https://projects.propublica.org/nonprofits/organizations/746493929/202431369349105108/IRS990PF,full return read (automated row extraction; not individually checked)
Riklin Charitable Trust,74-6493929,2024,990-PF XV 3a paid,500,Friends of the Israel Defense Forces (13-3156445),"offers educational, cultural, recreational, social services programs, and facilities that provide hope, purpose, and life-changing support f",https://projects.propublica.org/nonprofits/organizations/746493929/202531619349100008/IRS990PF,full return read (automated row extraction; not individually checked)
Rimon Foundation,27-2903299,2024,990-PF XV 3a paid,7770,Friends of the Israel Defense Forces (13-3156445),SUPPORT OF ORGANIZATION MISSION,https://projects.propublica.org/nonprofits/organizations/272903299/202533199349100528/IRS990PF,full return read (automated row extraction; not individually checked)
Rittenberg Family Foundation,72-1488734,2023,990-PF XV 3a paid,5000,Friends of the Israel Defense Forces (13-3156445),Donation,https://projects.propublica.org/nonprofits/organizations/721488734/202430969349100818/IRS990PF,full return read (automated row extraction; not individually checked)
Rm2 Foundation,05-0494286,2013,990-PF XV 3a paid,977406,Friends of the Israel Defense Forces (13-3156445),GENERAL,https://projects.propublica.org/nonprofits/organizations/50494286/201502869349100215/IRS990PF,full return read (automated row extraction; not individually checked)
Rm2 Foundation,05-0494286,2015,990-PF XV 3a paid,346059,Friends of the Israel Defense Forces (13-3156445),GENERAL OPERATING SUPPORT,https://projects.propublica.org/nonprofits/organizations/50494286/201702829349100600/IRS990PF,full return read (automated row extraction; not individually checked)
Rm2 Foundation,05-0494286,2016,990-PF XV 3a paid,9841,Friends of the Israel Defense Forces (13-3156445),GENERAL OPERATING SUPPORT,https://projects.propublica.org/nonprofits/organizations/50494286/201802899349100100/IRS990PF,full return read (automated row extraction; not individually checked)
Rm2 Foundation,05-0494286,2017,990-PF XV 3a paid,24000,Friends of the Israel Defense Forces (13-3156445),GENERAL OPERATING SUPPORT,https://projects.propublica.org/nonprofits/organizations/50494286/201900619349100500/IRS990PF,full return read (automated row extraction; not individually checked)
Rm2 Foundation,05-0494286,2019,990-PF XV 3a paid,12000,Friends of the Israel Defense Forces (13-3156445),GENERAL OPERATING SUPPORT,https://projects.propublica.org/nonprofits/organizations/50494286/202100439349100615/IRS990PF,full return read (automated row extraction; not individually checked)
Rm2 Foundation,05-0494286,2020,990-PF XV 3a paid,12000,Friends of the Israel Defense Forces (13-3156445),GENERAL OPERATING SUPPORT,https://projects.propublica.org/nonprofits/organizations/50494286/202210669349100316/IRS990PF,full return read (automated row extraction; not individually checked)
Robert A And Renee E Belfer Family Foundation,13-6935616,2013,990-PF XV 3a paid,5000,Friends of the Israel Defense Forces (13-3156445),GENERAL SUPPORT,https://projects.propublica.org/nonprofits/organizations/136935616/201442269349100304/IRS990PF,full return read (automated row extraction; not individually checked)
Robert And Jodi Rosenthal Family Foundation,11-3357219,2013,990-PF XV 3a paid,400,Friends of the Israel Defense Forces (13-3156445),General Support,https://projects.propublica.org/nonprofits/organizations/113357219/201441369349100504/IRS990PF,full return read (automated row extraction; not individually checked)
Robert And Jodi Rosenthal Family Foundation,11-3357219,2014,990-PF XV 3a paid,500,Friends of the Israel Defense Forces (13-3156445),General Support,https://projects.propublica.org/nonprofits/organizations/113357219/201521359349101082/IRS990PF,full return read (automated row extraction; not individually checked)
Robert And Jodi Rosenthal Family Foundation,11-3357219,2015,990-PF XV 3a paid,1660,Friends of the Israel Defense Forces (13-3156445),General Support,https://projects.propublica.org/nonprofits/organizations/113357219/201623209349103407/IRS990PF,full return read (automated row extraction; not individually checked)
Robert And Jodi Rosenthal Family Foundation,11-3357219,2016,990-PF XV 3a paid,1270,Friends of the Israel Defense Forces (13-3156445),General Support,https://projects.propublica.org/nonprofits/organizations/113357219/201721359349103757/IRS990PF,full return read (automated row extraction; not individually checked)
Robert And Jodi Rosenthal Family Foundation,11-3357219,2024,990-PF XV 3a paid,350,Friends of the Israel Defense Forces (13-3156445),General Support,https://projects.propublica.org/nonprofits/organizations/113357219/202541569349100119/IRS990PF,full return read (automated row extraction; not individually checked)
Robert And Jodi Rosenthal Family Foundation,11-3357219,2025,990-PF XV 3a paid,100,Friends of the Israel Defense Forces (13-3156445),General Support,https://projects.propublica.org/nonprofits/organizations/113357219/202601279349103305/IRS990PF,full return read (automated row extraction; not individually checked)
Robert And Judith Atlas Family Foundation,84-5191856,2023,990-PF XV 3a paid,5000,Friends of the Israel Defense Forces (13-3156445),GENERAL SUPPORT,https://projects.propublica.org/nonprofits/organizations/845191856/202412399349100481/IRS990PF,full return read (automated row extraction; not individually checked)
Robert And Yadelle Sklare Foundation,36-4389423,2014,990 Schedule I,22000,Friends of the Israel Defense Forces (13-3156445),General Operating Support,https://projects.propublica.org/nonprofits/organizations/364389423/201601329349301435/IRS990ScheduleI,full return read (automated row extraction; not individually checked)
Robert B And Shirley K Haspel Endowment Fund,72-0961469,2023,990 Schedule I,10000,Friends of the Israel Defense Forces (13-3156445),MILITARY/DEFENSE,https://projects.propublica.org/nonprofits/organizations/720961469/202443329349301654/IRS990ScheduleI,full return read (automated row extraction; not individually checked)
Robert C Baker Family Foundation,13-3798665,2023,990-PF XV 3a paid,2500,Friends of the Israel Defense Forces (13-3156445),TO FURTHER DONEES EXEMPT PURPOSE,https://projects.propublica.org/nonprofits/organizations/133798665/202443119349100709/IRS990PF,full return read (automated row extraction; not individually checked)
Robert C Baker Family Foundation,13-3798665,2024,990-PF XV 3a paid,6000,Friends of the Israel Defense Forces (13-3156445),TO FURTHER DONEES EXEMPT PURPOSE,https://projects.propublica.org/nonprofits/organizations/133798665/202503149349101580/IRS990PF,full return read (automated row extraction; not individually checked)
Robert Cohn And Ruth Cohn Family Foundation,30-6064459,2020,990-PF XV 3a paid,4000,Friends of the Israel Defense Forces (13-3156445),GENERAL SUPPORT,https://projects.propublica.org/nonprofits/organizations/306064459/202113129349101106/IRS990PF,full return read (automated row extraction; not individually checked)
Robert Cohn And Ruth Cohn Family Foundation,30-6064459,2021,990-PF XV 3a paid,6250,Friends of the Israel Defense Forces (13-3156445),GENERAL SUPPORT,https://projects.propublica.org/nonprofits/organizations/306064459/202232929349100513/IRS990PF,full return read (automated row extraction; not individually checked)
Robert D And Phyllis A Jaffee Family Foundation,36-3989836,2024,990-PF XV 3a paid,5000,Friends of the Israel Defense Forces (13-3156445),UNRESTRICTED CONTRIBUTION,https://projects.propublica.org/nonprofits/organizations/363989836/202622019349100267/IRS990PF,full return read (automated row extraction; not individually checked)
Robert I Schattner Foundation Inc,52-1800778,2022,990-PF XV 3a paid,100000,Friends of the Israel Defense Forces (13-3156445),IMPACT PROGRAM,https://projects.propublica.org/nonprofits/organizations/521800778/202303079349100905/IRS990PF,full return read (automated row extraction; not individually checked)
Robert I Schattner Foundation Inc,52-1800778,2023,990-PF XV 3a paid,100000,Friends of the Israel Defense Forces (13-3156445),GENERAL SUPPORT,https://projects.propublica.org/nonprofits/organizations/521800778/202413069349101611/IRS990PF,full return read (automated row extraction; not individually checked)
Robert I Schattner Foundation Inc,52-1800778,2024,990-PF XV 3a paid,50000,Friends of the Israel Defense Forces (13-3156445),General & Unrestricted,https://projects.propublica.org/nonprofits/organizations/521800778/202523239349100812/IRS990PF,full return read (automated row extraction; not individually checked)
Robert J Ades Foundation,81-4626506,2024,990-PF XV 3a paid,1000,Friends of the Israel Defense Forces (13-3156445),GENERAL PURPOSES,https://projects.propublica.org/nonprofits/organizations/814626506/202541089349100424/IRS990PF,full return read (automated row extraction; not individually checked)
Robert M Beren Foundation Inc,48-0990309,2021,990-PF XV 3a paid,100000,Friends of the Israel Defense Forces (13-3156445),GENERAL FUND,https://projects.propublica.org/nonprofits/organizations/480990309/202332409349100823/IRS990PF,full return read (automated row extraction; not individually checked)
Robert M Beren Foundation Inc,48-0990309,2022,990-PF XV 3a paid,300000,Friends of the Israel Defense Forces (13-3156445),IN MEMORY OF RMB,https://projects.propublica.org/nonprofits/organizations/480990309/202333529349100453/IRS990PF,full return read (automated row extraction; not individually checked)
Robert Margolis Foundation Inc,95-4662710,2023,990-PF XV 3a paid,10000,Friends of the Israel Defense Forces (13-3156445),SOCIAL,https://projects.propublica.org/nonprofits/organizations/954662710/202431369349103818/IRS990PF,full return read (automated row extraction; not individually checked)
Robert Matz And Peggy Lee Warner Tr U-d Matz Warner Fam Foundation,54-6676431,2023,990-PF XV 3a paid,100000,Friends of the Israel Defense Forces (13-3156445),TO FURTHER SUPPORT ORGANIZATION,https://projects.propublica.org/nonprofits/organizations/546676431/202403119349100935/IRS990PF,full return read (automated row extraction; not individually checked)
Robert Matz And Peggy Lee Warner Tr U-d Matz Warner Fam Foundation,54-6676431,2024,990-PF XV 3a paid,10000,Friends of the Israel Defense Forces (13-3156445),TO FURTHER SUPPORT ORGANIZATION,https://projects.propublica.org/nonprofits/organizations/546676431/202513219349108591/IRS990PF,full return read (automated row extraction; not individually checked)
Robert S Block Family Foundation Inc,23-7076777,2014,990-PF XV 3a paid,200,Friends of the Israel Defense Forces (13-3156445),CHARITABLE,https://projects.propublica.org/nonprofits/organizations/237076777/201521319349101472/IRS990PF,full return read (automated row extraction; not individually checked)
Robert Wood Johnson Foundation,22-6029397,2019,990-PF XV 3a paid,900,Friends of the Israel Defense Forces (13-3156445),Matching Gifts,https://projects.propublica.org/nonprofits/organizations/226029397/202043179349102989/IRS990PF,full return read (automated row extraction; not individually checked)
Robert Wood Johnson Foundation,22-6029397,2019,990-PF XV 3b approved future,900,Friends of the Israel Defense Forces (13-3156445),Matching Gifts,https://projects.propublica.org/nonprofits/organizations/226029397/202043179349102989/IRS990PF,full return read (automated row extraction; not individually checked)
Robert Wood Johnson Foundation,22-6029397,2021,990-PF XV 3a paid,500,Friends of the Israel Defense Forces (13-3156445),Matching Gifts,https://projects.propublica.org/nonprofits/organizations/226029397/202233149349102638/IRS990PF,full return read (automated row extraction; not individually checked)
Rockefeller Foundation,13-1659629,2015,990-PF XV 3a paid,300,Friends of the Israel Defense Forces (13-3156445),MATCHING GIFT,https://projects.propublica.org/nonprofits/organizations/131659629/201633199349100638/IRS990PF,full return read (automated row extraction; not individually checked)
Rocker Family Foundation Inc,22-3699940,2021,990 Schedule I,6000,Friends of the Israel Defense Forces (13-3156445),General Support,https://projects.propublica.org/nonprofits/organizations/223699940/202301329349306485/IRS990ScheduleI,full return read (automated row extraction; not individually checked)
Rodan Family Foundation,83-0761600,2020,990-PF XV 3a paid,72000,Friends of the Israel Defense Forces (13-3156445),AND 501(C)(3) PC Charitable Purposes of the Organization,https://projects.propublica.org/nonprofits/organizations/830761600/202103199349109800/IRS990PF,full return read (automated row extraction; not individually checked)
Rodan Family Foundation,83-0761600,2021,990-PF XV 3a paid,72000,Friends of the Israel Defense Forces (13-3156445),AND 501(C)(3) PC Charitable Purposes of the Organization,https://projects.propublica.org/nonprofits/organizations/830761600/202213199349106181/IRS990PF,full return read (automated row extraction; not individually checked)
Rodan Family Foundation,83-0761600,2022,990-PF XV 3a paid,162000,Friends of the Israel Defense Forces (13-3156445),AND 501(C)(3) PC Charitable Purposes of the Organization,https://projects.propublica.org/nonprofits/organizations/830761600/202313199349103566/IRS990PF,full return read (automated row extraction; not individually checked)
Rodan Family Foundation,83-0761600,2023,990-PF XV 3a paid,162000,Friends of the Israel Defense Forces (13-3156445),AND 501(C)(3) PC Charitable Purposes of the Organization,https://projects.propublica.org/nonprofits/organizations/830761600/202433189349101418/IRS990PF,full return read (automated row extraction; not individually checked)
Rodan Family Foundation,83-0761600,2024,990-PF XV 3a paid,90000,Friends of the Israel Defense Forces (13-3156445),AND 501(C)(3) PC Charitable Purposes of the Organization,https://projects.propublica.org/nonprofits/organizations/830761600/202523169349102582/IRS990PF,full return read (automated row extraction; not individually checked)
Rodger And Loree Wasserman Foundation,38-3343567,2015,990-PF XV 3a paid,3,Friends of the Israel Defense Forces (13-3156445),501 (C),https://projects.propublica.org/nonprofits/organizations/383343567/201610849349100856/IRS990PF,full return read (automated row extraction; not individually checked)
Rogers Family Charitable Foundation,81-4474271,2023,990-PF XV 3a paid,5400,Friends of the Israel Defense Forces (13-3156445),General & Unrestricted,https://projects.propublica.org/nonprofits/organizations/814474271/202431309349103043/IRS990PF,full return read (automated row extraction; not individually checked)
Ron & Lisa Brill Charitable Tr,58-6275452,2015,990-PF XV 3a paid,1000,Friends of the Israel Defense Forces (13-3156445),General & Unrestricted,https://projects.propublica.org/nonprofits/organizations/586275452/201700389349100315/IRS990PF,full return read (automated row extraction; not individually checked)
Ron & Lisa Brill Charitable Tr,58-6275452,2016,990-PF XV 3a paid,500,Friends of the Israel Defense Forces (13-3156445),Charitable Event,https://projects.propublica.org/nonprofits/organizations/586275452/201800129349100405/IRS990PF,full return read (automated row extraction; not individually checked)
Ron & Lisa Brill Charitable Tr,58-6275452,2017,990-PF XV 3a paid,500,Friends of the Israel Defense Forces (13-3156445),General & Unrestricted,https://projects.propublica.org/nonprofits/organizations/586275452/201941339349102714/IRS990PF,full return read (automated row extraction; not individually checked)
Ron & Lisa Brill Charitable Tr,58-6275452,2017,990-PF XV 3a paid,500,Friends of the Israel Defense Forces (13-3156445),Lone Soldier Scholarship fund,https://projects.propublica.org/nonprofits/organizations/586275452/201941339349102714/IRS990PF,full return read (automated row extraction; not individually checked)
Ron & Lisa Brill Charitable Tr,58-6275452,2017,990-PF XV 3a paid,3600,Friends of the Israel Defense Forces (13-3156445),Charitable Event,https://projects.propublica.org/nonprofits/organizations/586275452/201941339349102714/IRS990PF,full return read (automated row extraction; not individually checked)
Ron & Lisa Brill Charitable Tr,58-6275452,2018,990-PF XV 3a paid,4000,Friends of the Israel Defense Forces (13-3156445),Impact scholarship fund,https://projects.propublica.org/nonprofits/organizations/586275452/202040149349100104/IRS990PF,full return read (automated row extraction; not individually checked)
Ron & Lisa Brill Charitable Tr,58-6275452,2019,990-PF XV 3a paid,1800,Friends of the Israel Defense Forces (13-3156445),General & Unrestricted,https://projects.propublica.org/nonprofits/organizations/586275452/202130749349100853/IRS990PF,full return read (automated row extraction; not individually checked)
Ron & Lisa Brill Charitable Tr,58-6275452,2019,990-PF XV 3a paid,4000,Friends of the Israel Defense Forces (13-3156445),Impact scholarship fund,https://projects.propublica.org/nonprofits/organizations/586275452/202130749349100853/IRS990PF,full return read (automated row extraction; not individually checked)
Ron & Lisa Brill Charitable Tr,58-6275452,2019,990-PF XV 3a paid,1000,Friends of the Israel Defense Forces (13-3156445),Charitable Event,https://projects.propublica.org/nonprofits/organizations/586275452/202130749349100853/IRS990PF,full return read (automated row extraction; not individually checked)
Ron & Lisa Brill Charitable Tr,58-6275452,2020,990-PF XV 3a paid,4000,Friends of the Israel Defense Forces (13-3156445),Impact Scholarship Fund,https://projects.propublica.org/nonprofits/organizations/586275452/202200269349100755/IRS990PF,full return read (automated row extraction; not individually checked)
Ron & Lisa Brill Charitable Tr,58-6275452,2021,990-PF XV 3a paid,4000,Friends of the Israel Defense Forces (13-3156445),Impact Scholarship Agreement,https://projects.propublica.org/nonprofits/organizations/586275452/202300329349100115/IRS990PF,full return read (automated row extraction; not individually checked)
Ron & Lisa Brill Charitable Tr,58-6275452,2023,990-PF XV 3a paid,1800,Friends of the Israel Defense Forces (13-3156445),Duvdivan Foundation Fund,https://projects.propublica.org/nonprofits/organizations/586275452/202500809349101500/IRS990PF,full return read (automated row extraction; not individually checked)
Ron & Lisa Brill Charitable Tr,58-6275452,2023,990-PF XV 3a paid,500,Friends of the Israel Defense Forces (13-3156445),General & Unrestricted,https://projects.propublica.org/nonprofits/organizations/586275452/202500809349101500/IRS990PF,full return read (automated row extraction; not individually checked)
Ronald And Joy Paul Family Foundation Inc,27-4380616,2023,990-PF XV 3a paid,7500,Friends of the Israel Defense Forces (13-3156445),OTHER PUBLIC CHARITY DONATION,https://projects.propublica.org/nonprofits/organizations/274380616/202431509349101108/IRS990PF,full return read (automated row extraction; not individually checked)
Ronald And Joy Paul Family Foundation Inc,27-4380616,2024,990-PF XV 3a paid,50,Friends of the Israel Defense Forces (13-3156445),OTHER PUBLIC CHARITY DONATION,https://projects.propublica.org/nonprofits/organizations/274380616/202501329349102585/IRS990PF,full return read (automated row extraction; not individually checked)
Rosalie Katz Family Foundation Inc,31-1757404,2014,990-PF XV 3a paid,7600,Friends of the Israel Defense Forces (13-3156445),UNRESTRICTED,https://projects.propublica.org/nonprofits/organizations/311757404/201522189349100002/IRS990PF,full return read (automated row extraction; not individually checked)
Rosalie Katz Family Foundation Inc,31-1757404,2016,990-PF XV 3a paid,5000,Friends of the Israel Defense Forces (13-3156445),UNRESTRICTED,https://projects.propublica.org/nonprofits/organizations/311757404/201712429349100006/IRS990PF,full return read (automated row extraction; not individually checked)
Rosalie Katz Family Foundation Inc,31-1757404,2017,990-PF XV 3a paid,360,Friends of the Israel Defense Forces (13-3156445),UNRESTRICTED,https://projects.propublica.org/nonprofits/organizations/311757404/201803189349102600/IRS990PF,full return read (automated row extraction; not individually checked)
Rosalie Katz Family Foundation Inc,31-1757404,2024,990-PF XV 3a paid,19000,Friends of the Israel Defense Forces (13-3156445),UNRESTRICTED,https://projects.propublica.org/nonprofits/organizations/311757404/202503099349101500/IRS990PF,full return read (automated row extraction; not individually checked)
Rosalinde And Arthur Gilbert Foundation,56-2305694,2019,990-PF XV 3a paid,5000,Friends of the Israel Defense Forces (13-3156445),NOT APPLICABLE PC ISRAEL,https://projects.propublica.org/nonprofits/organizations/562305694/202023199349101107/IRS990PF,full return read (automated row extraction; not individually checked)
Rose Community Foundation,84-0920862,2015,990 Schedule I,6500,Friends of the Israel Defense Forces (13-3156445),General operating support,https://projects.propublica.org/nonprofits/organizations/840920862/201613199349311401/IRS990ScheduleI,full return read (automated row extraction; not individually checked)
Rose Community Foundation,84-0920862,2016,990 Schedule I,5000,Friends of the Israel Defense Forces (13-3156445),General Operating Support,https://projects.propublica.org/nonprofits/organizations/840920862/201733199349305588/IRS990ScheduleI,full return read (automated row extraction; not individually checked)
Rosenblatt Charitable Tr,35-6876040,2013,990-PF XV 3a paid,18000,Friends of the Israel Defense Forces (13-3156445),GENERAL PURPOSE,https://projects.propublica.org/nonprofits/organizations/356876040/201422559349100312/IRS990PF,full return read (automated row extraction; not individually checked)
Rosenblatt Charitable Tr,35-6876040,2014,990-PF XV 3a paid,18000,Friends of the Israel Defense Forces (13-3156445),GENERAL PURPOSE,https://projects.propublica.org/nonprofits/organizations/356876040/201541329349103074/IRS990PF,full return read (automated row extraction; not individually checked)
Rosenblatt Charitable Tr,35-6876040,2016,990-PF XV 3a paid,18000,Friends of the Israel Defense Forces (13-3156445),GENERAL PURPOSE,https://projects.propublica.org/nonprofits/organizations/356876040/201740959349100209/IRS990PF,full return read (automated row extraction; not individually checked)
Rosenblatt Charitable Tr,35-6876040,2017,990-PF XV 3a paid,18000,Friends of the Israel Defense Forces (13-3156445),GENERAL PURPOSE,https://projects.propublica.org/nonprofits/organizations/356876040/201801309349101185/IRS990PF,full return read (automated row extraction; not individually checked)
Rosenblatt Charitable Tr,35-6876040,2021,990-PF XV 3a paid,18000,Friends of the Israel Defense Forces (13-3156445),GENERAL PURPOSE,https://projects.propublica.org/nonprofits/organizations/356876040/202211309349103386/IRS990PF,full return read (automated row extraction; not individually checked)
Rosenbluth Family Charitable Foundation,82-2085640,2023,990 Schedule I,73000,Friends of the Israel Defense Forces (13-3156445),EMERGENCY CAMPAIGN FOR ISRAEL'S SOLDIERS AND DESIGNATED SUPPORT TOWARDS THE HAMAS-ISRAEL WAR EMERGENCY CAMPAIGN,https://projects.propublica.org/nonprofits/organizations/822085640/202520459349301722/IRS990ScheduleI,full return read (automated row extraction; not individually checked)
Rosenfield Fam Foundation Tr Agreement 10132007,65-6470902,2014,990-PF XV 3a paid,7800,Friends of the Israel Defense Forces (13-3156445),TAX EXEMPT TO SUPPORT THE NEEDS OF THE IDF SOLDIERS,https://projects.propublica.org/nonprofits/organizations/656470902/201540459349100304/IRS990PF,full return read (automated row extraction; not individually checked)
Rosenfield Fam Foundation Tr Agreement 10132007,65-6470902,2016,990-PF XV 3a paid,100,Friends of the Israel Defense Forces (13-3156445),TAX EXEMPT TO SUPPORT THE NEEDS OF THE IDF SOLDIERS,https://projects.propublica.org/nonprofits/organizations/656470902/201741359349100954/IRS990PF,full return read (automated row extraction; not individually checked)
Rosenkranz Foundation Inc,13-3940017,2023,990-PF XV 3a paid,1000,Friends of the Israel Defense Forces (13-3156445),501( C)(3) CHARITABLE,https://projects.propublica.org/nonprofits/organizations/133940017/202512589349101011/IRS990PF,full return read (automated row extraction; not individually checked)
Rosenthal Family,13-3263916,2023,990-PF XV 3a paid,18000,Friends of the Israel Defense Forces (13-3156445),EDUCATION,https://projects.propublica.org/nonprofits/organizations/133263916/202542889349100149/IRS990PF,full return read (automated row extraction; not individually checked)
Roskind Family Foundation Inc,16-1644782,2014,990-PF XV 3a paid,180,Friends of the Israel Defense Forces (13-3156445),GENERAL,https://projects.propublica.org/nonprofits/organizations/161644782/201513209349103966/IRS990PF,full return read (automated row extraction; not individually checked)
Rothberg Fam Charitable Foundation For Childrens Diseases,06-1519674,2023,990-PF XV 3a paid,48000,Friends of the Israel Defense Forces (13-3156445),"SUPPORT ISRAEL SOLDIERS, VETERANS & FAMILY MEMBERS",https://projects.propublica.org/nonprofits/organizations/61519674/202422689349100702/IRS990PF,full return read (automated row extraction; not individually checked)
Rothschild Family Foundation Inc,35-2413378,2020,990-PF XV 3a paid,2500,Friends of the Israel Defense Forces (13-3156445),GENERAL PURPOSE,https://projects.propublica.org/nonprofits/organizations/352413378/202132429349100213/IRS990PF,full return read (automated row extraction; not individually checked)
Rothschild Family Foundation Inc,35-2413378,2021,990-PF XV 3a paid,36000,Friends of the Israel Defense Forces (13-3156445),GENERAL PURPOSE,https://projects.propublica.org/nonprofits/organizations/352413378/202222499349100962/IRS990PF,full return read (automated row extraction; not individually checked)
Rothschild Family Foundation Inc,35-2413378,2022,990-PF XV 3a paid,10000,Friends of the Israel Defense Forces (13-3156445),GENERAL PURPOSE,https://projects.propublica.org/nonprofits/organizations/352413378/202342349349100409/IRS990PF,full return read (automated row extraction; not individually checked)
Rousso Sportswear Foundation Inc,13-6154248,2017,990-PF XV 3a paid,100,Friends of the Israel Defense Forces (13-3156445),GENERAL CHARITABLE PURPOSES,https://projects.propublica.org/nonprofits/organizations/136154248/201812699349100416/IRS990PF,full return read (automated row extraction; not individually checked)
Rowland & Sylvia Schaefer Family,65-0757807,2017,990-PF XV 3a paid,5000,Friends of the Israel Defense Forces (13-3156445),CHARITABLE,https://projects.propublica.org/nonprofits/organizations/650757807/201843139349100419/IRS990PF,full return read (automated row extraction; not individually checked)
Rowland & Sylvia Schaefer Family,65-0757807,2018,990-PF XV 3a paid,10000,Friends of the Israel Defense Forces (13-3156445),CHARITABLE,https://projects.propublica.org/nonprofits/organizations/650757807/201933179349101923/IRS990PF,full return read (automated row extraction; not individually checked)
Rowland & Sylvia Schaefer Family,65-0757807,2019,990-PF XV 3a paid,10000,Friends of the Israel Defense Forces (13-3156445),CHARITABLE,https://projects.propublica.org/nonprofits/organizations/650757807/202023439349101302/IRS990PF,full return read (automated row extraction; not individually checked)
Rowland & Sylvia Schaefer Family,65-0757807,2020,990-PF XV 3a paid,10000,Friends of the Israel Defense Forces (13-3156445),CHARITABLE,https://projects.propublica.org/nonprofits/organizations/650757807/202240179349100364/IRS990PF,full return read (automated row extraction; not individually checked)
Rowland & Sylvia Schaefer Family,65-0757807,2021,990-PF XV 3a paid,10000,Friends of the Israel Defense Forces (13-3156445),CHARITABLE,https://projects.propublica.org/nonprofits/organizations/650757807/202310139349100501/IRS990PF,full return read (automated row extraction; not individually checked)
Rowland & Sylvia Schaefer Family,65-0757807,2022,990-PF XV 3a paid,10000,Friends of the Israel Defense Forces (13-3156445),CHARITABLE,https://projects.propublica.org/nonprofits/organizations/650757807/202333409349100008/IRS990PF,full return read (automated row extraction; not individually checked)
Rowland & Sylvia Schaefer Family,65-0757807,2023,990-PF XV 3a paid,10000,Friends of the Israel Defense Forces (13-3156445),CHARITABLE,https://projects.propublica.org/nonprofits/organizations/650757807/202403439349100200/IRS990PF,full return read (automated row extraction; not individually checked)
Rowland & Sylvia Schaefer Family,65-0757807,2024,990-PF XV 3a paid,5000,Friends of the Israel Defense Forces (13-3156445),CHARITABLE,https://projects.propublica.org/nonprofits/organizations/650757807/202621749349100502/IRS990PF,full return read (automated row extraction; not individually checked)
Rubinstein Family Foundation,20-1886273,2015,990-PF XV 3a paid,1000,Friends of the Israel Defense Forces (13-3156445),EDUCATIONAL,https://projects.propublica.org/nonprofits/organizations/201886273/201601259349100905/IRS990PF,full return read (automated row extraction; not individually checked)
Rubinstein Family Foundation,20-1886273,2017,990-PF XV 3a paid,2000,Friends of the Israel Defense Forces (13-3156445),ASSISTANCE,https://projects.propublica.org/nonprofits/organizations/201886273/201812149349100411/IRS990PF,full return read (automated row extraction; not individually checked)
Ruderman Family Foundation,04-3334973,2020,990-PF XV 3a paid,7400,Friends of the Israel Defense Forces (13-3156445),GENERAL PURPOSE,https://projects.propublica.org/nonprofits/organizations/43334973/202143059349100004/IRS990PF,full return read (automated row extraction; not individually checked)
Ruderman Family Foundation,04-3334973,2023,990-PF XV 3a paid,120000,Friends of the Israel Defense Forces (13-3156445),GENERAL PURPOSE,https://projects.propublica.org/nonprofits/organizations/43334973/202413199349103151/IRS990PF,full return read (automated row extraction; not individually checked)
Rudnick Foundation,13-6061931,2016,990-PF XV 3a paid,150,Friends of the Israel Defense Forces (13-3156445),509(A)(1) & 170(B)(1 CHARITABLE,https://projects.propublica.org/nonprofits/organizations/136061931/201721879349100902/IRS990PF,full return read (automated row extraction; not individually checked)
Rudnick Foundation,13-6061931,2018,990-PF XV 3a paid,1800,Friends of the Israel Defense Forces (13-3156445),509(A)(1) & 170(B)(1 CHARITABLE,https://projects.propublica.org/nonprofits/organizations/136061931/201943189349102449/IRS990PF,full return read (automated row extraction; not individually checked)
Rudnick Foundation,13-6061931,2023,990-PF XV 3a paid,450,Friends of the Israel Defense Forces (13-3156445),509(A)(1) & 170(B)(1 CHARITABLE,https://projects.propublica.org/nonprofits/organizations/136061931/202431349349103068/IRS990PF,full return read (automated row extraction; not individually checked)
Rudnick Foundation,13-6061931,2024,990-PF XV 3a paid,1500,Friends of the Israel Defense Forces (13-3156445),509(A)(1) & 170(B)(1 CHARITABLE,https://projects.propublica.org/nonprofits/organizations/136061931/202542329349100404/IRS990PF,full return read (automated row extraction; not individually checked)
Rudnick Foundation,13-6061931,2025,990-PF XV 3a paid,700,Friends of the Israel Defense Forces (13-3156445),CHARITABLE,https://projects.propublica.org/nonprofits/organizations/136061931/202611829349100311/IRS990PF,full return read (automated row extraction; not individually checked)
Russell & Ronalee Galbut Familyfoundation,20-5918650,2013,990-PF XV 3a paid,13600,Friends of the Israel Defense Forces (13-3156445),SUPPORT FOR NATIONAL SECURITY AND FOREIGN AFFAIRS,https://projects.propublica.org/nonprofits/organizations/205918650/201402119349100600/IRS990PF,full return read (automated row extraction; not individually checked)
Russell & Ronalee Galbut Familyfoundation,20-5918650,2015,990-PF XV 3a paid,5000,Friends of the Israel Defense Forces (13-3156445),SUPPORT FOR NATIONAL SECURITY AND FOREIGN AFFAIRS,https://projects.propublica.org/nonprofits/organizations/205918650/201602709349100405/IRS990PF,full return read (automated row extraction; not individually checked)
Russell & Ronalee Galbut Familyfoundation,20-5918650,2016,990-PF XV 3a paid,5000,Friends of the Israel Defense Forces (13-3156445),SUPPORT FOR NATIONAL SECURITY AND FOREIGN AFFAIRS,https://projects.propublica.org/nonprofits/organizations/205918650/201840309349100309/IRS990PF,full return read (automated row extraction; not individually checked)
Russell & Ronalee Galbut Familyfoundation,20-5918650,2017,990-PF XV 3a paid,10000,Friends of the Israel Defense Forces (13-3156445),SUPPORT FOR NATIONAL SECURITY AND FOREIGN AFFAIRS,https://projects.propublica.org/nonprofits/organizations/205918650/201832889349100103/IRS990PF,full return read (automated row extraction; not individually checked)
Ruth And Leo David Foundation,20-1199793,2019,990-PF XV 3a paid,450000,Friends of the Israel Defense Forces (13-3156445),TO ASSIST MEN AND WOMEN IN THE ISRAELI ARMED FORCES.,https://projects.propublica.org/nonprofits/organizations/201199793/202033219349105993/IRS990PF,full return read (automated row extraction; not individually checked)
Ruth And Leo David Foundation,20-1199793,2020,990-PF XV 3a paid,400000,Friends of the Israel Defense Forces (13-3156445),TO ASSIST MEN AND WOMEN IN THE ISRAELI ARMED FORCES.,https://projects.propublica.org/nonprofits/organizations/201199793/202141329349103394/IRS990PF,full return read (automated row extraction; not individually checked)
Ruth And Leo David Foundation,20-1199793,2023,990-PF XV 3a paid,400000,Friends of the Israel Defense Forces (13-3156445),TO ASSIST MEN AND WOMEN IN THE ISRAELI ARMED FORCES.,https://projects.propublica.org/nonprofits/organizations/201199793/202402719349100710/IRS990PF,full return read (automated row extraction; not individually checked)
Ruth And Leo David Foundation,20-1199793,2024,990-PF XV 3a paid,850000,Friends of the Israel Defense Forces (13-3156445),TO ASSIST MEN AND WOMEN IN THE ISRAELI ARMED FORCES.,https://projects.propublica.org/nonprofits/organizations/201199793/202542279349100229/IRS990PF,full return read (automated row extraction; not individually checked)
Ruttenberg Kagan Foundation,36-4264024,2023,990-PF XV 3a paid,50000,Friends of the Israel Defense Forces (13-3156445),CHARITABLE PURPOSE OF RECIPIENT,https://projects.propublica.org/nonprofits/organizations/364264024/202421779349100727/IRS990PF,full return read (automated row extraction; not individually checked)
Ruttenberg Kagan Foundation,36-4264024,2024,990-PF XV 3a paid,20000,Friends of the Israel Defense Forces (13-3156445),CHARITABLE PURPOSE OF RECIPIENT,https://projects.propublica.org/nonprofits/organizations/364264024/202512049349100311/IRS990PF,full return read (automated row extraction; not individually checked)
Ruttenberg Kagan Foundation,36-4264024,2025,990-PF XV 3a paid,10000,Friends of the Israel Defense Forces (13-3156445),CHARITABLE PURPOSE OF RECIPIENT,https://projects.propublica.org/nonprofits/organizations/364264024/202621499349100212/IRS990PF,full return read (automated row extraction; not individually checked)
S & L Marx Foundation Inc,20-0677535,2020,990-PF XV 3a paid,5000,Friends of the Israel Defense Forces (13-3156445),unrestricted,https://projects.propublica.org/nonprofits/organizations/200677535/202143139349101194/IRS990PF,full return read (automated row extraction; not individually checked)
S & L Marx Foundation Inc,20-0677535,2021,990-PF XV 3a paid,5000,Friends of the Israel Defense Forces (13-3156445),FIDF Annual Fund,https://projects.propublica.org/nonprofits/organizations/200677535/202203199349100310/IRS990PF,full return read (automated row extraction; not individually checked)
S & L Marx Foundation Inc,20-0677535,2022,990-PF XV 3a paid,5000,Friends of the Israel Defense Forces (13-3156445),FIDF Annual Fund,https://projects.propublica.org/nonprofits/organizations/200677535/202333179349103993/IRS990PF,full return read (automated row extraction; not individually checked)
S & L Marx Foundation Inc,20-0677535,2023,990-PF XV 3a paid,5000,Friends of the Israel Defense Forces (13-3156445),Support for IDF troops and their families,https://projects.propublica.org/nonprofits/organizations/200677535/202422849349100112/IRS990PF,full return read (automated row extraction; not individually checked)
S & L Marx Foundation Inc,20-0677535,2023,990-PF XV 3a paid,10000,Friends of the Israel Defense Forces (13-3156445),support for FIDF soldiers,https://projects.propublica.org/nonprofits/organizations/200677535/202422849349100112/IRS990PF,full return read (automated row extraction; not individually checked)
S & L Marx Foundation Inc,20-0677535,2024,990-PF XV 3a paid,15000,Friends of the Israel Defense Forces (13-3156445),PTSD program for active-duty soliders,https://projects.propublica.org/nonprofits/organizations/200677535/202532689349101013/IRS990PF,full return read (automated row extraction; not individually checked)
S Edward Marder Family Foundation,36-6157038,2016,990-PF XV 3a paid,2500,Friends of the Israel Defense Forces (13-3156445),170(C) CHARITABLE,https://projects.propublica.org/nonprofits/organizations/366157038/201700579349100400/IRS990PF,full return read (automated row extraction; not individually checked)
S Edward Marder Family Foundation,36-6157038,2017,990-PF XV 3a paid,2500,Friends of the Israel Defense Forces (13-3156445),170(C) CHARITABLE,https://projects.propublica.org/nonprofits/organizations/366157038/201810309349100216/IRS990PF,full return read (automated row extraction; not individually checked)
S Edward Marder Family Foundation,36-6157038,2018,990-PF XV 3a paid,2500,Friends of the Israel Defense Forces (13-3156445),170(C) CHARITABLE,https://projects.propublica.org/nonprofits/organizations/366157038/201900319349100105/IRS990PF,full return read (automated row extraction; not individually checked)
S Edward Marder Family Foundation,36-6157038,2019,990-PF XV 3a paid,2500,Friends of the Israel Defense Forces (13-3156445),170(C) CHARITABLE,https://projects.propublica.org/nonprofits/organizations/366157038/202030289349100408/IRS990PF,full return read (automated row extraction; not individually checked)
S Edward Marder Family Foundation,36-6157038,2020,990-PF XV 3a paid,2500,Friends of the Israel Defense Forces (13-3156445),170(C) CHARITABLE,https://projects.propublica.org/nonprofits/organizations/366157038/202120509349100107/IRS990PF,full return read (automated row extraction; not individually checked)
S Edward Marder Family Foundation,36-6157038,2021,990-PF XV 3a paid,2500,Friends of the Israel Defense Forces (13-3156445),170(C) CHARITABLE,https://projects.propublica.org/nonprofits/organizations/366157038/202210619349100626/IRS990PF,full return read (automated row extraction; not individually checked)
S Edward Marder Family Foundation,36-6157038,2022,990-PF XV 3a paid,2500,Friends of the Israel Defense Forces (13-3156445),170(C) CHARITABLE,https://projects.propublica.org/nonprofits/organizations/366157038/202310419349100111/IRS990PF,full return read (automated row extraction; not individually checked)
S Edward Marder Family Foundation,36-6157038,2025,990-PF XV 3a paid,6000,Friends of the Israel Defense Forces (13-3156445),CHARITABLE,https://projects.propublica.org/nonprofits/organizations/366157038/202630449349100613/IRS990PF,full return read (automated row extraction; not individually checked)
S&p Global Foundation,27-3655593,2019,990-PF XV 3a paid,50,Friends of the Israel Defense Forces (13-3156445),GENERAL SUPPORT OF EDUCATIONAL PROGRAMS TO SUPPORT THE SOLDIERS WHO PROTECT ISRAEL WORLDWIDE.,https://projects.propublica.org/nonprofits/organizations/273655593/202013189349102001/IRS990PF,full return read (automated row extraction; not individually checked)
Sacks Family Foundation,36-4053778,2017,990-PF XV 3a paid,200000,Friends of the Israel Defense Forces (13-3156445),"TO OFFER EDUCATIONAL, CULTURAL, RECREATIONAL, AND SOCIAL SERVICES PROGRAMS AND FACILITIES THAT PROVIDE HOPE, PURPOSE, AND LIFE-CHANGING SUPP",https://projects.propublica.org/nonprofits/organizations/364053778/201832399349100423/IRS990PF,full return read (automated row extraction; not individually checked)
Sacks Family Foundation,36-4053778,2024,990-PF XV 3a paid,25000,Friends of the Israel Defense Forces (13-3156445),GENERAL OPERATING SUPPORT,https://projects.propublica.org/nonprofits/organizations/364053778/202521789349100907/IRS990PF,full return read (automated row extraction; not individually checked)
Safty5 Foundation,20-7199304,2023,990-PF XV 3a paid,20000,Friends of the Israel Defense Forces (13-3156445),GENERAL CONTRIBUTION,https://projects.propublica.org/nonprofits/organizations/207199304/202410569349100101/IRS990PF,full return read (automated row extraction; not individually checked)
Safty5 Foundation,20-7199304,2025,990-PF XV 3a paid,10000,Friends of the Israel Defense Forces (13-3156445),GENERAL CONTRIBUTION,https://projects.propublica.org/nonprofits/organizations/207199304/202631469349100128/IRS990PF,full return read (automated row extraction; not individually checked)
Sakhai Family Foundation,26-4728895,2014,990-PF XV 3a paid,2800,Friends of the Israel Defense Forces (13-3156445),UNRESTRICTED,https://projects.propublica.org/nonprofits/organizations/264728895/201543139349100409/IRS990PF,full return read (automated row extraction; not individually checked)
Sakhai Family Foundation,26-4728895,2015,990-PF XV 3a paid,2800,Friends of the Israel Defense Forces (13-3156445),UNRESTRICTED,https://projects.propublica.org/nonprofits/organizations/264728895/201622179349100322/IRS990PF,full return read (automated row extraction; not individually checked)
Sakhai Family Foundation,26-4728895,2016,990-PF XV 3a paid,1000,Friends of the Israel Defense Forces (13-3156445),UNRESTRICTED,https://projects.propublica.org/nonprofits/organizations/264728895/201701719349100450/IRS990PF,full return read (automated row extraction; not individually checked)
Sakhai Family Foundation,26-4728895,2017,990-PF XV 3a paid,1000,Friends of the Israel Defense Forces (13-3156445),UNRESTRICTED,https://projects.propublica.org/nonprofits/organizations/264728895/201842119349100214/IRS990PF,full return read (automated row extraction; not individually checked)
Sam And Beatrice Epstein Foundation Inc A Nj Nonprofit Corp,26-1604395,2023,990-PF XV 3a paid,122861,Friends of the Israel Defense Forces (13-3156445),N A Support the mission of the FIDF by building medical facilities.,https://projects.propublica.org/nonprofits/organizations/261604395/202401089349100005/IRS990PF,full return read (automated row extraction; not individually checked)
Sam And Beatrice Epstein Foundation Inc A Nj Nonprofit Corp,26-1604395,2023,990-PF XV 3a paid,,Friends of the Israel Defense Forces (13-3156445),N A Support the mission of the FIDF by building medical facilities.,https://projects.propublica.org/nonprofits/organizations/261604395/202401089349100005/IRS990PF,full return read (automated row extraction; not individually checked)
Sam And Beatrice Epstein Foundation Inc A Nj Nonprofit Corp,26-1604395,2023,990-PF XV 3a paid,,Friends of the Israel Defense Forces (13-3156445),by building medical facilities.,https://projects.propublica.org/nonprofits/organizations/261604395/202401089349100005/IRS990PF,full return read (automated row extraction; not individually checked)
Sam And Rachel Boymel Foundation,31-1578615,2025,990-PF XV 3a paid,5000,Friends of the Israel Defense Forces (13-3156445),TO FURTHER CHARITABLE WORKS.,https://projects.propublica.org/nonprofits/organizations/311578615/202631949349100518/IRS990PF,full return read (automated row extraction; not individually checked)
Sam Halpern Family Foundation Inc,22-2707942,2021,990-PF XV 3a paid,50000,Friends of the Israel Defense Forces (13-3156445),UNRESTRICTED GRANT TO SUPPORT THE ORGANIZATION'S EXEMPT PURPOSE.,https://projects.propublica.org/nonprofits/organizations/222707942/202243199349110099/IRS990PF,full return read (automated row extraction; not individually checked)
Sam Halpern Family Foundation Inc,22-2707942,2022,990-PF XV 3a paid,50000,Friends of the Israel Defense Forces (13-3156445),UNRESTRICTED GRANT TO SUPPORT THE ORGANIZATION'S EXEMPT PURPOSE.,https://projects.propublica.org/nonprofits/organizations/222707942/202331249349101103/IRS990PF,full return read (automated row extraction; not individually checked)
Sam Halpern Family Foundation Inc,22-2707942,2023,990-PF XV 3a paid,50000,Friends of the Israel Defense Forces (13-3156445),UNRESTRICTED GRANT TO SUPPORT THE ORGANIZATION'S EXEMPT PURPOSE.,https://projects.propublica.org/nonprofits/organizations/222707942/202411169349101306/IRS990PF,full return read (automated row extraction; not individually checked)
Sam Halpern Family Foundation Inc,22-2707942,2024,990-PF XV 3a paid,50000,Friends of the Israel Defense Forces (13-3156445),UNRESTRICTED GRANT TO SUPPORT THE ORGANIZATION'S EXEMPT PURPOSE.,https://projects.propublica.org/nonprofits/organizations/222707942/202530989349100438/IRS990PF,full return read (automated row extraction; not individually checked)
Sam Halpern Family Foundation Inc,22-2707942,2025,990-PF XV 3a paid,50000,Friends of the Israel Defense Forces (13-3156445),UNRESTRICTED GRANT TO SUPPORT THE ORGANIZATION'S EXEMPT PURPOSE.,https://projects.propublica.org/nonprofits/organizations/222707942/202611049349101111/IRS990PF,full return read (automated row extraction; not individually checked)
Sam I Am Foundation,47-4574159,2016,990-PF XV 3a paid,18000,Friends of the Israel Defense Forces (13-3156445),General Operating Support,https://projects.propublica.org/nonprofits/organizations/474574159/201711359349101986/IRS990PF,full return read (automated row extraction; not individually checked)
Sam I Am Foundation,47-4574159,2017,990-PF XV 3a paid,46000,Friends of the Israel Defense Forces (13-3156445),General Operating Support,https://projects.propublica.org/nonprofits/organizations/474574159/201831349349102358/IRS990PF,full return read (automated row extraction; not individually checked)
Sami And Annie Totah Family Foundation,52-2081895,2021,990-PF XV 3a paid,500,Friends of the Israel Defense Forces (13-3156445),"PROVIDES EDUCATIONAL, CULTURAL, RECREATIONAL, AND SOCIAL SERVICES PROGRAMS AND FACILITIES TO THE IDF HEROES AND THEIR FAMILIES",https://projects.propublica.org/nonprofits/organizations/522081895/202203179349101220/IRS990PF,full return read (automated row extraction; not individually checked)
Samuel Aba And Sisel Klurman Foundation Inc,59-2532272,2021,990-PF XV 3a paid,18000,Friends of the Israel Defense Forces (13-3156445),SOCIAL WELFARE,https://projects.propublica.org/nonprofits/organizations/592532272/202243259349100614/IRS990PF,full return read (automated row extraction; not individually checked)
Samuel Aba And Sisel Klurman Foundation Inc,59-2532272,2023,990-PF XV 3a paid,15000,Friends of the Israel Defense Forces (13-3156445),SOCIAL WELFARE,https://projects.propublica.org/nonprofits/organizations/592532272/202403099349101510/IRS990PF,full return read (automated row extraction; not individually checked)
Samuel And Gertrude Horovitz Family Foundation,25-1371250,2023,990-PF XV 3a paid,200,Friends of the Israel Defense Forces (13-3156445),COMMUNITY,https://projects.propublica.org/nonprofits/organizations/251371250/202522809349101117/IRS990PF,full return read (automated row extraction; not individually checked)
Samuel Bronfman Foundation Inc,14-1918185,2023,990-PF XV 3a paid,25000,Friends of the Israel Defense Forces (13-3156445),TAX EXEMPT GENERAL CHARITABLE SUPPORT - NO DESIGNATION,https://projects.propublica.org/nonprofits/organizations/141918185/202413209349104856/IRS990PF,full return read (automated row extraction; not individually checked)
Samuel H And Maria Miller Foundation,34-1482231,2022,990-PF XV 3a paid,10000,Friends of the Israel Defense Forces (13-3156445),GENERAL,https://projects.propublica.org/nonprofits/organizations/341482231/202333059349101023/IRS990PF,full return read (automated row extraction; not individually checked)
Samuel H And Maria Miller Foundation,34-1482231,2023,990-PF XV 3a paid,250000,Friends of the Israel Defense Forces (13-3156445),GENERAL,https://projects.propublica.org/nonprofits/organizations/341482231/202423209349101412/IRS990PF,full return read (automated row extraction; not individually checked)
Samuel H And Maria Miller Foundation,34-1482231,2024,990-PF XV 3a paid,250000,Friends of the Israel Defense Forces (13-3156445),GENERAL,https://projects.propublica.org/nonprofits/organizations/341482231/202523189349100247/IRS990PF,full return read (automated row extraction; not individually checked)
Samuel J And Ethel Lefrak Charitable Trust,13-3378881,2023,990-PF XV 3a paid,14000,Friends of the Israel Defense Forces (13-3156445),"RELIGIOUS, CHARITABLE, SCIENTIFIC, LITERACY AND EDUCATIONAL",https://projects.propublica.org/nonprofits/organizations/133378881/202443179349102414/IRS990PF,full return read (automated row extraction; not individually checked)
Samuel J And Ethel Lefrak Charitable Trust,13-3378881,2024,990-PF XV 3a paid,1000,Friends of the Israel Defense Forces (13-3156445),"RELIGIOUS, CHARITABLE, SCIENTIFIC, LITERACY AND EDUCATIONAL",https://projects.propublica.org/nonprofits/organizations/133378881/202541829349100604/IRS990PF,full return read (automated row extraction; not individually checked)
Samuel J Heller Foundation,20-2553479,2018,990-PF XV 3a paid,4000,Friends of the Israel Defense Forces (13-3156445),GENERAL OPERATIONS,https://projects.propublica.org/nonprofits/organizations/202553479/202043219349102059/IRS990PF,full return read (automated row extraction; not individually checked)
Samuel Rosenblum Foundation,23-6295709,2014,990-PF XV 3a paid,500,Friends of the Israel Defense Forces (13-3156445),IRC 501(C)(3) UNRESTRICTED,https://projects.propublica.org/nonprofits/organizations/236295709/201512789349100056/IRS990PF,full return read (automated row extraction; not individually checked)
Sandelman Foundation,13-2910436,2015,990-PF XV 3a paid,4000,Friends of the Israel Defense Forces (13-3156445),UNRESTRICTED CHARITABLE USE,https://projects.propublica.org/nonprofits/organizations/132910436/201602469349100300/IRS990PF,full return read (automated row extraction; not individually checked)
Sandelman Foundation,13-2910436,2016,990-PF XV 3a paid,4000,Friends of the Israel Defense Forces (13-3156445),UNRESTRICTED CHARITABLE USE,https://projects.propublica.org/nonprofits/organizations/132910436/201702359349100800/IRS990PF,full return read (automated row extraction; not individually checked)
Sandelman Foundation,13-2910436,2020,990-PF XV 3a paid,4000,Friends of the Israel Defense Forces (13-3156445),UNRESTRICTED CHARITABLE USE,https://projects.propublica.org/nonprofits/organizations/132910436/202143169349103779/IRS990PF,full return read (automated row extraction; not individually checked)
Sandelman Foundation,13-2910436,2022,990-PF XV 3a paid,5000,Friends of the Israel Defense Forces (13-3156445),UNRESTRICTED CHARITABLE USE,https://projects.propublica.org/nonprofits/organizations/132910436/202313199349101771/IRS990PF,full return read (automated row extraction; not individually checked)
Sandelman Foundation,13-2910436,2023,990-PF XV 3a paid,10000,Friends of the Israel Defense Forces (13-3156445),UNRESTRICTED CHARITABLE USE,https://projects.propublica.org/nonprofits/organizations/132910436/202413209349100546/IRS990PF,full return read (automated row extraction; not individually checked)
Sandy And Jean Colen Family Supporting Foundation,91-2172750,2014,990 Schedule I,25000,Friends of the Israel Defense Forces (13-3156445),THE GENERAL FUND,https://projects.propublica.org/nonprofits/organizations/912172750/201621349349307697/IRS990ScheduleI,full return read (automated row extraction; not individually checked)
Sandy And Jean Colen Family Supporting Foundation,91-2172750,2015,990 Schedule I,10000,Friends of the Israel Defense Forces (13-3156445),THE GENERAL FUND,https://projects.propublica.org/nonprofits/organizations/912172750/201701299349301590/IRS990ScheduleI,full return read (automated row extraction; not individually checked)
Sandy And Jean Colen Family Supporting Foundation,91-2172750,2017,990 Schedule I,48000,Friends of the Israel Defense Forces (13-3156445),FULL FOUR YEAR SCHOLARSHIPS FOR THREE SOLDIERS,https://projects.propublica.org/nonprofits/organizations/912172750/201901359349309715/IRS990ScheduleI,full return read (automated row extraction; not individually checked)
Sandy And Jean Colen Family Supporting Foundation,91-2172750,2020,990 Schedule I,80000,Friends of the Israel Defense Forces (13-3156445),IMPACT SCHOLARSHIPS,https://projects.propublica.org/nonprofits/organizations/912172750/202241299349303549/IRS990ScheduleI,full return read (automated row extraction; not individually checked)
Sandy And Jean Colen Family Supporting Foundation,91-2172750,2020,990 Schedule I,18000,Friends of the Israel Defense Forces (13-3156445),VIRTUAL GALA,https://projects.propublica.org/nonprofits/organizations/912172750/202241299349303549/IRS990ScheduleI,full return read (automated row extraction; not individually checked)
Sandy And Jean Colen Family Supporting Foundation,91-2172750,2021,990 Schedule I,10000,Friends of the Israel Defense Forces (13-3156445),CYBER SECURITY EDUCATION,https://projects.propublica.org/nonprofits/organizations/912172750/202300959349300800/IRS990ScheduleI,full return read (automated row extraction; not individually checked)
Sarah And Daniel Rueven Foundation,83-3943012,2023,990-PF XV 3a paid,50000,Friends of the Israel Defense Forces (13-3156445),ISRAEL WAR RELIEF EFFORT,https://projects.propublica.org/nonprofits/organizations/833943012/202411359349105916/IRS990PF,full return read (automated row extraction; not individually checked)
Sarah And Daniel Rueven Foundation,83-3943012,2024,990-PF XV 3a paid,50000,Friends of the Israel Defense Forces (13-3156445),ISRAEL WAR RELIEF EFFORT,https://projects.propublica.org/nonprofits/organizations/833943012/202511359349103961/IRS990PF,full return read (automated row extraction; not individually checked)
Saramar Charitable Fund Tr,25-6839698,2016,990-PF XV 3a paid,1800,Friends of the Israel Defense Forces (13-3156445),UNRESTRICTED,https://projects.propublica.org/nonprofits/organizations/256839698/201721299349101637/IRS990PF,full return read (automated row extraction; not individually checked)
Saramar Charitable Fund Tr,25-6839698,2018,990-PF XV 3a paid,1800,Friends of the Israel Defense Forces (13-3156445),Unrestricted,https://projects.propublica.org/nonprofits/organizations/256839698/201903119349101655/IRS990PF,full return read (automated row extraction; not individually checked)
Saramar Charitable Fund Tr,25-6839698,2019,990-PF XV 3a paid,2050,Friends of the Israel Defense Forces (13-3156445),UNRESTRICTED,https://projects.propublica.org/nonprofits/organizations/256839698/202023099349100907/IRS990PF,full return read (automated row extraction; not individually checked)
Saramar Charitable Fund Tr,25-6839698,2020,990-PF XV 3a paid,180,Friends of the Israel Defense Forces (13-3156445),UNRESTRICTED,https://projects.propublica.org/nonprofits/organizations/256839698/202133029349100523/IRS990PF,full return read (automated row extraction; not individually checked)
Saramar Charitable Fund Tr,25-6839698,2022,990-PF XV 3a paid,100,Friends of the Israel Defense Forces (13-3156445),UNRESTRICTED,https://projects.propublica.org/nonprofits/organizations/256839698/202343179349102029/IRS990PF,full return read (automated row extraction; not individually checked)
Saramar Charitable Fund Tr,25-6839698,2023,990-PF XV 3a paid,180,Friends of the Israel Defense Forces (13-3156445),UNRESTRICTED,https://projects.propublica.org/nonprofits/organizations/256839698/202403209349104130/IRS990PF,full return read (automated row extraction; not individually checked)
Saramar Charitable Fund Tr,25-6839698,2024,990-PF XV 3a paid,250,Friends of the Israel Defense Forces (13-3156445),UNRESTRICTED,https://projects.propublica.org/nonprofits/organizations/256839698/202523179349100937/IRS990PF,full return read (automated row extraction; not individually checked)
Sassoon Family Foundation,46-3872022,2015,990-PF XV 3a paid,33400,Friends of the Israel Defense Forces (13-3156445),TO FURTHER THE CHARITABLE EFFORTS OF THE ORGANIZATION.,https://projects.propublica.org/nonprofits/organizations/463872022/201613209349104071/IRS990PF,full return read (automated row extraction; not individually checked)
Sassoon Family Foundation,46-3872022,2016,990-PF XV 3a paid,20600,Friends of the Israel Defense Forces (13-3156445),TO FURTHER THE CHARITABLE EFFORTS OF THE ORGANIZATION.,https://projects.propublica.org/nonprofits/organizations/463872022/201723179349102607/IRS990PF,full return read (automated row extraction; not individually checked)
Saul & Gitta Kurlat Charitable Foundation,22-2610883,2019,990-PF XV 3a paid,5,Friends of the Israel Defense Forces (13-3156445),SEE STATEMENT,https://projects.propublica.org/nonprofits/organizations/222610883/202032739349100103/IRS990PF,full return read (automated row extraction; not individually checked)
Saul And Bernadine Kaplan Foundation,23-2831053,2023,990-PF XV 3a paid,1800,Friends of the Israel Defense Forces (13-3156445),NON-PROFIT PROGRAM SERVICES,https://projects.propublica.org/nonprofits/organizations/232831053/202500209349100305/IRS990PF,full return read (automated row extraction; not individually checked)
Sb Wolf Family Foundation,26-4542157,2017,990-PF XV 3a paid,4000,Friends of the Israel Defense Forces (13-3156445),CHARITABLE,https://projects.propublica.org/nonprofits/organizations/264542157/201801359349100845/IRS990PF,full return read (automated row extraction; not individually checked)
Sb Wolf Family Foundation,26-4542157,2021,990-PF XV 3a paid,2000,Friends of the Israel Defense Forces (13-3156445),CHARITABLE,https://projects.propublica.org/nonprofits/organizations/264542157/202233149349100528/IRS990PF,full return read (automated row extraction; not individually checked)
Sb Wolf Family Foundation,26-4542157,2023,990-PF XV 3a paid,6000,Friends of the Israel Defense Forces (13-3156445),CHARITABLE,https://projects.propublica.org/nonprofits/organizations/264542157/202403199349101340/IRS990PF,full return read (automated row extraction; not individually checked)
Scharff Foundation Inc,58-2154536,2023,990-PF XV 3a paid,2000,Friends of the Israel Defense Forces (13-3156445),CHARITABLE,https://projects.propublica.org/nonprofits/organizations/582154536/202431699349100523/IRS990PF,full return read (automated row extraction; not individually checked)
Scharff Foundation Inc,58-2154536,2024,990-PF XV 3a paid,1000,Friends of the Israel Defense Forces (13-3156445),CHARITABLE,https://projects.propublica.org/nonprofits/organizations/582154536/202531509349100213/IRS990PF,full return read (automated row extraction; not individually checked)
Schleifer Family Foundation,13-3925934,2024,990-PF XV 3a paid,101404,Friends of the Israel Defense Forces (13-3156445),GENERAL CHARITABLE PURPOSES,https://projects.propublica.org/nonprofits/organizations/133925934/202521989349100202/IRS990PF,full return read (automated row extraction; not individually checked)
Schmuel Jewish Foundation,46-3779263,2017,990-PF XV 3a paid,2000,Friends of the Israel Defense Forces (13-3156445),RELIGIOUS OUTREACH,https://projects.propublica.org/nonprofits/organizations/463779263/201942599349100524/IRS990PF,full return read (automated row extraction; not individually checked)
Schneur Family Foundation,92-3687944,2023,990-PF XV 3a paid,465000,Friends of the Israel Defense Forces (13-3156445),CHARITABLE CONTRIBUTIONS,https://projects.propublica.org/nonprofits/organizations/923687944/202441229349102549/IRS990PF,full return read (row individually checked)
Schneur Family Foundation,92-3687944,2024,990-PF XV 3a paid,364200,Friends of the Israel Defense Forces (13-3156445),CHARITABLE CONTRIBUTIONS,https://projects.propublica.org/nonprofits/organizations/923687944/202511339349102506/IRS990PF,full return read (row individually checked)
Schneur Family Foundation,92-3687944,2025,990-PF XV 3a paid,189950,Friends of the Israel Defense Forces (13-3156445),CHARITABLE CONTRIBUTIONS,https://projects.propublica.org/nonprofits/organizations/923687944/202621049349100022/IRS990PF,full return read (row individually checked)
Schwartz Fam Foundation Tr,13-7138217,2017,990-PF XV 3a paid,10000,Friends of the Israel Defense Forces (13-3156445),TO SUPPORT THE GENERAL PURPOSE FUND,https://projects.propublica.org/nonprofits/organizations/137138217/201813179349101051/IRS990PF,full return read (automated row extraction; not individually checked)
Schwartz Family Foundation,22-3339658,2017,990-PF XV 3a paid,2000,Friends of the Israel Defense Forces (13-3156445),CHARITABLE,https://projects.propublica.org/nonprofits/organizations/223339658/201811319349101581/IRS990PF,full return read (automated row extraction; not individually checked)
Schwartzberg Fam Foundation Tr,52-7318082,2020,990-PF XV 3a paid,1000,Friends of the Israel Defense Forces (13-3156445),GENERAL SUPPORT,https://projects.propublica.org/nonprofits/organizations/527318082/202121349349103157/IRS990PF,full return read (automated row extraction; not individually checked)
Schwartzberg Fam Foundation Tr,52-7318082,2021,990-PF XV 3a paid,1000,Friends of the Israel Defense Forces (13-3156445),GENERAL SUPPORT,https://projects.propublica.org/nonprofits/organizations/527318082/202241179349101859/IRS990PF,full return read (automated row extraction; not individually checked)
Schwartzberg Fam Foundation Tr,52-7318082,2022,990-PF XV 3a paid,1000,Friends of the Israel Defense Forces (13-3156445),GENERAL SUPPORT,https://projects.propublica.org/nonprofits/organizations/527318082/202341319349103489/IRS990PF,full return read (automated row extraction; not individually checked)
Scott And Penny Anixter Family Foundation,20-3071946,2014,990-PF XV 3a paid,10000,Friends of the Israel Defense Forces (13-3156445),TO FURTHER MISSION OF DONEE,https://projects.propublica.org/nonprofits/organizations/203071946/201511359349102251/IRS990PF,full return read (automated row extraction; not individually checked)
Scott And Penny Anixter Family Foundation,20-3071946,2016,990-PF XV 3a paid,1000,Friends of the Israel Defense Forces (13-3156445),TO FURTHER MISSION OF DONEE,https://projects.propublica.org/nonprofits/organizations/203071946/201711359349102236/IRS990PF,full return read (automated row extraction; not individually checked)
Scott And Penny Anixter Family Foundation,20-3071946,2017,990-PF XV 3a paid,1000,Friends of the Israel Defense Forces (13-3156445),TO FURTHER MISSION OF DONEE,https://projects.propublica.org/nonprofits/organizations/203071946/201801299349102425/IRS990PF,full return read (automated row extraction; not individually checked)
Sedge Plitt Charitable Tr Iii,35-6739620,2020,990-PF XV 3a paid,2500,Friends of the Israel Defense Forces (13-3156445),GENERAL FUNDS,https://projects.propublica.org/nonprofits/organizations/356739620/202123149349101392/IRS990PF,full return read (automated row extraction; not individually checked)
Sedley Philanthropic Fund,86-6479195,2023,990-PF XV 3a paid,175000,Friends of the Israel Defense Forces (13-3156445),GENERAL OPERATING,https://projects.propublica.org/nonprofits/organizations/866479195/202443109349101554/IRS990PF,full return read (row individually checked)
Sedley Philanthropic Fund,86-6479195,2024,990-PF XV 3a paid,869500,Friends of the Israel Defense Forces (13-3156445),GENERAL OPERATING,https://projects.propublica.org/nonprofits/organizations/866479195/202533069349100403/IRS990PF,full return read (row individually checked)
Seed The Dream Foundation,27-4662369,2022,990-PF XV 3a paid,10000,Friends of the Israel Defense Forces (13-3156445),GENERAL FUND,https://projects.propublica.org/nonprofits/organizations/274662369/202333129349101953/IRS990PF,full return read (automated row extraction; not individually checked)
Selig Foundation,58-6074209,2021,990-PF XV 3a paid,1900,Friends of the Israel Defense Forces (13-3156445),GENERAL,https://projects.propublica.org/nonprofits/organizations/586074209/202201929349100520/IRS990PF,full return read (automated row extraction; not individually checked)
Selig Foundation,58-6074209,2023,990-PF XV 3a paid,12000,Friends of the Israel Defense Forces (13-3156445),GENERAL,https://projects.propublica.org/nonprofits/organizations/586074209/202401779349100530/IRS990PF,full return read (automated row extraction; not individually checked)
Selig Foundation,58-6074209,2024,990-PF XV 3a paid,10000,Friends of the Israel Defense Forces (13-3156445),GENERAL,https://projects.propublica.org/nonprofits/organizations/586074209/202511399349100506/IRS990PF,full return read (automated row extraction; not individually checked)
Sempra Energy Foundation,26-1325469,2021,990-PF XV 3a paid,100,Friends of the Israel Defense Forces (13-3156445),HEALTH & HUMAN SERVICES,https://projects.propublica.org/nonprofits/organizations/261325469/202223199349104187/IRS990PF,full return read (automated row extraction; not individually checked)
Sempra Energy Foundation,26-1325469,2022,990-PF XV 3a paid,100,Friends of the Israel Defense Forces (13-3156445),HEALTH & HUMAN SERVICES,https://projects.propublica.org/nonprofits/organizations/261325469/202313059349100436/IRS990PF,full return read (automated row extraction; not individually checked)
Semyon And Janna Friedman Family Foundation Inc,45-4639415,2020,990-PF XV 3a paid,8000,Friends of the Israel Defense Forces (13-3156445),GENERAL PURPOSES,https://projects.propublica.org/nonprofits/organizations/454639415/202102509349100205/IRS990PF,full return read (automated row extraction; not individually checked)
Serefit Corp,34-1852921,2013,990-PF XV 3a paid,1000,Friends of the Israel Defense Forces (13-3156445),GENERAL OPERATIONS,https://projects.propublica.org/nonprofits/organizations/341852921/201411639349100206/IRS990PF,full return read (automated row extraction; not individually checked)
Serefit Corp,34-1852921,2014,990-PF XV 3a paid,5000,Friends of the Israel Defense Forces (13-3156445),GENERAL OPERATIONS,https://projects.propublica.org/nonprofits/organizations/341852921/201522969349100102/IRS990PF,full return read (automated row extraction; not individually checked)
Seth Landsberg Family Foundation,95-4206344,2024,990-PF XV 3a paid,5000,Friends of the Israel Defense Forces (13-3156445),UNRESTRICTED GIFT,https://projects.propublica.org/nonprofits/organizations/954206344/202521359349103027/IRS990PF,full return read (automated row extraction; not individually checked)
Setton Foundation,11-3577481,2022,990-PF XV 3a paid,5000,Friends of the Israel Defense Forces (13-3156445),CHARITABLE,https://projects.propublica.org/nonprofits/organizations/113577481/202321359349102747/IRS990PF,full return read (automated row extraction; not individually checked)
Seymour And Sarah Poller Charitable Foundation Inc,46-3066635,2018,990-PF XV 3a paid,180,Friends of the Israel Defense Forces (13-3156445),GENERAL FUND,https://projects.propublica.org/nonprofits/organizations/463066635/201903129349101205/IRS990PF,full return read (automated row extraction; not individually checked)
Shari & Jacob Markovitz Family Foundation,88-3070839,2024,990-PF XV 3a paid,500,Friends of the Israel Defense Forces (13-3156445),TO CONTRIBUTE TOWARDS THE PROJECT EZRAH MAOT CHITTIM CAMPAIGN,https://projects.propublica.org/nonprofits/organizations/883070839/202502179349100010/IRS990PF,full return read (automated row extraction; not individually checked)
Sheba Foundation,36-3976909,2024,990-PF XV 3a paid,140040,Friends of the Israel Defense Forces (13-3156445),SUPPORT ISRAELI SERVICES AND SCHOLARSHIPS,https://projects.propublica.org/nonprofits/organizations/363976909/202532399349100903/IRS990PF,full return read (automated row extraction; not individually checked)
Sheila Dave And Sherry Gold Foundation,95-4636060,2013,990-PF XV 3a paid,5000,Friends of the Israel Defense Forces (13-3156445),SUPPORT OF MILITARY SERVICE MEMBERS,https://projects.propublica.org/nonprofits/organizations/954636060/201403189349102005/IRS990PF,full return read (automated row extraction; not individually checked)
Sheila Dave And Sherry Gold Foundation,95-4636060,2014,990-PF XV 3a paid,10000,Friends of the Israel Defense Forces (13-3156445),SUPPORT OF MILITARY SERVICE MEMBERS,https://projects.propublica.org/nonprofits/organizations/954636060/201523209349103132/IRS990PF,full return read (automated row extraction; not individually checked)
Sheila Dave And Sherry Gold Foundation,95-4636060,2015,990-PF XV 3a paid,11540,Friends of the Israel Defense Forces (13-3156445),SUPPORT OF MILITARY SERVICE MEMBERS,https://projects.propublica.org/nonprofits/organizations/954636060/201622929349100512/IRS990PF,full return read (automated row extraction; not individually checked)
Sheila Dave And Sherry Gold Foundation,95-4636060,2016,990-PF XV 3a paid,1560,Friends of the Israel Defense Forces (13-3156445),SUPPORT OF MILITARY SERVICE MEMBERS,https://projects.propublica.org/nonprofits/organizations/954636060/201733199349105363/IRS990PF,full return read (automated row extraction; not individually checked)
Sheila Dave And Sherry Gold Foundation,95-4636060,2017,990-PF XV 3a paid,1540,Friends of the Israel Defense Forces (13-3156445),SUPPORT OF MILITARY SERVICE MEMBERS,https://projects.propublica.org/nonprofits/organizations/954636060/201803199349100600/IRS990PF,full return read (automated row extraction; not individually checked)
Sheila Dave And Sherry Gold Foundation,95-4636060,2019,990-PF XV 3a paid,1775,Friends of the Israel Defense Forces (13-3156445),SUPPORT OF MILITARY SERVICE MEMBERS,https://projects.propublica.org/nonprofits/organizations/954636060/202023189349103837/IRS990PF,full return read (automated row extraction; not individually checked)
Sheldon J Sandman Family Foundation,36-6169189,2014,990-PF XV 3a paid,200,Friends of the Israel Defense Forces (13-3156445),RELIGIOUS UNDERSTANDING,https://projects.propublica.org/nonprofits/organizations/366169189/201502229349100020/IRS990PF,full return read (automated row extraction; not individually checked)
Sheldon J Sandman Family Foundation,36-6169189,2016,990-PF XV 3a paid,200,Friends of the Israel Defense Forces (13-3156445),RELIGIOUS UNDERSTANDING,https://projects.propublica.org/nonprofits/organizations/366169189/201712309349100511/IRS990PF,full return read (automated row extraction; not individually checked)
Sheldon J Sandman Family Foundation,36-6169189,2017,990-PF XV 3a paid,200,Friends of the Israel Defense Forces (13-3156445),RELIGIOUS UNDERSTANDING,https://projects.propublica.org/nonprofits/organizations/366169189/201821649349100702/IRS990PF,full return read (automated row extraction; not individually checked)
Sheldon J Sandman Family Foundation,36-6169189,2021,990-PF XV 3a paid,300,Friends of the Israel Defense Forces (13-3156445),RELIGIOUS UNDERSTANDING,https://projects.propublica.org/nonprofits/organizations/366169189/202211439349100511/IRS990PF,full return read (automated row extraction; not individually checked)
Sheldon J Sandman Family Foundation,36-6169189,2023,990-PF XV 3a paid,200,Friends of the Israel Defense Forces (13-3156445),RELIGIOUS UNDERSTANDING,https://projects.propublica.org/nonprofits/organizations/366169189/202401929349100920/IRS990PF,full return read (automated row extraction; not individually checked)
Shell Usa Company Foundation,13-6066583,2015,990-PF XV 3a paid,25,Friends of the Israel Defense Forces (13-3156445),Comunity Development,https://projects.propublica.org/nonprofits/organizations/136066583/201633079349100433/IRS990PF,full return read (automated row extraction; not individually checked)
Shepard Broad Foundation Inc,59-0998866,2013,990-PF XV 3a paid,10000,Friends of the Israel Defense Forces (13-3156445),General & Unrestricted,https://projects.propublica.org/nonprofits/organizations/590998866/201423149349100207/IRS990PF,full return read (automated row extraction; not individually checked)
Shepard Broad Foundation Inc,59-0998866,2014,990-PF XV 3a paid,10000,Friends of the Israel Defense Forces (13-3156445),General & Unrestricted,https://projects.propublica.org/nonprofits/organizations/590998866/201522109349100717/IRS990PF,full return read (automated row extraction; not individually checked)
Shepard Broad Foundation Inc,59-0998866,2016,990-PF XV 3a paid,5000,Friends of the Israel Defense Forces (13-3156445),General & Unrestricted,https://projects.propublica.org/nonprofits/organizations/590998866/201723079349100127/IRS990PF,full return read (automated row extraction; not individually checked)
Sherie H Hammerman Charitable Tr,85-4064141,2021,990-PF XV 3a paid,80000,Friends of the Israel Defense Forces (13-3156445),SERVICES AND SUPPORT PROGRAMS AND FACILITIES TO THE SOLDIERS WHO PROTECT ISRAEL AND THE JEWS WORLDWIDE.,https://projects.propublica.org/nonprofits/organizations/854064141/202203189349101300/IRS990PF,full return read (automated row extraction; not individually checked)
Sherie H Hammerman Charitable Tr,85-4064141,2022,990-PF XV 3a paid,80000,Friends of the Israel Defense Forces (13-3156445),SERVICES AND SUPPORT PROGRAMS AND FACILITIES TO THE SOLDIERS WHO PROTECT ISRAEL AND THE JEWS WORLDWIDE.,https://projects.propublica.org/nonprofits/organizations/854064141/202322389349100702/IRS990PF,full return read (automated row extraction; not individually checked)
Sherie H Hammerman Charitable Tr,85-4064141,2023,990-PF XV 3a paid,50000,Friends of the Israel Defense Forces (13-3156445),SERVICES AND SUPPORT PROGRAMS AND FACILITIES TO THE SOLDIERS WHO PROTECT ISRAEL AND THE JEWS WORLDWIDE.,https://projects.propublica.org/nonprofits/organizations/854064141/202423119349100307/IRS990PF,full return read (automated row extraction; not individually checked)
Sherman Family Foundation,38-3505951,2023,990-PF XV 3a paid,360,Friends of the Israel Defense Forces (13-3156445),CHARITABLE,https://projects.propublica.org/nonprofits/organizations/383505951/202443099349100309/IRS990PF,full return read (automated row extraction; not individually checked)
Shiff Family Foundation,93-4125810,2024,990-PF XV 3a paid,10000,Friends of the Israel Defense Forces (13-3156445),General & Unrestricted,https://projects.propublica.org/nonprofits/organizations/934125810/202522029349100722/IRS990PF,full return read (automated row extraction; not individually checked)
Shiffman Family Foundation,37-1500102,2024,990-PF XV 3a paid,200000,Friends of the Israel Defense Forces (13-3156445),PROGRAM,https://projects.propublica.org/nonprofits/organizations/371500102/202500719349100125/IRS990PF,full return read (automated row extraction; not individually checked)
Shirley And David Toomim Family Foundation,76-0585077,2025,990-PF XV 3a paid,20000,Friends of the Israel Defense Forces (13-3156445),General support,https://projects.propublica.org/nonprofits/organizations/760585077/202611559349101001/IRS990PF,full return read (automated row extraction; not individually checked)
Shirley And Marshall Mazer Foundation,31-6108615,2018,990-PF XV 3a paid,1000,Friends of the Israel Defense Forces (13-3156445),Benevolent,https://projects.propublica.org/nonprofits/organizations/316108615/201923029349100502/IRS990PF,full return read (automated row extraction; not individually checked)
Shomof Family Foundation Inc,87-1926458,2023,990-PF XV 3a paid,11000,Friends of the Israel Defense Forces (13-3156445),TO PROMOTE EXEMPT PURPOSE,https://projects.propublica.org/nonprofits/organizations/871926458/202401229349101935/IRS990PF,full return read (automated row extraction; not individually checked)
Shomof Family Foundation Inc,87-1926458,2024,990-PF XV 3a paid,1700,Friends of the Israel Defense Forces (13-3156445),TO PROMOTE EXEMPT PURPOSE,https://projects.propublica.org/nonprofits/organizations/871926458/202531749349100108/IRS990PF,full return read (automated row extraction; not individually checked)
Shomof Family Foundation Inc,87-1926458,2025,990-PF XV 3a paid,15150,Friends of the Israel Defense Forces (13-3156445),TO PROMOTE EXEMPT PURPOSE,https://projects.propublica.org/nonprofits/organizations/871926458/202621259349102012/IRS990PF,full return read (automated row extraction; not individually checked)
Shoresh Foundation,94-3044121,2023,990-PF XV 3a paid,100000,Friends of the Israel Defense Forces (13-3156445),GENERAL,https://projects.propublica.org/nonprofits/organizations/943044121/202423209349103462/IRS990PF,full return read (automated row extraction; not individually checked)
Shoresh Foundation,94-3044121,2024,990-PF XV 3a paid,100000,Friends of the Israel Defense Forces (13-3156445),GENERAL,https://projects.propublica.org/nonprofits/organizations/943044121/202543189349104549/IRS990PF,full return read (automated row extraction; not individually checked)
Shulamits Hope Foundation Inc,27-1521342,2023,990-PF XV 3a paid,50000,Friends of the Israel Defense Forces (13-3156445),GENERAL SUPPORT,https://projects.propublica.org/nonprofits/organizations/271521342/202403179349100145/IRS990PF,full return read (automated row extraction; not individually checked)
Shulman Family Foundation,91-2100817,2013,990-PF XV 3a paid,12000,Friends of the Israel Defense Forces (13-3156445),TO PROVIDE SUPPORT TO EXEMPT ORGANIZATION,https://projects.propublica.org/nonprofits/organizations/912100817/201441439349100314/IRS990PF,full return read (automated row extraction; not individually checked)
Shulman Family Foundation,91-2100817,2014,990-PF XV 3a paid,12000,Friends of the Israel Defense Forces (13-3156445),TO PROVIDE SUPPORT TO EXEMPT ORGANIZATION,https://projects.propublica.org/nonprofits/organizations/912100817/201531289349100538/IRS990PF,full return read (automated row extraction; not individually checked)
Shulman Family Foundation,91-2100817,2016,990-PF XV 3a paid,12000,Friends of the Israel Defense Forces (13-3156445),to provide support to exempt organization,https://projects.propublica.org/nonprofits/organizations/912100817/201701299349100245/IRS990PF,full return read (automated row extraction; not individually checked)
Shulman Family Foundation,91-2100817,2017,990-PF XV 3a paid,12000,Friends of the Israel Defense Forces (13-3156445),TO PROVIDE SUPPORT TO EXEMPT ORGANIZATION,https://projects.propublica.org/nonprofits/organizations/912100817/201831299349101533/IRS990PF,full return read (automated row extraction; not individually checked)
Shulman Family Foundation,91-2100817,2018,990-PF XV 3a paid,12000,Friends of the Israel Defense Forces (13-3156445),TO PROVIDE SUPPORT TO EXEMPT ORGANIZATION,https://projects.propublica.org/nonprofits/organizations/912100817/201931349349101738/IRS990PF,full return read (automated row extraction; not individually checked)
Shulman Family Foundation,91-2100817,2019,990-PF XV 3a paid,12000,Friends of the Israel Defense Forces (13-3156445),TO PROVIDE SUPPORT TO EXEMPT ORGANIZATION,https://projects.propublica.org/nonprofits/organizations/912100817/202021049349100017/IRS990PF,full return read (automated row extraction; not individually checked)
Shulman Family Foundation,91-2100817,2020,990-PF XV 3a paid,8000,Friends of the Israel Defense Forces (13-3156445),TO PROVIDE SUPPORT TO EXEMPT ORGANIZATION,https://projects.propublica.org/nonprofits/organizations/912100817/202141179349102689/IRS990PF,full return read (automated row extraction; not individually checked)
Shulman Family Foundation,91-2100817,2021,990-PF XV 3a paid,8000,Friends of the Israel Defense Forces (13-3156445),TO PROVIDE SUPPORT TO EXEMPT ORGANIZATION,https://projects.propublica.org/nonprofits/organizations/912100817/202221319349105177/IRS990PF,full return read (automated row extraction; not individually checked)
Sidman Family Foundation,20-3867727,2017,990-PF XV 3a paid,10000,Friends of the Israel Defense Forces (13-3156445),DONATION,https://projects.propublica.org/nonprofits/organizations/203867727/201833199349101748/IRS990PF,full return read (automated row extraction; not individually checked)
Sidney & Jeanne Mishkin Foundation,13-6142376,2015,990-PF XV 3a paid,5000,Friends of the Israel Defense Forces (13-3156445),CHARITABLE,https://projects.propublica.org/nonprofits/organizations/136142376/201613169349100851/IRS990PF,full return read (automated row extraction; not individually checked)
Sidney & Sandy Brown Foundation,22-3843782,2023,990-PF XV 3a paid,350000,Friends of the Israel Defense Forces (13-3156445),GENERAL FUND,https://projects.propublica.org/nonprofits/organizations/223843782/202433209349100128/IRS990PF,full return read (automated row extraction; not individually checked)
Sidney And Kathryn Taurel Foundation,26-1603479,2023,990-PF XV 3a paid,10000,Friends of the Israel Defense Forces (13-3156445),Operating Support,https://projects.propublica.org/nonprofits/organizations/261603479/202423169349101112/IRS990PF,full return read (automated row extraction; not individually checked)
Sidney Fleck Charitable Foundation Inc,65-0753892,2024,990-PF XV 3a paid,1500,Friends of the Israel Defense Forces (13-3156445),CHARITABLE,https://projects.propublica.org/nonprofits/organizations/650753892/202541489349100509/IRS990PF,full return read (automated row extraction; not individually checked)
Sig Feiger Family Foundation,81-1386333,2023,990-PF XV 3a paid,474850,Friends of the Israel Defense Forces (13-3156445),UNRESTRICTED FOR GENERAL USE OF CHARITY,https://projects.propublica.org/nonprofits/organizations/811386333/202442329349100519/IRS990PF,full return read (row individually checked)
Sig Feiger Family Foundation,81-1386333,2024,990-PF XV 3a paid,150000,Friends of the Israel Defense Forces (13-3156445),UNRESTRICTED FOR GENERAL USE OF CHARITY,https://projects.propublica.org/nonprofits/organizations/811386333/202521829349100407/IRS990PF,full return read (row individually checked)
Sig Feiger Family Foundation,81-1386333,2025,990-PF XV 3a paid,1150000,Friends of the Israel Defense Forces (13-3156445),UNRESTRICTED FOR GENERAL USE OF CHARITY,https://projects.propublica.org/nonprofits/organizations/811386333/202631829349100803/IRS990PF,full return read (row individually checked)
Silber Family Foundation,90-0918175,2021,990-PF XV 3a paid,10000,Friends of the Israel Defense Forces (13-3156445),GENERAL SUPPORT,https://projects.propublica.org/nonprofits/organizations/900918175/202232149349100618/IRS990PF,full return read (automated row extraction; not individually checked)
Silton Family Foundation,26-3605273,2016,990-PF XV 3a paid,4000,Friends of the Israel Defense Forces (13-3156445),UNRESTRICTED GIFT,https://projects.propublica.org/nonprofits/organizations/263605273/201723189349101722/IRS990PF,full return read (automated row extraction; not individually checked)
Silton Family Foundation,26-3605273,2023,990-PF XV 3a paid,5000,Friends of the Israel Defense Forces (13-3156445),UNRESTRICTED GIFT,https://projects.propublica.org/nonprofits/organizations/263605273/202421989349100232/IRS990PF,full return read (automated row extraction; not individually checked)
Silton Family Foundation,26-3605273,2024,990-PF XV 3a paid,9500,Friends of the Israel Defense Forces (13-3156445),UNRESTRICTED GIFT,https://projects.propublica.org/nonprofits/organizations/263605273/202532879349100943/IRS990PF,full return read (automated row extraction; not individually checked)
Silver Family Foundation Inc,86-1150491,2023,990-PF XV 3a paid,1000,Friends of the Israel Defense Forces (13-3156445),CHARITABLE,https://projects.propublica.org/nonprofits/organizations/861150491/202423179349103752/IRS990PF,full return read (automated row extraction; not individually checked)
Silverberg Family Foundation Inc,11-3228373,2023,990-PF XV 3a paid,10000,Friends of the Israel Defense Forces (13-3156445),RELIGIOUS,https://projects.propublica.org/nonprofits/organizations/113228373/202401339349100810/IRS990PF,full return read (automated row extraction; not individually checked)
Silverberg Family Foundation Inc,11-3228373,2024,990-PF XV 3a paid,10000,Friends of the Israel Defense Forces (13-3156445),SUPPORT FOR THE PROTECTION OF ISRAEL,https://projects.propublica.org/nonprofits/organizations/113228373/202511339349102261/IRS990PF,full return read (automated row extraction; not individually checked)
Sirkin Family Charitable Foundation,27-6941186,2021,990-PF XV 3a paid,35000,Friends of the Israel Defense Forces (13-3156445),CHAIRTY GENERAL PURPOSES,https://projects.propublica.org/nonprofits/organizations/276941186/202202979349100505/IRS990PF,full return read (automated row extraction; not individually checked)
Sirkin Family Charitable Foundation,27-6941186,2024,990-PF XV 3a paid,15000,Friends of the Israel Defense Forces (13-3156445),GENERAL PURPOSES,https://projects.propublica.org/nonprofits/organizations/276941186/202531289349100333/IRS990PF,full return read (automated row extraction; not individually checked)
Sklare Family Foundation,36-3804977,2023,990-PF XV 3a paid,20000,Friends of the Israel Defense Forces (13-3156445),To Fund Charitable Activities,https://projects.propublica.org/nonprofits/organizations/363804977/202403169349102345/IRS990PF,full return read (automated row extraction; not individually checked)
Sklare Family Foundation,36-3804977,2024,990-PF XV 3a paid,100000,Friends of the Israel Defense Forces (13-3156445),To Fund Charitable Activities,https://projects.propublica.org/nonprofits/organizations/363804977/202522959349101072/IRS990PF,full return read (automated row extraction; not individually checked)
Sklare Family Foundation,36-3804977,2024,990-PF XV 3a paid,25000,Friends of the Israel Defense Forces (13-3156445),To Fund Charitable Activities,https://projects.propublica.org/nonprofits/organizations/363804977/202522959349101072/IRS990PF,full return read (automated row extraction; not individually checked)
Skolnick Family Charitable Trust,11-6462058,2014,990-PF XV 3a paid,10000,Friends of the Israel Defense Forces (13-3156445),General & Unrestricted,https://projects.propublica.org/nonprofits/organizations/116462058/201543459349100404/IRS990PF,full return read (automated row extraction; not individually checked)
Skyyler Tyyler Charitable Foundation,46-0811204,2014,990-PF XV 3a paid,500,Friends of the Israel Defense Forces (13-3156445),CASH DONATION,https://projects.propublica.org/nonprofits/organizations/460811204/201542939349100004/IRS990PF,full return read (automated row extraction; not individually checked)
Slayton Family Foundation,26-0276570,2023,990-PF XV 3a paid,15000,Friends of the Israel Defense Forces (13-3156445),CHARITY CHARITABLE,https://projects.propublica.org/nonprofits/organizations/260276570/202441909349100759/IRS990PF,full return read (automated row extraction; not individually checked)
Slayton Family Foundation,26-0276570,2024,990-PF XV 3a paid,3600,Friends of the Israel Defense Forces (13-3156445),CHARITY CHARITABLE,https://projects.propublica.org/nonprofits/organizations/260276570/202542119349100214/IRS990PF,full return read (automated row extraction; not individually checked)
Smart Family Foundation Of New York,81-3395492,2025,990-PF XV 3a paid,10,Friends of the Israel Defense Forces (13-3156445),FUND,https://projects.propublica.org/nonprofits/organizations/813395492/202642379349100859/IRS990PF,full return read (automated row extraction; not individually checked)
Snider Foundation,23-2047668,2023,990-PF XV 3a paid,34167,Friends of the Israel Defense Forces (13-3156445),OPERATING SUPPORT,https://projects.propublica.org/nonprofits/organizations/232047668/202511349349102411/IRS990PF,full return read (automated row extraction; not individually checked)
Snider Foundation,23-2047668,2024,990-PF XV 3a paid,10000,Friends of the Israel Defense Forces (13-3156445),GENERAL OPERATING SUPPORT,https://projects.propublica.org/nonprofits/organizations/232047668/202611359349104721/IRS990PF,full return read (automated row extraction; not individually checked)
So Charitable Trust,13-3050892,2022,990-PF XV 3a paid,18000,Friends of the Israel Defense Forces (13-3156445),FOR CHARITY'S SPECIFIED SERVICES,https://projects.propublica.org/nonprofits/organizations/133050892/202412679349100021/IRS990PF,full return read (automated row extraction; not individually checked)
Sol Goldman Charitable Trust,13-3577310,2023,990-PF XV 3a paid,110000,Friends of the Israel Defense Forces (13-3156445),TO SUPPORT THE CHARITY'S MISSION,https://projects.propublica.org/nonprofits/organizations/133577310/202520429349100007/IRS990PF,full return read (automated row extraction; not individually checked)
Sollar Foundation Inc,23-7024525,2024,990-PF XV 3a paid,25000,Friends of the Israel Defense Forces (13-3156445),FOR CHARITABLE PROGRAMS,https://projects.propublica.org/nonprofits/organizations/237024525/202501549349101100/IRS990PF,full return read (automated row extraction; not individually checked)
Solomon And Rose Turetsky Foundation Inc,23-7030397,2020,990-PF XV 3a paid,500,Friends of the Israel Defense Forces (13-3156445),"TO OFFER EDUCATIONAL, CULTURAL, RECREATIONAL, AND SOCIAL SERVICES PROGRAMS AND FACILITIES THAT PROVIDE HOPE, PURPOSE, AND LIFE-CHANGING SUPP",https://projects.propublica.org/nonprofits/organizations/237030397/202103159349100545/IRS990PF,full return read (automated row extraction; not individually checked)
Solomon And Rose Turetsky Foundation Inc,23-7030397,2023,990-PF XV 3a paid,500,Friends of the Israel Defense Forces (13-3156445),"TO OFFER EDUCATIONAL, CULTURAL, RECREATIONAL, AND SOCIAL SERVICES PROGRAMS AND FACILITIES THAT PROVIDE HOPE, PURPOSE, AND LIFE-CHANGING SUPP",https://projects.propublica.org/nonprofits/organizations/237030397/202403059349100220/IRS990PF,full return read (automated row extraction; not individually checked)
Solot And Karp Family Foundation,23-7933630,2015,990-PF XV 3a paid,1000,Friends of the Israel Defense Forces (13-3156445),General & Unrestricted,https://projects.propublica.org/nonprofits/organizations/237933630/201630919349100818/IRS990PF,full return read (automated row extraction; not individually checked)
Solot And Karp Family Foundation,23-7933630,2017,990-PF XV 3a paid,1500,Friends of the Israel Defense Forces (13-3156445),General & Unrestricted,https://projects.propublica.org/nonprofits/organizations/237933630/201811149349100706/IRS990PF,full return read (automated row extraction; not individually checked)
Solot And Karp Family Foundation,23-7933630,2018,990-PF XV 3a paid,1500,Friends of the Israel Defense Forces (13-3156445),General & Unrestricted,https://projects.propublica.org/nonprofits/organizations/237933630/201911139349101251/IRS990PF,full return read (automated row extraction; not individually checked)
Soros Fund Charitable Foundation,13-3388177,2024,990-PF XV 3a paid,2000,Friends of the Israel Defense Forces (13-3156445),General Support,https://projects.propublica.org/nonprofits/organizations/133388177/202501289349102310/IRS990PF,full return read (automated row extraction; not individually checked)
Soros Fund Charitable Foundation,13-3388177,2024,990-PF XV 3a paid,1000,Friends of the Israel Defense Forces (13-3156445),General Support,https://projects.propublica.org/nonprofits/organizations/133388177/202501289349102310/IRS990PF,full return read (automated row extraction; not individually checked)
Soros Fund Charitable Foundation,13-3388177,2024,990-PF XV 3a paid,3600,Friends of the Israel Defense Forces (13-3156445),General Support,https://projects.propublica.org/nonprofits/organizations/133388177/202501289349102310/IRS990PF,full return read (automated row extraction; not individually checked)
Soros Fund Charitable Foundation,13-3388177,2024,990-PF XV 3a paid,720,Friends of the Israel Defense Forces (13-3156445),General Support,https://projects.propublica.org/nonprofits/organizations/133388177/202501289349102310/IRS990PF,full return read (automated row extraction; not individually checked)
Soros Fund Charitable Foundation,13-3388177,2024,990-PF XV 3a paid,2000,Friends of the Israel Defense Forces (13-3156445),General Support,https://projects.propublica.org/nonprofits/organizations/133388177/202501289349102310/IRS990PF,full return read (automated row extraction; not individually checked)
Spector Family Foundation,20-3926141,2021,990-PF XV 3a paid,5000,Friends of the Israel Defense Forces (13-3156445),Palm Beach Project,https://projects.propublica.org/nonprofits/organizations/203926141/202243159349102814/IRS990PF,full return read (automated row extraction; not individually checked)
Spector Family Foundation,20-3926141,2023,990-PF XV 3a paid,1800,Friends of the Israel Defense Forces (13-3156445),General & Unrestricted,https://projects.propublica.org/nonprofits/organizations/203926141/202443169349102469/IRS990PF,full return read (automated row extraction; not individually checked)
Spector Family Foundation,20-6350166,2023,990-PF XV 3a paid,1000,Friends of the Israel Defense Forces (13-3156445),NON PROFIT ORGANIZAT RELIGION,https://projects.propublica.org/nonprofits/organizations/206350166/202441149349100544/IRS990PF,full return read (automated row extraction; not individually checked)
Spector Family Foundation,20-3926141,2024,990-PF XV 3a paid,10000,Friends of the Israel Defense Forces (13-3156445),General & Unrestricted,https://projects.propublica.org/nonprofits/organizations/203926141/202533219349108108/IRS990PF,full return read (automated row extraction; not individually checked)
Spielman Family Foundation,45-2957019,2019,990-PF XV 3a paid,500,Friends of the Israel Defense Forces (13-3156445),501C(3) GENERAL,https://projects.propublica.org/nonprofits/organizations/452957019/202003169349100910/IRS990PF,full return read (automated row extraction; not individually checked)
Spielman Family Foundation,45-2957019,2020,990-PF XV 3a paid,1000,Friends of the Israel Defense Forces (13-3156445),501C(3) GENERAL,https://projects.propublica.org/nonprofits/organizations/452957019/202123129349100037/IRS990PF,full return read (automated row extraction; not individually checked)
Spielman Family Foundation,45-2957019,2021,990-PF XV 3a paid,500,Friends of the Israel Defense Forces (13-3156445),501C(3) GENERAL,https://projects.propublica.org/nonprofits/organizations/452957019/202243199349109059/IRS990PF,full return read (automated row extraction; not individually checked)
Spielman Family Foundation,45-2957019,2022,990-PF XV 3a paid,500,Friends of the Israel Defense Forces (13-3156445),501C(3) GENERAL,https://projects.propublica.org/nonprofits/organizations/452957019/202343179349101894/IRS990PF,full return read (automated row extraction; not individually checked)
Spielman Family Foundation,45-2957019,2023,990-PF XV 3a paid,10760,Friends of the Israel Defense Forces (13-3156445),501C(3) GENERAL,https://projects.propublica.org/nonprofits/organizations/452957019/202403199349101980/IRS990PF,full return read (automated row extraction; not individually checked)
Spielman Family Foundation,45-2957019,2024,990-PF XV 3a paid,1000,Friends of the Israel Defense Forces (13-3156445),501C(3) GENERAL,https://projects.propublica.org/nonprofits/organizations/452957019/202503179349104000/IRS990PF,full return read (automated row extraction; not individually checked)
Spiller L Chaim Fund,20-1261369,2023,990-PF XV 3a paid,1000,Friends of the Israel Defense Forces (13-3156445),GENERAL OPERATING GRANT,https://projects.propublica.org/nonprofits/organizations/201261369/202431519349101108/IRS990PF,full return read (automated row extraction; not individually checked)
Stable Road Foundation,82-5153380,2019,990-PF XV 3a paid,9000,Friends of the Israel Defense Forces (13-3156445),GENERAL OPERATING SUPPORT,https://projects.propublica.org/nonprofits/organizations/825153380/202033109349100788/IRS990PF,full return read (automated row extraction; not individually checked)
Stanford Morris Private Foundation,30-0312351,2022,990-PF XV 3a paid,10000,Friends of the Israel Defense Forces (13-3156445),501 (C)(3) CHARITABLE GRANT TO QUALIFIED CHARITY,https://projects.propublica.org/nonprofits/organizations/300312351/202321329349102947/IRS990PF,full return read (automated row extraction; not individually checked)
Stanley & Joyce Black Family Foundation,95-4259961,2016,990-PF XV 3a paid,35000,Friends of the Israel Defense Forces (13-3156445),SUPPORT OF ORGANIZATION MISSION,https://projects.propublica.org/nonprofits/organizations/954259961/201733189349102818/IRS990PF,full return read (automated row extraction; not individually checked)
Stanley & Joyce Black Family Foundation,95-4259961,2017,990-PF XV 3a paid,27500,Friends of the Israel Defense Forces (13-3156445),SUPPORT OF ORGANIZATION MISSION,https://projects.propublica.org/nonprofits/organizations/954259961/201813179349102321/IRS990PF,full return read (automated row extraction; not individually checked)
Stanley & Joyce Black Family Foundation,95-4259961,2019,990-PF XV 3a paid,40000,Friends of the Israel Defense Forces (13-3156445),SUPPORT OF ORGANIZATION MISSION,https://projects.propublica.org/nonprofits/organizations/954259961/202023219349103722/IRS990PF,full return read (automated row extraction; not individually checked)
Stanley & Joyce Black Family Foundation,95-4259961,2023,990-PF XV 3a paid,5000,Friends of the Israel Defense Forces (13-3156445),GENERAL SUPPORT FOR THE FRIENDS OF ISRAEL DEFENSE FORCES TO TRANSFORM THE LIVES OF THE YOUNG MEN AND WOMEN OF THE IDF THROUGH EMPOWERING EDU,https://projects.propublica.org/nonprofits/organizations/954259961/202422679349100432/IRS990PF,full return read (automated row extraction; not individually checked)
Stanley & Joyce Black Family Foundation,95-4259961,2023,990-PF XV 3a paid,,Friends of the Israel Defense Forces (13-3156445),,https://projects.propublica.org/nonprofits/organizations/954259961/202422679349100432/IRS990PF,full return read (automated row extraction; not individually checked)
Stanley & Joyce Black Family Foundation,95-4259961,2023,990-PF XV 3a paid,25000,Friends of the Israel Defense Forces (13-3156445),GENERAL SUPPORT FOR THE FRIENDS OF ISRAEL DEFENSE FORCES TO TRANSFORM THE LIVES OF THE YOUNG MEN AND WOMEN OF THE IDF THROUGH EMPOWERING EDU,https://projects.propublica.org/nonprofits/organizations/954259961/202422679349100432/IRS990PF,full return read (automated row extraction; not individually checked)
Stanley & Joyce Black Family Foundation,95-4259961,2023,990-PF XV 3a paid,10000,Friends of the Israel Defense Forces (13-3156445),GENERAL SUPPORT FOR THE FRIENDS OF ISRAEL DEFENSE FORCES TO TRANSFORM THE LIVES OF THE YOUNG MEN AND WOMEN OF THE IDF THROUGH EMPOWERING EDU,https://projects.propublica.org/nonprofits/organizations/954259961/202422679349100432/IRS990PF,full return read (automated row extraction; not individually checked)
Stanley & Joyce Black Family Foundation,95-4259961,2023,990-PF XV 3a paid,5000,Friends of the Israel Defense Forces (13-3156445),"TO SUPPORT GIVING HOPE TO CHILDREN WITH LIFE-THREATENING ILLNESS, AND THEIR FAMILIES.",https://projects.propublica.org/nonprofits/organizations/954259961/202422679349100432/IRS990PF,full return read (automated row extraction; not individually checked)
Stanley & Joyce Black Family Foundation,95-4259961,2024,990-PF XV 3a paid,500,Friends of the Israel Defense Forces (13-3156445),"TO SUPPORT TRANSFORMING THE LIVES OF THE YOUNG MEN AND WOMEN OF THE IDF THROUGH EMPOWERING EDUCATIONAL, FINANCIAL, WELL-BEING, AND CULTURAL ",https://projects.propublica.org/nonprofits/organizations/954259961/202543179349103749/IRS990PF,full return read (automated row extraction; not individually checked)
Stanley & Joyce Black Family Foundation,95-4259961,2024,990-PF XV 3a paid,25000,Friends of the Israel Defense Forces (13-3156445),"TO SUPPORT THE FRIENDS OF ISRAEL DEFENSE FORCES TO TRANSFORM THE LIVES OF THE YOUNG MEN AND WOMEN OF THE IDF THROUGH EMPOWERING EDUCATIONAL,",https://projects.propublica.org/nonprofits/organizations/954259961/202543179349103749/IRS990PF,full return read (automated row extraction; not individually checked)
Stanley & Joyce Black Family Foundation,95-4259961,2024,990-PF XV 3a paid,,Friends of the Israel Defense Forces (13-3156445),,https://projects.propublica.org/nonprofits/organizations/954259961/202543179349103749/IRS990PF,full return read (automated row extraction; not individually checked)
Stanley And Roberta Bogen Charitable Foundation,94-3457573,2013,990-PF XV 3a paid,4000,Friends of the Israel Defense Forces (13-3156445),GENERAL SUPPORT,https://projects.propublica.org/nonprofits/organizations/943457573/201403149349100340/IRS990PF,full return read (automated row extraction; not individually checked)
Stanley And Roberta Bogen Charitable Foundation,94-3457573,2014,990-PF XV 3a paid,4000,Friends of the Israel Defense Forces (13-3156445),GENERAL SUPPORT,https://projects.propublica.org/nonprofits/organizations/943457573/201523179349101917/IRS990PF,full return read (automated row extraction; not individually checked)
Stanley And Roberta Bogen Charitable Foundation,94-3457573,2022,990-PF XV 3a paid,1800,Friends of the Israel Defense Forces (13-3156445),GENERAL SUPPORT,https://projects.propublica.org/nonprofits/organizations/943457573/202313199349108156/IRS990PF,full return read (automated row extraction; not individually checked)
Stanley And Roberta Bogen Charitable Foundation,94-3457573,2023,990-PF XV 3a paid,4600,Friends of the Israel Defense Forces (13-3156445),GENERAL SUPPORT,https://projects.propublica.org/nonprofits/organizations/943457573/202403189349101660/IRS990PF,full return read (automated row extraction; not individually checked)
Stanley And Roberta Bogen Charitable Foundation,94-3457573,2024,990-PF XV 3a paid,10000,Friends of the Israel Defense Forces (13-3156445),GENERAL SUPPORT,https://projects.propublica.org/nonprofits/organizations/943457573/202503219349105740/IRS990PF,full return read (automated row extraction; not individually checked)
Star Welfare Foundation Inc,13-6110450,2025,990-PF XV 3a paid,1100,Friends of the Israel Defense Forces (13-3156445),TO FURTHER DONEE'S EXEMPT PURPOSE,https://projects.propublica.org/nonprofits/organizations/136110450/202601349349100310/IRS990PF,full return read (automated row extraction; not individually checked)
Stefan Adelipour For Lifefoundation,20-8997372,2024,990 Schedule I,15000,Friends of the Israel Defense Forces (13-3156445),DONATION,https://projects.propublica.org/nonprofits/organizations/208997372/202532799349300623/IRS990ScheduleI,full return read (automated row extraction; not individually checked)
Stein Rich Family Foundation,27-3556436,2024,990-PF XV 3a paid,2500,Friends of the Israel Defense Forces (13-3156445),GENERAL SUPPORT,https://projects.propublica.org/nonprofits/organizations/273556436/202540579349100304/IRS990PF,full return read (automated row extraction; not individually checked)
Stein Rich Family Foundation,27-3556436,2025,990-PF XV 3a paid,7500,Friends of the Israel Defense Forces (13-3156445),GENERAL SUPPORT,https://projects.propublica.org/nonprofits/organizations/273556436/202600919349100130/IRS990PF,full return read (automated row extraction; not individually checked)
Steiner Family Foundation,82-0932302,2018,990-PF XV 3a paid,1800,Friends of the Israel Defense Forces (13-3156445),TO FURTHER ITS 501 (C)(3) STATUS,https://projects.propublica.org/nonprofits/organizations/820932302/201921349349101247/IRS990PF,full return read (automated row extraction; not individually checked)
Steiner Family Foundation,82-0932302,2019,990-PF XV 3a paid,1000,Friends of the Israel Defense Forces (13-3156445),TO FURTHER ITS 501 (C)(3) STATUS,https://projects.propublica.org/nonprofits/organizations/820932302/202032239349100308/IRS990PF,full return read (automated row extraction; not individually checked)
Steiner Family Foundation,82-0932302,2020,990-PF XV 3a paid,1000,Friends of the Israel Defense Forces (13-3156445),TO FURTHER ITS 501 (C)(3) STATUS,https://projects.propublica.org/nonprofits/organizations/820932302/202111359349100216/IRS990PF,full return read (automated row extraction; not individually checked)
Steiner Family Foundation,82-0932302,2021,990-PF XV 3a paid,1250,Friends of the Israel Defense Forces (13-3156445),TO FURTHER ITS 501 (C)(3) STATUS,https://projects.propublica.org/nonprofits/organizations/820932302/202221369349102142/IRS990PF,full return read (automated row extraction; not individually checked)
Steiner Family Foundation,82-0932302,2022,990-PF XV 3a paid,1750,Friends of the Israel Defense Forces (13-3156445),TO FURTHER ITS 501 (C)(3) STATUS,https://projects.propublica.org/nonprofits/organizations/820932302/202321239349100242/IRS990PF,full return read (automated row extraction; not individually checked)
Steiner Family Foundation,82-0932302,2023,990-PF XV 3a paid,66750,Friends of the Israel Defense Forces (13-3156445),1TO FURTHER ITS 501 (C)(3) STATUS,https://projects.propublica.org/nonprofits/organizations/820932302/202433129349100928/IRS990PF,full return read (automated row extraction; not individually checked)
Steiner Family Foundation,82-0932302,2024,990-PF XV 3a paid,66750,Friends of the Israel Defense Forces (13-3156445),1TO FURTHER ITS 501 (C)(3) STATUS,https://projects.propublica.org/nonprofits/organizations/820932302/202503149349102245/IRS990PF,full return read (automated row extraction; not individually checked)
Steiner Family Foundation,82-0932302,2025,990-PF XV 3a paid,30000,Friends of the Israel Defense Forces (13-3156445),TO FURTHER ITS 501 (C)(3) STATUS,https://projects.propublica.org/nonprofits/organizations/820932302/202631329349101118/IRS990PF,full return read (automated row extraction; not individually checked)
Stephen And Alice Cutler Family Foundation,04-6906429,2014,990-PF XV 3a paid,1000,Friends of the Israel Defense Forces (13-3156445),GENERAL FUND,https://projects.propublica.org/nonprofits/organizations/46906429/201522789349100302/IRS990PF,full return read (automated row extraction; not individually checked)
Stephen And Alice Cutler Family Foundation,04-6906429,2015,990-PF XV 3a paid,1000,Friends of the Israel Defense Forces (13-3156445),GENERAL FUND,https://projects.propublica.org/nonprofits/organizations/46906429/201623069349100507/IRS990PF,full return read (automated row extraction; not individually checked)
Sterling Donor Advised Fund,27-0418124,2023,990 Schedule I,10000,Friends of the Israel Defense Forces (13-3156445),IMPACT PROGRAM & ISRAEL DEFENSE FORCES EMERGENCY FUND,https://projects.propublica.org/nonprofits/organizations/270418124/202413209349312221/IRS990ScheduleI,full return read (automated row extraction; not individually checked)
Steve And Kristin Chapin Family Foundation,47-2625451,2023,990-PF XV 3a paid,3,Friends of the Israel Defense Forces (13-3156445),501(C),https://projects.propublica.org/nonprofits/organizations/472625451/202413199349106261/IRS990PF,full return read (automated row extraction; not individually checked)
Steve And Laura Mayer Family Foundation,47-2525915,2016,990-PF XV 3a paid,2500,Friends of the Israel Defense Forces (13-3156445),GENERAL PURPOSE,https://projects.propublica.org/nonprofits/organizations/472525915/201713179349102416/IRS990PF,full return read (automated row extraction; not individually checked)
Steve And Laura Mayer Family Foundation,47-2525915,2017,990-PF XV 3a paid,2500,Friends of the Israel Defense Forces (13-3156445),UNRESTRICTED GRANT TO FURTHER THE ORGANIZATION'S EXEMPT PURPOSE,https://projects.propublica.org/nonprofits/organizations/472525915/201813179349102366/IRS990PF,full return read (automated row extraction; not individually checked)
Steve And Laura Mayer Family Foundation,47-2525915,2018,990-PF XV 3a paid,2500,Friends of the Israel Defense Forces (13-3156445),UNRESTRICTED GRANT TO FURTHER THE ORGANIZATION'S EXEMPT PURPOSE,https://projects.propublica.org/nonprofits/organizations/472525915/201913199349106011/IRS990PF,full return read (automated row extraction; not individually checked)
Steve And Laura Mayer Family Foundation,47-2525915,2019,990-PF XV 3a paid,2500,Friends of the Israel Defense Forces (13-3156445),Unrestricted grant to further the organization's exempt purpose,https://projects.propublica.org/nonprofits/organizations/472525915/202023189349100702/IRS990PF,full return read (automated row extraction; not individually checked)
Steve And Laura Mayer Family Foundation,47-2525915,2020,990-PF XV 3a paid,2500,Friends of the Israel Defense Forces (13-3156445),Unrestricted grant to further the organization's exempt purpose,https://projects.propublica.org/nonprofits/organizations/472525915/202103199349101240/IRS990PF,full return read (automated row extraction; not individually checked)
Steve And Laura Mayer Family Foundation,47-2525915,2021,990-PF XV 3a paid,2500,Friends of the Israel Defense Forces (13-3156445),Unrestricted grant to further the organization's exempt purpose,https://projects.propublica.org/nonprofits/organizations/472525915/202241379349100904/IRS990PF,full return read (automated row extraction; not individually checked)
Steve And Laura Mayer Family Foundation,47-2525915,2022,990-PF XV 3a paid,2500,Friends of the Israel Defense Forces (13-3156445),Unrestricted grant to further the organization's exempt purpose,https://projects.propublica.org/nonprofits/organizations/472525915/202322689349100707/IRS990PF,full return read (automated row extraction; not individually checked)
Steve And Laura Mayer Family Foundation,47-2525915,2023,990-PF XV 3a paid,5000,Friends of the Israel Defense Forces (13-3156445),Unrestricted grant to further the organization's exempt purpose,https://projects.propublica.org/nonprofits/organizations/472525915/202443109349100529/IRS990PF,full return read (automated row extraction; not individually checked)
Steve And Laura Mayer Family Foundation,47-2525915,2024,990-PF XV 3a paid,5000,Friends of the Israel Defense Forces (13-3156445),Unrestricted grant to further the organization's exempt purpose,https://projects.propublica.org/nonprofits/organizations/472525915/202533189349101208/IRS990PF,full return read (automated row extraction; not individually checked)
Steven & Bede Levenson Foundation Inc,13-3251182,2015,990-PF XV 3a paid,58400,Friends of the Israel Defense Forces (13-3156445),EXEMPT ORG GENERAL CONTRIBUTION,https://projects.propublica.org/nonprofits/organizations/133251182/201633209349100528/IRS990PF,full return read (automated row extraction; not individually checked)
Steven & Bede Levenson Foundation Inc,13-3251182,2016,990-PF XV 3a paid,93075,Friends of the Israel Defense Forces (13-3156445),EXEMPT ORG GENERAL CONTRIBUTION,https://projects.propublica.org/nonprofits/organizations/133251182/201821319349102017/IRS990PF,full return read (automated row extraction; not individually checked)
Steven & Bede Levenson Foundation Inc,13-3251182,2020,990-PF XV 3a paid,44000,Friends of the Israel Defense Forces (13-3156445),GENERAL OPERATIONS,https://projects.propublica.org/nonprofits/organizations/133251182/202241329349100634/IRS990PF,full return read (automated row extraction; not individually checked)
Steven & Bede Levenson Foundation Inc,13-3251182,2021,990-PF XV 3a paid,36950,Friends of the Israel Defense Forces (13-3156445),GENERAL OPERATIONS,https://projects.propublica.org/nonprofits/organizations/133251182/202311319349100506/IRS990PF,full return read (automated row extraction; not individually checked)
Steven & Bede Levenson Foundation Inc,13-3251182,2022,990-PF XV 3a paid,46245,Friends of the Israel Defense Forces (13-3156445),GENERAL OPERATIONS,https://projects.propublica.org/nonprofits/organizations/133251182/202411359349103691/IRS990PF,full return read (automated row extraction; not individually checked)
Steven & Bede Levenson Foundation Inc,13-3251182,2023,990-PF XV 3a paid,104000,Friends of the Israel Defense Forces (13-3156445),GENERAL OPERATIONS,https://projects.propublica.org/nonprofits/organizations/133251182/202521339349102857/IRS990PF,full return read (automated row extraction; not individually checked)
Steven And Beverly Rubenstein Charitable Foundation Inc,20-0223308,2023,990-PF XV 3a paid,1000,Friends of the Israel Defense Forces (13-3156445),DONATION,https://projects.propublica.org/nonprofits/organizations/200223308/202510659349100816/IRS990PF,full return read (automated row extraction; not individually checked)
Steven B Schonfeld Foundation,13-4166757,2024,990-PF XV 3a paid,50000,Friends of the Israel Defense Forces (13-3156445),"TO CHAMPION THE SOLDIERS OF THE IDF AND CARE FOR THEIR NEEDS AS THEY PROTECT THE STATE OF ISRAEL, DEMOCRATIC VALUES, AND WESTERN CIVILIZATIO",https://projects.propublica.org/nonprofits/organizations/134166757/202541219349100419/IRS990PF,full return read (automated row extraction; not individually checked)
Steven J And Robin Rotter Family Foundation,26-1444241,2013,990-PF XV 3a paid,500,Friends of the Israel Defense Forces (13-3156445),GENERAL,https://projects.propublica.org/nonprofits/organizations/261444241/201512759349100306/IRS990PF,full return read (automated row extraction; not individually checked)
Steven J And Robin Rotter Family Foundation,26-1444241,2015,990-PF XV 3a paid,500,Friends of the Israel Defense Forces (13-3156445),GENERAL,https://projects.propublica.org/nonprofits/organizations/261444241/201732689349100203/IRS990PF,full return read (automated row extraction; not individually checked)
Steven K And Winifred A Grinspoon Foundation,26-1969309,2012,990-PF XV 3a paid,2500,Friends of the Israel Defense Forces (13-3156445),CASH SUPPORT - GENERAL PURPOSE,https://projects.propublica.org/nonprofits/organizations/261969309/201411969349100616/IRS990PF,full return read (automated row extraction; not individually checked)
Steven K And Winifred A Grinspoon Foundation,26-1969309,2013,990-PF XV 3a paid,3500,Friends of the Israel Defense Forces (13-3156445),CASH SUPPORT - GENERAL PURPOSE,https://projects.propublica.org/nonprofits/organizations/261969309/201500149349100105/IRS990PF,full return read (automated row extraction; not individually checked)
Steven K And Winifred A Grinspoon Foundation,26-1969309,2014,990-PF XV 3a paid,2500,Friends of the Israel Defense Forces (13-3156445),CASH SUPPORT - GENERAL PURPOSE,https://projects.propublica.org/nonprofits/organizations/261969309/201600159349100505/IRS990PF,full return read (automated row extraction; not individually checked)
Steven K And Winifred A Grinspoon Foundation,26-1969309,2015,990-PF XV 3a paid,1800,Friends of the Israel Defense Forces (13-3156445),CASH SUPPORT - GENERAL PURPOSE,https://projects.propublica.org/nonprofits/organizations/261969309/201730169349100008/IRS990PF,full return read (automated row extraction; not individually checked)
Steven K And Winifred A Grinspoon Foundation,26-1969309,2017,990-PF XV 3a paid,2500,Friends of the Israel Defense Forces (13-3156445),CASH SUPPORT - GENERAL PURPOSE,https://projects.propublica.org/nonprofits/organizations/261969309/201940879349100209/IRS990PF,full return read (automated row extraction; not individually checked)
Steven K And Winifred A Grinspoon Foundation,26-1969309,2018,990-PF XV 3a paid,3600,Friends of the Israel Defense Forces (13-3156445),CASH SUPPORT - GENERAL PURPOSE,https://projects.propublica.org/nonprofits/organizations/261969309/202040869349100889/IRS990PF,full return read (automated row extraction; not individually checked)
Steven K And Winifred A Grinspoon Foundation,26-1969309,2019,990-PF XV 3a paid,3600,Friends of the Israel Defense Forces (13-3156445),CASH SUPPORT-GENERAL PURPOSES,https://projects.propublica.org/nonprofits/organizations/261969309/202121969349100242/IRS990PF,full return read (automated row extraction; not individually checked)
Steven K And Winifred A Grinspoon Foundation,26-1969309,2020,990-PF XV 3a paid,3600,Friends of the Israel Defense Forces (13-3156445),CASH SUPPORT-GENERAL PURPOSES,https://projects.propublica.org/nonprofits/organizations/261969309/202231969349100213/IRS990PF,full return read (automated row extraction; not individually checked)
Steven K And Winifred A Grinspoon Foundation,26-1969309,2021,990-PF XV 3a paid,3600,Friends of the Israel Defense Forces (13-3156445),CASH SUPPORT-GENERAL PURPOSES,https://projects.propublica.org/nonprofits/organizations/261969309/202301939349100710/IRS990PF,full return read (automated row extraction; not individually checked)
Steven K And Winifred A Grinspoon Foundation,26-1969309,2022,990-PF XV 3a paid,3600,Friends of the Israel Defense Forces (13-3156445),CASH SUPPORT-GENERAL PURPOSES,https://projects.propublica.org/nonprofits/organizations/261969309/202421979349100412/IRS990PF,full return read (automated row extraction; not individually checked)
Steven K And Winifred A Grinspoon Foundation,26-1969309,2024,990-PF XV 3a paid,3600,Friends of the Israel Defense Forces (13-3156445),CASH SUPPORT-GENERAL PURPOSES,https://projects.propublica.org/nonprofits/organizations/261969309/202543219349103594/IRS990PF,full return read (automated row extraction; not individually checked)
Stone Foundation Of Michigan,27-0439220,2023,990-PF XV 3a paid,25000,Friends of the Israel Defense Forces (13-3156445),TO SUPPORT ISRAEL,https://projects.propublica.org/nonprofits/organizations/270439220/202443069349100334/IRS990PF,full return read (automated row extraction; not individually checked)
Stone Foundation Of Michigan,27-0439220,2024,990-PF XV 3a paid,36000,Friends of the Israel Defense Forces (13-3156445),TO SUPPORT ISRAEL,https://projects.propublica.org/nonprofits/organizations/270439220/202533109349101028/IRS990PF,full return read (automated row extraction; not individually checked)
Stonehenge Foundation Inc,20-1528096,2019,990-PF XV 3a paid,200000,Friends of the Israel Defense Forces (13-3156445),CHARITABLE,https://projects.propublica.org/nonprofits/organizations/201528096/202021969349102422/IRS990PF,full return read (automated row extraction; not individually checked)
Stonehenge Foundation Inc,20-1528096,2021,990-PF XV 3a paid,400000,Friends of the Israel Defense Forces (13-3156445),CHARITABLE,https://projects.propublica.org/nonprofits/organizations/201528096/202243189349106009/IRS990PF,full return read (automated row extraction; not individually checked)
Stonehenge Foundation Inc,20-1528096,2022,990-PF XV 3a paid,200000,Friends of the Israel Defense Forces (13-3156445),CHARITABLE,https://projects.propublica.org/nonprofits/organizations/201528096/202323199349106757/IRS990PF,full return read (automated row extraction; not individually checked)
Story Garschina Foundation,45-4039101,2019,990-PF XV 3a paid,5000,Friends of the Israel Defense Forces (13-3156445),CHARITABLE,https://projects.propublica.org/nonprofits/organizations/454039101/202022389349100307/IRS990PF,full return read (automated row extraction; not individually checked)
Strauss Foundation,23-6219939,2019,990-PF XV 3a paid,112000,Friends of the Israel Defense Forces (13-3156445),GENERAL OPERATING,https://projects.propublica.org/nonprofits/organizations/236219939/202021299349102122/IRS990PF,full return read (automated row extraction; not individually checked)
Strauss Foundation,23-6219939,2022,990-PF XV 3a paid,1000,Friends of the Israel Defense Forces (13-3156445),GENERAL OPERATING,https://projects.propublica.org/nonprofits/organizations/236219939/202321989349101102/IRS990PF,full return read (automated row extraction; not individually checked)
Strauss Foundation,23-6219939,2023,990-PF XV 3a paid,29000,Friends of the Israel Defense Forces (13-3156445),GENERAL OPERATING,https://projects.propublica.org/nonprofits/organizations/236219939/202411289349100516/IRS990PF,full return read (automated row extraction; not individually checked)
Strauss Foundation,23-6219939,2024,990-PF XV 3a paid,15000,Friends of the Israel Defense Forces (13-3156445),GENERAL OPERATING,https://projects.propublica.org/nonprofits/organizations/236219939/202541259349101804/IRS990PF,full return read (automated row extraction; not individually checked)
Strauss Foundation,23-6219939,2025,990-PF XV 3a paid,102000,Friends of the Israel Defense Forces (13-3156445),GENERAL OPERATING,https://projects.propublica.org/nonprofits/organizations/236219939/202601249349100325/IRS990PF,full return read (automated row extraction; not individually checked)
Sudikoff Family Foundation,95-6941160,2015,990-PF XV 3a paid,4000,Friends of the Israel Defense Forces (13-3156445),SEE ATTACHED,https://projects.propublica.org/nonprofits/organizations/956941160/201602419349100050/IRS990PF,full return read (automated row extraction; not individually checked)
Sudikoff Family Foundation,95-6941160,2016,990-PF XV 3a paid,4000,Friends of the Israel Defense Forces (13-3156445),FOR MILITARY SUPPORT,https://projects.propublica.org/nonprofits/organizations/956941160/201712799349100701/IRS990PF,full return read (automated row extraction; not individually checked)
Sun Capital Partners Foundation Inc,26-1513089,2013,990-PF XV 3a paid,1000,Friends of the Israel Defense Forces (13-3156445),Social Services,https://projects.propublica.org/nonprofits/organizations/261513089/201532239349100438/IRS990PF,full return read (automated row extraction; not individually checked)
Sunshine On You Foundation,95-4634200,2023,990-PF XV 3a paid,500000,Friends of the Israel Defense Forces (13-3156445),Aid for IDF,https://projects.propublica.org/nonprofits/organizations/954634200/202401249349100100/IRS990PF,full return read (automated row extraction; not individually checked)
Susan And Jon Diamond Family Foundation,31-1523574,2014,990-PF XV 3a paid,3,Friends of the Israel Defense Forces (13-3156445),501(C),https://projects.propublica.org/nonprofits/organizations/311523574/201543209349103449/IRS990PF,full return read (automated row extraction; not individually checked)
Susan And Jon Diamond Family Foundation,31-1523574,2016,990-PF XV 3a paid,3,Friends of the Israel Defense Forces (13-3156445),501(C),https://projects.propublica.org/nonprofits/organizations/311523574/201713199349101861/IRS990PF,full return read (automated row extraction; not individually checked)
Susan And Jon Diamond Family Foundation,31-1523574,2017,990-PF XV 3a paid,3,Friends of the Israel Defense Forces (13-3156445),501(C),https://projects.propublica.org/nonprofits/organizations/311523574/201803199349105615/IRS990PF,full return read (automated row extraction; not individually checked)
Susan And Jon Diamond Family Foundation,31-1523574,2018,990-PF XV 3a paid,3,Friends of the Israel Defense Forces (13-3156445),501(C),https://projects.propublica.org/nonprofits/organizations/311523574/201933199349101403/IRS990PF,full return read (automated row extraction; not individually checked)
Susan And Jon Diamond Family Foundation,31-1523574,2019,990-PF XV 3a paid,3,Friends of the Israel Defense Forces (13-3156445),501(C),https://projects.propublica.org/nonprofits/organizations/311523574/202003219349104380/IRS990PF,full return read (automated row extraction; not individually checked)
Susan And Jon Diamond Family Foundation,31-1523574,2022,990-PF XV 3a paid,10180,Friends of the Israel Defense Forces (13-3156445),UNRESTRICTED GRANT TO SUPPORT THE ORGANIZATION'S EXEMPT PURPOSE.,https://projects.propublica.org/nonprofits/organizations/311523574/202343189349103729/IRS990PF,full return read (automated row extraction; not individually checked)
Suttin Family Foundation Inc,81-4644637,2019,990-PF XV 3a paid,360,Friends of the Israel Defense Forces (13-3156445),SUPPORT CONTRIBUTIONS,https://projects.propublica.org/nonprofits/organizations/814644637/202012799349100626/IRS990PF,full return read (automated row extraction; not individually checked)
Suzanne And Alan Peyser Foundation Inc,52-2109396,2015,990-PF XV 3a paid,1000,Friends of the Israel Defense Forces (13-3156445),CHARITABLE,https://projects.propublica.org/nonprofits/organizations/522109396/201601599349100010/IRS990PF,full return read (automated row extraction; not individually checked)
Suzanne And Alan Peyser Foundation Inc,52-2109396,2017,990-PF XV 3a paid,2000,Friends of the Israel Defense Forces (13-3156445),CHARITABLE,https://projects.propublica.org/nonprofits/organizations/522109396/201811349349101886/IRS990PF,full return read (automated row extraction; not individually checked)
Swartz Shalom Charitable Foundation,85-6395893,2023,990-PF XV 3a paid,10000,Friends of the Israel Defense Forces (13-3156445),CONTRIBUTION FOR UNRESTRICTED PURPOSE,https://projects.propublica.org/nonprofits/organizations/856395893/202443129349101129/IRS990PF,full return read (automated row extraction; not individually checked)
Swartz Shalom Charitable Foundation,85-6395893,2024,990-PF XV 3a paid,10000,Friends of the Israel Defense Forces (13-3156445),CONTRIBUTION FOR UNRESTRICTED PURPOSE,https://projects.propublica.org/nonprofits/organizations/856395893/202523219349103082/IRS990PF,full return read (automated row extraction; not individually checked)
Swartzberg Zoller Family Foundation,36-3864416,2023,990 Schedule I,8000,Friends of the Israel Defense Forces (13-3156445),GENERAL OPERATING SUPPORT,https://projects.propublica.org/nonprofits/organizations/363864416/202531199349300528/IRS990ScheduleI,full return read (automated row extraction; not individually checked)
Sydney D Holland Foundation,46-1237443,2024,990-PF XV 3a paid,5000,Friends of the Israel Defense Forces (13-3156445),TO CONTRIBUTE TO CHARTIABLE PURPOSES.,https://projects.propublica.org/nonprofits/organizations/461237443/202543219349107484/IRS990PF,full return read (automated row extraction; not individually checked)
Sylvia & Robert Scher Charitable Foundation,13-3972066,2013,990-PF XV 3a paid,3600,Friends of the Israel Defense Forces (13-3156445),UNRESTRICTED USE,https://projects.propublica.org/nonprofits/organizations/133972066/201530129349100408/IRS990PF,full return read (automated row extraction; not individually checked)
Sylvia & Robert Scher Charitable Foundation,13-3972066,2015,990-PF XV 3a paid,3600,Friends of the Israel Defense Forces (13-3156445),UNRESTRICTED USE,https://projects.propublica.org/nonprofits/organizations/133972066/201740469349100624/IRS990PF,full return read (automated row extraction; not individually checked)
Sylvia & Robert Scher Charitable Foundation,13-3972066,2016,990-PF XV 3a paid,3600,Friends of the Israel Defense Forces (13-3156445),UNRESTRICTED USE,https://projects.propublica.org/nonprofits/organizations/133972066/201840459349100004/IRS990PF,full return read (automated row extraction; not individually checked)
Sylvia & Robert Scher Charitable Foundation,13-3972066,2017,990-PF XV 3a paid,3600,Friends of the Israel Defense Forces (13-3156445),UNRESTRICTED USE,https://projects.propublica.org/nonprofits/organizations/133972066/201900399349100305/IRS990PF,full return read (automated row extraction; not individually checked)
Sylvia & Robert Scher Charitable Foundation,13-3972066,2018,990-PF XV 3a paid,3600,Friends of the Israel Defense Forces (13-3156445),UNRESTRICTED USE,https://projects.propublica.org/nonprofits/organizations/133972066/202030449349100228/IRS990PF,full return read (automated row extraction; not individually checked)
Sylvia & Robert Scher Charitable Foundation,13-3972066,2019,990-PF XV 3a paid,3600,Friends of the Israel Defense Forces (13-3156445),UNRESTRICTED USE,https://projects.propublica.org/nonprofits/organizations/133972066/202110289349100601/IRS990PF,full return read (automated row extraction; not individually checked)
Sylvia & Robert Scher Charitable Foundation,13-3972066,2020,990-PF XV 3a paid,3500,Friends of the Israel Defense Forces (13-3156445),UNRESTRICTED USE,https://projects.propublica.org/nonprofits/organizations/133972066/202230469349100523/IRS990PF,full return read (automated row extraction; not individually checked)
Sylvia & Robert Scher Charitable Foundation,13-3972066,2021,990-PF XV 3a paid,3600,Friends of the Israel Defense Forces (13-3156445),UNRESTRICTED USE,https://projects.propublica.org/nonprofits/organizations/133972066/202320469349101117/IRS990PF,full return read (automated row extraction; not individually checked)
Sylvia & Robert Scher Charitable Foundation,13-3972066,2022,990-PF XV 3a paid,2500,Friends of the Israel Defense Forces (13-3156445),UNRESTRICTED USE,https://projects.propublica.org/nonprofits/organizations/133972066/202400469349101235/IRS990PF,full return read (automated row extraction; not individually checked)
Sylvia & Robert Scher Charitable Foundation,13-3972066,2023,990-PF XV 3a paid,5000,Friends of the Israel Defense Forces (13-3156445),UNRESTRICTED USE,https://projects.propublica.org/nonprofits/organizations/133972066/202530489349100723/IRS990PF,full return read (automated row extraction; not individually checked)
Sylvia & Robert Scher Charitable Foundation,13-3972066,2024,990-PF XV 3a paid,5000,Friends of the Israel Defense Forces (13-3156445),UNRESTRICTED USE,https://projects.propublica.org/nonprofits/organizations/133972066/202630449349101003/IRS990PF,full return read (automated row extraction; not individually checked)
Synchrony Foundation,82-2935158,2021,990-PF XV 3a paid,5000,Friends of the Israel Defense Forces (13-3156445),EMPLOYER MATCHING GIFT PROGRAM,https://projects.propublica.org/nonprofits/organizations/822935158/202223199349104447/IRS990PF,full return read (automated row extraction; not individually checked)
Syncopation Foundation Tr,35-7158747,2021,990-PF XV 3a paid,15000,Friends of the Israel Defense Forces (13-3156445),GENERAL USE,https://projects.propublica.org/nonprofits/organizations/357158747/202213189349104726/IRS990PF,full return read (automated row extraction; not individually checked)
Syncopation Foundation Tr,35-7158747,2022,990-PF XV 3a paid,15000,Friends of the Israel Defense Forces (13-3156445),GENERAL USE,https://projects.propublica.org/nonprofits/organizations/357158747/202311359349102946/IRS990PF,full return read (automated row extraction; not individually checked)
T Rowe Price Program For Charitable Giving Inc,31-1709466,2021,990 Schedule I,49483,Friends of the Israel Defense Forces (13-3156445),MULTIPLE,https://projects.propublica.org/nonprofits/organizations/311709466/202202019349300005/IRS990ScheduleI,full return read (automated row extraction; not individually checked)
Tabak Family Foundation Inc,22-3480463,2017,990-PF XV 3a paid,500,Friends of the Israel Defense Forces (13-3156445),GENERAL SUPPORT,https://projects.propublica.org/nonprofits/organizations/223480463/201823189349101477/IRS990PF,full return read (automated row extraction; not individually checked)
Tabak Family Foundation Inc,22-3480463,2024,990-PF XV 3a paid,1000,Friends of the Israel Defense Forces (13-3156445),GENERAL SUPPORT,https://projects.propublica.org/nonprofits/organizations/223480463/202501349349101795/IRS990PF,full return read (automated row extraction; not individually checked)
Tampa-orlando-pinellas Jewish Foundation Inc,59-2053655,2015,990 Schedule I,5300,Friends of the Israel Defense Forces (13-3156445),,https://projects.propublica.org/nonprofits/organizations/592053655/201711359349303101/IRS990ScheduleI,full return read (automated row extraction; not individually checked)
Tampa-orlando-pinellas Jewish Foundation Inc,59-2053655,2016,990 Schedule I,6200,Friends of the Israel Defense Forces (13-3156445),,https://projects.propublica.org/nonprofits/organizations/592053655/201831349349306223/IRS990ScheduleI,full return read (automated row extraction; not individually checked)
Tampa-orlando-pinellas Jewish Foundation Inc,59-2053655,2018,990 Schedule I,7200,Friends of the Israel Defense Forces (13-3156445),GENERAL,https://projects.propublica.org/nonprofits/organizations/592053655/202000349349300915/IRS990ScheduleI,full return read (automated row extraction; not individually checked)
Tampa-orlando-pinellas Jewish Foundation Inc,59-2053655,2020,990 Schedule I,11000,Friends of the Israel Defense Forces (13-3156445),GENERAL,https://projects.propublica.org/nonprofits/organizations/592053655/202211369349305056/IRS990ScheduleI,full return read (automated row extraction; not individually checked)
Tampa-orlando-pinellas Jewish Foundation Inc,59-2053655,2023,990 Schedule I,34840,Friends of the Israel Defense Forces (13-3156445),GENERAL SUPPORT,https://projects.propublica.org/nonprofits/organizations/592053655/202501149349300310/IRS990ScheduleI,full return read (automated row extraction; not individually checked)
Tampa-orlando-pinellas Jewish Foundation Inc,59-2053655,2023,990 Schedule I,16160,Friends of the Israel Defense Forces (13-3156445),GENERAL SUPPORT,https://projects.propublica.org/nonprofits/organizations/592053655/202501149349300310/IRS990ScheduleI,full return read (automated row extraction; not individually checked)
Tampa-orlando-pinellas Jewish Foundation Inc,59-2053655,2024,990 Schedule I,26591,Friends of the Israel Defense Forces (13-3156445),GENERAL SUPPORT,https://projects.propublica.org/nonprofits/organizations/592053655/202641339349300729/IRS990ScheduleI,full return read (automated row extraction; not individually checked)
Tanger Family Foundation,26-3003330,2023,990-PF XV 3a paid,36000,Friends of the Israel Defense Forces (13-3156445),OTHER PUBLIC CHARITY SUPPORT OF GENERAL OPERATIONS,https://projects.propublica.org/nonprofits/organizations/263003330/202411309349102666/IRS990PF,full return read (automated row extraction; not individually checked)
Targum Shlishi Inc Aryeh & Raquel Rubin Foundation,13-3639555,2023,990-PF XV 3a paid,5000,Friends of the Israel Defense Forces (13-3156445),UNRESTRICTED,https://projects.propublica.org/nonprofits/organizations/133639555/202403589349100400/IRS990PF,full return read (automated row extraction; not individually checked)
Taub Family Foundation Inc,65-1052540,2023,990-PF XV 3a paid,10000,Friends of the Israel Defense Forces (13-3156445),GENERAL SUPPORT,https://projects.propublica.org/nonprofits/organizations/651052540/202442559349100334/IRS990PF,full return read (automated row extraction; not individually checked)
Taube Foundation For Jewish Life And Culture,94-3244838,2020,990 Schedule I,18000,Friends of the Israel Defense Forces (13-3156445),CASH VALUE DIGNITY PROGRAM,https://projects.propublica.org/nonprofits/organizations/943244838/202211369349306526/IRS990ScheduleI,full return read (automated row extraction; not individually checked)
Taube Foundation For Jewish Life And Culture,94-3244838,2021,990 Schedule I,50000,Friends of the Israel Defense Forces (13-3156445),CASH VALUE EVENT SPONSORSHIP,https://projects.propublica.org/nonprofits/organizations/943244838/202311889349300121/IRS990ScheduleI,full return read (automated row extraction; not individually checked)
Taube Foundation For Jewish Life And Culture,94-3244838,2022,990 Schedule I,25000,Friends of the Israel Defense Forces (13-3156445),CASH VALUE EVENT SPONSORSHIP,https://projects.propublica.org/nonprofits/organizations/943244838/202421369349316862/IRS990ScheduleI,full return read (automated row extraction; not individually checked)
Texas Instruments Foundation,75-6038519,2023,990-PF XV 3a paid,4200,Friends of the Israel Defense Forces (13-3156445),"DONATIONS TO COLLEGES, UNIVERSITIES AND OTHER ORGANIZATIONS UNDER ""MATCHING GIFTS PROGRAM.""",https://projects.propublica.org/nonprofits/organizations/756038519/202412569349100701/IRS990PF,full return read (automated row extraction; not individually checked)
The Adela And Lawrence Elow Foundation C/o Lawrence Elow,13-3365078,2018,990-PF XV 3a paid,1000,Friends of the Israel Defense Forces (13-3156445),GENERAL CONTRIBUTION,https://projects.propublica.org/nonprofits/organizations/133365078/202030069349100253/IRS990PF,full return read (automated row extraction; not individually checked)
The Adela And Lawrence Elow Foundation C/o Lawrence Elow,13-3365078,2019,990-PF XV 3a paid,1000,Friends of the Israel Defense Forces (13-3156445),GENERAL CONTRIBUTION,https://projects.propublica.org/nonprofits/organizations/133365078/202130359349100413/IRS990PF,full return read (automated row extraction; not individually checked)
The Adela And Lawrence Elow Foundation C/o Lawrence Elow,13-3365078,2020,990-PF XV 3a paid,1000,Friends of the Israel Defense Forces (13-3156445),GENERAL CONTRIBUTION,https://projects.propublica.org/nonprofits/organizations/133365078/202220539349100707/IRS990PF,full return read (automated row extraction; not individually checked)
The Adela And Lawrence Elow Foundation C/o Lawrence Elow,13-3365078,2021,990-PF XV 3a paid,5000,Friends of the Israel Defense Forces (13-3156445),GENERAL CONTRIBUTION,https://projects.propublica.org/nonprofits/organizations/133365078/202300129349101205/IRS990PF,full return read (automated row extraction; not individually checked)
The Alan And Jill Miller Foundation,23-2899896,2024,990-PF XV 3a paid,1000,Friends of the Israel Defense Forces (13-3156445),TO HELP FUND THE RECIPIENT'S OPERATING BUDGET,https://projects.propublica.org/nonprofits/organizations/232899896/202511539349100806/IRS990PF,full return read (automated row extraction; not individually checked)
The Alan And Jill Miller Foundation,23-2899896,2025,990-PF XV 3a paid,4500,Friends of the Israel Defense Forces (13-3156445),TO HELP FUND THE RECIPIENT'S OPERATING BUDGET,https://projects.propublica.org/nonprofits/organizations/232899896/202641629349100819/IRS990PF,full return read (automated row extraction; not individually checked)
The Albert B & Audrey G Ratner Family Foundation,23-7218805,2012,990-PF XV 3a paid,200,Friends of the Israel Defense Forces (13-3156445),509a1 The Lone Soldier Program,https://projects.propublica.org/nonprofits/organizations/237218805/201303409349100400/IRS990PF,full return read (automated row extraction; not individually checked)
The Albert B & Audrey G Ratner Family Foundation,23-7218805,2013,990-PF XV 3a paid,2000,Friends of the Israel Defense Forces (13-3156445),General & Unrestricted,https://projects.propublica.org/nonprofits/organizations/237218805/201530359349100603/IRS990PF,full return read (automated row extraction; not individually checked)
The Andrew And Jami Fireman Family Foundation,04-6774656,2017,990-PF XV 3a paid,8000,Friends of the Israel Defense Forces (13-3156445),Charitable,https://projects.propublica.org/nonprofits/organizations/46774656/201803179349100600/IRS990PF,full return read (automated row extraction; not individually checked)
The Annenberg Foundation,23-6257083,2019,990-PF XV 3a paid,333334,Friends of the Israel Defense Forces (13-3156445),General Operating Support,https://projects.propublica.org/nonprofits/organizations/236257083/202023189349103637/IRS990PF,full return read (row individually checked)
The Annenberg Foundation,23-6257083,2019,990-PF XV 3b approved future,666666,Friends of the Israel Defense Forces (13-3156445),General Operating Support,https://projects.propublica.org/nonprofits/organizations/236257083/202023189349103637/IRS990PF,full return read (row individually checked)
The Annenberg Foundation,23-6257083,2021,990-PF XV 3a paid,333333,Friends of the Israel Defense Forces (13-3156445),General Operating Support,https://projects.propublica.org/nonprofits/organizations/236257083/202243199349107919/IRS990PF,full return read (row individually checked)
The Armour Family Foundation,51-0257055,2023,990-PF XV 3a paid,330,Friends of the Israel Defense Forces (13-3156445),UNRESTRICTED DONATION,https://projects.propublica.org/nonprofits/organizations/510257055/202500499349100210/IRS990PF,full return read (automated row extraction; not individually checked)
The Azeez Foundation,23-2967146,2023,990-PF XV 3a paid,50,Friends of the Israel Defense Forces (13-3156445),GENERAL FUND CONTRIBUTION FOR ENTITY'S CHARITABLE PURPOSE,https://projects.propublica.org/nonprofits/organizations/232967146/202443179349100219/IRS990PF,full return read (automated row extraction; not individually checked)
The Bernard And Audrey Jaffe Foundation,91-1409921,2012,990-PF XV 3a paid,4000,Friends of the Israel Defense Forces (13-3156445),UNRESTRICTED,https://projects.propublica.org/nonprofits/organizations/911409921/201302149349100305/IRS990PF,full return read (automated row extraction; not individually checked)
The Bernard And Audrey Jaffe Foundation,91-1409921,2013,990-PF XV 3a paid,2500,Friends of the Israel Defense Forces (13-3156445),UNRESTRICTED,https://projects.propublica.org/nonprofits/organizations/911409921/201412189349100011/IRS990PF,full return read (automated row extraction; not individually checked)
The Bernard And Audrey Jaffe Foundation,91-1409921,2015,990-PF XV 3a paid,1250,Friends of the Israel Defense Forces (13-3156445),UNRESTRICTED,https://projects.propublica.org/nonprofits/organizations/911409921/201602229349100420/IRS990PF,full return read (automated row extraction; not individually checked)
The Bill Bass Foundation,61-6314816,2023,990-PF XV 3a paid,40000,Friends of the Israel Defense Forces (13-3156445),GENERAL PURPOSE,https://projects.propublica.org/nonprofits/organizations/616314816/202403099349101305/IRS990PF,full return read (automated row extraction; not individually checked)
The Bill Bass Foundation,61-6314816,2024,990-PF XV 3a paid,2500,Friends of the Israel Defense Forces (13-3156445),GENERAL FUNDS,https://projects.propublica.org/nonprofits/organizations/616314816/202513219349101771/IRS990PF,full return read (automated row extraction; not individually checked)
The Blackbaud Giving Fund,46-0942102,2022,990 Schedule I,38709,Friends of the Israel Defense Forces (13-3156445),GENERAL SUPPORT,https://projects.propublica.org/nonprofits/organizations/460942102/202312409349300046/IRS990ScheduleI,full return read (automated row extraction; not individually checked)
The Chase Family Foundation,22-2743634,2023,990-PF XV 3a paid,10000,Friends of the Israel Defense Forces (13-3156445),CHARITABLE,https://projects.propublica.org/nonprofits/organizations/222743634/202411439349101511/IRS990PF,full return read (automated row extraction; not individually checked)
The Chicago Community Trust,36-2167000,2018,990 Schedule I,13500,Friends of the Israel Defense Forces (13-3156445),GENERAL OPERATING SUPPORT,https://projects.propublica.org/nonprofits/organizations/362167000/202022199349300707/IRS990ScheduleI,full return read (automated row extraction; not individually checked)
The Chicago Community Trust,36-2167000,2020,990 Schedule I,21934,Friends of the Israel Defense Forces (13-3156445),"TO SUPPORT YOUNG LEADERSHIP DIVISION, CIRCLE OF SERVICE FOUNDATION, IMPACT SCHOLARSHIPS, MIDWEST REGION, AND GENERAL OPERATING SUPPORT",https://projects.propublica.org/nonprofits/organizations/362167000/202222249349300837/IRS990ScheduleI,full return read (automated row extraction; not individually checked)
The Chicago Community Trust,36-2167000,2021,990 Schedule I,18034,Friends of the Israel Defense Forces (13-3156445),"General operating support, Impact Grant Support. Support for the work of the Chicago-based Junior Board (eligible for a $10,000 match from C",https://projects.propublica.org/nonprofits/organizations/362167000/202432279349301703/IRS990ScheduleI,full return read (automated row extraction; not individually checked)
The Clarion Capital Charitable Foundation,85-3976756,2023,990-PF XV 3a paid,1800,Friends of the Israel Defense Forces (13-3156445),For Israel,https://projects.propublica.org/nonprofits/organizations/853976756/202443199349100904/IRS990PF,full return read (automated row extraction; not individually checked)
The Clarion Capital Charitable Foundation,85-3976756,2023,990-PF XV 3a paid,252,Friends of the Israel Defense Forces (13-3156445),General & Unrestricted,https://projects.propublica.org/nonprofits/organizations/853976756/202443199349100904/IRS990PF,full return read (automated row extraction; not individually checked)
The Clarion Capital Charitable Foundation,85-3976756,2024,990-PF XV 3a paid,1000,Friends of the Israel Defense Forces (13-3156445),General & Unrestricted,https://projects.propublica.org/nonprofits/organizations/853976756/202511259349100326/IRS990PF,full return read (automated row extraction; not individually checked)
The Clarion Capital Charitable Foundation,85-3976756,2025,990-PF XV 3a paid,3600,Friends of the Israel Defense Forces (13-3156445),General & Unrestricted,https://projects.propublica.org/nonprofits/organizations/853976756/202631149349100623/IRS990PF,full return read (automated row extraction; not individually checked)
The Coville-triest Family Foundation,38-2702725,2024,990-PF XV 3a paid,500,Friends of the Israel Defense Forces (13-3156445),UNRESTRICTED,https://projects.propublica.org/nonprofits/organizations/382702725/202523199349100342/IRS990PF,full return read (automated row extraction; not individually checked)
The Craig And Flori Roberts Family Foundation Inc,65-0402203,2023,990-PF XV 3a paid,2500,Friends of the Israel Defense Forces (13-3156445),GENERAL SUPPORT,https://projects.propublica.org/nonprofits/organizations/650402203/202433139349101358/IRS990PF,full return read (automated row extraction; not individually checked)
The Crystal Family Foundation,84-1288402,2021,990-PF XV 3a paid,25000,Friends of the Israel Defense Forces (13-3156445),GENERAL,https://projects.propublica.org/nonprofits/organizations/841288402/202201399349100235/IRS990PF,full return read (automated row extraction; not individually checked)
The Crystal Family Foundation,84-1288402,2022,990-PF XV 3a paid,25000,Friends of the Israel Defense Forces (13-3156445),GENERAL,https://projects.propublica.org/nonprofits/organizations/841288402/202302269349100730/IRS990PF,full return read (automated row extraction; not individually checked)
The Crystal Family Foundation,84-1288402,2023,990-PF XV 3a paid,50000,Friends of the Israel Defense Forces (13-3156445),GENERAL PURPOSE,https://projects.propublica.org/nonprofits/organizations/841288402/202431319349102303/IRS990PF,full return read (automated row extraction; not individually checked)
The Daniel E And Joyce G Straus Family Foundation,13-3913231,2019,990-PF XV 3a paid,2800,Friends of the Israel Defense Forces (13-3156445),UNRESTRICTED,https://projects.propublica.org/nonprofits/organizations/133913231/202122289349101127/IRS990PF,full return read (automated row extraction; not individually checked)
The David & Elaine Lozier Foundation,82-3663203,2024,990-PF XV 3a paid,50000,Friends of the Israel Defense Forces (13-3156445),"SUPPORTING AND CARING FOR THE HEALTH, WELL-BEING, AND EDUCATION OF THE ISRAELI DEFENSE FORCES AS THEY PROTECT THE STATE OF ISRAEL, DEMOCRACY",https://projects.propublica.org/nonprofits/organizations/823663203/202511679349100001/IRS990PF,full return read (automated row extraction; not individually checked)
The David Franklin Chazen Foundation,91-2170993,2023,990-PF XV 3a paid,218,Friends of the Israel Defense Forces (13-3156445),GENERAL SUPPORT,https://projects.propublica.org/nonprofits/organizations/912170993/202412999349100801/IRS990PF,full return read (automated row extraction; not individually checked)
The David Geffen Foundation,95-4085811,2018,990-PF XV 3a paid,20000,Friends of the Israel Defense Forces (13-3156445),GENERAL SUPPORT,https://projects.propublica.org/nonprofits/organizations/954085811/201923199349105342/IRS990PF,full return read (automated row extraction; not individually checked)
The David Geffen Foundation,95-4085811,2021,990-PF XV 3a paid,100000,Friends of the Israel Defense Forces (13-3156445),GENERAL SUPPORT,https://projects.propublica.org/nonprofits/organizations/954085811/202243149349102894/IRS990PF,full return read (automated row extraction; not individually checked)
The David Geffen Foundation,95-4085811,2023,990-PF XV 3a paid,250000,Friends of the Israel Defense Forces (13-3156445),GENERAL SUPPORT,https://projects.propublica.org/nonprofits/organizations/954085811/202403139349100235/IRS990PF,full return read (automated row extraction; not individually checked)
The Day Charitable Trust,04-6933631,2017,990-PF XV 3a paid,4000,Friends of the Israel Defense Forces (13-3156445),GENERAL SUPPORT,https://projects.propublica.org/nonprofits/organizations/46933631/201821309349101937/IRS990PF,full return read (automated row extraction; not individually checked)
The Diane & Guilford Glazer Foundat Co James L Krasne Apc,95-4657165,2016,990-PF XV 3a paid,50000,Friends of the Israel Defense Forces (13-3156445),Support,https://projects.propublica.org/nonprofits/organizations/954657165/201740549349100509/IRS990PF,full return read (automated row extraction; not individually checked)
The Diane & Guilford Glazer Foundat Co James L Krasne Apc,95-4657165,2017,990-PF XV 3a paid,50000,Friends of the Israel Defense Forces (13-3156445),Support,https://projects.propublica.org/nonprofits/organizations/954657165/201843109349101014/IRS990PF,full return read (automated row extraction; not individually checked)
The Eddie And Jo Allison Smith Family Foundation Inc,56-1844198,2024,990-PF XV 3a paid,10000,Friends of the Israel Defense Forces (13-3156445),GENERAL SUPPORT,https://projects.propublica.org/nonprofits/organizations/561844198/202513219349104731/IRS990PF,full return read (automated row extraction; not individually checked)
The Edward And Florence Paley Foundation,51-0196679,2025,990-PF XV 3a paid,1000,Friends of the Israel Defense Forces (13-3156445),THE PURPOSE OF THE DONATION IS TO AID THE DONEE ORGANIZATION IN FULFILLING ITS EXEMPT PURPOSE,https://projects.propublica.org/nonprofits/organizations/510196679/202632369349100358/IRS990PF,full return read (automated row extraction; not individually checked)
The Eig Family Foundation Inc,13-3384957,2023,990-PF XV 3a paid,5000,Friends of the Israel Defense Forces (13-3156445),GENERAL SUPPORT,https://projects.propublica.org/nonprofits/organizations/133384957/202510429349100001/IRS990PF,full return read (automated row extraction; not individually checked)
The Gary E Snyder Foundation Inc,06-1763582,2021,990-PF XV 3a paid,150,Friends of the Israel Defense Forces (13-3156445),GENERAL SUPPORT,https://projects.propublica.org/nonprofits/organizations/61763582/202223199349102467/IRS990PF,full return read (automated row extraction; not individually checked)
The Gelman-shkury Family Foundation,47-4755216,2022,990-PF XV 3a paid,1400,Friends of the Israel Defense Forces (13-3156445),Women's Brigade program,https://projects.propublica.org/nonprofits/organizations/474755216/202301019349102900/IRS990PF,full return read (automated row extraction; not individually checked)
The Goldrich Family Foundation C/o Jona Goldrich,95-4155986,2014,990-PF XV 3a paid,1000,Friends of the Israel Defense Forces (13-3156445),SUPPORT OF ORGANIZATION MISSION,https://projects.propublica.org/nonprofits/organizations/954155986/201513169349101726/IRS990PF,full return read (automated row extraction; not individually checked)
The Goldrich Family Foundation C/o Jona Goldrich,95-4155986,2015,990-PF XV 3a paid,8000,Friends of the Israel Defense Forces (13-3156445),SUPPORT OF ORGANIZATION MISSION,https://projects.propublica.org/nonprofits/organizations/954155986/201623199349101822/IRS990PF,full return read (automated row extraction; not individually checked)
The Goldrich Family Foundation C/o Jona Goldrich,95-4155986,2016,990-PF XV 3a paid,4000,Friends of the Israel Defense Forces (13-3156445),SUPPORT OF ORGANIZATION MISSION,https://projects.propublica.org/nonprofits/organizations/954155986/201743199349102974/IRS990PF,full return read (automated row extraction; not individually checked)
The Goldrich Family Foundation C/o Jona Goldrich,95-4155986,2022,990-PF XV 3a paid,25180,Friends of the Israel Defense Forces (13-3156445),SUPPORT OF ORGANIZATION MISSION,https://projects.propublica.org/nonprofits/organizations/954155986/202303189349106565/IRS990PF,full return read (automated row extraction; not individually checked)
The Goldrich Family Foundation C/o Jona Goldrich,95-4155986,2023,990-PF XV 3a paid,28919,Friends of the Israel Defense Forces (13-3156445),SUPPORT OF ORGANIZATION MISSION,https://projects.propublica.org/nonprofits/organizations/954155986/202433179349103418/IRS990PF,full return read (automated row extraction; not individually checked)
The Goldrich Family Foundation C/o Jona Goldrich,95-4155986,2024,990-PF XV 3a paid,1476,Friends of the Israel Defense Forces (13-3156445),"TO PROVIDE CRITICAL SUPPORT FOR THE HEALTH, WELL-BEING, AND EDUCATION OF ISRAEL'S PROTECTORS",https://projects.propublica.org/nonprofits/organizations/954155986/202503089349101615/IRS990PF,full return read (automated row extraction; not individually checked)
The Gordon Foundation,47-2588480,2016,990-PF XV 3a paid,680,Friends of the Israel Defense Forces (13-3156445),TAX EXEMPT CONTRIBUTION,https://projects.propublica.org/nonprofits/organizations/472588480/201723199349105087/IRS990PF,full return read (automated row extraction; not individually checked)
The Gottlieb Charitable Trust,22-6617209,2016,990-PF XV 3a paid,360,Friends of the Israel Defense Forces (13-3156445),CHARITABLE,https://projects.propublica.org/nonprofits/organizations/226617209/201721259349100807/IRS990PF,full return read (automated row extraction; not individually checked)
The Gottlieb Charitable Trust,22-6617209,2017,990-PF XV 3a paid,180,Friends of the Israel Defense Forces (13-3156445),CHARITABLE,https://projects.propublica.org/nonprofits/organizations/226617209/201801289349101260/IRS990PF,full return read (automated row extraction; not individually checked)
The Grossinger Foundation,36-6108185,2013,990-PF XV 3a paid,4000,Friends of the Israel Defense Forces (13-3156445),GENERAL OPERATING SUPPORT,https://projects.propublica.org/nonprofits/organizations/366108185/201520729349100007/IRS990PF,full return read (automated row extraction; not individually checked)
The Grossinger Foundation,36-6108185,2014,990-PF XV 3a paid,4000,Friends of the Israel Defense Forces (13-3156445),GENERAL OPERATING SUPPORT,https://projects.propublica.org/nonprofits/organizations/366108185/201612099349100706/IRS990PF,full return read (automated row extraction; not individually checked)
The Grossinger Foundation,36-6108185,2015,990-PF XV 3a paid,5000,Friends of the Israel Defense Forces (13-3156445),GENERAL OPERATING SUPPORT,https://projects.propublica.org/nonprofits/organizations/366108185/201741579349100514/IRS990PF,full return read (automated row extraction; not individually checked)
The Grossinger Foundation,36-6108185,2024,990-PF XV 3a paid,5000,Friends of the Israel Defense Forces (13-3156445),TO FURTHER THE EXEMPT PURPOSE OF THE ORGANIZATION,https://projects.propublica.org/nonprofits/organizations/366108185/202600449349100335/IRS990PF,full return read (automated row extraction; not individually checked)
The Harry & Jeanette Weinberg Foundation Inc,52-6037034,2013,990-PF XV 3a paid,300000,Friends of the Israel Defense Forces (13-3156445),,https://projects.propublica.org/nonprofits/organizations/526037034/201423159349100207/IRS990PF,full return read (automated row extraction; not individually checked)
The Helen Diller Family Foundation,31-1655715,2015,990 Schedule I,50000,Friends of the Israel Defense Forces (13-3156445),GENERAL SUPPORT,https://projects.propublica.org/nonprofits/organizations/311655715/201720469349302627/IRS990ScheduleI,full return read (automated row extraction; not individually checked)
The Helen Diller Family Foundation,31-1655715,2016,990 Schedule I,150000,Friends of the Israel Defense Forces (13-3156445),THE LONE SOLDIERS PROGRAM,https://projects.propublica.org/nonprofits/organizations/311655715/201831239349301478/IRS990ScheduleI,full return read (automated row extraction; not individually checked)
The Helen Diller Family Foundation,31-1655715,2017,990 Schedule I,150000,Friends of the Israel Defense Forces (13-3156445),THE LONE SOLDIERS PROGRAM,https://projects.propublica.org/nonprofits/organizations/311655715/201911339349303011/IRS990ScheduleI,full return read (automated row extraction; not individually checked)
The Helene K Miller Family Foundation Inc,52-1954977,2022,990-PF XV 3a paid,1800,Friends of the Israel Defense Forces (13-3156445),All Contributions used for Charity's exempt purposes,https://projects.propublica.org/nonprofits/organizations/521954977/202343179349101054/IRS990PF,full return read (automated row extraction; not individually checked)
The Hermine And Julius H Gewirtz Foundation Inc,13-2702140,2019,990-PF XV 3a paid,180,Friends of the Israel Defense Forces (13-3156445),GENERAL PURPOSE,https://projects.propublica.org/nonprofits/organizations/132702140/202003109349100710/IRS990PF,full return read (automated row extraction; not individually checked)
The Hillside Foundation,20-2787879,2016,990-PF XV 3a paid,200000,Friends of the Israel Defense Forces (13-3156445),SUPPORT THE MISSION OF PROVIDING IMMEDIATE AID AND COMFORT TO ISRAEL DEFENSE FORCES,https://projects.propublica.org/nonprofits/organizations/202787879/201723109349100232/IRS990PF,full return read (automated row extraction; not individually checked)
The Hillside Foundation,20-2787879,2017,990-PF XV 3a paid,200000,Friends of the Israel Defense Forces (13-3156445),SUPPORT THE MISSION OF PROVIDING IMMEDIATE AID AND COMFORT TO ISRAEL DEFENSE FORCES,https://projects.propublica.org/nonprofits/organizations/202787879/201833189349100433/IRS990PF,full return read (automated row extraction; not individually checked)
The Hillside Foundation,20-2787879,2018,990-PF XV 3a paid,200000,Friends of the Israel Defense Forces (13-3156445),TO SUPPORT THE MISSION OF PROVIDING IMMEDIATE AID AND COMFORT TO ISRAEL DEFENSE FORCES,https://projects.propublica.org/nonprofits/organizations/202787879/201903179349102475/IRS990PF,full return read (automated row extraction; not individually checked)
The Hillside Foundation,20-2787879,2018,990-PF XV 3b approved future,200000,Friends of the Israel Defense Forces (13-3156445),SUPPORT THE MISSION OF PROVIDING IMMEDIATE AID AND COMFORT TO ISRAEL DEFENSE FORCES,https://projects.propublica.org/nonprofits/organizations/202787879/201903179349102475/IRS990PF,full return read (automated row extraction; not individually checked)
The Hillside Foundation,20-2787879,2019,990-PF XV 3a paid,200000,Friends of the Israel Defense Forces (13-3156445),TO SUPPORT THE MISSION OF PROVIDING IMMEDIATE AID AND COMFORT TO ISRAEL DEFENSE FORCES,https://projects.propublica.org/nonprofits/organizations/202787879/202033219349104553/IRS990PF,full return read (automated row extraction; not individually checked)
The Howard And Nikki Applebaum Foundation Trust,45-4160808,2023,990-PF XV 3a paid,5000,Friends of the Israel Defense Forces (13-3156445),SUPPORT STATE OF ISRAEL,https://projects.propublica.org/nonprofits/organizations/454160808/202413199349105316/IRS990PF,full return read (automated row extraction; not individually checked)
The Hss Foundation,36-3482113,2012,990-PF XV 3a paid,1000,Friends of the Israel Defense Forces (13-3156445),TO PROMOTE THE WELFARE OF THE CHARITABLE ORGANIZATION,https://projects.propublica.org/nonprofits/organizations/363482113/201430319349100008/IRS990PF,full return read (automated row extraction; not individually checked)
The Hss Foundation,36-3482113,2013,990-PF XV 3a paid,1100,Friends of the Israel Defense Forces (13-3156445),TO PROMOTE THE WELFARE OF THE CHARITABLE ORGANIZATION,https://projects.propublica.org/nonprofits/organizations/363482113/201500409349100505/IRS990PF,full return read (automated row extraction; not individually checked)
The Hss Foundation,36-3482113,2015,990-PF XV 3a paid,8000,Friends of the Israel Defense Forces (13-3156445),TO PROMOTE THE WELFARE OF THE CHARITABLE ORGANIZATION,https://projects.propublica.org/nonprofits/organizations/363482113/201730759349100303/IRS990PF,full return read (automated row extraction; not individually checked)
The Hss Foundation,36-3482113,2016,990-PF XV 3a paid,5000,Friends of the Israel Defense Forces (13-3156445),TO PROMOTE THE WELFARE OF THE CHARITABLE ORGANIZATION,https://projects.propublica.org/nonprofits/organizations/363482113/201830439349100513/IRS990PF,full return read (automated row extraction; not individually checked)
The Hss Foundation,36-3482113,2017,990-PF XV 3a paid,4000,Friends of the Israel Defense Forces (13-3156445),TO PROMOTE THE WELFARE OF THE CHARITABLE ORGANIZATION,https://projects.propublica.org/nonprofits/organizations/363482113/201900399349100300/IRS990PF,full return read (automated row extraction; not individually checked)
The Irving And Marjorie Cowan Family Foundation Inc,65-0665228,2024,990-PF XV 3a paid,10000,Friends of the Israel Defense Forces (13-3156445),SOCIAL WELFARE,https://projects.propublica.org/nonprofits/organizations/650665228/202520769349100922/IRS990PF,full return read (automated row extraction; not individually checked)
The Jack Gantz Charitable Foundation Inc,13-3352396,2020,990-PF XV 3a paid,4000,Friends of the Israel Defense Forces (13-3156445),UNRESTRICTED,https://projects.propublica.org/nonprofits/organizations/133352396/202212569349100731/IRS990PF,full return read (automated row extraction; not individually checked)
The Jewish Federation Of Greater Washington Inc,53-0212445,2014,990 Schedule I,8900,Friends of the Israel Defense Forces (13-3156445),Grants from DAF and Endowments,https://projects.propublica.org/nonprofits/organizations/530212445/201621309349301972/IRS990ScheduleI,full return read (automated row extraction; not individually checked)
The Jewish Federation Of Greater Washington Inc,53-0212445,2015,990 Schedule I,26920,Friends of the Israel Defense Forces (13-3156445),"SEE PART IV, TYPE A",https://projects.propublica.org/nonprofits/organizations/530212445/201741329349300824/IRS990ScheduleI,full return read (automated row extraction; not individually checked)
The Jewish Federation Of Sarasota-manatee Inc,59-1227747,2023,990 Schedule I,19150,Friends of the Israel Defense Forces (13-3156445),GENERAL,https://projects.propublica.org/nonprofits/organizations/591227747/202530659349300328/IRS990ScheduleI,full return read (automated row extraction; not individually checked)
The Joan And Leonard Engle Family Foundation,22-2751779,2023,990-PF XV 3a paid,1000,Friends of the Israel Defense Forces (13-3156445),CHARITABLE,https://projects.propublica.org/nonprofits/organizations/222751779/202431369349101408/IRS990PF,full return read (automated row extraction; not individually checked)
The Joel C And Bernice W Gordon Family Foundation,62-1306906,2023,990-PF XV 3a paid,2500,Friends of the Israel Defense Forces (13-3156445),TO FURTHER ONE OR MORE OF THE EXEMPT PURPOSES OF THE CHARITY,https://projects.propublica.org/nonprofits/organizations/621306906/202520369349100702/IRS990PF,full return read (automated row extraction; not individually checked)
The Joel C And Bernice W Gordon Family Foundation,62-1306906,2024,990-PF XV 3a paid,5000,Friends of the Israel Defense Forces (13-3156445),TO FURTHER ONE OR MORE OF THE EXEMPT PURPOSES OF THE CHARITY,https://projects.propublica.org/nonprofits/organizations/621306906/202532609349100613/IRS990PF,full return read (automated row extraction; not individually checked)
The Joseph & Sally Handleman Charitable Foundation Trust A,65-6263326,2023,990-PF XV 3a paid,12000,Friends of the Israel Defense Forces (13-3156445),SUPPORT,https://projects.propublica.org/nonprofits/organizations/656263326/202401749349100300/IRS990PF,full return read (automated row extraction; not individually checked)
The Joseph & Sally Handleman Charitable Foundation Trust A,65-6263326,2024,990-PF XV 3a paid,14400,Friends of the Israel Defense Forces (13-3156445),SUPPORT,https://projects.propublica.org/nonprofits/organizations/656263326/202521359349103207/IRS990PF,full return read (automated row extraction; not individually checked)
The Joseph & Sally Handleman Charitable Foundation Trust A,65-6263326,2025,990-PF XV 3a paid,15000,Friends of the Israel Defense Forces (13-3156445),SUPPORT,https://projects.propublica.org/nonprofits/organizations/656263326/202611339349104956/IRS990PF,full return read (automated row extraction; not individually checked)
The Judith And Marshall Meyer Foundation Inc,20-5786188,2023,990-PF XV 3a paid,100,Friends of the Israel Defense Forces (13-3156445),General & Unrestricted,https://projects.propublica.org/nonprofits/organizations/205786188/202500739349100900/IRS990PF,full return read (automated row extraction; not individually checked)
The K A Zankel Foundation,20-6667302,2023,990-PF XV 3a paid,25000,Friends of the Israel Defense Forces (13-3156445),GENERAL SUPPORT,https://projects.propublica.org/nonprofits/organizations/206667302/202443199349103639/IRS990PF,full return read (automated row extraction; not individually checked)
The Kenneth Leventhal Foundation,45-3195090,2018,990-PF XV 3a paid,20000,Friends of the Israel Defense Forces (13-3156445),CHARITABLE CONTRIBUTIONS,https://projects.propublica.org/nonprofits/organizations/453195090/201923179349102827/IRS990PF,full return read (automated row extraction; not individually checked)
The Kenneth Leventhal Foundation,45-3195090,2021,990-PF XV 3a paid,25000,Friends of the Israel Defense Forces (13-3156445),CHARITABLE CONTRIBUTIONS,https://projects.propublica.org/nonprofits/organizations/453195090/202203159349101710/IRS990PF,full return read (automated row extraction; not individually checked)
The Kenneth Leventhal Foundation,45-3195090,2023,990-PF XV 3a paid,100000,Friends of the Israel Defense Forces (13-3156445),CHARITABLE CONTRIBUTIONS,https://projects.propublica.org/nonprofits/organizations/453195090/202443069349100044/IRS990PF,full return read (automated row extraction; not individually checked)
The Kenneth Leventhal Foundation,45-3195090,2024,990-PF XV 3a paid,100000,Friends of the Israel Defense Forces (13-3156445),CHARITABLE CONTRIBUTIONS,https://projects.propublica.org/nonprofits/organizations/453195090/202531489349100613/IRS990PF,full return read (automated row extraction; not individually checked)
The Koffler Bornstein Family Foundation,05-0376269,2023,990-PF XV 3a paid,500,Friends of the Israel Defense Forces (13-3156445),TO PROVIDE FINANCIAL SUPPORT FOR THE MISSION OF THE ORGANIZATION.,https://projects.propublica.org/nonprofits/organizations/50376269/202423239349101117/IRS990PF,full return read (automated row extraction; not individually checked)
The Kourland Cooperman Foundation,23-7067927,2022,990-PF XV 3a paid,100,Friends of the Israel Defense Forces (13-3156445),CHARITABLE,https://projects.propublica.org/nonprofits/organizations/237067927/202313199349103641/IRS990PF,full return read (automated row extraction; not individually checked)
The Laurence And Carolyn Belfer Family Foundation,13-7208162,2020,990-PF XV 3a paid,2500,Friends of the Israel Defense Forces (13-3156445),GENERAL SUPPORT,https://projects.propublica.org/nonprofits/organizations/137208162/202101339349100915/IRS990PF,full return read (automated row extraction; not individually checked)
The Lautenberg Foundation,22-6102734,2024,990-PF XV 3a paid,1500,Friends of the Israel Defense Forces (13-3156445),GENERAL SUPPORT,https://projects.propublica.org/nonprofits/organizations/226102734/202513109349100606/IRS990PF,full return read (automated row extraction; not individually checked)
The Lawrence And Lillian Solomon Foundation Inc,20-2631943,2023,990-PF XV 3a paid,2500,Friends of the Israel Defense Forces (13-3156445),FULFILL CHARITABLE PURPOSE,https://projects.propublica.org/nonprofits/organizations/202631943/202413199349101246/IRS990PF,full return read (automated row extraction; not individually checked)
The Leon J Simkins Charitable Foundation,59-2757208,2023,990-PF XV 3a paid,96333,Friends of the Israel Defense Forces (13-3156445),CHARITABLE,https://projects.propublica.org/nonprofits/organizations/592757208/202501219349101160/IRS990PF,full return read (automated row extraction; not individually checked)
The Levine Family Charitable Trust,36-7664127,2020,990-PF XV 3a paid,1000,Friends of the Israel Defense Forces (13-3156445),UNRESTRICTED GRANT FOR DONEE'S EXEMPT PURPOSES,https://projects.propublica.org/nonprofits/organizations/367664127/202133199349108173/IRS990PF,full return read (automated row extraction; not individually checked)
The Levine Family Foundation,76-0489145,2024,990-PF XV 3a paid,25000,Friends of the Israel Defense Forces (13-3156445),OTHER PUBLIC CHARITY EDUCATION,https://projects.propublica.org/nonprofits/organizations/760489145/202543159349100819/IRS990PF,full return read (automated row extraction; not individually checked)
The Lewis Greenwood Foundation,77-0527064,2013,990-PF XV 3a paid,5000,Friends of the Israel Defense Forces (13-3156445),CHARITABLE,https://projects.propublica.org/nonprofits/organizations/770527064/201431359349101333/IRS990PF,full return read (automated row extraction; not individually checked)
The Lewis Greenwood Foundation,77-0527064,2014,990-PF XV 3a paid,5000,Friends of the Israel Defense Forces (13-3156445),CHARITABLE,https://projects.propublica.org/nonprofits/organizations/770527064/201531779349100708/IRS990PF,full return read (automated row extraction; not individually checked)
The Lewis Greenwood Foundation,77-0527064,2015,990-PF XV 3a paid,5000,Friends of the Israel Defense Forces (13-3156445),Charitable,https://projects.propublica.org/nonprofits/organizations/770527064/201621339349102662/IRS990PF,full return read (automated row extraction; not individually checked)
The Lewis Greenwood Foundation,77-0527064,2016,990-PF XV 3a paid,5000,Friends of the Israel Defense Forces (13-3156445),Charitable,https://projects.propublica.org/nonprofits/organizations/770527064/201743189349100999/IRS990PF,full return read (automated row extraction; not individually checked)
The Lewis Greenwood Foundation,77-0527064,2017,990-PF XV 3a paid,6000,Friends of the Israel Defense Forces (13-3156445),Charitable,https://projects.propublica.org/nonprofits/organizations/770527064/201831319349101553/IRS990PF,full return read (automated row extraction; not individually checked)
The Lynne And Howard Halpern Family Foundation Inc,58-2502288,2015,990-PF XV 3a paid,4000,Friends of the Israel Defense Forces (13-3156445),"TO OFFER EDUCATIONAL, CULTURAL, RECREATIONAL AND SOCIAL SERVICES PROGRAMS AND FACILITIES THAT PROVIDE HOPE, PURPOSE AND LIFE CHANGING SUPPOR",https://projects.propublica.org/nonprofits/organizations/582502288/201710909349100201/IRS990PF,full return read (automated row extraction; not individually checked)
The Lynne And Howard Halpern Family Foundation Inc,58-2502288,2017,990-PF XV 3a paid,4000,Friends of the Israel Defense Forces (13-3156445),"TO OFFER EDUCATIONAL, CULTURAL, RECREATIONAL, AND SOCIAL SERVICES PROGRAMS AND FACILITIES THAT PROVIDE HOPE, PURPOSE, AND LIFE CHANGING SUPP",https://projects.propublica.org/nonprofits/organizations/582502288/201931359349100988/IRS990PF,full return read (automated row extraction; not individually checked)
The Malmud-kravitz Foundation,26-6697115,2024,990-PF XV 3a paid,1000,Friends of the Israel Defense Forces (13-3156445),GENERAL,https://projects.propublica.org/nonprofits/organizations/266697115/202521299349102487/IRS990PF,full return read (automated row extraction; not individually checked)
The Margaret And Daniel Loeb Foundation,52-2251371,2021,990-PF XV 3a paid,40000,Friends of the Israel Defense Forces (13-3156445),EXEMPT CHARITABLE,https://projects.propublica.org/nonprofits/organizations/522251371/202213199349105881/IRS990PF,full return read (automated row extraction; not individually checked)
The Margaret And Daniel Loeb Foundation,52-2251371,2023,990-PF XV 3a paid,75000,Friends of the Israel Defense Forces (13-3156445),GENERAL OPERATING SUPPORT,https://projects.propublica.org/nonprofits/organizations/522251371/202523189349104382/IRS990PF,full return read (automated row extraction; not individually checked)
The Margaret And Daniel Loeb Foundation,52-2251371,2024,990-PF XV 3a paid,50000,Friends of the Israel Defense Forces (13-3156445),GENERAL OPERATING SUPPORT,https://projects.propublica.org/nonprofits/organizations/522251371/202523189349104127/IRS990PF,full return read (automated row extraction; not individually checked)
The Mark And Jane Wilf Family Foundation Inc,75-3224210,2020,990-PF XV 3a paid,250,Friends of the Israel Defense Forces (13-3156445),PROGRAM SUPPORT,https://projects.propublica.org/nonprofits/organizations/753224210/202113199349101686/IRS990PF,full return read (automated row extraction; not individually checked)
The Mark And Jane Wilf Family Foundation Inc,75-3224210,2023,990-PF XV 3a paid,860,Friends of the Israel Defense Forces (13-3156445),GENERAL OPERATING SUPPORT,https://projects.propublica.org/nonprofits/organizations/753224210/202412899349100026/IRS990PF,full return read (automated row extraction; not individually checked)
The Mark And Jane Wilf Family Foundation Inc,75-3224210,2024,990-PF XV 3a paid,1800,Friends of the Israel Defense Forces (13-3156445),GENERAL OPERATING SUPPORT,https://projects.propublica.org/nonprofits/organizations/753224210/202542099349100164/IRS990PF,full return read (automated row extraction; not individually checked)
The Mark And Jane Wilf Family Foundation Inc,75-3224210,2024,990-PF XV 3a paid,4700,Friends of the Israel Defense Forces (13-3156445),PROGRAM SUPPORT,https://projects.propublica.org/nonprofits/organizations/753224210/202542099349100164/IRS990PF,full return read (automated row extraction; not individually checked)
The Miami Foundation Inc,65-0350357,2016,990 Schedule I,10000,Friends of the Israel Defense Forces (13-3156445),PROGRAM SUPPORT,https://projects.propublica.org/nonprofits/organizations/650350357/201723129349300607/IRS990ScheduleI,full return read (automated row extraction; not individually checked)
The Miami Foundation Inc,65-0350357,2017,990 Schedule I,5000,Friends of the Israel Defense Forces (13-3156445),PROGRAM SUPPORT,https://projects.propublica.org/nonprofits/organizations/650350357/201803189349309770/IRS990ScheduleI,full return read (automated row extraction; not individually checked)
The Miller Family Foundation Inc,22-2732492,2023,990-PF XV 3a paid,850,Friends of the Israel Defense Forces (13-3156445),GENERAL CONTRIBUTION,https://projects.propublica.org/nonprofits/organizations/222732492/202441069349100629/IRS990PF,full return read (automated row extraction; not individually checked)
The Milton & Lillian Diener Foundation Inc,30-0354609,2013,990-PF XV 3a paid,5400,Friends of the Israel Defense Forces (13-3156445),Other Public Charity Charitable,https://projects.propublica.org/nonprofits/organizations/300354609/201513199349100201/IRS990PF,full return read (automated row extraction; not individually checked)
The Milton & Lillian Diener Foundation Inc,30-0354609,2021,990-PF XV 3a paid,5500,Friends of the Israel Defense Forces (13-3156445),OTHER PUBLIC CHARITABLE,https://projects.propublica.org/nonprofits/organizations/300354609/202233199349105638/IRS990PF,full return read (automated row extraction; not individually checked)
The Milton & Lillian Diener Foundation Inc,30-0354609,2022,990-PF XV 3a paid,14000,Friends of the Israel Defense Forces (13-3156445),OTHER PUBLIC CHARITABLE,https://projects.propublica.org/nonprofits/organizations/300354609/202303219349101105/IRS990PF,full return read (automated row extraction; not individually checked)
The Milton & Lillian Diener Foundation Inc,30-0354609,2023,990-PF XV 3a paid,31000,Friends of the Israel Defense Forces (13-3156445),OTHER PUBLIC CHARITABLE,https://projects.propublica.org/nonprofits/organizations/300354609/202442329349100809/IRS990PF,full return read (automated row extraction; not individually checked)
The Milton & Lillian Diener Foundation Inc,30-0354609,2024,990-PF XV 3a paid,20000,Friends of the Israel Defense Forces (13-3156445),OTHER PUBLIC CHARITABLE,https://projects.propublica.org/nonprofits/organizations/300354609/202543469349100009/IRS990PF,full return read (automated row extraction; not individually checked)
The Morris Family Foundation Inc,58-2396544,2021,990-PF XV 3a paid,5000,Friends of the Israel Defense Forces (13-3156445),SUPPORT THE CHARITABLE PURPOSE OF THE RECIPIENT ORGANIZATION,https://projects.propublica.org/nonprofits/organizations/582396544/202243139349100849/IRS990PF,full return read (automated row extraction; not individually checked)
The Morris Family Foundation Inc,58-2396544,2023,990-PF XV 3a paid,11000,Friends of the Israel Defense Forces (13-3156445),SUPPORT THE CHARITABLE PURPOSE OF THE RECIPIENT ORGANIZATION,https://projects.propublica.org/nonprofits/organizations/582396544/202443179349103064/IRS990PF,full return read (automated row extraction; not individually checked)
The Morris Family Foundation Inc,58-2396544,2024,990-PF XV 3a paid,8500,Friends of the Israel Defense Forces (13-3156445),SUPPORT THE CHARITABLE PURPOSE OF THE RECIPIENT ORGANIZATION,https://projects.propublica.org/nonprofits/organizations/582396544/202513169349102651/IRS990PF,full return read (automated row extraction; not individually checked)
The Morton And Dinah Danseyar Family Foundation Inc,06-1359689,2014,990-PF XV 3a paid,20000,Friends of the Israel Defense Forces (13-3156445),FUND MISSION OF THE ORGANIZATION,https://projects.propublica.org/nonprofits/organizations/61359689/201541359349100814/IRS990PF,full return read (automated row extraction; not individually checked)
The Morton And Dinah Danseyar Family Foundation Inc,06-1359689,2015,990-PF XV 3a paid,20600,Friends of the Israel Defense Forces (13-3156445),FUND MISSION OF THE ORGANIZATION,https://projects.propublica.org/nonprofits/organizations/61359689/201601309349101310/IRS990PF,full return read (automated row extraction; not individually checked)
The Morton And Dinah Danseyar Family Foundation Inc,06-1359689,2016,990-PF XV 3a paid,25000,Friends of the Israel Defense Forces (13-3156445),FUND MISSION OF THE ORGANIZATION,https://projects.propublica.org/nonprofits/organizations/61359689/201741319349100844/IRS990PF,full return read (automated row extraction; not individually checked)
The Morton And Dinah Danseyar Family Foundation Inc,06-1359689,2017,990-PF XV 3a paid,15000,Friends of the Israel Defense Forces (13-3156445),FUND MISSION OF THE ORGANIZATION,https://projects.propublica.org/nonprofits/organizations/61359689/201831309349100628/IRS990PF,full return read (automated row extraction; not individually checked)
The Nathaniel Foundation Inc,76-0453518,2020,990 Schedule I,10000,Friends of the Israel Defense Forces (13-3156445),GENERAL SUPPORT,https://projects.propublica.org/nonprofits/organizations/760453518/202123199349328442/IRS990ScheduleI,full return read (automated row extraction; not individually checked)
The Nathaniel Foundation Inc,76-0453518,2021,990 Schedule I,70000,Friends of the Israel Defense Forces (13-3156445),GENERAL SUPPORT,https://projects.propublica.org/nonprofits/organizations/760453518/202233159349306933/IRS990ScheduleI,full return read (automated row extraction; not individually checked)
The Pellerito Foundation,47-5254285,2023,990-PF XV 3a paid,1000,Friends of the Israel Defense Forces (13-3156445),General & Unrestricted,https://projects.propublica.org/nonprofits/organizations/475254285/202402919349101205/IRS990PF,full return read (automated row extraction; not individually checked)
The Peter Savitz Foundation,13-3748074,2020,990-PF XV 3a paid,10400,Friends of the Israel Defense Forces (13-3156445),GENERAL OPERATING SUPPORT,https://projects.propublica.org/nonprofits/organizations/133748074/202131769349100108/IRS990PF,full return read (automated row extraction; not individually checked)
The Philip E And Harriet J Klein,52-2046127,2013,990-PF XV 3a paid,5500,Friends of the Israel Defense Forces (13-3156445),GENERAL SUPPORT,https://projects.propublica.org/nonprofits/organizations/522046127/201403119349100225/IRS990PF,full return read (automated row extraction; not individually checked)
The Philip E And Harriet J Klein,52-2046127,2015,990-PF XV 3a paid,15000,Friends of the Israel Defense Forces (13-3156445),GENERAL SUPPORT,https://projects.propublica.org/nonprofits/organizations/522046127/201633099349100513/IRS990PF,full return read (automated row extraction; not individually checked)
The Philip E And Harriet J Klein,52-2046127,2016,990-PF XV 3a paid,5000,Friends of the Israel Defense Forces (13-3156445),GENERAL SUPPORT,https://projects.propublica.org/nonprofits/organizations/522046127/201703089349100300/IRS990PF,full return read (automated row extraction; not individually checked)
The Philip E And Harriet J Klein,52-2046127,2019,990-PF XV 3a paid,4000,Friends of the Israel Defense Forces (13-3156445),GENERAL SUPPORT,https://projects.propublica.org/nonprofits/organizations/522046127/202042909349100004/IRS990PF,full return read (automated row extraction; not individually checked)
The Philip E And Harriet J Klein,52-2046127,2020,990-PF XV 3a paid,4000,Friends of the Israel Defense Forces (13-3156445),GENERAL SUPPORT,https://projects.propublica.org/nonprofits/organizations/522046127/202132879349100043/IRS990PF,full return read (automated row extraction; not individually checked)
The Philip E And Harriet J Klein,52-2046127,2021,990-PF XV 3a paid,4000,Friends of the Israel Defense Forces (13-3156445),GENERAL SUPPORT,https://projects.propublica.org/nonprofits/organizations/522046127/202213089349100311/IRS990PF,full return read (automated row extraction; not individually checked)
The Philip E And Harriet J Klein,52-2046127,2022,990-PF XV 3a paid,20000,Friends of the Israel Defense Forces (13-3156445),GENERAL SUPPORT,https://projects.propublica.org/nonprofits/organizations/522046127/202303089349100005/IRS990PF,full return read (automated row extraction; not individually checked)
The Philip E And Harriet J Klein,52-2046127,2023,990-PF XV 3a paid,100000,Friends of the Israel Defense Forces (13-3156445),GENERAL SUPPORT,https://projects.propublica.org/nonprofits/organizations/522046127/202423079349100302/IRS990PF,full return read (automated row extraction; not individually checked)
The Philip E And Harriet J Klein,52-2046127,2024,990-PF XV 3a paid,40000,Friends of the Israel Defense Forces (13-3156445),GENERAL SUPPORT,https://projects.propublica.org/nonprofits/organizations/522046127/202502909349101115/IRS990PF,full return read (automated row extraction; not individually checked)
The Rabinowitz Charitable Foundation,56-2401504,2023,990-PF XV 3a paid,60000,Friends of the Israel Defense Forces (13-3156445),GENERAL SUPPORT,https://projects.propublica.org/nonprofits/organizations/562401504/202423199349102222/IRS990PF,full return read (automated row extraction; not individually checked)
The Rachesky Family Charitable Foundation Trust,22-6646337,2013,990-PF XV 3a paid,1100,Friends of the Israel Defense Forces (13-3156445),GENERAL CHARITABLE SUPPORT,https://projects.propublica.org/nonprofits/organizations/226646337/201402199349100710/IRS990PF,full return read (automated row extraction; not individually checked)
The Ratner Family Foundation,52-1099125,2013,990-PF XV 3a paid,19500,Friends of the Israel Defense Forces (13-3156445),CHARITABLE SUPPORT,https://projects.propublica.org/nonprofits/organizations/521099125/201422899349100202/IRS990PF,full return read (automated row extraction; not individually checked)
The Ratner Family Foundation,52-1099125,2014,990-PF XV 3a paid,27000,Friends of the Israel Defense Forces (13-3156445),CHARITABLE SUPPORT,https://projects.propublica.org/nonprofits/organizations/521099125/201503179349101745/IRS990PF,full return read (automated row extraction; not individually checked)
The Ratner Family Foundation,52-1099125,2015,990-PF XV 3a paid,15000,Friends of the Israel Defense Forces (13-3156445),Charitable Support,https://projects.propublica.org/nonprofits/organizations/521099125/201602249349100725/IRS990PF,full return read (automated row extraction; not individually checked)
The Ratner Family Foundation,52-1099125,2016,990-PF XV 3a paid,34000,Friends of the Israel Defense Forces (13-3156445),charitable support,https://projects.propublica.org/nonprofits/organizations/521099125/201701009349100855/IRS990PF,full return read (automated row extraction; not individually checked)
The Ratner Family Foundation,52-1099125,2017,990-PF XV 3a paid,5500,Friends of the Israel Defense Forces (13-3156445),CHARITABLE SUPPORT,https://projects.propublica.org/nonprofits/organizations/521099125/201812059349100101/IRS990PF,full return read (automated row extraction; not individually checked)
The Ratner Family Foundation,52-1099125,2019,990-PF XV 3a paid,1000,Friends of the Israel Defense Forces (13-3156445),CHARITABLE SUPPORT,https://projects.propublica.org/nonprofits/organizations/521099125/202043029349100214/IRS990PF,full return read (automated row extraction; not individually checked)
The Rhea S Schwartz And Paul Martin Wolff Foundation,52-1852485,2013,990-PF XV 3a paid,500,Friends of the Israel Defense Forces (13-3156445),OTHER PUBLIC CHARITY TO SUPPORT PROGRAM INITIATIVES,https://projects.propublica.org/nonprofits/organizations/521852485/201410799349100101/IRS990PF,full return read (automated row extraction; not individually checked)
The Rhea S Schwartz And Paul Martin Wolff Foundation,52-1852485,2014,990-PF XV 3a paid,500,Friends of the Israel Defense Forces (13-3156445),OTHER PUBLIC CHARITY TO SUPPORT PROGRAM INITIATIVES,https://projects.propublica.org/nonprofits/organizations/521852485/201512459349100706/IRS990PF,full return read (automated row extraction; not individually checked)
The Rhoda And David Chase Family Foundation Inc,06-1499922,2012,990-PF XV 3a paid,10180,Friends of the Israel Defense Forces (13-3156445),UNRESTRICTED PURPOSE,https://projects.propublica.org/nonprofits/organizations/61499922/201411359349100431/IRS990PF,full return read (automated row extraction; not individually checked)
The Rhoda And David Chase Family Foundation Inc,06-1499922,2013,990-PF XV 3a paid,10000,Friends of the Israel Defense Forces (13-3156445),UNRESTRICTED PURPOSE,https://projects.propublica.org/nonprofits/organizations/61499922/201512269349100446/IRS990PF,full return read (automated row extraction; not individually checked)
The Rhoda And David Chase Family Foundation Inc,06-1499922,2013,990-PF XV 3a paid,180,Friends of the Israel Defense Forces (13-3156445),UNRESTRICTED PURPOSE,https://projects.propublica.org/nonprofits/organizations/61499922/201512269349100446/IRS990PF,full return read (automated row extraction; not individually checked)
The Rhoda And David Chase Family Foundation Inc,06-1499922,2015,990-PF XV 3a paid,10000,Friends of the Israel Defense Forces (13-3156445),UNRESTRICTED PURPOSE,https://projects.propublica.org/nonprofits/organizations/61499922/201741359349104419/IRS990PF,full return read (automated row extraction; not individually checked)
The Rhoda And David Chase Family Foundation Inc,06-1499922,2016,990-PF XV 3a paid,10000,Friends of the Israel Defense Forces (13-3156445),UNRESTRICTED PURPOSE,https://projects.propublica.org/nonprofits/organizations/61499922/201812269349100311/IRS990PF,full return read (automated row extraction; not individually checked)
The Rhoda And David Chase Family Foundation Inc,06-1499922,2017,990-PF XV 3a paid,10000,Friends of the Israel Defense Forces (13-3156445),UNRESTRICTED PURPOSE,https://projects.propublica.org/nonprofits/organizations/61499922/201900459349100860/IRS990PF,full return read (automated row extraction; not individually checked)
The Rhoda And David Chase Family Foundation Inc,06-1499922,2018,990-PF XV 3a paid,10000,Friends of the Israel Defense Forces (13-3156445),2018 FIDF CONNECTICUT DINNER,https://projects.propublica.org/nonprofits/organizations/61499922/202012309349100531/IRS990PF,full return read (automated row extraction; not individually checked)
The Rhoda And David Chase Family Foundation Inc,06-1499922,2019,990-PF XV 3a paid,10000,Friends of the Israel Defense Forces (13-3156445),CAPITAL PROJECTS CAMPAIGN,https://projects.propublica.org/nonprofits/organizations/61499922/202112289349100236/IRS990PF,full return read (automated row extraction; not individually checked)
The Rhoda And David Chase Family Foundation Inc,06-1499922,2020,990-PF XV 3a paid,10000,Friends of the Israel Defense Forces (13-3156445),UNRESTRICTED PURPOSE,https://projects.propublica.org/nonprofits/organizations/61499922/202222279349101012/IRS990PF,full return read (automated row extraction; not individually checked)
The Rhoda And David Chase Family Foundation Inc,06-1499922,2021,990-PF XV 3a paid,10000,Friends of the Israel Defense Forces (13-3156445),UNRESTRICTED PURPOSE,https://projects.propublica.org/nonprofits/organizations/61499922/202342279349101064/IRS990PF,full return read (automated row extraction; not individually checked)
The Rhoda And David Chase Family Foundation Inc,06-1499922,2022,990-PF XV 3a paid,10000,Friends of the Israel Defense Forces (13-3156445),UNRESTRICTED PURPOSE,https://projects.propublica.org/nonprofits/organizations/61499922/202432289349100028/IRS990PF,full return read (automated row extraction; not individually checked)
The Rhoda And David Chase Family Foundation Inc,06-1499922,2023,990-PF XV 3a paid,10000,Friends of the Israel Defense Forces (13-3156445),UNRESTRICTED PURPOSE,https://projects.propublica.org/nonprofits/organizations/61499922/202522279349101002/IRS990PF,full return read (automated row extraction; not individually checked)
The Rhoda And David Chase Family Foundation Inc,06-1499922,2024,990-PF XV 3a paid,10000,Friends of the Israel Defense Forces (13-3156445),UNRESTRICTED PURPOSE,https://projects.propublica.org/nonprofits/organizations/61499922/202602309349100710/IRS990PF,full return read (automated row extraction; not individually checked)
The Ronda And Ron Ferber Foundation,38-3557521,2013,990-PF XV 3a paid,79000,Friends of the Israel Defense Forces (13-3156445),PROGRAM,https://projects.propublica.org/nonprofits/organizations/383557521/201443219349103304/IRS990PF,full return read (automated row extraction; not individually checked)
The Ronda And Ron Ferber Foundation,38-3557521,2014,990-PF XV 3a paid,29000,Friends of the Israel Defense Forces (13-3156445),PROGRAM,https://projects.propublica.org/nonprofits/organizations/383557521/201543109349100219/IRS990PF,full return read (automated row extraction; not individually checked)
The Ronda And Ron Ferber Foundation,38-3557521,2016,990-PF XV 3a paid,2500,Friends of the Israel Defense Forces (13-3156445),PROGRAM,https://projects.propublica.org/nonprofits/organizations/383557521/201743189349103019/IRS990PF,full return read (automated row extraction; not individually checked)
The Rosenfield Family Foundation,20-5129631,2021,990-PF XV 3a paid,1000,Friends of the Israel Defense Forces (13-3156445),TO SUPPORT OPERATIONAL AND PROGRAM EXPENSES.,https://projects.propublica.org/nonprofits/organizations/205129631/202203199349109185/IRS990PF,full return read (automated row extraction; not individually checked)
The Rothman Family Charitable Foundation,81-4585139,2024,990-PF XV 3a paid,5000,Friends of the Israel Defense Forces (13-3156445),Charitable Event,https://projects.propublica.org/nonprofits/organizations/814585139/202522479349100012/IRS990PF,full return read (automated row extraction; not individually checked)
The Saban Family Foundation,95-4769273,2019,990-PF XV 3a paid,4214416,Friends of the Israel Defense Forces (13-3156445),"FUNDING FOR SOCIAL, EDUCATIONAL AND RECREATIONAL PROGRAMS AND FACILITIES FOR ISRAEL SOLDIERS INCLUDING SERVICES TO THE WIDOWS AND CHILDREN O",https://projects.propublica.org/nonprofits/organizations/954769273/202013219349107701/IRS990PF,full return read (row individually checked)
The Saban Family Foundation,95-4769273,2020,990-PF XV 3a paid,680000,Friends of the Israel Defense Forces (13-3156445),"FUNDING FOR SOCIAL, EDUCATIONAL AND RECREATIONAL PROGRAMS AND FACILITIES FOR ISRAEL SOLDIERS INCLUDING SERVICES TO THE WIDOWS AND CHILDREN O",https://projects.propublica.org/nonprofits/organizations/954769273/202113199349104166/IRS990PF,full return read (row individually checked)
The Saban Family Foundation,95-4769273,2021,990-PF XV 3a paid,1680000,Friends of the Israel Defense Forces (13-3156445),"FUNDING FOR SOCIAL, EDUCATIONAL AND RECREATIONAL PROGRAMS AND FACILITIES FOR ISRAEL SOLDIERS INCLUDING SERVICES TO THE WIDOWS AND CHILDREN O",https://projects.propublica.org/nonprofits/organizations/954769273/202233129349101743/IRS990PF,full return read (row individually checked)
The Saban Family Foundation,95-4769273,2021,990-PF XV 3b approved future,1000000,Friends of the Israel Defense Forces (13-3156445),"FUNDING FOR SOCIAL, EDUCATIONAL AND RECREATIONAL PROGRAMS AND FACILITIES FOR ISRAEL SOLDIERS INCLUDING SERVICES TO THE WIDOWS AND CHILDREN O",https://projects.propublica.org/nonprofits/organizations/954769273/202233129349101743/IRS990PF,full return read (row individually checked)
The Saban Family Foundation,95-4769273,2022,990-PF XV 3a paid,2180000,Friends of the Israel Defense Forces (13-3156445),"FUNDING FOR SOCIAL, EDUCATIONAL AND RECREATIONAL PROGRAMS AND FACILITIES FOR ISRAEL SOLDIERS INCLUDING SERVICES TO THE WIDOWS AND CHILDREN O",https://projects.propublica.org/nonprofits/organizations/954769273/202343189349104024/IRS990PF,full return read (row individually checked)
The Saban Family Foundation,95-4769273,2022,990-PF XV 3b approved future,500000,Friends of the Israel Defense Forces (13-3156445),"FUNDING FOR SOCIAL, EDUCATIONAL AND RECREATIONAL PROGRAMS AND FACILITIES FOR ISRAEL SOLDIERS INCLUDING SERVICES TO THE WIDOWS AND CHILDREN O",https://projects.propublica.org/nonprofits/organizations/954769273/202343189349104024/IRS990PF,full return read (row individually checked)
The Saban Family Foundation,95-4769273,2023,990-PF XV 3a paid,1500000,Friends of the Israel Defense Forces (13-3156445),"FUNDING FOR SOCIAL, EDUCATIONAL AND RECREATIONAL PROGRAMS AND FACILITIES FOR ISRAEL SOLDIERS INCLUDING SERVICES TO THE WIDOWS AND CHILDREN O",https://projects.propublica.org/nonprofits/organizations/954769273/202433209349100918/IRS990PF,full return read (row individually checked)
The Saban Family Foundation,95-4769273,2024,990-PF XV 3a paid,300000,Friends of the Israel Defense Forces (13-3156445),"FUNDING FOR SOCIAL, EDUCATIONAL AND RECREATIONAL PROGRAMS AND FACILITIES FOR ISRAEL SOLDIERS INCLUDING SERVICES TO THE WIDOWS AND CHILDREN O",https://projects.propublica.org/nonprofits/organizations/954769273/202512899349100401/IRS990PF,full return read (row individually checked)
The Sandra And Gilbert@oken Foundation,81-2972734,2023,990-PF XV 3a paid,10000,Friends of the Israel Defense Forces (13-3156445),ASSIST CHARITY IN ITS STATED GOAL.,https://projects.propublica.org/nonprofits/organizations/812972734/202420919349100352/IRS990PF,full return read (automated row extraction; not individually checked)
The Sandra And Gilbert@oken Foundation,81-2972734,2024,990-PF XV 3a paid,5000,Friends of the Israel Defense Forces (13-3156445),ASSIST ORGANIZATION WITH ITS STATED GOAL.,https://projects.propublica.org/nonprofits/organizations/812972734/202510539349100106/IRS990PF,full return read (automated row extraction; not individually checked)
The Sandra And Gilbert@oken Foundation,81-2972734,2025,990-PF XV 3a paid,5000,Friends of the Israel Defense Forces (13-3156445),ASSIST ORGANIZATION WITH ITS STATED GOAL.,https://projects.propublica.org/nonprofits/organizations/812972734/202610379349100521/IRS990PF,full return read (automated row extraction; not individually checked)
The Sharon Levine Foundation,20-5390754,2023,990-PF XV 3a paid,3,Friends of the Israel Defense Forces (13-3156445),501(C),https://projects.propublica.org/nonprofits/organizations/205390754/202423189349104092/IRS990PF,full return read (automated row extraction; not individually checked)
The Shatz Family Foundation Inc,47-2492793,2015,990-PF XV 3a paid,1000,Friends of the Israel Defense Forces (13-3156445),NC SUPPORTING ISRAEL AROUND THE WORLD,https://projects.propublica.org/nonprofits/organizations/472492793/201602159349100325/IRS990PF,full return read (automated row extraction; not individually checked)
The Shatz Family Foundation Inc,47-2492793,2016,990-PF XV 3a paid,300,Friends of the Israel Defense Forces (13-3156445),NC ANIMAL RESCUE AND CARE,https://projects.propublica.org/nonprofits/organizations/472492793/201711779349100251/IRS990PF,full return read (automated row extraction; not individually checked)
The Shuster Family Foundation,47-2920375,2017,990-PF XV 3a paid,180,Friends of the Israel Defense Forces (13-3156445),TAX EXEMPT TO SERVE AS A CHARITABLE GIFT IN RECOGNITION OF EXEMPT STATUS,https://projects.propublica.org/nonprofits/organizations/472920375/201910449349100516/IRS990PF,full return read (automated row extraction; not individually checked)
The Shuster Family Foundation,47-2920375,2018,990-PF XV 3a paid,555,Friends of the Israel Defense Forces (13-3156445),TAX EXEMPT TO SERVE AS A CHARITABLE GIFT IN RECOGNITION OF EXEMPT STATUS,https://projects.propublica.org/nonprofits/organizations/472920375/202031779349101203/IRS990PF,full return read (automated row extraction; not individually checked)
The Shuster Family Foundation,47-2920375,2019,990-PF XV 3a paid,250,Friends of the Israel Defense Forces (13-3156445),TAX EXEMPT TO SERVE AS A CHARITABLE GIFT IN RECOGNITION OF EXEMPT STATUS,https://projects.propublica.org/nonprofits/organizations/472920375/202141379349101309/IRS990PF,full return read (automated row extraction; not individually checked)
The Sidney Ferenc Family Foundation,20-8048908,2022,990-PF XV 3a paid,25000,Friends of the Israel Defense Forces (13-3156445),"TO PROVIDE EDUCATIONAL, CULTURAL, RECREATIONAL, AND SOCIAL SERVICES PROGRAMS AND FACILITIES TO THE IDF HEROES AND THEIR FAMILIES",https://projects.propublica.org/nonprofits/organizations/208048908/202421649349100907/IRS990PF,full return read (automated row extraction; not individually checked)
The Sidney M Edelstein Foundation,13-3347784,2016,990-PF XV 3a paid,2500,Friends of the Israel Defense Forces (13-3156445),an unrestricted grant to further the oranization's exempt purpose,https://projects.propublica.org/nonprofits/organizations/133347784/201743129349101114/IRS990PF,full return read (automated row extraction; not individually checked)
The Sidney M Edelstein Foundation,13-3347784,2017,990-PF XV 3a paid,1500,Friends of the Israel Defense Forces (13-3156445),AN UNRESTRICTED GRANT TO FURTHER THE ORANIZATION'S EXEMPT PURPOSE,https://projects.propublica.org/nonprofits/organizations/133347784/201801359349102480/IRS990PF,full return read (automated row extraction; not individually checked)
The Sidney M Edelstein Foundation,13-3347784,2023,990-PF XV 3a paid,2500,Friends of the Israel Defense Forces (13-3156445),AN UNRESTRICTED GRANT TO FURTHER THE ORANIZATION'S EXEMPT PURPOSE,https://projects.propublica.org/nonprofits/organizations/133347784/202431279349101423/IRS990PF,full return read (automated row extraction; not individually checked)
The Singer Family Charitable Foundation,22-2664654,2015,990-PF XV 3a paid,425000,Friends of the Israel Defense Forces (13-3156445),FOR CHARITABLE PURPOSE OF ORGANIZATION,https://projects.propublica.org/nonprofits/organizations/222664654/201722849349100407/IRS990PF,full return read (automated row extraction; not individually checked)
The Sophie Stenbeck Family Foundation,27-3097009,2023,990-PF XV 3a paid,18000,Friends of the Israel Defense Forces (13-3156445),GENERAL SUPPORT,https://projects.propublica.org/nonprofits/organizations/273097009/202422429349101077/IRS990PF,full return read (automated row extraction; not individually checked)
The Stainfeld Family Foundation,85-4102323,2023,990-PF XV 3a paid,3600,Friends of the Israel Defense Forces (13-3156445),Israel Under Attack Campaign fund,https://projects.propublica.org/nonprofits/organizations/854102323/202423139349101007/IRS990PF,full return read (automated row extraction; not individually checked)
The Steve Lawrence And Eydie Gorme Foundation,46-2069986,2014,990-PF XV 3a paid,1000,Friends of the Israel Defense Forces (13-3156445),EXEMPT CHARITABLE,https://projects.propublica.org/nonprofits/organizations/462069986/201510639349100606/IRS990PF,full return read (automated row extraction; not individually checked)
The Steve Lawrence And Eydie Gorme Foundation,46-2069986,2015,990-PF XV 3a paid,1,Friends of the Israel Defense Forces (13-3156445),EXEMPT CHARITABLE -,https://projects.propublica.org/nonprofits/organizations/462069986/201600489349100700/IRS990PF,full return read (automated row extraction; not individually checked)
The Steven And Ilene Berman Family Foundation,26-0005599,2016,990-PF XV 3a paid,16000,Friends of the Israel Defense Forces (13-3156445),CHARITABLE FUNCTION,https://projects.propublica.org/nonprofits/organizations/260005599/201742429349100214/IRS990PF,full return read (automated row extraction; not individually checked)
The Steven And Ilene Berman Family Foundation,26-0005599,2017,990-PF XV 3a paid,16000,Friends of the Israel Defense Forces (13-3156445),CHARITABLE FUNCTION,https://projects.propublica.org/nonprofits/organizations/260005599/201822609349100602/IRS990PF,full return read (automated row extraction; not individually checked)
The Steven And Ilene Berman Family Foundation,26-0005599,2018,990-PF XV 3a paid,19600,Friends of the Israel Defense Forces (13-3156445),CHARITABLE FUNCTION,https://projects.propublica.org/nonprofits/organizations/260005599/201932209349100003/IRS990PF,full return read (automated row extraction; not individually checked)
The Steven And Ilene Berman Family Foundation,26-0005599,2019,990-PF XV 3a paid,2100,Friends of the Israel Defense Forces (13-3156445),CHARITABLE FUNCTION,https://projects.propublica.org/nonprofits/organizations/260005599/202002869349100805/IRS990PF,full return read (automated row extraction; not individually checked)
The Stewart And Marlene Greenebaum Family Foundation Inc,52-2089849,2025,990-PF XV 3a paid,5000,Friends of the Israel Defense Forces (13-3156445),GENERAL FUNDS,https://projects.propublica.org/nonprofits/organizations/522089849/202601919349101200/IRS990PF,full return read (automated row extraction; not individually checked)
The Stewart And Marlene Greenebaum Family Foundation Inc,52-2089849,2025,990-PF XV 3a paid,1300,Friends of the Israel Defense Forces (13-3156445),GENERAL FUNDS,https://projects.propublica.org/nonprofits/organizations/522089849/202601919349101200/IRS990PF,full return read (automated row extraction; not individually checked)
The Stone Family Foundation,33-0799149,2012,990 Schedule I,8500,Friends of the Israel Defense Forces (13-3156445),GENERAL,https://projects.propublica.org/nonprofits/organizations/330799149/201441339349305964/IRS990ScheduleI,full return read (automated row extraction; not individually checked)
The Stone Family Foundation,33-0799149,2014,990 Schedule I,26000,Friends of the Israel Defense Forces (13-3156445),GENERAL,https://projects.propublica.org/nonprofits/organizations/330799149/201630429349302553/IRS990ScheduleI,full return read (automated row extraction; not individually checked)
The Sudler Foundation,22-6423710,2024,990-PF XV 3a paid,5000,Friends of the Israel Defense Forces (13-3156445),UNRESTRICTED SUPPORT OF ORGANIZATIONS EXEMPT PURPOSE,https://projects.propublica.org/nonprofits/organizations/226423710/202542969349100414/IRS990PF,full return read (automated row extraction; not individually checked)
The Swyer Family Foundation Inc,34-2056927,2024,990-PF XV 3a paid,3,Friends of the Israel Defense Forces (13-3156445),UNRESTRICTED GRANT TO 501(C),https://projects.propublica.org/nonprofits/organizations/342056927/202533219349106853/IRS990PF,full return read (automated row extraction; not individually checked)
The Turk Family Foundation,20-3469161,2012,990 Schedule I,5000,Friends of the Israel Defense Forces (13-3156445),GENERAL,https://projects.propublica.org/nonprofits/organizations/203469161/201411339349306001/IRS990ScheduleI,full return read (automated row extraction; not individually checked)
The Turk Family Foundation,20-3469161,2014,990 Schedule I,5000,Friends of the Israel Defense Forces (13-3156445),GENERAL,https://projects.propublica.org/nonprofits/organizations/203469161/201610429349302136/IRS990ScheduleI,full return read (automated row extraction; not individually checked)
The Turk Family Foundation,20-3469161,2016,990-PF XV 3a paid,5000,Friends of the Israel Defense Forces (13-3156445),MILITARY SUPPORT,https://projects.propublica.org/nonprofits/organizations/203469161/201723129349100242/IRS990PF,full return read (automated row extraction; not individually checked)
The Turk Family Foundation,20-3469161,2017,990-PF XV 3a paid,5000,Friends of the Israel Defense Forces (13-3156445),MILITARY SUPPORT,https://projects.propublica.org/nonprofits/organizations/203469161/201823119349101017/IRS990PF,full return read (automated row extraction; not individually checked)
The Walter F & Alice Gorham Foundation Inc,22-2984225,2020,990-PF XV 3a paid,10000,Friends of the Israel Defense Forces (13-3156445),SUPPORT FOR IDF SOLDIERS,https://projects.propublica.org/nonprofits/organizations/222984225/202112859349100806/IRS990PF,full return read (automated row extraction; not individually checked)
The Walter F & Alice Gorham Foundation Inc,22-2984225,2021,990-PF XV 3a paid,10000,Friends of the Israel Defense Forces (13-3156445),SUPPORT FOR IDF SOLDIERS,https://projects.propublica.org/nonprofits/organizations/222984225/202243119349100319/IRS990PF,full return read (automated row extraction; not individually checked)
The Walter F & Alice Gorham Foundation Inc,22-2984225,2022,990-PF XV 3a paid,10000,Friends of the Israel Defense Forces (13-3156445),SUPPORT FOR IDF SOLDIERS,https://projects.propublica.org/nonprofits/organizations/222984225/202342089349100509/IRS990PF,full return read (automated row extraction; not individually checked)
The Walter F & Alice Gorham Foundation Inc,22-2984225,2023,990-PF XV 3a paid,20000,Friends of the Israel Defense Forces (13-3156445),SUPPORT FOR IDF SOLDIERS,https://projects.propublica.org/nonprofits/organizations/222984225/202423049349100222/IRS990PF,full return read (automated row extraction; not individually checked)
The Wiesler Family Foundation,30-6170527,2014,990-PF XV 3a paid,4000,Friends of the Israel Defense Forces (13-3156445),UNRESTRICTED,https://projects.propublica.org/nonprofits/organizations/306170527/201541399349100604/IRS990PF,full return read (automated row extraction; not individually checked)
The Wiesler Family Foundation,30-6170527,2014,990-PF XV 3a paid,4000,Friends of the Israel Defense Forces (13-3156445),UNRESTRICTED,https://projects.propublica.org/nonprofits/organizations/306170527/201541399349100604/IRS990PF,full return read (automated row extraction; not individually checked)
The Wiesler Family Foundation,30-6170527,2016,990-PF XV 3a paid,6000,Friends of the Israel Defense Forces (13-3156445),UNRESTRICTED,https://projects.propublica.org/nonprofits/organizations/306170527/201731239349100733/IRS990PF,full return read (automated row extraction; not individually checked)
The Yablon Family Foundation Inc,20-2031127,2022,990-PF XV 3a paid,1000,Friends of the Israel Defense Forces (13-3156445),General & Unrestricted,https://projects.propublica.org/nonprofits/organizations/202031127/202420739349100112/IRS990PF,full return read (automated row extraction; not individually checked)
The@barry And Wendy Meyer Charitable Foundation,95-4754104,2016,990-PF XV 3a paid,24560,Friends of the Israel Defense Forces (13-3156445),TO PROVIDE FOR EDUCATION AND WELLBEING OF THE MEN AND WOMEN WHO SERVE IN THE ISRAEL DEFENSE FORCES (IDF) AS WELL AS THE FAMILIES OF FALLEN S,https://projects.propublica.org/nonprofits/organizations/954754104/201723199349102822/IRS990PF,full return read (automated row extraction; not individually checked)
The@darrell & Susan Ross Charitable Foundation,05-6125455,2021,990-PF XV 3a paid,250,Friends of the Israel Defense Forces (13-3156445),OPERATING SUPPORT,https://projects.propublica.org/nonprofits/organizations/56125455/202233149349101303/IRS990PF,full return read (automated row extraction; not individually checked)
The@darrell & Susan Ross Charitable Foundation,05-6125455,2022,990-PF XV 3a paid,200,Friends of the Israel Defense Forces (13-3156445),OPERATING SUPPORT,https://projects.propublica.org/nonprofits/organizations/56125455/202343179349102809/IRS990PF,full return read (automated row extraction; not individually checked)
The@darrell & Susan Ross Charitable Foundation,05-6125455,2023,990-PF XV 3a paid,20680,Friends of the Israel Defense Forces (13-3156445),OPERATING SUPPORT,https://projects.propublica.org/nonprofits/organizations/56125455/202441319349101629/IRS990PF,full return read (automated row extraction; not individually checked)
The@darrell & Susan Ross Charitable Foundation,05-6125455,2024,990-PF XV 3a paid,5000,Friends of the Israel Defense Forces (13-3156445),OPERATING SUPPORT,https://projects.propublica.org/nonprofits/organizations/56125455/202513179349101641/IRS990PF,full return read (automated row extraction; not individually checked)
The@david Himelberg Foundation,13-7200887,2016,990-PF XV 3a paid,4000,Friends of the Israel Defense Forces (13-3156445),an unrestricted grant to further the donee's exempt purpose.,https://projects.propublica.org/nonprofits/organizations/137200887/201800389349100010/IRS990PF,full return read (automated row extraction; not individually checked)
The@david Himelberg Foundation,13-7200887,2020,990-PF XV 3a paid,5000,Friends of the Israel Defense Forces (13-3156445),AN UNRESTRICTED GRANT TO FURTHER THE DONEE'S EXEMPT PURPOSE.,https://projects.propublica.org/nonprofits/organizations/137200887/202230839349100003/IRS990PF,full return read (automated row extraction; not individually checked)
The@david Himelberg Foundation,13-7200887,2021,990-PF XV 3a paid,4000,Friends of the Israel Defense Forces (13-3156445),AN UNRESTRICTED GRANT TO FURTHER THE DONEE'S EXEMPT PURPOSE.,https://projects.propublica.org/nonprofits/organizations/137200887/202331069349100308/IRS990PF,full return read (automated row extraction; not individually checked)
The@irving & Roberta Lewis Charitable Foundation,36-4157221,2015,990-PF XV 3a paid,16000,Friends of the Israel Defense Forces (13-3156445),,https://projects.propublica.org/nonprofits/organizations/364157221/201632569349100473/IRS990PF,full return read (automated row extraction; not individually checked)
The@jeff And Erica Keswin Family Foundation,13-4193962,2023,990-PF XV 3a paid,2350,Friends of the Israel Defense Forces (13-3156445),EXEMPT GENERAL CONTRIBUTION,https://projects.propublica.org/nonprofits/organizations/134193962/202423129349100732/IRS990PF,full return read (automated row extraction; not individually checked)
The@maurice Marciano Family Foundation,68-0661384,2023,990-PF XV 3a paid,1000000,Friends of the Israel Defense Forces (13-3156445),RELIEF PROGRAM,https://projects.propublica.org/nonprofits/organizations/680661384/202423189349103257/IRS990PF,full return read (row individually checked)
The@maurice Marciano Family Foundation,68-0661384,2024,990-PF XV 3a paid,500000,Friends of the Israel Defense Forces (13-3156445),RELIEF PROGRAM,https://projects.propublica.org/nonprofits/organizations/680661384/202533169349102923/IRS990PF,full return read (row individually checked)
The@naomi And Walter Chucnin Foundation,04-3372662,2015,990-PF XV 3a paid,500,Friends of the Israel Defense Forces (13-3156445),CHARITABLE GIFT,https://projects.propublica.org/nonprofits/organizations/43372662/201601339349101515/IRS990PF,full return read (automated row extraction; not individually checked)
The@naomi And Walter Chucnin Foundation,04-3372662,2016,990-PF XV 3a paid,500,Friends of the Israel Defense Forces (13-3156445),CHARITABLE GIFT,https://projects.propublica.org/nonprofits/organizations/43372662/201741359349101944/IRS990PF,full return read (automated row extraction; not individually checked)
The@naomi And Walter Chucnin Foundation,04-3372662,2017,990-PF XV 3a paid,500,Friends of the Israel Defense Forces (13-3156445),CHARITABLE GIFT,https://projects.propublica.org/nonprofits/organizations/43372662/201801359349100980/IRS990PF,full return read (automated row extraction; not individually checked)
The@naomi And Walter Chucnin Foundation,04-3372662,2021,990-PF XV 3a paid,4600,Friends of the Israel Defense Forces (13-3156445),CHARITABLE GIFT,https://projects.propublica.org/nonprofits/organizations/43372662/202232949349100013/IRS990PF,full return read (automated row extraction; not individually checked)
The@richard And Marcy Horvitz Foundation,31-1533634,2014,990-PF XV 3a paid,750,Friends of the Israel Defense Forces (13-3156445),GENERAL & UNRESTRICTED,https://projects.propublica.org/nonprofits/organizations/311533634/201511359349101201/IRS990PF,full return read (automated row extraction; not individually checked)
The@richard And Marcy Horvitz Foundation,31-1533634,2014,990-PF XV 3a paid,8000,Friends of the Israel Defense Forces (13-3156445),FOR SCHOLARSHIPS,https://projects.propublica.org/nonprofits/organizations/311533634/201511359349101201/IRS990PF,full return read (automated row extraction; not individually checked)
The@richard And Marcy Horvitz Foundation,31-1533634,2015,990-PF XV 3a paid,9780,Friends of the Israel Defense Forces (13-3156445),GENERAL & UNRESTRICTED,https://projects.propublica.org/nonprofits/organizations/311533634/201631349349101948/IRS990PF,full return read (automated row extraction; not individually checked)
The@richard And Marcy Horvitz Foundation,31-1533634,2016,990-PF XV 3a paid,1600,Friends of the Israel Defense Forces (13-3156445),GENERAL & UNRESTRICTED,https://projects.propublica.org/nonprofits/organizations/311533634/201711329349101371/IRS990PF,full return read (automated row extraction; not individually checked)
The@richard And Marcy Horvitz Foundation,31-1533634,2016,990-PF XV 3a paid,8000,Friends of the Israel Defense Forces (13-3156445),SCHOLARSHIPS,https://projects.propublica.org/nonprofits/organizations/311533634/201711329349101371/IRS990PF,full return read (automated row extraction; not individually checked)
The@richard And Marcy Horvitz Foundation,31-1533634,2017,990-PF XV 3a paid,1600,Friends of the Israel Defense Forces (13-3156445),GENERAL & UNRESTRICTED,https://projects.propublica.org/nonprofits/organizations/311533634/201831359349103248/IRS990PF,full return read (automated row extraction; not individually checked)
The@richard And Marcy Horvitz Foundation,31-1533634,2017,990-PF XV 3a paid,500,Friends of the Israel Defense Forces (13-3156445),GOLANI BRIGADE LEISURE CORNERS' PROJECT,https://projects.propublica.org/nonprofits/organizations/311533634/201831359349103248/IRS990PF,full return read (automated row extraction; not individually checked)
The@richard And Marcy Horvitz Foundation,31-1533634,2017,990-PF XV 3a paid,8000,Friends of the Israel Defense Forces (13-3156445),SCHOLARSHIPS,https://projects.propublica.org/nonprofits/organizations/311533634/201831359349103248/IRS990PF,full return read (automated row extraction; not individually checked)
The@richard And Marcy Horvitz Foundation,31-1533634,2018,990-PF XV 3a paid,1600,Friends of the Israel Defense Forces (13-3156445),GENERAL & UNRESTRICTED,https://projects.propublica.org/nonprofits/organizations/311533634/201941339349101999/IRS990PF,full return read (automated row extraction; not individually checked)
The@richard And Marcy Horvitz Foundation,31-1533634,2018,990-PF XV 3a paid,8000,Friends of the Israel Defense Forces (13-3156445),SCHOLARSHIPS,https://projects.propublica.org/nonprofits/organizations/311533634/201941339349101999/IRS990PF,full return read (automated row extraction; not individually checked)
The@richard And Marcy Horvitz Foundation,31-1533634,2019,990-PF XV 3a paid,1600,Friends of the Israel Defense Forces (13-3156445),GENERAL & UNRESTRICTED,https://projects.propublica.org/nonprofits/organizations/311533634/202011929349100021/IRS990PF,full return read (automated row extraction; not individually checked)
The@richard And Marcy Horvitz Foundation,31-1533634,2019,990-PF XV 3a paid,8000,Friends of the Israel Defense Forces (13-3156445),SCHOLARSHIPS,https://projects.propublica.org/nonprofits/organizations/311533634/202011929349100021/IRS990PF,full return read (automated row extraction; not individually checked)
The@richard And Marcy Horvitz Foundation,31-1533634,2020,990-PF XV 3a paid,3600,Friends of the Israel Defense Forces (13-3156445),GENERAL & UNRESTRICTED,https://projects.propublica.org/nonprofits/organizations/311533634/202141359349100019/IRS990PF,full return read (automated row extraction; not individually checked)
The@richard And Marcy Horvitz Foundation,31-1533634,2020,990-PF XV 3a paid,8000,Friends of the Israel Defense Forces (13-3156445),SCHOLARSHIPS,https://projects.propublica.org/nonprofits/organizations/311533634/202141359349100019/IRS990PF,full return read (automated row extraction; not individually checked)
The@richard And Marcy Horvitz Foundation,31-1533634,2021,990-PF XV 3a paid,5000,Friends of the Israel Defense Forces (13-3156445),GENERAL & UNRESTRICTED,https://projects.propublica.org/nonprofits/organizations/311533634/202223199349105337/IRS990PF,full return read (automated row extraction; not individually checked)
The@richard And Marcy Horvitz Foundation,31-1533634,2021,990-PF XV 3a paid,8000,Friends of the Israel Defense Forces (13-3156445),SCHOLARSHIPS,https://projects.propublica.org/nonprofits/organizations/311533634/202223199349105337/IRS990PF,full return read (automated row extraction; not individually checked)
The@richard And Marcy Horvitz Foundation,31-1533634,2021,990-PF XV 3a paid,3600,Friends of the Israel Defense Forces (13-3156445),LT COLONEL SPONSORSHIP,https://projects.propublica.org/nonprofits/organizations/311533634/202223199349105337/IRS990PF,full return read (automated row extraction; not individually checked)
The@richard And Marcy Horvitz Foundation,31-1533634,2022,990-PF XV 3a paid,2500,Friends of the Israel Defense Forces (13-3156445),GENERAL & UNRESTRICTED,https://projects.propublica.org/nonprofits/organizations/311533634/202333189349104408/IRS990PF,full return read (automated row extraction; not individually checked)
The@richard And Marcy Horvitz Foundation,31-1533634,2022,990-PF XV 3a paid,8000,Friends of the Israel Defense Forces (13-3156445),SCHOLARSHIPS,https://projects.propublica.org/nonprofits/organizations/311533634/202333189349104408/IRS990PF,full return read (automated row extraction; not individually checked)
The@richard And Marcy Horvitz Foundation,31-1533634,2022,990-PF XV 3a paid,50000,Friends of the Israel Defense Forces (13-3156445),LONE SOLDIER'S APARTMENT,https://projects.propublica.org/nonprofits/organizations/311533634/202333189349104408/IRS990PF,full return read (automated row extraction; not individually checked)
The@richard And Marcy Horvitz Foundation,31-1533634,2023,990-PF XV 3a paid,8000,Friends of the Israel Defense Forces (13-3156445),SCHOLARSHIPS,https://projects.propublica.org/nonprofits/organizations/311533634/202411289349103601/IRS990PF,full return read (automated row extraction; not individually checked)
The@rita And Sheldon Kwiat Family Foundation Inc,13-3944749,2023,990-PF XV 3a paid,150,Friends of the Israel Defense Forces (13-3156445),CHARITABLE DONATION,https://projects.propublica.org/nonprofits/organizations/133944749/202441309349102609/IRS990PF,full return read (automated row extraction; not individually checked)
Theodore G Schwartz Family Foundation,31-1490195,2018,990-PF XV 3a paid,1500,Friends of the Israel Defense Forces (13-3156445),TO SUPPORT OPERATIONAL AND PROGRAM EXPENSES,https://projects.propublica.org/nonprofits/organizations/311490195/201931789349100853/IRS990PF,full return read (automated row extraction; not individually checked)
Thomas D And Denise R Stern Family Foundation,13-4195656,2016,990-PF XV 3a paid,200000,Friends of the Israel Defense Forces (13-3156445),charitable,https://projects.propublica.org/nonprofits/organizations/134195656/201711299349101691/IRS990PF,full return read (automated row extraction; not individually checked)
Thomas D And Denise R Stern Family Foundation,13-4195656,2019,990-PF XV 3a paid,200000,Friends of the Israel Defense Forces (13-3156445),CHARITABLE,https://projects.propublica.org/nonprofits/organizations/134195656/202031979349102203/IRS990PF,full return read (automated row extraction; not individually checked)
Thomas D And Denise R Stern Family Foundation,13-4195656,2020,990-PF XV 3a paid,200000,Friends of the Israel Defense Forces (13-3156445),CHARITABLE,https://projects.propublica.org/nonprofits/organizations/134195656/202111369349100016/IRS990PF,full return read (automated row extraction; not individually checked)
Thomas D And Denise R Stern Family Foundation,13-4195656,2021,990-PF XV 3a paid,200000,Friends of the Israel Defense Forces (13-3156445),CHARITABLE,https://projects.propublica.org/nonprofits/organizations/134195656/202221299349101932/IRS990PF,full return read (automated row extraction; not individually checked)
Tiaa Charitable Inc,47-2199684,2019,990 Schedule I,13550,Friends of the Israel Defense Forces (13-3156445),ANNUAL SUPPORT,https://projects.propublica.org/nonprofits/organizations/472199684/202002889349300325/IRS990ScheduleI,full return read (automated row extraction; not individually checked)
Tidewater Jewish Foundation Inc,54-1653165,2018,990 Schedule I,97000,Friends of the Israel Defense Forces (13-3156445),GENERAL OPERATIONS/DONATIONS,https://projects.propublica.org/nonprofits/organizations/541653165/202021369349300427/IRS990ScheduleI,full return read (automated row extraction; not individually checked)
Tidewater Jewish Foundation Inc,54-1653165,2018,990 Schedule I,,Friends of the Israel Defense Forces (13-3156445),,https://projects.propublica.org/nonprofits/organizations/541653165/202021369349300427/IRS990ScheduleI,full return read (automated row extraction; not individually checked)
Tidewater Jewish Foundation Inc,54-1653165,2019,990 Schedule I,32541,Friends of the Israel Defense Forces (13-3156445),GENERAL OPERATIONS/IMPACT SCHOLARSHIP FUND,https://projects.propublica.org/nonprofits/organizations/541653165/202101329349304700/IRS990ScheduleI,full return read (automated row extraction; not individually checked)
Tidewater Jewish Foundation Inc,54-1653165,2019,990 Schedule I,,Friends of the Israel Defense Forces (13-3156445),,https://projects.propublica.org/nonprofits/organizations/541653165/202101329349304700/IRS990ScheduleI,full return read (automated row extraction; not individually checked)
Tidewater Jewish Foundation Inc,54-1653165,2020,990 Schedule I,24023,Friends of the Israel Defense Forces (13-3156445),GENERAL OPERATIONS/DONATIONS,https://projects.propublica.org/nonprofits/organizations/541653165/202201329349306070/IRS990ScheduleI,full return read (automated row extraction; not individually checked)
Tidewater Jewish Foundation Inc,54-1653165,2020,990 Schedule I,,Friends of the Israel Defense Forces (13-3156445),,https://projects.propublica.org/nonprofits/organizations/541653165/202201329349306070/IRS990ScheduleI,full return read (automated row extraction; not individually checked)
Tidewater Jewish Foundation Inc,54-1653165,2021,990 Schedule I,46812,Friends of the Israel Defense Forces (13-3156445),GENERAL OPERATIONS/DONATIONS,https://projects.propublica.org/nonprofits/organizations/541653165/202341319349306379/IRS990ScheduleI,full return read (automated row extraction; not individually checked)
Tidewater Jewish Foundation Inc,54-1653165,2021,990 Schedule I,,Friends of the Israel Defense Forces (13-3156445),,https://projects.propublica.org/nonprofits/organizations/541653165/202341319349306379/IRS990ScheduleI,full return read (automated row extraction; not individually checked)
Tidewater Jewish Foundation Inc,54-1653165,2022,990 Schedule I,114790,Friends of the Israel Defense Forces (13-3156445),GENERAL OPERATIONS/DONATIONS,https://projects.propublica.org/nonprofits/organizations/541653165/202421319349304572/IRS990ScheduleI,full return read (automated row extraction; not individually checked)
Tidewater Jewish Foundation Inc,54-1653165,2022,990 Schedule I,,Friends of the Israel Defense Forces (13-3156445),,https://projects.propublica.org/nonprofits/organizations/541653165/202421319349304572/IRS990ScheduleI,full return read (automated row extraction; not individually checked)
Tidewater Jewish Foundation Inc,54-1653165,2023,990 Schedule I,610397,Friends of the Israel Defense Forces (13-3156445),GENERAL OPERATIONS/DONATIONS,https://projects.propublica.org/nonprofits/organizations/541653165/202541349349306144/IRS990ScheduleI,full return read (automated row extraction; not individually checked)
Tidewater Jewish Foundation Inc,54-1653165,2023,990 Schedule I,,Friends of the Israel Defense Forces (13-3156445),,https://projects.propublica.org/nonprofits/organizations/541653165/202541349349306144/IRS990ScheduleI,full return read (automated row extraction; not individually checked)
Tidewater Jewish Foundation Inc,54-1653165,2024,990 Schedule I,130652,Friends of the Israel Defense Forces (13-3156445),GENERAL OPERATIONS/DONATIONS,https://projects.propublica.org/nonprofits/organizations/541653165/202601349349309110/IRS990ScheduleI,full return read (automated row extraction; not individually checked)
Tidewater Jewish Foundation Inc,54-1653165,2024,990 Schedule I,,Friends of the Israel Defense Forces (13-3156445),,https://projects.propublica.org/nonprofits/organizations/541653165/202601349349309110/IRS990ScheduleI,full return read (automated row extraction; not individually checked)
Tikkun Fund A Florida Charitable Tr,81-6188428,2016,990-PF XV 3a paid,360000,Friends of the Israel Defense Forces (13-3156445),DIRECT SUPPORT,https://projects.propublica.org/nonprofits/organizations/816188428/201802879349100400/IRS990PF,full return read (automated row extraction; not individually checked)
Tina And Steven Price Charitable Foundation,20-6019600,2022,990-PF XV 3a paid,1000,Friends of the Israel Defense Forces (13-3156445),CHARITABLE,https://projects.propublica.org/nonprofits/organizations/206019600/202343189349101504/IRS990PF,full return read (automated row extraction; not individually checked)
Tisch Foundation Inc,59-1002844,2023,990-PF XV 3a paid,482,Friends of the Israel Defense Forces (13-3156445),"To further educational, religious, medical, cultural, societal and environmental causes.",https://projects.propublica.org/nonprofits/organizations/591002844/202411239349100321/IRS990PF,full return read (automated row extraction; not individually checked)
Tlk Foundation Inc,13-3936569,2023,990-PF XV 3a paid,6000,Friends of the Israel Defense Forces (13-3156445),PF GENERAL PURPOSE,https://projects.propublica.org/nonprofits/organizations/133936569/202442349349100009/IRS990PF,full return read (automated row extraction; not individually checked)
Todd And Deborah Krasnow Foundation,04-3213639,2023,990-PF XV 3a paid,12340,Friends of the Israel Defense Forces (13-3156445),CHARITY GENERAL GRANT,https://projects.propublica.org/nonprofits/organizations/43213639/202422149349100607/IRS990PF,full return read (automated row extraction; not individually checked)
Todd And Deborah Krasnow Foundation,04-3213639,2024,990-PF XV 3a paid,5000,Friends of the Israel Defense Forces (13-3156445),CHARITY GENERAL GRANT,https://projects.propublica.org/nonprofits/organizations/43213639/202533009349100618/IRS990PF,full return read (automated row extraction; not individually checked)
Todd M Morgan Foundation,20-1305927,2016,990-PF XV 3a paid,25000,Friends of the Israel Defense Forces (13-3156445),"TO SUPPORT THE ORGANIZATION'S MISSION TO OFFER EDUCATIONAL, CULTURAL, RECREATIONAL, AND SOCIAL SERVICES PROGRAMS AND FACILITIES FOR THE SOLD",https://projects.propublica.org/nonprofits/organizations/201305927/201742149349100704/IRS990PF,full return read (automated row extraction; not individually checked)
Totsy Foundation,04-2785460,2023,990-PF XV 3a paid,1800,Friends of the Israel Defense Forces (13-3156445),OTHER PUBLIC CHARITY FOR GENERAL OPERATING FUNDS,https://projects.propublica.org/nonprofits/organizations/42785460/202510489349100761/IRS990PF,full return read (automated row extraction; not individually checked)
Totsy Foundation,04-2785460,2024,990-PF XV 3a paid,800,Friends of the Israel Defense Forces (13-3156445),OTHER PUBLIC CHARITY FOR GENERAL OPERATING FUNDS,https://projects.propublica.org/nonprofits/organizations/42785460/202543129349100904/IRS990PF,full return read (automated row extraction; not individually checked)
Tramiel Charitable Trust,46-6354615,2014,990-PF XV 3a paid,10000,Friends of the Israel Defense Forces (13-3156445),TO SUPPORT THE MISSION OF THE CHARITABLE ORGANIZATION,https://projects.propublica.org/nonprofits/organizations/466354615/201531359349101103/IRS990PF,full return read (automated row extraction; not individually checked)
Traynor Family Foundation,84-3124760,2023,990-PF XV 3a paid,2500,Friends of the Israel Defense Forces (13-3156445),General & Unrestricted,https://projects.propublica.org/nonprofits/organizations/843124760/202431519349101703/IRS990PF,full return read (automated row extraction; not individually checked)
Trustees Of Dartmouth College,02-0222111,2023,990 Schedule I,36000,Friends of the Israel Defense Forces (13-3156445),Distribution from donor advised fund,https://projects.propublica.org/nonprofits/organizations/20222111/202501339349306270/IRS990ScheduleI,full return read (automated row extraction; not individually checked)
Trustees Under The Will Of Herman Dana,04-6209497,2014,990-PF XV 3b approved future,10000,Friends of the Israel Defense Forces (13-3156445),COMMUNITY,https://projects.propublica.org/nonprofits/organizations/46209497/201511989349100206/IRS990PF,full return read (automated row extraction; not individually checked)
Trustees Under The Will Of Herman Dana,04-6209497,2016,990-PF XV 3a paid,5000,Friends of the Israel Defense Forces (13-3156445),COMMUNITY,https://projects.propublica.org/nonprofits/organizations/46209497/201742969349100104/IRS990PF,full return read (automated row extraction; not individually checked)
Trustees Under The Will Of Herman Dana,04-6209497,2016,990-PF XV 3b approved future,3500,Friends of the Israel Defense Forces (13-3156445),COMMUNITY,https://projects.propublica.org/nonprofits/organizations/46209497/201742969349100104/IRS990PF,full return read (automated row extraction; not individually checked)
Trustees Under The Will Of Herman Dana,04-6209497,2017,990-PF XV 3a paid,3500,Friends of the Israel Defense Forces (13-3156445),COMMUNITY,https://projects.propublica.org/nonprofits/organizations/46209497/201813199349103416/IRS990PF,full return read (automated row extraction; not individually checked)
Tuchman Family Foundation Inc,11-6027145,2013,990-PF XV 3a paid,12000,Friends of the Israel Defense Forces (13-3156445),DONATION,https://projects.propublica.org/nonprofits/organizations/116027145/201520159349100607/IRS990PF,full return read (automated row extraction; not individually checked)
Tuchman Family Foundation Inc,11-6027145,2015,990-PF XV 3a paid,2000,Friends of the Israel Defense Forces (13-3156445),DONATION,https://projects.propublica.org/nonprofits/organizations/116027145/201730169349100308/IRS990PF,full return read (automated row extraction; not individually checked)
Tucker Family Foundation,82-2217538,2024,990-PF XV 3a paid,1000,Friends of the Israel Defense Forces (13-3156445),GENERAL SUPPORT,https://projects.propublica.org/nonprofits/organizations/822217538/202521329349102552/IRS990PF,full return read (automated row extraction; not individually checked)
Tuckerman Foundation,47-4218823,2024,990-PF XV 3a paid,500,Friends of the Israel Defense Forces (13-3156445),SOCIAL PROGRAM,https://projects.propublica.org/nonprofits/organizations/474218823/202523219349102727/IRS990PF,full return read (automated row extraction; not individually checked)
Tudor Foundation Inc,06-1502288,2023,990-PF XV 3a paid,20000,Friends of the Israel Defense Forces (13-3156445),Charitable purposes,https://projects.propublica.org/nonprofits/organizations/61502288/202412719349100611/IRS990PF,full return read (automated row extraction; not individually checked)
Tzedakah Foundation,23-3090755,2017,990-PF XV 3a paid,15100,Friends of the Israel Defense Forces (13-3156445),FOR GENERAL SUPPORT OF CHARITABLE ACTIVITIES,https://projects.propublica.org/nonprofits/organizations/233090755/201823199349103822/IRS990PF,full return read (automated row extraction; not individually checked)
Tzedakah Foundation,23-3090755,2018,990-PF XV 3a paid,3600,Friends of the Israel Defense Forces (13-3156445),FOR GENERAL SUPPORT OF CHARITABLE ACTIVITIES,https://projects.propublica.org/nonprofits/organizations/233090755/201913189349100416/IRS990PF,full return read (automated row extraction; not individually checked)
Tzedakah Foundation,23-3090755,2019,990-PF XV 3a paid,5000,Friends of the Israel Defense Forces (13-3156445),FOR GENERAL SUPPORT OF CHARITABLE ACTIVITIES,https://projects.propublica.org/nonprofits/organizations/233090755/202013179349100216/IRS990PF,full return read (automated row extraction; not individually checked)
Tzedakah Foundation,23-3090755,2024,990-PF XV 3a paid,180,Friends of the Israel Defense Forces (13-3156445),FOR GENERAL SUPPORT OF CHARITABLE PURPOSES,https://projects.propublica.org/nonprofits/organizations/233090755/202543219349102279/IRS990PF,full return read (automated row extraction; not individually checked)
Uja Federation Of Greenwich Inc,06-6068624,2023,990 Schedule I,20000,Friends of the Israel Defense Forces (13-3156445),PER EXEMPT ORGANIZATION'S CHARITABLE PURPOSES,https://projects.propublica.org/nonprofits/organizations/66068624/202443209349322624/IRS990ScheduleI,full return read (automated row extraction; not individually checked)
Unidentified Foundation,45-4583092,2014,990-PF XV 3a paid,5000,Friends of the Israel Defense Forces (13-3156445),General & Unrestricted,https://projects.propublica.org/nonprofits/organizations/454583092/201503209349102500/IRS990PF,full return read (automated row extraction; not individually checked)
Unidentified Foundation,45-4583092,2015,990-PF XV 3a paid,5000,Friends of the Israel Defense Forces (13-3156445),Tfillin Fund,https://projects.propublica.org/nonprofits/organizations/454583092/201623209349102957/IRS990PF,full return read (automated row extraction; not individually checked)
United Jewish Community Of Broward County Inc,59-0967823,2018,990 Schedule I,16320,Friends of the Israel Defense Forces (13-3156445),GRANTS TO SOCIAL WELFARE AND EDUCATIONAL ACTIVITIES ARE CONSISTENT WITH THE GOALS AND PURPOSE OF THE FEDERATION.,https://projects.propublica.org/nonprofits/organizations/590967823/202041909349301669/IRS990ScheduleI,full return read (automated row extraction; not individually checked)
United Jewish Community Of Broward County Inc,59-0967823,2019,990 Schedule I,18900,Friends of the Israel Defense Forces (13-3156445),GRANTS TO SOCIAL WELFARE AND EDUCATIONAL ACTIVITIES ARE CONSISTENT WITH THE GOALS AND PURPOSE OF THE FEDERATION.,https://projects.propublica.org/nonprofits/organizations/590967823/202101349349305025/IRS990ScheduleI,full return read (automated row extraction; not individually checked)
United Jewish Community Of Broward County Inc,59-0967823,2020,990 Schedule I,113000,Friends of the Israel Defense Forces (13-3156445),GRANTS TO SOCIAL WELFARE AND EDUCATIONAL ACTIVITIES ARE CONSISTENT WITH THE GOALS AND PURPOSE OF THE FEDERATION.,https://projects.propublica.org/nonprofits/organizations/590967823/202211339349301521/IRS990ScheduleI,full return read (automated row extraction; not individually checked)
United Jewish Community Of Broward County Inc,59-0967823,2022,990 Schedule I,9100,Friends of the Israel Defense Forces (13-3156445),SOCIAL WELFARE &,https://projects.propublica.org/nonprofits/organizations/590967823/202421359349308992/IRS990ScheduleI,full return read (automated row extraction; not individually checked)
United Jewish Community Of Broward County Inc,59-0967823,2023,990 Schedule I,23780,Friends of the Israel Defense Forces (13-3156445),SOCIAL WELFARE &,https://projects.propublica.org/nonprofits/organizations/590967823/202511359349317171/IRS990ScheduleI,full return read (automated row extraction; not individually checked)
United Jewish Community Of Broward County Inc,59-0967823,2023,990 Schedule I,11500,Friends of the Israel Defense Forces (13-3156445),SOCIAL WELFARE &,https://projects.propublica.org/nonprofits/organizations/590967823/202511359349317171/IRS990ScheduleI,full return read (automated row extraction; not individually checked)
United Jewish Community Of Broward County Inc,59-0967823,2024,990 Schedule I,29500,Friends of the Israel Defense Forces (13-3156445),SOCIAL WELFARE & EDU. ACTIVITIES,https://projects.propublica.org/nonprofits/organizations/590967823/202641249349302159/IRS990ScheduleI,full return read (automated row extraction; not individually checked)
United Jewish Fed Endow Fd Tr Rev 63418202,54-0535603,2023,990 Schedule I,372681,Friends of the Israel Defense Forces (13-3156445),GENERAL SUPPORT,https://projects.propublica.org/nonprofits/organizations/540535603/202541059349301419/IRS990ScheduleI,full return read (automated row extraction; not individually checked)
United Jewish Foundation,38-1360585,2012,990 Schedule I,55260,Friends of the Israel Defense Forces (13-3156445),TO SUPPORT ISRAEL DEFENSE FORCES,https://projects.propublica.org/nonprofits/organizations/381360585/201420149349301367/IRS990ScheduleI,full return read (automated row extraction; not individually checked)
United Jewish Foundation,38-1360585,2014,990 Schedule I,149563,Friends of the Israel Defense Forces (13-3156445),TO SUPPORT ISRAEL DEFENSE FORCES,https://projects.propublica.org/nonprofits/organizations/381360585/201513089349300241/IRS990ScheduleI,full return read (automated row extraction; not individually checked)
United Jewish Foundation,38-1360585,2015,990 Schedule I,663860,Friends of the Israel Defense Forces (13-3156445),TO SUPPORT ISRAEL DEFENSE FORCES,https://projects.propublica.org/nonprofits/organizations/381360585/201642889349300934/IRS990ScheduleI,full return read (automated row extraction; not individually checked)
United Jewish Foundation,38-1360585,2016,990 Schedule I,710580,Friends of the Israel Defense Forces (13-3156445),TO SUPPORT ISRAEL DEFENSE FORCES,https://projects.propublica.org/nonprofits/organizations/381360585/201702829349301085/IRS990ScheduleI,full return read (automated row extraction; not individually checked)
United Jewish Foundation,38-1360585,2017,990 Schedule I,799630,Friends of the Israel Defense Forces (13-3156445),TO SUPPORT ISRAEL DEFENSE FORCES,https://projects.propublica.org/nonprofits/organizations/381360585/201822849349301712/IRS990ScheduleI,full return read (automated row extraction; not individually checked)
United Jewish Foundation,38-1360585,2018,990 Schedule I,138884,Friends of the Israel Defense Forces (13-3156445),TO SUPPORT ISRAEL DEFENSE FORCES,https://projects.propublica.org/nonprofits/organizations/381360585/201923099349300712/IRS990ScheduleI,full return read (automated row extraction; not individually checked)
United Jewish Foundation,38-1360585,2020,990 Schedule I,171500,Friends of the Israel Defense Forces (13-3156445),TO SUPPORT ISRAEL DEFENSE FORCES,https://projects.propublica.org/nonprofits/organizations/381360585/202133089349301008/IRS990ScheduleI,full return read (automated row extraction; not individually checked)
United Jewish Foundation,38-1360585,2021,990 Schedule I,145696,Friends of the Israel Defense Forces (13-3156445),TO SUPPORT ISRAEL DEFENSE FORCES,https://projects.propublica.org/nonprofits/organizations/381360585/202233019349300333/IRS990ScheduleI,full return read (automated row extraction; not individually checked)
United Jewish Foundation,38-1360585,2022,990 Schedule I,189336,Friends of the Israel Defense Forces (13-3156445),TO SUPPORT ISRAEL DEFENSE FORCES,https://projects.propublica.org/nonprofits/organizations/381360585/202343389349300334/IRS990ScheduleI,full return read (automated row extraction; not individually checked)
United Way Miami Inc,59-0830840,2014,990 Schedule I,65745,Friends of the Israel Defense Forces (13-3156445),program support,https://projects.propublica.org/nonprofits/organizations/590830840/201610359349300006/IRS990ScheduleI,full return read (automated row extraction; not individually checked)
United Way Miami Inc,59-0830840,2020,990 Schedule I,67460,Friends of the Israel Defense Forces (13-3156445),GENERAL FUNDS,https://projects.propublica.org/nonprofits/organizations/590830840/202211229349300431/IRS990ScheduleI,full return read (automated row extraction; not individually checked)
United Way Miami Inc,59-0830840,2021,990 Schedule I,33845,Friends of the Israel Defense Forces (13-3156445),GENERAL FUNDS,https://projects.propublica.org/nonprofits/organizations/590830840/202330459349301348/IRS990ScheduleI,full return read (automated row extraction; not individually checked)
Unknown Organization,84-0402662,2012,990 Schedule I,9180,Friends of the Israel Defense Forces (13-3156445),GENERAL SUPPORT,https://projects.propublica.org/nonprofits/organizations/840402662/201401359349305445/IRS990ScheduleI,full return read (automated row extraction; not individually checked)
Unknown Organization,23-2438595,2013,990-PF XV 3a paid,5000,Friends of the Israel Defense Forces (13-3156445),Humanitarian,https://projects.propublica.org/nonprofits/organizations/232438595/201522269349100517/IRS990PF,full return read (automated row extraction; not individually checked)
Unknown Organization,20-6017112,2013,990-PF XV 3a paid,500,Friends of the Israel Defense Forces (13-3156445),DONATION,https://projects.propublica.org/nonprofits/organizations/206017112/201401339349101120/IRS990PF,full return read (automated row extraction; not individually checked)
Unknown Organization,06-1531915,2013,990-PF XV 3a paid,2000,Friends of the Israel Defense Forces (13-3156445),UNRESTRICTED,https://projects.propublica.org/nonprofits/organizations/61531915/201401199349100230/IRS990PF,full return read (automated row extraction; not individually checked)
Unknown Organization,95-4635770,2014,990-PF XV 3a paid,25000,Friends of the Israel Defense Forces (13-3156445),CHARITABLE DONATION,https://projects.propublica.org/nonprofits/organizations/954635770/201511259349101261/IRS990PF,full return read (automated row extraction; not individually checked)
Unknown Organization,20-6017112,2014,990-PF XV 3a paid,1000,Friends of the Israel Defense Forces (13-3156445),DONATION,https://projects.propublica.org/nonprofits/organizations/206017112/201500719349100850/IRS990PF,full return read (automated row extraction; not individually checked)
Unknown Organization,95-4603385,2014,990-PF XV 3a paid,250,Friends of the Israel Defense Forces (13-3156445),To further the charitable purposes of the organization.,https://projects.propublica.org/nonprofits/organizations/954603385/201531279349101143/IRS990PF,full return read (automated row extraction; not individually checked)
Vanguard Charitable Endowment Program,23-2888152,2020,990 Schedule I,1435418,Friends of the Israel Defense Forces (13-3156445),FOR RECIPIENT'S EXEMPT PURPOSE,https://projects.propublica.org/nonprofits/organizations/232888152/202211339349310116/IRS990ScheduleI,full return read (automated row extraction; not individually checked)
Vanguard Charitable Endowment Program,23-2888152,2021,990 Schedule I,614550,Friends of the Israel Defense Forces (13-3156445),For recipient's exempt purpose,https://projects.propublica.org/nonprofits/organizations/232888152/202331359349303108/IRS990ScheduleI,full return read (automated row extraction; not individually checked)
Vernon Family Foundation Inc,84-1735239,2025,990-PF XV 3a paid,1800,Friends of the Israel Defense Forces (13-3156445),General nonmilitary support for the health well-being and education of Israels protectors,https://projects.propublica.org/nonprofits/organizations/841735239/202631359349100743/IRS990PF,full return read (automated row extraction; not individually checked)
W K Kellogg Foundation,38-1359264,2014,990-PF XV 3a paid,200,Friends of the Israel Defense Forces (13-3156445),Matching Grant,https://projects.propublica.org/nonprofits/organizations/381359264/201630679349100513/IRS990PF,full return read (automated row extraction; not individually checked)
Wachs-weingarten Charitable Tr,23-7922107,2020,990-PF XV 3a paid,5000,Friends of the Israel Defense Forces (13-3156445),CHARITABLE CONTRIBUTION,https://projects.propublica.org/nonprofits/organizations/237922107/202210479349100206/IRS990PF,full return read (automated row extraction; not individually checked)
Wachs-weingarten Charitable Tr,23-7922107,2021,990-PF XV 3a paid,5000,Friends of the Israel Defense Forces (13-3156445),CHARITABLE CONTRIBUTION,https://projects.propublica.org/nonprofits/organizations/237922107/202342589349100809/IRS990PF,full return read (automated row extraction; not individually checked)
Wachs-weingarten Charitable Tr,23-7922107,2022,990-PF XV 3a paid,6800,Friends of the Israel Defense Forces (13-3156445),CHARITABLE CONTRIBUTION,https://projects.propublica.org/nonprofits/organizations/237922107/202422549349100337/IRS990PF,full return read (automated row extraction; not individually checked)
Wachs-weingarten Charitable Tr,23-7922107,2023,990-PF XV 3a paid,6080,Friends of the Israel Defense Forces (13-3156445),CHARITABLE CONTRIBUTION,https://projects.propublica.org/nonprofits/organizations/237922107/202522559349100527/IRS990PF,full return read (automated row extraction; not individually checked)
Wagner-braunsberg Family Foundation Inc,11-3373671,2014,990-PF XV 3a paid,500,Friends of the Israel Defense Forces (13-3156445),DONATION,https://projects.propublica.org/nonprofits/organizations/113373671/201542169349100309/IRS990PF,full return read (automated row extraction; not individually checked)
Waldorf Family Foundation,71-0954474,2016,990-PF XV 3a paid,180,Friends of the Israel Defense Forces (13-3156445),FURTHERANCE OF THE CHARITY'S PURPOSE,https://projects.propublica.org/nonprofits/organizations/710954474/201800719349100215/IRS990PF,full return read (automated row extraction; not individually checked)
Walter And Lucille Rubin Foundationinc,26-0369836,2021,990-PF XV 3a paid,1000,Friends of the Israel Defense Forces (13-3156445),CASH TO FURTHER THE CHARITABLE PURPOSE OF THE DONEE,https://projects.propublica.org/nonprofits/organizations/260369836/202213199349102506/IRS990PF,full return read (automated row extraction; not individually checked)
Walter M Milford Charitable Foundation,33-0939794,2017,990-PF XV 3a paid,500,Friends of the Israel Defense Forces (13-3156445),GENERAL SUPPORT,https://projects.propublica.org/nonprofits/organizations/330939794/201842889349100954/IRS990PF,full return read (automated row extraction; not individually checked)
Walter M Milford Charitable Foundation,33-0939794,2019,990-PF XV 3a paid,1200,Friends of the Israel Defense Forces (13-3156445),GENERAL SUPPORT,https://projects.propublica.org/nonprofits/organizations/330939794/202041969349101594/IRS990PF,full return read (automated row extraction; not individually checked)
Warren And Kateryna Esanu Familyfoundation,20-8068707,2023,990-PF XV 3a paid,3,Friends of the Israel Defense Forces (13-3156445),501(C),https://projects.propublica.org/nonprofits/organizations/208068707/202403489349100210/IRS990PF,full return read (automated row extraction; not individually checked)
Wasserman Family Foundation Inc,01-0621340,2023,990-PF XV 3a paid,500,Friends of the Israel Defense Forces (13-3156445),PC. DONATION,https://projects.propublica.org/nonprofits/organizations/10621340/202431639349100728/IRS990PF,full return read (automated row extraction; not individually checked)
Weiner Family Foundation,35-2485336,2023,990-PF XV 3a paid,57500,Friends of the Israel Defense Forces (13-3156445),GENERAL FUND CONTRIBUTION FOR ENTITY'S CHARITABLE PURPOSE,https://projects.propublica.org/nonprofits/organizations/352485336/202422579349100627/IRS990PF,full return read (automated row extraction; not individually checked)
Weingart Foundation,95-6054814,2014,990-PF XV 3a paid,10000,Friends of the Israel Defense Forces (13-3156445),GENERAL SUPPORT OF SERVICE PROGRAM,https://projects.propublica.org/nonprofits/organizations/956054814/201503169349101915/IRS990PF,full return read (automated row extraction; not individually checked)
Weingart Foundation,95-6054814,2015,990-PF XV 3a paid,10000,Friends of the Israel Defense Forces (13-3156445),SUPPORT FOR YOUNG LEADERSHIP PROGRAMS,https://projects.propublica.org/nonprofits/organizations/956054814/201602819349100105/IRS990PF,full return read (automated row extraction; not individually checked)
Weingart Foundation,95-6054814,2016,990-PF XV 3a paid,5000,Friends of the Israel Defense Forces (13-3156445),SUPPORT FOR YOUNG LEADERSHIP,https://projects.propublica.org/nonprofits/organizations/956054814/201743179349102154/IRS990PF,full return read (automated row extraction; not individually checked)
Weingart Foundation,95-6054814,2018,990-PF XV 3a paid,2500,Friends of the Israel Defense Forces (13-3156445),UNRESTRICTED OPERATING SUPPORT GRANT,https://projects.propublica.org/nonprofits/organizations/956054814/201943169349100529/IRS990PF,full return read (automated row extraction; not individually checked)
Weintraub Family Foundation,95-4233932,2014,990-PF XV 3a paid,1000,Friends of the Israel Defense Forces (13-3156445),UNRESTRICTED SUPPORT,https://projects.propublica.org/nonprofits/organizations/954233932/201513139349100861/IRS990PF,full return read (automated row extraction; not individually checked)
Weiser Family Foundation,41-1987618,2024,990-PF XV 3a paid,12000,Friends of the Israel Defense Forces (13-3156445),GENERAL OPERATING,https://projects.propublica.org/nonprofits/organizations/411987618/202541339349103874/IRS990PF,full return read (automated row extraction; not individually checked)
Weiss Family Foundation Inc,22-3538607,2012,990-PF XV 3a paid,9000,Friends of the Israel Defense Forces (13-3156445),SCHOLARSHIPS FOR IDF,https://projects.propublica.org/nonprofits/organizations/223538607/201342879349100504/IRS990PF,full return read (automated row extraction; not individually checked)
Weiss Family Foundation Inc,22-3538607,2013,990-PF XV 3a paid,8000,Friends of the Israel Defense Forces (13-3156445),SCHOLARSHIPS FOR IDF,https://projects.propublica.org/nonprofits/organizations/223538607/201422519349100162/IRS990PF,full return read (automated row extraction; not individually checked)
Weiss Family Foundation Inc,22-3538607,2015,990-PF XV 3a paid,4000,Friends of the Israel Defense Forces (13-3156445),SCHOLARSHIPS FOR IDF,https://projects.propublica.org/nonprofits/organizations/223538607/201612459349100001/IRS990PF,full return read (automated row extraction; not individually checked)
Weiss Family Foundation Inc,22-3538607,2016,990-PF XV 3a paid,4000,Friends of the Israel Defense Forces (13-3156445),SCHOLARSHIPS FOR IDF,https://projects.propublica.org/nonprofits/organizations/223538607/201742689349100704/IRS990PF,full return read (automated row extraction; not individually checked)
Weiss Family Private Operating Foundation,82-2287833,2021,990-PF XV 3a paid,25000,Friends of the Israel Defense Forces (13-3156445),COMMUNITY OUTREACH,https://projects.propublica.org/nonprofits/organizations/822287833/202243179349100504/IRS990PF,full return read (automated row extraction; not individually checked)
Weiss Family Private Operating Foundation,82-2287833,2023,990-PF XV 3a paid,3000,Friends of the Israel Defense Forces (13-3156445),COMMUNITY OUTREACH,https://projects.propublica.org/nonprofits/organizations/822287833/202413169349101136/IRS990PF,full return read (automated row extraction; not individually checked)
Weitz Family Charitable Foundation Inc,11-3375476,2023,990-PF XV 3a paid,100000,Friends of the Israel Defense Forces (13-3156445),UNRESTRICTED GRANTS,https://projects.propublica.org/nonprofits/organizations/113375476/202411369349103546/IRS990PF,full return read (automated row extraction; not individually checked)
Weitz Family Charitable Foundation Inc,11-3375476,2024,990-PF XV 3a paid,100000,Friends of the Israel Defense Forces (13-3156445),UNRESTRICTED GRANTS,https://projects.propublica.org/nonprofits/organizations/113375476/202521359349104107/IRS990PF,full return read (automated row extraction; not individually checked)
Wendi And Daniel H Abramowitz Family Foundation Inc,52-2278451,2023,990-PF XV 3a paid,360,Friends of the Israel Defense Forces (13-3156445),GENERAL CONTRIBUTION,https://projects.propublica.org/nonprofits/organizations/522278451/202443129349102059/IRS990PF,full return read (automated row extraction; not individually checked)
Wendy And Jerry Marks Foundation,27-4195320,2013,990-PF XV 3a paid,4000,Friends of the Israel Defense Forces (13-3156445),Lone Solider Fund,https://projects.propublica.org/nonprofits/organizations/274195320/201413179349101556/IRS990PF,full return read (automated row extraction; not individually checked)
Wendy And Jerry Marks Foundation,27-4195320,2014,990-PF XV 3a paid,100,Friends of the Israel Defense Forces (13-3156445),General & Unrestricted,https://projects.propublica.org/nonprofits/organizations/274195320/201511329349103101/IRS990PF,full return read (automated row extraction; not individually checked)
Wendy And Jerry Marks Foundation,27-4195320,2014,990-PF XV 3a paid,16000,Friends of the Israel Defense Forces (13-3156445),Palm Beach/Broward Region,https://projects.propublica.org/nonprofits/organizations/274195320/201511329349103101/IRS990PF,full return read (automated row extraction; not individually checked)
Wendy And Jerry Marks Foundation,27-4195320,2015,990-PF XV 3a paid,180,Friends of the Israel Defense Forces (13-3156445),General & Unrestricted,https://projects.propublica.org/nonprofits/organizations/274195320/201613069349100851/IRS990PF,full return read (automated row extraction; not individually checked)
Wendy And Jerry Marks Foundation,27-4195320,2016,990-PF XV 3a paid,4000,Friends of the Israel Defense Forces (13-3156445),Lone Soldier Program,https://projects.propublica.org/nonprofits/organizations/274195320/201733149349100233/IRS990PF,full return read (automated row extraction; not individually checked)
Weseley Family Charitable Foundation,27-5022921,2014,990-PF XV 3a paid,720,Friends of the Israel Defense Forces (13-3156445),General & Unrestricted,https://projects.propublica.org/nonprofits/organizations/275022921/201521329349102847/IRS990PF,full return read (automated row extraction; not individually checked)
Weseley Family Charitable Foundation,27-5022921,2019,990-PF XV 3a paid,100,Friends of the Israel Defense Forces (13-3156445),General & Unrestricted,https://projects.propublica.org/nonprofits/organizations/275022921/202023189349102947/IRS990PF,full return read (automated row extraction; not individually checked)
Weseley Family Charitable Foundation,27-5022921,2025,990-PF XV 3a paid,180,Friends of the Israel Defense Forces (13-3156445),General & Unrestricted,https://projects.propublica.org/nonprofits/organizations/275022921/202611339349104866/IRS990PF,full return read (automated row extraction; not individually checked)
Wesleyan Family Camp,61-1645396,2023,990-PF XV 3a paid,20000,Friends of the Israel Defense Forces (13-3156445),BENEVOLENT OFFERINGS,https://projects.propublica.org/nonprofits/organizations/611645396/202442229349100119/IRS990PF,full return read (automated row extraction; not individually checked)
Westminster Barrington Foundation,20-3956194,2018,990-PF XV 3a paid,1000,Friends of the Israel Defense Forces (13-3156445),OTHER PUBLIC CHARITY SUPPORT ISREALIS SOLDIERS WITH VARIOUS RESOURCES,https://projects.propublica.org/nonprofits/organizations/203956194/201921349349103282/IRS990PF,full return read (automated row extraction; not individually checked)
Westminster Barrington Foundation,20-3956194,2019,990-PF XV 3a paid,1000,Friends of the Israel Defense Forces (13-3156445),OTHER PUBLIC CHARITY SUPPORT ISREALIS SOLDIERS WITH VARIOUS RESOURCES,https://projects.propublica.org/nonprofits/organizations/203956194/202041969349101439/IRS990PF,full return read (automated row extraction; not individually checked)
Westminster Barrington Foundation,20-3956194,2021,990-PF XV 3a paid,1000,Friends of the Israel Defense Forces (13-3156445),General & Unrestricted,https://projects.propublica.org/nonprofits/organizations/203956194/202213199349110096/IRS990PF,full return read (automated row extraction; not individually checked)
Westminster Barrington Foundation,20-3956194,2022,990-PF XV 3a paid,1000,Friends of the Israel Defense Forces (13-3156445),General & Unrestricted,https://projects.propublica.org/nonprofits/organizations/203956194/202342909349100714/IRS990PF,full return read (automated row extraction; not individually checked)
Westminster Barrington Foundation,20-3956194,2023,990-PF XV 3a paid,1000,Friends of the Israel Defense Forces (13-3156445),General & Unrestricted,https://projects.propublica.org/nonprofits/organizations/203956194/202402429349100815/IRS990PF,full return read (automated row extraction; not individually checked)
Westminster Barrington Foundation,20-3956194,2024,990-PF XV 3a paid,1000,Friends of the Israel Defense Forces (13-3156445),General & Unrestricted,https://projects.propublica.org/nonprofits/organizations/203956194/202503119349100710/IRS990PF,full return read (automated row extraction; not individually checked)
Wild Family Foundation,86-2091224,2023,990-PF XV 3a paid,10144,Friends of the Israel Defense Forces (13-3156445),See attached general explanation,https://projects.propublica.org/nonprofits/organizations/862091224/202432919349100633/IRS990PF,full return read (automated row extraction; not individually checked)
Wilf Family Foundation,22-6075840,2016,990-PF XV 3a paid,3600,Friends of the Israel Defense Forces (13-3156445),BENEFIT SUPPORT,https://projects.propublica.org/nonprofits/organizations/226075840/201830689349100713/IRS990PF,full return read (automated row extraction; not individually checked)
Wilf Family Foundation,22-6075840,2017,990-PF XV 3a paid,3600,Friends of the Israel Defense Forces (13-3156445),BENEFIT SUPPORT,https://projects.propublica.org/nonprofits/organizations/226075840/201900679349100600/IRS990PF,full return read (automated row extraction; not individually checked)
Wilf Family Foundation,22-6075840,2018,990-PF XV 3a paid,3600,Friends of the Israel Defense Forces (13-3156445),BENEFIT SUPPORT,https://projects.propublica.org/nonprofits/organizations/226075840/202020699349100117/IRS990PF,full return read (automated row extraction; not individually checked)
Wilf Family Foundation,22-6075840,2019,990-PF XV 3a paid,3600,Friends of the Israel Defense Forces (13-3156445),BENEFIT SUPPORT,https://projects.propublica.org/nonprofits/organizations/226075840/202130719349100758/IRS990PF,full return read (automated row extraction; not individually checked)
Wilf Family Foundation,22-6075840,2020,990-PF XV 3a paid,3600,Friends of the Israel Defense Forces (13-3156445),BENEFIT SUPPORT,https://projects.propublica.org/nonprofits/organizations/226075840/202222509349100802/IRS990PF,full return read (automated row extraction; not individually checked)
Wilf Family Foundation,22-6075840,2022,990-PF XV 3a paid,10000,Friends of the Israel Defense Forces (13-3156445),EVENT SPONSORSHIP,https://projects.propublica.org/nonprofits/organizations/226075840/202442279349100704/IRS990PF,full return read (automated row extraction; not individually checked)
William & Anna Tenenblatt Foundation Inc,95-4774270,2023,990-PF XV 3a paid,51000,Friends of the Israel Defense Forces (13-3156445),GENERAL CHARITABLE,https://projects.propublica.org/nonprofits/organizations/954774270/202423209349102997/IRS990PF,full return read (automated row extraction; not individually checked)
William & Leona Lorberbaum Charitable Foundation,11-3346508,2016,990-PF XV 3a paid,2000,Friends of the Israel Defense Forces (13-3156445),EXEMPT GENERAL,https://projects.propublica.org/nonprofits/organizations/113346508/201730659349100403/IRS990PF,full return read (automated row extraction; not individually checked)
William & Leona Lorberbaum Charitable Foundation,11-3346508,2017,990-PF XV 3a paid,1500,Friends of the Israel Defense Forces (13-3156445),EXEMPT GENERAL,https://projects.propublica.org/nonprofits/organizations/113346508/201830939349100608/IRS990PF,full return read (automated row extraction; not individually checked)
William & Sylvia Silberstein Foundation Inc,23-7108375,2023,990-PF XV 3a paid,35000,Friends of the Israel Defense Forces (13-3156445),GENERAL SUPPORT,https://projects.propublica.org/nonprofits/organizations/237108375/202522799349101017/IRS990PF,full return read (automated row extraction; not individually checked)
William And Cynthia Marcus Family Charitable Trust,04-6042910,2012,990-PF XV 3a paid,13000,Friends of the Israel Defense Forces (13-3156445),TO FURTHER ENTITY'S EXEMPT PURPOSE,https://projects.propublica.org/nonprofits/organizations/46042910/201420439349100212/IRS990PF,full return read (automated row extraction; not individually checked)
William And Cynthia Marcus Family Charitable Trust,04-6042910,2013,990-PF XV 3a paid,16000,Friends of the Israel Defense Forces (13-3156445),TO FURTHER ENTITY'S EXEMPT PURPOSE,https://projects.propublica.org/nonprofits/organizations/46042910/201403429349100500/IRS990PF,full return read (automated row extraction; not individually checked)
William And Cynthia Marcus Family Charitable Trust,04-6042910,2020,990-PF XV 3a paid,15000,Friends of the Israel Defense Forces (13-3156445),TO FURTHER ENTITY'S EXEMPT PURPOSE,https://projects.propublica.org/nonprofits/organizations/46042910/202240399349101204/IRS990PF,full return read (automated row extraction; not individually checked)
William And Elyssa Friedland Foundation,83-1330858,2024,990-PF XV 3a paid,10020,Friends of the Israel Defense Forces (13-3156445),DONATION TO SUPPORT CHARITABLE PURPOSES,https://projects.propublica.org/nonprofits/organizations/831330858/202503189349100645/IRS990PF,full return read (automated row extraction; not individually checked)
William And Phyllis Mack Family Foundation Inc,22-3512719,2023,990-PF XV 3a paid,100500,Friends of the Israel Defense Forces (13-3156445),CHARITY,https://projects.propublica.org/nonprofits/organizations/223512719/202433199349101883/IRS990PF,full return read (automated row extraction; not individually checked)
William And Phyllis Mack Family Foundation Inc,22-3512719,2024,990-PF XV 3a paid,1000,Friends of the Israel Defense Forces (13-3156445),CHARITY,https://projects.propublica.org/nonprofits/organizations/223512719/202513119349101811/IRS990PF,full return read (automated row extraction; not individually checked)
William Davidson Foundation,20-3899187,2024,990-PF XV 3a paid,25000,Friends of the Israel Defense Forces (13-3156445),To sponsor the 2024 Michigan Night of Solidarity Annual Dinner,https://projects.propublica.org/nonprofits/organizations/203899187/202513219349105786/IRS990PF,full return read (automated row extraction; not individually checked)
William H Donner Foundation Inc,23-1611346,2020,990-PF XV 3a paid,20000,Friends of the Israel Defense Forces (13-3156445),General Support: Veterans,https://projects.propublica.org/nonprofits/organizations/231611346/202222519349100402/IRS990PF,full return read (automated row extraction; not individually checked)
William H Donner Foundation Inc,23-1611346,2021,990-PF XV 3a paid,20000,Friends of the Israel Defense Forces (13-3156445),General Support,https://projects.propublica.org/nonprofits/organizations/231611346/202342549349100419/IRS990PF,full return read (automated row extraction; not individually checked)
William P Goldman & Brothers Foundation Inc,13-6163100,2013,990-PF XV 3a paid,5000,Friends of the Israel Defense Forces (13-3156445),SUPPORT,https://projects.propublica.org/nonprofits/organizations/136163100/201431249349100303/IRS990PF,full return read (automated row extraction; not individually checked)
William P Goldman & Brothers Foundation Inc,13-6163100,2014,990-PF XV 3a paid,5000,Friends of the Israel Defense Forces (13-3156445),SUPPORT,https://projects.propublica.org/nonprofits/organizations/136163100/201521369349100602/IRS990PF,full return read (automated row extraction; not individually checked)
William P Goldman & Brothers Foundation Inc,13-6163100,2015,990-PF XV 3a paid,8500,Friends of the Israel Defense Forces (13-3156445),SUPPORT,https://projects.propublica.org/nonprofits/organizations/136163100/201611279349100831/IRS990PF,full return read (automated row extraction; not individually checked)
William P Goldman & Brothers Foundation Inc,13-6163100,2018,990-PF XV 3a paid,25000,Friends of the Israel Defense Forces (13-3156445),SUPPORT,https://projects.propublica.org/nonprofits/organizations/136163100/201903149349100100/IRS990PF,full return read (automated row extraction; not individually checked)
William P Goldman & Brothers Foundation Inc,13-6163100,2021,990-PF XV 3a paid,25000,Friends of the Israel Defense Forces (13-3156445),SUPPORT,https://projects.propublica.org/nonprofits/organizations/136163100/202242239349100004/IRS990PF,full return read (automated row extraction; not individually checked)
William P Goldman & Brothers Foundation Inc,13-6163100,2022,990-PF XV 3a paid,16000,Friends of the Israel Defense Forces (13-3156445),SUPPORT,https://projects.propublica.org/nonprofits/organizations/136163100/202302529349100100/IRS990PF,full return read (automated row extraction; not individually checked)
William P Goldman & Brothers Foundation Inc,13-6163100,2023,990-PF XV 3a paid,15900,Friends of the Israel Defense Forces (13-3156445),SUPPORT,https://projects.propublica.org/nonprofits/organizations/136163100/202402169349100300/IRS990PF,full return read (automated row extraction; not individually checked)
William P Goldman & Brothers Foundation Inc,13-6163100,2024,990-PF XV 3a paid,19000,Friends of the Israel Defense Forces (13-3156445),SUPPORT,https://projects.propublica.org/nonprofits/organizations/136163100/202512059349100501/IRS990PF,full return read (automated row extraction; not individually checked)
William P Goldman & Brothers Foundation Inc,13-6163100,2024,990-PF XV 3a paid,500,Friends of the Israel Defense Forces (13-3156445),SUPPORT,https://projects.propublica.org/nonprofits/organizations/136163100/202512059349100501/IRS990PF,full return read (automated row extraction; not individually checked)
Winfield Foundation Tr Ua 12301998,13-7170245,2023,990-PF XV 3a paid,10000,Friends of the Israel Defense Forces (13-3156445),UNRESTRICTED,https://projects.propublica.org/nonprofits/organizations/137170245/202401769349100750/IRS990PF,full return read (automated row extraction; not individually checked)
Winokur Family Foundation,20-4973390,2014,990-PF XV 3a paid,8500,Friends of the Israel Defense Forces (13-3156445),Impact Scholarship Fund,https://projects.propublica.org/nonprofits/organizations/204973390/201531319349101943/IRS990PF,full return read (automated row extraction; not individually checked)
Winter Foundation Inc,38-3872889,2013,990-PF XV 3a paid,1000,Friends of the Israel Defense Forces (13-3156445),COMMUNITY SERVICE,https://projects.propublica.org/nonprofits/organizations/383872889/201412189349100421/IRS990PF,full return read (automated row extraction; not individually checked)
Winter Foundation Inc,38-3872889,2016,990-PF XV 3a paid,12358,Friends of the Israel Defense Forces (13-3156445),COMMUNITY SERVICE,https://projects.propublica.org/nonprofits/organizations/383872889/201712229349100726/IRS990PF,full return read (automated row extraction; not individually checked)
Winter Foundation Inc,38-3872889,2017,990-PF XV 3a paid,8200,Friends of the Israel Defense Forces (13-3156445),COMMUNITY SERVICE,https://projects.propublica.org/nonprofits/organizations/383872889/201803179349101015/IRS990PF,full return read (automated row extraction; not individually checked)
Wolfe H And Lynn R Bragin Family Foundation Inc,46-1409463,2023,990-PF XV 3a paid,10000,Friends of the Israel Defense Forces (13-3156445),Provide Education to Israeli Soldiers,https://projects.propublica.org/nonprofits/organizations/461409463/202531219349102008/IRS990PF,full return read (automated row extraction; not individually checked)
Wolfen Family Foundation,95-4745065,2023,990-PF XV 3a paid,5000,Friends of the Israel Defense Forces (13-3156445),CHARITABLE ORG. CHARITABLE,https://projects.propublica.org/nonprofits/organizations/954745065/202403189349103255/IRS990PF,full return read (automated row extraction; not individually checked)
Y & S Nazarian Family Foundation,95-4774321,2020,990-PF XV 3a paid,508000,Friends of the Israel Defense Forces (13-3156445),General Support,https://projects.propublica.org/nonprofits/organizations/954774321/202143199349110289/IRS990PF,full return read (row individually checked)
Yardeni Family Foundation,47-1954419,2023,990-PF XV 3a paid,77000,Friends of the Israel Defense Forces (13-3156445),CHARITABLE,https://projects.propublica.org/nonprofits/organizations/471954419/202413189349101591/IRS990PF,full return read (automated row extraction; not individually checked)
Yaris Family Foundation,47-1145211,2016,990-PF XV 3a paid,100,Friends of the Israel Defense Forces (13-3156445),GENERAL,https://projects.propublica.org/nonprofits/organizations/471145211/201733179349100708/IRS990PF,full return read (automated row extraction; not individually checked)
Yelp Foundation,45-4001403,2021,990-PF XV 3a paid,50,Friends of the Israel Defense Forces (13-3156445),"MATCHING CONTRIBUTION MADE BY EMPLOYEE OF YELP, INC.",https://projects.propublica.org/nonprofits/organizations/454001403/202233189349104188/IRS990PF,full return read (automated row extraction; not individually checked)
Yelp Foundation,45-4001403,2022,990-PF XV 3a paid,100,Friends of the Israel Defense Forces (13-3156445),"MATCHING CONTRIBUTION MADE BY EMPLOYEE OF YELP, INC.",https://projects.propublica.org/nonprofits/organizations/454001403/202441289349103684/IRS990PF,full return read (automated row extraction; not individually checked)
Yolles Charitable Foundation Inc,47-3503549,2023,990-PF XV 3a paid,1000,Friends of the Israel Defense Forces (13-3156445),Supports the wellbeing of soldiers,https://projects.propublica.org/nonprofits/organizations/473503549/202412889349100616/IRS990PF,full return read (automated row extraction; not individually checked)
Youngstown Area Jewish Federation,34-0714442,2015,990 Schedule I,30000,Friends of the Israel Defense Forces (13-3156445),TO SUPPORT ORGANIZATIONS THAT HAVE ACTIVITIES WHICH FALL WITHIN OUR MISSION.,https://projects.propublica.org/nonprofits/organizations/340714442/201633209349303423/IRS990ScheduleI,full return read (automated row extraction; not individually checked)
Youngstown Area Jewish Federation,34-0714442,2016,990 Schedule I,36000,Friends of the Israel Defense Forces (13-3156445),TO SUPPORT ORGANIZATIONS THAT HAVE ACTIVITIES WHICH FALL WITHIN OUR MISSION.,https://projects.propublica.org/nonprofits/organizations/340714442/201703199349314280/IRS990ScheduleI,full return read (automated row extraction; not individually checked)
Youngstown Area Jewish Federation,34-0714442,2017,990 Schedule I,30000,Friends of the Israel Defense Forces (13-3156445),TO SUPPORT ORGANIZATIONS THAT HAVE ACTIVITIES WHICH FALL WITHIN OUR MISSION.,https://projects.propublica.org/nonprofits/organizations/340714442/201833179349304083/IRS990ScheduleI,full return read (automated row extraction; not individually checked)
Youngstown Area Jewish Federation,34-0714442,2018,990 Schedule I,20000,Friends of the Israel Defense Forces (13-3156445),TO SUPPORT ORGANIZATIONS THAT HAVE ACTIVITIES WHICH FALL WITHIN OUR MISSION.,https://projects.propublica.org/nonprofits/organizations/340714442/201943199349306564/IRS990ScheduleI,full return read (automated row extraction; not individually checked)
Youngstown Area Jewish Federation,34-0714442,2019,990 Schedule I,10000,Friends of the Israel Defense Forces (13-3156445),TO SUPPORT ORGANIZATIONS THAT HAVE ACTIVITIES WHICH FALL WITHIN OUR MISSION.,https://projects.propublica.org/nonprofits/organizations/340714442/202043189349303679/IRS990ScheduleI,full return read (automated row extraction; not individually checked)
Youngstown Area Jewish Foundation,82-2189237,2019,990 Schedule I,20000,Friends of the Israel Defense Forces (13-3156445),TO SUPPORT ORGANIZATIONS THAT HAVE ACTIVITIES WHICH FALL WITHIN OUR MISSION.,https://projects.propublica.org/nonprofits/organizations/822189237/202013189349304416/IRS990ScheduleI,full return read (automated row extraction; not individually checked)
Youngstown Foundation,34-6515788,2021,990 Schedule I,11500,Friends of the Israel Defense Forces (13-3156445),PROGRAM SUPPORT,https://projects.propublica.org/nonprofits/organizations/346515788/202223199349321552/IRS990ScheduleI,full return read (automated row extraction; not individually checked)
Yvette & Arthur Eder Charitable Foundation Trust,75-6642619,2023,990-PF XV 3a paid,3,Friends of the Israel Defense Forces (13-3156445),CONTRIBUTION TO SUPPORT 501(C),https://projects.propublica.org/nonprofits/organizations/756642619/202411299349102111/IRS990PF,full return read (automated row extraction; not individually checked)
Zarabi Family Foundation,81-4359394,2017,990-PF XV 3a paid,286,Friends of the Israel Defense Forces (13-3156445),GENERAL OPERATING SUPPORT,https://projects.propublica.org/nonprofits/organizations/814359394/201832009349100408/IRS990PF,full return read (automated row extraction; not individually checked)
Zarabi Family Foundation,81-4359394,2018,990-PF XV 3a paid,2000,Friends of the Israel Defense Forces (13-3156445),GENERAL OPERATING SUPPORT,https://projects.propublica.org/nonprofits/organizations/814359394/201933019349100208/IRS990PF,full return read (automated row extraction; not individually checked)
Zell And Myrna Hurwitz Foundation Inc,52-1444499,2020,990-PF XV 3a paid,225,Friends of the Israel Defense Forces (13-3156445),GENERAL OPERATIONS,https://projects.propublica.org/nonprofits/organizations/521444499/202240419349100324/IRS990PF,full return read (automated row extraction; not individually checked)
Zell And Myrna Hurwitz Foundation Inc,52-1444499,2022,990-PF XV 3a paid,1500,Friends of the Israel Defense Forces (13-3156445),GENERAL OPERATIONS,https://projects.propublica.org/nonprofits/organizations/521444499/202420699349100512/IRS990PF,full return read (automated row extraction; not individually checked)
Zell And Myrna Hurwitz Foundation Inc,52-1444499,2023,990-PF XV 3a paid,6000,Friends of the Israel Defense Forces (13-3156445),GENERAL OPERATIONS,https://projects.propublica.org/nonprofits/organizations/521444499/202510649349100601/IRS990PF,full return read (automated row extraction; not individually checked)
Zev And Susan Munk Family Foundation,47-2374942,2021,990-PF XV 3a paid,3,Friends of the Israel Defense Forces (13-3156445),501(C),https://projects.propublica.org/nonprofits/organizations/472374942/202201689349100700/IRS990PF,full return read (automated row extraction; not individually checked)
Zieff Family Fund Inc,06-6050400,2023,990-PF XV 3a paid,400,Friends of the Israel Defense Forces (13-3156445),NPNE 501(C)(3) UNRESTRICTED,https://projects.propublica.org/nonprofits/organizations/66050400/202401349349102770/IRS990PF,full return read (automated row extraction; not individually checked)
Zimmer Family Foundation Inc,81-0586837,2023,990-PF XV 3a paid,5000,Friends of the Israel Defense Forces (13-3156445),To promote the work of the organizations,https://projects.propublica.org/nonprofits/organizations/810586837/202431359349103483/IRS990PF,full return read (automated row extraction; not individually checked)
Zissu Family Foundation,22-6612155,2020,990-PF XV 3a paid,1000,Friends of the Israel Defense Forces (13-3156445),TO FURTHER DONEES EXEMPT PURPOSE,https://projects.propublica.org/nonprofits/organizations/226612155/202110719349100756/IRS990PF,full return read (automated row extraction; not individually checked)
Zissu Family Foundation,22-6612155,2025,990-PF XV 3a paid,1000,Friends of the Israel Defense Forces (13-3156445),TO FURTHER DONEES EXEMPT PURPOSE,https://projects.propublica.org/nonprofits/organizations/226612155/202601209349100915/IRS990PF,full return read (automated row extraction; not individually checked)
Zommer Foundation,83-2484601,2021,990-PF XV 3a paid,669,Friends of the Israel Defense Forces (13-3156445),Donation,https://projects.propublica.org/nonprofits/organizations/832484601/202203119349102075/IRS990PF,full return read (automated row extraction; not individually checked)
Zs & M Wilf Foundation Inc,22-3553441,2016,990-PF XV 3a paid,3600,Friends of the Israel Defense Forces (13-3156445),GENERAL SUPPORT,https://projects.propublica.org/nonprofits/organizations/223553441/201701639349100020/IRS990PF,full return read (automated row extraction; not individually checked)
Zs & M Wilf Foundation Inc,22-3553441,2022,990-PF XV 3a paid,1800,Friends of the Israel Defense Forces (13-3156445),GENERAL OPERATING SUPPORT,https://projects.propublica.org/nonprofits/organizations/223553441/202323119349102167/IRS990PF,full return read (automated row extraction; not individually checked)
