depart,return,traveler,role,chamber,party,state_district,sponsor,destination,cost_total,cost_breakdown,source_url,read_status
2013-02-20,,Marco Rubio,"Marco Rubio, United States Senator.",Senate,,,"Government of the State of Israel. [foreign government gift, 5 U.S.C. 7342]",Israel,,estimated value as reported: Travel: Transportation expense. Rec'd--2/20/ 2013. Est. Value-- Unknown.,https://www.govinfo.gov/content/pkg/FR-2014-11-12/html/2014-26782.htm,federal_register_text (date = date received; return date only where a range is given)
2013-02-20,,Mr. Brian Walsh,"Mr. Brian Walsh, Professional Staff Member, Select Committee on Intelligence, United States Senate.",Senate,,,"Government of the State of Israel. [foreign government gift, 5 U.S.C. 7342]",Israel,,estimated value as reported: Travel: Transportation expense. Rec'd--2/20/ 2013. Est. Value-- Unknown.,https://www.govinfo.gov/content/pkg/FR-2014-11-12/html/2014-26782.htm,federal_register_text (date = date received; return date only where a range is given)
2013-02-20,,Mr. Jamie Fly,"Mr. Jamie Fly, Counselor for Foriegn and National Security Affairs, Office of United States Senator Marco Rubio, United States Senate.",Senate,,,"Government of the State of Israel. [foreign government gift, 5 U.S.C. 7342]",Israel,,estimated value as reported: Travel: Transportation expense. Rec'd--2/20/ 2013. Est. Value-- Unknown.,https://www.govinfo.gov/content/pkg/FR-2014-11-12/html/2014-26782.htm,federal_register_text (date = date received; return date only where a range is given)
2013-05-28,,Mr. Daniel O'Brien,"Mr. Daniel O'Brien, Chief of Staff, Senator Robert Menendez, United States Senate.",Senate,,,"Government of the State of Israel. [foreign government gift, 5 U.S.C. 7342]",Israel,,estimated value as reported: Travel: Transportation expense. Rec'd--5/28/ 2013. Est. Value-- Unknown.,https://www.govinfo.gov/content/pkg/FR-2014-11-12/html/2014-26782.htm,federal_register_text (date = date received; return date only where a range is given)
2013-05-28,,Mr. Ilan Goldenberg,"Mr. Ilan Goldenberg, Professional Staff Member, Committee on Foreign Relations, United States Senate.",Senate,,,"Government of the State of Israel. [foreign government gift, 5 U.S.C. 7342]",Israel,,estimated value as reported: Travel: Transportation expense. Rec'd--5/28/ 2013. Est. Value-- Unknown.,https://www.govinfo.gov/content/pkg/FR-2014-11-12/html/2014-26782.htm,federal_register_text (date = date received; return date only where a range is given)
2013-05-28,,Ms. Jodi Herman,"Ms. Jodi Herman, Chief Counsel, Committee on Foreign Relations, United States Senate.",Senate,,,"Government of the State of Israel. [foreign government gift, 5 U.S.C. 7342]",Israel,,estimated value as reported: Travel: Transportation expense. Rec'd--5/28/ 2013. Est. Value-- Unknown.,https://www.govinfo.gov/content/pkg/FR-2014-11-12/html/2014-26782.htm,federal_register_text (date = date received; return date only where a range is given)
2013-05-28,,Robert Menendez,"Robert Menendez, United States Senate.",Senate,,,"Government of the State of Israel. [foreign government gift, 5 U.S.C. 7342]",Israel,,estimated value as reported: Travel: Transportation expense. Rec'd--5/28/ 2013. Est. Value-- Unknown.,https://www.govinfo.gov/content/pkg/FR-2014-11-12/html/2014-26782.htm,federal_register_text (date = date received; return date only where a range is given)
2014-11-28,,Elizabeth Warren,"Elizabeth Warren, Senator of the United States.",Senate,,,"Government of the State of Israel. [foreign government gift, 5 U.S.C. 7342]",Israel,,estimated value as reported: TRAVEL: Transportation within the State of Israel via small aircraft. Rec'd--11/28/ 2014. Est. Value-- Unknown.,https://www.govinfo.gov/content/pkg/FR-2015-11-25/html/2015-29897.htm,federal_register_text (date = date received; return date only where a range is given)
2014-11-28,,Mr. Bruce Mann,"Mr. Bruce Mann, Husband of Senator Elizabeth Warren.",Senate,,,"Government of the State of Israel. [foreign government gift, 5 U.S.C. 7342]",Israel,,estimated value as reported: TRAVEL: Transportation within the State of Israel via small aircraft. Rec'd--11/28/ 2014. Est. Value-- Unknown.,https://www.govinfo.gov/content/pkg/FR-2015-11-25/html/2015-29897.htm,federal_register_text (date = date received; return date only where a range is given)
2019-07-27,2019-08-04,Grady Bourn,"Staff (inferred from names) (office of Carter, John R.)",House,Republican,TX-31,American Israel Education Foundation (AIEF),"Jerusalem, Israel; Tel Aviv, Israel; Tiberias, Israel",,,https://disclosures-clerk.house.gov/public_disc/gift-pdfs/2019Travel.zip,index:clerk_bulk; pdf_not_served_by_clerk; filing=500021859
2019-07-27,2019-08-04,Sara Matar,"Staff (inferred from names) (office of Zeldin, Lee M.)",House,Republican,NY-1,American Israel Education Foundation (AIEF),"Jerusalem, Israel; Tel Aviv, Israel; Tiberias, Israel",,,https://disclosures-clerk.house.gov/public_disc/gift-pdfs/2019Travel.zip,index:clerk_bulk; pdf_not_served_by_clerk; filing=500022071
2019-08-04,2019-08-12,Ben McAdams,Member (inferred from names),House,Democrat,UT-4,American Israel Education Foundation (AIEF),"Jerusalem, Israel; Tel Aviv, Israel; Tiberias, Israel",,,https://disclosures-clerk.house.gov/public_disc/gift-pdfs/2019Travel.zip,index:clerk_bulk; pdf_not_served_by_clerk; filing=500021946
2019-08-04,2019-08-12,Gilbert Cisneros,Member (inferred from names),House,Democrat,CA-31,American Israel Education Foundation (AIEF),"Jerusalem, Israel; Tel Aviv, Israel; Tiberias, Israel",,,https://disclosures-clerk.house.gov/public_disc/gift-pdfs/2019Travel.zip,index:clerk_bulk; pdf_not_served_by_clerk; filing=500021935
2019-08-04,2019-08-12,Jimmy Gomez,Member (inferred from names),House,Democrat,CA-34,American Israel Education Foundation (AIEF),"Jerusalem, Israel; Tel Aviv, Israel; Tiberias, Israel",,,https://disclosures-clerk.house.gov/public_disc/gift-pdfs/2019Travel.zip,index:clerk_bulk; pdf_not_served_by_clerk; filing=500021922
2019-08-04,2019-08-11,Joe Neguse,Member (inferred from names),House,Democrat,CO-2,American Israel Education Foundation (AIEF),"Jerusalem, Israel; Tel Aviv, Israel; Tiberias, Israel",,,https://disclosures-clerk.house.gov/public_disc/gift-pdfs/2019Travel.zip,index:clerk_bulk; pdf_not_served_by_clerk; filing=500021921
2019-08-08,2019-08-16,Caleb Smith,"Staff (inferred from names) (office of McCarthy, Kevin)",House,Republican,CA-20,American Israel Education Foundation (AIEF),"Jerusalem, Israel; Tel Aviv, Israel; Tiberias, Israel",,,https://disclosures-clerk.house.gov/public_disc/gift-pdfs/2019Travel.zip,index:clerk_bulk; pdf_not_served_by_clerk; filing=500022077
2019-08-08,2019-08-16,Dan Meyer,"Staff (inferred from names) (office of McCarthy, Kevin)",House,Republican,CA-20,American Israel Education Foundation (AIEF),"Jerusalem, Israel; Tel Aviv, Israel; Tiberias, Israel",,,https://disclosures-clerk.house.gov/public_disc/gift-pdfs/2019Travel.zip,index:clerk_bulk; pdf_not_served_by_clerk; filing=500022076
2019-08-08,2019-08-16,Debbie Lesko,Member (inferred from names),House,Republican,AZ-8,American Israel Education Foundation (AIEF),"Jerusalem, Israel; Tel Aviv, Israel; Tiberias, Israel",,,https://disclosures-clerk.house.gov/public_disc/gift-pdfs/2019Travel.zip,index:clerk_bulk; pdf_not_served_by_clerk; filing=500022006
2019-08-08,2019-08-16,Mark Green,Member (inferred from names),House,Republican,TN-7,American Israel Education Foundation (AIEF),"Jerusalem, Israel; Tel Aviv, Israel; Tiberias, Israel",,,https://disclosures-clerk.house.gov/public_disc/gift-pdfs/2019Travel.zip,index:clerk_bulk; pdf_not_served_by_clerk; filing=500022078
2019-08-08,2019-08-16,Natalie Joyce,"Staff (inferred from names) (office of McCarthy, Kevin)",House,Republican,CA-20,American Israel Education Foundation (AIEF),"Jerusalem, Israel; Tel Aviv, Israel; Tiberias, Israel",,,https://disclosures-clerk.house.gov/public_disc/gift-pdfs/2019Travel.zip,index:clerk_bulk; pdf_not_served_by_clerk; filing=500022075
2019-08-08,2019-08-21,William Timmons,Member (inferred from names),House,Republican,SC-4,American Israel Education Foundation (AIEF),"Jerusalem, Israel; Tel Aviv, Israel; Tiberias, Israel",,,https://disclosures-clerk.house.gov/public_disc/gift-pdfs/2019Travel.zip,index:clerk_bulk; pdf_not_served_by_clerk; filing=500022082
2019-11-02,2019-11-10,Angie Craig,Member,House,Democrat,MN-2,American Israel Education Foundation (AIEF),"Jerusalem, Israel; Tel Aviv, Israel; Tiberias, Israel; Jerusalem, Israel, Tel Aviv, Israel, Tiberias, Israel",15583.66,transport=9526.01; lodging=1197.98; meals=1127.85; other=3731.82; accompanying family same amounts,https://disclosures-clerk.house.gov/gtimages/MT/2020/500022790.pdf,index:clerk_bulk; visual_read; filing=500022790
2019-11-02,2019-11-10,Debbie Wasserman Schultz,Member,House,Democrat,FL-25,American Israel Education Foundation (AIEF),"Jerusalem, Israel; Tel Aviv, Israel; Tiberias, Israel; Jerusalem, Israel, Tel Aviv, Israel, Tiberias, Israel",16445.78,transport=10388.13; lodging=1197.98; meals=1127.85; other=3731.82; accompanying family same amounts,https://disclosures-clerk.house.gov/gtimages/MT/2020/500022778.pdf,index:clerk_bulk; visual_read; filing=500022778
2019-11-02,2019-11-10,Lauren Wolman,"Staff (office of Wasserman Schultz, Debbie)",House,Democrat,FL-25,American Israel Education Foundation (AIEF),"Jerusalem, Israel; Tel Aviv, Israel; Tiberias, Israel; Jerusalem, Israel, Tel Aviv, Israel, Tiberias, Israel",16029.66,transport=9410.51; lodging=1759.48; meals=1127.85; other=3731.82,https://disclosures-clerk.house.gov/gtimages/ST/2020/500022829.pdf,index:clerk_bulk; ocr_agree; filing=500022829
2019-11-02,2019-11-10,Martha Roby,Member,House,Republican,AL-2,American Israel Education Foundation (AIEF),"Jerusalem, Israel; Tel Aviv, Israel; Tiberias, Israel; Jerusalem, Israel, Tel Aviv, Israel, Tiberias, Israel",16055.06,transport=9997.41; lodging=1197.98; meals=1127.85; other=3731.82; accompanying family 9997.41/1197.98/1127.85/n/a,https://disclosures-clerk.house.gov/gtimages/MT/2020/500022788.pdf,index:clerk_bulk; visual_read; filing=500022788
2019-11-02,2019-11-07,Mikie Sherrill,Member,House,Democrat,NJ-11,American Israel Education Foundation (AIEF),"Jerusalem, Israel; Tel Aviv, Israel; Tiberias, Israel; Jerusalem, Israel, Tel Aviv, Israel, Tiberias, Israel",13695.39,transport=8552.41; lodging=789.14; meals=622.02; other=3731.82; accompanying family same amounts,https://disclosures-clerk.house.gov/gtimages/MT/2020/500022776.pdf,index:clerk_bulk; visual_read; filing=500022776
2019-11-04,2019-11-10,Brenda L. Lawrence,Member,House,Democrat,MI-14,American Israel Education Foundation (AIEF),"Jerusalem, Israel; Tel Aviv, Israel; Tiberias, Israel; Jerusalem, Israel, Tel Aviv, Israel, Tiberias, Israel",15596.84,transport=9676.01; lodging=1367.74; meals=821.27; other=3731.82,https://disclosures-clerk.house.gov/gtimages/MT/2020/500022777.pdf,index:clerk_bulk; visual_read; filing=500022777
2020-02-13,2020-02-20,Jim Jordan,Member,House,Republican,OH-04,12Tribe Films Foundation,"Jerusalem, Israel",9350.00,transport=4840.00; lodging=1610.00; meals=700.00; other=2200.00; handwritten (low legibility; lodging could be read differently); accompanying family 4840/480/780/1200,https://disclosures-clerk.house.gov/gtimages/MT/2020/500022848.pdf,index:clerk_bulk; visual_read; filing=500022848
2020-02-13,2020-02-20,Mike Johnson,Member,House,Republican,LA-04,12Tribe Films Foundation,"Jerusalem, Israel",9490.00,transport=5190.00; lodging=1400.00; meals=700.00; other=2200.00; handwritten; accompanying family 5190/370/700/2200 (handwriting legibility moderate),https://disclosures-clerk.house.gov/gtimages/MT/2020/500022863.pdf,index:clerk_bulk; visual_read; filing=500022863
2020-02-14,2020-02-22,Adam Stewart,"Staff (office of Bishop, Robert)",House,,-,Rebuilding Alliance,"Beit Sahour, Palestine, Israel",4030.00,transport=850.00; lodging=1680.00; meals=480.00; other=1020.00,https://disclosures-clerk.house.gov/gtimages/ST/2020/500022944.pdf,index:clerk_bulk; ocr_agree; filing=500022944
2020-02-14,2020-02-22,Jessica Mulligan,"Staff (office of Jayapal, Pramila)",House,Democrat,WA-07,Rebuilding Alliance,"Jerusalem, Israel",4030.00,transport=850.00; lodging=1680.00; meals=480.00; other=1020.00,https://disclosures-clerk.house.gov/gtimages/ST/2020/500023043.pdf,index:clerk_bulk; ocr_agree; filing=500023043
2020-02-14,2020-02-21,Michael Zetts,"Staff (office of Ryan, Timothy)",House,Democrat,OH-13,Rebuilding Alliance,"Jerusalem, Israel",4030.00,transport=850.00; lodging=1680.00; meals=480.00; other=1020.00,https://disclosures-clerk.house.gov/gtimages/ST/2020/500022843.pdf,index:clerk_bulk; ocr_agree; filing=500022843
2020-02-15,2020-02-21,Twinkle Patel,"Staff (office of Steube, W.)",House,Republican,FL-17,Rebuilding Alliance,"Jerusalem, Israel",3529.00,transport=725.00; lodging=1400.00; meals=384.00; other=1020.00,https://disclosures-clerk.house.gov/gtimages/ST/2020/500022884.pdf,index:clerk_bulk; ocr_agree; filing=500022884
2021-11-05,2021-11-12,Jamaal Bowman,Member,House,Democrat,NY-16,J Street Education Fund,"Tel Aviv, Israel",,transport=11899.00; lodging=2557.00; meals=780.96; other=not_on_form_page; known_subtotal=15236.96; other=See Attached; accompanying family 10121/122/780.96/See Attached,https://disclosures-clerk.house.gov/gtimages/MT/2021/500023883.pdf,index:clerk_bulk; visual_read+incomplete; filing=500023883
2021-11-06,2021-11-12,Barbara Lee,Member,House,Democrat,CA-12,J Street Education Fund,"Jerusalem, Israel, Tel Aviv, Israel",,transport=9899.00; lodging=2557.00; meals=780.96; other=not_on_form_page; known_subtotal=13236.96; other=See Attached; accompanying family 10599/122/780.96/See Attached,https://disclosures-clerk.house.gov/gtimages/MT/2021/500023859.pdf,index:clerk_bulk; visual_read+incomplete; filing=500023859
2021-11-06,2021-11-12,Mark Pocan,Member,House,Democrat,WI-02,J Street Education Fund,"Jerusalem, Isreal, Tel Aviv, Israel",,transport=10695.00; lodging=2557.00; meals=780.96; other=not_on_form_page; known_subtotal=14032.96; other=See Attached,https://disclosures-clerk.house.gov/gtimages/MT/2021/500023893.pdf,index:clerk_bulk; visual_read+incomplete; filing=500023893
2021-11-06,2021-11-12,Melanie A. Stansbury,Member,House,Democrat,NM-01,J Street Education Fund,"Jerusalem, Israel, Tel Aviv, Israel",,transport=12838.00; lodging=2557.00; meals=780.96; other=not_on_form_page; known_subtotal=16175.96; other=See Attached,https://disclosures-clerk.house.gov/gtimages/MT/2021/500023852.pdf,index:clerk_bulk; visual_read+incomplete; filing=500023852
2021-11-06,2021-11-12,Mondaire Jones,Member,House,Democrat,NY-17,J Street Education Fund,"Tel Aviv, Israel",,transport=11177.00; lodging=2557.00; meals=780.96; other=not_on_form_page; known_subtotal=14514.96; other=See Attached; accompanying family 10200/122/780.96/See Attached,https://disclosures-clerk.house.gov/gtimages/MT/2022/500025014.pdf,index:clerk_bulk; visual_read+incomplete; filing=500025014
2021-11-06,2021-11-12,Rosa L. DeLauro,Member,House,Democrat,CT-03,J Street Education Fund,"Jerusalem, Israel, Tel Aviv, Israel",,transport=9899.00; lodging=2557.00; meals=780.96; other=not_on_form_page; known_subtotal=13236.96; other=See Attached; accompanying family 9899/122/780.96/See Attached,https://disclosures-clerk.house.gov/gtimages/MT/2021/500023856.pdf,index:clerk_bulk; visual_read+incomplete; filing=500023856
2022-02-18,2022-02-26,Andrew Garbarino,Member,House,Republican,NY-02,American Israel Education Foundation (AIEF),Israel,15110.89,transport=7712.64; lodging=3207.00; meals=1700.25; other=2491.00,https://disclosures-clerk.house.gov/gtimages/MT/2022/500024035.pdf,index:clerk_bulk; ocr_agree; filing=500024035
2022-02-18,2022-02-26,Ashley Hinson,Member,House,Republican,IA-02,American Israel Education Foundation (AIEF),Israel,10919.77,"transport=5045.52; lodging=1683.00; meals=1700.25; other=2491.00; accompanying_family=5142.64,1683.00,1700.25,2491.00",https://disclosures-clerk.house.gov/gtimages/MT/2022/500024037.pdf,index:clerk_bulk; ocr_agree; filing=500024037
2022-02-18,2022-02-26,Beth Van Duyne,Member,House,Republican,TX-24,American Israel Education Foundation (AIEF),Israel,11399.38,"transport=5525.13; lodging=1683.00; meals=1700.25; other=2491.00; accompanying_family=5812.73,1683.00,1700.25,2491.00",https://disclosures-clerk.house.gov/gtimages/MT/2022/500024075.pdf,index:clerk_bulk; ocr_agree; filing=500024075
2022-02-18,2022-02-26,Blake Moore,Member (inferred from names),House,Republican,UT-01,American Israel Education Foundation (AIEF),Israel,15036.49,"transport=9162.24; lodging=1683.00; meals=1700.25; other=2491.00; accompanying_family=9161.91,1683.00,1700.25,2491.00",https://disclosures-clerk.house.gov/public_disc/gift-pdfs/2022Travel.zip,index:clerk_bulk; ocr_agree; filing=500024038
2022-02-18,2022-02-26,Burgess Owens,Member (inferred from names),House,Republican,UT-04,American Israel Education Foundation (AIEF),Israel,13472.99,"transport=7598.74; lodging=1683.00; meals=1700.25; other=2491.00; accompanying_family=6716.74,1683.00,1700.25,2491.00",https://disclosures-clerk.house.gov/public_disc/gift-pdfs/2022Travel.zip,index:clerk_bulk; ocr_agree; filing=500024039
2022-02-18,2022-02-26,Caleb Smith,"Staff (office of McCarthy, Kevin)",House,Republican,CA-20,American Israel Education Foundation (AIEF),Israel,13379.88,transport=5981.63; lodging=3207.00; meals=1700.25; other=2491.00,https://disclosures-clerk.house.gov/gtimages/ST/2022/500024040.pdf,index:clerk_bulk; ocr_agree; filing=500024040
2022-02-18,2022-02-26,Carlos Gimenez,Member,House,Republican,FL-28,American Israel Education Foundation (AIEF),Israel,14236.49,transport=8362.24; lodging=1683.00; meals=1700.25; other=2491.00; accompanying_family=8362.24,https://disclosures-clerk.house.gov/gtimages/MT/2022/500024058.pdf,index:clerk_bulk; ocr_agree; filing=500024058
2022-02-18,2022-02-26,Daniel Meyer,"Staff (office of McCarthy, Kevin)",House,Republican,CA-20,American Israel Education Foundation (AIEF),Israel,13379.88,transport=5981.63; lodging=3207.00; meals=1700.25; other=2491.00,https://disclosures-clerk.house.gov/gtimages/ST/2022/500024044.pdf,index:clerk_bulk; ocr_agree; filing=500024044
2022-02-18,2022-02-26,David G. Valadao,Member,House,Republican,CA-22,American Israel Education Foundation (AIEF),Israel,12731.99,"transport=6857.74; lodging=1683.00; meals=1700.25; other=2491.00; accompanying_family=6857.74,1683.00,1700.25,2491.00",https://disclosures-clerk.house.gov/gtimages/MT/2022/500024048.pdf,index:clerk_bulk; ocr_agree; filing=500024048
2022-02-18,2022-02-26,Gregory F. Murphy,Member,House,Republican,NC-03,American Israel Education Foundation (AIEF),Israel,14591.49,"transport=8717.24; lodging=1683.00; meals=1700.25; other=2491.00; accompanying_family=8697.24,1683.00,1700.25,2491.00",https://disclosures-clerk.house.gov/gtimages/MT/2022/500024116.pdf,index:clerk_bulk; ocr_agree; filing=500024116
2022-02-18,2022-02-26,Jake LaTurner,Member,House,Republican,KS-02,American Israel Education Foundation (AIEF),Israel,14440.99,"transport=8566.74; lodging=1683.00; meals=1700.25; other=2491.00; accompanying_family=8566.74,1683.00,1700.25,2491.00",https://disclosures-clerk.house.gov/gtimages/MT/2022/500024115.pdf,index:clerk_bulk; ocr_agree; filing=500024115
2022-02-18,2022-02-26,Jay Obernolte,Member,House,Republican,CA-23,American Israel Education Foundation (AIEF),Israel,11109.78,"transport=5235.53; lodging=1683.00; meals=1700.25; other=2491.00; accompanying_family=5235.53,1683.00,1700.25,2491.00",https://disclosures-clerk.house.gov/gtimages/MT/2022/500024112.pdf,index:clerk_bulk; ocr_agree; filing=500024112
2022-02-18,2022-02-26,Jerry Carl,Member,House,Republican,AL-01,American Israel Education Foundation (AIEF),Israel,14405.99,"transport=8531.74; lodging=1683.00; meals=1700.25; other=2491.00; accompanying_family=8531.74,1683.00,1700.25,2491.00",https://disclosures-clerk.house.gov/gtimages/MT/2022/500024111.pdf,index:clerk_bulk; ocr_agree; filing=500024111
2022-02-18,2022-02-26,Julia Letlow,Member,House,Republican,LA-05,American Israel Education Foundation (AIEF),Israel,14135.99,"transport=8261.74; lodging=1683.00; meals=1700.25; other=2491.00; accompanying_family=8266.74,1683.00,1700.25,2491.00",https://disclosures-clerk.house.gov/gtimages/MT/2022/500024109.pdf,index:clerk_bulk; ocr_agree; filing=500024109
2022-02-18,2022-02-26,Kat Cammack,Member,House,Republican,FL-03,American Israel Education Foundation (AIEF),Israel,13951.99,"transport=8077.74; lodging=1683.00; meals=1700.25; other=2491.00; accompanying_family=8077.74,1683.00,1700.25,2491.00",https://disclosures-clerk.house.gov/gtimages/MT/2022/500024138.pdf,index:clerk_bulk; ocr_agree; filing=500024138
2022-02-18,2022-02-26,Kevin McCarthy,Member,House,Republican,CA-20,American Israel Education Foundation (AIEF),Israel,13423.78,"transport=6025.53; lodging=3207.00; meals=1700.25; other=2491.00; accompanying_family=6025.53,3207.00,1700.25",https://disclosures-clerk.house.gov/gtimages/MT/2022/500024104.pdf,index:clerk_bulk; ocr_agree; filing=500024104
2022-02-18,2022-02-24,Lisa McClain,"Staff (office of McClain, Lisa)",House,Republican,MI-09,American Israel Education Foundation (AIEF),Israel,10039.48,transport=5363.15; lodging=891.00; meals=1294.33; other=2491.00; accompanying family same amounts,https://disclosures-clerk.house.gov/gtimages/ST/2022/500024102.pdf,index:clerk_bulk; visual_read; filing=500024102
2022-02-18,2022-02-26,Mariannette J. Miller-Meeks,Member,House,Republican,IA-01,American Israel Education Foundation (AIEF),Israel,12941.07,transport=7066.82; lodging=1683.00; meals=1700.25; other=2491.00; accompanying family 6468.03/1683/1700.25/2491,https://disclosures-clerk.house.gov/gtimages/MT/2022/500024100.pdf,index:clerk_bulk; visual_read; filing=500024100
2022-02-18,2022-02-26,Maximilian Engling,"Staff (office of McCarthy, Kevin)",House,Republican,CA-20,American Israel Education Foundation (AIEF),Israel,13379.88,transport=5981.63; lodging=3207.00; meals=1700.25; other=2491.00,https://disclosures-clerk.house.gov/gtimages/ST/2022/500024099.pdf,index:clerk_bulk; ocr_agree; filing=500024099
2022-02-18,2022-02-26,Michael Guest,Member,House,Republican,MS-03,American Israel Education Foundation (AIEF),Israel,14136.49,transport=8262.24; lodging=1683.00; meals=1700.25; other=2491.00; accompanying family same amounts,https://disclosures-clerk.house.gov/gtimages/MT/2022/500024097.pdf,index:clerk_bulk; visual_read; filing=500024097
2022-02-18,2022-02-24,Michael McCaul,Member,House,Republican,TX-10,American Israel Education Foundation (AIEF),"Israel, Tel Aviv",13259.48,transport=7762.24; lodging=1710.00; meals=1296.24; other=2491.00,https://disclosures-clerk.house.gov/gtimages/MT/2022/500024868.pdf,index:clerk_bulk; ocr_agree; filing=500024868
2022-02-18,2022-02-26,Michelle Steel,Member,House,Republican,CA-45,American Israel Education Foundation (AIEF),Israel,12582.49,"transport=6708.24; lodging=1683.00; meals=1700.25; other=2491.00; accompanying_family=6708.24,1683.00,1700.25,2491.00",https://disclosures-clerk.house.gov/gtimages/MT/2022/500024095.pdf,index:clerk_bulk; ocr_agree; filing=500024095
2022-02-18,2022-02-25,Peter Meijer,Member,House,Republican,MI-03,American Israel Education Foundation (AIEF),Israel,14805.99,"transport=8931.74; lodging=1683.00; meals=1700.25; other=2491.00; accompanying_family=8931.74,1683.00,1700.25,2491.00",https://disclosures-clerk.house.gov/gtimages/MT/2022/500024053.pdf,index:clerk_bulk; ocr_agree; filing=500024053
2022-02-18,2022-02-26,Randall Lee Feenstra,Member,House,Republican,IA-04,American Israel Education Foundation (AIEF),Israel,12667.98,"transport=6793.73; lodging=1683.00; meals=1700.25; other=2491.00; accompanying_family=6793.73,1683.00,1700.25,2491.00",https://disclosures-clerk.house.gov/gtimages/MT/2022/500024062.pdf,index:clerk_bulk; ocr_agree; filing=500024062
2022-02-18,2022-02-26,Scott C. Franklin,Member (inferred from names),House,Republican,FL-18,American Israel Education Foundation (AIEF),Israel,12482.49,"transport=6608.24; lodging=1683.00; meals=1700.25; other=2491.00; accompanying_family=6608.24,1683.00,1700.25,2491.00",https://disclosures-clerk.house.gov/public_disc/gift-pdfs/2022Travel.zip,index:clerk_bulk; ocr_agree; filing=500024092
2022-02-18,2022-02-26,Tony Gonzales,Member,House,Republican,TX-23,American Israel Education Foundation (AIEF),Israel,14185.38,"transport=8311.13; lodging=1683.00; meals=1700.25; other=2491.00; accompanying_family=8311.13,1683.00,1700.25,2491.00",https://disclosures-clerk.house.gov/gtimages/MT/2022/500024146.pdf,index:clerk_bulk; ocr_agree; filing=500024146
2022-02-18,2022-02-26,Tracey Mann,Member (inferred from names),House,Republican,KS-01,American Israel Education Foundation (AIEF),Israel,11410.83,"transport=5536.58; lodging=1683.00; meals=1700.25; other=2491.00; accompanying_family=5536.58,1683.00,1700.25,2491.00",https://disclosures-clerk.house.gov/public_disc/gift-pdfs/2022Travel.zip,index:clerk_bulk; ocr_agree; filing=500024088
2022-02-18,2022-02-26,Victoria Spartz,Member,House,Republican,IN-05,American Israel Education Foundation (AIEF),Israel,15136.49,"transport=9262.24; lodging=1683.00; meals=1700.25; other=2491.00; accompanying_family=9262.24,1683.00,1700.25,2491.00",https://disclosures-clerk.house.gov/gtimages/MT/2022/500024086.pdf,index:clerk_bulk; ocr_agree; filing=500024086
2022-02-18,2022-02-27,Young Kim,Member,House,Republican,CA-40,American Israel Education Foundation (AIEF),Israel,12582.49,"transport=6708.24; lodging=1683.00; meals=1700.25; other=2491.00; accompanying_family=6708.24,1683.00,1700.25,2491.00",https://disclosures-clerk.house.gov/gtimages/MT/2022/500024164.pdf,index:clerk_bulk; ocr_agree; filings=500024083+500024164
2022-02-18,2022-02-25,David Price,Member,House,Democrat,NC-04,J Street Education Fund,Israel,,transport=6788.00; lodging=2342.50; meals=1204.00; other=not_on_form_page; known_subtotal=10334.50; other=See Attached; accompanying family 6788/140/1204/See Attached,https://disclosures-clerk.house.gov/gtimages/MT/2022/500024047.pdf,index:clerk_bulk; visual_read+incomplete; filing=500024047
2022-02-18,2022-02-25,Jared Huffman,Member,House,Democrat,CA-02,J Street Education Fund,Israel,,transport=8950.00; lodging=2342.00; meals=1204.00; other=not_on_form_page; known_subtotal=12496.00; other=See Attached,https://disclosures-clerk.house.gov/gtimages/MT/2022/500024113.pdf,index:clerk_bulk; visual_read+incomplete; filing=500024113
2022-02-18,2022-02-25,Jennifer Wexton,Member,House,Democrat,VA-10,J Street Education Fund,Tel Aviv,,transport=5960.00; lodging=2342.00; meals=1204.00; other=not_on_form_page; known_subtotal=9506.00; other=See Attached,https://disclosures-clerk.house.gov/gtimages/MT/2022/500024050.pdf,index:clerk_bulk; visual_read+incomplete; filing=500024050
2022-02-18,2022-02-25,Joaquin Castro,Member,House,Democrat,TX-20,J Street Education Fund,Israel,,transport=12990.00; lodging=2342.00; meals=1204.00; other=not_on_form_page; known_subtotal=16536.00; other=See Attached,https://disclosures-clerk.house.gov/gtimages/MT/2022/500024065.pdf,index:clerk_bulk; visual_read+incomplete; filing=500024065
2022-02-18,2022-02-25,Lauren Underwood,Member,House,Democrat,IL-14,J Street Education Fund,Tel Aviv,,transport=7229.00; lodging=2342.00; meals=1204.00; other=not_on_form_page; known_subtotal=10775.00; other=See Attached,https://disclosures-clerk.house.gov/gtimages/MT/2022/500024052.pdf,index:clerk_bulk; visual_read+incomplete; filing=500024052
2022-02-18,2022-02-25,Sean Casten,Member,House,Democrat,IL-06,J Street Education Fund,Tel Aviv,,transport=9820.00; lodging=2342.00; meals=1204.00; other=not_on_form_page; known_subtotal=13366.00; other=See Attached,https://disclosures-clerk.house.gov/gtimages/MT/2022/500024057.pdf,index:clerk_bulk; visual_read+incomplete; filing=500024057
2022-02-18,2022-02-25,Suzanne Bonamici,Member,House,Democrat,OR-01,J Street Education Fund,Tel Aviv,,transport=7390.00; lodging=2342.00; meals=1204.00; other=not_on_form_page; known_subtotal=10936.00; other=See Attached; appears to duplicate 500024056,https://disclosures-clerk.house.gov/gtimages/MT/2022/500024123.pdf,index:clerk_bulk; visual_read+incomplete; filings=500024056+500024123
2022-02-19,2022-02-27,Abigail Davis Spanberger,Member,House,Democrat,VA-07,American Israel Education Foundation (AIEF),Israel,14773.08,"transport=8220.45; lodging=1201.75; meals=1879.94; other=3470.94; accompanying_family=8220.45,1201.75,1879.94,3470.94",https://disclosures-clerk.house.gov/gtimages/MT/2022/500024067.pdf,index:clerk_bulk; ocr_agree; filing=500024067
2022-02-19,2022-02-27,Brad Schneider,Member,House,Democrat,IL-10,American Israel Education Foundation (AIEF),Israel,12420.83,"transport=5959.45; lodging=1110.50; meals=1879.94; other=3470.94; accompanying_family=5959.45,1110.50,1879.94,3470.94",https://disclosures-clerk.house.gov/gtimages/MT/2022/500024077.pdf,index:clerk_bulk; ocr_agree; filing=500024077
2022-02-19,2022-02-27,Brian Romick,"Staff (office of Hoyer, Steny)",House,Democrat,MD-05,American Israel Education Foundation (AIEF),Israel,13649.33,transport=6266.45; lodging=2032.00; meals=1879.94; other=3470.94,https://disclosures-clerk.house.gov/gtimages/ST/2022/500024079.pdf,index:clerk_bulk; ocr_agree; filing=500024079
2022-02-19,2022-02-27,Debbie Wasserman Schultz,Member,House,Democrat,FL-25,American Israel Education Foundation (AIEF),Israel,14773.08,"transport=8220.45; lodging=1201.75; meals=1879.94; other=3470.94; accompanying_family=8220.45,1201.75,1879.94,3470.94",https://disclosures-clerk.house.gov/gtimages/MT/2022/500024059.pdf,index:clerk_bulk; ocr_agree; filing=500024059
2022-02-19,2022-02-23,Hakeem Jeffries,Member,House,Democrat,NY-08,American Israel Education Foundation (AIEF),Israel,13805.53,transport=8970.45; lodging=1005.00; meals=359.14; other=3470.94,https://disclosures-clerk.house.gov/gtimages/MT/2022/500024060.pdf,index:clerk_bulk; ocr_agree; filing=500024060
2022-02-19,2022-02-27,Kathleen Rice,Member,House,Democrat,NY-04,American Israel Education Foundation (AIEF),Israel,14258.48,"transport=7705.85; lodging=1201.75; meals=1879.94; other=3470.94; accompanying_family=8570.45,1201.75,1879.94,3470.94",https://disclosures-clerk.house.gov/gtimages/MT/2022/500024108.pdf,index:clerk_bulk; ocr_agree; filing=500024108
2022-02-19,2022-02-25,Kathy Manning,Member,House,Democrat,NC-06,American Israel Education Foundation (AIEF),Israel,17127.33,"transport=10415.95; lodging=1360.50; meals=1879.94; other=3470.94; accompanying_family=12393.55,1360.50,1879.94,3470.94",https://disclosures-clerk.house.gov/gtimages/MT/2022/500024107.pdf,index:clerk_bulk; ocr_agree; filing=500024107
2022-02-19,2022-02-27,Margaret Mulkerrin,"Staff (office of Hoyer, Steny)",House,Democrat,MD-05,American Israel Education Foundation (AIEF),Israel,13649.33,transport=6266.45; lodging=2032.00; meals=1879.94; other=3470.94,https://disclosures-clerk.house.gov/gtimages/ST/2022/500024147.pdf,index:clerk_bulk; ocr_agree; filing=500024147
2022-02-19,2022-02-27,Mark Iozzi,"Staff (office of Hoyer, Steny)",House,Democrat,MD-05,American Israel Education Foundation (AIEF),Israel,13649.33,transport=6266.45; lodging=2032.00; meals=1879.94; other=3470.94,https://disclosures-clerk.house.gov/gtimages/ST/2022/500024148.pdf,index:clerk_bulk; ocr_agree; filing=500024148
2022-02-19,2022-02-27,Michael Levin,Member,House,Democrat,CA-49,American Israel Education Foundation (AIEF),Israel,15373.08,"transport=8820.45; lodging=1201.75; meals=1879.94; other=3470.94; accompanying_family=8820.45,1201.75,1879.94,3470.94",https://disclosures-clerk.house.gov/gtimages/MT/2022/500024096.pdf,index:clerk_bulk; ocr_agree; filing=500024096
2022-02-19,2022-02-25,Pete Aguilar,Member (inferred from names),House,Democrat,CA-33,American Israel Education Foundation (AIEF),Israel,11782.16,"transport=6445.45; lodging=730.00; meals=1135.77; other=3470.94; accompanying_family=6445.45,730.00,1135.77,3470.94",https://disclosures-clerk.house.gov/public_disc/gift-pdfs/2022Travel.zip,index:clerk_bulk; ocr_agree; filing=500024093
2022-02-19,2022-02-27,Ritchie Torres,Member,House,Democrat,NY-15,American Israel Education Foundation (AIEF),Israel,15256.23,transport=7705.85; lodging=2199.50; meals=1879.94; other=3470.94,https://disclosures-clerk.house.gov/gtimages/MT/2022/500024215.pdf,index:clerk_bulk; ocr_agree; filing=500024215
2022-02-19,2022-02-27,Sheila Cherfilus-McCormick,Member,House,Democrat,FL-20,American Israel Education Foundation (AIEF),Israel,13193.83,"transport=6732.45; lodging=1110.50; meals=1879.94; other=3470.94; accompanying_family=6732.45,1110.50,1879.94,3470.94",https://disclosures-clerk.house.gov/gtimages/MT/2022/500024143.pdf,index:clerk_bulk; ocr_agree; filing=500024143
2022-02-19,2022-02-27,Steny H. Hoyer,Member,House,Democrat,MD-05,American Israel Education Foundation (AIEF),Israel,13445.33,transport=6062.45; lodging=2032.00; meals=1879.94; other=3470.94,https://disclosures-clerk.house.gov/gtimages/MT/2022/500024090.pdf,index:clerk_bulk; ocr_agree; filing=500024090
2022-02-19,2022-02-27,Theodore E Deutch,Member,House,Democrat,FL-22,American Israel Education Foundation (AIEF),Israel,17102.08,"transport=10549.45; lodging=1201.75; meals=1879.94; other=3470.94; accompanying_family=8620.45,1201.75,1879.94,3470.94",https://disclosures-clerk.house.gov/gtimages/MT/2022/500024063.pdf,index:clerk_bulk; ocr_agree; filing=500024063
2022-02-19,2022-02-27,Veronica Escobar,Member,House,Democrat,TX-16,American Israel Education Foundation (AIEF),Israel,12416.83,"transport=5962.95; lodging=1103.00; meals=1879.94; other=3470.94; accompanying_family=12393.55,1103.00,1879.94,3470.94",https://disclosures-clerk.house.gov/gtimages/MT/2022/500024087.pdf,index:clerk_bulk; ocr_agree; filing=500024087
2022-02-19,2022-02-25,Madeleine Dean,Member,House,Democrat,PA-04,J Street Education Fund,Israel,,transport=5790.00; lodging=2342.50; meals=1204.00; other=not_on_form_page; known_subtotal=9336.50; other=See Attached; accompanying family 5290/140/1204/See Attached,https://disclosures-clerk.house.gov/gtimages/MT/2022/500024226.pdf,index:clerk_bulk; visual_read+incomplete; filings=500024117+500024226
2022-02-20,2022-02-24,Seth Moulton,Member,House,Democrat,MA-06,J Street Education Fund,Tel Aviv,,transport=6388.00; lodging=2037.00; meals=1204.00; other=not_on_form_page; known_subtotal=9629.00; other=See Attached; accompanying family 10469/140/1204/See Attached,https://disclosures-clerk.house.gov/gtimages/MT/2022/500024055.pdf,index:clerk_bulk; visual_read+incomplete; filing=500024055
2022-02-21,2022-02-25,Jason Crow,Member,House,Democrat,CO-06,J Street Education Fund,Tel Aviv,,transport=7278.00; lodging=2037.00; meals=1204.00; other=not_on_form_page; known_subtotal=10519.00; other=See Attached; accompanying family 12990/140/1204/See Attached,https://disclosures-clerk.house.gov/gtimages/MT/2022/500024049.pdf,index:clerk_bulk; visual_read+incomplete; filing=500024049
2022-03-18,2022-03-22,Juan Vargas,Member,House,Democrat,CA-52,Israel Allies Foundation (with co-sponsors),Israel,8691.37,transport=8691.37; lodging=0.00; meals=0.00; other=0.00,https://disclosures-clerk.house.gov/gtimages/MT/2022/500024200.pdf,index:clerk_bulk; visual_read; filing=500024200
2022-03-19,2022-03-25,Doug Lamborn,Member,House,Republican,CO-05,Israel Allies Foundation (with co-sponsors),Israel,7347.00,transport=5865.00; lodging=1025.00; meals=327.00; other=130.00; other itemized: pcr test 50 + antigen test 80; accompanying family 5865/0/327/130,https://disclosures-clerk.house.gov/gtimages/MT/2022/500024208.pdf,index:clerk_bulk; visual_read; filing=500024208
2022-04-03,2022-04-09,John W Ryan,"Staff (office of Brown, Sherrod)",Senate,Democrat,OH,Jewish Federation of Cleveland (with Thomas and Joann Adler),"Tel Aviv, Israel; Beit Shean, Israel; Jerusalem, Israel",,transport=not_read; lodging=not_read; meals=not_read; other=not_read; filed 11/27/2023 as after-trip submission (cover sheet); cost table not on pages 1-3 read; costs not read,https://giftrule-disclosure.senate.gov/media/2023/vVDoEBJBjkGajpRcCCSJPQ.pdf,index:senate_giftrule_db; visual_read+costs_not_on_pages_read; filings=vVDoEBJBjkGajpRcCCSJPQ
2022-04-29,2022-05-08,Andy Harris,Member,House,Republican,MD-01,U.S. Israel Education Association (USIEA),Tel Aviv,22052.55,transport=13100.55; lodging=2442.00; meals=1940.00; other=4570.00; accompanying_family=500.00,https://disclosures-clerk.house.gov/gtimages/MT/2022/500024490.pdf,index:clerk_bulk; ocr_agree; filing=500024490
2022-04-29,2022-05-08,Brian Babin,Member,House,Republican,TX-36,U.S. Israel Education Association (USIEA),Israel,24852.56,"transport=15900.56; lodging=2442.00; meals=1940.00; other=4570.00; accompanying_family=15900.56,2442.00,1940.00,4570.00",https://disclosures-clerk.house.gov/gtimages/MT/2022/500024397.pdf,index:clerk_bulk; ocr_agree; filing=500024397
2022-04-29,2022-05-08,Jose Luis Correa,Member,House,Democrat,CA-46,U.S. Israel Education Association (USIEA),"Tel Aviv, Israel",24577.56,"transport=15625.56; lodging=2442.00; meals=1940.00; other=4570.00; accompanying_family=15625.56,2442.00,1940.00,4570.00",https://disclosures-clerk.house.gov/gtimages/MT/2022/500024554.pdf,index:clerk_bulk; ocr_agree; filing=500024554
2022-04-29,2022-05-08,Lisa Canini,"Staff (office of Thompson, Bennie)",House,Democrat,MS-02,U.S. Israel Education Association (USIEA),Israel,14525.56,transport=5573.56; lodging=2442.00; meals=1940.00; other=4570.00,https://disclosures-clerk.house.gov/gtimages/ST/2022/500024486.pdf,index:clerk_bulk; ocr_agree; filing=500024486
2022-04-29,2022-05-08,Mike Bost,Member,House,Republican,IL-12,U.S. Israel Education Association (USIEA),Israel,21852.56,"transport=12900.56; lodging=2442.00; meals=1940.00; other=4570.00; accompanying_family=12900.56,2442.00,1940.00,4570.00",https://disclosures-clerk.house.gov/gtimages/MT/2022/500024420.pdf,index:clerk_bulk; ocr_agree; filing=500024420
2022-04-29,2022-05-08,Neal Dunn,"Staff (office of Dunn, Neal)",House,Republican,FL-02,U.S. Israel Education Association (USIEA),Israel,21782.56,transport=12830.56; lodging=2442.00; meals=1940.00; other=4570.00; accompanying family same amounts,https://disclosures-clerk.house.gov/gtimages/ST/2022/500024448.pdf,index:clerk_bulk; visual_read; filing=500024448
2022-04-29,2022-05-08,Travis Trejo,"Staff (office of Harris, Andy)",House,Republican,MD-01,U.S. Israel Education Association (USIEA),Tel Aviv,14415.46,transport=5463.46; lodging=2442.00; meals=1940.00; other=4570.00,https://disclosures-clerk.house.gov/gtimages/ST/2022/500024510.pdf,index:clerk_bulk; ocr_agree; filing=500024510
2022-05-03,2022-05-10,Kelly Armstrong,Member,House,Republican,ND-00,National Society for Hebrew Day Schools,Israel,12681.84,transport=3193.06; lodging=4053.78; meals=682.66; other=4752.34; accompanying_family=N/A,https://disclosures-clerk.house.gov/gtimages/MT/2022/500024501.pdf,index:clerk_bulk; ocr_agree; filing=500024501
2022-05-03,2022-05-10,Tom Tiffany,Member,House,Republican,WI-07,National Society for Hebrew Day Schools,Israel,16188.17,transport=7425.96; lodging=3327.21; meals=682.66; other=4752.34,https://disclosures-clerk.house.gov/gtimages/MT/2022/500024471.pdf,index:clerk_bulk; visual_read; filing=500024471
2022-05-27,2022-06-05,Amber Milenkevich,"Staff (office of Lawson, Alfred)",House,Democrat,FL-05,Rebuilding Alliance,Tel Aviv,6488.00,transport=2086.00; lodging=1995.00; meals=520.00; other=1887.00,https://disclosures-clerk.house.gov/gtimages/ST/2022/500024774.pdf,index:clerk_bulk; visual_read; filing=500024774
2022-05-27,2022-06-07,Izmira Aitch,"Staff (office of Moore, Gwendolynne)",House,Democrat,WI-04,Rebuilding Alliance,"Jerusalem, Tel Aviv, West Bank",6437.00,transport=2035.00; lodging=1995.00; meals=520.00; other=1887.00,https://disclosures-clerk.house.gov/gtimages/ST/2022/500024821.pdf,index:clerk_bulk; visual_read; filing=500024821
2022-05-28,2022-06-05,Ruben Goddard,"Staff (office of Payne, Donald)",House,Democrat,NJ-10,Rebuilding Alliance,"Jerusalem, Tel Aviv, West Bank",6619.00,transport=2217.00; lodging=1995.00; meals=520.00; other=1887.00,https://disclosures-clerk.house.gov/gtimages/ST/2022/500024825.pdf,index:clerk_bulk; visual_read; filing=500024825
2022-06-18,2022-06-26,Ernest Audino,"Staff (office of Waltz, Michael)",House,Republican,FL-06,American Israel Education Foundation (AIEF),Israel,18628.85,transport=10090.83; lodging=2469.66; meals=1211.81; other=4856.55,https://disclosures-clerk.house.gov/gtimages/ST/2022/500024888.pdf,index:clerk_bulk; ocr_agree; filing=500024888
2022-06-25,2022-07-03,Alex Blair,"Staff (office of Steube, W.)",House,Republican,FL-17,American Israel Education Foundation (AIEF),"Tel Aviv, Israel",15576.82,transport=7637.28; lodging=2171.78; meals=1198.28; other=4569.48,https://disclosures-clerk.house.gov/gtimages/ST/2022/500024911.pdf,index:clerk_bulk; ocr_agree; filing=500024911
2022-06-25,2022-07-03,Bonnie Krenz,"Staff (office of Spanberger, Abigail)",House,Democrat,VA-07,American Israel Education Foundation (AIEF),"Tel Aviv, Israel",15119.48,transport=7179.94; lodging=2171.78; meals=1198.28; other=4569.48,https://disclosures-clerk.house.gov/gtimages/ST/2022/500024956.pdf,index:clerk_bulk; ocr_agree; filing=500024956
2022-06-25,2022-07-03,Cristopher Del Beccaro,"Staff (office of McCaul, Michael)",House,Republican,TX-10,American Israel Education Foundation (AIEF),Israel,,ESTIMATE ONLY: page read is pre-trip sponsor form Q18 (Good Faith Estimates box) 6798.07/2156/1114/5642.86; post-travel actuals not located,https://disclosures-clerk.house.gov/gtimages/ST/2022/500024987.pdf,index:clerk_bulk; visual_read:estimate_only_no_actuals; filing=500024987
2022-06-25,2022-07-02,Dale Anderson,"Staff (office of Lamborn, Doug)",House,Republican,CO-05,American Israel Education Foundation (AIEF),Tel Aviv,15100.48,transport=7160.94; lodging=2171.78; meals=1198.28; other=4569.48,https://disclosures-clerk.house.gov/gtimages/ST/2022/500024915.pdf,index:clerk_bulk; ocr_agree; filing=500024915
2022-06-25,2022-07-01,Fred Upton,Member,House,Republican,MI-06,American Israel Education Foundation (AIEF),Tel Aviv,12309.72,"transport=8572.47; lodging=978.45; meals=645.84; other=2112.96; accompanying_family=8572.47,978.45,645.84,2112.96",https://disclosures-clerk.house.gov/gtimages/MT/2022/500024919.pdf,index:clerk_bulk; ocr_agree; filing=500024919
2022-06-25,2022-07-03,Lane Lofton,"Staff (office of Trone, David)",House,Democrat,MD-06,American Israel Education Foundation (AIEF),"Tel Aviv, Israel",15319.48,transport=7379.94; lodging=2171.78; meals=1198.28; other=4569.48,https://disclosures-clerk.house.gov/gtimages/ST/2022/500024939.pdf,index:clerk_bulk; ocr_agree; filing=500024939
2022-06-25,2022-07-03,Lawrence Cohen,"Staff (office of Vargas, Juan)",House,Democrat,CA-52,American Israel Education Foundation (AIEF),Israel,15053.48,transport=7113.94; lodging=2171.78; meals=1198.28; other=4569.48,https://disclosures-clerk.house.gov/gtimages/ST/2022/500025025.pdf,index:clerk_bulk; ocr_agree; filing=500025025
2022-06-25,2022-07-03,Luisa del Rosal,"Staff (office of Gonzales, Tony)",House,Republican,TX-23,American Israel Education Foundation (AIEF),"Tel Aviv, Israel",15605.08,transport=7665.54; lodging=2171.78; meals=1198.28; other=4569.48,https://disclosures-clerk.house.gov/gtimages/ST/2022/500024966.pdf,index:clerk_bulk; ocr_agree; filing=500024966
2022-06-25,2022-07-03,Micah Ketchel,"Staff (office of Waltz, Michael)",House,Republican,FL-06,American Israel Education Foundation (AIEF),"Tel Aviv, Israel",14873.48,transport=6933.94; lodging=2171.78; meals=1198.28; other=4569.48,https://disclosures-clerk.house.gov/gtimages/ST/2022/500024923.pdf,index:clerk_bulk; ocr_agree; filing=500024923
2022-06-25,2022-07-07,Nanette Barragn,Member,House,Democrat,CA-44,American Israel Education Foundation (AIEF),"Jerusalem, Tel Aviv, Israel",17620.35,transport=12787.75; lodging=4510.00; meals=322.60; other=0.00; other=n/a on form; accompanying family 13571.70/4510/559.95/2112.96,https://disclosures-clerk.house.gov/gtimages/MT/2022/500024971.pdf,index:clerk_bulk; visual_read; filing=500024971
2022-06-25,2022-07-03,Paul Sawyer,"Staff (office of Graves, Garret)",House,Republican,LA-06,American Israel Education Foundation (AIEF),"Tel Aviv, Israel",15119.48,transport=7179.94; lodging=2171.78; meals=1198.28; other=4569.48,https://disclosures-clerk.house.gov/gtimages/ST/2022/500024927.pdf,index:clerk_bulk; ocr_agree; filing=500024927
2022-06-25,2022-07-03,Tracie Pough,"Staff (office of Wasserman Schultz, Debbie)",House,Democrat,FL-25,American Israel Education Foundation (AIEF),"Tel Aviv, Israel",15319.48,transport=7379.94; lodging=2171.78; meals=1198.28; other=4569.48,https://disclosures-clerk.house.gov/gtimages/ST/2022/500024933.pdf,index:clerk_bulk; ocr_agree; filing=500024933
2022-06-26,2022-07-02,Donald Bacon,"Staff (office of Bacon, Donald)",House,Republican,NE-02,American Israel Education Foundation (AIEF),Israel,4290.78,"transport=10.00; lodging=1214.95; meals=952.87; other=2112.96; accompanying_family=10719.13,1214.95,952.87,2112.96",https://disclosures-clerk.house.gov/gtimages/ST/2022/500024943.pdf,index:clerk_bulk; ocr_agree; filing=500024943
2022-06-26,2022-07-02,Donald Norcross,Member,House,Democrat,NJ-01,American Israel Education Foundation (AIEF),Tel Aviv,13887.81,transport=9607.03; lodging=1214.95; meals=952.87; other=2112.96; accompanying family same amounts,https://disclosures-clerk.house.gov/gtimages/MT/2022/500024917.pdf,index:clerk_bulk; visual_read; filing=500024917
2022-06-26,2022-07-02,Jake Auchincloss,Member,House,Democrat,MA-04,American Israel Education Foundation (AIEF),"Tel Aviv, Israel",11961.55,transport=7680.77; lodging=1214.95; meals=952.87; other=2112.96; accompanying family same amounts,https://disclosures-clerk.house.gov/gtimages/MT/2022/500024921.pdf,index:clerk_bulk; visual_read; filing=500024921
2022-06-26,2022-07-01,Joshua Gottheimer,Member,House,Democrat,NJ-05,American Israel Education Foundation (AIEF),"Tel Aviv, Israel",13137.72,"transport=9400.47; lodging=978.45; meals=645.84; other=2112.96; accompanying_family=9400.47,978.45,645.84,2112.96",https://disclosures-clerk.house.gov/gtimages/MT/2022/500024962.pdf,index:clerk_bulk; ocr_agree; filing=500024962
2022-06-26,2022-07-02,Mike Turner,Member,House,Republican,OH-10,American Israel Education Foundation (AIEF),"Tel Aviv, Israel",15074.06,transport=9707.03; lodging=2301.20; meals=952.87; other=2112.96; accompanying family same amounts,https://disclosures-clerk.house.gov/gtimages/MT/2022/500024924.pdf,index:clerk_bulk; visual_read; filing=500024924
2022-06-26,2022-07-02,Ron Kind,"Staff (office of Kind, Ron)",House,Democrat,WI-03,American Israel Education Foundation (AIEF),"Tel Aviv, Israel",15148.01,transport=10867.23; lodging=1214.95; meals=952.87; other=2112.96; accompanying family same amounts,https://disclosures-clerk.house.gov/gtimages/ST/2022/500024931.pdf,index:clerk_bulk; visual_read; filing=500024931
2022-06-30,2022-07-07,Lilah Pomerance,"Staff (office of Jayapal, Pramila)",House,Democrat,WA-07,J Street Education Fund,"Tel Aviv, Israel",,transport=2539.00; lodging=2190.00; meals=1365.00; other=not_on_form_page; known_subtotal=6094.00; other=See Attached,https://disclosures-clerk.house.gov/gtimages/ST/2022/500025006.pdf,index:clerk_bulk; visual_read+incomplete; filings=500024909+500025006
2022-07-01,2022-07-09,Alexander Ginis,"Staff (office of Hayes, Jahana)",House,Democrat,CT-05,J Street Education Fund,Tel Aviv,,transport=2379.00; lodging=2190.00; meals=1365.00; other=not_on_form_page; known_subtotal=5934.00; other=See Attached,https://disclosures-clerk.house.gov/gtimages/ST/2022/500024912.pdf,index:clerk_bulk; visual_read+incomplete; filing=500024912
2022-07-01,2022-07-09,Amanda Shafer,"Staff (office of Casten, Sean)",House,Democrat,IL-06,J Street Education Fund,"Tel Aviv, Israel",,transport=2700.00; lodging=2190.00; meals=1365.00; other=not_on_form_page; known_subtotal=6255.00; other=See Attached,https://disclosures-clerk.house.gov/gtimages/ST/2022/500024913.pdf,index:clerk_bulk; visual_read+incomplete; filing=500024913
2022-07-01,2022-07-09,Amy Elizabeth Kuhn,"Staff (office of Jacobs, Sara)",House,Democrat,CA-51,J Street Education Fund,"Tel Aviv, Israel",,transport=2700.00; lodging=2190.00; meals=1365.00; other=not_on_form_page; known_subtotal=6255.00; other=See Attached,https://disclosures-clerk.house.gov/gtimages/ST/2022/500024953.pdf,index:clerk_bulk; visual_read+incomplete; filing=500024953
2022-07-01,2022-07-09,Daniel Lemire,"Staff (office of Morelle, Joseph)",House,Democrat,NY-25,J Street Education Fund,"Tel Aviv, Israel",,transport=2700.00; lodging=2190.00; meals=1365.00; other=not_on_form_page; known_subtotal=6255.00; other=See Attached,https://disclosures-clerk.house.gov/gtimages/ST/2022/500024916.pdf,index:clerk_bulk; visual_read+incomplete; filing=500024916
2022-07-01,2022-07-10,Elya Taichman,"Staff (office of Trahan, Lori)",House,Democrat,MA-03,J Street Education Fund,"Tel Aviv, Israel",,transport=2150.00; lodging=2190.00; meals=1365.00; other=not_on_form_page; known_subtotal=5705.00; other=See Attached,https://disclosures-clerk.house.gov/gtimages/ST/2022/500024918.pdf,index:clerk_bulk; visual_read+incomplete; filing=500024918
2022-07-01,2022-07-09,Hector Colon,"Staff (office of Strickland, Marilyn)",House,Democrat,WA-10,J Street Education Fund,"Tel Aviv, Israel",,transport=2200.00; lodging=2190.00; meals=1365.00; other=not_on_form_page; known_subtotal=5755.00; other=See Attached,https://disclosures-clerk.house.gov/gtimages/ST/2022/500024920.pdf,index:clerk_bulk; visual_read+incomplete; filing=500024920
2022-07-01,2022-07-08,Julie Tagen,"Staff (office of Raskin, Jamie)",House,Democrat,MD-08,J Street Education Fund,"Tel Aviv, Israel",,transport=2591.00; lodging=1845.00; meals=1149.00; other=not_on_form_page; known_subtotal=5585.00; other=See Attached,https://disclosures-clerk.house.gov/gtimages/ST/2022/500024922.pdf,index:clerk_bulk; visual_read+incomplete; filing=500024922
2022-07-01,2022-07-09,Nishith Pandya,"Staff (office of Rush, Bobby)",House,Democrat,IL-01,J Street Education Fund,"Tel Aviv, Israel",,transport=2379.00; lodging=2190.00; meals=1365.00; other=not_on_form_page; known_subtotal=5934.00; other=See Attached,https://disclosures-clerk.house.gov/gtimages/ST/2022/500024925.pdf,index:clerk_bulk; visual_read+incomplete; filing=500024925
2022-07-01,2022-07-09,Richard Erkel,"Staff (office of Velazquez, Nydia)",House,Democrat,NY-07,J Street Education Fund,"Tel Aviv, Israel",,transport=2700.00; lodging=2190.00; meals=1365.00; other=not_on_form_page; known_subtotal=6255.00; other=See Attached,https://disclosures-clerk.house.gov/gtimages/ST/2022/500024952.pdf,index:clerk_bulk; visual_read+incomplete; filing=500024952
2022-07-01,2022-07-09,Samantha Price,"Staff (office of Carbajal, Salud)",House,Democrat,CA-24,J Street Education Fund,"Tel Aviv, Israel",,transport=2700.00; lodging=2190.00; meals=1365.00; other=not_on_form_page; known_subtotal=6255.00; other=See Attached,https://disclosures-clerk.house.gov/gtimages/ST/2022/500024932.pdf,index:clerk_bulk; visual_read+incomplete; filing=500024932
2022-07-01,2022-07-09,Tara Rountree,"Staff (office of McEACHIN, Aston)",House,Democrat,VA-04,J Street Education Fund,"Tel Aviv, Israel",,transport=2700.00; lodging=2190.00; meals=1365.00; other=not_on_form_page; known_subtotal=6255.00; other=See Attached,https://disclosures-clerk.house.gov/gtimages/ST/2022/500024984.pdf,index:clerk_bulk; visual_read+incomplete; filing=500024984
2022-07-02,2022-07-09,Nnemdilim Ubezonu,"Staff (office of Clyburn, James)",House,Democrat,SC-06,J Street Education Fund,"Tel Aviv, Israel",,transport=2340.00; lodging=1785.00; meals=1225.00; other=not_on_form_page; known_subtotal=5350.00; other=See Attached,https://disclosures-clerk.house.gov/gtimages/ST/2022/500024926.pdf,index:clerk_bulk; visual_read+incomplete; filing=500024926
2022-07-29,2022-08-05,G.K. Butterfield,Member,House,Democrat,NC-01,J Street Education Fund,Tel Aviv,,transport=12800.00; lodging=1888.00; meals=1185.00; other=not_on_form_page; known_subtotal=15873.00; other=See Attached; appears to duplicate 500025053,https://disclosures-clerk.house.gov/gtimages/MT/2022/500025091.pdf,index:clerk_bulk; visual_read+incomplete; filings=500025053+500025091
2022-07-29,2022-08-04,James Clyburn,Member,House,Democrat,SC-06,J Street Education Fund,"Tel Aviv, Israel",,transport=11400.00; lodging=2098.00; meals=1036.00; other=not_on_form_page; known_subtotal=14534.00; other=See Attached,https://disclosures-clerk.house.gov/gtimages/MT/2022/500025032.pdf,index:clerk_bulk; visual_read+incomplete; filing=500025032
2022-07-29,2022-08-05,Mary Gay Scanlon,Member,House,Democrat,PA-05,J Street Education Fund,"Tel Aviv, Israel",,transport=12800.00; lodging=1888.00; meals=1185.00; other=not_on_form_page; known_subtotal=15873.00; other=See Attached; accompanying family 12800/136/1185/See Attached,https://disclosures-clerk.house.gov/gtimages/MT/2022/500025035.pdf,index:clerk_bulk; visual_read+incomplete; filing=500025035
2022-07-29,2022-08-05,Salud Carbajal,Member,House,Democrat,CA-24,J Street Education Fund,"Tel Aviv, Israel",,transport=12899.00; lodging=1888.00; meals=1185.00; other=not_on_form_page; known_subtotal=15972.00; other=See Attached; accompanying family 13832/136/1185/See Attached,https://disclosures-clerk.house.gov/gtimages/MT/2022/500025031.pdf,index:clerk_bulk; visual_read+incomplete; filing=500025031
2022-08-12,2022-08-21,Amanda Guiliano,"Staff (office of Trone, David)",House,Democrat,MD-06,Jewish Institute for National Security of America (JINSA),"Tel Aviv, Israel",6398.00,transport=1800.00; lodging=2670.00; meals=1228.00; other=700.00,https://disclosures-clerk.house.gov/gtimages/ST/2022/500025143.pdf,index:clerk_bulk; visual_read; filing=500025143
2022-08-12,2022-08-21,Ann Griffin Johnston,"Staff (office of Timmons, William)",House,Republican,SC-04,Jewish Institute for National Security of America (JINSA),"Tel Aviv, Israel",6398.00,transport=1800.00; lodging=2670.00; meals=1228.00; other=700.00,https://disclosures-clerk.house.gov/gtimages/ST/2022/500025295.pdf,index:clerk_bulk; visual_read; filings=500025144+500025295
2022-08-12,2022-08-21,Charles C Sauvage IV,"Staff (office of Pfluger, August)",House,Republican,TX-11,Jewish Institute for National Security of America (JINSA),"Tel Aviv, Israel",8694.00,transport=1800.00; lodging=2670.00; meals=1224.00; other=3000.00; accompanying_family=N/A,https://disclosures-clerk.house.gov/gtimages/ST/2022/500025141.pdf,index:clerk_bulk; ocr_agree; filing=500025141
2022-08-12,2022-08-21,Danielle Stoebe,"Staff (office of Tenney, Claudia)",House,Republican,NY-24,Jewish Institute for National Security of America (JINSA),"Tel Aviv, Israel",6398.00,transport=1800.00; lodging=2670.00; meals=1228.00; other=700.00,https://disclosures-clerk.house.gov/gtimages/ST/2022/500025142.pdf,index:clerk_bulk; visual_read; filing=500025142
2022-08-12,2022-08-21,Elizabeth Beltran,"Staff (office of Strickland, Marilyn)",House,Democrat,WA-10,Jewish Institute for National Security of America (JINSA),"Tel Aviv, Israel",6398.00,transport=1800.00; lodging=2670.00; meals=1228.00; other=700.00,https://disclosures-clerk.house.gov/gtimages/ST/2022/500025151.pdf,index:clerk_bulk; visual_read; filing=500025151
2022-08-12,2022-08-21,Lauren Billman,"Staff (office of Miller, Carol)",House,Republican,WV-01,Jewish Institute for National Security of America (JINSA),"Tel Aviv, Israel",6398.00,transport=1800.00; lodging=2670.00; meals=1228.00; other=700.00,https://disclosures-clerk.house.gov/gtimages/ST/2022/500025184.pdf,index:clerk_bulk; visual_read; filing=500025184
2022-08-12,2022-08-21,Megan Porter,"Staff (office of Balderson, Troy)",House,Republican,OH-12,Jewish Institute for National Security of America (JINSA),"Tel Aviv, Israel",6398.00,transport=1800.00; lodging=2670.00; meals=1228.00; other=700.00,https://disclosures-clerk.house.gov/gtimages/ST/2022/500025155.pdf,index:clerk_bulk; visual_read; filing=500025155
2022-08-12,2022-08-21,Rachel Kline,"Staff (office of Murphy, Stephanie)",House,Democrat,FL-07,Jewish Institute for National Security of America (JINSA),"Tel Aviv, Israel",6398.00,transport=1800.00; lodging=2670.00; meals=1228.00; other=700.00,https://disclosures-clerk.house.gov/gtimages/ST/2022/500025163.pdf,index:clerk_bulk; visual_read; filing=500025163
2022-08-12,2022-08-21,Stephen Siao,"Staff (office of Green, Mark)",House,Republican,TN-07,Jewish Institute for National Security of America (JINSA),"Tel Aviv, Israel",6398.00,transport=1800.00; lodging=2670.00; meals=1228.00; other=700.00,https://disclosures-clerk.house.gov/gtimages/ST/2022/500025131.pdf,index:clerk_bulk; visual_read; filing=500025131
2022-08-12,2022-08-21,Twinkle Patel,"Staff (office of Steube, W.)",House,Republican,FL-17,Jewish Institute for National Security of America (JINSA),"Tel Aviv, Israel",6398.00,transport=1800.00; lodging=2670.00; meals=1228.00; other=700.00,https://disclosures-clerk.house.gov/gtimages/ST/2022/500025167.pdf,index:clerk_bulk; visual_read; filing=500025167
2022-08-12,2022-08-21,Valerie L. Foy Alberto,"Staff (office of Bacon, Donald)",House,Republican,NE-02,Jewish Institute for National Security of America (JINSA),"Tel-Aviv, Israel",6398.00,transport=1800.00; lodging=2670.00; meals=1228.00; other=700.00,https://disclosures-clerk.house.gov/gtimages/ST/2022/500025153.pdf,index:clerk_bulk; visual_read; filing=500025153
2022-08-13,2022-08-21,Daniel Marrow,"Staff (office of Manning, Kathy)",House,Democrat,NC-06,Israel Policy Forum,Israel,7871.39,transport=2334.93; lodging=2415.00; meals=1056.64; other=2064.82; accompanying_family=N/A,https://disclosures-clerk.house.gov/gtimages/ST/2022/500025176.pdf,index:clerk_bulk; ocr_agree; filing=500025176
2022-08-13,2022-08-21,Lauren Wolman,"Staff (office of Wasserman Schultz, Debbie)",House,Democrat,FL-25,Israel Policy Forum,"Tel Aviv, Israel",7871.39,transport=2334.93; lodging=2415.00; meals=1056.64; other=2064.82,https://disclosures-clerk.house.gov/gtimages/ST/2022/500025174.pdf,index:clerk_bulk; visual_read; filing=500025174
2022-08-13,2022-08-21,Samantha Goldsmith,"Staff (office of Stevens, Haley)",House,Democrat,MI-11,Israel Policy Forum,"Tel Aviv, Israel",7871.39,transport=2334.93; lodging=2415.00; meals=1056.64; other=2064.82; accompanying_family=N/A,https://disclosures-clerk.house.gov/gtimages/ST/2022/500025130.pdf,index:clerk_bulk; ocr_agree; filing=500025130
2022-08-13,2022-08-21,Amanda Yanchury,"Staff (office of McCollum, Betty)",House,Democrat,MN-04,Rebuilding Alliance,"Tel Aviv, Israel",3591.00,transport=2173.00; lodging=540.00; meals=266.00; other=612.00; other itemized 576+36; form lists 4 travelers (per person),https://disclosures-clerk.house.gov/gtimages/ST/2022/500025203.pdf,index:clerk_bulk; visual_read; filing=500025203
2022-08-13,2022-08-21,Anuj Gupta,"Staff (office of Evans, Dwight)",House,Democrat,PA-03,Rebuilding Alliance,"Tel Aviv, Israel",3357.00,transport=1939.00; lodging=540.00; meals=266.00; other=612.00; other itemized: guide and speaker fees 576 + driver tips 36,https://disclosures-clerk.house.gov/gtimages/ST/2022/500025359.pdf,index:clerk_bulk; visual_read; filings=500025231+500025359
2022-08-13,2022-08-21,Austin Cook,"Staff (office of Slotkin, Elissa)",House,Democrat,MI-07,Rebuilding Alliance,"Tel Aviv, Israel",3544.00,transport=2126.00; lodging=540.00; meals=266.00; other=612.00; other itemized: guide and speaker fees 576 + driver tips 36,https://disclosures-clerk.house.gov/gtimages/ST/2022/500025366.pdf,index:clerk_bulk; visual_read; filings=500025230+500025366
2022-08-13,2022-08-23,Courtney Stevens,"Staff (office of Palazzo, Steven)",House,Republican,MS-04,Rebuilding Alliance,"Tel Aviv, Israel",3591.00,transport=2173.00; lodging=540.00; meals=266.00; other=612.00; other itemized: guide and speaker fees 576 + driver tips 36; form lists 4 travelers (per person),https://disclosures-clerk.house.gov/gtimages/ST/2022/500025232.pdf,index:clerk_bulk; visual_read; filing=500025232
2022-08-13,2022-08-21,Kevin Countie,"Staff (office of Nehls, Troy)",House,Republican,TX-22,Rebuilding Alliance,"Tel Aviv, Israel",3654.00,transport=2236.00; lodging=540.00; meals=266.00; other=612.00; other itemized 576+36,https://disclosures-clerk.house.gov/gtimages/ST/2022/500025291.pdf,index:clerk_bulk; visual_read; filing=500025291
2022-08-13,2022-08-21,Nicholas Martin,"Staff (office of Delbene, Suzan)",House,Democrat,WA-01,Rebuilding Alliance,"Tel Aviv, Israel",3591.00,transport=2173.00; lodging=540.00; meals=266.00; other=612.00; other itemized 576+36; form lists 4 travelers (per person),https://disclosures-clerk.house.gov/gtimages/ST/2022/500025195.pdf,index:clerk_bulk; visual_read; filing=500025195
2022-08-13,2022-08-21,Sasha Galbreath,"Staff (office of Trone, David)",House,Democrat,MD-06,Rebuilding Alliance,"Tel Aviv, Israel",3591.00,transport=2173.00; lodging=540.00; meals=266.00; other=612.00; other itemized 576+36; form lists 4 travelers (per person),https://disclosures-clerk.house.gov/gtimages/ST/2022/500025214.pdf,index:clerk_bulk; visual_read; filing=500025214
2022-08-26,2022-09-03,Alexa Roth,"Staff (office of Panetta, James)",House,Democrat,CA-19,J Street Education Fund,"Tel Aviv, Israel",,transport=2357.00; lodging=2820.00; meals=1205.00; other=not_on_form_page; known_subtotal=6382.00; other=See Attached,https://disclosures-clerk.house.gov/gtimages/ST/2022/500025292.pdf,index:clerk_bulk; visual_read+incomplete; filing=500025292
2022-08-26,2022-09-03,Benjamin Talus,"Staff (office of Nadler, Jerrold)",House,Democrat,NY-12,J Street Education Fund,"Tel Aviv, Israel",,transport=2511.00; lodging=2820.00; meals=1205.00; other=not_on_form_page; known_subtotal=6536.00; other=See Attached,https://disclosures-clerk.house.gov/gtimages/ST/2022/500025234.pdf,index:clerk_bulk; visual_read+incomplete; filing=500025234
2022-08-26,2022-09-03,James Green,"Staff (office of Leger Fernandez, Teresa)",House,Democrat,NM-03,J Street Education Fund,"Tel Aviv, Israel",,transport=1495.00; lodging=2820.00; meals=1205.00; other=not_on_form_page; known_subtotal=5520.00; other=See Attached,https://disclosures-clerk.house.gov/gtimages/ST/2022/500025315.pdf,index:clerk_bulk; visual_read+incomplete; filing=500025315
2022-08-26,2022-09-03,Jedediah Ober,"Staff (office of Wild, Susan)",House,Democrat,PA-07,J Street Education Fund,"Tel Aviv, Israel",,transport=2420.00; lodging=2820.00; meals=1205.00; other=not_on_form_page; known_subtotal=6445.00; other=See Attached,https://disclosures-clerk.house.gov/gtimages/ST/2022/500025280.pdf,index:clerk_bulk; visual_read+incomplete; filing=500025280
2022-08-26,2022-09-03,Jessie Kaplan,"Staff (office of Himes, James)",House,Democrat,CT-04,J Street Education Fund,"Tel Aviv, Israel",,transport=2470.00; lodging=2820.00; meals=1205.00; other=not_on_form_page; known_subtotal=6495.00; other=See Attached,https://disclosures-clerk.house.gov/gtimages/ST/2022/500025240.pdf,index:clerk_bulk; visual_read+incomplete; filing=500025240
2022-08-26,2022-09-03,Joseph Valente,"Staff (office of Auchincloss, Jake)",House,Democrat,MA-04,J Street Education Fund,"Tel Aviv, Israel",,transport=2211.00; lodging=2820.00; meals=1205.00; other=not_on_form_page; known_subtotal=6236.00; other=See Attached,https://disclosures-clerk.house.gov/gtimages/ST/2022/500025242.pdf,index:clerk_bulk; visual_read+incomplete; filing=500025242
2022-08-26,2022-09-03,Katherine Cosgrove,"Staff (office of Houlahan, Christina)",House,Democrat,PA-06,J Street Education Fund,"Tel Aviv, Israel",,transport=2421.00; lodging=2820.00; meals=1205.00; other=not_on_form_page; known_subtotal=6446.00; other=See Attached,https://disclosures-clerk.house.gov/gtimages/ST/2022/500025243.pdf,index:clerk_bulk; visual_read+incomplete; filing=500025243
2022-08-26,2022-09-03,Maura Weaver,"Staff (office of Stansbury, Melanie)",House,Democrat,NM-01,J Street Education Fund,"Tel Aviv, Israel",,transport=2924.00; lodging=2820.00; meals=1205.00; other=not_on_form_page; known_subtotal=6949.00; other=See Attached,https://disclosures-clerk.house.gov/gtimages/ST/2022/500025246.pdf,index:clerk_bulk; visual_read+incomplete; filing=500025246
2022-08-26,2022-09-03,Michael Mucchetti,"Staff (office of Doggett, Lloyd)",House,Democrat,TX-37,J Street Education Fund,"Tel Aviv, Israel",,transport=2356.00; lodging=2820.00; meals=1205.00; other=not_on_form_page; known_subtotal=6381.00; other=See Attached,https://disclosures-clerk.house.gov/gtimages/ST/2022/500025248.pdf,index:clerk_bulk; visual_read+incomplete; filing=500025248
2022-08-26,2022-09-03,Paige Hutchinson,"Staff (office of Allred, Colin)",House,Democrat,TX-32,J Street Education Fund,"Tel Aviv, Israel",,transport=2211.00; lodging=2820.00; meals=1205.00; other=not_on_form_page; known_subtotal=6236.00; other=See Attached,https://disclosures-clerk.house.gov/gtimages/ST/2022/500025249.pdf,index:clerk_bulk; visual_read+incomplete; filing=500025249
2022-08-26,2022-09-03,Zahraa Saheb,"Staff (office of Escobar, Veronica)",House,Democrat,TX-16,J Street Education Fund,"Tel Aviv, Israel",,transport=2295.00; lodging=2820.00; meals=1205.00; other=not_on_form_page; known_subtotal=6320.00; other=See Attached,https://disclosures-clerk.house.gov/gtimages/ST/2022/500025285.pdf,index:clerk_bulk; visual_read+incomplete; filing=500025285
2022-09-01,2022-09-11,Shir Attias,"Staff (office of Frankel, Lois)",House,Democrat,FL-22,American Israel Education Foundation (AIEF),Israel,12814.28,transport=5892.55; lodging=2322.86; meals=1223.09; other=3375.78,https://disclosures-clerk.house.gov/gtimages/ST/2022/500025345.pdf,index:clerk_bulk; ocr_agree; filing=500025345
2022-09-03,2022-09-11,Cody J. Cazares,"Staff (office of McCaul, Michael)",House,Republican,TX-10,American Israel Education Foundation (AIEF),"Tel Aviv, Israel",12940.88,transport=6019.15; lodging=2322.86; meals=1223.09; other=3375.78,https://disclosures-clerk.house.gov/gtimages/ST/2022/500025311.pdf,index:clerk_bulk; ocr_agree; filing=500025311
2022-09-03,2022-09-11,Connor Jeffers,"Staff (office of Crow, Jason)",House,Democrat,CO-06,American Israel Education Foundation (AIEF),Israel,12940.88,transport=6019.15; lodging=2322.86; meals=1223.09; other=3375.78,https://disclosures-clerk.house.gov/gtimages/ST/2022/500025391.pdf,index:clerk_bulk; ocr_agree; filing=500025391
2022-09-03,2022-09-11,Hunter  Mallory Ryan,"Staff (office of Ruppersberger, C. A.)",House,Democrat,MD-02,American Israel Education Foundation (AIEF),Israel,12940.88,transport=6019.15; lodging=2322.86; meals=1223.09; other=3375.78,https://disclosures-clerk.house.gov/gtimages/ST/2022/500025361.pdf,index:clerk_bulk; ocr_agree; filing=500025361
2022-09-03,2022-09-11,Johanna Leblanc,"Staff (office of Cherfilus-McCormick, Sheila)",House,Democrat,FL-20,American Israel Education Foundation (AIEF),Israel,12940.88,transport=6019.15; lodging=2322.86; meals=1223.09; other=3375.78,https://disclosures-clerk.house.gov/gtimages/ST/2022/500025377.pdf,index:clerk_bulk; ocr_agree; filing=500025377
2022-09-03,2022-09-11,John Chapa Gorczynski,"Staff (office of Garcia, Sylvia)",House,Democrat,TX-29,American Israel Education Foundation (AIEF),Israel,13436.38,transport=6514.65; lodging=2322.86; meals=1223.09; other=3375.78,https://disclosures-clerk.house.gov/gtimages/ST/2022/500025368.pdf,index:clerk_bulk; ocr_agree; filing=500025368
2022-09-03,2022-09-11,Kyle Bligen,"Staff (office of Vargas, Juan)",House,Democrat,CA-52,American Israel Education Foundation (AIEF),Israel,12940.88,transport=6019.15; lodging=2322.86; meals=1223.09; other=3375.78,https://disclosures-clerk.house.gov/gtimages/ST/2022/500025329.pdf,index:clerk_bulk; ocr_agree; filing=500025329
2022-09-03,2022-09-11,Mary Rosado,"Staff (office of Barr, Garland)",House,Republican,KY-06,American Israel Education Foundation (AIEF),Israel,15103.38,transport=8181.65; lodging=2322.86; meals=1223.09; other=3375.78,https://disclosures-clerk.house.gov/gtimages/ST/2022/500025331.pdf,index:clerk_bulk; ocr_agree; filing=500025331
2022-09-03,2022-09-11,Michael Weglein,"Staff (office of Mast, Brian)",House,Republican,FL-21,American Israel Education Foundation (AIEF),Israel,12940.88,transport=6019.15; lodging=2322.86; meals=1223.09; other=3375.78,https://disclosures-clerk.house.gov/gtimages/ST/2022/500025365.pdf,index:clerk_bulk; ocr_agree; filing=500025365
2022-09-03,2022-09-11,Preston Howey,"Staff (office of Pfluger, August)",House,Republican,TX-11,American Israel Education Foundation (AIEF),Israel,12940.88,transport=6019.15; lodging=2322.86; meals=1223.09; other=3375.78,https://disclosures-clerk.house.gov/gtimages/ST/2022/500025369.pdf,index:clerk_bulk; ocr_agree; filing=500025369
2022-09-03,2022-09-11,Ruth Ward,"Staff (office of Johnson, Mike)",House,Republican,LA-04,American Israel Education Foundation (AIEF),Israel,12940.88,transport=6019.15; lodging=2322.86; meals=1223.09; other=3375.78,https://disclosures-clerk.house.gov/gtimages/ST/2022/500025339.pdf,index:clerk_bulk; ocr_agree; filing=500025339
2022-09-03,2022-09-11,Xiyue Wang,"Staff (office of Banks, James)",House,Republican,IN-03,American Israel Education Foundation (AIEF),Israel,12940.88,transport=6019.15; lodging=2322.86; meals=1223.09; other=3375.78,https://disclosures-clerk.house.gov/gtimages/ST/2022/500025350.pdf,index:clerk_bulk; ocr_agree; filing=500025350
2022-09-03,2022-09-11,Zachary Mendelovici,"Staff (office of Buck, Kenneth)",House,Republican,CO-04,American Israel Education Foundation (AIEF),Israel,12940.88,transport=6019.15; lodging=2322.86; meals=1223.09; other=3375.78,https://disclosures-clerk.house.gov/gtimages/ST/2022/500025351.pdf,index:clerk_bulk; ocr_agree; filing=500025351
2022-09-03,2022-09-11,Adam Sullivan,"Staff (office of Cole, Tom)",House,Republican,OK-04,Israel Education Foundation (as filed),Israel,12940.88,transport=6019.15; lodging=2322.86; meals=1223.09; other=3375.78,https://disclosures-clerk.house.gov/gtimages/ST/2022/500025296.pdf,index:clerk_bulk; ocr_agree; filing=500025296
2022-09-12,2022-09-21,Taylor Fairless,"Staff (office of Panetta, James)",House,Democrat,CA-19,Jewish Institute for National Security of America (JINSA),"Tel Aviv, Israel",6398.00,transport=1800.00; lodging=2670.00; meals=1228.00; other=700.00,https://disclosures-clerk.house.gov/gtimages/ST/2022/500025378.pdf,index:clerk_bulk; visual_read; filing=500025378
2022-10-23,2022-10-29,Mike Wakefield,"Staff (office of Collins, Susan)",Senate,Republican,ME,American Israel Education Foundation (AIEF),"Israel (Jerusalem, Golan Heights, Tel Aviv)",23921.73,transport=12444.95; lodging=2384.15; meals=919.92; other=8172.71; original RE-2; meals later amended (see aIptSTxg30KV1QLusIbBUw); LATER AMENDMENT(S) aIptSTxg30KV1QLusIbBUw revise figures not read,https://giftrule-disclosure.senate.gov/media/2022/LAYonh45S0a1lrK4LDxOLA.pdf,index:senate_giftrule_db; visual_read+superseding_amendment_not_read; filings=LAYonh45S0a1lrK4LDxOLA+aIptSTxg30KV1QLusIbBUw
2022-10-23,2022-10-29,Susan M Collins,Senator,Senate,Republican,ME,American Israel Education Foundation (AIEF),"Tel Aviv, Golan Heights, Jerusalem, Israel",23082.35,"transport=11826.35; lodging=2384.15; meals=699.15; other=8172.70; AMENDED RE-3 (12/22/2022) supersedes ZTXdTaI02PrbfyiHMc9A: meals revised 919.92 -> 699.15; other = sum of itemized lines (original stated 8,172.71)",https://giftrule-disclosure.senate.gov/media/2022/GzezNdUPu0C9WxsuXjiztQ.pdf,index:senate_giftrule_db; visual_read; filings=ZTXdTaI02PrbfyiHMc9A+GzezNdUPu0C9WxsuXjiztQ
2022-10-30,2022-11-04,Angel Vazquez,"Staff (office of Torres, Ritchie)",House,Democrat,NY-15,Jewish Community Relations Council of New York,Israel,6702.73,transport=2243.93; lodging=1723.80; meals=799.00; other=1936.00; handwritten; travelers on attached list; other = venues/program/meetings/speakers,https://disclosures-clerk.house.gov/gtimages/ST/2024/500028302.pdf,index:clerk_bulk; visual_read; filing=500028302
2022-10-30,2022-11-04,Ritchie Torres,Member,House,Democrat,NY-15,Jewish Community Relations Council of New York,Israel,6702.73,transport=2243.93; lodging=1723.80; meals=799.00; other=1936.00; handwritten; travelers on attached list; other = venues/program/meetings/speakers,https://disclosures-clerk.house.gov/gtimages/MT/2024/500028309.pdf,index:clerk_bulk; visual_read; filing=500028309
2023-02-16,2023-02-22,Alex Padilla,Senator,Senate,Democrat,CA,American Israel Education Foundation (AIEF),Israel (destination field not read; Israel referenced in filing text),,transport=not_read; lodging=not_read; meals=not_read; other=not_read; amendment cover sheet (AIEF invitation attached); costs not on page read,https://giftrule-disclosure.senate.gov/media/2023/o4UIB5mW0CiTuH9XkM2vw.pdf,index:senate_giftrule_db; visual_read+costs_not_on_pages_read; filings=o4UIB5mW0CiTuH9XkM2vw
2023-02-16,2023-02-24,David Montes,"Staff (office of Padilla, Alex)",Senate,Democrat,CA,American Israel Education Foundation (AIEF),Israel (destination field not read; Israel referenced in filing text),21508.47,transport=11810.88; lodging=1800.81; meals=862.41; other=7034.37,https://giftrule-disclosure.senate.gov/media/2023/0JwOvMHkBUauDUEi0eIxHQ.pdf,index:senate_giftrule_db; visual_read; filings=0JwOvMHkBUauDUEi0eIxHQ
2023-02-16,2023-02-22,Jose Juan Villalvazo,"Staff (office of Padilla, Alex)",Senate,Democrat,CA,American Israel Education Foundation (AIEF),Israel (destination field not read; Israel referenced in filing text),19759.47,transport=10061.88; lodging=1800.81; meals=862.41; other=7034.37,https://giftrule-disclosure.senate.gov/media/2023/fc5pYuSg90Cds5DoYZGnXw.pdf,index:senate_giftrule_db; visual_read; filings=fc5pYuSg90Cds5DoYZGnXw
2023-02-17,2023-02-24,Alma S. Adams,Member,House,Democrat,NC-12,J Street Education Fund,Israel,,transport=14900.00; lodging=2110.00; meals=1212.00; other=not_on_form_page; known_subtotal=18222.00; other=See Attached; accompanying family 14900/151/1212/See Attached,https://disclosures-clerk.house.gov/gtimages/MT/2023/500025865.pdf,index:clerk_bulk; visual_read+incomplete; filing=500025865
2023-02-17,2023-02-24,Colin Allred,Member,House,Democrat,TX-32,J Street Education Fund,Israel,,transport=9333.00; lodging=2110.00; meals=1212.00; other=not_on_form_page; known_subtotal=12655.00; other=See Attached,https://disclosures-clerk.house.gov/gtimages/MT/2023/500025871.pdf,index:clerk_bulk; visual_read+incomplete; filing=500025871
2023-02-17,2023-02-24,James P. McGovern,Member,House,Democrat,MA-02,J Street Education Fund,Israel,,transport=9558.00; lodging=2110.00; meals=1212.00; other=not_on_form_page; known_subtotal=12880.00; other=See Attached,https://disclosures-clerk.house.gov/gtimages/MT/2023/500025876.pdf,index:clerk_bulk; visual_read+incomplete; filing=500025876
2023-02-17,2023-02-24,Jimmy Gomez,Member,House,Democrat,CA-34,J Street Education Fund,Israel,,transport=11390.00; lodging=2110.00; meals=1212.00; other=not_on_form_page; known_subtotal=14712.00; other=See Attached; accompanying family 9890/151/1212/See Attached,https://disclosures-clerk.house.gov/gtimages/MT/2023/500025877.pdf,index:clerk_bulk; visual_read+incomplete; filing=500025877
2023-02-17,2023-02-24,Katie Porter,Member,House,Democrat,CA-47,J Street Education Fund,Israel,,transport=11207.00; lodging=2110.00; meals=1212.00; other=not_on_form_page; known_subtotal=14529.00; other=See Attached; accompanying family 13949/151/1212/See Attached,https://disclosures-clerk.house.gov/gtimages/MT/2023/500025881.pdf,index:clerk_bulk; visual_read+incomplete; filing=500025881
2023-02-17,2023-02-24,Kim Schrier,Member,House,Democrat,WA-08,J Street Education Fund,Israel,,transport=11100.00; lodging=2110.00; meals=1212.00; other=not_on_form_page; known_subtotal=14422.00; other=See Attached; accompanying family 11100/151/1212/See Attached,https://disclosures-clerk.house.gov/gtimages/MT/2023/500025883.pdf,index:clerk_bulk; visual_read+incomplete; filing=500025883
2023-02-17,2023-02-24,Lori Trahan,Member,House,Democrat,MA-03,J Street Education Fund,Israel,,transport=13620.00; lodging=2110.00; meals=1212.00; other=not_on_form_page; known_subtotal=16942.00; other=See Attached,https://disclosures-clerk.house.gov/gtimages/MT/2023/500025981.pdf,index:clerk_bulk; visual_read+incomplete; filing=500025981
2023-02-17,2023-02-24,Mike Levin,Member,House,Democrat,CA-49,J Street Education Fund,Israel,,transport=11000.00; lodging=2110.00; meals=1212.00; other=not_on_form_page; known_subtotal=14322.00; other=See Attached,https://disclosures-clerk.house.gov/gtimages/MT/2023/500026523.pdf,index:clerk_bulk; visual_read+incomplete; filing=500026523
2023-02-17,2023-02-24,Mike Thompson,Member,House,Democrat,CA-04,J Street Education Fund,Israel,,transport=10900.00; lodging=2110.00; meals=987.00; other=not_on_form_page; known_subtotal=13997.00; other=See Attached; accompanying family 10900/151/987/See Attached,https://disclosures-clerk.house.gov/gtimages/MT/2023/500025916.pdf,index:clerk_bulk; visual_read+incomplete; filing=500025916
2023-02-17,2023-02-24,Sharice Davids,Member,House,Democrat,KS-03,J Street Education Fund,Israel,,transport=11850.00; lodging=2110.00; meals=1212.00; other=not_on_form_page; known_subtotal=15172.00; other=See Attached,https://disclosures-clerk.house.gov/gtimages/MT/2023/500025927.pdf,index:clerk_bulk; visual_read+incomplete; filing=500025927
2023-02-17,2023-02-24,Susan Wild,Member,House,Democrat,PA-07,J Street Education Fund,Israel,,transport=10950.00; lodging=2110.00; meals=1212.00; other=not_on_form_page; known_subtotal=14272.00; other=See Attached,https://disclosures-clerk.house.gov/gtimages/MT/2023/500025990.pdf,index:clerk_bulk; visual_read+incomplete; filing=500025990
2023-02-17,2023-02-24,Teresa Leger Fernandez,Member,House,Democrat,NM-03,J Street Education Fund,Israel,,transport=9879.00; lodging=2110.00; meals=1212.00; other=not_on_form_page; known_subtotal=13201.00; other=See Attached,https://disclosures-clerk.house.gov/gtimages/MT/2023/500025892.pdf,index:clerk_bulk; visual_read+incomplete; filing=500025892
2023-02-17,2023-02-24,Troy A. Carter,Member,House,Democrat,LA-02,J Street Education Fund,Israel,,transport=11450.00; lodging=2110.00; meals=1212.00; other=not_on_form_page; known_subtotal=14772.00; other=See Attached; accompanying family 11450/151/1212/See Attached,https://disclosures-clerk.house.gov/gtimages/MT/2023/500026551.pdf,index:clerk_bulk; visual_read+incomplete; filing=500026551
2023-02-17,2023-02-26,Diana Harshbarger,Member,House,Republican,TN-01,U.S. Israel Education Association (USIEA),Israel,21656.72,transport=17039.47; lodging=1957.00; meals=1410.00; other=1250.25; accompanying family on separate form,https://disclosures-clerk.house.gov/gtimages/MT/2023/500025950.pdf,index:clerk_bulk; visual_read; filing=500025950
2023-02-17,2023-02-26,Jeanette Whitener,"Staff (office of Weber, Randy)",House,Republican,TX-14,U.S. Israel Education Association (USIEA),Israel,15809.52,transport=9387.27; lodging=3762.00; meals=1410.00; other=1250.25; accompanying_family=N/A,https://disclosures-clerk.house.gov/gtimages/ST/2023/500025875.pdf,index:clerk_bulk; ocr_agree; filing=500025875
2023-02-17,2023-02-26,Juan Vargas,"Staff (office of Vargas, Juan)",House,Democrat,CA-52,U.S. Israel Education Association (USIEA),Israel,20368.95,transport=13946.70; lodging=3762.00; meals=1410.00; other=1250.25,https://disclosures-clerk.house.gov/gtimages/ST/2023/500025979.pdf,index:clerk_bulk; visual_read; filing=500025979
2023-02-17,2023-02-26,Lawrence Cohen,"Staff (office of Vargas, Juan)",House,Democrat,CA-52,U.S. Israel Education Association (USIEA),Israel,14127.12,transport=7704.87; lodging=3762.00; meals=1410.00; other=1250.25; accompanying_family=N/A,https://disclosures-clerk.house.gov/gtimages/ST/2023/500025884.pdf,index:clerk_bulk; ocr_agree; filing=500025884
2023-02-17,2023-02-26,"Randy Weber, Sr.",Member,House,Republican,TX-14,U.S. Israel Education Association (USIEA),Israel,18664.02,transport=14046.77; lodging=1957.00; meals=1410.00; other=1250.25; accompanying family same amounts,https://disclosures-clerk.house.gov/gtimages/MT/2023/500026654.pdf,index:clerk_bulk; visual_read; filings=500025888+500026654
2023-02-17,2023-02-26,Rick Allen,Member,House,Republican,GA-12,U.S. Israel Education Association (USIEA),Israel,22505.82,transport=17888.57; lodging=1957.00; meals=1410.00; other=1250.25; accompanying family same amounts,https://disclosures-clerk.house.gov/gtimages/MT/2023/500025987.pdf,index:clerk_bulk; visual_read; filing=500025987
2023-02-18,2023-02-26,Andrew Wright,"Staff (office of Kilmer, Derek)",House,Democrat,WA-06,American Israel Education Foundation (AIEF),Israel,15048.60,transport=8995.34; lodging=2187.84; meals=1024.46; other=2840.96,https://disclosures-clerk.house.gov/gtimages/ST/2023/500025949.pdf,index:clerk_bulk; ocr_agree; filing=500025949
2023-02-18,2023-02-26,Jeffrey Hayden Haynes,"Staff (office of Johnson, Mike)",House,Republican,LA-04,American Israel Education Foundation (AIEF),Israel,13331.60,transport=7278.34; lodging=2187.84; meals=1024.46; other=2840.96,https://disclosures-clerk.house.gov/gtimages/ST/2023/500025909.pdf,index:clerk_bulk; ocr_agree; filing=500025909
2023-02-18,2023-02-26,Jenifer Megan Bel Miller,"Staff (office of Scalise, Steve)",House,Republican,LA-01,American Israel Education Foundation (AIEF),Israel,17396.40,transport=11343.14; lodging=2187.84; meals=1024.46; other=2840.96; form lists 3 travelers (per person),https://disclosures-clerk.house.gov/gtimages/ST/2023/500025910.pdf,index:clerk_bulk; visual_read; filing=500025910
2023-02-18,2023-02-26,Kayla Williams,"Staff (office of Meeks, Gregory)",House,Democrat,NY-05,American Israel Education Foundation (AIEF),Israel,14841.60,transport=8788.34; lodging=2187.84; meals=1024.46; other=2840.96,https://disclosures-clerk.house.gov/gtimages/ST/2023/500025952.pdf,index:clerk_bulk; ocr_agree; filing=500025952
2023-02-18,2023-02-26,Maeve Healy,"Staff (office of Meng, Grace)",House,Democrat,NY-06,American Israel Education Foundation (AIEF),Israel,13331.60,transport=7278.34; lodging=2187.84; meals=1024.46; other=2840.96,https://disclosures-clerk.house.gov/gtimages/ST/2023/500025954.pdf,index:clerk_bulk; ocr_agree; filing=500025954
2023-02-18,2023-02-26,Margaret Reynolds,"Staff (office of Golden, Jared)",House,Democrat,ME-02,American Israel Education Foundation (AIEF),Israel,13224.60,transport=7171.34; lodging=2187.84; meals=1024.46; other=2840.96,https://disclosures-clerk.house.gov/gtimages/ST/2023/500025914.pdf,index:clerk_bulk; ocr_agree; filing=500025914
2023-02-18,2023-02-26,Nicola Hawatmeh,"Staff (office of McClain, Lisa)",House,Republican,MI-09,American Israel Education Foundation (AIEF),Israel,13331.60,transport=7278.34; lodging=2187.84; meals=1024.46; other=2840.96,https://disclosures-clerk.house.gov/gtimages/ST/2023/500025984.pdf,index:clerk_bulk; ocr_agree; filing=500025984
2023-02-18,2023-02-26,Patrick Stewart Hester,"Staff (office of Stefanik, Elise)",House,Republican,NY-21,American Israel Education Foundation (AIEF),Israel,17396.40,transport=11343.14; lodging=2187.84; meals=1024.46; other=2840.96,https://disclosures-clerk.house.gov/gtimages/ST/2023/500025917.pdf,index:clerk_bulk; ocr_agree; filing=500025917
2023-02-18,2023-02-26,Rebecca Walldorff,"Staff (office of Mcbath, Lucy)",House,Democrat,GA-06,American Israel Education Foundation (AIEF),Israel,17396.40,transport=11343.14; lodging=2187.84; meals=1024.46; other=2840.96; form lists 3 travelers (per person),https://disclosures-clerk.house.gov/gtimages/ST/2023/500025926.pdf,index:clerk_bulk; visual_read; filing=500025926
2023-02-18,2023-02-26,Steven Carlson,"Staff (office of Pappas, Chris)",House,Democrat,NH-01,American Israel Education Foundation (AIEF),Israel,13331.60,transport=7278.34; lodging=2187.84; meals=1024.46; other=2840.96,https://disclosures-clerk.house.gov/gtimages/ST/2023/500025920.pdf,index:clerk_bulk; ocr_agree; filing=500025920
2023-02-18,2023-02-26,Tom Moran,"Staff (office of Salazar, Maria)",House,Republican,FL-27,American Israel Education Foundation (AIEF),Israel,13331.60,transport=7278.34; lodging=2187.84; meals=1024.46; other=2840.96; form lists 5 travelers (per person),https://disclosures-clerk.house.gov/gtimages/ST/2023/500025922.pdf,index:clerk_bulk; visual_read; filing=500025922
2023-02-18,2023-02-26,William Stuart Burns,"Staff (office of Posey, Bill)",House,Republican,FL-08,American Israel Education Foundation (AIEF),Israel,15263.60,transport=9210.34; lodging=2187.84; meals=1024.46; other=2840.96,https://disclosures-clerk.house.gov/gtimages/ST/2023/500025923.pdf,index:clerk_bulk; ocr_agree; filing=500025923
2023-02-18,2023-02-24,Veronica Escobar,"Staff (office of Escobar, Veronica)",House,Democrat,TX-16,J Street Education Fund,Israel,,transport=8039.00; lodging=2110.00; meals=1212.00; other=not_on_form_page; known_subtotal=11361.00; other=See Attached; accompanying family 10900/151/987/See Attached,https://disclosures-clerk.house.gov/gtimages/ST/2023/500026682.pdf,index:clerk_bulk; visual_read+incomplete; filings=500025893+500026682
2023-02-18,2023-02-26,Allison Herwitt,"Staff (office of Murphy, Chris)",Senate,Democrat,CT,American Israel Education Foundation (AIEF),"Jerusalem, Tel Aviv, Tiberias, Israel",13331.60,transport=7278.34; lodging=2187.84; meals=1024.46; other=2840.96; other itemized; total 2840.96 shown in itemization,https://giftrule-disclosure.senate.gov/media/2023/VFb6UBVoUKIa74eUrk2A.pdf,index:senate_giftrule_db; visual_read; filings=VFb6UBVoUKIa74eUrk2A+EvhRQNHOT0a4A5FAt4iBsA
2023-02-18,2023-02-26,Caitlyn Stephenson,"Staff (office of Peters, Gary)",Senate,Democrat,MI,American Israel Education Foundation (AIEF),Israel (destination field not read; Israel referenced in filing text),13224.60,transport=7171.34; lodging=2187.84; meals=1024.46; other=2840.96,https://giftrule-disclosure.senate.gov/media/2023/lBoD9JK0UaR974pjvaIQ.pdf,index:senate_giftrule_db; visual_read; filings=lBoD9JK0UaR974pjvaIQ
2023-02-18,2023-02-26,Doug Davis,"Staff (office of Hyde-Smith, Cindy)",Senate,Republican,MS,American Israel Education Foundation (AIEF),Israel (destination field not read; Israel referenced in filing text),13331.60,transport=7278.34; lodging=2187.84; meals=1024.46; other=2840.96,https://giftrule-disclosure.senate.gov/media/2023/cFYoMGBrrUfJRlrN19r0g.pdf,index:senate_giftrule_db; visual_read; filings=cFYoMGBrrUfJRlrN19r0g
2023-02-18,2023-02-26,Elizabeth Falcone,"Staff (office of Warner, Mark)",Senate,Democrat,VA,American Israel Education Foundation (AIEF),Israel (destination field not read; Israel referenced in filing text),13331.60,transport=7278.34; lodging=2187.84; meals=1024.46; other=2840.96,https://giftrule-disclosure.senate.gov/media/2023/I71snkCNki1AVT5MkscA.pdf,index:senate_giftrule_db; visual_read; filings=I71snkCNki1AVT5MkscA
2023-02-18,2023-02-26,Elizabeth Johnson,"Staff (office of Romney, Mitt)",Senate,Republican,UT,American Israel Education Foundation (AIEF),Israel (destination field not read; Israel referenced in filing text),13331.60,transport=7278.34; lodging=2187.84; meals=1024.46; other=2840.96,https://giftrule-disclosure.senate.gov/media/2023/5EiDMqjzPECUnXBQ5X2eA.pdf,index:senate_giftrule_db; visual_read; filings=5EiDMqjzPECUnXBQ5X2eA+fOiQPe6EUE6YaVI9dukyBw
2023-02-18,2023-02-26,Hanna Mori,"Staff (office of Booker, Cory)",Senate,Democrat,NJ,Rebuilding Alliance,Israel and the West Bank,3986.00,"transport=1853.00; lodging=480.00; meals=326.00; other=1327.00; refiled 4/23/2024; same trip as zmpZtGoeE2yoDL9QURoVg (form dates Feb 18-26, 2023; index lists 02/23/2023)",https://giftrule-disclosure.senate.gov/media/2024/eMAm0gTVJEuWtv7IphRSPQ.pdf,index:senate_giftrule_db; visual_read; filings=zmpZtGoeE2yoDL9QURoVg+eMAm0gTVJEuWtv7IphRSPQ
2023-02-18,2023-02-26,Robert Axson,"Staff (office of Lee, Mike)",Senate,Republican,UT,Rebuilding Alliance,Explain how this trip is specifically connected to the traveler's official or representational dutie [OCR],,transport=2493.00; lodging=480.00; meals=326.00; other=not_read; other itemized (insurance 123; guide/speakers ...) cut off on page read; other total not read,https://giftrule-disclosure.senate.gov/media/2023/w2PSZ9d4aEC2jOkCTrgrag.pdf,index:senate_giftrule_db; visual_read+incomplete; filings=w2PSZ9d4aEC2jOkCTrgrag
2023-02-19,2023-02-23,Eric Swalwell,Member,House,Democrat,CA-14,J Street Education Fund,Israel,,transport=8520.00; lodging=2110.00; meals=912.00; other=not_on_form_page; known_subtotal=11542.00; other=See Attached; accompanying family 17100/151/912/See Attached,https://disclosures-clerk.house.gov/gtimages/MT/2023/500025974.pdf,index:clerk_bulk; visual_read+incomplete; filing=500025974
2023-05-27,2023-06-04,Ashlee Bierworth,"Staff (office of Reschenthaler, Guy)",House,Republican,PA-14,American Israel Education Foundation (AIEF),Israel,10456.35,transport=4115.73; lodging=2160.53; meals=1035.08; other=3145.01,https://disclosures-clerk.house.gov/gtimages/ST/2023/500026474.pdf,index:clerk_bulk; ocr_agree; filing=500026474
2023-05-27,2023-06-04,Benjamin Nyce,"Staff (office of Stefanik, Elise)",House,Republican,NY-21,American Israel Education Foundation (AIEF),Israel,10456.35,transport=4115.73; lodging=2160.53; meals=1035.08; other=3145.01; sponsor named on form as American Israel Education Association Inc. (AIEF); travelers on attached list,https://disclosures-clerk.house.gov/gtimages/ST/2023/500026475.pdf,index:clerk_bulk; visual_read; filing=500026475
2023-05-27,2023-06-04,Gianluca Nigro,"Staff (office of Boyle, Brendan)",House,Democrat,PA-02,American Israel Education Foundation (AIEF),Israel,10456.35,transport=4115.73; lodging=2160.53; meals=1035.08; other=3145.01,https://disclosures-clerk.house.gov/gtimages/ST/2023/500026503.pdf,index:clerk_bulk; ocr_agree; filing=500026503
2023-05-27,2023-06-04,Harper White,"Staff (office of Delauro, Rosa)",House,Democrat,CT-03,American Israel Education Foundation (AIEF),Israel,10663.35,transport=4322.73; lodging=2160.53; meals=1035.08; other=3145.01,https://disclosures-clerk.house.gov/gtimages/ST/2023/500026517.pdf,index:clerk_bulk; ocr_agree; filing=500026517
2023-05-27,2023-06-04,Jackson Suarez,"Staff (office of Luttrell, Morgan)",House,Republican,TX-08,American Israel Education Foundation (AIEF),Israel,10663.35,transport=4322.73; lodging=2160.53; meals=1035.08; other=3145.01,https://disclosures-clerk.house.gov/gtimages/ST/2023/500026697.pdf,index:clerk_bulk; ocr_agree; filings=500026534+500026697
2023-05-27,2023-06-04,Jacob Friedman,"Staff (office of Pappas, Chris)",House,Democrat,NH-01,American Israel Education Foundation (AIEF),Israel,8451.35,transport=2110.73; lodging=2160.53; meals=1035.08; other=3145.01,https://disclosures-clerk.house.gov/gtimages/ST/2023/500026482.pdf,index:clerk_bulk; ocr_agree; filing=500026482
2023-05-27,2023-06-04,James Mismash,"Staff (office of Gallagher, Michael)",House,Republican,WI-08,American Israel Education Foundation (AIEF),Israel,8451.35,transport=2110.73; lodging=2160.53; meals=1035.08; other=3145.01,https://disclosures-clerk.house.gov/gtimages/ST/2023/500026504.pdf,index:clerk_bulk; ocr_agree; filing=500026504
2023-05-27,2023-06-04,Joseph Vandertoll,"Staff (office of Barr, Garland)",House,Republican,KY-06,American Israel Education Foundation (AIEF),Israel,10663.35,transport=4322.73; lodging=2160.53; meals=1035.08; other=3145.01,https://disclosures-clerk.house.gov/gtimages/ST/2023/500026519.pdf,index:clerk_bulk; ocr_agree; filing=500026519
2023-05-27,2023-06-04,Kevin Gannon,"Staff (office of Garbarino, Andrew)",House,Republican,NY-02,American Israel Education Foundation (AIEF),Israel,10663.35,transport=4322.73; lodging=2160.53; meals=1035.08; other=3145.01,https://disclosures-clerk.house.gov/gtimages/ST/2023/500026506.pdf,index:clerk_bulk; ocr_agree; filing=500026506
2023-05-27,2023-06-04,Laura Titus,"Staff (office of Aderholt, Robert)",House,Republican,AL-04,American Israel Education Foundation (AIEF),Israel,10663.35,transport=4322.73; lodging=2160.53; meals=1035.08; other=3145.01,https://disclosures-clerk.house.gov/gtimages/ST/2023/500026507.pdf,index:clerk_bulk; ocr_agree; filing=500026507
2023-05-27,2023-06-04,Lindsay Linhares,"Staff (office of Letlow, Julia)",House,Republican,LA-05,American Israel Education Foundation (AIEF),Israel,10456.35,transport=4115.73; lodging=2160.53; meals=1035.08; other=3145.01,https://disclosures-clerk.house.gov/gtimages/ST/2023/500026508.pdf,index:clerk_bulk; ocr_agree; filing=500026508
2023-05-27,2023-06-04,Max Price,"Staff (office of Wasserman Schultz, Debbie)",House,Democrat,FL-25,American Israel Education Foundation (AIEF),Israel,10663.35,transport=4322.73; lodging=2160.53; meals=1035.08; other=3145.01,https://disclosures-clerk.house.gov/gtimages/ST/2023/500026509.pdf,index:clerk_bulk; ocr_agree; filing=500026509
2023-05-27,2023-06-04,Megan Gallagher,"Staff (office of McHenry, Patrick)",House,Republican,NC-10,American Israel Education Foundation (AIEF),Israel,10663.35,transport=4322.73; lodging=2160.53; meals=1035.08; other=3145.01,https://disclosures-clerk.house.gov/gtimages/ST/2023/500026522.pdf,index:clerk_bulk; ocr_agree; filing=500026522
2023-05-27,2023-06-04,Monique Bolsajian,"Staff (office of Lieu, Ted)",House,Democrat,CA-36,American Israel Education Foundation (AIEF),Israel,10663.35,transport=4322.73; lodging=2160.53; meals=1035.08; other=3145.01,https://disclosures-clerk.house.gov/gtimages/ST/2023/500026510.pdf,index:clerk_bulk; ocr_agree; filing=500026510
2023-05-27,2023-06-04,Sebastian Wigley,"Staff (office of Kim, Young)",House,Republican,CA-40,American Israel Education Foundation (AIEF),Israel,10663.35,transport=4322.73; lodging=2160.53; meals=1035.08; other=3145.01,https://disclosures-clerk.house.gov/gtimages/ST/2023/500026530.pdf,index:clerk_bulk; ocr_agree; filing=500026530
2023-05-27,2023-06-04,Zachary Isakowitz,"Staff (office of McCaul, Michael)",House,Republican,TX-10,American Israel Education Foundation (AIEF),Israel,8588.35,transport=2247.73; lodging=2160.53; meals=1035.08; other=3145.01,https://disclosures-clerk.house.gov/gtimages/ST/2023/500026513.pdf,index:clerk_bulk; ocr_agree; filing=500026513
2023-06-23,2023-06-30,Ami Bera,Member,House,Democrat,CA-06,American Israel Education Foundation (AIEF),Israel,15965.99,"transport=10558.69; lodging=1797.60; meals=895.19; other=2714.51; accompanying_family=10558.69,1797.60,895.19,2714.51",https://disclosures-clerk.house.gov/gtimages/MT/2023/500026629.pdf,index:clerk_bulk; ocr_agree; filing=500026629
2023-06-23,2023-06-30,Barry Moore,Member,House,Republican,AL-01,American Israel Education Foundation (AIEF),Israel,15953.52,"transport=11177.52; lodging=1166.30; meals=895.19; other=2714.51; accompanying_family=40925.31,1166.30,895.19,2714.51",https://disclosures-clerk.house.gov/gtimages/MT/2023/500026630.pdf,index:clerk_bulk; ocr_agree; filings=500026592+500026630
2023-06-23,2023-07-05,Doug Lamborn,Member,House,Republican,CO-05,American Israel Education Foundation (AIEF),Israel,15300.92,"transport=10524.92; lodging=1166.30; meals=895.19; other=2714.51; accompanying_family=10524.92,1166.30,895.19,2714.51",https://disclosures-clerk.house.gov/gtimages/MT/2023/500026662.pdf,index:clerk_bulk; ocr_agree; filings=500026603+500026662
2023-06-23,2023-06-30,Jake Ellzey,Member,House,Republican,TX-06,American Israel Education Foundation (AIEF),Israel,12221.92,"transport=7445.92; lodging=1166.30; meals=895.19; other=2714.51; accompanying_family=7.00,1166.30,895.19,2714.51",https://disclosures-clerk.house.gov/gtimages/MT/2023/500026614.pdf,index:clerk_bulk; ocr_agree; filing=500026614
2023-06-23,2023-06-30,James Baird,Member,House,Republican,IN-04,American Israel Education Foundation (AIEF),Israel,12171.92,"transport=7395.92; lodging=1166.30; meals=895.19; other=2714.51; accompanying_family=7395.92,1166.30,895.19,2714.51",https://disclosures-clerk.house.gov/gtimages/MT/2023/500026639.pdf,index:clerk_bulk; ocr_agree; filing=500026639
2023-06-23,2023-06-30,Jared Golden,Member,House,Democrat,ME-02,American Israel Education Foundation (AIEF),Israel,12231.92,"transport=7455.92; lodging=1166.30; meals=895.19; other=2714.51; accompanying_family=7445.92,1166.30,895.19,2714.51",https://disclosures-clerk.house.gov/gtimages/MT/2023/500026640.pdf,index:clerk_bulk; ocr_agree; filing=500026640
2023-06-23,2023-06-30,Jimmy Panetta,Member,House,Democrat,CA-19,American Israel Education Foundation (AIEF),Israel,16160.72,"transport=10346.82; lodging=2204.20; meals=895.19; other=2714.51; accompanying_family=8521.63,2204.20,895.19,2714.51",https://disclosures-clerk.house.gov/gtimages/MT/2023/500026642.pdf,index:clerk_bulk; ocr_agree; filing=500026642
2023-06-23,2023-07-02,Haley Scott,"Staff (office of Goldman, Daniel)",House,Democrat,NY-10,Israel Policy Forum,Israel,7640.36,transport=2075.35; lodging=3000.00; meals=1204.00; other=1361.01; accompanying_family=N/A,https://disclosures-clerk.house.gov/gtimages/ST/2023/500026610.pdf,index:clerk_bulk; ocr_agree; filing=500026610
2023-06-23,2023-07-08,Jordan Dickinson,"Staff (office of Kildee, Dan)",House,Democrat,MI-08,Israel Policy Forum,Israel,7640.36,transport=2075.35; lodging=3000.00; meals=1204.00; other=1361.01; accompanying_family=N/A,https://disclosures-clerk.house.gov/gtimages/ST/2023/500026586.pdf,index:clerk_bulk; ocr_agree; filing=500026586
2023-06-23,2023-07-02,Joseph Goldberg,"Staff (office of Sorensen, Eric)",House,Democrat,IL-17,Israel Policy Forum,Israel,7640.36,transport=2075.35; lodging=3000.00; meals=1204.00; other=1361.01; accompanying_family=N/A,https://disclosures-clerk.house.gov/gtimages/ST/2023/500026564.pdf,index:clerk_bulk; ocr_agree; filing=500026564
2023-06-23,2023-07-02,Joseph Valente,"Staff (office of Auchincloss, Jake)",House,Democrat,MA-04,Israel Policy Forum,Israel,7640.36,transport=2075.35; lodging=3000.00; meals=1204.00; other=1361.01; accompanying_family=N/A,https://disclosures-clerk.house.gov/gtimages/ST/2023/500026565.pdf,index:clerk_bulk; ocr_agree; filing=500026565
2023-06-23,2023-07-09,Shir Attias,"Staff (office of Frankel, Lois)",House,Democrat,FL-22,Israel Policy Forum,Israel,7640.36,transport=2075.35; lodging=3000.00; meals=1204.00; other=1361.01; accompanying_family=N/A,https://disclosures-clerk.house.gov/gtimages/ST/2023/500026587.pdf,index:clerk_bulk; ocr_agree; filing=500026587
2023-06-23,2023-07-02,Sophie Mirviss,"Staff (office of Meeks, Gregory)",House,Democrat,NY-05,Israel Policy Forum,Israel,7640.36,transport=2075.35; lodging=3000.00; meals=1204.00; other=1361.01; accompanying_family=N/A,https://disclosures-clerk.house.gov/gtimages/ST/2023/500026570.pdf,index:clerk_bulk; ocr_agree; filing=500026570
2023-06-23,2023-07-01,Ben Ray Lujan,Senator,Senate,Democrat,NM,J Street Education Fund,Israel and the West Bank [OCR],10361.40,transport=3980.00; lodging=3494.00; meals=1297.42; other=1589.98; original RE-3; later amended (see ENGlW16swEy85k1B0kTLA); LATER AMENDMENT(S) ENGlW16swEy85k1B0kTLA revise figures not read,https://giftrule-disclosure.senate.gov/media/2023/ctUiYpLhVEip09yAL6n9Bw.pdf,index:senate_giftrule_db; visual_read+superseding_amendment_not_read; filings=ctUiYpLhVEip09yAL6n9Bw+ENGlW16swEy85k1B0kTLA
2023-06-23,2023-07-01,Chris Van Hollen,Senator,Senate,Democrat,MD,J Street Education Fund,"Tel Aviv, Israel; Jerusalem, Israel",10839.40,transport=4300.00; lodging=3652.00; meals=1297.42; other=1589.98; original RE-3 7/27/2023; accompanying spouse listed; later amended (see BWmr2SePJE6i1znLWDJ4KQ); LATER AMENDMENT(S) BWmr2SePJE6i1znLWDJ4KQ revise figures not read,https://giftrule-disclosure.senate.gov/media/2023/Baa7e0SpqUSSaZHSfCNyQ.pdf,index:senate_giftrule_db; visual_read+superseding_amendment_not_read; filings=Baa7e0SpqUSSaZHSfCNyQ+BWmr2SePJE6i1znLWDJ4KQ
2023-06-23,2023-07-01,Jeff Merkley,Senator,Senate,Democrat,OR,J Street Education Fund,"Tel Aviv, Israel; Jerusalem, Israel",10929.40,transport=4390.00; lodging=3652.00; meals=1297.42; other=1589.98; original RE-3 7/28/2023; accompanying spouse listed; transport later amended as projected not total; LATER AMENDMENT(S) LQod21s0UGrzJnITZRduQ revise figures not read,https://giftrule-disclosure.senate.gov/media/2023/WVznJxzVdkezKqkx2qdAxg.pdf,index:senate_giftrule_db; visual_read+superseding_amendment_not_read; filings=WVznJxzVdkezKqkx2qdAxg+LQod21s0UGrzJnITZRduQ
2023-06-24,2023-07-01,Andrew Hanna,"Staff (office of Menendez, Robert)",Senate,Democrat,NJ,Israel Policy Forum,"Tel Aviv, Israel; Jerusalem, Israel",7331.26,transport=2587.32; lodging=2580.00; meals=998.00; other=1165.94,https://giftrule-disclosure.senate.gov/media/2023/xFesT2KJWEU999aIZyXUA.pdf,index:senate_giftrule_db; visual_read; filings=xFesT2KJWEU999aIZyXUA
2023-06-24,2023-07-01,Brett Kleiman,"Staff (office of Warnock, Raphael)",Senate,Democrat,GA,Israel Policy Forum,"Tel Aviv, Israel; Jerusalem, Israel",7331.26,transport=2587.32; lodging=2580.00; meals=998.00; other=1165.94,https://giftrule-disclosure.senate.gov/media/2023/zwldd7oNcESIGePQhfi2EA.pdf,index:senate_giftrule_db; visual_read; filings=zwldd7oNcESIGePQhfi2EA
2023-07-01,2023-07-09,Amy Soenksen,"Staff (office of McGarvey, Morgan)",House,Democrat,KY-03,American Israel Education Foundation (AIEF),Israel,13969.41,transport=6856.52; lodging=2523.20; meals=1152.10; other=3437.59,https://disclosures-clerk.house.gov/gtimages/ST/2023/500026643.pdf,index:clerk_bulk; ocr_agree; filing=500026643
2023-07-01,2023-07-09,Carolyn King,"Staff (office of Wittman, Robert)",House,Republican,VA-01,American Israel Education Foundation (AIEF),Israel,13969.41,transport=6856.52; lodging=2523.20; meals=1152.10; other=3437.59,https://disclosures-clerk.house.gov/gtimages/ST/2023/500026669.pdf,index:clerk_bulk; ocr_agree; filing=500026669
2023-07-01,2023-07-09,James Bernhard,"Staff (office of Carter, Troy)",House,Democrat,LA-02,American Israel Education Foundation (AIEF),Israel,16167.41,transport=9054.52; lodging=2523.20; meals=1152.10; other=3437.59,https://disclosures-clerk.house.gov/gtimages/ST/2023/500026688.pdf,index:clerk_bulk; ocr_agree; filing=500026688
2023-07-01,2023-07-09,James Dumas,"Staff (office of Flood, Mike)",House,Republican,NE-01,American Israel Education Foundation (AIEF),Israel,13969.41,transport=6856.52; lodging=2523.20; meals=1152.10; other=3437.59,https://disclosures-clerk.house.gov/gtimages/ST/2023/500026648.pdf,index:clerk_bulk; ocr_agree; filing=500026648
2023-07-01,2023-07-09,Justin German,"Staff (office of Stevens, Haley)",House,Democrat,MI-11,American Israel Education Foundation (AIEF),Israel,13969.41,transport=6856.52; lodging=2523.20; meals=1152.10; other=3437.59,https://disclosures-clerk.house.gov/gtimages/ST/2023/500026664.pdf,index:clerk_bulk; ocr_agree; filing=500026664
2023-07-01,2023-07-09,Lauren Toy,"Staff (office of Lee, Susie)",House,Democrat,NV-03,American Israel Education Foundation (AIEF),Israel,13969.41,transport=6856.52; lodging=2523.20; meals=1152.10; other=3437.59,https://disclosures-clerk.house.gov/gtimages/ST/2023/500026647.pdf,index:clerk_bulk; ocr_agree; filing=500026647
2023-07-01,2023-07-09,Liana Guerra,"Staff (office of Soto, Darren)",House,Democrat,FL-09,American Israel Education Foundation (AIEF),Israel,13969.41,transport=6856.52; lodging=2523.20; meals=1152.10; other=3437.59,https://disclosures-clerk.house.gov/gtimages/ST/2023/500026649.pdf,index:clerk_bulk; ocr_agree; filing=500026649
2023-07-01,2023-07-09,Michael Lowry,"Staff (office of Aderholt, Robert)",House,Republican,AL-04,American Israel Education Foundation (AIEF),Israel,13969.41,transport=6856.52; lodging=2523.20; meals=1152.10; other=3437.59,https://disclosures-clerk.house.gov/gtimages/ST/2023/500026677.pdf,index:clerk_bulk; ocr_agree; filing=500026677
2023-07-01,2023-07-09,Peter Spiro,"Staff (office of Panetta, James)",House,Democrat,CA-19,American Israel Education Foundation (AIEF),Israel,13969.41,transport=6856.52; lodging=2523.20; meals=1152.10; other=3437.59,https://disclosures-clerk.house.gov/gtimages/ST/2023/500026678.pdf,index:clerk_bulk; ocr_agree; filing=500026678
2023-07-01,2023-07-09,Rebecca Keightley,"Staff (office of Calvert, Ken)",House,Republican,CA-41,American Israel Education Foundation (AIEF),Israel,13969.41,transport=6856.52; lodging=2523.20; meals=1152.10; other=3437.59,https://disclosures-clerk.house.gov/gtimages/ST/2023/500026680.pdf,index:clerk_bulk; ocr_agree; filing=500026680
2023-07-01,2023-07-09,Stephen Ruhlen,"Staff (office of Granger, Kay)",House,Republican,TX-12,American Israel Education Foundation (AIEF),Israel,16167.41,transport=9054.52; lodging=2523.20; meals=1152.10; other=3437.59,https://disclosures-clerk.house.gov/gtimages/ST/2023/500026681.pdf,index:clerk_bulk; ocr_agree; filing=500026681
2023-07-01,2023-07-09,Yardena Wolf,"Staff (office of Swalwell, Eric)",House,Democrat,CA-14,American Israel Education Foundation (AIEF),Israel,14526.91,transport=7414.02; lodging=2523.20; meals=1152.10; other=3437.59,https://disclosures-clerk.house.gov/gtimages/ST/2023/500027012.pdf,index:clerk_bulk; ocr_agree; filings=500026687+500027012
2023-07-01,2023-07-09,Kyle Chase,"Staff (office of Rounds, Mike)",Senate,Republican,SD,American Israel Education Foundation (AIEF),"Jerusalem, Tel Aviv, Tiberias, Israel",15490.47,transport=7644.12; lodging=2268.00; meals=1196.00; other=4382.35,https://giftrule-disclosure.senate.gov/media/2023/YS6NNOAV0eAgMX4aooDvw.pdf,index:senate_giftrule_db; visual_read; filings=YS6NNOAV0eAgMX4aooDvw+eiBhOEcok6f9Ztff4eKxQ
2023-07-02,2023-07-09,Jonathan Stahler,"Staff (office of Coons, Chris)",Senate,Democrat,DE,American Israel Education Foundation (AIEF),"Jerusalem, Tel Aviv, Tiberias, Israel",15490.47,transport=7644.12; lodging=2268.00; meals=1196.00; other=4382.35,https://giftrule-disclosure.senate.gov/media/2023/MKMudHTlxkeE4vJcoHbAA.pdf,index:senate_giftrule_db; visual_read; filings=MKMudHTlxkeE4vJcoHbAA
2023-07-02,2023-07-09,Mark Libell,"Staff (office of Warnock, Raphael)",Senate,Democrat,GA,American Israel Education Foundation (AIEF),"Jerusalem, Tel Aviv, Tiberias, Israel",15490.47,transport=7644.12; lodging=2268.00; meals=1196.00; other=4382.35,https://giftrule-disclosure.senate.gov/media/2023/nxItFTbgEW6ZzsOSzhhZg.pdf,index:senate_giftrule_db; visual_read; filings=nxItFTbgEW6ZzsOSzhhZg
2023-07-29,2023-08-06,Bradford Decker,"Staff (office of Self, Keith)",House,Republican,TX-03,American Israel Education Foundation (AIEF),Israel,14036.85,transport=5939.63; lodging=2502.62; meals=1028.01; other=4566.59,https://disclosures-clerk.house.gov/gtimages/ST/2023/500026773.pdf,index:clerk_bulk; ocr_agree; filing=500026773
2023-07-29,2023-08-06,Caitriona Rafferty,"Staff (office of Waltz, Michael)",House,Republican,FL-06,American Israel Education Foundation (AIEF),Israel,14042.35,transport=5945.13; lodging=2502.62; meals=1028.01; other=4566.59,https://disclosures-clerk.house.gov/gtimages/ST/2023/500026713.pdf,index:clerk_bulk; ocr_agree; filing=500026713
2023-07-29,2023-08-06,Hadar Arazi,"Staff (office of Aguilar, Peter)",House,Democrat,CA-33,American Israel Education Foundation (AIEF),Israel,12567.85,transport=4470.63; lodging=2502.62; meals=1028.01; other=4566.59,https://disclosures-clerk.house.gov/gtimages/ST/2023/500026724.pdf,index:clerk_bulk; ocr_agree; filing=500026724
2023-07-29,2023-08-06,Ian Spears,"Staff (office of Mcbath, Lucy)",House,Democrat,GA-06,American Israel Education Foundation (AIEF),Israel,12572.85,transport=4475.63; lodging=2502.62; meals=1028.01; other=4566.59,https://disclosures-clerk.house.gov/gtimages/ST/2023/500026757.pdf,index:clerk_bulk; ocr_agree; filing=500026757
2023-07-29,2023-08-06,Jay Kronzer,"Staff (office of Green, Mark)",House,Republican,TN-07,American Israel Education Foundation (AIEF),Israel,12479.85,transport=4382.63; lodging=2502.62; meals=1028.01; other=4566.59,https://disclosures-clerk.house.gov/gtimages/ST/2023/500026786.pdf,index:clerk_bulk; ocr_agree; filing=500026786
2023-07-29,2023-08-06,Katherine Mahan,"Staff (office of Costa, Jim)",House,Democrat,CA-21,American Israel Education Foundation (AIEF),"Tel Aviv, Israel",,ESTIMATE ONLY: page read is pre-trip sponsor form Q18 (Good Faith Estimates box) 3933.94/2289/1190/4966.67; post-travel actuals not located,https://disclosures-clerk.house.gov/gtimages/ST/2023/500026735.pdf,index:clerk_bulk; visual_read:estimate_only_no_actuals; filing=500026735
2023-07-29,2023-08-06,Ryan Dilworth,"Staff (office of Van Duyne, Beth)",House,Republican,TX-24,American Israel Education Foundation (AIEF),Israel,14908.85,transport=6811.63; lodging=2502.62; meals=1028.01; other=4566.59,https://disclosures-clerk.house.gov/gtimages/ST/2023/500026995.pdf,index:clerk_bulk; ocr_agree; filing=500026995
2023-07-29,2023-08-06,Seamus McKeon,"Staff (office of Panetta, James)",House,Democrat,CA-19,American Israel Education Foundation (AIEF),Israel,12485.35,transport=4388.13; lodging=2502.62; meals=1028.01; other=4566.59,https://disclosures-clerk.house.gov/gtimages/ST/2023/500026765.pdf,index:clerk_bulk; ocr_agree; filing=500026765
2023-07-29,2023-08-06,Morgan Cintron,"Staff (office of Moskowitz, Jared)",House,Democrat,FL-23,Israel Education Foundation (as filed),Israel,12959.41,transport=4460.40; lodging=2904.41; meals=1028.01; other=4566.59,https://disclosures-clerk.house.gov/gtimages/ST/2023/500026859.pdf,index:clerk_bulk; ocr_agree; filing=500026859
2023-07-29,2023-08-06,Stephen Boyd,"Staff (office of Lankford, James)",Senate,Republican,OK,American Israel Education Foundation (AIEF),"Jerusalem, Tiberias, Tel Aviv",14316.30,transport=5939.63; lodging=2289.00; meals=1121.00; other=4966.67,https://giftrule-disclosure.senate.gov/media/2023/Vo9eQRNSE6MdHAyBDQM7Q.pdf,index:senate_giftrule_db; visual_read; filings=Vo9eQRNSE6MdHAyBDQM7Q
2023-08-02,2023-08-15,Grace Wright,"Staff (office of Crow, Jason)",House,Democrat,CO-06,Foundation for Defense of Democracies (FDD),Israel,6049.95,transport=2155.50; lodging=2720.00; meals=999.00; other=175.45,https://disclosures-clerk.house.gov/gtimages/ST/2023/500026828.pdf,index:clerk_bulk; ocr_agree; filing=500026828
2023-08-02,2023-08-15,Leslie Shedd,"Staff (office of McCaul, Michael)",House,Republican,TX-10,Foundation for Defense of Democracies (FDD),"Tel Aviv, Israel",6049.95,transport=2155.50; lodging=2720.00; meals=999.00; other=175.45,https://disclosures-clerk.house.gov/gtimages/ST/2023/500026740.pdf,index:clerk_bulk; ocr_agree; filing=500026740
2023-08-02,2023-08-11,Zachary Kahler,"Staff (office of Crane, Eli)",House,Republican,AZ-02,Foundation for Defense of Democracies (FDD),Israel,6049.95,transport=2155.50; lodging=2720.00; meals=999.00; other=175.45,https://disclosures-clerk.house.gov/gtimages/ST/2023/500026942.pdf,index:clerk_bulk; ocr_agree; filing=500026942
2023-08-03,2023-08-09,Emily Berret,"Staff (office of Jeffries, Hakeem)",House,Democrat,NY-08,American Israel Education Foundation (AIEF),Israel,12386.21,transport=7620.16; lodging=1013.24; meals=604.60; other=3148.21,https://disclosures-clerk.house.gov/gtimages/ST/2023/500026840.pdf,index:clerk_bulk; ocr_agree; filing=500026840
2023-08-03,2023-08-11,Robert Julien,"Staff (office of Menendez, Robert)",Senate,Democrat,NJ,Foundation for Defense of Democracies (FDD),Israel (destination field not read; Israel referenced in filing text),5908.12,transport=2313.67; lodging=2320.00; meals=854.00; other=420.45,https://giftrule-disclosure.senate.gov/media/2023/68gIRSaU7kuG0ni1Baibg.pdf,index:senate_giftrule_db; visual_read; filings=68gIRSaU7kuG0ni1Baibg
2023-08-03,2023-08-11,Xavier Underwood,"Staff (office of Scott, Tim)",Senate,Republican,SC,Foundation for Defense of Democracies (FDD),"Jerusalem, Golan, and Tel Aviv, Israel",,transport=not_read; lodging=not_read; meals=not_read; other=not_read; post-travel expense cells left blank on RE-2 as filed,https://giftrule-disclosure.senate.gov/media/2023/5rV0HCd2NkWtNihDIwGzFA.pdf,index:senate_giftrule_db; visual_read+costs_not_on_pages_read; filings=5rV0HCd2NkWtNihDIwGzFA
2023-08-05,2023-08-12,Andrea Salinas,Member,House,Democrat,OR-06,American Israel Education Foundation (AIEF),Israel,12679.04,"transport=6959.16; lodging=1200.25; meals=1371.42; other=3148.21; accompanying_family=6959.16,1200.25,1371.42,3148.21",https://disclosures-clerk.house.gov/gtimages/MT/2023/500026909.pdf,index:clerk_bulk; ocr_agree; filing=500026909
2023-08-05,2023-08-13,Becca Balint,Member,House,Democrat,VT-00,American Israel Education Foundation (AIEF),Israel,15561.69,transport=8538.96; lodging=2260.24; meals=1614.28; other=3148.21,https://disclosures-clerk.house.gov/gtimages/MT/2023/500026810.pdf,index:clerk_bulk; ocr_agree; filing=500026810
2023-08-05,2023-08-14,Bradley Schneider,Member,House,Democrat,IL-10,American Israel Education Foundation (AIEF),Israel,17080.33,"transport=10855.56; lodging=1462.28; meals=1614.28; other=3148.21; accompanying_family=10855.56,1462.28,1614.28,3148.21",https://disclosures-clerk.house.gov/gtimages/MT/2023/500026812.pdf,index:clerk_bulk; ocr_agree; filing=500026812
2023-08-05,2023-08-13,Brian Romick,"Staff (office of Jeffries, Hakeem)",House,Democrat,NY-08,American Israel Education Foundation (AIEF),Israel,14719.45,transport=7696.72; lodging=2260.24; meals=1614.28; other=3148.21,https://disclosures-clerk.house.gov/gtimages/ST/2023/500026871.pdf,index:clerk_bulk; ocr_agree; filing=500026871
2023-08-05,2023-08-12,Brittany Pettersen,Member,House,Democrat,CO-07,American Israel Education Foundation (AIEF),Israel,13415.04,"transport=7695.16; lodging=1200.25; meals=1371.42; other=3148.21; accompanying_family=7695.16,1200.25,1371.42,3148.21",https://disclosures-clerk.house.gov/gtimages/MT/2023/500026914.pdf,index:clerk_bulk; ocr_agree; filing=500026914
2023-08-05,2023-08-09,Christiana Stephenson,"Staff (office of Jeffries, Hakeem)",House,Democrat,NY-08,American Israel Education Foundation (AIEF),Israel,15451.16,transport=10620.16; lodging=1078.19; meals=604.60; other=3148.21,https://disclosures-clerk.house.gov/gtimages/ST/2023/500026861.pdf,index:clerk_bulk; ocr_agree; filing=500026861
2023-08-05,2023-08-12,Christopher Deluzio,Member,House,Democrat,PA-17,American Israel Education Foundation (AIEF),Israel,14182.39,transport=7159.66; lodging=2260.24; meals=1614.28; other=3148.21,https://disclosures-clerk.house.gov/gtimages/MT/2023/500026839.pdf,index:clerk_bulk; ocr_agree; filing=500026839
2023-08-05,2023-08-11,Daniel Goldman,Member,House,Democrat,NY-10,American Israel Education Foundation (AIEF),Israel,18908.52,"transport=13825.73; lodging=898.55; meals=1036.03; other=3148.21; accompanying_family=13825.73,898.55,1036.03,3148.21",https://disclosures-clerk.house.gov/gtimages/MT/2023/500026841.pdf,index:clerk_bulk; ocr_agree; filing=500026841
2023-08-05,2023-08-13,Donald G. Davis,Member,House,Democrat,NC-01,American Israel Education Foundation (AIEF),Israel,16015.65,transport=8806.16; lodging=2447.00; meals=1614.28; other=3148.21,https://disclosures-clerk.house.gov/gtimages/MT/2023/500026842.pdf,index:clerk_bulk; ocr_agree; filing=500026842
2023-08-05,2023-08-13,Emilia Sykes,Member,House,Democrat,OH-13,American Israel Education Foundation (AIEF),Israel,13203.90,"transport=7241.16; lodging=1200.25; meals=1614.28; other=3148.21; accompanying_family=7606.16,1200.25,1614.28,3148.21",https://disclosures-clerk.house.gov/gtimages/MT/2023/500026912.pdf,index:clerk_bulk; ocr_agree; filing=500026912
2023-08-05,2023-08-11,Eric Sorensen,Member,House,Democrat,IL-17,American Israel Education Foundation (AIEF),Israel,13821.40,"transport=7858.66; lodging=1200.25; meals=1614.28; other=3148.21; accompanying_family=7858.66,1200.25,1614.28,3148.21",https://disclosures-clerk.house.gov/gtimages/MT/2023/500026915.pdf,index:clerk_bulk; ocr_agree; filing=500026915
2023-08-05,2023-08-10,Gideon Bragin,"Staff (office of Jeffries, Hakeem)",House,Democrat,NY-08,American Israel Education Foundation (AIEF),Israel,14752.20,transport=9280.16; lodging=1451.71; meals=872.12; other=3148.21,https://disclosures-clerk.house.gov/gtimages/ST/2023/500026948.pdf,index:clerk_bulk; ocr_agree; filing=500026948
2023-08-05,2023-08-13,Greg Landsman,Member,House,Democrat,OH-01,American Israel Education Foundation (AIEF),Israel,15642.89,transport=8620.16; lodging=2260.24; meals=1614.28; other=3148.21,https://disclosures-clerk.house.gov/gtimages/MT/2023/500026815.pdf,index:clerk_bulk; ocr_agree; filing=500026815
2023-08-05,2023-08-09,Hakeem Jeffries,Member,House,Democrat,NY-08,American Israel Education Foundation (AIEF),Israel,9886.58,"transport=5305.56; lodging=828.21; meals=604.60; other=3148.21; accompanying_family=5305.56,828.21,604.60,3148.21",https://disclosures-clerk.house.gov/gtimages/MT/2023/500026816.pdf,index:clerk_bulk; ocr_agree; filing=500026816
2023-08-05,2023-08-13,Haley M. Stevens,Member,House,Democrat,MI-11,American Israel Education Foundation (AIEF),Israel,14842.46,"transport=8779.16; lodging=1300.81; meals=1614.28; other=3148.21; accompanying_family=9150.16,1300.81,1614.28,3148.21",https://disclosures-clerk.house.gov/gtimages/MT/2023/500026846.pdf,index:clerk_bulk; ocr_agree; filing=500026846
2023-08-05,2023-08-13,Hillary J. Scholten,Member,House,Democrat,MI-03,American Israel Education Foundation (AIEF),Israel,14917.46,"transport=8854.16; lodging=1300.81; meals=1614.28; other=3148.21; accompanying_family=8854.16,1300.81,1614.28,3148.21",https://disclosures-clerk.house.gov/gtimages/MT/2023/500026919.pdf,index:clerk_bulk; ocr_agree; filing=500026919
2023-08-05,2023-08-11,Jared Moskowitz,"Staff (office of Moskowitz, Jared)",House,Democrat,FL-23,American Israel Education Foundation (AIEF),Israel,14093.93,"transport=9000.16; lodging=898.55; meals=1047.01; other=3148.21; accompanying_family=9000.16,898.55,1047.01,3148.21",https://disclosures-clerk.house.gov/gtimages/ST/2024/500029079.pdf,index:clerk_bulk; ocr_agree; filing=500029079
2023-08-05,2023-08-13,Jasmine Crockett,Member,House,Democrat,TX-30,American Israel Education Foundation (AIEF),Israel,11624.15,"transport=5460.29; lodging=1401.37; meals=1614.28; other=3148.21; accompanying_family=6861.56,1401.37,1614.28,3148.21",https://disclosures-clerk.house.gov/gtimages/MT/2023/500027080.pdf,index:clerk_bulk; ocr_agree; filings=500026945+500027080
2023-08-05,2023-08-13,Jill N. Tokuda,Member,House,Democrat,HI-02,American Israel Education Foundation (AIEF),Israel,15769.05,"transport=10286.16; lodging=963.26; meals=1371.42; other=3148.21; accompanying_family=40286.16,963.26,1371.42,3148.21",https://disclosures-clerk.house.gov/gtimages/MT/2023/500026884.pdf,index:clerk_bulk; ocr_agree; filing=500026884
2023-08-05,2023-08-15,Manya-Jean Gitter,"Staff (office of Hoyer, Steny)",House,Democrat,MD-05,American Israel Education Foundation (AIEF),Israel,14819.45,transport=7796.72; lodging=2260.24; meals=1614.28; other=3148.21,https://disclosures-clerk.house.gov/gtimages/ST/2023/500026901.pdf,index:clerk_bulk; ocr_agree; filing=500026901
2023-08-05,2023-08-13,Patrick Ryan,Member,House,Democrat,NY-18,American Israel Education Foundation (AIEF),Israel,14736.86,"transport=8673.56; lodging=1300.81; meals=1614.28; other=3148.21; accompanying_family=8673.56,1300.81,1614.28,3148.21",https://disclosures-clerk.house.gov/gtimages/MT/2023/500026910.pdf,index:clerk_bulk; ocr_agree; filing=500026910
2023-08-05,2023-08-11,Robert Menendez,Member,House,Democrat,NJ-08,American Israel Education Foundation (AIEF),Israel,13654.00,transport=7191.56; lodging=1699.95; meals=1614.28; other=3148.21,https://disclosures-clerk.house.gov/gtimages/MT/2023/500026922.pdf,index:clerk_bulk; ocr_agree; filing=500026922
2023-08-05,2023-08-13,Shri Thanedar,Member,House,Democrat,MI-13,American Israel Education Foundation (AIEF),Israel,15375.13,"transport=8620.16; lodging=1992.48; meals=1614.28; other=3148.21; accompanying_family=8620.16,1614.28,3148.21",https://disclosures-clerk.house.gov/gtimages/MT/2023/500026926.pdf,index:clerk_bulk; ocr_agree; filing=500026926
2023-08-05,2023-08-13,Steny Hoyer,Member,House,Democrat,MD-05,American Israel Education Foundation (AIEF),Israel,13908.29,"transport=7455.66; lodging=1690.14; meals=1614.28; other=3148.21; accompanying_family=7371.16,1690.14,1614.28,3148.21",https://disclosures-clerk.house.gov/gtimages/MT/2023/500026857.pdf,index:clerk_bulk; ocr_agree; filing=500026857
2023-08-05,2023-08-09,Tasia Jackson,"Staff (office of Jeffries, Hakeem)",House,Democrat,NY-08,American Israel Education Foundation (AIEF),Israel,15451.16,transport=10620.16; lodging=1078.19; meals=604.60; other=3148.21,https://disclosures-clerk.house.gov/gtimages/ST/2023/500026927.pdf,index:clerk_bulk; ocr_agree; filing=500026927
2023-08-05,2023-08-13,Victoria Rivas,"Staff (office of Aguilar, Peter)",House,Democrat,CA-33,American Israel Education Foundation (AIEF),Israel,16319.65,transport=9110.16; lodging=2447.00; meals=1614.28; other=3148.21,https://disclosures-clerk.house.gov/gtimages/ST/2023/500026943.pdf,index:clerk_bulk; ocr_agree; filing=500026943
2023-08-05,2023-08-13,Wiley Nickel,Member,House,Democrat,NC-13,American Israel Education Foundation (AIEF),Israel,15263.46,"transport=9200.16; lodging=1300.81; meals=1614.28; other=3148.21; accompanying_family=9251.16,1300.81,1614.28,3148.21",https://disclosures-clerk.house.gov/gtimages/MT/2023/500027003.pdf,index:clerk_bulk; ocr_agree; filing=500027003
2023-08-07,2023-08-13,Pete Aguilar,Member,House,Democrat,CA-33,American Israel Education Foundation (AIEF),Israel,11099.50,"transport=6111.26; lodging=797.99; meals=1042.04; other=3148.21; accompanying_family=6140.04,797.99,1042.04,3148.21",https://disclosures-clerk.house.gov/gtimages/MT/2023/500026848.pdf,index:clerk_bulk; ocr_agree; filings=500026847+500026848
2023-08-07,2023-08-13,Robert Garcia,Member,House,Democrat,CA-42,American Israel Education Foundation (AIEF),Israel,12880.77,"transport=7007.56; lodging=1513.19; meals=1211.81; other=3148.21; accompanying_family=7657.56,1513.19,1211.81,3148.21",https://disclosures-clerk.house.gov/gtimages/MT/2023/500026849.pdf,index:clerk_bulk; ocr_agree; filing=500026849
2023-08-11,2023-08-20,Amelia Litynski,"Staff (office of Emmer, Thomas)",House,Republican,MN-06,Jewish Institute for National Security of America (JINSA),Israel,6928.00,transport=2050.00; lodging=2940.00; meals=1238.00; other=700.00,https://disclosures-clerk.house.gov/gtimages/ST/2023/500026779.pdf,index:clerk_bulk; visual_read; filing=500026779
2023-08-11,2023-08-16,Clare Plassche,"Staff (office of Moskowitz, Jared)",House,Democrat,FL-23,Jewish Institute for National Security of America (JINSA),Israel,5150.00,transport=2050.00; lodging=1680.00; meals=720.00; other=700.00,https://disclosures-clerk.house.gov/gtimages/ST/2023/500026965.pdf,index:clerk_bulk; visual_read; filing=500026965
2023-08-11,2023-08-20,Donald Barber,"Staff (office of Ellzey, Jake)",House,Republican,TX-06,Jewish Institute for National Security of America (JINSA),Israel,6928.00,transport=2050.00; lodging=2940.00; meals=1238.00; other=700.00,https://disclosures-clerk.house.gov/gtimages/ST/2023/500026825.pdf,index:clerk_bulk; visual_read; filing=500026825
2023-08-11,2023-08-20,James Dolbow,"Staff (office of Scott, Austin)",House,Republican,GA-08,Jewish Institute for National Security of America (JINSA),Israel,6928.00,transport=2050.00; lodging=2940.00; meals=1238.00; other=700.00,https://disclosures-clerk.house.gov/gtimages/ST/2023/500026979.pdf,index:clerk_bulk; visual_read; filing=500026979
2023-08-11,2023-08-20,John Castillo,"Staff (office of Kean, Thomas)",House,Republican,NJ-07,Jewish Institute for National Security of America (JINSA),Israel,6928.00,transport=2050.00; lodging=2940.00; meals=1238.00; other=700.00,https://disclosures-clerk.house.gov/gtimages/ST/2023/500026890.pdf,index:clerk_bulk; visual_read; filing=500026890
2023-08-11,2023-08-20,John Faherty,"Staff (office of Crow, Jason)",House,Democrat,CO-06,Jewish Institute for National Security of America (JINSA),Israel,6928.00,transport=2050.00; lodging=2940.00; meals=1238.00; other=700.00,https://disclosures-clerk.house.gov/gtimages/ST/2023/500027065.pdf,index:clerk_bulk; visual_read; filings=500026829+500027065
2023-08-11,2023-08-20,Luis Reyes,"Staff (office of James, John)",House,Republican,MI-10,Jewish Institute for National Security of America (JINSA),Israel,6928.00,transport=2050.00; lodging=2940.00; meals=1238.00; other=700.00,https://disclosures-clerk.house.gov/gtimages/ST/2023/500027102.pdf,index:clerk_bulk; visual_read; filings=500026900+500027102
2023-08-11,2023-08-20,Merrilee Rogers,"Staff (office of Auchincloss, Jake)",House,Democrat,MA-04,Jewish Institute for National Security of America (JINSA),Israel,6928.00,transport=2050.00; lodging=2940.00; meals=1238.00; other=700.00,https://disclosures-clerk.house.gov/gtimages/ST/2023/500026928.pdf,index:clerk_bulk; visual_read; filing=500026928
2023-08-11,2023-08-20,Monika Konrad,"Staff (office of Amodei, Mark)",House,Republican,NV-02,Jewish Institute for National Security of America (JINSA),Israel,6928.00,transport=2050.00; lodging=2940.00; meals=1238.00; other=700.00,https://disclosures-clerk.house.gov/gtimages/ST/2023/500026799.pdf,index:clerk_bulk; visual_read; filing=500026799
2023-08-12,2023-08-19,Abigail Turner,"Staff (office of Cruz, Ted)",Senate,Republican,TX,Jewish Institute for National Security of America (JINSA),"Herzliya and Jerusalem, Israel",6515.27,transport=2057.27; lodging=2520.00; meals=1238.00; other=700.00,https://giftrule-disclosure.senate.gov/media/2023/KD55Vgw402mEezoOY8g2g.pdf,index:senate_giftrule_db; visual_read; filings=KD55Vgw402mEezoOY8g2g
2023-08-25,2023-08-31,Steve Daines,Senator,Senate,Republican,MT,American Israel Education Foundation (AIEF),"Tel Aviv, Tiberias, Jerusalem, Israel",43574.74,transport=19753.74; lodging=1585.00; meals=1536.00; other=20700.00; accompanying spouse listed on form; form does not state whether amounts include spouse,https://giftrule-disclosure.senate.gov/media/2023/up3NcsZC0CigPBalhMGsA.pdf,index:senate_giftrule_db; visual_read; filings=up3NcsZC0CigPBalhMGsA
2023-09-01,2023-09-10,Alma S. Adams,Member,House,Democrat,NC-12,American Israel Education Foundation (AIEF),"Israel, Rwanda",28203.95,"transport=20210.91; lodging=1911.70; meals=1430.13; other=4651.21; accompanying_family=19528.71,1911.70,1430.13,4651.21",https://disclosures-clerk.house.gov/gtimages/MT/2023/500027137.pdf,index:clerk_bulk; ocr_agree; filing=500027137
2023-09-01,2023-09-10,Glenn Ivey,Member,House,Democrat,MD-04,American Israel Education Foundation (AIEF),"Israel, Rwanda",27283.25,"transport=19290.21; lodging=1911.70; meals=1430.13; other=4651.21; accompanying_family=16840.21,1911.70,1430.13,4651.21",https://disclosures-clerk.house.gov/gtimages/MT/2023/500027125.pdf,index:clerk_bulk; ocr_agree; filing=500027125
2023-09-01,2023-09-10,Jonathan L. Jackson,Member,House,Democrat,IL-01,American Israel Education Foundation (AIEF),"Israel, Rwanda",28593.35,transport=19290.21; lodging=3221.80; meals=1430.13; other=4651.21,https://disclosures-clerk.house.gov/gtimages/MT/2023/500027127.pdf,index:clerk_bulk; ocr_agree; filing=500027127
2023-09-01,2023-09-10,Lucy McBath,Member,House,Democrat,GA-06,American Israel Education Foundation (AIEF),"Israel, Rwanda",25584.25,"transport=17810.21; lodging=1692.70; meals=1430.13; other=4651.21; accompanying_family=47526.23,1692.70,1430.13,4651.21",https://disclosures-clerk.house.gov/gtimages/MT/2023/500027117.pdf,index:clerk_bulk; ocr_agree; filing=500027117
2023-09-01,2023-09-10,Nikema Williams,Member,House,Democrat,GA-05,American Israel Education Foundation (AIEF),"Israel, Rwanda",25803.25,"transport=17810.21; lodging=1911.70; meals=1430.13; other=4651.21; accompanying_family=17810.21,1911.70,1430.13,4651.21",https://disclosures-clerk.house.gov/gtimages/MT/2023/500027141.pdf,index:clerk_bulk; ocr_agree; filing=500027141
2023-09-01,2023-09-10,Ritchie Torres,Member,House,Democrat,NY-15,American Israel Education Foundation (AIEF),"Israel, Rwanda",26278.75,transport=16975.61; lodging=3221.80; meals=1430.13; other=4651.21,https://disclosures-clerk.house.gov/gtimages/MT/2023/500027129.pdf,index:clerk_bulk; ocr_agree; filing=500027129
2023-09-01,2023-09-10,Sheila Cherfilus-McCormick,Member,House,Democrat,FL-20,American Israel Education Foundation (AIEF),"Israel, Rwanda",27185.48,"transport=19590.91; lodging=1513.23; meals=1430.13; other=4651.21; accompanying_family=19590.91,1513.23,1430.13,4651.21",https://disclosures-clerk.house.gov/gtimages/MT/2023/500027111.pdf,index:clerk_bulk; ocr_agree; filing=500027111
2023-09-01,2023-09-10,"Troy A. Carter, Sr.",Member,House,Democrat,LA-02,American Israel Education Foundation (AIEF),"Israel, Rwanda",25683.25,"transport=17690.21; lodging=1911.70; meals=1430.13; other=4651.21; accompanying_family=17690.21,1911.70,1430.13,4651.21",https://disclosures-clerk.house.gov/gtimages/MT/2023/500027149.pdf,index:clerk_bulk; ocr_agree; filing=500027149
2023-09-01,2023-09-10,Valerie Foushee,Member,House,Democrat,NC-04,American Israel Education Foundation (AIEF),"Israel, Rwanda",25603.25,"transport=17610.21; lodging=1911.70; meals=1430.13; other=4651.21; accompanying_family=17610.21,1911.70,1430.13,4651.21",https://disclosures-clerk.house.gov/gtimages/MT/2023/500027132.pdf,index:clerk_bulk; ocr_agree; filing=500027132
2023-11-21,2023-11-27,Mike Lee,Senator,Senate,Republican,UT,"Aish Global, Inc.","Aish Global, Inc. [OCR]",,"transport=not_read; lodging=1900.00; meals=780.00; other=800.00; transport cell truncated on form (reads 'Spouse: $12,469, Sena...'); other = guiding and materials by IDF; accompanying spouse listed",https://giftrule-disclosure.senate.gov/media/2023/f35QNgfg1keTLlzFJmztJQ.pdf,index:senate_giftrule_db; visual_read+incomplete; filings=f35QNgfg1keTLlzFJmztJQ
2024-02-09,2024-02-19,Michael Rogenmoser,"Staff (office of Marshall, Roger)",Senate,Republican,KS,Rebuilding Alliance,"Jerusalem, Israel",5536.00,transport=2035.00; lodging=945.00; meals=406.00; other=2150.00; other as filed: tour guides & speakers 2150 only,https://giftrule-disclosure.senate.gov/media/2024/1GMQiSNXl0WOyiV1vsSkDA.pdf,index:senate_giftrule_db; visual_read; filings=1GMQiSNXl0WOyiV1vsSkDA
2024-02-09,2024-02-19,Robert Levinson,"Staff (office of Butler., Laphonza)",Senate,Democrat,CA,Rebuilding Alliance,"Jerusalem, Israel",6419.00,"transport=2035.00; lodging=945.00; meals=406.00; other=3033.00; other itemized: tour guides & speakers 2150, admin fee 469, travel insurance 414 (TTL 3033)",https://giftrule-disclosure.senate.gov/media/2024/B0wZtAt6C0ujcYLJFwowaw.pdf,index:senate_giftrule_db; visual_read; filings=B0wZtAt6C0ujcYLJFwowaw
2024-02-09,2024-02-19,Tyler Rivera,"Staff (office of Coons, Chris)",Senate,Democrat,DE,Rebuilding Alliance,Israel (destination field not read; Israel referenced in filing text),6411.00,"transport=2149.00; lodging=945.00; meals=406.00; other=2911.00; other itemized: tour guides & speakers 2150, admin fee 469, travel insurance 292 (TTL 2911)",https://giftrule-disclosure.senate.gov/media/2024/kuG2eLvuLkeuZcQ0e3G30g.pdf,index:senate_giftrule_db; visual_read; filings=kuG2eLvuLkeuZcQ0e3G30g
2024-02-16,2024-02-25,Deepa Patel,"Staff (office of Trone, David)",House,Democrat,MD-06,Rebuilding Alliance,"Israel, Jordan",6551.00,transport=2609.00; lodging=1075.00; meals=521.00; other=2346.00; form lists 3 travelers (per person); same form as 500027853,https://disclosures-clerk.house.gov/gtimages/ST/2024/500027869.pdf,index:clerk_bulk; visual_read; filing=500027869
2024-02-16,2024-02-28,Jon Moore,"Staff (office of Stansbury, Melanie)",House,Democrat,NM-01,Rebuilding Alliance,"Israel, Jordan",6354.00,transport=2412.00; lodging=1075.00; meals=521.00; other=2346.00,https://disclosures-clerk.house.gov/gtimages/ST/2024/500027934.pdf,index:clerk_bulk; visual_read; filings=500027871+500027934
2024-02-16,2024-02-25,Lester Spencer,"Staff (office of Cleaver, Emanuel)",House,Democrat,MO-05,Rebuilding Alliance,"Israel, Jordan",6551.00,transport=2609.00; lodging=1075.00; meals=521.00; other=2346.00; form lists 3 travelers (per person),https://disclosures-clerk.house.gov/gtimages/ST/2024/500027853.pdf,index:clerk_bulk; visual_read; filing=500027853
2024-02-16,2024-02-25,Shinnola Alexander,"Staff (office of Plaskett, Stacey)",House,Democrat,VI-00,Rebuilding Alliance,"Israel, Jordan",6551.00,transport=2609.00; lodging=1075.00; meals=521.00; other=2346.00; form lists 3 travelers (per person); same form as 500027853,https://disclosures-clerk.house.gov/gtimages/ST/2024/500027857.pdf,index:clerk_bulk; visual_read; filing=500027857
2024-02-17,2024-02-23,Becca Balint,Member,House,Democrat,VT-00,J Street Education Fund,Israel,,transport=13900.00; lodging=1640.00; meals=928.00; other=not_on_form_page; known_subtotal=16468.00; other=See Attached,https://disclosures-clerk.house.gov/gtimages/MT/2024/500027758.pdf,index:clerk_bulk; visual_read+incomplete; filing=500027758
2024-02-17,2024-02-23,Madeleine Dean,Member,House,Democrat,PA-04,J Street Education Fund,Israel,,transport=11490.00; lodging=1495.00; meals=928.00; other=not_on_form_page; known_subtotal=13913.00; other=See Attached; accompanying family 11490/100/928/See Attached,https://disclosures-clerk.house.gov/gtimages/MT/2024/500027975.pdf,index:clerk_bulk; visual_read+incomplete; filing=500027975
2024-02-17,2024-02-23,Mark Takano,Member,House,Democrat,CA-39,J Street Education Fund,Israel,,transport=13004.00; lodging=1495.00; meals=928.00; other=not_on_form_page; known_subtotal=15427.00; other=See Attached; appears to duplicate 500027760,https://disclosures-clerk.house.gov/gtimages/MT/2024/500027874.pdf,index:clerk_bulk; visual_read+incomplete; filings=500027760+500027874
2024-02-17,2024-02-23,Rosa DeLauro,Member,House,Democrat,CT-03,J Street Education Fund,Israel,,transport=9170.00; lodging=1640.00; meals=928.00; other=not_on_form_page; known_subtotal=11738.00; other=See Attached; accompanying family 9170/110/928/See Attached,https://disclosures-clerk.house.gov/gtimages/MT/2024/500027768.pdf,index:clerk_bulk; visual_read+incomplete; filing=500027768
2024-02-17,2024-02-23,Salud Carbajal,Member,House,Democrat,CA-24,J Street Education Fund,Israel,,transport=14000.00; lodging=1350.00; meals=754.00; other=not_on_form_page; known_subtotal=16104.00; other=See Attached,https://disclosures-clerk.house.gov/gtimages/MT/2024/500027786.pdf,index:clerk_bulk; visual_read+incomplete; filing=500027786
2024-02-17,2024-02-23,Sean Casten,Member,House,Democrat,IL-06,J Street Education Fund,Israel,,transport=12250.00; lodging=1495.00; meals=928.00; other=not_on_form_page; known_subtotal=14673.00; other=See Attached,https://disclosures-clerk.house.gov/gtimages/MT/2024/500027755.pdf,index:clerk_bulk; visual_read+incomplete; filing=500027755
2024-03-23,2024-03-31,Bradley Schneider,Member,House,Democrat,IL-10,American Israel Education Foundation (AIEF),Israel,22110.96,"transport=16921.35; lodging=521.48; meals=800.26; other=3867.87; accompanying_family=416.00,521.48,800.26,3867.87",https://disclosures-clerk.house.gov/gtimages/MT/2024/500028078.pdf,index:clerk_bulk; ocr_agree; filing=500028078
2024-03-23,2024-03-29,Jim Costa,Member,House,Democrat,CA-21,American Israel Education Foundation (AIEF),Israel,19376.94,"transport=13665.85; lodging=1042.96; meals=800.26; other=3867.87; accompanying_family=4.00,1042.96,800.26,3867.87",https://disclosures-clerk.house.gov/gtimages/MT/2024/500028050.pdf,index:clerk_bulk; ocr_agree; filing=500028050
2024-03-23,2024-03-29,Juan Vargas,Member,House,Democrat,CA-52,American Israel Education Foundation (AIEF),Israel,17430.16,transport=11337.35; lodging=1424.68; meals=800.26; other=3867.87; accompanying_family=N/A,https://disclosures-clerk.house.gov/gtimages/MT/2024/500028019.pdf,index:clerk_bulk; ocr_agree; filing=500028019
2024-03-23,2024-03-29,Valerie Foushee,Member,House,Democrat,NC-04,American Israel Education Foundation (AIEF),Israel,17672.62,"transport=12458.45; lodging=546.04; meals=800.26; other=3867.87; accompanying_family=412155.35,546.04,800.26,3867.87",https://disclosures-clerk.house.gov/gtimages/MT/2024/500028020.pdf,index:clerk_bulk; ocr_agree; filing=500028020
2024-03-24,2024-03-31,Debbie Wasserman Schultz,Member,House,Democrat,FL-25,American Israel Education Foundation (AIEF),Israel,13970.13,"transport=8292.66; lodging=855.63; meals=943.46; other=3878.38; accompanying_family=7292.66,855.63,943.46,3878.38",https://disclosures-clerk.house.gov/gtimages/MT/2024/500028054.pdf,index:clerk_bulk; ocr_agree; filing=500028054
2024-03-24,2024-03-31,Kathy E. Manning,Member,House,Democrat,NC-06,American Israel Education Foundation (AIEF),Israel,14213.34,"transport=8535.87; lodging=855.63; meals=943.46; other=3878.38; accompanying_family=8535.87,855.63,943.46,3878.38",https://disclosures-clerk.house.gov/gtimages/MT/2024/500028056.pdf,index:clerk_bulk; ocr_agree; filing=500028056
2024-03-24,2024-03-31,Marilyn Strickland,Member,House,Democrat,WA-10,American Israel Education Foundation (AIEF),Israel,15392.51,transport=8896.86; lodging=1673.81; meals=943.46; other=3878.38,https://disclosures-clerk.house.gov/gtimages/MT/2024/500028176.pdf,index:clerk_bulk; ocr_agree; filings=500028057+500028176
2024-03-24,2024-03-31,Norma Torres,Member,House,Democrat,CA-35,American Israel Education Foundation (AIEF),Israel,15054.03,"transport=9194.66; lodging=1037.53; meals=943.46; other=3878.38; accompanying_family=12748.46,1037.53,943.46,3878.38",https://disclosures-clerk.house.gov/gtimages/MT/2024/500028074.pdf,index:clerk_bulk; ocr_agree; filing=500028074
2024-03-24,2024-03-31,Samantha Price,"Staff (office of Wasserman Schultz, Debbie)",House,Democrat,FL-25,American Israel Education Foundation (AIEF),Israel,16169.38,transport=9673.73; lodging=1673.81; meals=943.46; other=3878.38,https://disclosures-clerk.house.gov/gtimages/ST/2024/500028059.pdf,index:clerk_bulk; ocr_agree; filing=500028059
2024-03-28,2024-04-05,Brandon Williams,Member,House,Republican,NY-22,U.S. Israel Education Association (USIEA),Israel,22514.55,"transport=14379.15; lodging=1865.00; meals=1385.00; other=4885.40; accompanying_family=14379.15,1865.00,1385.00,4885.40",https://disclosures-clerk.house.gov/gtimages/MT/2024/500028063.pdf,index:clerk_bulk; ocr_agree; filing=500028063
2024-03-28,2024-04-05,Davis Michols,"Staff (office of Griffith, H.)",House,Republican,VA-09,U.S. Israel Education Association (USIEA),Israel,17093.05,transport=7752.65; lodging=3070.00; meals=1385.00; other=4885.40,https://disclosures-clerk.house.gov/gtimages/ST/2024/500028205.pdf,index:clerk_bulk; ocr_agree; filing=500028205
2024-03-28,2024-04-05,H. Morgan Griffith,Member,House,Republican,VA-09,U.S. Israel Education Association (USIEA),Israel,27193.15,"transport=19057.75; lodging=1865.00; meals=1385.00; other=4885.40; accompanying_family=49057.75,1865.00,1385.00,4885.40",https://disclosures-clerk.house.gov/gtimages/MT/2024/500028086.pdf,index:clerk_bulk; ocr_agree; filing=500028086
2024-03-28,2024-04-05,"Randy Weber, Sr.",Member,House,Republican,TX-14,U.S. Israel Education Association (USIEA),Israel,25026.15,"transport=16890.75; lodging=1865.00; meals=1385.00; other=4885.40; accompanying_family=16890.75,1865.00,1385.00,4885.40",https://disclosures-clerk.house.gov/gtimages/MT/2024/500028248.pdf,index:clerk_bulk; ocr_agree; filings=500028080+500028248
2024-03-28,2024-04-05,Grace Higgins,"Staff (office of Lankford, James)",Senate,Republican,OK,U.S. Israel Education Association (USIEA),"Jerusalem and Tiberias, Israel",17092.40,transport=7752.00; lodging=3070.00; meals=1385.00; other=4885.40,https://giftrule-disclosure.senate.gov/media/2024/yabkY758ECJqYJJQJktA.pdf,index:senate_giftrule_db; visual_read; filings=yabkY758ECJqYJJQJktA
2024-03-28,2024-04-05,James Lankford,Senator,Senate,Republican,OK,U.S. Israel Education Association (USIEA),Israel (destination field not read; Israel referenced in filing text),26294.55,transport=16954.15; lodging=3070.00; meals=1385.00; other=4885.40; amounts stated per person; lodging 3070 Senator / 180 accompanying daughter; accompanying family member: daughter,https://giftrule-disclosure.senate.gov/media/2024/KyW3P3RvY02nJGF10GwnQ.pdf,index:senate_giftrule_db; visual_read; filings=KyW3P3RvY02nJGF10GwnQ
2024-03-30,2024-04-02,Nanette Alvarado,"Staff (office of Torres, Ritchie)",House,Democrat,NY-15,UJA-Federation of New York,Israel,,transport=2065.00; lodging=1030.00; meals=390.00; other=not_on_form_page; known_subtotal=3485.00; filer Nanette Alvarado (staff) listed in second row: transport 2065 coach; other=See attachment; Rep. Torres row 9970/1030/390,https://disclosures-clerk.house.gov/gtimages/ST/2024/500028130.pdf,index:clerk_bulk; visual_read+incomplete; filing=500028130
2024-03-30,2024-04-02,Ritchie Torres,Member,House,Democrat,NY-15,UJA-Federation of New York,Israel,,transport=9970.00; lodging=1030.00; meals=390.00; other=not_on_form_page; known_subtotal=11390.00; other=See attachment; staff Alvarado row 2065/1030/390,https://disclosures-clerk.house.gov/gtimages/MT/2024/500028299.pdf,index:clerk_bulk; visual_read+incomplete; filing=500028299
2024-04-01,2024-04-08,Celeste Maloy,Member,House,Republican,UT-02,American Israel Education Foundation (AIEF),Israel,16547.64,"transport=10843.22; lodging=1257.68; meals=1436.31; other=3010.43; accompanying_family=10609.22,1257.68,1436.31,3010.43",https://disclosures-clerk.house.gov/gtimages/MT/2024/500028226.pdf,index:clerk_bulk; ocr_agree; filing=500028226
2024-04-01,2024-04-08,Derrick Van Orden,Member,House,Republican,WI-03,American Israel Education Foundation (AIEF),Israel,15320.63,"transport=9616.21; lodging=1257.68; meals=1436.31; other=3010.43; accompanying_family=9075.71,1257.68,1436.31,3010.43",https://disclosures-clerk.house.gov/gtimages/MT/2024/500028155.pdf,index:clerk_bulk; ocr_agree; filing=500028155
2024-04-01,2024-04-08,Eli Crane,Member,House,Republican,AZ-02,American Israel Education Foundation (AIEF),Israel,15721.93,"transport=8934.22; lodging=2340.97; meals=1436.31; other=3010.43; accompanying_family=11644.21,2340.97,1436.31,3010.43",https://disclosures-clerk.house.gov/gtimages/MT/2024/500028156.pdf,index:clerk_bulk; ocr_agree; filing=500028156
2024-04-01,2024-04-08,Eric Burlison,Member,House,Republican,MO-07,American Israel Education Foundation (AIEF),Israel,16137.13,"transport=10432.71; lodging=1257.68; meals=1436.31; other=3010.43; accompanying_family=11522.21,1257.68,1436.31,3010.43",https://disclosures-clerk.house.gov/gtimages/MT/2024/500028147.pdf,index:clerk_bulk; ocr_agree; filing=500028147
2024-04-01,2024-04-08,Jennifer Kiggans,Member,House,Republican,VA-02,American Israel Education Foundation (AIEF),Israel,15784.95,"transport=9973.11; lodging=1365.10; meals=1436.31; other=3010.43; accompanying_family=9915.21,1365.10,1436.31,3010.43",https://disclosures-clerk.house.gov/gtimages/MT/2024/500028124.pdf,index:clerk_bulk; ocr_agree; filing=500028124
2024-04-01,2024-04-08,Juan Ciscomani,Member,House,Republican,AZ-06,American Israel Education Foundation (AIEF),Israel,15920.63,"transport=10216.21; lodging=1257.68; meals=1436.31; other=3010.43; accompanying_family=10216.21,1257.68,1436.31,3010.43",https://disclosures-clerk.house.gov/gtimages/MT/2024/500028172.pdf,index:clerk_bulk; ocr_agree; filing=500028172
2024-04-01,2024-04-08,Kevin Kiley,Member,House,Republican,CA-03,American Israel Education Foundation (AIEF),Israel,16435.62,"transport=10731.20; lodging=1257.68; meals=1436.31; other=3010.43; accompanying_family=10731.20,1257.68,1436.31,3010.43",https://disclosures-clerk.house.gov/gtimages/MT/2024/500028185.pdf,index:clerk_bulk; ocr_agree; filing=500028185
2024-04-01,2024-04-08,Lori Chavez-DeRemer,Member,House,Republican,OR-05,American Israel Education Foundation (AIEF),Israel,15785.64,"transport=10081.22; lodging=1257.68; meals=1436.31; other=3010.43; accompanying_family=10436.21,1257.68,1436.31,3010.43",https://disclosures-clerk.house.gov/gtimages/MT/2024/500028174.pdf,index:clerk_bulk; ocr_agree; filing=500028174
2024-04-01,2024-04-08,Mark Alford,Member,House,Republican,MO-04,American Israel Education Foundation (AIEF),Israel,14514.63,"transport=8810.21; lodging=1257.68; meals=1436.31; other=3010.43; accompanying_family=8810.21,1257.68,1436.31,3010.43",https://disclosures-clerk.house.gov/gtimages/MT/2024/500028131.pdf,index:clerk_bulk; ocr_agree; filing=500028131
2024-04-01,2024-04-05,Michael Levine,Member,House,Democrat,CA-49,American Israel Education Foundation (AIEF),Israel,15822.45,transport=9957.61; lodging=1418.10; meals=1436.31; other=3010.43; accompanying_family=N/A,https://disclosures-clerk.house.gov/gtimages/MT/2024/500028253.pdf,index:clerk_bulk; ocr_agree; filing=500028253
2024-04-01,2024-04-08,Nicholas Langworthy,Member,House,Republican,NY-23,American Israel Education Foundation (AIEF),Israel,15900.02,transport=9112.31; lodging=2340.97; meals=1436.31; other=3010.43; accompanying_family=N/A,https://disclosures-clerk.house.gov/gtimages/MT/2024/500028161.pdf,index:clerk_bulk; ocr_agree; filing=500028161
2024-04-01,2024-04-08,Rudy Yakym,Member,House,Republican,IN-02,American Israel Education Foundation (AIEF),Israel,14861.55,"transport=9049.71; lodging=1365.10; meals=1436.31; other=3010.43; accompanying_family=9049.71,1365.10,1436.31,3010.43",https://disclosures-clerk.house.gov/gtimages/MT/2024/500028181.pdf,index:clerk_bulk; ocr_agree; filing=500028181
2024-04-01,2024-04-08,Russell Fry,Member,House,Republican,SC-07,American Israel Education Foundation (AIEF),Israel,17834.92,transport=11047.21; lodging=2340.97; meals=1436.31; other=3010.43; accompanying_family=N/A,https://disclosures-clerk.house.gov/gtimages/MT/2025/500031483.pdf,index:clerk_bulk; ocr_agree; filing=500031483
2024-04-01,2024-04-08,Scott Fitzgerald,Member,House,Republican,WI-05,American Israel Education Foundation (AIEF),Israel,15646.32,transport=8858.61; lodging=2340.97; meals=1436.31; other=3010.43; accompanying_family=N/A,https://disclosures-clerk.house.gov/gtimages/MT/2024/500028182.pdf,index:clerk_bulk; ocr_agree; filing=500028182
2024-04-01,2024-04-08,"Thomas Kean, Jr.",Member,House,Republican,NJ-07,American Israel Education Foundation (AIEF),Israel,13709.85,transport=7898.01; lodging=1365.10; meals=1436.31; other=3010.43; accompanying family same amounts,https://disclosures-clerk.house.gov/gtimages/MT/2024/500028138.pdf,index:clerk_bulk; visual_read; filing=500028138
2024-04-02,2024-04-08,Aaron Bean,Member,House,Republican,FL-04,American Israel Education Foundation (AIEF),Israel,11271.73,"transport=5567.31; lodging=1257.68; meals=1436.31; other=3010.43; accompanying_family=5567.31,1257.68,1436.31,3010.43",https://disclosures-clerk.house.gov/gtimages/MT/2024/500028162.pdf,index:clerk_bulk; ocr_agree; filing=500028162
2024-04-02,2024-04-08,Dale Strong,Member,House,Republican,AL-05,American Israel Education Foundation (AIEF),Israel,12818.54,"transport=7114.12; lodging=1257.68; meals=1436.31; other=3010.43; accompanying_family=7464.61,1257.68,1436.31,3010.43",https://disclosures-clerk.house.gov/gtimages/MT/2024/500028146.pdf,index:clerk_bulk; ocr_agree; filing=500028146
2024-05-17,2024-05-20,Elise Stefanik,Member,House,Republican,NY-21,Jewish Policy Center,Israel,23879.00,transport=19639.00; lodging=3307.00; meals=389.00; other=544.00; form lists Stefanik and Hester in traveler row; transport = 18544 airfare + 1095 ground; not stated whether per person or combined,https://disclosures-clerk.house.gov/gtimages/MT/2024/500028381.pdf,index:clerk_bulk; visual_read; filing=500028381
2024-05-17,2024-05-20,Patrick Stewart-Hester,"Staff (office of Stefanik, Elise)",House,Republican,NY-21,Jewish Policy Center,Israel,23879.00,transport=19639.00; lodging=3307.00; meals=389.00; other=544.00; form lists Stefanik and Hester in traveler row; transport = 18544 airfare + 1095 ground; not stated whether per person or combined,https://disclosures-clerk.house.gov/gtimages/ST/2024/500028382.pdf,index:clerk_bulk; visual_read; filing=500028382
2024-05-26,2024-06-03,Andrew Ross,"Staff (office of McCaul, Michael)",House,Republican,TX-10,American Israel Education Foundation (AIEF),Israel,21016.59,transport=11498.32; lodging=2886.31; meals=1191.90; other=5440.06,https://disclosures-clerk.house.gov/gtimages/ST/2024/500028459.pdf,index:clerk_bulk; ocr_agree; filing=500028459
2024-05-26,2024-06-03,Boris Medzhibovsky,"Staff (office of Aguilar, Peter)",House,Democrat,CA-33,American Israel Education Foundation (AIEF),Israel,20603.33,transport=11085.06; lodging=2886.31; meals=1191.90; other=5440.06,https://disclosures-clerk.house.gov/gtimages/ST/2024/500028476.pdf,index:clerk_bulk; ocr_agree; filing=500028476
2024-05-26,2024-06-03,Chelsea Brossard,"Staff (office of Gottheimer, Josh)",House,Democrat,NJ-05,American Israel Education Foundation (AIEF),Israel,20711.28,transport=11193.01; lodging=2886.31; meals=1191.90; other=5440.06,https://disclosures-clerk.house.gov/gtimages/ST/2024/500028480.pdf,index:clerk_bulk; ocr_agree; filing=500028480
2024-05-26,2024-06-03,James Notter,"Staff (office of Hoyer, Steny)",House,Democrat,MD-05,American Israel Education Foundation (AIEF),Israel,20335.48,transport=10817.21; lodging=2886.31; meals=1191.90; other=5440.06,https://disclosures-clerk.house.gov/gtimages/ST/2024/500028438.pdf,index:clerk_bulk; ocr_agree; filing=500028438
2024-05-26,2024-06-03,Melissa Kelly,"Staff (office of Franklin, Scott)",House,Republican,FL-18,American Israel Education Foundation (AIEF),Israel,20335.48,transport=10817.21; lodging=2886.31; meals=1191.90; other=5440.06,https://disclosures-clerk.house.gov/gtimages/ST/2024/500028489.pdf,index:clerk_bulk; ocr_agree; filing=500028489
2024-05-26,2024-06-03,"Rayburn ""Hunter"" Ridgway, II","Staff (office of Cartwright, Matt)",House,Democrat,PA-08,American Israel Education Foundation (AIEF),Israel,20405.48,transport=10887.21; lodging=2886.31; meals=1191.90; other=5440.06,https://disclosures-clerk.house.gov/gtimages/ST/2024/500028464.pdf,index:clerk_bulk; ocr_agree; filing=500028464
2024-05-26,2024-06-03,Sally Fox,"Staff (office of Emmer, Thomas)",House,Republican,MN-06,American Israel Education Foundation (AIEF),Israel,20335.48,transport=10817.21; lodging=2886.31; meals=1191.90; other=5440.06,https://disclosures-clerk.house.gov/gtimages/ST/2024/500028456.pdf,index:clerk_bulk; ocr_agree; filing=500028456
2024-05-26,2024-06-03,Samuel Pritchard,"Staff (office of Hinson, Ashley)",House,Republican,IA-02,American Israel Education Foundation (AIEF),Israel,21081.97,transport=11563.70; lodging=2886.31; meals=1191.90; other=5440.06,https://disclosures-clerk.house.gov/gtimages/ST/2024/500028471.pdf,index:clerk_bulk; ocr_agree; filing=500028471
2024-05-26,2024-06-03,Stephen Siao,"Staff (office of Green, Mark)",House,Republican,TN-07,American Israel Education Foundation (AIEF),Israel,20335.48,transport=10817.21; lodging=2886.31; meals=1191.90; other=5440.06,https://disclosures-clerk.house.gov/gtimages/ST/2024/500028448.pdf,index:clerk_bulk; visual_read; filing=500028448
2024-05-29,2024-06-07,Harry Fones,"Staff (office of Ogles, Andy)",House,Republican,TN-05,Foundation for Defense of Democracies (FDD),Israel,7186.16,transport=2345.93; lodging=3370.00; meals=1236.99; other=233.24; co-sponsor DL Revocable Trust named on form,https://disclosures-clerk.house.gov/gtimages/ST/2024/500028524.pdf,index:clerk_bulk; visual_read; filing=500028524
2024-06-15,2024-06-21,Brian Romick,"Staff (office of Jeffries, Hakeem)",House,Democrat,NY-08,American Israel Education Foundation (AIEF),Israel,15371.75,transport=9850.87; lodging=1834.22; meals=888.67; other=2797.99,https://disclosures-clerk.house.gov/gtimages/ST/2024/500028690.pdf,index:clerk_bulk; ocr_agree; filing=500028690
2024-06-15,2024-06-21,Glenn Ivey,Member,House,Democrat,MD-04,American Israel Education Foundation (AIEF),Israel,15999.76,transport=10478.88; lodging=1834.22; meals=888.67; other=2797.99,https://disclosures-clerk.house.gov/gtimages/MT/2024/500028699.pdf,index:clerk_bulk; ocr_agree; filing=500028699
2024-06-15,2024-06-20,Greg Landsman,Member,House,Democrat,OH-01,American Israel Education Foundation (AIEF),Israel,17047.54,"transport=12486.58; lodging=874.30; meals=888.67; other=2797.99; accompanying_family=12436.58,874.30,888.67,2797.99",https://disclosures-clerk.house.gov/gtimages/MT/2024/500028694.pdf,index:clerk_bulk; ocr_agree; filing=500028694
2024-06-15,2024-06-21,Jake Ellzey,Member,House,Republican,TX-06,American Israel Education Foundation (AIEF),Israel,15541.41,"transport=10889.50; lodging=965.25; meals=888.67; other=2797.99; accompanying_family=10889.50,965.25,888.67,2797.99",https://disclosures-clerk.house.gov/gtimages/MT/2024/500028695.pdf,index:clerk_bulk; ocr_agree; filing=500028695
2024-06-15,2024-06-21,Joe Wilson,Member,House,Republican,SC-02,American Israel Education Foundation (AIEF),Israel,16299.16,"transport=11647.25; lodging=965.25; meals=888.67; other=2797.99; accompanying_family=11647.25,965.25,888.67,2797.99",https://disclosures-clerk.house.gov/gtimages/MT/2024/500028696.pdf,index:clerk_bulk; ocr_agree; filing=500028696
2024-06-15,2024-06-21,Lucy McBath,Member,House,Democrat,GA-06,American Israel Education Foundation (AIEF),Israel,15598.41,"transport=10946.50; lodging=965.25; meals=888.67; other=2797.99; accompanying_family=8135.26,965.25,888.67,2797.99",https://disclosures-clerk.house.gov/gtimages/MT/2024/500028705.pdf,index:clerk_bulk; ocr_agree; filing=500028705
2024-06-15,2024-06-20,Manya-Jean Gitter,"Staff (office of Hoyer, Steny)",House,Democrat,MD-05,American Israel Education Foundation (AIEF),Israel,16103.55,transport=10753.89; lodging=1663.00; meals=888.67; other=2797.99,https://disclosures-clerk.house.gov/gtimages/ST/2024/500028719.pdf,index:clerk_bulk; ocr_agree; filing=500028719
2024-06-15,2024-06-21,Randy Feenstra,Member,House,Republican,IA-04,American Israel Education Foundation (AIEF),Israel,17459.41,"transport=12807.50; lodging=965.25; meals=888.67; other=2797.99; accompanying_family=12318.38,965.25,888.67,2797.99",https://disclosures-clerk.house.gov/gtimages/MT/2024/500028707.pdf,index:clerk_bulk; ocr_agree; filing=500028707
2024-06-15,2024-06-21,Steny S. Hoyer,Member,House,Democrat,MD-05,American Israel Education Foundation (AIEF),Israel,15371.75,transport=9850.87; lodging=1834.22; meals=888.67; other=2797.99,https://disclosures-clerk.house.gov/gtimages/MT/2024/500028687.pdf,index:clerk_bulk; ocr_agree; filing=500028687
2024-06-15,2024-06-21,Steve Cohen,Member,House,Democrat,TN-09,American Israel Education Foundation (AIEF),Israel,17640.14,transport=12119.26; lodging=1834.22; meals=888.67; other=2797.99,https://disclosures-clerk.house.gov/gtimages/MT/2024/500028709.pdf,index:clerk_bulk; ocr_agree; filing=500028709
2024-06-29,2024-07-07,Adam Safran,"Staff (office of Cherfilus-McCormick, Sheila)",House,Democrat,FL-20,American Israel Education Foundation (AIEF),Israel,12256.97,transport=3932.51; lodging=2345.34; meals=1322.37; other=4656.75; accompanying_family=N/A,https://disclosures-clerk.house.gov/gtimages/ST/2024/500028743.pdf,index:clerk_bulk; ocr_agree; filing=500028743
2024-06-29,2024-07-07,Alexander Rogoff,"Staff (office of Moskowitz, Jared)",House,Democrat,FL-23,American Israel Education Foundation (AIEF),Israel,12256.97,transport=3932.51; lodging=2345.34; meals=1322.37; other=4656.75; accompanying_family=N/A,https://disclosures-clerk.house.gov/gtimages/ST/2024/500028744.pdf,index:clerk_bulk; ocr_agree; filing=500028744
2024-06-29,2024-07-07,Benjamin Stanislawski,"Staff (office of Torres, Ritchie)",House,Democrat,NY-15,American Israel Education Foundation (AIEF),Israel,12256.97,transport=3932.51; lodging=2345.34; meals=1322.37; other=4656.75; accompanying_family=N/A,https://disclosures-clerk.house.gov/gtimages/ST/2026/500033598.pdf,index:clerk_bulk; ocr_agree; filing=500033598
2024-06-29,2024-07-07,Collin Miller,"Staff (office of Green, Mark)",House,Republican,TN-07,American Israel Education Foundation (AIEF),Israel,12256.97,transport=3932.51; lodging=2345.34; meals=1322.37; other=4656.75,https://disclosures-clerk.house.gov/gtimages/ST/2024/500028748.pdf,index:clerk_bulk; visual_read; filing=500028748
2024-06-29,2024-07-07,Eric Haley,"Staff (office of Hunt, Wesley)",House,Republican,TX-38,American Israel Education Foundation (AIEF),Israel,12256.97,transport=3932.51; lodging=2345.34; meals=1322.37; other=4656.75,https://disclosures-clerk.house.gov/gtimages/ST/2024/500028759.pdf,index:clerk_bulk; visual_read; filing=500028759
2024-06-29,2024-07-07,Jennifer Miller,"Staff (office of Frankel, Lois)",House,Democrat,FL-22,American Israel Education Foundation (AIEF),Israel,12256.97,transport=3932.51; lodging=2345.34; meals=1322.37; other=4656.75; accompanying_family=N/A,https://disclosures-clerk.house.gov/gtimages/ST/2024/500028745.pdf,index:clerk_bulk; ocr_agree; filing=500028745
2024-06-29,2024-07-07,Stephanie Buesser,"Staff (office of Stefanik, Elise)",House,Republican,NY-21,American Israel Education Foundation (AIEF),Israel,12256.97,transport=3932.51; lodging=2345.34; meals=1322.37; other=4656.75; accompanying_family=N/A,https://disclosures-clerk.house.gov/gtimages/ST/2024/500028749.pdf,index:clerk_bulk; ocr_agree; filing=500028749
2024-06-30,2024-07-07,Hunter Koski,"Staff (office of Cassidy, Bill)",Senate,Republican,LA,American Israel Education Foundation (AIEF),"Jerusalem, Tiberias, Tel Aviv in Israel",11050.01,transport=3932.51; lodging=2257.50; meals=1230.00; other=3630.00,https://giftrule-disclosure.senate.gov/media/2024/tQZKV5vKEpTN5nbt4zUQ.pdf,index:senate_giftrule_db; visual_read; filings=tQZKV5vKEpTN5nbt4zUQ
2024-06-30,2024-07-07,James Hart,"Staff (office of Schmitt, Eric)",Senate,Republican,MO,American Israel Education Foundation (AIEF),"Jerusalem, Israel; Tiberias, Israel; Tel Aviv, Israel",11050.01,transport=3932.51; lodging=2257.50; meals=1230.00; other=3630.00,https://giftrule-disclosure.senate.gov/media/2024/iBXQn7PGEqiW2tHKkzf8A.pdf,index:senate_giftrule_db; visual_read; filings=iBXQn7PGEqiW2tHKkzf8A
2024-07-02,2024-07-04,David Kustoff,"David Kustoff, Member of Congress.",House,,,"Amir Ohana, Speaker of the Knesset of the State of Israel. [foreign government gift, 5 U.S.C. 7342]",Israel,1728.00,"estimated value as reported: Lodging King David Hotel. Rec'd--7/2/2024- 7/4/2024. Est. Value-- $1,728.00.",https://www.govinfo.gov/content/pkg/FR-2026-01-29/html/2026-01805.htm,federal_register_text (date = date received; return date only where a range is given)
2024-07-02,2024-07-04,David Kustoff,"David Kustoff, Member of Congress.",House,,,"Amir Ohana, Speaker of the Knesset of the State of Israel. [foreign government gift, 5 U.S.C. 7342]",Israel,750.00,estimated value as reported: Transportation in Israel. Rec'd--7/2/ 2024-7/4/2024. Est. Value--$750.00.,https://www.govinfo.gov/content/pkg/FR-2026-01-29/html/2026-01805.htm,federal_register_text (date = date received; return date only where a range is given)
2024-07-02,2024-07-04,William Courtney,"William Courtney, Chief of Staff, Honorable David Kustoff.",House,,,"Amir Ohana, Speaker of the Knesset of the State of Israel. [foreign government gift, 5 U.S.C. 7342]",Israel,1728.00,"estimated value as reported: Lodging King David Hotel. Rec'd--7/2/2024- 7/4/2024. Est. Value-- $1,728.00.",https://www.govinfo.gov/content/pkg/FR-2026-01-29/html/2026-01805.htm,federal_register_text (date = date received; return date only where a range is given)
2024-07-02,2024-07-04,William Courtney,"William Courtney, Chief of Staff, Honorable David Kustoff.",House,,,"Amir Ohana, Speaker of the Knesset of the State of Israel. [foreign government gift, 5 U.S.C. 7342]",Israel,750.00,estimated value as reported: Transportation in Israel. Rec'd--7/2/ 2024-7/4/2024. Est. Value--$750.00.,https://www.govinfo.gov/content/pkg/FR-2026-01-29/html/2026-01805.htm,federal_register_text (date = date received; return date only where a range is given)
2024-07-12,2024-07-19,Aaron Groce,"Staff (office of Casten, Sean)",House,Democrat,IL-06,J Street Education Fund,Israel,,transport=3709.00; lodging=2069.00; meals=1315.00; other=not_on_form_page; known_subtotal=7093.00; other=See Attached,https://disclosures-clerk.house.gov/gtimages/ST/2024/500028760.pdf,index:clerk_bulk; visual_read+incomplete; filing=500028760
2024-07-12,2024-07-19,Abraham Friedman,"Staff (office of Delbene, Suzan)",House,Democrat,WA-01,J Street Education Fund,Israel,,transport=3709.00; lodging=2069.00; meals=1315.00; other=not_on_form_page; known_subtotal=7093.00; other=See Attached,https://disclosures-clerk.house.gov/gtimages/ST/2024/500028785.pdf,index:clerk_bulk; visual_read+incomplete; filing=500028785
2024-07-12,2024-07-19,Alexandra Heller,"Staff (office of Ruiz, Raul)",House,Democrat,CA-25,J Street Education Fund,Israel,,transport=3709.00; lodging=2069.00; meals=1315.00; other=not_on_form_page; known_subtotal=7093.00; other=See Attached,https://disclosures-clerk.house.gov/gtimages/ST/2024/500028761.pdf,index:clerk_bulk; visual_read+incomplete; filing=500028761
2024-07-12,2024-07-19,Anna McDonald,"Staff (office of Kamlager-Dove, Sydney)",House,Democrat,CA-37,J Street Education Fund,Israel,,transport=3709.00; lodging=2069.00; meals=1315.00; other=not_on_form_page; known_subtotal=7093.00; other=See Attached,https://disclosures-clerk.house.gov/gtimages/ST/2024/500029363.pdf,index:clerk_bulk; visual_read+incomplete; filing=500029363
2024-07-12,2024-07-19,Christina Mahoney,"Staff (office of Cleaver, Emanuel)",House,Democrat,MO-05,J Street Education Fund,Israel,,transport=3709.00; lodging=2069.00; meals=1315.00; other=not_on_form_page; known_subtotal=7093.00; other=See Attached,https://disclosures-clerk.house.gov/gtimages/ST/2024/500028767.pdf,index:clerk_bulk; visual_read+incomplete; filing=500028767
2024-07-12,2024-07-19,Emma Consoli,"Staff (office of Houlahan, Christina)",House,Democrat,PA-06,J Street Education Fund,Israel,,transport=3709.00; lodging=2069.00; meals=1315.00; other=not_on_form_page; known_subtotal=7093.00; other=See Attached,https://disclosures-clerk.house.gov/gtimages/ST/2024/500028769.pdf,index:clerk_bulk; visual_read+incomplete; filing=500028769
2024-07-12,2024-07-19,Jessica Vaughn,"Staff (office of Magaziner, Seth)",House,Democrat,RI-02,J Street Education Fund,Israel,,transport=3709.00; lodging=2069.00; meals=1315.00; other=not_on_form_page; known_subtotal=7093.00; other=See Attached,https://disclosures-clerk.house.gov/gtimages/ST/2024/500028775.pdf,index:clerk_bulk; visual_read+incomplete; filing=500028775
2024-07-12,2024-07-19,Mallory De Lauro,"Staff (office of Swalwell, Eric)",House,Democrat,CA-14,J Street Education Fund,Israel,,transport=3809.00; lodging=2069.00; meals=1315.00; other=not_on_form_page; known_subtotal=7193.00; other=See Attached,https://disclosures-clerk.house.gov/gtimages/ST/2024/500028780.pdf,index:clerk_bulk; visual_read+incomplete; filing=500028780
2024-07-12,2024-07-19,Marshall Burkhardt,"Staff (office of Kim, Andy)",House,Democrat,NJ-03,J Street Education Fund,Israel,,transport=3709.00; lodging=2069.00; meals=1315.00; other=not_on_form_page; known_subtotal=7093.00; other=See Attached,https://disclosures-clerk.house.gov/gtimages/ST/2024/500028800.pdf,index:clerk_bulk; visual_read+incomplete; filing=500028800
2024-07-12,2024-07-19,Nikhil Srinivasan,"Staff (office of Delauro, Rosa)",House,Democrat,CT-03,J Street Education Fund,Israel,,transport=3709.00; lodging=2069.00; meals=1315.00; other=not_on_form_page; known_subtotal=7093.00; other=See Attached,https://disclosures-clerk.house.gov/gtimages/ST/2024/500028782.pdf,index:clerk_bulk; visual_read+incomplete; filing=500028782
2024-07-12,2024-07-19,Rachel Everette,"Staff (office of Crow, Jason)",House,Democrat,CO-06,J Street Education Fund,Israel,,transport=3709.00; lodging=2069.00; meals=1315.00; other=not_on_form_page; known_subtotal=7093.00; other=See Attached,https://disclosures-clerk.house.gov/gtimages/ST/2024/500028816.pdf,index:clerk_bulk; visual_read+incomplete; filing=500028816
2024-07-13,2024-07-21,Aliza Oppenheim,"Staff (office of Cartwright, Matt)",House,Democrat,PA-08,American Israel Education Foundation (AIEF),Israel,12705.73,transport=5171.64; lodging=2222.96; meals=1587.39; other=3723.74; accompanying_family=N/A,https://disclosures-clerk.house.gov/gtimages/ST/2024/500028762.pdf,index:clerk_bulk; ocr_agree; filing=500028762
2024-07-13,2024-07-21,Bridget Visconti,"Staff (office of Yakym, Rudy)",House,Republican,IN-02,American Israel Education Foundation (AIEF),Israel,12770.73,transport=5236.64; lodging=2222.96; meals=1587.39; other=3723.74; accompanying_family=N/A,https://disclosures-clerk.house.gov/gtimages/ST/2024/500028764.pdf,index:clerk_bulk; ocr_agree; filing=500028764
2024-07-13,2024-07-21,Caroline Bender,"Staff (office of Ciscomani, Juan)",House,Republican,AZ-06,American Israel Education Foundation (AIEF),Israel,12747.70,transport=5236.64; lodging=2222.96; meals=1358.21; other=3929.89; accompanying_family=N/A,https://disclosures-clerk.house.gov/gtimages/ST/2024/500029183.pdf,index:clerk_bulk; ocr_agree; filings=500028766+500029183
2024-07-13,2024-07-21,Dana Hanson,"Staff (office of Auchincloss, Jake)",House,Democrat,MA-04,American Israel Education Foundation (AIEF),Israel,13752.65,transport=6241.59; lodging=2222.96; meals=1358.21; other=3929.89; accompanying_family=N/A,https://disclosures-clerk.house.gov/gtimages/ST/2024/500028848.pdf,index:clerk_bulk; ocr_agree; filings=500028768+500028848
2024-07-13,2024-07-21,Edward Kim,"Staff (office of Moolenaar, John)",House,Republican,MI-02,American Israel Education Foundation (AIEF),Israel,12747.70,transport=5236.64; lodging=2222.96; meals=1358.21; other=3929.89; accompanying_family=N/A,https://disclosures-clerk.house.gov/gtimages/ST/2024/500029230.pdf,index:clerk_bulk; ocr_agree; filings=500028786+500029230
2024-07-13,2024-07-21,Ethan Sorcher,"Staff (office of Gottheimer, Josh)",House,Democrat,NJ-05,American Israel Education Foundation (AIEF),Israel,12747.70,transport=5236.64; lodging=2222.96; meals=1358.21; other=3929.89; accompanying_family=N/A,https://disclosures-clerk.house.gov/gtimages/ST/2024/500028817.pdf,index:clerk_bulk; ocr_agree; filings=500028770+500028817
2024-07-13,2024-07-21,Jocelyne Barajas,"Staff (office of Gonzalez, Vicente)",House,Democrat,TX-34,American Israel Education Foundation (AIEF),Israel,12991.18,transport=5480.12; lodging=2222.96; meals=1358.21; other=3929.89,https://disclosures-clerk.house.gov/gtimages/ST/2024/500028887.pdf,index:clerk_bulk; visual_read; filings=500028789+500028887
2024-07-13,2024-07-21,Kirby Tidmore,"Staff (office of Hern, Kevin)",House,Republican,OK-01,American Israel Education Foundation (AIEF),Israel,12713.70,transport=5202.64; lodging=2222.96; meals=1358.21; other=3929.89; accompanying_family=N/A,https://disclosures-clerk.house.gov/gtimages/ST/2024/500029153.pdf,index:clerk_bulk; ocr_agree; filings=500028799+500029153
2024-07-13,2024-07-21,Matthew Duglin,"Staff (office of Bacon, Donald)",House,Republican,NE-02,American Israel Education Foundation (AIEF),Israel,13014.21,transport=5480.12; lodging=2222.96; meals=1587.39; other=3723.74; accompanying_family=N/A,https://disclosures-clerk.house.gov/gtimages/ST/2024/500028787.pdf,index:clerk_bulk; ocr_agree; filing=500028787
2024-07-13,2024-07-21,Abigail Maryam Zarzar,"Staff (office of Budd,Ted)",Senate,Republican,NC,American Israel Education Foundation (AIEF),Israel,12600.21,transport=5452.00; lodging=2160.00; meals=1358.21; other=3630.00,https://giftrule-disclosure.senate.gov/media/2024/rTFyjeHc9k2J6ULw7zne0g.pdf,index:senate_giftrule_db; visual_read; filings=rTFyjeHc9k2J6ULw7zne0g
2024-07-13,2024-07-21,Bailee Sneed,"Staff (office of Britt, Katie)",Senate,Republican,AL,American Israel Education Foundation (AIEF),"Jerusalem, Israel; Tel Aviv, Israel; Tiberias, Israel",12600.21,transport=5452.00; lodging=2160.00; meals=1358.21; other=3630.00,https://giftrule-disclosure.senate.gov/media/2024/Yz89Sk0GK0SeYEJlBZARw.pdf,index:senate_giftrule_db; visual_read; filings=Yz89Sk0GK0SeYEJlBZARw
2024-07-13,2024-07-21,Erin Jarnagin,"Staff (office of Kennedy, John)",Senate,Republican,LA,American Israel Education Foundation (AIEF),"American Israel Education Foundation, Inc. (AIEF) [OCR]",12600.21,transport=5452.00; lodging=2160.00; meals=1358.21; other=3630.00,https://giftrule-disclosure.senate.gov/media/2024/fBqMrZthWU2IZCTyHwdVHg.pdf,index:senate_giftrule_db; visual_read; filings=fBqMrZthWU2IZCTyHwdVHg
2024-07-13,2024-07-21,Michael Songer,"Staff (office of Murkowski, Lisa)",Senate,Republican,AK,American Israel Education Foundation (AIEF),"Jerusalem, Israel; Tel Aviv, Israel; Tiberias, Israel",12600.21,transport=5452.00; lodging=2160.00; meals=1358.21; other=3630.00,https://giftrule-disclosure.senate.gov/media/2024/DoUZ8TwqI0dVEwfNuXG4Q.pdf,index:senate_giftrule_db; visual_read; filings=DoUZ8TwqI0dVEwfNuXG4Q
2024-07-13,2024-07-21,Molly Carpenter,"Staff (office of Crapo, Mike)",Senate,Republican,ID,American Israel Education Foundation (AIEF),"Jerusalem, Israel; Tel Aviv, Israel; Tiberias, Israel",12600.21,transport=5452.00; lodging=2160.00; meals=1358.21; other=3630.00,https://giftrule-disclosure.senate.gov/media/2024/x3F7Uoo0Klt15AEDlHIA.pdf,index:senate_giftrule_db; visual_read; filings=x3F7Uoo0Klt15AEDlHIA
2024-09-01,2024-09-09,Andrea Grace,"Staff (office of Lawler, Michael)",House,Republican,NY-17,American Israel Education Foundation (AIEF),Israel,18628.62,transport=9902.29; lodging=2588.72; meals=1421.35; other=4716.26; accompanying_family=N/A,https://disclosures-clerk.house.gov/gtimages/ST/2024/500029243.pdf,index:clerk_bulk; ocr_agree; filing=500029243
2024-09-01,2024-09-09,Christine Lee,"Staff (office of Luttrell, Morgan)",House,Republican,TX-08,American Israel Education Foundation (AIEF),Israel,19220.09,transport=10493.76; lodging=2588.72; meals=1421.35; other=4716.26; accompanying_family=N/A,https://disclosures-clerk.house.gov/gtimages/ST/2024/500029248.pdf,index:clerk_bulk; ocr_agree; filing=500029248
2024-09-01,2024-09-09,Christopher McCarthy,"Staff (office of Garcia, Sylvia)",House,Democrat,TX-29,American Israel Education Foundation (AIEF),Israel,19473.20,transport=10746.87; lodging=2588.72; meals=1421.35; other=4716.26; accompanying_family=N/A,https://disclosures-clerk.house.gov/gtimages/ST/2024/500029286.pdf,index:clerk_bulk; ocr_agree; filing=500029286
2024-09-01,2024-09-09,Deena Tauster,"Staff (office of Garbarino, Andrew)",House,Republican,NY-02,American Israel Education Foundation (AIEF),Israel,19245.10,transport=10518.77; lodging=2588.72; meals=1421.35; other=4716.26; accompanying_family=N/A,https://disclosures-clerk.house.gov/gtimages/ST/2024/500029275.pdf,index:clerk_bulk; ocr_agree; filing=500029275
2024-09-01,2024-09-09,Delia Kashat,"Staff (office of Davis, Don)",House,Democrat,NC-01,American Israel Education Foundation (AIEF),Israel,18372.10,transport=9645.77; lodging=2588.72; meals=1421.35; other=4716.26; accompanying_family=N/A,https://disclosures-clerk.house.gov/gtimages/ST/2024/500029294.pdf,index:clerk_bulk; ocr_agree; filing=500029294
2024-09-01,2024-09-09,Leslie Grubb,"Staff (office of Landsman, Greg)",House,Democrat,OH-01,American Israel Education Foundation (AIEF),Israel,18942.10,transport=10215.77; lodging=2588.72; meals=1421.35; other=4716.26; accompanying_family=N/A,https://disclosures-clerk.house.gov/gtimages/ST/2024/500029244.pdf,index:clerk_bulk; ocr_agree; filing=500029244
2024-09-01,2024-09-09,Matthew Hutson,"Staff (office of Harris, Andy)",House,Republican,MD-01,American Israel Education Foundation (AIEF),Israel,19245.02,transport=10518.69; lodging=2588.72; meals=1421.35; other=4716.26; accompanying_family=N/A,https://disclosures-clerk.house.gov/gtimages/ST/2024/500029269.pdf,index:clerk_bulk; ocr_agree; filing=500029269
2024-09-01,2024-09-09,Mehgan Perez-Acosta,"Staff (office of Donalds, Byron)",House,Republican,FL-19,American Israel Education Foundation (AIEF),Israel,18967.10,transport=10240.77; lodging=2588.72; meals=1421.35; other=4716.26; accompanying_family=N/A,https://disclosures-clerk.house.gov/gtimages/ST/2024/500029284.pdf,index:clerk_bulk; ocr_agree; filing=500029284
2024-09-01,2024-09-09,Robert Edmonson,"Staff (office of Garcia, Robert)",House,Democrat,CA-42,American Israel Education Foundation (AIEF),Israel,19395.09,transport=10668.76; lodging=2588.72; meals=1421.35; other=4716.26; accompanying_family=N/A,https://disclosures-clerk.house.gov/gtimages/ST/2024/500029246.pdf,index:clerk_bulk; ocr_agree; filing=500029246
2024-09-01,2024-09-09,Timothy Svoboda,"Staff (office of Grothman, Glenn)",House,Republican,WI-06,American Israel Education Foundation (AIEF),Israel,19245.10,transport=10518.77; lodging=2588.72; meals=1421.35; other=4716.26; accompanying_family=N/A,https://disclosures-clerk.house.gov/gtimages/ST/2024/500029271.pdf,index:clerk_bulk; ocr_agree; filing=500029271
2024-10-18,2024-10-28,Christopher Koya,"Staff (office of Lee, Summer)",House,Democrat,PA-12,Rebuilding Alliance,"Jordan, Israel",7022.00,transport=2392.00; lodging=1394.00; meals=770.00; other=2466.00; accompanying_family=N/A,https://disclosures-clerk.house.gov/gtimages/ST/2024/500029464.pdf,index:clerk_bulk; ocr_agree; filing=500029464
2024-10-18,2024-10-28,Jason Bercovitch,"Staff (office of Peters, Scott)",House,Democrat,CA-50,Rebuilding Alliance,"Jordan, Israel",8505.00,transport=3875.00; lodging=1394.00; meals=770.00; other=2466.00; accompanying_family=N/A,https://disclosures-clerk.house.gov/gtimages/ST/2024/500029499.pdf,index:clerk_bulk; ocr_agree; filing=500029499
2024-10-18,2024-10-29,Sharon Nichols,"Staff (office of Norton, Eleanor)",House,Democrat,DC-00,Rebuilding Alliance,"Jordan, Israel",8446.00,transport=3816.00; lodging=1394.00; meals=770.00; other=2466.00,https://disclosures-clerk.house.gov/gtimages/ST/2024/500029489.pdf,index:clerk_bulk; visual_read; filing=500029489
2024-10-18,2024-10-28,Vianna Vo,"Staff (office of Sablan, Gregorio)",House,Democrat,MP-00,Rebuilding Alliance,"Jordan, Israel",7022.00,transport=2392.00; lodging=1394.00; meals=770.00; other=2466.00; form lists 2 travelers (per person),https://disclosures-clerk.house.gov/gtimages/ST/2024/500029492.pdf,index:clerk_bulk; visual_read; filing=500029492
2024-10-19,2024-10-29,Brooke Grams,"Staff (office of Welch, Peter)",Senate,Democrat,VT,Rebuilding Alliance,"Amman, Jordan; Jerusalem, Israel; Beit Sahour, Israel [as filed]",6001.00,transport=3087.00; lodging=1394.00; meals=770.00; other=750.00,https://giftrule-disclosure.senate.gov/media/2024/pKhlgb0qESJnGReEpmmQ.pdf,index:senate_giftrule_db; visual_read; filings=pKhlgb0qESJnGReEpmmQ
2024-10-26,2024-11-03,Christopher Mitchell,"Staff (office of Miller, Max)",House,Republican,OH-07,Jewish Institute for National Security of America (JINSA),Israel,7679.00,transport=3453.00; lodging=2520.00; meals=932.00; other=774.00,https://disclosures-clerk.house.gov/gtimages/ST/2024/500029474.pdf,index:clerk_bulk; visual_read; filing=500029474
2024-10-26,2024-11-03,Jacqueline Olvera,"Staff (office of Luttrell, Morgan)",House,Republican,TX-08,Jewish Institute for National Security of America (JINSA),Israel,7697.00,transport=3471.00; lodging=2520.00; meals=932.00; other=774.00,https://disclosures-clerk.house.gov/gtimages/ST/2024/500029479.pdf,index:clerk_bulk; visual_read; filing=500029479
2024-10-26,2024-11-03,Katherine Wallach,"Staff (office of Jackson, Ronny)",House,Republican,TX-13,Jewish Institute for National Security of America (JINSA),Israel,7588.00,transport=3152.00; lodging=2730.00; meals=932.00; other=774.00,https://disclosures-clerk.house.gov/gtimages/ST/2024/500029501.pdf,index:clerk_bulk; visual_read; filing=500029501
2024-10-26,2024-11-03,Reed Kearins,"Staff (office of Joyce, David)",House,Republican,OH-14,Jewish Institute for National Security of America (JINSA),Israel,7679.00,transport=3453.00; lodging=2520.00; meals=932.00; other=774.00,https://disclosures-clerk.house.gov/gtimages/ST/2024/500029486.pdf,index:clerk_bulk; visual_read; filing=500029486
2024-10-26,2024-11-03,Robert Schuler,"Staff (office of Waltz, Michael)",House,Republican,FL-06,Jewish Institute for National Security of America (JINSA),Israel,9176.00,transport=4950.00; lodging=2520.00; meals=932.00; other=774.00,https://disclosures-clerk.house.gov/gtimages/ST/2024/500029556.pdf,index:clerk_bulk; visual_read; filing=500029556
2024-10-26,2024-11-03,Ryan Hofmann,"Staff (office of Stefanik, Elise)",House,Republican,NY-21,Jewish Institute for National Security of America (JINSA),Israel,7682.00,transport=3456.00; lodging=2520.00; meals=932.00; other=774.00,https://disclosures-clerk.house.gov/gtimages/ST/2024/500029470.pdf,index:clerk_bulk; visual_read; filing=500029470
2024-10-26,2024-11-03,"Samuel ""Cam"" Shepherd","Staff (office of Allen, Rick)",House,Republican,GA-12,Jewish Institute for National Security of America (JINSA),Israel,8178.00,transport=3742.00; lodging=2730.00; meals=932.00; other=774.00,https://disclosures-clerk.house.gov/gtimages/ST/2024/500029487.pdf,index:clerk_bulk; visual_read; filing=500029487
2024-10-28,2024-11-03,Kendall Dehnel,"Staff (office of Ernst, Joni)",Senate,Republican,IA,Jewish Institute for National Security of America (JINSA),Israel,8225.00,transport=3550.00; lodging=2940.00; meals=1035.00; other=700.00,https://giftrule-disclosure.senate.gov/media/2024/9qEAJSOns0yvIIMu2EPOag.pdf,index:senate_giftrule_db; visual_read; filings=9qEAJSOns0yvIIMu2EPOag
2024-10-28,2024-11-03,Natalie Burkhalter,"Staff (office of Mullin, Markwayne)",Senate,Republican,OK,Jewish Institute for National Security of America (JINSA),"Herzliya, Israel",8225.00,transport=3550.00; lodging=2940.00; meals=1035.00; other=700.00,https://giftrule-disclosure.senate.gov/media/2024/GV0Wsun06Eq8UD06PVncQ.pdf,index:senate_giftrule_db; visual_read; filings=GV0Wsun06Eq8UD06PVncQ
2024-11-06,2024-11-15,Nicholas Adams,"Staff (office of Lee, Laurel)",House,Republican,FL-15,Foundation for Defense of Democracies (FDD),Israel,7632.04,transport=3073.51; lodging=2710.00; meals=1093.89; other=754.64,https://disclosures-clerk.house.gov/gtimages/ST/2024/500029544.pdf,index:clerk_bulk; ocr_agree; filing=500029544
2024-12-16,2024-12-24,Ian Mariani,"Staff (office of Carbajal, Salud)",House,Democrat,CA-24,Rebuilding Alliance,"Israel, Jordan",7311.00,transport=3466.00; lodging=1335.00; meals=748.00; other=1762.00,https://disclosures-clerk.house.gov/gtimages/ST/2025/500029571.pdf,index:clerk_bulk; ocr_agree; filing=500029571
2024-12-16,2024-12-24,Joshua Buckingham,"Staff (office of Thanedar, Shri)",House,Democrat,MI-13,Rebuilding Alliance,"Israel, Jordan",7692.00,transport=3847.00; lodging=1335.00; meals=748.00; other=1762.00,https://disclosures-clerk.house.gov/gtimages/ST/2025/500029572.pdf,index:clerk_bulk; visual_read; filing=500029572
2024-12-16,2024-12-24,Julie Singleton,"Staff (office of McCormick, Rich)",House,Republican,GA-07,Rebuilding Alliance,"Israel, Jordan",6776.00,transport=2931.00; lodging=1335.00; meals=748.00; other=1762.00,https://disclosures-clerk.house.gov/gtimages/ST/2025/500029575.pdf,index:clerk_bulk; ocr_agree; filing=500029575
2025-02-13,2025-02-21,Andy Ogles,Member,House,Republican,TN-05,American Israel Education Foundation (AIEF),Israel,17604.73,"transport=12631.97; lodging=1145.05; meals=1069.34; other=2758.37; accompanying_family=1145.05,1069.34,2758.37",https://disclosures-clerk.house.gov/gtimages/MT/2025/500029717.pdf,index:clerk_bulk; ocr_agree; filing=500029717
2025-02-13,2025-02-21,Anna Paulina Luna,Member,House,Republican,FL-13,American Israel Education Foundation (AIEF),Israel,19056.07,"transport=15007.07; lodging=627.00; meals=663.63; other=2758.37; accompanying_family=14557.57,627.00,739.43,2758.37",https://disclosures-clerk.house.gov/gtimages/MT/2025/500029698.pdf,index:clerk_bulk; ocr_agree; filing=500029698
2025-02-13,2025-02-21,Gary J. Palmer,Member,House,Republican,AL-06,American Israel Education Foundation (AIEF),Israel,22327.07,"transport=16874.67; lodging=1624.69; meals=1069.34; other=2758.37; accompanying_family=4.00,1624.69,1069.34,2758.37",https://disclosures-clerk.house.gov/gtimages/MT/2025/500029695.pdf,index:clerk_bulk; ocr_agree; filing=500029695
2025-02-13,2025-02-21,Jim Jordan,Member,House,Republican,OH-04,American Israel Education Foundation (AIEF),Israel,17326.83,"transport=12354.07; lodging=1145.05; meals=1069.34; other=2758.37; accompanying_family=42.00,1145.05,1069.34,2758.37",https://disclosures-clerk.house.gov/gtimages/MT/2025/500029678.pdf,index:clerk_bulk; ocr_agree; filing=500029678
2025-02-13,2025-02-21,Keith Self,Member,House,Republican,TX-03,American Israel Education Foundation (AIEF),Israel,16966.73,"transport=11993.97; lodging=1145.05; meals=1069.34; other=2758.37; accompanying_family=11993.97,1145.05,1069.34,2758.37",https://disclosures-clerk.house.gov/gtimages/MT/2025/500029687.pdf,index:clerk_bulk; ocr_agree; filing=500029687
2025-02-13,2025-02-21,Kevin Eichinger,"Staff (office of Jordan, Jim)",House,Republican,OH-04,American Israel Education Foundation (AIEF),Israel,17132.13,transport=10943.95; lodging=2346.94; meals=1082.87; other=2758.37; accompanying_family=N/A,https://disclosures-clerk.house.gov/gtimages/ST/2025/500029679.pdf,index:clerk_bulk; ocr_agree; filing=500029679
2025-02-13,2025-02-21,Michelle Fischbach,Member,House,Republican,MN-07,American Israel Education Foundation (AIEF),Israel,15772.90,"transport=10644.99; lodging=1300.20; meals=1069.34; other=2758.37; accompanying_family=10644.99,1300.20,1069.34,2758.37",https://disclosures-clerk.house.gov/gtimages/MT/2025/500029680.pdf,index:clerk_bulk; ocr_agree; filing=500029680
2025-02-13,2025-02-21,Mike Flood,Member,House,Republican,NE-01,American Israel Education Foundation (AIEF),Israel,16334.23,"transport=11361.47; lodging=1145.05; meals=1069.34; other=2758.37; accompanying_family=11361.47,1145.05,1069.34,2758.37",https://disclosures-clerk.house.gov/gtimages/MT/2025/500029691.pdf,index:clerk_bulk; ocr_agree; filing=500029691
2025-02-13,2025-02-21,Morgan Luttrell,Member,House,Republican,TX-08,American Israel Education Foundation (AIEF),Israel,18582.42,"transport=13472.69; lodging=1282.02; meals=1069.34; other=2758.37; accompanying_family=13472.69,1282.02,1069.34,2758.37",https://disclosures-clerk.house.gov/gtimages/MT/2025/500029681.pdf,index:clerk_bulk; ocr_agree; filing=500029681
2025-02-13,2025-02-21,Nancy Mace,Member,House,Republican,SC-01,American Israel Education Foundation (AIEF),Israel,21627.22,transport=15416.19; lodging=2383.32; meals=1069.34; other=2758.37; accompanying_family=N/A,https://disclosures-clerk.house.gov/gtimages/MT/2025/500029682.pdf,index:clerk_bulk; ocr_agree; filing=500029682
2025-02-13,2025-02-21,"Randy Weber, Sr.",Member,House,Republican,TX-14,American Israel Education Foundation (AIEF),Israel,16505.74,"transport=10331.09; lodging=2346.94; meals=1069.34; other=2758.37; accompanying_family=40980.49,2346.94,1069.34,2758.37",https://disclosures-clerk.house.gov/gtimages/MT/2025/500029683.pdf,index:clerk_bulk; ocr_agree; filing=500029683
2025-02-13,2025-02-20,Ronny Jackson,Member,House,Republican,TX-13,American Israel Education Foundation (AIEF),Israel,12342.86,"transport=7370.10; lodging=1145.05; meals=1069.34; other=2758.37; accompanying_family=44.00,1145.05,1069.34,2758.37",https://disclosures-clerk.house.gov/gtimages/MT/2025/500029684.pdf,index:clerk_bulk; ocr_agree; filing=500029684
2025-02-13,2025-02-21,Andrea Salinas,Member,House,Democrat,OR-06,J Street Education Fund,Israel,,transport=15822.00; lodging=2445.00; meals=1285.00; other=not_on_form_page; known_subtotal=19552.00; other=See Attached,https://disclosures-clerk.house.gov/gtimages/MT/2025/500029677.pdf,index:clerk_bulk; visual_read+incomplete; filing=500029677
2025-02-13,2025-02-21,Chellie Pingree,Member,House,Democrat,ME-01,J Street Education Fund,Israel,,transport=16599.00; lodging=2445.00; meals=1285.00; other=not_on_form_page; known_subtotal=20329.00; other=See Attached,https://disclosures-clerk.house.gov/gtimages/MT/2025/500029657.pdf,index:clerk_bulk; visual_read+incomplete; filing=500029657
2025-02-13,2025-02-21,Christopher R. Deluzio,Member,House,Democrat,PA-17,J Street Education Fund,Israel,,transport=15828.00; lodging=2445.00; meals=1285.00; other=not_on_form_page; known_subtotal=19558.00; other=See Attached,https://disclosures-clerk.house.gov/gtimages/MT/2025/500029685.pdf,index:clerk_bulk; visual_read+incomplete; filing=500029685
2025-02-13,2025-02-21,Eric Sorensen,Member,House,Democrat,IL-17,J Street Education Fund,Israel,,transport=17048.00; lodging=2445.00; meals=1285.00; other=not_on_form_page; known_subtotal=20778.00; other=See Attached; accompanying family 17048/154/1285/See Attached,https://disclosures-clerk.house.gov/gtimages/MT/2025/500029747.pdf,index:clerk_bulk; visual_read+incomplete; filing=500029747
2025-02-13,2025-02-21,James A. Himes,Member,House,Democrat,CT-04,J Street Education Fund,Israel,,transport=16599.00; lodging=2445.00; meals=1285.00; other=not_on_form_page; known_subtotal=20329.00; other=See Attached,https://disclosures-clerk.house.gov/gtimages/MT/2025/500029659.pdf,index:clerk_bulk; visual_read+incomplete; filing=500029659
2025-02-13,2025-02-21,Sylvia R. Garcia,Member,House,Democrat,TX-29,J Street Education Fund,Israel,,transport=18126.00; lodging=2445.00; meals=1285.00; other=not_on_form_page; known_subtotal=21856.00; other=See Attached,https://disclosures-clerk.house.gov/gtimages/MT/2025/500029773.pdf,index:clerk_bulk; visual_read+incomplete; filing=500029773
2025-02-14,2025-02-24,Benjamin Clardy,"Staff (office of Carter, John)",House,Republican,TX-31,Rebuilding Alliance,"Jordan, Israel",7547.00,transport=3430.00; lodging=1005.00; meals=501.00; other=2611.00,https://disclosures-clerk.house.gov/gtimages/ST/2025/500029762.pdf,index:clerk_bulk; ocr_agree; filing=500029762
2025-02-14,2025-02-24,Craig Dulniak,"Staff (office of Cohen, Stephen)",House,Democrat,TN-09,Rebuilding Alliance,"Jordan, Israel",7547.00,transport=3430.00; lodging=1005.00; meals=501.00; other=2611.00,https://disclosures-clerk.house.gov/gtimages/ST/2025/500029708.pdf,index:clerk_bulk; ocr_agree; filing=500029708
2025-02-14,2025-02-24,Diego Sanchez,"Staff (office of Jayapal, Pramila)",House,Democrat,WA-07,Rebuilding Alliance,"Jordan, Israel",7547.00,transport=3430.00; lodging=1005.00; meals=501.00; other=2611.00,https://disclosures-clerk.house.gov/gtimages/ST/2025/500029702.pdf,index:clerk_bulk; ocr_agree; filing=500029702
2025-02-14,2025-02-24,Erin Chapman,"Staff (office of Vargas, Juan)",House,Democrat,CA-52,Rebuilding Alliance,"Jordan, Israel",7547.00,transport=3430.00; lodging=1005.00; meals=501.00; other=2611.00,https://disclosures-clerk.house.gov/gtimages/ST/2025/500029712.pdf,index:clerk_bulk; ocr_agree; filing=500029712
2025-02-14,2025-02-24,Zachary Monroe,"Staff (office of Carter, Troy)",House,Democrat,LA-02,Rebuilding Alliance,"Jordan, Israel",7547.00,transport=3430.00; lodging=1005.00; meals=501.00; other=2611.00,https://disclosures-clerk.house.gov/gtimages/ST/2025/500029707.pdf,index:clerk_bulk; ocr_agree; filing=500029707
2025-02-16,2025-02-24,Aaron Harawa,"Staff (office of Ivey, Glenn)",House,Democrat,MD-04,American Israel Education Foundation (AIEF),Israel,18741.34,transport=10523.02; lodging=2445.11; meals=1366.47; other=4406.74; accompanying_family=N/A,https://disclosures-clerk.house.gov/gtimages/ST/2025/500029713.pdf,index:clerk_bulk; ocr_agree; filing=500029713
2025-02-16,2025-02-24,Alexander Vargo,"Staff (office of McDowell, Addison)",House,Republican,NC-06,American Israel Education Foundation (AIEF),Israel,18973.34,transport=10755.02; lodging=2445.11; meals=1366.47; other=4406.74; accompanying_family=N/A,https://disclosures-clerk.house.gov/gtimages/ST/2025/500029697.pdf,index:clerk_bulk; ocr_agree; filing=500029697
2025-02-16,2025-02-24,Brendon Mills,"Staff (office of Vindman, Eugene)",House,Democrat,VA-07,American Israel Education Foundation (AIEF),Israel,18741.34,transport=10523.02; lodging=2445.11; meals=1366.47; other=4406.74; accompanying_family=N/A,https://disclosures-clerk.house.gov/gtimages/ST/2025/500029710.pdf,index:clerk_bulk; ocr_agree; filing=500029710
2025-02-16,2025-02-24,Christopher Walsh,"Staff (office of Ryan, Patrick)",House,Democrat,NY-18,American Israel Education Foundation (AIEF),Israel,18765.34,transport=10547.02; lodging=2445.11; meals=1366.47; other=4406.74; accompanying_family=N/A,https://disclosures-clerk.house.gov/gtimages/ST/2025/500029711.pdf,index:clerk_bulk; ocr_agree; filing=500029711
2025-02-16,2025-02-24,Daniel Kaufman,"Staff (office of Frankel, Lois)",House,Democrat,FL-22,American Israel Education Foundation (AIEF),Israel,19334.64,transport=11116.32; lodging=2445.11; meals=1366.47; other=4406.74; accompanying_family=N/A,https://disclosures-clerk.house.gov/gtimages/ST/2025/500029689.pdf,index:clerk_bulk; ocr_agree; filing=500029689
2025-02-16,2025-02-24,Daniel Scharfenberger,"Staff (office of Kean, Thomas)",House,Republican,NJ-07,American Israel Education Foundation (AIEF),Israel,18685.94,transport=10467.62; lodging=2445.11; meals=1366.47; other=4406.74; accompanying_family=N/A,https://disclosures-clerk.house.gov/gtimages/ST/2025/500029686.pdf,index:clerk_bulk; ocr_agree; filing=500029686
2025-02-16,2025-02-24,Jackson Gross,"Staff (office of James, John)",House,Republican,MI-10,American Israel Education Foundation (AIEF),Israel,18685.94,transport=10467.62; lodging=2445.11; meals=1366.47; other=4406.74; accompanying_family=N/A,https://disclosures-clerk.house.gov/gtimages/ST/2025/500030801.pdf,index:clerk_bulk; ocr_agree; filing=500030801
2025-02-16,2025-02-24,Jeffrey Morehouse,"Staff (office of Hudson, Richard)",House,Republican,NC-09,American Israel Education Foundation (AIEF),Israel,18685.94,transport=10467.62; lodging=2445.11; meals=1366.47; other=4406.74; accompanying_family=N/A,https://disclosures-clerk.house.gov/gtimages/ST/2025/500029714.pdf,index:clerk_bulk; ocr_agree; filing=500029714
2025-02-16,2025-02-24,Katherine Sears,"Staff (office of Kiggans, Jennifer)",House,Republican,VA-02,American Israel Education Foundation (AIEF),Israel,18741.34,transport=10523.02; lodging=2445.11; meals=1366.47; other=4406.74; accompanying_family=N/A,https://disclosures-clerk.house.gov/gtimages/ST/2025/500029704.pdf,index:clerk_bulk; ocr_agree; filing=500029704
2025-02-16,2025-02-24,Kelsey Greenwald,"Staff (office of Burchett, Timothy)",House,Republican,TN-02,American Israel Education Foundation (AIEF),Israel,20925.06,transport=12706.74; lodging=2445.11; meals=1366.47; other=4406.74; accompanying_family=N/A,https://disclosures-clerk.house.gov/gtimages/ST/2025/500029721.pdf,index:clerk_bulk; ocr_agree; filing=500029721
2025-02-16,2025-02-24,Patrick Mocete,"Staff (office of Kim, Young)",House,Republican,CA-40,American Israel Education Foundation (AIEF),Israel,18741.34,transport=10523.02; lodging=2445.11; meals=1366.47; other=4406.74; accompanying_family=N/A,https://disclosures-clerk.house.gov/gtimages/ST/2025/500029693.pdf,index:clerk_bulk; ocr_agree; filing=500029693
2025-02-16,2025-02-24,Reginald Harris,"Staff (office of Landsman, Greg)",House,Democrat,OH-01,American Israel Education Foundation (AIEF),Israel,20838.76,transport=12620.44; lodging=2445.11; meals=1366.47; other=4406.74; accompanying_family=N/A,https://disclosures-clerk.house.gov/gtimages/ST/2025/500029688.pdf,index:clerk_bulk; ocr_agree; filing=500029688
2025-03-17,2025-03-21,Cabelle St John,"Staff (office of Fetterman, John)",Senate,Democrat,PA,Relief Resources,"Tel Aviv, Israel; Jerusalem, Israel",18650.02,transport=13025.37; lodging=1430.00; meals=575.80; other=3618.85,https://giftrule-disclosure.senate.gov/media/2025/0pZgGxrUu07yneDrWMSQ.pdf,index:senate_giftrule_db; visual_read; filings=0pZgGxrUu07yneDrWMSQ
2025-03-17,2025-03-21,John Fetterman,Senator,Senate,Democrat,PA,Relief Resources,Israel (destination field not read; Israel referenced in filing text),36757.24,transport=26937.94; lodging=1430.00; meals=1151.60; other=7237.70; RE-3; accompanying spouse listed; form does not state whether amounts include spouse,https://giftrule-disclosure.senate.gov/media/2025/wV3aWchhkOFWnxdAAaEw.pdf,index:senate_giftrule_db; visual_read; filings=wV3aWchhkOFWnxdAAaEw
2025-04-20,2025-04-25,Bernie Moreno,Senator,Senate,Republican,OH,American Israel Education Foundation (AIEF),"Jerusalem, Golan Heights, Herzliya, Israel",38264.12,transport=21040.90; lodging=1563.00; meals=1900.22; other=13760.00; RE-3; accompanying spouse listed; form does not state whether amounts include spouse,https://giftrule-disclosure.senate.gov/media/2025/3lfHR4qcUUWnD9xLbHRYag.pdf,index:senate_giftrule_db; visual_read; filings=3lfHR4qcUUWnD9xLbHRYag
2025-04-20,2025-04-25,Philip Letsou,"Staff (office of Moreno, Bernie)",Senate,Republican,OH,American Israel Education Foundation (AIEF),"Jerusalem, Israel; Golan Heights, Israel; Herzliya, Israel",19762.56,transport=10467.45; lodging=1465.00; meals=950.11; other=6880.00,https://giftrule-disclosure.senate.gov/media/2025/ySqyuQ8JHUqVQJEe7w296w.pdf,index:senate_giftrule_db; visual_read; filings=ySqyuQ8JHUqVQJEe7w296w
2025-05-23,2025-05-30,Emily Crerand,"Staff (office of Salinas, Andrea)",House,Democrat,OR-06,J Street Education Fund,Israel,,transport=3990.00; lodging=1905.00; meals=900.00; other=not_on_form_page; known_subtotal=6795.00; other=See Attached,https://disclosures-clerk.house.gov/gtimages/ST/2025/500031197.pdf,index:clerk_bulk; visual_read+incomplete; filing=500031197
2025-05-23,2025-05-30,Jeremy Tittle,"Staff (office of Carbajal, Salud)",House,Democrat,CA-24,J Street Education Fund,Israel,,transport=3498.00; lodging=1905.00; meals=900.00; other=not_on_form_page; known_subtotal=6303.00; other=See Attached,https://disclosures-clerk.house.gov/gtimages/ST/2025/500031292.pdf,index:clerk_bulk; visual_read+incomplete; filing=500031292
2025-05-23,2025-05-30,Katharine Durkin,"Staff (office of Schakowsky, Janice)",House,Democrat,IL-09,J Street Education Fund,Israel,,transport=2600.00; lodging=1905.00; meals=900.00; other=not_on_form_page; known_subtotal=5405.00; other=See Attached,https://disclosures-clerk.house.gov/gtimages/ST/2025/500031224.pdf,index:clerk_bulk; visual_read+incomplete; filing=500031224
2025-05-23,2025-06-04,Katherine Kenworthy,"Staff (office of Mullin, Kevin)",House,Democrat,CA-15,J Street Education Fund,Israel,,transport=3990.00; lodging=1905.00; meals=900.00; other=not_on_form_page; known_subtotal=6795.00; other=See Attached,https://disclosures-clerk.house.gov/gtimages/ST/2025/500031225.pdf,index:clerk_bulk; visual_read+incomplete; filing=500031225
2025-05-23,2025-05-30,Kimberly Espinosa,"Staff (office of Stansbury, Melanie)",House,Democrat,NM-01,J Street Education Fund,Israel,,transport=3990.00; lodging=1905.00; meals=900.00; other=not_on_form_page; known_subtotal=6795.00; other=See Attached,https://disclosures-clerk.house.gov/gtimages/ST/2025/500031341.pdf,index:clerk_bulk; visual_read+incomplete; filing=500031341
2025-05-23,2025-05-30,Megan Hondl,"Staff (office of Morrison, Kelly)",House,Democrat,MN-03,J Street Education Fund,Israel,,transport=4280.00; lodging=1905.00; meals=900.00; other=not_on_form_page; known_subtotal=7085.00; other=See Attached,https://disclosures-clerk.house.gov/gtimages/ST/2025/500031279.pdf,index:clerk_bulk; visual_read+incomplete; filing=500031279
2025-05-23,2025-05-30,Megan Ruane,"Staff (office of Dean, Madeleine)",House,Democrat,PA-04,J Street Education Fund,Israel,,transport=3990.00; lodging=1905.00; meals=900.00; other=not_on_form_page; known_subtotal=6795.00; other=See Attached; appears to duplicate 500031295,https://disclosures-clerk.house.gov/gtimages/ST/2025/500031434.pdf,index:clerk_bulk; visual_read+incomplete; filings=500031295+500031434
2025-05-23,2025-05-30,Nathan Schelble,"Staff (office of Leger Fernandez, Teresa)",House,Democrat,NM-03,J Street Education Fund,Israel,,transport=3990.00; lodging=1905.00; meals=900.00; other=not_on_form_page; known_subtotal=6795.00; other=See Attached,https://disclosures-clerk.house.gov/gtimages/ST/2025/500031282.pdf,index:clerk_bulk; visual_read+incomplete; filing=500031282
2025-05-23,2025-05-30,Rachael Bornstein,"Staff (office of Bonamici, Suzanne)",House,Democrat,OR-01,J Street Education Fund,Israel,,transport=4272.00; lodging=1905.00; meals=900.00; other=not_on_form_page; known_subtotal=7077.00; other=See Attached,https://disclosures-clerk.house.gov/gtimages/ST/2025/500031205.pdf,index:clerk_bulk; visual_read+incomplete; filing=500031205
2025-05-23,2025-05-30,Sean Naron,"Staff (office of Olszewski, Johnny)",House,Democrat,MD-02,J Street Education Fund,Israel,,transport=3990.00; lodging=1905.00; meals=900.00; other=not_on_form_page; known_subtotal=6795.00; other=See Attached,https://disclosures-clerk.house.gov/gtimages/ST/2025/500031232.pdf,index:clerk_bulk; visual_read+incomplete; filing=500031232
2025-05-23,2025-05-30,Wendy Clerinx,"Staff (office of Tokuda, Jill)",House,Democrat,HI-02,J Street Education Fund,Israel,,transport=3990.00; lodging=1905.00; meals=900.00; other=not_on_form_page; known_subtotal=6795.00; other=See Attached,https://disclosures-clerk.house.gov/gtimages/ST/2025/500031235.pdf,index:clerk_bulk; visual_read+incomplete; filing=500031235
2025-05-23,2025-06-02,Darian Harbeck,"Staff (office of Tonko, Paul)",House,Democrat,NY-20,Rebuilding Alliance,"Israel, Jordan",8650.00,transport=4550.00; lodging=980.00; meals=486.00; other=2634.00; appears to duplicate 500031291,https://disclosures-clerk.house.gov/gtimages/ST/2025/500031324.pdf,index:clerk_bulk; visual_read; filings=500031291+500031324
2025-05-23,2025-05-30,Carly Vandegrift,"Staff (office of Merkley, Jeff)",Senate,Democrat,OR,J Street Education Fund,"Tel Aviv, Israel; Jerusalem, Israel",6879.00,transport=3046.00; lodging=1905.00; meals=1028.00; other=900.00,https://giftrule-disclosure.senate.gov/media/2025/joRQ8nR2OEyieoApdpz4A.pdf,index:senate_giftrule_db; visual_read; filings=joRQ8nR2OEyieoApdpz4A
2025-05-24,2025-05-31,Andrew Clyde,Member,House,Republican,GA-09,12Tribe Films Foundation,Israel,7697.00,"transport=4982.00; lodging=1800.00; meals=715.00; other=200.00; accompanying_family=6045.00,420.00,715.00,200.00",https://disclosures-clerk.house.gov/gtimages/MT/2025/500031212.pdf,index:clerk_bulk; ocr_agree; filing=500031212
2025-05-24,2025-06-01,Alice Johnson,"Staff (office of Scott, Austin)",House,Republican,GA-08,American Israel Education Foundation (AIEF),Israel,18179.25,transport=9923.88; lodging=2347.03; meals=1447.25; other=4461.09; accompanying_family=N/A,https://disclosures-clerk.house.gov/gtimages/ST/2025/500031255.pdf,index:clerk_bulk; ocr_agree; filing=500031255
2025-05-24,2025-06-01,Andrew David,"Staff (office of Higgins, Clay)",House,Republican,LA-03,American Israel Education Foundation (AIEF),Israel,20537.24,transport=12281.87; lodging=2347.03; meals=1447.25; other=4461.09; accompanying_family=N/A,https://disclosures-clerk.house.gov/gtimages/ST/2025/500031213.pdf,index:clerk_bulk; ocr_agree; filing=500031213
2025-05-24,2025-06-01,Andrew Renteria,"Staff (office of Valadao, David)",House,Republican,CA-22,American Israel Education Foundation (AIEF),Israel,17691.24,transport=9435.87; lodging=2347.03; meals=1447.25; other=4461.09; accompanying_family=N/A,https://disclosures-clerk.house.gov/gtimages/ST/2025/500031214.pdf,index:clerk_bulk; ocr_agree; filing=500031214
2025-05-24,2025-06-01,Bryan Wheat,"Staff (office of Maloy, Celeste)",House,Republican,UT-02,American Israel Education Foundation (AIEF),Israel,17691.24,transport=9435.87; lodging=2347.03; meals=1447.25; other=4461.09; accompanying_family=N/A,https://disclosures-clerk.house.gov/gtimages/ST/2025/500031260.pdf,index:clerk_bulk; ocr_agree; filing=500031260
2025-05-24,2025-06-01,Charles Truxal,"Staff (office of Cammack, Kat)",House,Republican,FL-03,American Israel Education Foundation (AIEF),Israel,18497.77,transport=10242.40; lodging=2347.03; meals=1447.25; other=4461.09; accompanying_family=N/A,https://disclosures-clerk.house.gov/gtimages/ST/2025/500031265.pdf,index:clerk_bulk; ocr_agree; filing=500031265
2025-05-24,2025-06-01,Ella Sullins,"Staff (office of Strong, Dale)",House,Republican,AL-05,American Israel Education Foundation (AIEF),Israel,17691.24,transport=9435.87; lodging=2347.03; meals=1447.25; other=4461.09; accompanying_family=N/A,https://disclosures-clerk.house.gov/gtimages/ST/2025/500031240.pdf,index:clerk_bulk; ocr_agree; filing=500031240
2025-05-24,2025-06-01,Jason Fischer,"Staff (office of Fine, Randy)",House,Republican,FL-06,American Israel Education Foundation (AIEF),Israel,19000.26,transport=10744.89; lodging=2347.03; meals=1447.25; other=4461.09; accompanying_family=N/A,https://disclosures-clerk.house.gov/gtimages/ST/2025/500031396.pdf,index:clerk_bulk; ocr_agree; filing=500031396
2025-05-24,2025-06-01,Jeffrey Bishop,"Staff (office of Shreve, Jefferson)",House,Republican,IN-06,American Israel Education Foundation (AIEF),Israel,17820.24,transport=9564.87; lodging=2347.03; meals=1447.25; other=4461.09; accompanying_family=N/A,https://disclosures-clerk.house.gov/gtimages/ST/2025/500031218.pdf,index:clerk_bulk; ocr_agree; filing=500031218
2025-05-24,2025-06-01,Karen Kelly,"Staff (office of Rogers, Harold)",House,Republican,KY-05,American Israel Education Foundation (AIEF),Israel,19109.25,transport=10853.88; lodging=2347.03; meals=1447.25; other=4461.09; accompanying_family=N/A,https://disclosures-clerk.house.gov/gtimages/ST/2025/500031273.pdf,index:clerk_bulk; ocr_agree; filing=500031273
2025-05-24,2025-06-01,Laura Engquist,"Staff (office of Balderson, Troy)",House,Republican,OH-12,American Israel Education Foundation (AIEF),Israel,17691.24,transport=9435.87; lodging=2347.03; meals=1447.25; other=4461.09; accompanying_family=N/A,https://disclosures-clerk.house.gov/gtimages/ST/2025/500031245.pdf,index:clerk_bulk; ocr_agree; filing=500031245
2025-05-24,2025-06-01,Lauren Muglia,"Staff (office of Perry, Scott)",House,Republican,PA-10,American Israel Education Foundation (AIEF),Israel,21712.83,transport=13457.46; lodging=2347.03; meals=1447.25; other=4461.09; accompanying_family=N/A,https://disclosures-clerk.house.gov/gtimages/ST/2025/500031275.pdf,index:clerk_bulk; ocr_agree; filing=500031275
2025-05-24,2025-06-01,Nicole Wallace,"Staff (office of Simpson, Michael)",House,Republican,ID-02,American Israel Education Foundation (AIEF),Israel,19943.65,transport=11688.28; lodging=2347.03; meals=1447.25; other=4461.09; accompanying_family=N/A,https://disclosures-clerk.house.gov/gtimages/ST/2025/500031230.pdf,index:clerk_bulk; ocr_agree; filing=500031230
2025-05-25,2025-05-31,Marlin Stutzman,Member,House,Republican,IN-03,12Tribe Films Foundation,Israel,6910.00,"transport=4445.00; lodging=1550.00; meals=715.00; other=200.00; accompanying_family=4820.00,300.00,715.00,200.00",https://disclosures-clerk.house.gov/gtimages/MT/2025/500031452.pdf,index:clerk_bulk; ocr_agree; filings=500031447+500031452
2025-06-11,2025-06-20,Krystina Skurk,"Staff (office of Green, Mark)",House,Republican,TN-07,Foundation for Defense of Democracies (FDD),Israel,13268.27,transport=10116.32; lodging=2321.65; meals=634.12; other=196.18,https://disclosures-clerk.house.gov/gtimages/ST/2026/500033367.pdf,index:clerk_bulk; ocr_agree; filing=500033367
2025-06-11,2025-06-20,Pieter Van Wingerden,"Staff (office of Moolenaar, John)",House,Republican,MI-02,Foundation for Defense of Democracies (FDD),Israel,13679.51,transport=10143.95; lodging=2656.65; meals=682.73; other=196.18,https://disclosures-clerk.house.gov/gtimages/ST/2025/500031414.pdf,index:clerk_bulk; ocr_agree; filing=500031414
2025-06-12,2025-06-13,Arden Hooper,"Staff (office of Cruz, Ted)",Senate,Republican,TX,Foundation for Defense of Democracies (FDD),"Israel (planned; traveler's flight diverted to Rome after Israeli strike on Iran, per filing)",2760.51,transport=2760.51; lodging=0.00; meals=0.00; other=0.00; trip to Israel not completed per attached statement; only transport reimbursed,https://giftrule-disclosure.senate.gov/media/2025/pP7n032uk0ejOKdfibmWSg.pdf,index:senate_giftrule_db; visual_read; filings=pP7n032uk0ejOKdfibmWSg
2025-06-13,2025-06-22,Bradley Schneider,"Staff (office of Schneider, Brad)",House,Democrat,IL-10,Atlantic Council of the United States,"Saudi Arabia, Bahrain, United Arab Emirates, Israel",19453.99,transport=16151.07; lodging=1412.39; meals=475.01; other=1415.52,https://disclosures-clerk.house.gov/gtimages/ST/2025/500031344.pdf,index:clerk_bulk; ocr_agree; filing=500031344
2025-06-13,2025-06-20,Don Bacon,Member,House,Republican,NE-02,Atlantic Council of the United States,"Saudi Arabia, Bahrain, United Arab Emirates, Israel",19333.99,transport=16031.07; lodging=1412.39; meals=475.01; other=1415.52,https://disclosures-clerk.house.gov/gtimages/MT/2025/500031364.pdf,index:clerk_bulk; ocr_agree; filing=500031364
2025-06-13,2025-06-20,Gil Thompson,"Staff (office of Schneider, Brad)",House,Democrat,IL-10,Atlantic Council of the United States,"Saudi Arabia, Bahrain, United Arab Emirates, Israel",8664.89,transport=5361.97; lodging=1412.39; meals=475.01; other=1415.52,https://disclosures-clerk.house.gov/gtimages/ST/2025/500031383.pdf,index:clerk_bulk; ocr_agree; filing=500031383
2025-06-13,2025-06-20,Jacqueline Bossman,"Staff (office of Nunn, Zach)",House,Republican,IA-03,Atlantic Council of the United States,"Saudi Arabia, Bahrain, United Arab Emirates, Israel",7183.66,transport=3880.74; lodging=1412.39; meals=475.01; other=1415.52,https://disclosures-clerk.house.gov/gtimages/ST/2025/500031345.pdf,index:clerk_bulk; visual_read; filing=500031345
2025-06-13,2025-06-20,Jimmy Panetta,Member,House,Democrat,CA-19,Atlantic Council of the United States,"Saudi Arabia, Bahrain, United Arab Emirates, Israel",37886.92,transport=34584.00; lodging=1412.39; meals=475.01; other=1415.52,https://disclosures-clerk.house.gov/gtimages/MT/2025/500031352.pdf,index:clerk_bulk; ocr_agree; filing=500031352
2025-06-13,2025-06-20,Zachary Nunn,Member,House,Republican,IA-03,Atlantic Council of the United States,"Saudi Arabia, Bahrain, United Arab Emirates, Israel",20505.26,transport=17202.34; lodging=1412.39; meals=475.01; other=1415.52,https://disclosures-clerk.house.gov/gtimages/MT/2025/500031346.pdf,index:clerk_bulk; ocr_agree; filing=500031346
2025-08-01,2025-08-10,Claudia Tenney,Member,House,Republican,NY-24,U.S. Israel Education Association (USIEA),Israel,30549.38,transport=17912.90; lodging=2897.00; meals=1785.00; other=7954.48,https://disclosures-clerk.house.gov/gtimages/MT/2025/500031649.pdf,index:clerk_bulk; ocr_agree; filing=500031649
2025-08-01,2025-08-06,Jacqueline Russell,"Staff (office of Johnson, Mike)",House,Republican,LA-04,U.S. Israel Education Association (USIEA),Israel,9256.51,transport=3930.10; lodging=1460.00; meals=875.00; other=2991.41,https://disclosures-clerk.house.gov/gtimages/ST/2025/500033023.pdf,index:clerk_bulk; ocr_agree; filing=500033023
2025-08-01,2025-08-10,Mark Longoria,"Staff (office of Cloud, Michael)",House,Republican,TX-27,U.S. Israel Education Association (USIEA),Israel,25477.00,transport=16502.07; lodging=2355.00; meals=1320.00; other=5299.93,https://disclosures-clerk.house.gov/gtimages/ST/2025/500031794.pdf,index:clerk_bulk; ocr_agree; filing=500031794
2025-08-01,2025-08-10,Michael Cloud,Member,House,Republican,TX-27,U.S. Israel Education Association (USIEA),Israel,29570.48,"transport=16847.00; lodging=2984.00; meals=1785.00; other=7954.48; accompanying_family=0.00,1785.00,7954.28",https://disclosures-clerk.house.gov/gtimages/MT/2025/500031800.pdf,index:clerk_bulk; ocr_agree; filing=500031800
2025-08-01,2025-08-06,Mike Johnson,Member,House,Republican,LA-04,U.S. Israel Education Association (USIEA),Israel,10892.51,"transport=5506.10; lodging=1520.00; meals=875.00; other=2991.41; accompanying_family=5506.10,0.00,875.00,2991.41",https://disclosures-clerk.house.gov/gtimages/MT/2025/500031801.pdf,index:clerk_bulk; ocr_agree; filing=500031801
2025-08-01,2025-08-10,Nathaniel Moran,Member,House,Republican,TX-01,U.S. Israel Education Association (USIEA),Israel,30826.38,"transport=18102.90; lodging=2984.00; meals=1785.00; other=7954.48; accompanying_family=18102.90,0.00,1785.00,7954.28",https://disclosures-clerk.house.gov/gtimages/MT/2025/500031805.pdf,index:clerk_bulk; ocr_agree; filing=500031805
2025-08-01,2025-08-06,William Johnson,"Staff (office of Johnson, Mike)",House,Republican,LA-04,U.S. Israel Education Association (USIEA),Israel,15891.16,"transport=9567.66; lodging=1515.00; meals=1508.12; other=3300.38; accompanying_family=9567.66,1515.00,1508.12,3300.38",https://disclosures-clerk.house.gov/gtimages/ST/2025/500031837.pdf,index:clerk_bulk; ocr_agree; filing=500031837
2025-08-03,2025-08-11,Abraham Hamadeh,Member,House,Republican,AZ-08,American Israel Education Foundation (AIEF),Israel,15303.56,"transport=7466.70; lodging=3028.36; meals=1508.12; other=3300.38; accompanying_family=10477.29,3028.36,1508.12,3300.38",https://disclosures-clerk.house.gov/gtimages/MT/2025/500031735.pdf,index:clerk_bulk; ocr_agree; filing=500031735
2025-08-03,2025-08-11,Bob Onder,Member,House,Republican,MO-03,American Israel Education Foundation (AIEF),Israel,17009.58,"transport=10571.18; lodging=1629.90; meals=1508.12; other=3300.38; accompanying_family=10571.18,1629.90,1508.12,3300.38",https://disclosures-clerk.house.gov/gtimages/MT/2025/500031742.pdf,index:clerk_bulk; ocr_agree; filing=500031742
2025-08-03,2025-08-10,Brandon Gill,Member,House,Republican,TX-26,American Israel Education Foundation (AIEF),Israel,17296.99,transport=10019.18; lodging=2814.68; meals=1162.75; other=3300.38; accompanying_family=N/A,https://disclosures-clerk.house.gov/gtimages/MT/2025/500031744.pdf,index:clerk_bulk; ocr_agree; filing=500031744
2025-08-03,2025-08-11,Brian Jack,Member,House,Republican,GA-03,American Israel Education Foundation (AIEF),Israel,18807.84,transport=11184.66; lodging=2814.68; meals=1508.12; other=3300.38; accompanying family 11151.66/2814.68/1508.12/3300.38,https://disclosures-clerk.house.gov/gtimages/MT/2025/500031838.pdf,index:clerk_bulk; visual_read; filing=500031838
2025-08-03,2025-08-11,Craig Goldman,Member,House,Republican,TX-12,American Israel Education Foundation (AIEF),Israel,17410.87,transport=9787.69; lodging=2814.68; meals=1508.12; other=3300.38; accompanying_family=N/A,https://disclosures-clerk.house.gov/gtimages/MT/2025/500031749.pdf,index:clerk_bulk; ocr_agree; filing=500031749
2025-08-03,2025-08-11,Dennis Nalls,"Staff (office of Emmer, Thomas)",House,Republican,MN-06,American Israel Education Foundation (AIEF),Israel,17447.63,transport=9398.65; lodging=3240.48; meals=1508.12; other=3300.38; accompanying_family=N/A,https://disclosures-clerk.house.gov/gtimages/ST/2025/500033226.pdf,index:clerk_bulk; ocr_agree; filings=500032870+500033226
2025-08-03,2025-08-11,Derek Schmidt,Member,House,Republican,KS-02,American Israel Education Foundation (AIEF),Israel,15269.16,"transport=8945.66; lodging=1515.00; meals=1508.12; other=3300.38; accompanying_family=8.00,1515.00,1508.12,3300.38",https://disclosures-clerk.house.gov/gtimages/MT/2025/500031752.pdf,index:clerk_bulk; ocr_agree; filing=500031752
2025-08-03,2025-08-11,Guy Reschenthaler,Member,House,Republican,PA-14,American Israel Education Foundation (AIEF),Israel,17054.76,"transport=8774.66; lodging=3471.60; meals=1508.12; other=3300.38; accompanying_family=8774.66,3471.60,1508.12,3300.38",https://disclosures-clerk.house.gov/gtimages/MT/2025/500031766.pdf,index:clerk_bulk; ocr_agree; filing=500031766
2025-08-03,2025-08-11,Harriet Hageman,Member,House,Republican,WY-00,American Israel Education Foundation (AIEF),Israel,14900.16,"transport=8576.66; lodging=1515.00; meals=1508.12; other=3300.38; accompanying_family=1515.00,1508.12,3300.38",https://disclosures-clerk.house.gov/gtimages/MT/2025/500031771.pdf,index:clerk_bulk; ocr_agree; filing=500031771
2025-08-03,2025-08-11,Ian Foley,"Staff (office of Emmer, Thomas)",House,Republican,MN-06,American Israel Education Foundation (AIEF),Israel,16447.63,transport=8398.65; lodging=3240.48; meals=1508.12; other=3300.38; accompanying_family=N/A,https://disclosures-clerk.house.gov/gtimages/ST/2025/500032981.pdf,index:clerk_bulk; ocr_agree; filing=500032981
2025-08-03,2025-08-11,Jeff Hurd,Member,House,Republican,CO-03,American Israel Education Foundation (AIEF),Israel,15221.72,"transport=8795.35; lodging=1617.87; meals=1508.12; other=3300.38; accompanying_family=10314.05,1617.87,1508.12,3300.38",https://disclosures-clerk.house.gov/gtimages/MT/2025/500032890.pdf,index:clerk_bulk; ocr_agree; filing=500032890
2025-08-03,2025-08-11,Jefferson Shreve,Member,House,Republican,IN-06,American Israel Education Foundation (AIEF),Israel,18509.06,"transport=12070.66; lodging=1629.90; meals=1508.12; other=3300.38; accompanying_family=11800.66,1629.90,1508.12,3300.38",https://disclosures-clerk.house.gov/gtimages/MT/2025/500031774.pdf,index:clerk_bulk; ocr_agree; filing=500031774
2025-08-03,2025-08-11,John McGuire,Member,House,Republican,VA-05,American Israel Education Foundation (AIEF),Israel,15891.16,"transport=9567.66; lodging=1515.00; meals=1508.12; other=3300.38; accompanying_family=9567.66,1515.00,1508.12,3300.38",https://disclosures-clerk.house.gov/gtimages/MT/2025/500031778.pdf,index:clerk_bulk; ocr_agree; filing=500031778
2025-08-03,2025-08-11,Josh Brecheen,Member,House,Republican,OK-02,American Israel Education Foundation (AIEF),Israel,17649.83,"transport=10026.65; lodging=2814.68; meals=1508.12; other=3300.38; accompanying_family=10026.65,2814.68,1508.12,3300.38",https://disclosures-clerk.house.gov/gtimages/MT/2025/500031780.pdf,index:clerk_bulk; ocr_agree; filing=500031780
2025-08-03,2025-08-11,Julie Fedorchak,Member,House,Republican,ND-00,American Israel Education Foundation (AIEF),Israel,19106.56,"transport=12783.06; lodging=1515.00; meals=1508.12; other=3300.38; accompanying_family=12783.06,1515.00,1508.12,3300.38",https://disclosures-clerk.house.gov/gtimages/MT/2025/500031782.pdf,index:clerk_bulk; ocr_agree; filing=500031782
2025-08-03,2025-08-11,Mark Harris,Member,House,Republican,NC-08,American Israel Education Foundation (AIEF),Israel,17183.06,"transport=10744.66; lodging=1629.90; meals=1508.12; other=3300.38; accompanying_family=40744.66,1629.90,1508.12,3300.38",https://disclosures-clerk.house.gov/gtimages/MT/2025/500031793.pdf,index:clerk_bulk; ocr_agree; filing=500031793
2025-08-03,2025-08-11,Marlin Stutzman,Member,House,Republican,IN-03,American Israel Education Foundation (AIEF),Israel,15307.77,"transport=8869.37; lodging=1629.90; meals=1508.12; other=3300.38; accompanying_family=8869.37,1629.90,1508.12,3300.38",https://disclosures-clerk.house.gov/gtimages/MT/2025/500031795.pdf,index:clerk_bulk; ocr_agree; filing=500031795
2025-08-03,2025-08-11,Michael Baumgartner,Member,House,Republican,WA-05,American Israel Education Foundation (AIEF),Israel,18119.83,transport=10496.65; lodging=2814.68; meals=1508.12; other=3300.38,https://disclosures-clerk.house.gov/gtimages/MT/2025/500031799.pdf,index:clerk_bulk; visual_read; filing=500031799
2025-08-03,2025-08-11,Randy Fine,Member,House,Republican,FL-06,American Israel Education Foundation (AIEF),Israel,18598.75,transport=10549.77; lodging=3240.48; meals=1508.12; other=3300.38; accompanying_family=N/A,https://disclosures-clerk.house.gov/gtimages/MT/2025/500031811.pdf,index:clerk_bulk; ocr_agree; filing=500031811
2025-08-03,2025-08-11,Robert Boland,"Staff (office of Emmer, Thomas)",House,Republican,MN-06,American Israel Education Foundation (AIEF),Israel,17447.63,transport=9398.65; lodging=3240.48; meals=1508.12; other=3300.38; accompanying_family=N/A,https://disclosures-clerk.house.gov/gtimages/ST/2025/500031814.pdf,index:clerk_bulk; ocr_agree; filing=500031814
2025-08-03,2025-08-11,Shelbie Rogers,"Staff (office of Emmer, Thomas)",House,Republican,MN-06,American Israel Education Foundation (AIEF),Israel,16297.63,transport=8248.65; lodging=3240.48; meals=1508.12; other=3300.38; accompanying_family=N/A,https://disclosures-clerk.house.gov/gtimages/ST/2025/500031823.pdf,index:clerk_bulk; ocr_agree; filing=500031823
2025-08-03,2025-08-03,"Tom Emmer, Jr.",Member,House,Republican,MN-06,American Israel Education Foundation (AIEF),Israel,15460.69,"transport=8907.69; lodging=1744.50; meals=1508.12; other=3300.38; accompanying_family=8907.69,1744.50,1508.12,3300.38",https://disclosures-clerk.house.gov/gtimages/MT/2025/500031829.pdf,index:clerk_bulk; ocr_agree; filing=500031829
2025-08-03,2025-08-11,Tony Wied,Member,House,Republican,WI-08,American Israel Education Foundation (AIEF),Israel,17433.05,"transport=10994.65; lodging=1629.90; meals=1508.12; other=3300.38; accompanying_family=10994.65,1629.90,1508.12,3300.38",https://disclosures-clerk.house.gov/gtimages/MT/2025/500031830.pdf,index:clerk_bulk; ocr_agree; filing=500031830
2025-08-03,2025-08-11,Troy Downing,Member,House,Republican,MT-02,American Israel Education Foundation (AIEF),Israel,15014.15,"transport=8690.65; lodging=1515.00; meals=1508.12; other=3300.38; accompanying_family=8690.65,1515.00,1508.12,3300.38",https://disclosures-clerk.house.gov/gtimages/MT/2025/500031833.pdf,index:clerk_bulk; ocr_agree; filing=500031833
2025-08-06,2025-08-14,Boris Medzhibovsky,"Staff (office of Aguilar, Peter)",House,Democrat,CA-33,American Israel Education Foundation (AIEF),Israel,19277.99,transport=9906.94; lodging=2641.01; meals=1724.40; other=5005.64; accompanying_family=N/A,https://disclosures-clerk.house.gov/gtimages/ST/2025/500031852.pdf,index:clerk_bulk; ocr_agree; filing=500031852
2025-08-06,2025-08-14,Bradley Schneider,Member,House,Democrat,IL-10,American Israel Education Foundation (AIEF),Israel,16019.02,"transport=6647.97; lodging=2641.01; meals=1724.40; other=5005.64; accompanying_family=6813.96,2641.01,1724.40,5005.64",https://disclosures-clerk.house.gov/gtimages/MT/2025/500031743.pdf,index:clerk_bulk; ocr_agree; filing=500031743
2025-08-06,2025-08-14,George Latimer,Member,House,Democrat,NY-16,American Israel Education Foundation (AIEF),Israel,19298.34,transport=9727.59; lodging=2840.71; meals=1724.40; other=5005.64; accompanying_family=N/A,https://disclosures-clerk.house.gov/gtimages/MT/2025/500031762.pdf,index:clerk_bulk; ocr_agree; filing=500031762
2025-08-06,2025-08-14,"Gilbert Ray Cisneros, Jr.",Member,House,Democrat,CA-31,American Israel Education Foundation (AIEF),Israel,16019.02,"transport=6647.97; lodging=2641.01; meals=1724.40; other=5005.64; accompanying_family=410107.97,2641.01,1724.40,5005.64",https://disclosures-clerk.house.gov/gtimages/MT/2025/500032879.pdf,index:clerk_bulk; ocr_agree; filing=500032879
2025-08-06,2025-08-14,Greg Landsman,Member,House,Democrat,OH-01,American Israel Education Foundation (AIEF),Israel,20340.99,transport=10969.94; lodging=2641.01; meals=1724.40; other=5005.64; accompanying_family=N/A,https://disclosures-clerk.house.gov/gtimages/MT/2025/500031765.pdf,index:clerk_bulk; ocr_agree; filing=500031765
2025-08-06,2025-08-14,Hadar Arazi,"Staff (office of Aguilar, Peter)",House,Democrat,CA-33,American Israel Education Foundation (AIEF),Israel,18383.69,transport=8812.94; lodging=2840.71; meals=1724.40; other=5005.64; accompanying_family=N/A,https://disclosures-clerk.house.gov/gtimages/ST/2025/500031768.pdf,index:clerk_bulk; ocr_agree; filing=500031768
2025-08-06,2025-08-08,Jacqueline Russell,"Staff (office of Johnson, Mike)",House,Republican,LA-04,American Israel Education Foundation (AIEF),Israel,10035.95,transport=5706.18; lodging=766.92; meals=262.47; other=3300.38; accompanying_family=N/A,https://disclosures-clerk.house.gov/gtimages/ST/2025/500033024.pdf,index:clerk_bulk; ocr_agree; filing=500033024
2025-08-06,2025-08-14,Johnny Olszewski,Member,House,Democrat,MD-02,American Israel Education Foundation (AIEF),Israel,18796.08,"transport=9425.03; lodging=2641.01; meals=1724.40; other=5005.64; accompanying_family=9425.03,2641.01,1724.40,5005.64",https://disclosures-clerk.house.gov/gtimages/MT/2025/500031779.pdf,index:clerk_bulk; ocr_agree; filing=500031779
2025-08-06,2025-08-12,Josh Riley,Member,House,Democrat,NY-19,American Israel Education Foundation (AIEF),Israel,19836.83,transport=11351.90; lodging=1994.77; meals=1484.52; other=5005.64; accompanying_family=N/A,https://disclosures-clerk.house.gov/gtimages/MT/2025/500032895.pdf,index:clerk_bulk; ocr_agree; filing=500032895
2025-08-06,2025-08-14,Laura Gillen,Member,House,Democrat,NY-04,American Israel Education Foundation (AIEF),Israel,15397.99,"transport=7245.97; lodging=1421.98; meals=1724.40; other=5005.64; accompanying_family=7245.97,1421.98,1724.40,5005.64",https://disclosures-clerk.house.gov/gtimages/MT/2025/500031789.pdf,index:clerk_bulk; ocr_agree; filing=500031789
2025-08-06,2025-08-14,Luz Rivas,Member,House,Democrat,CA-29,American Israel Education Foundation (AIEF),Israel,16218.72,transport=6647.97; lodging=2840.71; meals=1724.40; other=5005.64; accompanying_family=N/A,https://disclosures-clerk.house.gov/gtimages/MT/2025/500031791.pdf,index:clerk_bulk; ocr_agree; filing=500031791
2025-08-06,2025-08-14,Manya-Jean Gitter,"Staff (office of Hoyer, Steny)",House,Democrat,MD-05,American Israel Education Foundation (AIEF),Israel,17505.32,transport=7940.57; lodging=2834.71; meals=1724.40; other=5005.64; accompanying_family=N/A,https://disclosures-clerk.house.gov/gtimages/ST/2025/500032920.pdf,index:clerk_bulk; ocr_agree; filing=500032920
2025-08-06,2025-08-06,Margaret Mulkerrin,"Staff (office of Jeffries, Hakeem)",House,Democrat,NY-08,American Israel Education Foundation (AIEF),Israel,17760.32,transport=8190.57; lodging=2839.71; meals=1724.40; other=5005.64; accompanying_family=N/A,https://disclosures-clerk.house.gov/gtimages/ST/2025/500032921.pdf,index:clerk_bulk; ocr_agree; filing=500032921
2025-08-06,2025-08-08,Mike Johnson,Member,House,Republican,LA-04,American Israel Education Foundation (AIEF),Israel,9679.24,"transport=5706.18; lodging=410.21; meals=262.47; other=3300.38; accompanying_family=5706.18,410.21,262.47,3300.38",https://disclosures-clerk.house.gov/gtimages/MT/2025/500032930.pdf,index:clerk_bulk; ocr_agree; filing=500032930
2025-08-06,2025-08-14,Nellie Pou,Member,House,Democrat,NJ-09,American Israel Education Foundation (AIEF),Israel,19377.02,transport=10005.97; lodging=2641.01; meals=1724.40; other=5005.64; accompanying_family=N/A,https://disclosures-clerk.house.gov/gtimages/MT/2025/500031806.pdf,index:clerk_bulk; ocr_agree; filing=500031806
2025-08-06,2025-08-14,Pete Aguilar,Member,House,Democrat,CA-33,American Israel Education Foundation (AIEF),Israel,17399.99,"transport=9247.97; lodging=1421.98; meals=1724.40; other=5005.64; accompanying_family=9247.97,1421.98,1724.40,5005.64",https://disclosures-clerk.house.gov/gtimages/MT/2025/500031808.pdf,index:clerk_bulk; ocr_agree; filing=500031808
2025-08-06,2025-08-14,Steny S. Hoyer,Member,House,Democrat,MD-05,American Israel Education Foundation (AIEF),Israel,17761.32,transport=8190.57; lodging=2840.71; meals=1724.40; other=5005.64; accompanying_family=N/A,https://disclosures-clerk.house.gov/gtimages/MT/2025/500031824.pdf,index:clerk_bulk; ocr_agree; filing=500031824
2025-08-06,2025-08-14,Timothy Kennedy,Member,House,Democrat,NY-26,American Israel Education Foundation (AIEF),Israel,17134.95,"transport=8982.93; lodging=1421.98; meals=1724.40; other=5005.64; accompanying_family=8982.93,1421.98,1724.40,5005.64",https://disclosures-clerk.house.gov/gtimages/MT/2025/500031828.pdf,index:clerk_bulk; ocr_agree; filing=500031828
2025-08-06,2025-08-14,Victoria Rivas,"Staff (office of Aguilar, Peter)",House,Democrat,CA-33,American Israel Education Foundation (AIEF),Israel,19183.99,transport=9812.94; lodging=2641.01; meals=1724.40; other=5005.64; accompanying_family=N/A,https://disclosures-clerk.house.gov/gtimages/ST/2025/500031834.pdf,index:clerk_bulk; ocr_agree; filing=500031834
2025-08-06,2025-08-14,Wesley Bell,Member,House,Democrat,MO-01,American Israel Education Foundation (AIEF),Israel,20734.69,transport=11163.94; lodging=2840.71; meals=1724.40; other=5005.64; accompanying_family=N/A,https://disclosures-clerk.house.gov/gtimages/MT/2025/500031835.pdf,index:clerk_bulk; ocr_agree; filing=500031835
2025-08-06,2025-08-08,William Johnson,"Staff (office of Johnson, Mike)",House,Republican,LA-04,American Israel Education Foundation (AIEF),Israel,10035.95,transport=5706.18; lodging=766.92; meals=262.47; other=3300.38; accompanying_family=N/A,https://disclosures-clerk.house.gov/gtimages/ST/2025/500031836.pdf,index:clerk_bulk; ocr_agree; filing=500031836
2025-08-07,2025-08-14,Eugene Vindman,Member,House,Democrat,VA-07,American Israel Education Foundation (AIEF),Israel,18571.15,"transport=10865.57; lodging=1207.00; meals=1492.94; other=5005.64; accompanying_family=10865.57,1207.00,1492.94,5005.64",https://disclosures-clerk.house.gov/gtimages/MT/2025/500031759.pdf,index:clerk_bulk; ocr_agree; filing=500031759
2025-08-08,2025-08-14,Herb Conaway,Member,House,Democrat,NJ-03,American Israel Education Foundation (AIEF),Israel,17175.64,transport=8925.97; lodging=2041.90; meals=1202.13; other=5005.64; accompanying_family=N/A,https://disclosures-clerk.house.gov/gtimages/MT/2025/500032881.pdf,index:clerk_bulk; ocr_agree; filing=500032881
2025-08-08,2025-08-17,David Horsley,"Staff (office of Pfluger, August)",House,Republican,TX-11,Jewish Institute for National Security of America (JINSA),Israel,8902.00,transport=3645.00; lodging=2940.00; meals=952.00; other=1365.00,https://disclosures-clerk.house.gov/gtimages/ST/2025/500033119.pdf,index:clerk_bulk; visual_read; filing=500033119
2025-08-08,2025-08-17,Delia Kashat,"Staff (office of Davis, Don)",House,Democrat,NC-01,Jewish Institute for National Security of America (JINSA),Israel,8822.00,transport=3565.00; lodging=2940.00; meals=952.00; other=1365.00; form lists 3 travelers (per person); same form as 500031777,https://disclosures-clerk.house.gov/gtimages/ST/2025/500033054.pdf,index:clerk_bulk; visual_read; filing=500033054
2025-08-08,2025-08-17,James Fleet,"Staff (office of Morelle, Joseph)",House,Democrat,NY-25,Jewish Institute for National Security of America (JINSA),Israel,8140.00,transport=3435.00; lodging=2520.00; meals=820.00; other=1365.00,https://disclosures-clerk.house.gov/gtimages/ST/2025/500033003.pdf,index:clerk_bulk; visual_read; filing=500033003
2025-08-08,2025-08-17,John Kolb,"Staff (office of Salazar, Maria)",House,Republican,FL-27,Jewish Institute for National Security of America (JINSA),Israel,8822.00,transport=3565.00; lodging=2940.00; meals=952.00; other=1365.00; form lists 3 travelers (per person),https://disclosures-clerk.house.gov/gtimages/ST/2025/500031777.pdf,index:clerk_bulk; visual_read; filing=500031777
2025-08-08,2025-08-24,Sarah Salas,"Staff (office of Stefanik, Elise)",House,Republican,NY-21,Jewish Institute for National Security of America (JINSA),Israel,8242.00,transport=2985.00; lodging=2940.00; meals=952.00; other=1365.00,https://disclosures-clerk.house.gov/gtimages/ST/2025/500033017.pdf,index:clerk_bulk; visual_read; filing=500033017
2025-08-08,2025-08-17,Steven Goodall,"Staff (office of Wasserman Schultz, Debbie)",House,Democrat,FL-25,Jewish Institute for National Security of America (JINSA),Israel,8984.00,transport=3727.00; lodging=2940.00; meals=952.00; other=1365.00,https://disclosures-clerk.house.gov/gtimages/ST/2025/500032963.pdf,index:clerk_bulk; visual_read; filing=500032963
2025-08-08,2025-08-17,William Layton,"Staff (office of Lawler, Michael)",House,Republican,NY-17,Jewish Institute for National Security of America (JINSA),Israel,8822.00,transport=3565.00; lodging=2940.00; meals=952.00; other=1365.00; form lists 3 travelers (per person); same form as 500031777,https://disclosures-clerk.house.gov/gtimages/ST/2025/500033296.pdf,index:clerk_bulk; visual_read; filings=500032988+500033296
2025-08-08,2025-08-17,Luke Burke,"Staff (office of Mccormick, David)",Senate,Republican,PA,Jewish Institute for National Security of America (JINSA),Israel,8485.00,transport=3639.00; lodging=2940.00; meals=1206.00; other=700.00,https://giftrule-disclosure.senate.gov/media/2025/gu7KiOGYU0e878NGFG8eg.pdf,index:senate_giftrule_db; visual_read; filings=gu7KiOGYU0e878NGFG8eg
2025-08-09,2025-08-17,Trevor Tackett,"Staff (office of Capito, Shelley Moore)",Senate,Republican,WV,Jewish Institute for National Security of America (JINSA),"Herzliya, Israel",8485.00,transport=3639.00; lodging=2940.00; meals=1206.00; other=700.00; traveler employed by Republican Policy Committee,https://giftrule-disclosure.senate.gov/media/2025/WntnCiNrfUigOkfYJ7HodQ.pdf,index:senate_giftrule_db; visual_read; filings=WntnCiNrfUigOkfYJ7HodQ
2025-08-12,2025-08-24,Zachary Freiman,"Staff (office of Ansari, Yassamin)",House,Democrat,AZ-03,American Israel Education Foundation (AIEF),Israel,13178.20,transport=5572.88; lodging=2282.75; meals=1550.59; other=3771.98; accompanying_family=N/A,https://disclosures-clerk.house.gov/gtimages/ST/2025/500032973.pdf,index:clerk_bulk; ocr_agree; filing=500032973
2025-08-14,2025-08-24,Cameron Erickson,"Staff (office of Hamadeh, Abraham)",House,Republican,AZ-08,American Israel Education Foundation (AIEF),Israel,13111.69,transport=5506.37; lodging=2282.75; meals=1550.59; other=3771.98; accompanying_family=N/A,https://disclosures-clerk.house.gov/gtimages/ST/2025/500031857.pdf,index:clerk_bulk; ocr_agree; filing=500031857
2025-08-16,2025-08-24,Angelle Kwemo,"Staff (office of Cherfilus-McCormick, Sheila)",House,Democrat,FL-20,American Israel Education Foundation (AIEF),Israel,13102.20,transport=5496.88; lodging=2282.75; meals=1550.59; other=3771.98; accompanying_family=N/A,https://disclosures-clerk.house.gov/gtimages/ST/2025/500031844.pdf,index:clerk_bulk; ocr_agree; filing=500031844
2025-08-16,2025-08-24,Anna Adamian,"Staff (office of Harris, Andy)",House,Republican,MD-01,American Israel Education Foundation (AIEF),Israel,12914.20,transport=5308.88; lodging=2282.75; meals=1550.59; other=3771.98; accompanying_family=N/A,https://disclosures-clerk.house.gov/gtimages/ST/2025/500032996.pdf,index:clerk_bulk; ocr_agree; filing=500032996
2025-08-16,2025-08-24,Christofer Horta,"Staff (office of Scott, David)",House,Democrat,GA-13,American Israel Education Foundation (AIEF),Israel,13390.69,transport=5785.37; lodging=2282.75; meals=1550.59; other=3771.98; accompanying_family=N/A,https://disclosures-clerk.house.gov/gtimages/ST/2025/500032863.pdf,index:clerk_bulk; ocr_agree; filing=500032863
2025-08-16,2025-08-24,George Wang,"Staff (office of Larson, John)",House,Democrat,CT-01,American Israel Education Foundation (AIEF),Israel,13302.20,transport=5696.88; lodging=2282.75; meals=1550.59; other=3771.98; accompanying_family=N/A,https://disclosures-clerk.house.gov/gtimages/ST/2025/500032916.pdf,index:clerk_bulk; ocr_agree; filing=500032916
2025-08-16,2025-08-24,Kyle Pierre,"Staff (office of Fields, Cleo)",House,Democrat,LA-06,American Israel Education Foundation (AIEF),Israel,13267.69,transport=5662.37; lodging=2282.75; meals=1550.59; other=3771.98; accompanying_family=N/A,https://disclosures-clerk.house.gov/gtimages/ST/2025/500032905.pdf,index:clerk_bulk; ocr_agree; filing=500032905
2025-08-16,2025-08-24,Mary Hrinkevich,"Staff (office of LaLota, Nicholas)",House,Republican,NY-01,American Israel Education Foundation (AIEF),Israel,12048.72,transport=4443.40; lodging=2282.75; meals=1550.59; other=3771.98; accompanying_family=N/A,https://disclosures-clerk.house.gov/gtimages/ST/2025/500032922.pdf,index:clerk_bulk; ocr_agree; filing=500032922
2025-08-16,2025-08-24,Nicholas Keddy,"Staff (office of Garbarino, Andrew)",House,Republican,NY-02,American Israel Education Foundation (AIEF),Israel,13098.20,transport=5492.88; lodging=2282.75; meals=1550.59; other=3771.98; accompanying_family=N/A,https://disclosures-clerk.house.gov/gtimages/ST/2025/500032936.pdf,index:clerk_bulk; ocr_agree; filing=500032936
2025-08-16,2025-08-24,Nora Blalock,"Staff (office of Castor, Kathy)",House,Democrat,FL-14,American Israel Education Foundation (AIEF),Israel,13081.68,transport=5476.36; lodging=2282.75; meals=1550.59; other=3771.98; accompanying_family=N/A,https://disclosures-clerk.house.gov/gtimages/ST/2025/500032938.pdf,index:clerk_bulk; ocr_agree; filing=500032938
2025-08-16,2025-08-24,Ryan Altman,"Staff (office of Finstad, Brad)",House,Republican,MN-01,American Israel Education Foundation (AIEF),Israel,12366.20,transport=4760.88; lodging=2282.75; meals=1550.59; other=3771.98; accompanying_family=N/A,https://disclosures-clerk.house.gov/gtimages/ST/2025/500032954.pdf,index:clerk_bulk; ocr_agree; filing=500032954
2025-08-16,2025-08-24,Samuel Luna,"Staff (office of Luna, Anna)",House,Republican,FL-13,American Israel Education Foundation (AIEF),Israel,12418.20,transport=4812.88; lodging=2282.75; meals=1550.59; other=3771.98; accompanying_family=N/A,https://disclosures-clerk.house.gov/gtimages/ST/2025/500033164.pdf,index:clerk_bulk; ocr_agree; filing=500033164
2025-08-16,2025-08-24,Shine Lee,"Staff (office of Kim, Young)",House,Republican,CA-40,American Israel Education Foundation (AIEF),Israel,13098.20,transport=5492.88; lodging=2282.75; meals=1550.59; other=3771.98; accompanying_family=N/A,https://disclosures-clerk.house.gov/gtimages/ST/2025/500032959.pdf,index:clerk_bulk; ocr_agree; filing=500032959
2025-08-16,2025-08-24,Zachary Kahan,"Staff (office of Rivas, Luz)",House,Democrat,CA-29,American Israel Education Foundation (AIEF),Israel,13131.50,transport=5526.18; lodging=2282.75; meals=1550.59; other=3771.98; accompanying_family=N/A,https://disclosures-clerk.house.gov/gtimages/ST/2025/500032974.pdf,index:clerk_bulk; ocr_agree; filing=500032974
2025-08-16,2025-08-24,Zev Siegfeld,"Staff (office of Tenney, Claudia)",House,Republican,NY-24,American Israel Education Foundation (AIEF),Israel,13096.20,transport=5490.88; lodging=2282.75; meals=1550.59; other=3771.98; accompanying_family=N/A,https://disclosures-clerk.house.gov/gtimages/ST/2025/500032976.pdf,index:clerk_bulk; ocr_agree; filing=500032976
2025-08-16,2025-08-22,Andrew Bohn,"Staff (office of Nunn, Zach)",House,Republican,IA-03,Atlantic Council of the United States,"Bahrain, United Arab Emirates, Israel",7658.62,transport=4681.57; lodging=1698.00; meals=475.37; other=803.68; accompanying_family=N/A,https://disclosures-clerk.house.gov/gtimages/ST/2025/500032995.pdf,index:clerk_bulk; ocr_agree; filing=500032995
2025-08-16,2025-08-22,Gil Thompson,"Staff (office of Schneider, Brad)",House,Democrat,IL-10,Atlantic Council of the United States,"Bahrain, United Arab Emirates, Israel",8189.82,transport=5133.57; lodging=1698.00; meals=554.57; other=803.68; accompanying_family=N/A,https://disclosures-clerk.house.gov/gtimages/ST/2025/500033002.pdf,index:clerk_bulk; ocr_agree; filing=500033002
2025-08-16,2025-08-22,Jesse Von Stein,"Staff (office of Mills, Cory)",House,Republican,FL-07,Atlantic Council of the United States,"Bahrain, United Arab Emirates, Israel",7767.62,transport=4790.57; lodging=1698.00; meals=475.37; other=803.68; accompanying_family=N/A,https://disclosures-clerk.house.gov/gtimages/ST/2025/500033005.pdf,index:clerk_bulk; ocr_agree; filing=500033005
2025-08-16,2025-08-22,John Bleed,"Staff (office of Moore, Blake)",House,Republican,UT-01,Atlantic Council of the United States,"Bahrain, United Arab Emirates, Israel",7737.82,transport=4681.57; lodging=1698.00; meals=554.57; other=803.68; accompanying_family=N/A,https://disclosures-clerk.house.gov/gtimages/ST/2025/500033007.pdf,index:clerk_bulk; ocr_agree; filing=500033007
2025-08-16,2025-08-22,Valerie Foy Alberto,"Staff (office of Bacon, Donald)",House,Republican,NE-02,Atlantic Council of the United States,"Bahrain, United Arab Emirates, Israel",5902.03,transport=2924.98; lodging=1698.00; meals=475.37; other=803.68; accompanying_family=N/A,https://disclosures-clerk.house.gov/gtimages/ST/2025/500033301.pdf,index:clerk_bulk; ocr_agree; filings=500033082+500033301
2025-08-16,2025-08-23,Luis Reyes,"Staff (office of Schmitt, Eric)",Senate,Republican,MO,Atlantic Council of the United States,"Manama, Bahrain; Abu Dhabi, United Arab Emirates; Jerusalem, Israel",7925.23,transport=4790.57; lodging=1698.00; meals=475.37; other=961.29; multi-country trip; second RE-2 for same traveler/trip as H2APEQsY0m2MPSQ8TFGA (other differs: 803.68 vs 961.29),https://giftrule-disclosure.senate.gov/media/2025/8iQOsQpMk2fysQI1PN18w.pdf,index:senate_giftrule_db; visual_read; filings=H2APEQsY0m2MPSQ8TFGA+8iQOsQpMk2fysQI1PN18w
2025-08-17,2025-08-23,Manya-Jean Gitter,"Staff (office of Hoyer, Steny)",House,Democrat,MD-05,Atlantic Council of the United States,"Bahrain, United Arab Emirates, Israel",7752.70,transport=4696.45; lodging=1698.00; meals=554.57; other=803.68; accompanying_family=N/A,https://disclosures-clerk.house.gov/gtimages/ST/2025/500033012.pdf,index:clerk_bulk; ocr_agree; filing=500033012
2025-08-17,2025-08-23,Arden Hooper,"Staff (office of Cruz, Ted)",Senate,Republican,TX,Atlantic Council of the United States,"Manama, Bahrain; Abu Dhabi, United Arab Emirates; Jerusalem, Israel",7460.23,transport=4325.57; lodging=1698.00; meals=475.37; other=961.29; multi-country trip,https://giftrule-disclosure.senate.gov/media/2025/0HgvAdogckenmViu9fKKA.pdf,index:senate_giftrule_db; visual_read; filings=0HgvAdogckenmViu9fKKA
2025-08-17,2025-08-23,Callahan Stoub,"Staff (office of Risch, James E)",Senate,Republican,ID,Atlantic Council of the United States,"Manama, Bahrain; Abu Dhabi, United Arab Emirates; Jerusalem, Israel",7925.23,transport=4790.57; lodging=1698.00; meals=475.37; other=961.29; multi-country trip,https://giftrule-disclosure.senate.gov/media/2025/AOo8ksajpE6zCVOLTyG5Og.pdf,index:senate_giftrule_db; visual_read; filings=AOo8ksajpE6zCVOLTyG5Og
2025-08-17,2025-08-23,Jose Juan Villalvazo,"Staff (office of Padilla, Alex)",Senate,Democrat,CA,Atlantic Council of the United States,"Manama, Bahrain; Abu Dhabi, United Arab Emirates; Jerusalem, Israel",7680.48,transport=5050.70; lodging=1196.00; meals=472.49; other=961.29; multi-country trip,https://giftrule-disclosure.senate.gov/media/2025/DnHk7zWJakSXlZcmehjSw.pdf,index:senate_giftrule_db; visual_read; filings=DnHk7zWJakSXlZcmehjSw
2025-08-17,2025-08-23,Samantha Schifrin,"Staff (office of Booker, Cory)",Senate,Democrat,NJ,Atlantic Council of the United States,"Manama, Bahrain; Abu Dhabi, United Arab Emirates; Jerusalem, Israel",10398.43,transport=7184.57; lodging=1698.00; meals=554.57; other=961.29; multi-country trip,https://giftrule-disclosure.senate.gov/media/2025/kgWHSG67SUOvjrENN1SLEA.pdf,index:senate_giftrule_db; visual_read; filings=kgWHSG67SUOvjrENN1SLEA
2025-08-22,2025-08-29,Caroline Jones,"Staff (office of Moulton, Seth)",House,Democrat,MA-06,J Street Education Fund,Israel,,transport=3656.00; lodging=1116.00; meals=1156.00; other=not_on_form_page; known_subtotal=5928.00; other=See Attached,https://disclosures-clerk.house.gov/gtimages/ST/2025/500033038.pdf,index:clerk_bulk; visual_read+incomplete; filing=500033038
2025-08-22,2025-08-29,Delaney O'Shea,"Staff (office of Conaway, Herbert)",House,Democrat,NJ-03,J Street Education Fund,Israel,,transport=3713.00; lodging=1116.00; meals=1156.00; other=not_on_form_page; known_subtotal=5985.00; other=See Attached,https://disclosures-clerk.house.gov/gtimages/ST/2025/500033053.pdf,index:clerk_bulk; visual_read+incomplete; filing=500033053
2025-08-22,2025-08-29,Mackenzie Fallt,"Staff (office of Crow, Jason)",House,Democrat,CO-06,J Street Education Fund,Israel,,transport=3784.00; lodging=1116.00; meals=1156.00; other=not_on_form_page; known_subtotal=6056.00; other=See Attached,https://disclosures-clerk.house.gov/gtimages/ST/2025/500033037.pdf,index:clerk_bulk; visual_read+incomplete; filing=500033037
2025-08-22,2025-08-29,"Willie Lyles, III","Staff (office of Carter, Troy)",House,Democrat,LA-02,J Street Education Fund,Israel,,transport=3806.00; lodging=1116.00; meals=1156.00; other=not_on_form_page; known_subtotal=6078.00; other=See Attached,https://disclosures-clerk.house.gov/gtimages/ST/2025/500033074.pdf,index:clerk_bulk; visual_read+incomplete; filing=500033074
2025-08-22,2025-08-29,Jc Jain,"Staff (office of Kaine, Tim)",Senate,Democrat,VA,J Street Education Fund,"Tel Aviv, Israel; Jerusalem, Israel",2676.00,transport=788.00; lodging=144.00; meals=419.00; other=1325.00,https://giftrule-disclosure.senate.gov/media/2025/YOidzoK260WUU1nHGpzeSw.pdf,index:senate_giftrule_db; visual_read; filings=YOidzoK260WUU1nHGpzeSw
2025-08-22,2025-08-29,Rayshon Payton,"Staff (office of Blunt Rochester,Lisa)",Senate,Democrat,DE,J Street Education Fund,"Tel Aviv, Israel; Jerusalem, Israel",2761.00,transport=873.00; lodging=144.00; meals=419.00; other=1325.00,https://giftrule-disclosure.senate.gov/media/2025/SjtXEPb3vkSZvYWxnj06RQ.pdf,index:senate_giftrule_db; visual_read; filings=SjtXEPb3vkSZvYWxnj06RQ
2025-08-22,2025-08-29,Stacy Baird,"Staff (office of Cantwell, Maria)",Senate,Democrat,WA,J Street Education Fund,"Tel Aviv, Israel; Jerusalem, Israel",2741.00,transport=853.00; lodging=144.00; meals=419.00; other=1325.00,https://giftrule-disclosure.senate.gov/media/2025/hzoTxdhKUqGFDNSCK9Bg.pdf,index:senate_giftrule_db; visual_read; filings=hzoTxdhKUqGFDNSCK9Bg
2026-01-23,2026-01-30,Mike Bost,Member,House,Republican,IL-12,American Israel Education Foundation (AIEF),Israel,13919.22,"transport=8338.24; lodging=926.34; meals=1397.15; other=3257.49; accompanying_family=926.34,1397.15,3257.49",https://disclosures-clerk.house.gov/gtimages/MT/2026/500033419.pdf,index:clerk_bulk; ocr_agree; filing=500033419
2026-01-24,2026-01-30,Donald G. Davis,Member,House,Democrat,NC-01,American Israel Education Foundation (AIEF),Israel,13403.97,"transport=8597.84; lodging=874.66; meals=673.98; other=3257.49; accompanying_family=8597.84,874.66,673.98,3257.49",https://disclosures-clerk.house.gov/gtimages/MT/2026/500033421.pdf,index:clerk_bulk; ocr_agree; filing=500033421
2026-01-24,2026-01-30,Jake Ellzey,Member,House,Republican,TX-06,American Israel Education Foundation (AIEF),Israel,14263.82,"transport=8682.84; lodging=926.34; meals=1397.15; other=3257.49; accompanying_family=8682.84,926.34,1397.15,3257.49",https://disclosures-clerk.house.gov/gtimages/MT/2026/500033413.pdf,index:clerk_bulk; ocr_agree; filing=500033413
2026-01-24,2026-01-30,Jennifer Kiggans,Member,House,Republican,VA-02,American Israel Education Foundation (AIEF),Israel,14540.32,"transport=8959.34; lodging=926.34; meals=1397.15; other=3257.49; accompanying_family=8959.34,926.34,1397.15,3257.49",https://disclosures-clerk.house.gov/gtimages/MT/2026/500033422.pdf,index:clerk_bulk; ocr_agree; filing=500033422
2026-01-24,2026-01-30,Ryan Zinke,Member,House,Republican,MT-01,American Israel Education Foundation (AIEF),Israel,14611.55,"transport=9030.57; lodging=926.34; meals=1397.15; other=3257.49; accompanying_family=9030.57,926.34,1397.15,3257.49",https://disclosures-clerk.house.gov/gtimages/MT/2026/500033420.pdf,index:clerk_bulk; ocr_agree; filing=500033420
2026-02-12,2026-02-20,Derek Tran,Member,House,Democrat,CA-45,J Street Education Fund,"Israel, Jordan",,transport=15010.00; lodging=2025.00; meals=1657.00; other=not_on_form_page; known_subtotal=18692.00; other=See Attached,https://disclosures-clerk.house.gov/gtimages/MT/2026/500033456.pdf,index:clerk_bulk; visual_read+incomplete; filing=500033456
2026-02-12,2026-02-20,Emily Randall,Member,House,Democrat,WA-06,J Street Education Fund,"Israel, Jordan",,transport=13300.00; lodging=2025.00; meals=1657.00; other=not_on_form_page; known_subtotal=16982.00; other=See Attached,https://disclosures-clerk.house.gov/gtimages/MT/2026/500033447.pdf,index:clerk_bulk; visual_read+incomplete; filing=500033447
2026-02-12,2026-02-19,Jared Huffman,Member,House,Democrat,CA-02,J Street Education Fund,"Israel, Jordan",,transport=12600.00; lodging=1703.00; meals=1324.00; other=not_on_form_page; known_subtotal=15627.00; other=See Attached,https://disclosures-clerk.house.gov/gtimages/MT/2026/500033457.pdf,index:clerk_bulk; visual_read+incomplete; filing=500033457
2026-02-12,2026-02-20,Kristen McDonald Rivet,Member,House,Democrat,MI-08,J Street Education Fund,"Israel, Jordan",,transport=13700.00; lodging=2025.00; meals=1657.00; other=not_on_form_page; known_subtotal=17382.00; other=See Attached; accompanying family 13700/157/1657/See Attached,https://disclosures-clerk.house.gov/gtimages/MT/2026/500033448.pdf,index:clerk_bulk; visual_read+incomplete; filing=500033448
2026-02-12,2026-02-20,Madeleine Dean,Member,House,Democrat,PA-04,J Street Education Fund,"Israel, Jordan",,transport=17569.00; lodging=1411.00; meals=993.00; other=not_on_form_page; known_subtotal=19973.00; other=See Attached; accompanying family 17569/81/993/See Attached,https://disclosures-clerk.house.gov/gtimages/MT/2026/500033449.pdf,index:clerk_bulk; visual_read+incomplete; filing=500033449
2026-02-12,2026-02-20,Sean Casten,Member,House,Democrat,IL-06,J Street Education Fund,"Israel, Jordan",,transport=12161.00; lodging=2025.00; meals=1657.00; other=not_on_form_page; known_subtotal=15843.00; other=See Attached,https://disclosures-clerk.house.gov/gtimages/MT/2026/500033444.pdf,index:clerk_bulk; visual_read+incomplete; filing=500033444
2026-02-13,2026-02-22,John R. Moolenaar,Member,House,Republican,MI-02,U.S. Israel Education Association (USIEA),Israel,31656.19,transport=17073.01; lodging=3200.00; meals=1495.04; other=9888.14; handwritten; accompanying family 17073.01/0.00/1495.04/9888.14,https://disclosures-clerk.house.gov/gtimages/MT/2026/500033497.pdf,index:clerk_bulk; visual_read; filing=500033497
2026-02-13,2026-02-22,Melissa Kelly,"Staff (office of Franklin, Scott)",House,Republican,FL-18,U.S. Israel Education Association (USIEA),Israel,23916.19,transport=10128.01; lodging=2405.00; meals=1495.04; other=9888.14; handwritten,https://disclosures-clerk.house.gov/gtimages/ST/2026/500033514.pdf,index:clerk_bulk; visual_read; filing=500033514
2026-02-13,2026-02-22,Scott Franklin,Member,House,Republican,FL-18,U.S. Israel Education Association (USIEA),Israel,32381.68,transport=17609.50; lodging=3200.00; meals=1495.04; other=10077.14; handwritten,https://disclosures-clerk.house.gov/gtimages/MT/2026/500033503.pdf,index:clerk_bulk; visual_read; filing=500033503
2026-02-13,2026-02-22,Tim Walberg,Member,House,Republican,MI-05,U.S. Israel Education Association (USIEA),Israel,35706.19,transport=20898.01; lodging=3200.00; meals=1495.04; other=10113.14; handwritten (transport digits moderately legible),https://disclosures-clerk.house.gov/gtimages/MT/2026/500033686.pdf,index:clerk_bulk; visual_read; filing=500033686
2026-02-14,2026-02-22,Ariana Bhambhani,"Staff (office of Allen, Rick)",House,Republican,GA-12,American Israel Education Foundation (AIEF),Israel,16825.01,transport=7214.00; lodging=2396.89; meals=1462.93; other=5751.19; accompanying_family=N/A,https://disclosures-clerk.house.gov/gtimages/ST/2026/500033468.pdf,index:clerk_bulk; ocr_agree; filing=500033468
2026-02-14,2026-02-22,Christopher Ringer,"Staff (office of Biggs, Sheri)",House,Republican,SC-03,American Israel Education Foundation (AIEF),Israel,16735.06,transport=7124.05; lodging=2396.89; meals=1462.93; other=5751.19; accompanying_family=N/A,https://disclosures-clerk.house.gov/gtimages/ST/2026/500033507.pdf,index:clerk_bulk; ocr_agree; filing=500033507
2026-02-14,2026-02-22,Colin Witman,"Staff (office of Langworthy, Nicholas)",House,Republican,NY-23,American Israel Education Foundation (AIEF),Israel,16735.06,transport=7124.05; lodging=2396.89; meals=1462.93; other=5751.19; accompanying_family=N/A,https://disclosures-clerk.house.gov/gtimages/ST/2026/500033492.pdf,index:clerk_bulk; ocr_agree; filing=500033492
2026-02-14,2026-02-22,Daniel Lemire,"Staff (office of Morelle, Joseph)",House,Democrat,NY-25,American Israel Education Foundation (AIEF),Israel,16695.06,transport=7084.05; lodging=2396.89; meals=1462.93; other=5751.19; accompanying_family=N/A,https://disclosures-clerk.house.gov/gtimages/ST/2026/500033470.pdf,index:clerk_bulk; ocr_agree; filing=500033470
2026-02-14,2026-02-22,Edward Zuckerbrot,"Staff (office of Bell, Wesley)",House,Democrat,MO-01,American Israel Education Foundation (AIEF),Israel,16735.06,transport=7124.05; lodging=2396.89; meals=1462.93; other=5751.19; accompanying_family=N/A,https://disclosures-clerk.house.gov/gtimages/ST/2026/500033471.pdf,index:clerk_bulk; ocr_agree; filing=500033471
2026-02-14,2026-02-22,Lindsey Mosley,"Staff (office of Franklin, Scott)",House,Republican,FL-18,American Israel Education Foundation (AIEF),Israel,16735.06,transport=7124.05; lodging=2396.89; meals=1462.93; other=5751.19; accompanying_family=N/A,https://disclosures-clerk.house.gov/gtimages/ST/2026/500033499.pdf,index:clerk_bulk; ocr_agree; filing=500033499
2026-02-14,2026-02-22,Olivia Speno,"Staff (office of Valadao, David)",House,Republican,CA-22,American Israel Education Foundation (AIEF),Israel,16735.06,transport=7124.05; lodging=2396.89; meals=1462.93; other=5751.19; accompanying_family=N/A,https://disclosures-clerk.house.gov/gtimages/ST/2026/500033515.pdf,index:clerk_bulk; ocr_agree; filing=500033515
2026-02-14,2026-02-22,Rachel Salle,"Staff (office of Jack, Brian)",House,Republican,GA-03,American Israel Education Foundation (AIEF),Israel,16865.06,transport=7254.05; lodging=2396.89; meals=1462.93; other=5751.19; accompanying_family=N/A,https://disclosures-clerk.house.gov/gtimages/ST/2026/500033502.pdf,index:clerk_bulk; ocr_agree; filing=500033502
2026-02-14,2026-02-22,Taylor Fairless,"Staff (office of Panetta, James)",House,Democrat,CA-19,American Israel Education Foundation (AIEF),Israel,16695.06,transport=7084.05; lodging=2396.89; meals=1462.93; other=5751.19; accompanying_family=N/A,https://disclosures-clerk.house.gov/gtimages/ST/2026/500033478.pdf,index:clerk_bulk; ocr_agree; filing=500033478
2026-02-14,2026-02-22,Seth Beas,"Staff (office of Cortez Masto, Catherine)",Senate,Democrat,NV,American Israel Education Foundation (AIEF),"Jerusalem, Tel Aviv, Tiberias, Israel",16695.06,transport=7084.05; lodging=2396.89; meals=1462.93; other=5751.19; other = conference and security fees,https://giftrule-disclosure.senate.gov/media/2026/ZatbCYahhUifB4szSrJqA.pdf,index:senate_giftrule_db; visual_read; filings=ZatbCYahhUifB4szSrJqA
2026-02-16,2026-02-23,Andy Ogles,Member,House,Republican,TN-05,12Tribe Films Foundation,Israel,7237.00,transport=3867.00; lodging=2420.00; meals=720.00; other=230.00; accompanying family 3867/0/720/230,https://disclosures-clerk.house.gov/gtimages/MT/2026/500033663.pdf,index:clerk_bulk; visual_read; filing=500033663
2026-02-16,2026-02-23,Clay Higgins,Member,House,Republican,LA-03,12Tribe Films Foundation,Israel,8020.00,"transport=5050.00; lodging=2020.00; meals=720.00; other=230.00; accompanying_family=720.00,230.00",https://disclosures-clerk.house.gov/gtimages/MT/2026/500033438.pdf,index:clerk_bulk; ocr_agree; filing=500033438
2026-02-16,2026-02-23,Scott Perry,Member,House,Republican,PA-10,12Tribe Films Foundation,Israel,8561.00,"transport=5591.00; lodging=2020.00; meals=720.00; other=230.00; accompanying_family=5594.00,720.00,230.00",https://disclosures-clerk.house.gov/gtimages/MT/2026/500033459.pdf,index:clerk_bulk; ocr_agree; filing=500033459
2026-02-16,2026-02-22,Chandler Smith,"Staff (office of Reschenthaler, Guy)",House,Republican,PA-14,American Israel Education Foundation (AIEF),Israel,16735.06,transport=7124.05; lodging=2396.89; meals=1462.93; other=5751.19; accompanying_family=N/A,https://disclosures-clerk.house.gov/gtimages/ST/2026/500033517.pdf,index:clerk_bulk; ocr_agree; filing=500033517
2026-06-19,2026-06-28,Donald Barber,"Staff (office of Ellzey, Jake)",House,Republican,TX-06,American Israel Education Foundation (AIEF),Israel,19317.53,transport=11630.50; lodging=2736.70; meals=1585.53; other=3364.80; accompanying_family=N/A,https://disclosures-clerk.house.gov/gtimages/ST/2026/500034345.pdf,index:clerk_bulk; ocr_agree; filing=500034345
2026-08-01,2026-08-09,Craig Huseman  Metz,"Staff (office of Wilson, Joe)",House,Republican,SC-02,American Israel Education Foundation (AIEF),Israel,23886.45,transport=9604.09; lodging=2630.54; meals=1613.62; other=10038.20; accompanying_family=N/A,https://disclosures-clerk.house.gov/gtimages/ST/2026/600009313.pdf,index:clerk_bulk; ocr_agree; filing=600009313
2026-08-01,2026-08-09,Jonathan Jones,"Staff (office of Brecheen, Josh)",House,Republican,OK-02,American Israel Education Foundation (AIEF),Israel,25762.85,transport=11480.49; lodging=2630.54; meals=1613.62; other=10038.20; accompanying_family=N/A,https://disclosures-clerk.house.gov/gtimages/ST/2026/600009173.pdf,index:clerk_bulk; ocr_agree; filing=600009173
2026-08-01,2026-08-09,Jonathan Kaiman,"Staff (office of Suozzi, Thomas)",House,Democrat,NY-03,American Israel Education Foundation (AIEF),Israel,25026.05,transport=10743.69; lodging=2630.54; meals=1613.62; other=10038.20; accompanying_family=N/A,https://disclosures-clerk.house.gov/gtimages/ST/2026/600009178.pdf,index:clerk_bulk; ocr_agree; filing=600009178
2026-08-01,2026-08-09,Mindy Barry,"Staff (office of Foxx, Virginia)",House,Republican,NC-05,American Israel Education Foundation (AIEF),Israel,28877.85,transport=14595.49; lodging=2630.54; meals=1613.62; other=10038.20; accompanying_family=N/A,https://disclosures-clerk.house.gov/gtimages/ST/2026/600009444.pdf,index:clerk_bulk; ocr_agree; filing=600009444
2026-08-01,2026-08-09,Rafael Silberberg,"Staff (office of Lawler, Michael)",House,Republican,NY-17,American Israel Education Foundation (AIEF),Israel,27666.05,transport=13383.69; lodging=2630.54; meals=1613.62; other=10038.20; accompanying_family=N/A,https://disclosures-clerk.house.gov/gtimages/ST/2026/600009194.pdf,index:clerk_bulk; ocr_agree; filing=600009194
2026-08-08,2026-08-16,Charles Gann,"Staff (office of Fine, Randy)",House,Republican,FL-06,American Israel Education Foundation (AIEF),Israel,20619.59,transport=8959.43; lodging=2951.90; meals=1396.81; other=7311.45,https://disclosures-clerk.house.gov/gtimages/ST/2026/600009547.pdf,index:clerk_bulk; visual_read; filing=600009547
2026-08-08,2026-08-16,Eric Schmitz,"Staff (office of Johnson, Mike)",House,Republican,LA-04,American Israel Education Foundation (AIEF),Israel,19296.69,transport=7636.53; lodging=2951.90; meals=1396.81; other=7311.45; accompanying_family=N/A,https://disclosures-clerk.house.gov/gtimages/ST/2026/600009376.pdf,index:clerk_bulk; ocr_agree; filing=600009376
2026-08-08,2026-08-16,Jose Perez,"Staff (office of Moran, Nathaniel)",House,Republican,TX-01,American Israel Education Foundation (AIEF),Israel,17661.13,transport=6350.43; lodging=2602.44; meals=1396.81; other=7311.45; accompanying_family=N/A,https://disclosures-clerk.house.gov/gtimages/ST/2026/600009421.pdf,index:clerk_bulk; ocr_agree; filing=600009421
2026-08-08,2026-08-16,Juliana Dauchess,"Staff (office of Smucker, Lloyd)",House,Republican,PA-11,American Israel Education Foundation (AIEF),Israel,17653.12,transport=6342.42; lodging=2602.44; meals=1396.81; other=7311.45,https://disclosures-clerk.house.gov/gtimages/ST/2026/600009433.pdf,index:clerk_bulk; visual_read; filing=600009433
2026-08-08,2026-08-16,Nathaniel Higgins,"Staff (office of Knott, Brad)",House,Republican,NC-13,American Israel Education Foundation (AIEF),Israel,,ESTIMATE ONLY: page read is pre-trip sponsor form Q18 (Good Faith Estimates box) 5500/2519/1450/4166.67; post-travel actuals not located,https://disclosures-clerk.house.gov/gtimages/ST/2026/600009474.pdf,index:clerk_bulk; visual_read:estimate_only_no_actuals; filing=600009474
2026-08-08,2026-08-16,Sam Madsen,"Staff (office of Harrigan, Pat)",House,Republican,NC-10,American Israel Education Foundation (AIEF),Israel,20619.59,transport=8959.43; lodging=2951.90; meals=1396.81; other=7311.45; accompanying_family=N/A,https://disclosures-clerk.house.gov/gtimages/ST/2026/600009448.pdf,index:clerk_bulk; ocr_agree; filing=600009448
2026-08-08,2026-08-16,Samuel Bedwell,"Staff (office of McClain, Lisa)",House,Republican,MI-09,American Israel Education Foundation (AIEF),Israel,19774.38,transport=8114.22; lodging=2951.90; meals=1396.81; other=7311.45,https://disclosures-clerk.house.gov/gtimages/ST/2026/600009366.pdf,index:clerk_bulk; visual_read; filing=600009366
2026-08-08,2026-08-16,Shelby Haney,"Staff (office of Lawler, Michael)",House,Republican,NY-17,American Israel Education Foundation (AIEF),Israel,15864.93,transport=4554.23; lodging=2602.44; meals=1396.81; other=7311.45; accompanying_family=N/A,https://disclosures-clerk.house.gov/gtimages/ST/2026/600009465.pdf,index:clerk_bulk; ocr_agree; filing=600009465
2026-08-12,2026-08-21,Zainab Adamu,"Staff (office of Khanna, Ro)",House,Democrat,CA-17,Foundation for Defense of Democracies (FDD),Israel,9625.07,transport=4278.61; lodging=3315.00; meals=1178.27; other=853.19,https://disclosures-clerk.house.gov/gtimages/ST/2026/600009638.pdf,index:clerk_bulk; ocr_agree; filing=600009638
2026-08-14,2026-08-23,Caroline Campbell,"Staff (office of Jackson, Ronny)",House,Republican,TX-13,Jewish Institute for National Security of America (JINSA),Israel,8590.00,transport=3550.00; lodging=2940.00; meals=1400.00; other=700.00,https://disclosures-clerk.house.gov/gtimages/ST/2026/600009531.pdf,index:clerk_bulk; visual_read; filing=600009531
2026-08-14,2026-08-23,Daniel Thayer,"Staff (office of Messmer, Mark)",House,Republican,IN-08,Jewish Institute for National Security of America (JINSA),Israel,8590.00,transport=3550.00; lodging=2940.00; meals=1400.00; other=700.00,https://disclosures-clerk.house.gov/gtimages/ST/2026/600009727.pdf,index:clerk_bulk; visual_read; filing=600009727
2026-08-14,2026-08-23,Haley Tran,"Staff (office of Nunn, Zach)",House,Republican,IA-03,Jewish Institute for National Security of America (JINSA),Israel,8590.00,transport=3550.00; lodging=2940.00; meals=1400.00; other=700.00,https://disclosures-clerk.house.gov/gtimages/ST/2026/600009326.pdf,index:clerk_bulk; visual_read; filing=600009326
2026-08-14,2026-08-23,Jack Robinson,"Staff (office of Strickland, Marilyn)",House,Democrat,WA-10,Jewish Institute for National Security of America (JINSA),Israel,8590.00,transport=3550.00; lodging=2940.00; meals=1400.00; other=700.00,https://disclosures-clerk.house.gov/gtimages/ST/2026/600009545.pdf,index:clerk_bulk; visual_read; filing=600009545
2026-08-14,2026-08-23,Patrick  Herrera,"Staff (office of Self, Keith)",House,Republican,TX-03,Jewish Institute for National Security of America (JINSA),Israel,8590.00,transport=3550.00; lodging=2940.00; meals=1400.00; other=700.00,https://disclosures-clerk.house.gov/gtimages/ST/2026/600009484.pdf,index:clerk_bulk; visual_read; filing=600009484
2026-08-14,2026-08-23,Reginald Harris,"Staff (office of Landsman, Greg)",House,Democrat,OH-01,Jewish Institute for National Security of America (JINSA),Israel,8590.00,transport=3550.00; lodging=2940.00; meals=1400.00; other=700.00,https://disclosures-clerk.house.gov/gtimages/ST/2026/600009464.pdf,index:clerk_bulk; visual_read; filing=600009464
2026-08-14,2026-08-22,Sami Araboghli,"Staff (office of Steube, W.)",House,Republican,FL-17,Jewish Institute for National Security of America (JINSA),Israel,8500.00,transport=3550.00; lodging=2940.00; meals=1310.00; other=700.00,https://disclosures-clerk.house.gov/gtimages/ST/2026/600009660.pdf,index:clerk_bulk; visual_read; filing=600009660
2026-08-14,2026-08-23,Alana Foodman,"Staff (office of Budd,Ted)",Senate,Republican,NC,Jewish Institute for National Security of America (JINSA),"Herzliya, Israel",8308.00,transport=3550.00; lodging=2940.00; meals=1118.00; other=700.00,https://giftrule-disclosure.senate.gov/media/2026/C6k7F2Gni0mult990ohVeQ.pdf,index:senate_giftrule_db; visual_read; filings=C6k7F2Gni0mult990ohVeQ
2026-08-14,2026-08-23,Bridget Greene,"Staff (office of Scott, Rick)",Senate,Republican,FL,Jewish Institute for National Security of America (JINSA),"Herzliya, Israel",8308.00,transport=3550.00; lodging=2940.00; meals=1118.00; other=700.00,https://giftrule-disclosure.senate.gov/media/2026/E3P29lqz0O8zZNOPKdbw.pdf,index:senate_giftrule_db; visual_read; filings=E3P29lqz0O8zZNOPKdbw
2026-08-14,2026-08-23,Cecily Monson,"Staff (office of Cotton, Tom)",Senate,Republican,AR,Jewish Institute for National Security of America (JINSA),"Jewish Institute for National Security of Herzliya, Israel [OCR]",8308.00,transport=3550.00; lodging=2940.00; meals=1118.00; other=700.00,https://giftrule-disclosure.senate.gov/media/2026/kcod6bjrQ0GBjT0Hdd2n1Q.pdf,index:senate_giftrule_db; visual_read; filings=kcod6bjrQ0GBjT0Hdd2n1Q
2026-08-14,2026-08-23,Pieter Van Wingerden,"Staff (office of Banks, Jim)",Senate,Republican,IN,Jewish Institute for National Security of America (JINSA),"Herzliya, Israel",8308.00,transport=3550.00; lodging=2940.00; meals=1118.00; other=700.00,https://giftrule-disclosure.senate.gov/media/2026/XtIfdsY9qU6PjMxu6Romog.pdf,index:senate_giftrule_db; visual_read; filings=XtIfdsY9qU6PjMxu6Romog
2026-08-20,2026-08-28,Amy Clerkin,"Staff (office of Casar, Greg)",House,Democrat,TX-35,J Street Education Fund,Israel,,transport=2780.00; lodging=2075.00; meals=1781.00; other=not_on_form_page; known_subtotal=6636.00; other=See Attached,https://disclosures-clerk.house.gov/gtimages/ST/2026/600009676.pdf,index:clerk_bulk; visual_read+incomplete; filing=600009676
2026-08-20,2026-08-28,Gabriel Feiner,"Staff (office of Levin, Mike)",House,Democrat,CA-49,J Street Education Fund,Israel,,transport=2450.00; lodging=2075.00; meals=1781.00; other=not_on_form_page; known_subtotal=6306.00; other=See Attached,https://disclosures-clerk.house.gov/gtimages/ST/2026/600009625.pdf,index:clerk_bulk; visual_read+incomplete; filing=600009625
2026-08-20,2026-08-28,Glenn Wavrunek,"Staff (office of Pocan, Mark)",House,Democrat,WI-02,J Street Education Fund,Israel,,transport=2450.00; lodging=2075.00; meals=1781.00; other=not_on_form_page; known_subtotal=6306.00; other=See Attached,https://disclosures-clerk.house.gov/gtimages/ST/2026/600009688.pdf,index:clerk_bulk; visual_read+incomplete; filing=600009688
2026-08-20,2026-08-28,Jack Berson,"Staff (office of Olszewski, Johnny)",House,Democrat,MD-02,J Street Education Fund,Israel,,transport=2450.00; lodging=2075.00; meals=1781.00; other=not_on_form_page; known_subtotal=6306.00; other=See Attached,https://disclosures-clerk.house.gov/gtimages/ST/2026/600009683.pdf,index:clerk_bulk; visual_read+incomplete; filing=600009683
2026-08-20,2026-08-28,James Gomez,"Staff (office of Jackson, Jonathan)",House,Democrat,IL-01,J Street Education Fund,Israel,,transport=2610.00; lodging=2075.00; meals=1781.00; other=not_on_form_page; known_subtotal=6466.00; other=See Attached,https://disclosures-clerk.house.gov/gtimages/ST/2026/600009694.pdf,index:clerk_bulk; visual_read+incomplete; filing=600009694
2026-08-20,2026-08-28,Joseph Diver,"Staff (office of Sorensen, Eric)",House,Democrat,IL-17,J Street Education Fund,Israel,,transport=2450.00; lodging=2075.00; meals=1781.00; other=not_on_form_page; known_subtotal=6306.00; other=See Attached,https://disclosures-clerk.house.gov/gtimages/ST/2026/600009615.pdf,index:clerk_bulk; visual_read+incomplete; filing=600009615
2026-08-20,2026-08-28,Julia Rodriguez,"Staff (office of Kamlager-Dove, Sydney)",House,Democrat,CA-37,J Street Education Fund,Israel,,transport=2450.00; lodging=2075.00; meals=1781.00; other=not_on_form_page; known_subtotal=6306.00; other=See Attached,https://disclosures-clerk.house.gov/gtimages/ST/2026/600009700.pdf,index:clerk_bulk; visual_read+incomplete; filing=600009700
2026-08-20,2026-08-28,Pragneya Sharma,"Staff (office of Bera, Ami)",House,Democrat,CA-06,J Street Education Fund,Israel,,transport=2610.00; lodging=2075.00; meals=1781.00; other=not_on_form_page; known_subtotal=6466.00; other=See Attached,https://disclosures-clerk.house.gov/gtimages/ST/2026/600009692.pdf,index:clerk_bulk; visual_read+incomplete; filing=600009692
2026-08-20,2026-08-28,Rachel Montoya,"Staff (office of Leger Fernandez, Teresa)",House,Democrat,NM-03,J Street Education Fund,Israel,,transport=2450.00; lodging=2075.00; meals=1781.00; other=not_on_form_page; known_subtotal=6306.00; other=See Attached,https://disclosures-clerk.house.gov/gtimages/ST/2026/600009637.pdf,index:clerk_bulk; visual_read+incomplete; filing=600009637
2026-08-20,2026-08-28,Sofia Godoy,"Staff (office of Raskin, Jamie)",House,Democrat,MD-08,J Street Education Fund,Israel,,transport=2450.00; lodging=2075.00; meals=1781.00; other=not_on_form_page; known_subtotal=6306.00; other=See Attached,https://disclosures-clerk.house.gov/gtimages/ST/2026/600009670.pdf,index:clerk_bulk; visual_read+incomplete; filing=600009670
2026-08-20,2026-08-28,Josh Delaney,"Staff (office of Warnock, Raphael)",Senate,Democrat,GA,J Street Education Fund,"Tel Aviv, Israel; Jerusalem, Israel",8253.00,transport=3416.00; lodging=2076.00; meals=1301.00; other=1460.00,https://giftrule-disclosure.senate.gov/media/2026/xDskouKCA0C5BzFSoII8Sw.pdf,index:senate_giftrule_db; visual_read; filings=xDskouKCA0C5BzFSoII8Sw
