member,icpsr,party,state,chambers,votes_cast,fec_candidate_ids,116-H-28,116-H-107,116-H-496,116-H-651,116-S-16,117-H-274,117-H-660,118-H-193,118-H-241,118-H-337,118-H-523,118-H-556,118-H-572,118-H-573,118-H-617,118-H-671,118-H-672,118-H-692,118-H-716,118-H-746,118-H-756,118-H-762,118-H-852,118-H-859,118-H-870,118-H-890,118-H-935,118-H-1146,118-H-1194,118-S-261,119-H-128,119-H-158,119-H-526,119-H-655,pro-Israel|contrib|2020,pro-Israel|contrib|2022,pro-Israel|contrib|2024,pro-Israel|contrib|2026,pro-Israel|earmarked_all,pro-Israel|IE_for_all,pro-Israel|IE_against_all,J Street|contrib|2020,J Street|contrib|2022,J Street|contrib|2024,J Street|contrib|2026,J Street|earmarked_all,J Street|IE_for_all,J Street|IE_against_all,critical/pro-Palestinian|contrib|2020,critical/pro-Palestinian|contrib|2022,critical/pro-Palestinian|contrib|2024,critical/pro-Palestinian|contrib|2026,critical/pro-Palestinian|earmarked_all,critical/pro-Palestinian|IE_for_all,critical/pro-Palestinian|IE_against_all
"ADAMS, Alma",21545,D,NC,House,32,H4NC12100,Yea,Yea,Yea,Yea,,Yea,Yea,Yea,Yea,Yea,Yea,Yea,Nay,Yea,Nay,Yea,Yea,Yea,Nay,Yea,Nay,Yea,Yea,Yea,Yea,Yea,Nay,Nay,Yea,,Yea,Yea,Yea,Nay,0.0,7900.0,0.0,0.0,0.0,0.0,0.0,5000.0,3025.0,2108.0,0.0,133.0,0.0,0.0,0.0,0.0,0.0,0.0,0.0,0.0,0.0
"ADERHOLT, Robert",29701,R,AL,House,32,H6AL04098,Yea,Yea,Yea,Nay,,Yea,Yea,Yea,Yea,Yea,Yea,Yea,Yea,Yea,Yea,Yea,Yea,Yea,Yea,Yea,Yea,Yea,Yea,Yea,Yea,Yea,Yea,Yea,Yea,,Yea,Yea,Yea,Yea,0.0,55750.0,5809.0,7104.0,50763.0,0.0,0.0,0.0,0.0,0.0,0.0,0.0,0.0,0.0,0.0,0.0,0.0,0.0,0.0,0.0,0.0
"AGUILAR, Peter Rey",21506,D,CA,House,32,H2CA31125,Yea,Yea,Yea,Yea,,Yea,Yea,Yea,Yea,Yea,Yea,Yea,Nay,Yea,Nay,Yea,Yea,Present,Nay,Yea,Nay,Yea,Yea,Yea,Yea,Yea,Nay,Nay,Yea,,Yea,Yea,Yea,Nay,0.0,88400.0,582319.0,573280.0,1219099.0,0.0,0.0,12150.0,15650.0,40930.0,3250.0,65980.0,0.0,0.0,0.0,0.0,0.0,0.0,0.0,0.0,0.0
"ALFORD, Mark",22300,R,MO,House,26,H2MO04207,,,,,,,,Yea,Yea,Yea,Yea,Yea,Yea,Yea,Yea,Yea,Yea,Yea,Yea,Yea,Yea,Yea,Yea,Yea,Yea,Yea,Yea,Yea,Yea,,Yea,Yea,Yea,Yea,0.0,7500.0,27310.0,39905.0,54715.0,0.0,0.0,0.0,0.0,0.0,0.0,0.0,0.0,0.0,0.0,0.0,0.0,0.0,0.0,0.0,0.0
"ALLEN, Rick W.",21516,R,GA,House,32,H2GA12121,Yea,Yea,Yea,Nay,,Yea,Yea,Yea,Yea,Yea,Yea,Yea,Yea,Yea,Yea,Yea,Yea,Yea,Yea,Yea,Yea,Yea,Yea,Yea,Yea,Yea,Yea,Yea,Yea,,Yea,Yea,Yea,Yea,0.0,10022.0,11584.0,16244.0,12850.0,0.0,0.0,0.0,0.0,0.0,0.0,0.0,0.0,0.0,0.0,0.0,0.0,0.0,0.0,0.0,0.0
"ALLRED, Colin",21900,D,TX,House,28,H8TX32098,Yea,Yea,Yea,Yea,,Yea,Yea,Yea,Yea,Yea,Yea,Yea,Nay,Yea,Nay,Yea,Yea,Yea,Yea,Yea,Nay,Yea,Yea,Yea,Yea,Yea,Nay,Nay,Yea,,,,,,2000.0,46245.0,0.0,0.0,39245.0,0.0,0.0,70932.0,20325.0,4300.0,30450.0,126007.0,0.0,0.0,0.0,0.0,0.0,0.0,0.0,0.0,0.0
"AMO, Gabe",22375,D,RI,House,18,H4RI01265,,,,,,,,,,,,,,,,Yea,Yea,Yea,Nay,Yea,Nay,Yea,Yea,Yea,Yea,Nay,Nay,Nay,Yea,,Yea,Yea,Yea,Nay,0.0,0.0,83443.0,11244.0,77687.0,2800.0,0.0,0.0,0.0,5000.0,2350.0,2350.0,0.0,0.0,0.0,0.0,0.0,0.0,0.0,0.0,0.0
"AMODEI, Mark E.",21196,R,NV,House,32,H2NV02395;H1NV02017;S0NV00237,Yea,Yea,Yea,Nay,,Yea,Yea,Yea,Yea,Yea,Yea,Yea,Yea,Yea,Yea,Yea,Yea,Yea,Yea,Yea,Yea,Yea,Yea,Yea,Yea,Yea,Yea,Yea,Yea,,Yea,Yea,Yea,Yea,0.0,7900.0,14284.0,244.0,4528.0,0.0,0.0,0.0,0.0,0.0,0.0,0.0,0.0,0.0,0.0,0.0,0.0,0.0,0.0,0.0,0.0
"ANSARI, Yassamin",22500,D,AZ,House,4,H4AZ03109,,,,,,,,,,,,,,,,,,,,,,,,,,,,,,,Yea,Yea,Yea,Nay,0.0,0.0,5000.0,0.0,0.0,465631.5,0.0,0.0,0.0,0.0,0.0,0.0,0.0,0.0,0.0,0.0,0.0,0.0,0.0,0.0,0.0
"ARMSTRONG, Kelly",21901,R,ND,House,26,H8ND00096,Yea,Yea,Not voting,Nay,,Yea,Yea,Yea,Yea,Yea,Yea,Yea,Yea,Yea,Yea,Yea,Yea,Yea,Yea,Yea,Yea,Yea,Yea,Yea,Yea,Yea,Yea,Yea,Not voting,,,,,,8500.0,11922.0,-12975.0,0.0,-453.0,0.0,0.0,0.0,0.0,0.0,0.0,0.0,0.0,0.0,0.0,0.0,0.0,0.0,0.0,0.0,0.0
"ARRINGTON, Jodey Cook",21700,R,TX,House,28,H6TX19099,Yea,Yea,Yea,Nay,,Yea,Not voting,Yea,Yea,Yea,Yea,Yea,Yea,Not voting,Yea,Yea,Yea,Yea,Yea,Yea,Yea,Yea,Yea,Yea,Yea,Not voting,Yea,Yea,Yea,,Yea,Not voting,Yea,Yea,0.0,15800.0,11035.0,2461.0,11396.0,0.0,0.0,0.0,0.0,0.0,0.0,0.0,0.0,0.0,0.0,0.0,0.0,0.0,0.0,0.0,0.0
"AUCHINCLOSS, Jake",22100,D,MA,House,27,H0MA04192,,,,,,Yea,Yea,Yea,Yea,Yea,Yea,Not voting,Nay,Yea,Nay,Yea,Yea,Yea,Nay,Yea,Yea,Yea,Yea,Yea,Yea,Nay,Nay,Nay,Yea,,Yea,Yea,Yea,Yea,5000.0,104920.0,430485.0,416896.0,904601.0,0.0,0.0,4050.0,0.0,0.0,5518.0,3068.0,0.0,0.0,0.0,0.0,0.0,0.0,0.0,0.0,0.0
"AXNE, Cynthia",21902,D,IA,House,6,H8IA03124,Yea,Yea,Yea,Yea,,Yea,Yea,,,,,,,,,,,,,,,,,,,,,,,,,,,,2000.0,27300.0,0.0,0.0,15400.0,0.0,0.0,85366.0,87332.0,0.0,0.0,171698.0,0.0,0.0,0.0,0.0,0.0,0.0,0.0,0.0,0.0
"BABIN, Brian",21551,R,TX,House,32,H6TX02079,Yea,Yea,Yea,Nay,,Yea,Yea,Yea,Yea,Yea,Yea,Yea,Yea,Yea,Yea,Yea,Yea,Yea,Yea,Yea,Yea,Yea,Yea,Yea,Yea,Yea,Yea,Yea,Yea,,Yea,Yea,Yea,Yea,0.0,12400.0,-966.0,16211.0,4745.0,0.0,0.0,0.0,0.0,0.0,0.0,0.0,0.0,0.0,0.0,0.0,0.0,0.0,0.0,0.0,0.0
"BACON, Donald J.",21701,R,NE,House,32,H6NE02125,Yea,Yea,Yea,Nay,,Yea,Yea,Yea,Yea,Yea,Yea,Yea,Yea,Yea,Yea,Yea,Yea,Yea,Yea,Yea,Yea,Yea,Yea,Yea,Yea,Yea,Yea,Yea,Yea,,Yea,Yea,Yea,Yea,159644.0,209205.0,728951.0,1000.0,1036450.0,0.0,0.0,0.0,0.0,0.0,0.0,0.0,0.0,0.0,0.0,0.0,0.0,0.0,0.0,0.0,0.0
"BAIRD, James",21903,R,IN,House,31,H8IN04199,Yea,Yea,Yea,Nay,,Yea,Yea,Yea,Yea,Yea,Yea,Yea,Yea,Yea,Yea,Yea,Yea,Yea,Yea,Yea,Yea,Yea,Yea,Yea,Yea,Yea,Yea,Yea,Yea,,Not voting,Yea,Yea,Yea,0.0,10000.0,-4966.0,5494.0,-9472.0,0.0,0.0,0.0,0.0,0.0,0.0,0.0,0.0,0.0,0.0,0.0,0.0,0.0,0.0,0.0,0.0
"BALDERSON, Troy",21759,R,OH,House,32,H8OH12180,Yea,Yea,Yea,Nay,,Yea,Yea,Yea,Yea,Yea,Yea,Yea,Yea,Yea,Yea,Yea,Yea,Yea,Yea,Yea,Yea,Yea,Yea,Yea,Yea,Yea,Yea,Yea,Yea,,Yea,Yea,Yea,Yea,0.0,20000.0,17544.0,22694.0,45238.0,0.0,0.0,0.0,0.0,0.0,0.0,0.0,0.0,0.0,0.0,0.0,0.0,0.0,0.0,0.0,0.0
"BALINT, Becca",22301,D,VT,House,26,H2VT01076,,,,,,,,Yea,Yea,Yea,Yea,Nay,Nay,Yea,Nay,Yea,Yea,Present,Nay,Yea,Nay,Yea,Nay,Yea,Nay,Nay,Nay,Nay,Yea,,Yea,Yea,Yea,Nay,0.0,0.0,0.0,0.0,0.0,0.0,0.0,0.0,10300.0,28838.0,22664.0,59740.0,0.0,0.0,0.0,0.0,0.0,0.0,0.0,0.0,0.0
"BANKS, James E.",21702,R,IN,House,28,H6IN03229;S4IN00196,Yea,Yea,Yea,Nay,,Yea,Yea,Yea,Yea,Yea,Yea,Yea,Yea,Yea,Yea,Yea,Yea,Yea,Yea,Yea,Yea,Yea,Yea,Yea,Yea,Yea,Yea,Yea,Yea,,,,,,0.0,93050.0,497171.0,20600.0,554321.0,0.0,0.0,0.0,0.0,0.0,0.0,0.0,0.0,0.0,0.0,0.0,0.0,0.0,0.0,0.0,0.0
"BARR, Garland H. (Andy), IV",21333,R,KY,House,30,H0KY06104;S6KY00286,Yea,Yea,Yea,Not voting,,Yea,Yea,Yea,Yea,Yea,Yea,Yea,Yea,Yea,Yea,Yea,Yea,Yea,Yea,Yea,Yea,Yea,Yea,Yea,Yea,Yea,Yea,Yea,Yea,,Yea,Not voting,Yea,Yea,11200.0,27736.0,299525.0,81000.0,407361.0,0.0,0.0,0.0,0.0,0.0,0.0,0.0,0.0,0.0,0.0,0.0,0.0,0.0,0.0,0.0,0.0
"BARRAGÁN, Nanette Diaz",21703,D,CA,House,32,H6CA44103,Yea,Yea,Yea,Yea,,Yea,Yea,Yea,Yea,Yea,Yea,Yea,Nay,Yea,Nay,Yea,Yea,Present,Nay,Yea,Nay,Yea,Yea,Yea,Yea,Yea,Nay,Nay,Yea,,Yea,Yea,Yea,Nay,0.0,38350.0,40765.0,0.0,72015.0,0.0,0.0,0.0,0.0,0.0,0.0,0.0,0.0,0.0,0.0,0.0,0.0,0.0,0.0,0.0,0.0
"BARRETT, Tom",22501,R,MI,House,4,H2MI07123,,,,,,,,,,,,,,,,,,,,,,,,,,,,,,,Yea,Yea,Yea,Yea,0.0,3120.0,8760.0,48385.0,42765.0,0.0,0.0,0.0,0.0,0.0,0.0,0.0,0.0,0.0,0.0,0.0,0.0,0.0,0.0,0.0,0.0
"BASS, Karen",21110,D,CA,House,5,H0CA33117,Yea,Yea,Present,Not voting,,Yea,Yea,,,,,,,,,,,,,,,,,,,,,,,,,,,,0.0,0.0,0.0,0.0,0.0,0.0,0.0,15330.0,12700.0,0.0,0.0,23530.0,0.0,0.0,0.0,0.0,0.0,0.0,0.0,0.0,0.0
"BAUMGARTNER, Michael",22502,R,WA,House,4,H4WA05234,,,,,,,,,,,,,,,,,,,,,,,,,,,,,,,Yea,Yea,Yea,Yea,0.0,0.0,10250.0,33563.0,23813.0,0.0,0.0,0.0,0.0,0.0,0.0,0.0,0.0,0.0,0.0,0.0,0.0,0.0,0.0,0.0,0.0
"BEAN, Aaron",22302,R,FL,House,26,H2FL04211,,,,,,,,Yea,Yea,Yea,Yea,Yea,Yea,Yea,Yea,Yea,Yea,Yea,Yea,Yea,Nay,Yea,Yea,Yea,Yea,Yea,Yea,Yea,Yea,,Yea,Yea,Yea,Yea,0.0,10000.0,20633.0,36913.0,37546.0,0.0,0.0,0.0,0.0,0.0,0.0,0.0,0.0,0.0,0.0,0.0,0.0,0.0,0.0,0.0,0.0
"BEATTY, Joyce",21352,D,OH,House,32,H2OH03125,Yea,Yea,Yea,Yea,,Yea,Yea,Yea,Yea,Yea,Yea,Yea,Nay,Yea,Nay,Yea,Yea,Present,Nay,Yea,Nay,Yea,Yea,Yea,Yea,Yea,Nay,Nay,Yea,,Yea,Yea,Yea,Nay,81380.0,35876.0,29575.0,5244.0,133975.0,1320.0,0.0,0.0,0.0,0.0,0.0,0.0,0.0,0.0,0.0,0.0,0.0,0.0,0.0,0.0,0.0
"BEGICH, Nicholas J., III",22503,R,AK,House,4,H2AK01083,,,,,,,,,,,,,,,,,,,,,,,,,,,,,,,Yea,Yea,Yea,Yea,0.0,0.0,5571.0,22852.0,13423.0,0.0,0.0,0.0,0.0,0.0,0.0,0.0,0.0,0.0,0.0,0.0,0.0,0.0,0.0,0.0,0.0
"BELL, Wesley",22504,D,MO,House,3,H4MO01134;S4MO00250,,,,,,,,,,,,,,,,,,,,,,,,,,,,,,,Yea,Yea,Yea,Not voting,0.0,0.0,3046077.0,2161107.0,5174584.0,4529658.41,0.0,0.0,0.0,0.0,0.0,0.0,0.0,0.0,0.0,0.0,0.0,0.0,0.0,0.0,655005.14
"BENTZ, Cliff",22101,R,OR,House,28,H0OR02127,,,,,,Yea,Yea,Yea,Yea,Yea,Yea,Yea,Yea,Yea,Yea,Yea,Yea,Yea,Yea,Yea,Yea,Yea,Yea,Yea,Yea,Yea,Yea,Yea,Yea,,Yea,Yea,Yea,Yea,0.0,0.0,10750.0,-5000.0,750.0,0.0,0.0,0.0,0.0,0.0,0.0,0.0,0.0,0.0,0.0,0.0,0.0,0.0,0.0,0.0,0.0
"BERA, Ami",21304,D,CA,House,32,H0CA03078,Yea,Yea,Yea,Yea,,Yea,Yea,Yea,Yea,Yea,Yea,Yea,Nay,Yea,Nay,Yea,Yea,Yea,Nay,Yea,Nay,Yea,Yea,Yea,Yea,Yea,Nay,Nay,Yea,,Yea,Yea,Yea,Nay,0.0,46650.0,14697.0,0.0,53447.0,0.0,0.0,9950.0,6800.0,5100.0,1250.0,16100.0,0.0,0.0,0.0,0.0,0.0,0.0,0.0,0.0,0.0
"BERGMAN, John",21704,R,MI,House,32,H6MI01226,Yea,Yea,Yea,Nay,,Yea,Yea,Yea,Yea,Yea,Yea,Yea,Yea,Yea,Yea,Yea,Yea,Yea,Yea,Yea,Yea,Yea,Yea,Yea,Yea,Yea,Yea,Yea,Yea,,Yea,Yea,Yea,Yea,0.0,21620.0,21544.0,9244.0,27408.0,0.0,0.0,0.0,0.0,0.0,0.0,0.0,0.0,0.0,0.0,0.0,0.0,0.0,0.0,0.0,0.0
"BEYER, Donald Sternoff Jr.",21554,D,VA,House,31,H4VA08224,Yea,Yea,Yea,Yea,,Yea,Yea,Yea,Yea,Yea,Yea,Yea,Nay,Yea,Nay,Yea,Yea,Present,Nay,Yea,Nay,Yea,Nay,Yea,Nay,Nay,Nay,Nay,Not voting,,Yea,Yea,Yea,Nay,0.0,0.0,0.0,0.0,0.0,0.0,0.0,4500.0,11200.0,8860.0,18850.0,38410.0,0.0,0.0,0.0,0.0,0.0,0.0,0.0,0.0,0.0
"BICE, Stephanie I.",22102,R,OK,House,28,H0OK05205,,,,,,Yea,Yea,Yea,Yea,Yea,Yea,Yea,Yea,Yea,Yea,Yea,Yea,Yea,Yea,Yea,Yea,Yea,Yea,Yea,Yea,Yea,Yea,Yea,Yea,,Yea,Yea,Yea,Yea,5000.0,25430.0,20458.0,26744.0,47632.0,0.0,0.0,0.0,0.0,0.0,0.0,0.0,0.0,0.0,0.0,0.0,0.0,0.0,0.0,0.0,0.0
"BIGGS, Andrew S.",21705,R,AZ,House,32,H6AZ05083,Yea,Nay,Yea,Nay,,Yea,Yea,Yea,Yea,Yea,Yea,Yea,Yea,Yea,Yea,Yea,Yea,Yea,Yea,Yea,Nay,Yea,Yea,Yea,Nay,Nay,Yea,Yea,Nay,,Yea,Yea,Yea,Yea,0.0,25500.0,-5466.0,0.0,10034.0,0.0,0.0,0.0,0.0,0.0,0.0,0.0,0.0,0.0,0.0,0.0,0.0,0.0,0.0,0.0,0.0
"BIGGS, Sheri",22505,R,SC,House,4,H4SC01313,,,,,,,,,,,,,,,,,,,,,,,,,,,,,,,Yea,Yea,Yea,Yea,0.0,0.0,10000.0,5244.0,244.0,0.0,0.0,0.0,0.0,0.0,0.0,0.0,0.0,0.0,0.0,0.0,0.0,0.0,0.0,0.0,0.0
"BILIRAKIS, Gus",20758,R,FL,House,32,H6FL09070,Yea,Yea,Yea,Nay,,Yea,Yea,Yea,Yea,Yea,Yea,Yea,Yea,Yea,Yea,Yea,Yea,Yea,Yea,Yea,Yea,Yea,Yea,Yea,Yea,Yea,Yea,Yea,Yea,,Yea,Yea,Yea,Yea,0.0,10000.0,26344.0,33994.0,40338.0,0.0,0.0,0.0,0.0,0.0,0.0,0.0,0.0,0.0,0.0,0.0,0.0,0.0,0.0,0.0,0.0
"BISHOP, Dan",21986,R,NC,House,25,H0NC09187,,,,Nay,,Yea,Yea,Yea,Yea,Yea,Yea,Yea,Yea,Yea,Yea,Yea,Yea,Yea,Yea,Yea,Yea,Yea,Yea,Yea,Yea,Yea,Yea,Yea,Yea,,,,,,2500.0,17900.0,0.0,0.0,10000.0,0.0,0.0,0.0,0.0,0.0,0.0,0.0,0.0,0.0,0.0,0.0,0.0,0.0,0.0,0.0,0.0
"BISHOP, Robert (Rob)",20357,R,UT,House,4,H2UT01094,Yea,Yea,Yea,Nay,,,,,,,,,,,,,,,,,,,,,,,,,,,,,,,0.0,0.0,0.0,0.0,0.0,0.0,0.0,0.0,0.0,0.0,0.0,0.0,0.0,0.0,0.0,0.0,0.0,0.0,0.0,0.0,0.0
"BISHOP, Sanford Dixon, Jr.",29339,D,GA,House,30,H2GA02031,Yea,Yea,Yea,Yea,,Yea,Yea,Yea,Yea,Yea,Yea,Yea,Nay,Yea,Nay,Not voting,Not voting,Yea,Nay,Yea,Nay,Yea,Yea,Yea,Yea,Yea,Nay,Nay,Yea,,Yea,Yea,Yea,Nay,0.0,33100.0,12525.0,0.0,25725.0,0.0,0.0,1000.0,13100.0,0.0,0.0,8600.0,0.0,0.0,0.0,0.0,0.0,0.0,0.0,0.0,0.0
"BLUMENAUER, Earl",29588,D,OR,House,27,H6OR03064,Yea,Yea,Nay,Yea,,Yea,Yea,Yea,Yea,Yea,Yea,Nay,Nay,Nay,Nay,Yea,Yea,Present,Nay,Yea,Nay,Yea,Yea,Yea,Nay,Nay,Nay,Nay,Not voting,,,,,,0.0,0.0,0.0,0.0,0.0,0.0,0.0,11925.0,13550.0,1750.0,0.0,25225.0,0.0,0.0,0.0,0.0,0.0,0.0,0.0,0.0,0.0
"BLUNT ROCHESTER, Lisa",21706,D,DE,House,28,H6DE00206;S4DE00060,Yea,Yea,Yea,Yea,,Yea,Yea,Yea,Yea,Yea,Yea,Yea,Nay,Yea,Nay,Yea,Yea,Yea,Nay,Yea,Nay,Yea,Yea,Yea,Yea,Yea,Nay,Nay,Yea,,,,,,0.0,0.0,0.0,0.0,0.0,0.0,0.0,3750.0,8150.0,27830.0,7100.0,39830.0,0.0,0.0,0.0,0.0,0.0,0.0,0.0,0.0,0.0
"BOEBERT, Lauren",22103,R,CO,House,25,H0CO03165,,,,,,Yea,Yea,Yea,Yea,Yea,Yea,Yea,Yea,Not voting,Yea,Yea,Yea,Yea,Yea,Yea,Nay,Yea,Yea,Yea,Nay,Nay,Not voting,Yea,Nay,,Yea,Not voting,Yea,Yea,0.0,0.0,0.0,0.0,0.0,0.0,0.0,0.0,0.0,0.0,0.0,0.0,0.0,0.0,0.0,0.0,0.0,0.0,0.0,0.0,0.0
"BONAMICI, Suzanne",21198,D,OR,House,32,H2OR01133,Yea,Yea,Yea,Yea,,Yea,Yea,Yea,Yea,Yea,Yea,Yea,Nay,Yea,Nay,Yea,Yea,Present,Nay,Yea,Nay,Yea,Nay,Yea,Yea,Nay,Nay,Nay,Yea,,Yea,Yea,Yea,Nay,0.0,14000.0,-1975.0,0.0,6025.0,0.0,0.0,2750.0,8499.0,10420.0,4125.0,16294.0,0.0,0.0,0.0,0.0,0.0,0.0,0.0,0.0,0.0
"BOST, Mike",21519,R,IL,House,32,H4IL12060,Yea,Yea,Yea,Nay,,Yea,Yea,Yea,Yea,Yea,Yea,Yea,Yea,Yea,Yea,Yea,Yea,Yea,Yea,Yea,Yea,Yea,Yea,Yea,Yea,Yea,Yea,Yea,Yea,,Yea,Yea,Yea,Yea,0.0,11000.0,48729.0,49750.0,84479.0,0.0,0.0,0.0,0.0,0.0,0.0,0.0,0.0,0.0,0.0,0.0,0.0,0.0,0.0,0.0,0.0
"BOWMAN, Jamaal",22105,D,NY,House,24,H0NY16143,,,,,,Yea,Yea,Nay,Yea,Nay,Nay,Nay,Nay,Nay,Nay,Yea,Yea,Nay,Nay,Yea,Nay,Yea,Nay,Nay,Nay,Nay,Nay,Nay,Yea,,,,,,0.0,0.0,0.0,0.0,0.0,0.0,10606897.8,4800.0,34023.0,2750.0,0.0,37573.0,0.0,0.0,9051.0,10000.0,10000.0,0.0,0.0,1633448.22,0.0
"BOYLE, Brendan Francis",21548,D,PA,House,29,H4PA13199,Yea,Yea,Yea,Yea,,Yea,Yea,Yea,Yea,Yea,Yea,Yea,Nay,Yea,Nay,Yea,Yea,Not voting,Nay,Yea,Nay,Yea,Yea,Yea,Yea,Yea,Nay,Nay,Yea,,Yea,Not voting,Not voting,Nay,10500.0,32250.0,189903.0,123244.0,331797.0,2500.0,0.0,0.0,0.0,0.0,0.0,0.0,0.0,0.0,0.0,0.0,0.0,0.0,0.0,0.0,0.0
"BRADY, Kevin Patrick",29760,R,TX,House,6,H6TX08100,Yea,Yea,Yea,Nay,,Yea,Yea,,,,,,,,,,,,,,,,,,,,,,,,,,,,0.0,0.0,0.0,0.0,0.0,0.0,0.0,0.0,0.0,0.0,0.0,0.0,0.0,0.0,0.0,0.0,0.0,0.0,0.0,0.0,0.0
"BRECHEEN, Josh",22303,R,OK,House,26,H2OK02315,,,,,,,,Yea,Yea,Yea,Yea,Yea,Yea,Yea,Yea,Yea,Yea,Yea,Yea,Yea,Yea,Yea,Yea,Yea,Yea,Nay,Yea,Yea,Nay,,Yea,Yea,Yea,Yea,0.0,5000.0,21009.0,16244.0,27253.0,0.0,0.0,0.0,0.0,0.0,0.0,0.0,0.0,0.0,0.0,0.0,0.0,0.0,0.0,0.0,0.0
"BRESNAHAN, Robert P., Jr.",22506,R,PA,House,4,H4PA08124,,,,,,,,,,,,,,,,,,,,,,,,,,,,,,,Yea,Yea,Yea,Yea,0.0,0.0,9723.0,94068.0,83791.0,0.0,0.0,0.0,0.0,0.0,0.0,0.0,0.0,0.0,0.0,0.0,0.0,0.0,0.0,0.0,0.0
"BRINDISI, Anthony",21904,D,NY,House,4,H8NY22151,Yea,Yea,Yea,Yea,,,,,,,,,,,,,,,,,,,,,,,,,,,,,,,26206.0,0.0,0.0,0.0,20206.0,0.0,0.0,0.0,0.0,0.0,0.0,0.0,0.0,0.0,0.0,0.0,0.0,0.0,0.0,0.0,0.0
"BROOKS, Mo",21193,R,AL,House,6,H0AL05163,Yea,Nay,Yea,Nay,,Yea,Yea,,,,,,,,,,,,,,,,,,,,,,,,,,,,0.0,0.0,0.0,0.0,0.0,0.0,0.0,0.0,0.0,0.0,0.0,0.0,0.0,0.0,0.0,0.0,0.0,0.0,0.0,0.0,0.0
"BROOKS, Susan",21331,R,IN,House,4,H2IN05082,Yea,Yea,Yea,Nay,,,,,,,,,,,,,,,,,,,,,,,,,,,,,,,0.0,0.0,0.0,0.0,0.0,0.0,0.0,0.0,0.0,0.0,0.0,0.0,0.0,0.0,0.0,0.0,0.0,0.0,0.0,0.0,0.0
"BROWN, Anthony Gregory",21707,D,MD,House,6,H6MD04209,Yea,Yea,Yea,Yea,,Yea,Yea,,,,,,,,,,,,,,,,,,,,,,,,,,,,0.0,0.0,0.0,0.0,0.0,0.0,0.0,0.0,0.0,0.0,0.0,0.0,0.0,0.0,0.0,0.0,0.0,0.0,0.0,0.0,0.0
"BROWN, Shontel M.",22161,D,OH,House,27,H2OH11169,,,,,,,Yea,Yea,Yea,Yea,Yea,Yea,Nay,Yea,Nay,Yea,Yea,Present,Nay,Yea,Nay,Yea,Yea,Yea,Yea,Yea,Nay,Nay,Yea,,Yea,Yea,Yea,Nay,0.0,1097310.0,117845.0,38994.0,1221449.0,1576545.01,0.0,0.0,0.0,0.0,0.0,0.0,0.0,0.0,0.0,0.0,0.0,0.0,0.0,0.0,0.0
"BROWNLEY, Julia",21308,D,CA,House,32,H2CA00120,Yea,Yea,Yea,Yea,,Yea,Yea,Yea,Yea,Yea,Yea,Yea,Nay,Yea,Nay,Yea,Yea,Yea,Present,Yea,Nay,Yea,Yea,Yea,Yea,Yea,Nay,Nay,Yea,,Yea,Yea,Yea,Nay,0.0,15200.0,39497.0,1994.0,38791.0,0.0,0.0,8900.0,15450.0,13650.0,2000.0,33500.0,0.0,0.0,0.0,0.0,0.0,0.0,0.0,0.0,0.0
"BUCHANAN, Vernon G.",20709,R,FL,House,32,H6FL13148,Yea,Yea,Yea,Nay,,Yea,Yea,Yea,Yea,Yea,Yea,Yea,Yea,Yea,Yea,Yea,Yea,Yea,Yea,Yea,Yea,Yea,Yea,Yea,Yea,Yea,Yea,Yea,Yea,,Yea,Yea,Yea,Yea,0.0,41750.0,32842.0,1504.0,56096.0,0.0,0.0,0.0,0.0,0.0,0.0,0.0,0.0,0.0,0.0,0.0,0.0,0.0,0.0,0.0,0.0
"BUCK, Kenneth Robert",21510,R,CO,House,20,S0CO00237;H4CO04090,Yea,Nay,Yea,Nay,,Yea,Yea,Yea,Yea,Yea,Yea,Yea,Yea,Yea,Nay,Yea,Not voting,Yea,Yea,Yea,Yea,Yea,,,,,,,,,,,,,0.0,34000.0,0.0,0.0,24000.0,0.0,0.0,0.0,0.0,0.0,0.0,0.0,0.0,0.0,0.0,0.0,0.0,0.0,0.0,0.0,0.0
"BUCSHON, Larry",21132,R,IN,House,27,H0IN08114,Not voting,Yea,Yea,Nay,,Yea,Yea,Yea,Yea,Yea,Yea,Yea,Yea,Yea,Yea,Yea,Yea,Yea,Yea,Yea,Yea,Yea,Yea,Yea,Yea,Yea,Yea,Yea,Yea,,,,,,0.0,7900.0,-475.0,0.0,-475.0,0.0,0.0,0.0,0.0,0.0,0.0,0.0,0.0,0.0,0.0,0.0,0.0,0.0,0.0,0.0,0.0
"BUDD, Theodore Paul",21708,R,NC,House+Senate,6,H6NC13129;S2NC00505,Yea,Nay,Yea,Nay,,Yea,Not voting,,,,,,,,,,,,,,,,,,,,,,,Yea,,,,,0.0,133082.0,0.0,0.0,104082.0,0.0,0.0,0.0,0.0,0.0,0.0,0.0,0.0,0.0,0.0,0.0,0.0,0.0,0.0,0.0,0.0
"BUDZINSKI, Nikki",22304,D,IL,House,26,H2IL13153,,,,,,,,Yea,Yea,Yea,Yea,Yea,Nay,Yea,Nay,Yea,Yea,Yea,Yea,Yea,Nay,Yea,Yea,Yea,Yea,Yea,Nay,Nay,Yea,,Yea,Yea,Yea,Nay,0.0,3000.0,49304.0,61813.0,101117.0,2800.0,0.0,0.0,56315.0,59440.0,27860.0,141217.0,0.0,0.0,0.0,0.0,0.0,0.0,0.0,0.0,0.0
"BURCHETT, Timothy",21905,R,TN,House,32,H8TN02119,Yea,Yea,Yea,Nay,,Yea,Yea,Yea,Yea,Yea,Yea,Yea,Yea,Yea,Yea,Yea,Yea,Yea,Yea,Yea,Yea,Yea,Yea,Yea,Nay,Yea,Yea,Yea,Yea,,Yea,Yea,Yea,Yea,0.0,11000.0,145.0,21994.0,13139.0,0.0,0.0,0.0,0.0,0.0,0.0,0.0,0.0,0.0,0.0,0.0,0.0,0.0,0.0,0.0,0.0
"BURGESS, Michael C.",20355,R,TX,House,28,H2TX26093,Yea,Nay,Yea,Nay,,Yea,Yea,Yea,Yea,Yea,Yea,Yea,Yea,Yea,Yea,Yea,Yea,Yea,Yea,Yea,Yea,Yea,Yea,Yea,Yea,Yea,Yea,Yea,Yea,,,,,,0.0,10900.0,-16975.0,0.0,-11075.0,0.0,0.0,0.0,0.0,0.0,0.0,0.0,0.0,0.0,0.0,0.0,0.0,0.0,0.0,0.0,0.0
"BURLISON, Eric",22305,R,MO,House,26,H2MO07143,,,,,,,,Yea,Yea,Yea,Yea,Yea,Yea,Yea,Yea,Yea,Yea,Yea,Yea,Yea,Yea,Yea,Yea,Yea,Yea,Nay,Yea,Yea,Nay,,Yea,Yea,Yea,Yea,0.0,5000.0,23869.0,11994.0,25863.0,0.0,0.0,0.0,0.0,0.0,0.0,0.0,0.0,0.0,0.0,0.0,0.0,0.0,0.0,0.0,0.0
"BUSH, Cori",22106,D,MO,House,22,H8MO01143,,,,,,Nay,Yea,Nay,Yea,Nay,Nay,Nay,Nay,Nay,Nay,Not voting,Not voting,Nay,Nay,Nay,Nay,Yea,Nay,Nay,Nay,Nay,Nay,Nay,Nay,,,,,,0.0,0.0,0.0,0.0,0.0,0.0,7700051.64,0.0,0.0,0.0,0.0,0.0,0.0,0.0,14970.0,5000.0,10000.0,10000.0,0.0,1638037.69,0.0
"BUSTOS, Cheri",21329,D,IL,House,6,H2IL17071,Yea,Yea,Yea,Yea,,Yea,Yea,,,,,,,,,,,,,,,,,,,,,,,,,,,,5000.0,0.0,0.0,0.0,0.0,0.0,0.0,15300.0,1000.0,0.0,0.0,13300.0,0.0,0.0,0.0,0.0,0.0,0.0,0.0,0.0,0.0
"BUTTERFIELD, George Kenneth, Jr. (G.K.)",20340,D,NC,House,6,H4NC01046,Yea,Yea,Yea,Yea,,Yea,Yea,,,,,,,,,,,,,,,,,,,,,,,,,,,,0.0,0.0,0.0,0.0,0.0,0.0,0.0,3250.0,1000.0,0.0,0.0,250.0,0.0,0.0,0.0,0.0,0.0,0.0,0.0,0.0,0.0
"BYNUM, Janelle S.",22507,D,OR,House,4,H4OR05304,,,,,,,,,,,,,,,,,,,,,,,,,,,,,,,Yea,Yea,Yea,Nay,0.0,0.0,8000.0,0.0,0.0,0.0,0.0,0.0,0.0,0.0,0.0,0.0,0.0,0.0,0.0,0.0,0.0,0.0,0.0,0.0,0.0
"BYRNE, Bradley",21376,R,AL,House,3,H4AL01123,Yea,Yea,Yea,Not voting,,,,,,,,,,,,,,,,,,,,,,,,,,,,,,,0.0,0.0,0.0,0.0,0.0,0.0,0.0,0.0,0.0,0.0,0.0,0.0,0.0,0.0,0.0,0.0,0.0,0.0,0.0,0.0,0.0
"CALVERT, Ken",29323,R,CA,House,32,H2CA37023,Yea,Yea,Yea,Nay,,Yea,Yea,Yea,Yea,Yea,Yea,Yea,Yea,Yea,Yea,Yea,Yea,Yea,Yea,Yea,Yea,Yea,Yea,Yea,Yea,Yea,Yea,Yea,Yea,,Yea,Yea,Yea,Yea,0.0,120736.0,665839.0,238121.0,994296.0,0.0,0.0,0.0,0.0,0.0,0.0,0.0,0.0,0.0,0.0,0.0,0.0,0.0,0.0,0.0,0.0
"CAMMACK, Kat",22107,R,FL,House,28,H0FL03175,,,,,,Yea,Yea,Yea,Yea,Yea,Yea,Yea,Yea,Yea,Yea,Yea,Yea,Yea,Yea,Yea,Yea,Yea,Yea,Yea,Yea,Yea,Yea,Yea,Yea,,Yea,Yea,Yea,Yea,0.0,11517.0,8877.0,34780.0,35174.0,0.0,0.0,0.0,0.0,0.0,0.0,0.0,0.0,0.0,0.0,0.0,0.0,0.0,0.0,0.0,0.0
"CARAVEO, Yadira",22306,D,CO,House,20,H2CO08020,,,,,,,,Yea,Yea,Yea,Yea,Yea,Nay,Yea,Nay,Yea,Yea,Yea,Yea,Yea,Nay,Yea,Not voting,Not voting,Yea,Yea,Nay,Nay,Yea,,,,,,0.0,2000.0,123334.0,0.0,108334.0,0.0,0.0,0.0,47992.0,156334.0,0.0,201350.0,0.0,0.0,0.0,0.0,0.0,0.0,0.0,0.0,0.0
"CARBAJAL, Salud",21709,D,CA,House,32,H6CA24303,Yea,Yea,Yea,Yea,,Yea,Yea,Yea,Yea,Yea,Yea,Yea,Nay,Yea,Nay,Yea,Yea,Yea,Nay,Yea,Nay,Yea,Yea,Yea,Yea,Yea,Nay,Nay,Yea,,Yea,Yea,Yea,Nay,0.0,3900.0,0.0,0.0,1000.0,0.0,0.0,4150.0,4500.0,5850.0,250.0,5250.0,0.0,0.0,0.0,0.0,0.0,0.0,0.0,0.0,0.0
"CAREY, Mike",22162,R,OH,House,27,H2OH15228,,,,,,,Yea,Yea,Yea,Yea,Yea,Yea,Yea,Yea,Yea,Yea,Yea,Yea,Yea,Yea,Yea,Yea,Yea,Yea,Yea,Yea,Yea,Yea,Yea,,Yea,Yea,Yea,Yea,0.0,5000.0,21159.0,46194.0,47353.0,0.0,0.0,0.0,0.0,0.0,0.0,0.0,0.0,0.0,0.0,0.0,0.0,0.0,0.0,0.0,0.0
"CARL, Jerry L.",22108,R,AL,House,24,H0AL01055,,,,,,Yea,Yea,Yea,Yea,Yea,Yea,Yea,Yea,Yea,Yea,Yea,Yea,Yea,Yea,Yea,Yea,Yea,Yea,Yea,Yea,Yea,Yea,Yea,Yea,,,,,,0.0,11250.0,38900.0,62750.0,87900.0,0.0,0.0,0.0,0.0,0.0,0.0,0.0,0.0,0.0,0.0,0.0,0.0,0.0,0.0,0.0,0.0
"CARSON, André",20757,D,IN,House,31,H8IN07184,Yea,Yea,Nay,Yea,,Nay,Yea,Nay,Yea,Nay,Nay,Nay,Nay,Nay,Nay,Yea,Yea,Present,Nay,Yea,Nay,Yea,Nay,Yea,Nay,Nay,Not voting,Nay,Yea,,Yea,Yea,Yea,Nay,0.0,0.0,0.0,0.0,0.0,0.0,0.0,4000.0,3000.0,3500.0,0.0,500.0,0.0,0.0,2500.0,0.0,0.0,0.0,0.0,0.0,0.0
"CARTER, Buddy",21513,R,GA,House,32,H4GA01039;S6GA00374,Yea,Yea,Yea,Nay,,Yea,Yea,Yea,Yea,Yea,Yea,Yea,Yea,Yea,Yea,Yea,Yea,Yea,Yea,Yea,Yea,Yea,Yea,Yea,Yea,Yea,Yea,Yea,Yea,,Yea,Yea,Yea,Yea,0.0,48900.0,48817.0,100.0,78917.0,0.0,0.0,0.0,0.0,0.0,0.0,0.0,0.0,0.0,0.0,0.0,0.0,0.0,0.0,0.0,0.0
"CARTER, John R.",20356,R,TX,House,31,H2TX31044,Not voting,Yea,Yea,Nay,,Yea,Yea,Yea,Yea,Yea,Yea,Yea,Yea,Yea,Yea,Yea,Yea,Yea,Yea,Yea,Yea,Yea,Yea,Yea,Yea,Yea,Yea,Yea,Yea,,Yea,Yea,Yea,Yea,8200.0,5750.0,2509.0,19984.0,21443.0,0.0,0.0,0.0,0.0,0.0,0.0,0.0,0.0,0.0,0.0,0.0,0.0,0.0,0.0,0.0,0.0
"CARTER, Troy",22158,D,LA,House,28,H2LA02149,,,,,,Yea,Yea,Yea,Yea,Yea,Yea,Yea,Nay,Yea,Nay,Yea,Yea,Present,Nay,Yea,Nay,Yea,Yea,Yea,Yea,Nay,Nay,Nay,Yea,,Yea,Yea,Yea,Nay,0.0,25500.0,23650.0,0.0,29750.0,0.0,0.0,0.0,0.0,6600.0,0.0,6600.0,0.0,0.0,0.0,0.0,0.0,0.0,0.0,0.0,0.0
"CARTWRIGHT, Matt",21358,D,PA,House,27,H2PA17079,Yea,Yea,Yea,Not voting,,Yea,Yea,Yea,Yea,Yea,Yea,Yea,Nay,Yea,Nay,Yea,Yea,Yea,Yea,Yea,Yea,Yea,Yea,Yea,Yea,Yea,Yea,Nay,Yea,,,,,,2000.0,12000.0,158581.0,0.0,150581.0,1165.0,0.0,17050.0,23800.0,66175.0,0.0,103525.0,0.0,0.0,0.0,0.0,0.0,0.0,0.0,0.0,0.0
"CASAR, Greg",22307,D,TX,House,26,H2TX35144,,,,,,,,Yea,Yea,Yea,Present,Nay,Nay,Yea,Nay,Yea,Yea,Present,Nay,Yea,Nay,Yea,Nay,Nay,Nay,Nay,Nay,Nay,Yea,,Yea,Yea,Yea,Nay,0.0,0.0,0.0,0.0,0.0,0.0,0.0,0.0,3350.0,9450.0,16750.0,23050.0,0.0,0.0,0.0,6000.0,0.0,2500.0,0.0,107746.0,0.0
"CASE, Ed",20322,D,HI,House,32,H2HI02128,Yea,Yea,Yea,Yea,,Yea,Yea,Yea,Yea,Yea,Yea,Yea,Nay,Yea,Nay,Yea,Yea,Present,Nay,Yea,Nay,Yea,Yea,Yea,Yea,Nay,Nay,Nay,Yea,,Yea,Yea,Yea,Nay,0.0,28150.0,-2250.0,-6.0,5894.0,0.0,0.0,0.0,0.0,0.0,0.0,0.0,0.0,0.0,0.0,0.0,0.0,0.0,0.0,0.0,0.0
"CASTEN, Sean",21906,D,IL,House,32,H8IL06139,Yea,Yea,Yea,Yea,,Yea,Yea,Yea,Yea,Yea,Yea,Yea,Nay,Yea,Nay,Yea,Yea,Present,Nay,Yea,Nay,Yea,Yea,Yea,Yea,Nay,Nay,Nay,Yea,,Yea,Yea,Yea,Nay,0.0,48700.0,0.0,0.0,46700.0,37492.18,0.0,36031.0,53495.0,34385.0,28550.0,148961.0,0.0,0.0,0.0,0.0,0.0,0.0,0.0,0.0,0.0
"CASTOR, Kathy",20708,D,FL,House,31,H6FL11126;H6FL11134,Yea,Yea,Yea,Yea,,Yea,Yea,Yea,Yea,Yea,Yea,Yea,Nay,Yea,Nay,Yea,Yea,Yea,Nay,Yea,Yea,Yea,Yea,Yea,Yea,Yea,Nay,Nay,Not voting,,Yea,Yea,Yea,Yea,0.0,10000.0,12485.0,57792.0,50277.0,0.0,0.0,0.0,0.0,0.0,0.0,0.0,0.0,0.0,0.0,0.0,0.0,0.0,0.0,0.0,0.0
"CASTRO, Joaquin",21362,D,TX,House,30,H2TX35011,Yea,Yea,Yea,Yea,,Yea,Yea,Yea,Yea,Yea,Present,Nay,Nay,Not voting,Nay,Yea,Yea,Present,Nay,Yea,Nay,Yea,Not voting,Yea,Nay,Nay,Nay,Nay,Yea,,Yea,Yea,Yea,Nay,0.0,0.0,0.0,0.0,0.0,0.0,0.0,4500.0,9250.0,7050.0,1000.0,9300.0,0.0,0.0,0.0,0.0,0.0,0.0,0.0,0.0,0.0
"CHABOT, Steve",29550,R,OH,House,6,H8OH01043,Yea,Yea,Yea,Nay,,Yea,Yea,,,,,,,,,,,,,,,,,,,,,,,,,,,,41507.0,40903.0,0.0,0.0,65942.0,0.0,0.0,0.0,0.0,0.0,0.0,0.0,0.0,0.0,0.0,0.0,0.0,0.0,0.0,0.0,0.0
"CHAVEZ-DEREMER, Lori",22308,R,OR,House,22,H2OR05209,,,,,,,,Yea,Yea,Yea,Yea,Yea,Yea,Yea,Yea,Yea,Yea,Yea,Yea,Yea,Yea,Yea,Yea,Yea,Yea,Yea,Yea,Yea,Yea,,,,,,0.0,9542.0,147106.0,0.0,136648.0,0.0,94901.0,0.0,0.0,0.0,0.0,0.0,0.0,0.0,0.0,0.0,0.0,0.0,0.0,0.0,0.0
"CHENEY, Liz",21710,R,WY,House,6,H6WY00159,Yea,Nay,Yea,Nay,,Yea,Yea,,,,,,,,,,,,,,,,,,,,,,,,,,,,5000.0,48150.0,0.0,0.0,48150.0,0.0,0.0,0.0,0.0,0.0,0.0,0.0,0.0,0.0,0.0,0.0,0.0,0.0,0.0,0.0,0.0
"CHERFILUS-MCCORMICK, Sheila",22163,D,FL,House,25,H8FL20032,,,,,,,Yea,Yea,Yea,Yea,Yea,Yea,Nay,Yea,Nay,Yea,Yea,Yea,Nay,Yea,Yea,Yea,Yea,Yea,Yea,Yea,Nay,Nay,Yea,,Yea,Yea,,,0.0,32100.0,143139.0,107794.0,257033.0,0.0,0.0,0.0,0.0,0.0,0.0,0.0,0.0,0.0,0.0,0.0,0.0,0.0,0.0,0.0,0.0
"CHU, Judy",20955,D,CA,House,31,H0CA32101,Yea,Yea,Yea,Yea,,Yea,Yea,Yea,Yea,Yea,Yea,Nay,Nay,Yea,Nay,Yea,Yea,Present,Nay,Yea,Nay,Not voting,Nay,Yea,Nay,Yea,Nay,Nay,Yea,,Yea,Yea,Yea,Nay,0.0,0.0,0.0,0.0,0.0,0.0,0.0,3900.0,5250.0,2000.0,0.0,1150.0,0.0,0.0,0.0,0.0,0.0,0.0,0.0,0.0,0.0
"CICILLINE, David N.",21172,D,RI,House,8,H0RI01073,Yea,Yea,Yea,Yea,,Yea,Yea,Yea,Yea,,,,,,,,,,,,,,,,,,,,,,,,,,4000.0,43725.0,0.0,0.0,45625.0,0.0,0.0,2000.0,4500.0,0.0,0.0,1000.0,0.0,0.0,0.0,0.0,0.0,0.0,0.0,0.0,0.0
"CISCOMANI, Juan",22309,R,AZ,House,25,H2AZ02360,,,,,,,,Yea,Yea,Yea,Yea,Yea,Yea,Yea,Yea,Yea,Yea,Yea,Yea,Yea,Yea,Yea,Yea,Yea,Yea,Yea,Yea,Yea,Yea,,Yea,Yea,Yea,Not voting,0.0,44250.0,693631.0,556396.0,1264277.0,0.0,0.0,0.0,0.0,0.0,0.0,0.0,0.0,0.0,0.0,0.0,0.0,0.0,0.0,0.0,0.0
"CISNEROS, Gil",21907,D,CA,House,8,H8CA39174;H4CA31170,Yea,Yea,Yea,Yea,,,,,,,,,,,,,,,,,,,,,,,,,,,Yea,Yea,Yea,Yea,0.0,0.0,28600.0,57994.0,75594.0,0.0,0.0,34741.0,0.0,1250.0,250.0,36195.0,0.0,0.0,0.0,0.0,0.0,0.0,0.0,0.0,0.0
"CLARK, Katherine M.",21375,D,MA,House,32,H4MA05084,Yea,Yea,Yea,Yea,,Yea,Yea,Yea,Yea,Yea,Yea,Yea,Nay,Yea,Nay,Yea,Yea,Present,Nay,Yea,Nay,Yea,Yea,Yea,Yea,Yea,Nay,Nay,Yea,,Yea,Yea,Yea,Nay,0.0,38300.0,386097.0,136844.0,536241.0,0.0,0.0,17650.0,37950.0,56810.0,69350.0,176760.0,0.0,0.0,0.0,0.0,0.0,0.0,0.0,0.0,0.0
"CLARKE, Yvette Diane",20733,D,NY,House,32,H4NY11138,Yea,Yea,Yea,Yea,,Yea,Yea,Yea,Yea,Yea,Yea,Nay,Nay,Yea,Nay,Yea,Yea,Present,Nay,Yea,Nay,Yea,Nay,Yea,Yea,Nay,Nay,Nay,Yea,,Yea,Yea,Yea,Nay,0.0,22100.0,11925.0,7744.0,26769.0,0.0,0.0,11050.0,14798.0,13700.0,16877.0,49125.0,0.0,0.0,0.0,0.0,0.0,0.0,0.0,0.0,0.0
"CLAY, William Lacy, Jr.",20147,D,MO,House,3,H0MO01066,Yea,Not voting,Yea,Yea,,,,,,,,,,,,,,,,,,,,,,,,,,,,,,,0.0,0.0,0.0,0.0,0.0,0.0,0.0,2250.0,0.0,0.0,0.0,250.0,0.0,0.0,0.0,0.0,0.0,0.0,0.0,0.0,0.0
"CLEAVER, Emanuel, II",20517,D,MO,House,29,H4MO05234,Yea,Yea,Yea,Yea,,Yea,Yea,Yea,Yea,Yea,Yea,Yea,Nay,Yea,Nay,Yea,Yea,Present,Yea,Yea,Nay,Yea,Yea,Yea,Yea,Not voting,Not voting,Nay,Yea,,Yea,Yea,Yea,Not voting,0.0,21800.0,40349.0,0.0,42149.0,0.0,0.0,1000.0,1000.0,4000.0,400.0,400.0,0.0,0.0,0.0,0.0,0.0,0.0,0.0,0.0,0.0
"CLINE, Benjamin",21908,R,VA,House,32,H8VA06104,Yea,Yea,Yea,Nay,,Yea,Yea,Yea,Yea,Yea,Yea,Yea,Yea,Yea,Yea,Yea,Yea,Yea,Yea,Yea,Yea,Yea,Yea,Yea,Yea,Yea,Yea,Yea,Yea,,Yea,Yea,Yea,Yea,0.0,10000.0,15551.0,20744.0,21295.0,0.0,0.0,0.0,0.0,0.0,0.0,0.0,0.0,0.0,0.0,0.0,0.0,0.0,0.0,0.0,0.0
"CLOUD, Michael",21758,R,TX,House,32,H8TX27049,Yea,Yea,Yea,Nay,,Yea,Yea,Yea,Yea,Yea,Yea,Yea,Yea,Yea,Yea,Yea,Yea,Yea,Yea,Yea,Yea,Yea,Yea,Yea,Yea,Nay,Yea,Yea,Nay,,Yea,Yea,Yea,Yea,0.0,6500.0,15010.0,0.0,6510.0,0.0,0.0,0.0,0.0,0.0,0.0,0.0,0.0,0.0,0.0,0.0,0.0,0.0,0.0,0.0,0.0
"CLYBURN, James Enos",39301,D,SC,House,32,H2SC02042,Yea,Yea,Yea,Yea,,Yea,Yea,Yea,Yea,Yea,Yea,Yea,Nay,Yea,Nay,Yea,Yea,Present,Nay,Yea,Nay,Yea,Yea,Yea,Yea,Nay,Nay,Nay,Yea,,Yea,Yea,Yea,Nay,0.0,85200.0,4675.0,0.0,75975.0,0.0,0.0,6500.0,7500.0,8500.0,250.0,750.0,0.0,0.0,0.0,0.0,0.0,0.0,0.0,0.0,0.0
"CLYDE, Andrew S.",22110,R,GA,House,28,H0GA09246,,,,,,Yea,Yea,Yea,Yea,Yea,Yea,Yea,Yea,Yea,Yea,Yea,Yea,Yea,Yea,Yea,Nay,Yea,Yea,Yea,Nay,Nay,Yea,Yea,Nay,,Yea,Yea,Yea,Yea,0.0,0.0,0.0,0.0,0.0,0.0,0.0,0.0,0.0,0.0,0.0,0.0,0.0,0.0,0.0,0.0,0.0,0.0,0.0,0.0,0.0
"COHEN, Stephen",20748,D,TN,House,32,H6TN09068,Yea,Yea,Yea,Yea,,Yea,Yea,Yea,Yea,Yea,Yea,Yea,Nay,Yea,Yea,Yea,Yea,Yea,Yea,Yea,Nay,Yea,Yea,Yea,Yea,Yea,Nay,Nay,Yea,,Yea,Yea,Yea,Nay,0.0,0.0,0.0,1000.0,0.0,0.0,0.0,3500.0,3000.0,4500.0,500.0,2000.0,0.0,0.0,0.0,0.0,0.0,0.0,0.0,0.0,0.0
"COLE, Tom",20344,R,OK,House,31,H2OK04055,Yea,Yea,Yea,Nay,,Yea,Yea,Yea,Yea,Yea,Yea,Yea,Yea,Yea,Yea,Yea,Yea,Yea,Yea,Yea,Yea,Yea,Yea,Yea,Yea,Not voting,Yea,Yea,Yea,,Yea,Yea,Yea,Yea,0.0,33300.0,285497.0,193344.0,487141.0,0.0,0.0,0.0,0.0,0.0,0.0,0.0,0.0,0.0,0.0,0.0,0.0,0.0,0.0,0.0,0.0
"COLLINS, Chris",21345,R,NY,House,3,H8NY29032,Yea,Nay,Yea,,,,,,,,,,,,,,,,,,,,,,,,,,,,,,,,0.0,0.0,0.0,0.0,0.0,0.0,0.0,0.0,0.0,0.0,0.0,0.0,0.0,0.0,0.0,0.0,0.0,0.0,0.0,0.0,0.0
"COLLINS, Doug",21323,R,GA,House,4,H2GA09150,Yea,Yea,Yea,Nay,,,,,,,,,,,,,,,,,,,,,,,,,,,,,,,0.0,0.0,0.0,0.0,0.0,0.0,0.0,0.0,0.0,0.0,0.0,0.0,0.0,0.0,0.0,0.0,0.0,0.0,0.0,0.0,0.0
"COLLINS, Mike",22310,R,GA,House,26,H4GA10071;S6GA00390,,,,,,,,Yea,Yea,Yea,Yea,Yea,Yea,Yea,Yea,Yea,Yea,Yea,Yea,Yea,Yea,Yea,Yea,Yea,Yea,Nay,Yea,Yea,Yea,,Yea,Yea,Yea,Yea,0.0,0.0,0.0,21500.0,16500.0,0.0,0.0,0.0,0.0,0.0,0.0,0.0,0.0,0.0,0.0,0.0,0.0,0.0,0.0,0.0,0.0
"COMER, James",21565,R,KY,House,32,H6KY01110,Yea,Yea,Yea,Nay,,Yea,Yea,Yea,Yea,Yea,Yea,Yea,Yea,Yea,Yea,Yea,Yea,Yea,Yea,Yea,Yea,Yea,Yea,Yea,Yea,Yea,Yea,Yea,Yea,,Yea,Yea,Yea,Yea,0.0,27200.0,12664.0,744.0,22708.0,0.0,0.0,0.0,0.0,0.0,0.0,0.0,0.0,0.0,0.0,0.0,0.0,0.0,0.0,0.0,0.0
"CONAWAY, Herbert C., Jr.",22508,D,NJ,House,4,H4NJ03080,,,,,,,,,,,,,,,,,,,,,,,,,,,,,,,Yea,Yea,Yea,Nay,0.0,0.0,25751.0,0.0,19751.0,0.0,0.0,0.0,0.0,0.0,0.0,0.0,0.0,0.0,0.0,0.0,0.0,0.0,0.0,0.0,0.0
"CONAWAY, K. Michael",20531,R,TX,House,4,H4TX19136;H3TX19021,Yea,Nay,Yea,Nay,,,,,,,,,,,,,,,,,,,,,,,,,,,,,,,0.0,0.0,0.0,0.0,0.0,0.0,0.0,0.0,0.0,0.0,0.0,0.0,0.0,0.0,0.0,0.0,0.0,0.0,0.0,0.0,0.0
"CONNOLLY, Gerald E. (Gerry)",20952,D,VA,House,27,H8VA11062,Yea,Yea,Yea,Yea,,Yea,Yea,Yea,Yea,Yea,Yea,Yea,Nay,Yea,Nay,Yea,Yea,Nay,Yea,Yea,Nay,Yea,Yea,Yea,Yea,Yea,Nay,Nay,Not voting,,Not voting,,,,0.0,0.0,0.0,0.0,0.0,0.0,0.0,5700.0,7500.0,15010.0,3200.0,24410.0,0.0,0.0,0.0,0.0,0.0,0.0,0.0,0.0,0.0
"COOK, Paul",21305,R,CA,House,4,H2CA08164,Yea,Yea,Yea,Nay,,,,,,,,,,,,,,,,,,,,,,,,,,,,,,,0.0,0.0,0.0,0.0,0.0,0.0,0.0,0.0,0.0,0.0,0.0,0.0,0.0,0.0,0.0,0.0,0.0,0.0,0.0,0.0,0.0
"COOPER, James Hayes Shofner",15019,D,TN,House,6,H2TN05131;H2TN04027;S4TN00096,Yea,Yea,Yea,Yea,,Yea,Yea,,,,,,,,,,,,,,,,,,,,,,,,,,,,0.0,145.0,0.0,0.0,145.0,0.0,0.0,0.0,0.0,0.0,0.0,0.0,0.0,0.0,0.0,0.0,0.0,0.0,0.0,0.0,0.0
"CORREA, Jose Luis",21711,D,CA,House,30,H6CA46116,Yea,Yea,Yea,Yea,,Yea,Yea,Yea,Yea,Yea,Not voting,Not voting,Nay,Yea,Nay,Yea,Yea,Present,Nay,Yea,Yea,Yea,Yea,Yea,Yea,Yea,Nay,Nay,Yea,,Yea,Yea,Yea,Nay,9500.0,22201.0,11222.0,20894.0,55917.0,0.0,0.0,0.0,0.0,0.0,0.0,0.0,0.0,0.0,0.0,0.0,0.0,0.0,0.0,0.0,0.0
"COSTA, Jim",20501,D,CA,House,30,H4CA20082,Yea,Yea,Yea,Yea,,Yea,Yea,Yea,Yea,Yea,Yea,Not voting,Nay,Yea,Yea,Yea,Yea,Yea,Yea,Yea,Yea,Yea,Yea,Yea,Yea,Yea,Nay,Nay,Yea,,Yea,Not voting,Yea,Yea,14450.0,51675.0,127672.0,70747.0,231644.0,0.0,0.0,0.0,0.0,0.0,0.0,0.0,0.0,0.0,0.0,0.0,0.0,0.0,0.0,0.0,0.0
"COURTNEY, Joe",20706,D,CT,House,32,H2CT02112,Yea,Yea,Yea,Yea,,Yea,Yea,Yea,Yea,Yea,Yea,Yea,Nay,Yea,Nay,Yea,Yea,Yea,Yea,Yea,Nay,Yea,Yea,Yea,Yea,Yea,Nay,Nay,Yea,,Yea,Yea,Yea,Yea,0.0,22900.0,20352.0,0.0,29352.0,0.0,0.0,9100.0,17100.0,9166.0,10414.0,39770.0,0.0,0.0,0.0,0.0,0.0,0.0,0.0,0.0,0.0
"COX, TJ",21909,D,CA,House,4,H8CA10167,Yea,Yea,Yea,Yea,,,,,,,,,,,,,,,,,,,,,,,,,,,,,,,5000.0,0.0,0.0,0.0,0.0,0.0,0.0,43774.0,0.0,0.0,0.0,43774.0,0.0,0.0,0.0,0.0,0.0,0.0,0.0,0.0,0.0
"CRAIG, Angela",21910,D,MN,House,30,H6MN02131;S6MN00499,Yea,Yea,Yea,Yea,,Yea,Yea,Yea,Not voting,Yea,Yea,Yea,Yea,Yea,Yea,Yea,Yea,Yea,Yea,Yea,Yea,Yea,Yea,Yea,Yea,Yea,Yea,Nay,Yea,,Yea,Not voting,Yea,Nay,7000.0,31913.0,338475.0,235700.0,576588.0,1060.0,0.0,0.0,0.0,0.0,0.0,0.0,0.0,0.0,0.0,0.0,0.0,0.0,0.0,0.0,0.0
"CRANE, Eli",22311,R,AZ,House,26,H2AZ01354,,,,,,,,Yea,Yea,Yea,Yea,Yea,Yea,Yea,Yea,Yea,Yea,Yea,Yea,Yea,Nay,Yea,Yea,Yea,Nay,Nay,Yea,Yea,Nay,,Yea,Yea,Yea,Yea,0.0,0.0,0.0,0.0,0.0,0.0,0.0,0.0,0.0,0.0,0.0,0.0,0.0,0.0,0.0,0.0,0.0,0.0,0.0,0.0,0.0
"CRANK, Jeff",22509,R,CO,House,4,H6CO05142,,,,,,,,,,,,,,,,,,,,,,,,,,,,,,,Yea,Yea,Yea,Yea,0.0,0.0,1000.0,35800.0,36800.0,0.0,0.0,0.0,0.0,0.0,0.0,0.0,0.0,0.0,0.0,0.0,0.0,0.0,0.0,0.0,0.0
"CRAWFORD, Rick",21106,R,AR,House,32,H0AR01083,Yea,Nay,Yea,Nay,,Yea,Yea,Yea,Yea,Yea,Yea,Yea,Yea,Yea,Yea,Yea,Yea,Yea,Yea,Yea,Yea,Yea,Yea,Yea,Yea,Yea,Yea,Yea,Yea,,Yea,Yea,Yea,Yea,0.0,8900.0,5759.0,4994.0,-3497.0,0.0,0.0,0.0,0.0,0.0,0.0,0.0,0.0,0.0,0.0,0.0,0.0,0.0,0.0,0.0,0.0
"CRENSHAW, Daniel",21911,R,TX,House,30,H8TX02166,Yea,Yea,Yea,Nay,,Yea,Yea,Yea,Yea,Yea,Yea,Yea,Yea,Yea,Yea,Yea,Yea,Yea,Not voting,Yea,Yea,Yea,Yea,Yea,Yea,Not voting,Yea,Yea,Yea,,Yea,Yea,Yea,Yea,22850.0,27001.0,82287.0,198386.0,300124.0,0.0,0.0,0.0,0.0,0.0,0.0,0.0,0.0,0.0,0.0,0.0,0.0,0.0,0.0,0.0,0.0
"CRIST, Charlie Joseph, Jr.",21712,D,FL,House,6,H6FL13205,Yea,Yea,Yea,Yea,,Yea,Yea,,,,,,,,,,,,,,,,,,,,,,,,,,,,0.0,0.0,0.0,0.0,0.0,0.0,0.0,0.0,0.0,0.0,0.0,0.0,0.0,0.0,0.0,0.0,0.0,0.0,0.0,0.0,0.0
"CROCKETT, Jasmine",22312,D,TX,House,25,H2TX30178;S6TX00552,,,,,,,,Yea,Yea,Yea,Yea,Yea,Nay,Yea,Nay,Yea,Yea,Present,Nay,Yea,Nay,Yea,Yea,Yea,Yea,Nay,Nay,Nay,Yea,,Yea,Not voting,Yea,Nay,0.0,0.0,0.0,0.0,0.0,0.0,0.0,0.0,0.0,0.0,0.0,0.0,0.0,0.0,0.0,0.0,0.0,0.0,0.0,0.0,0.0
"CROW, Jason",21912,D,CO,House,30,H8CO06229,Not voting,Yea,Yea,Yea,,Yea,Yea,Not voting,Yea,Yea,Yea,Yea,Nay,Yea,Nay,Yea,Yea,Yea,Nay,Yea,Nay,Yea,Yea,Yea,Yea,Yea,Nay,Nay,Yea,,Yea,Yea,Yea,Nay,2000.0,19150.0,0.0,0.0,6650.0,0.0,0.0,54129.0,28307.0,29468.0,35818.0,139588.0,0.0,0.0,0.0,0.0,0.0,0.0,0.0,0.0,0.0
"CUELLAR, Henry",20533,D,TX,House,32,H2TX23082,Yea,Yea,Yea,Yea,,Yea,Yea,Yea,Yea,Yea,Yea,Yea,Nay,Yea,Nay,Yea,Yea,Yea,Yea,Yea,Yea,Yea,Yea,Yea,Yea,Yea,Yea,Yea,Yea,,Yea,Yea,Yea,Yea,17794.0,304855.0,77122.0,128960.0,502831.0,421417.54,0.0,0.0,0.0,0.0,0.0,0.0,0.0,0.0,0.0,0.0,0.0,0.0,0.0,0.0,275000.0
"CUMMINGS, Elijah Eugene",29587,D,MD,House,3,H6MD07160,Yea,Yea,Yea,,,,,,,,,,,,,,,,,,,,,,,,,,,,,,,,0.0,0.0,0.0,0.0,0.0,0.0,0.0,1000.0,0.0,0.0,0.0,0.0,0.0,0.0,0.0,0.0,0.0,0.0,0.0,0.0,0.0
"CUNNINGHAM, Joe",21913,D,SC,House,4,H8SC01116,Yea,Yea,Yea,Yea,,,,,,,,,,,,,,,,,,,,,,,,,,,,,,,0.0,0.0,0.0,0.0,0.0,0.0,0.0,0.0,0.0,0.0,0.0,0.0,0.0,0.0,0.0,0.0,0.0,0.0,0.0,0.0,0.0
"CURTIS, John R.",21755,R,UT,House,27,H8UT03238;S4UT00282,Yea,Yea,Yea,Nay,,Yea,Yea,Yea,Yea,Yea,Yea,Not voting,Yea,Yea,Yea,Yea,Yea,Yea,Yea,Yea,Yea,Yea,Yea,Yea,Yea,Yea,Yea,Yea,Yea,,,,,,0.0,64900.0,48075.0,0.0,95075.0,0.0,0.0,0.0,0.0,0.0,0.0,0.0,0.0,0.0,0.0,0.0,0.0,0.0,0.0,0.0,0.0
"CÁRDENAS, Tony",21309,D,CA,House,26,H2CA28113,Yea,Yea,Yea,Yea,,Yea,Yea,Yea,Yea,Yea,Yea,Nay,Nay,Yea,Nay,Yea,Yea,Present,Nay,Yea,Nay,Yea,Not voting,Yea,Yea,Nay,Nay,Nay,Not voting,,,,,,29650.0,58600.0,31075.0,0.0,117225.0,0.0,0.0,0.0,0.0,0.0,0.0,0.0,0.0,0.0,0.0,0.0,0.0,0.0,0.0,0.0,0.0
"D'ESPOSITO, Anthony",22313,R,NY,House,20,H2NY04277,,,,,,,,Yea,Yea,Yea,Yea,Yea,Yea,Yea,Not voting,Yea,Yea,Yea,Yea,Yea,Yea,Yea,Yea,Yea,Yea,Yea,Yea,Not voting,Yea,,,,,,0.0,7507.0,120989.0,0.0,108496.0,0.0,52847.68,0.0,0.0,0.0,0.0,0.0,0.0,0.0,0.0,0.0,0.0,0.0,0.0,0.0,0.0
"DAVIDS, Sharice",21914,D,KS,House,32,H8KS03155,Yea,Yea,Yea,Yea,,Yea,Yea,Yea,Yea,Yea,Yea,Yea,Nay,Yea,Nay,Yea,Yea,Present,Yea,Yea,Nay,Yea,Yea,Yea,Yea,Yea,Nay,Nay,Yea,,Yea,Yea,Yea,Nay,2000.0,40210.0,41004.0,0.0,63314.0,0.0,0.0,19000.0,39852.0,59555.0,5775.0,123057.0,0.0,0.0,0.0,0.0,0.0,0.0,0.0,0.0,0.0
"DAVIDSON, Warren",21564,R,OH,House,31,H6OH08315,Not voting,Yea,Yea,Nay,,Yea,Yea,Yea,Yea,Yea,Yea,Yea,Yea,Yea,Yea,Yea,Yea,Yea,Yea,Yea,Nay,Yea,Yea,Yea,Nay,Nay,Nay,Yea,Yea,,Yea,Yea,Yea,Nay,0.0,0.0,0.0,0.0,0.0,0.0,0.0,0.0,0.0,0.0,0.0,0.0,0.0,0.0,0.0,0.0,0.0,0.0,0.0,0.0,0.0
"DAVIS, Danny K.",29717,D,IL,House,30,H4IL07037,Yea,Yea,Present,Yea,,Yea,Yea,Yea,Yea,Yea,Yea,Yea,Nay,Yea,Nay,Yea,Yea,Present,Nay,Yea,Nay,Yea,Nay,Yea,Yea,Nay,Not voting,Nay,Yea,,Yea,Not voting,Yea,Nay,0.0,0.0,0.0,0.0,0.0,0.0,0.0,2250.0,2750.0,7000.0,0.0,3000.0,0.0,0.0,0.0,0.0,0.0,0.0,0.0,0.0,0.0
"DAVIS, Don",22314,D,NC,House,25,H2NC02287,,,,,,,,Yea,Yea,Not voting,Yea,Yea,Yea,Yea,Yea,Yea,Yea,Yea,Yea,Yea,Yea,Yea,Yea,Yea,Yea,Yea,Yea,Yea,Yea,,Yea,Yea,Yea,Yea,0.0,140610.0,810169.0,533481.0,1445360.0,90240.0,0.0,0.0,0.0,0.0,0.0,0.0,0.0,0.0,0.0,0.0,0.0,0.0,0.0,0.0,0.0
"DAVIS, Rodney",21328,R,IL,House,6,H2IL13120,Yea,Yea,Yea,Nay,,Yea,Yea,,,,,,,,,,,,,,,,,,,,,,,,,,,,10950.0,29959.0,0.0,0.0,28409.0,0.0,0.0,0.0,0.0,0.0,0.0,0.0,0.0,0.0,0.0,0.0,0.0,0.0,0.0,0.0,0.0
"DAVIS, Susan A.",20108,D,CA,House,4,H0CA49055,Yea,Yea,Yea,Yea,,,,,,,,,,,,,,,,,,,,,,,,,,,,,,,0.0,0.0,0.0,0.0,0.0,0.0,0.0,0.0,0.0,0.0,0.0,0.0,0.0,0.0,0.0,0.0,0.0,0.0,0.0,0.0,0.0
"DE LA CRUZ, Monica",22315,R,TX,House,25,H0TX15124,,,,,,,,Yea,Yea,Yea,Yea,Yea,Yea,Yea,Yea,Yea,Yea,Yea,Yea,Yea,Yea,Yea,Yea,Yea,Yea,Not voting,Yea,Yea,Yea,,Yea,Yea,Yea,Yea,0.0,8847.0,63663.0,62397.0,107407.0,0.0,0.0,0.0,0.0,0.0,0.0,0.0,0.0,0.0,0.0,0.0,0.0,0.0,0.0,0.0,0.0
"DEAN, Madeleine",21915,D,PA,House,31,H8PA04116,Yea,Yea,Yea,Yea,,Yea,Yea,Yea,Yea,Yea,Yea,Yea,Nay,Yea,Nay,Yea,Yea,Present,Nay,Yea,Nay,Yea,Present,Yea,Yea,Yea,Nay,Nay,Yea,,Yea,Not voting,Yea,Nay,0.0,500.0,0.0,0.0,500.0,0.0,0.0,0.0,3550.0,27780.0,23300.0,52630.0,0.0,0.0,0.0,0.0,0.0,0.0,0.0,0.0,0.0
"DEGETTE, Diana",29710,D,CO,House,32,H6CO01141,Yea,Yea,Yea,Yea,,Yea,Yea,Yea,Yea,Yea,Yea,Yea,Nay,Yea,Nay,Yea,Yea,Present,Nay,Yea,Nay,Yea,Yea,Yea,Yea,Nay,Nay,Nay,Yea,,Yea,Yea,Yea,Nay,0.0,3400.0,0.0,0.0,500.0,0.0,0.0,6350.0,13070.0,9750.0,27350.0,44020.0,0.0,0.0,0.0,0.0,0.0,0.0,0.0,0.0,207358.01
"DELBENE, Suzan K.",31101,D,WA,House,32,H0WA08046,Yea,Yea,Yea,Yea,,Yea,Yea,Yea,Yea,Yea,Yea,Yea,Nay,Yea,Nay,Yea,Yea,Present,Nay,Yea,Nay,Yea,Yea,Yea,Yea,Yea,Nay,Nay,Yea,,Yea,Yea,Yea,Nay,0.0,7900.0,122751.0,61894.0,174645.0,0.0,0.0,3000.0,3500.0,6000.0,0.0,0.0,0.0,0.0,0.0,0.0,0.0,0.0,0.0,0.0,0.0
"DELGADO, Antonio",21916,D,NY,House,6,H8NY19181,Yea,Yea,Yea,Yea,,Yea,Yea,,,,,,,,,,,,,,,,,,,,,,,,,,,,2000.0,500.0,0.0,0.0,500.0,0.0,0.0,34195.0,22688.0,0.0,0.0,58550.0,0.0,0.0,0.0,0.0,0.0,0.0,0.0,0.0,0.0
"DELUZIO, Chris",22316,D,PA,House,25,H2PA17103,,,,,,,,Yea,Yea,Not voting,Yea,Yea,Nay,Yea,Nay,Yea,Yea,Yea,Yea,Yea,Nay,Yea,Yea,Yea,Yea,Yea,Nay,Nay,Yea,,Yea,Yea,Yea,Nay,0.0,0.0,39901.0,0.0,33901.0,1430.0,0.0,0.0,24085.0,169994.0,75416.0,261804.0,0.0,0.0,0.0,0.0,0.0,0.0,0.0,0.0,0.0
"DEMINGS, Valdez",21713,D,FL,House,6,H2FL08063,Yea,Yea,Yea,Yea,,Yea,Yea,,,,,,,,,,,,,,,,,,,,,,,,,,,,0.0,0.0,0.0,0.0,0.0,0.0,0.0,0.0,0.0,0.0,0.0,0.0,0.0,0.0,0.0,0.0,0.0,0.0,0.0,0.0,0.0
"DESAULNIER, Mark James",21504,D,CA,House,30,H0CA10073,Yea,Yea,Yea,Yea,,Yea,Yea,Nay,Yea,Yea,Yea,Nay,Not voting,Not voting,Nay,Yea,Yea,Present,Nay,Yea,Nay,Yea,Nay,Yea,Nay,Nay,Nay,Nay,Yea,,Yea,Yea,Yea,Nay,0.0,0.0,0.0,0.0,0.0,0.0,0.0,3900.0,4000.0,6000.0,250.0,1900.0,0.0,0.0,0.0,0.0,0.0,0.0,0.0,0.0,0.0
"DESJARLAIS, Scott",21179,R,TN,House,28,H0TN04195,Yea,Yea,Yea,Nay,,Yea,Yea,Yea,Not voting,Yea,Yea,Yea,Yea,Yea,Yea,Not voting,Not voting,Yea,Yea,Yea,Yea,Yea,Yea,Yea,Nay,Yea,Yea,Yea,Not voting,,Yea,Yea,Yea,Yea,0.0,9700.0,-990.0,19994.0,13704.0,0.0,0.0,0.0,0.0,0.0,0.0,0.0,0.0,0.0,0.0,0.0,0.0,0.0,0.0,0.0,0.0
"DEUTCH, Theodore E. (Ted)",20959,D,FL,House,6,H0FL19080,Yea,Yea,Yea,Yea,,Yea,Yea,,,,,,,,,,,,,,,,,,,,,,,,,,,,50447.0,29220.0,0.0,0.0,76652.0,0.0,0.0,0.0,0.0,0.0,0.0,0.0,0.0,0.0,0.0,0.0,0.0,0.0,0.0,0.0,0.0
"DEXTER, Maxine",22510,D,OR,House,4,H4OR03192,,,,,,,,,,,,,,,,,,,,,,,,,,,,,,,Yea,Yea,Yea,Nay,0.0,0.0,0.0,0.0,0.0,0.0,0.0,0.0,0.0,0.0,0.0,0.0,0.0,0.0,0.0,0.0,0.0,0.0,0.0,0.0,0.0
"DIAZ-BALART, Mario",20316,R,FL,House,30,H2FL25018,Yea,Yea,Yea,Nay,,Yea,Not voting,Yea,Yea,Yea,Yea,Yea,Yea,Yea,Yea,Yea,Yea,Yea,Yea,Yea,Yea,Yea,Yea,Yea,Yea,Not voting,Yea,Yea,Yea,,Yea,Yea,Yea,Yea,0.0,37600.0,489807.0,548698.0,1051105.0,0.0,0.0,0.0,0.0,0.0,0.0,0.0,0.0,0.0,0.0,0.0,0.0,0.0,0.0,0.0,0.0
"DINGELL, Debbie",21529,D,MI,House,31,H4MI12079,Yea,Yea,Nay,Yea,,Yea,Yea,Yea,Yea,Yea,Yea,Yea,Nay,Yea,Nay,Yea,Yea,Present,Nay,Yea,Nay,Yea,Nay,Yea,Not voting,Yea,Nay,Nay,Yea,,Yea,Yea,Yea,Nay,0.0,0.0,0.0,0.0,0.0,0.0,0.0,4050.0,4000.0,4625.0,0.0,175.0,0.0,0.0,2000.0,0.0,0.0,0.0,0.0,1337.97,0.0
"DOGGETT, Lloyd Alton, II",29571,D,TX,House,32,H4TX10028,Yea,Yea,Yea,Yea,,Yea,Yea,Yea,Yea,Yea,Yea,Yea,Nay,Yea,Nay,Yea,Yea,Present,Nay,Yea,Nay,Yea,Yea,Yea,Nay,Nay,Nay,Nay,Yea,,Yea,Yea,Yea,Nay,0.0,0.0,0.0,0.0,0.0,0.0,0.0,8000.0,7250.0,4000.0,500.0,10500.0,0.0,0.0,0.0,0.0,0.0,0.0,0.0,0.0,0.0
"DONALDS, Byron",22111,R,FL,House,27,H2FL14186,,,,,,Yea,Yea,Yea,Yea,Yea,Yea,Yea,Yea,Yea,Yea,Yea,Yea,Yea,Yea,Yea,Yea,Yea,Yea,Yea,Yea,Nay,Yea,Yea,Yea,,Yea,Yea,Yea,Not voting,0.0,19410.0,32347.0,5000.0,41757.0,0.0,0.0,0.0,0.0,0.0,0.0,0.0,0.0,0.0,0.0,0.0,0.0,0.0,0.0,0.0,0.0
"DOWNING, Troy",22511,R,MT,House,4,H4MT02098,,,,,,,,,,,,,,,,,,,,,,,,,,,,,,,Yea,Yea,Yea,Yea,0.0,0.0,10000.0,20369.0,15369.0,0.0,0.0,0.0,0.0,0.0,0.0,0.0,0.0,0.0,0.0,0.0,0.0,0.0,0.0,0.0,0.0
"DOYLE, Michael F.",29561,D,PA,House,6,H4PA18131,Yea,Yea,Yea,Yea,,Yea,Yea,,,,,,,,,,,,,,,,,,,,,,,,,,,,0.0,0.0,0.0,0.0,0.0,0.0,0.0,7050.0,1000.0,0.0,0.0,6050.0,0.0,0.0,0.0,0.0,0.0,0.0,0.0,0.0,0.0
"DUARTE, John",22317,R,CA,House,22,H2CA13131,,,,,,,,Yea,Yea,Yea,Yea,Yea,Yea,Yea,Nay,Yea,Yea,Yea,Yea,Yea,Yea,Yea,Yea,Yea,Yea,Yea,Yea,Yea,Yea,,,,,,0.0,3171.0,41781.0,0.0,34952.0,0.0,0.0,0.0,0.0,0.0,0.0,0.0,0.0,0.0,0.0,0.0,0.0,0.0,0.0,0.0,0.0
"DUFFY, Sean",21189,R,WI,House,3,H0WI07051,Yea,Yea,Yea,,,,,,,,,,,,,,,,,,,,,,,,,,,,,,,,0.0,0.0,0.0,0.0,0.0,0.0,0.0,0.0,0.0,0.0,0.0,0.0,0.0,0.0,0.0,0.0,0.0,0.0,0.0,0.0,0.0
"DUNCAN, Jeff",21174,R,SC,House,28,H0SC03077,Yea,Nay,Yea,Nay,,Yea,Yea,Yea,Yea,Yea,Yea,Yea,Yea,Yea,Yea,Yea,Yea,Yea,Yea,Yea,Yea,Yea,Yea,Yea,Yea,Yea,Yea,Yea,Yea,,,,,,0.0,7900.0,250.0,0.0,250.0,0.0,0.0,0.0,0.0,0.0,0.0,0.0,0.0,0.0,0.0,0.0,0.0,0.0,0.0,0.0,0.0
"DUNN, Neal Patrick",21714,R,FL,House,28,H6FL02208,Yea,Yea,Yea,Nay,,Yea,Yea,Yea,Yea,Yea,Yea,Yea,Yea,Yea,Yea,Yea,Yea,Not voting,Yea,Yea,Yea,Yea,Yea,Yea,Yea,Yea,Yea,Not voting,Yea,,Yea,Yea,Not voting,Not voting,0.0,11200.0,23118.0,15369.0,31787.0,0.0,0.0,0.0,0.0,0.0,0.0,0.0,0.0,0.0,0.0,0.0,0.0,0.0,0.0,0.0,0.0
"DeFAZIO, Peter Anthony",15410,D,OR,House,6,H6OR04047;S6OR00151,Yea,Yea,Yea,Yea,,Yea,Yea,,,,,,,,,,,,,,,,,,,,,,,,,,,,0.0,0.0,0.0,0.0,0.0,0.0,0.0,6625.0,8000.0,0.0,0.0,10125.0,0.0,0.0,0.0,0.0,0.0,0.0,0.0,0.0,0.0
"DeLAURO, Rosa L.",29109,D,CT,House,32,H0CT03072,Yea,Yea,Yea,Yea,,Yea,Yea,Yea,Yea,Yea,Yea,Yea,Nay,Yea,Nay,Yea,Yea,Yea,Nay,Yea,Nay,Yea,Yea,Yea,Yea,Yea,Nay,Nay,Yea,,Yea,Yea,Yea,Nay,0.0,40100.0,9801.0,1244.0,38245.0,0.0,0.0,19850.0,12650.0,28279.0,20250.0,74467.0,0.0,0.0,0.0,0.0,0.0,0.0,0.0,0.0,0.0
"EDWARDS, Chuck",22318,R,NC,House,26,H2NC14050,,,,,,,,Yea,Yea,Yea,Yea,Yea,Yea,Yea,Yea,Yea,Yea,Yea,Yea,Yea,Yea,Yea,Yea,Yea,Yea,Yea,Yea,Yea,Yea,,Yea,Yea,Yea,Yea,0.0,10000.0,34095.0,29602.0,43697.0,0.0,0.0,0.0,0.0,0.0,0.0,0.0,0.0,0.0,0.0,0.0,0.0,0.0,0.0,0.0,0.0
"ELFRETH, Sarah",22512,D,MD,House,4,H4MD03156,,,,,,,,,,,,,,,,,,,,,,,,,,,,,,,Yea,Yea,Yea,Nay,0.0,0.0,7500.0,0.0,1500.0,4220199.08,0.0,0.0,0.0,0.0,0.0,0.0,0.0,0.0,0.0,0.0,0.0,0.0,0.0,0.0,0.0
"ELLZEY, Jake",22160,R,TX,House,28,H8TX06266,,,,,,Yea,Yea,Yea,Yea,Yea,Yea,Yea,Yea,Yea,Yea,Yea,Yea,Yea,Yea,Yea,Yea,Yea,Yea,Yea,Yea,Yea,Yea,Yea,Yea,,Yea,Yea,Yea,Yea,0.0,27802.0,95043.0,68797.0,166642.0,0.0,0.0,0.0,0.0,0.0,0.0,0.0,0.0,0.0,0.0,0.0,0.0,0.0,0.0,0.0,0.0
"EMMER, Thomas Earl, II",21531,R,MN,House,31,H4MN06087,Yea,Yea,Yea,Not voting,,Yea,Yea,Yea,Yea,Yea,Yea,Yea,Yea,Yea,Yea,Yea,Yea,Yea,Yea,Yea,Yea,Yea,Yea,Yea,Yea,Yea,Yea,Yea,Yea,,Yea,Yea,Yea,Yea,12750.0,11026.0,452372.0,427084.0,873232.0,0.0,0.0,0.0,0.0,0.0,0.0,0.0,0.0,0.0,0.0,0.0,0.0,0.0,0.0,0.0,0.0
"ENGEL, Eliot Lance",15603,D,NY,House,4,H8NY19058,Yea,Yea,Yea,Yea,,,,,,,,,,,,,,,,,,,,,,,,,,,,,,,214426.0,0.0,0.0,0.0,179301.0,927192.32,0.0,0.0,0.0,0.0,0.0,0.0,0.0,0.0,0.0,0.0,0.0,0.0,0.0,0.0,300000.0
"ESCOBAR, Veronica",21917,D,TX,House,31,H8TX16109,Yea,Yea,Yea,Yea,,Yea,Yea,Yea,Yea,Yea,Yea,Nay,Nay,Yea,Nay,Yea,Yea,Present,Nay,Yea,Nay,Yea,Nay,Yea,Yea,Yea,Nay,Nay,Yea,,Yea,Not voting,Yea,Nay,0.0,8700.0,0.0,0.0,8700.0,0.0,0.0,4800.0,3500.0,7425.0,23786.0,28475.0,0.0,0.0,0.0,0.0,0.0,0.0,0.0,0.0,0.0
"ESHOO, Anna Georges",29312,D,CA,House,28,H8CA12098,Yea,Yea,Yea,Yea,,Yea,Yea,Yea,Yea,Yea,Yea,Yea,Nay,Yea,Nay,Yea,Yea,Yea,Nay,Yea,Nay,Yea,Yea,Yea,Yea,Yea,Nay,Nay,Yea,,,,,,0.0,0.0,0.0,0.0,0.0,0.0,0.0,11800.0,7500.0,9650.0,0.0,22450.0,0.0,0.0,0.0,0.0,0.0,0.0,0.0,0.0,0.0
"ESPAILLAT, Adriano J.",21715,D,NY,House,32,H2NY13096,Yea,Yea,Yea,Yea,,Yea,Yea,Yea,Yea,Yea,Yea,Yea,Nay,Yea,Nay,Yea,Yea,Present,Yea,Yea,Yea,Yea,Yea,Yea,Yea,Yea,Nay,Nay,Yea,,Yea,Yea,Yea,Nay,0.0,26200.0,171954.0,135404.0,311358.0,0.0,0.0,0.0,0.0,0.0,0.0,0.0,0.0,0.0,0.0,0.0,0.0,0.0,0.0,0.0,529900.92
"ESTES, Ron",21750,R,KS,House,30,H8KS04112,Yea,Yea,Yea,Nay,,Yea,Not voting,Not voting,Yea,Yea,Yea,Yea,Yea,Yea,Yea,Yea,Yea,Yea,Yea,Yea,Yea,Yea,Yea,Yea,Yea,Yea,Yea,Yea,Yea,,Yea,Yea,Yea,Yea,0.0,17150.0,33060.0,24494.0,37704.0,0.0,0.0,0.0,0.0,0.0,0.0,0.0,0.0,0.0,0.0,0.0,0.0,0.0,0.0,0.0,0.0
"EVANS, Dwight",21566,D,PA,House,25,H6PA02171,Yea,Yea,Yea,Yea,,Yea,Yea,Yea,Yea,Yea,Yea,Not voting,Nay,Yea,Nay,Not voting,Not voting,Present,Nay,Yea,Nay,Yea,Yea,Yea,Yea,Nay,Not voting,Not voting,Not voting,,Not voting,Yea,Yea,Nay,0.0,0.0,0.0,0.0,0.0,0.0,0.0,4940.0,10750.0,4090.0,500.0,13190.0,0.0,0.0,0.0,0.0,0.0,0.0,0.0,0.0,0.0
"EVANS, Gabe",22513,R,CO,House,4,H4CO08034,,,,,,,,,,,,,,,,,,,,,,,,,,,,,,,Yea,Yea,Yea,Yea,0.0,0.0,7649.0,74066.0,69215.0,0.0,0.0,0.0,0.0,0.0,0.0,0.0,0.0,0.0,0.0,0.0,0.0,0.0,0.0,0.0,0.0
"EZELL, Mike",22319,R,MS,House,26,H2MS04258,,,,,,,,Yea,Yea,Yea,Yea,Yea,Yea,Yea,Yea,Yea,Yea,Yea,Yea,Yea,Yea,Yea,Yea,Yea,Yea,Yea,Yea,Yea,Yea,,Yea,Yea,Yea,Yea,0.0,5000.0,18189.0,22797.0,30986.0,0.0,0.0,0.0,0.0,0.0,0.0,0.0,0.0,0.0,0.0,0.0,0.0,0.0,0.0,0.0,0.0
"FALLON, Pat",22112,R,TX,House,28,H0TX04219,,,,,,Yea,Yea,Yea,Yea,Yea,Yea,Yea,Yea,Yea,Yea,Yea,Yea,Yea,Yea,Yea,Yea,Yea,Yea,Yea,Yea,Yea,Yea,Yea,Yea,,Yea,Yea,Yea,Yea,0.0,21125.0,40176.0,28569.0,67870.0,0.0,0.0,0.0,0.0,0.0,0.0,0.0,0.0,0.0,0.0,0.0,0.0,0.0,0.0,0.0,0.0
"FEDORCHAK, Julie",22514,R,ND,House,4,H4ND00061,,,,,,,,,,,,,,,,,,,,,,,,,,,,,,,Yea,Yea,Yea,Yea,0.0,0.0,19264.0,25300.0,27064.0,0.0,0.0,0.0,0.0,0.0,0.0,0.0,0.0,0.0,0.0,0.0,0.0,0.0,0.0,0.0,0.0
"FEENSTRA, Randy",22113,R,IA,House,28,H0IA04145,,,,,,Yea,Yea,Yea,Yea,Yea,Yea,Yea,Yea,Yea,Yea,Yea,Yea,Yea,Yea,Yea,Yea,Yea,Yea,Yea,Yea,Yea,Yea,Yea,Yea,,Yea,Yea,Yea,Yea,15082.0,23650.0,36007.0,0.0,51839.0,0.0,0.0,0.0,0.0,0.0,0.0,0.0,0.0,0.0,0.0,0.0,0.0,0.0,0.0,0.0,0.0
"FERGUSON, Anderson Drew IV",21717,R,GA,House,27,H6GA03113,Yea,Yea,Yea,Nay,,Yea,Yea,Yea,Yea,Yea,Yea,Yea,Yea,Yea,Yea,Yea,Yea,Yea,Yea,Yea,Yea,Yea,Yea,Yea,Yea,Yea,Not voting,Yea,Yea,,,,,,0.0,26600.0,750.0,0.0,25250.0,0.0,0.0,0.0,0.0,0.0,0.0,0.0,0.0,0.0,0.0,0.0,0.0,0.0,0.0,0.0,0.0
"FIELDS, Cleo",29354,D,LA,House,4,H4LA06211,,,,,,,,,,,,,,,,,,,,,,,,,,,,,,,Yea,Yea,Yea,Nay,0.0,0.0,0.0,0.0,0.0,0.0,0.0,0.0,0.0,0.0,0.0,0.0,0.0,0.0,0.0,0.0,0.0,0.0,0.0,0.0,0.0
"FIGURES, Shomari",22515,D,AL,House,4,H4AL02170,,,,,,,,,,,,,,,,,,,,,,,,,,,,,,,Yea,Yea,Yea,Nay,0.0,0.0,37200.0,500.0,31700.0,1400.0,0.0,0.0,0.0,0.0,0.0,0.0,0.0,0.0,0.0,0.0,0.0,0.0,0.0,0.0,0.0
"FINE, Randy",22562,R,FL,House,4,H6FL06258,,,,,,,,,,,,,,,,,,,,,,,,,,,,,,,Yea,Yea,Yea,Yea,0.0,0.0,75200.0,599431.0,649631.0,0.0,0.0,0.0,0.0,0.0,0.0,0.0,0.0,0.0,0.0,0.0,0.0,0.0,0.0,0.0,0.0
"FINKENAUER, Abby",21918,D,IA,House,4,H8IA01094,Yea,Yea,Yea,Yea,,,,,,,,,,,,,,,,,,,,,,,,,,,,,,,2000.0,0.0,0.0,0.0,0.0,0.0,0.0,60636.0,0.0,0.0,0.0,60316.0,0.0,0.0,0.0,0.0,0.0,0.0,0.0,0.0,0.0
"FINSTAD, Brad",22167,R,MN,House,26,H2MN01223,,,,,,,,Yea,Yea,Yea,Yea,Yea,Yea,Yea,Yea,Yea,Yea,Yea,Yea,Yea,Yea,Yea,Yea,Yea,Yea,Yea,Yea,Yea,Yea,,Yea,Yea,Yea,Yea,0.0,5000.0,21510.0,42244.0,43754.0,0.0,0.0,0.0,0.0,0.0,0.0,0.0,0.0,0.0,0.0,0.0,0.0,0.0,0.0,0.0,0.0
"FISCHBACH, Michelle",22114,R,MN,House,28,H0MN07091,,,,,,Yea,Yea,Yea,Yea,Yea,Yea,Yea,Yea,Yea,Yea,Yea,Yea,Yea,Yea,Yea,Yea,Yea,Yea,Yea,Yea,Yea,Yea,Yea,Yea,,Yea,Yea,Yea,Yea,9935.0,10000.0,40265.0,20744.0,45944.0,0.0,0.0,0.0,0.0,0.0,0.0,0.0,0.0,0.0,0.0,0.0,0.0,0.0,0.0,0.0,0.0
"FITZGERALD, Scott",22115,R,WI,House,28,H0WI05113,,,,,,Yea,Yea,Yea,Yea,Yea,Yea,Yea,Yea,Yea,Yea,Yea,Yea,Yea,Yea,Yea,Yea,Yea,Yea,Yea,Yea,Yea,Yea,Yea,Yea,,Yea,Yea,Yea,Yea,0.0,12250.0,17110.0,17394.0,21754.0,0.0,0.0,0.0,0.0,0.0,0.0,0.0,0.0,0.0,0.0,0.0,0.0,0.0,0.0,0.0,0.0
"FITZPATRICK, Brian K.",21718,R,PA,House,32,H6PA08277,Yea,Yea,Yea,Nay,,Yea,Yea,Yea,Yea,Yea,Yea,Yea,Yea,Yea,Yea,Yea,Yea,Yea,Yea,Yea,Yea,Yea,Yea,Yea,Yea,Yea,Yea,Yea,Yea,,Yea,Yea,Yea,Yea,65512.0,32297.0,327693.0,407816.0,785927.0,0.0,0.0,0.0,0.0,0.0,0.0,0.0,0.0,0.0,0.0,0.0,0.0,0.0,0.0,0.0,0.0
"FLEISCHMANN, Chuck",21178,R,TN,House,32,H0TN03254,Yea,Yea,Yea,Nay,,Yea,Yea,Yea,Yea,Yea,Yea,Yea,Yea,Yea,Yea,Yea,Yea,Yea,Yea,Yea,Yea,Yea,Yea,Yea,Yea,Yea,Yea,Yea,Yea,,Yea,Yea,Yea,Yea,0.0,10000.0,21528.0,10619.0,17147.0,0.0,0.0,0.0,0.0,0.0,0.0,0.0,0.0,0.0,0.0,0.0,0.0,0.0,0.0,0.0,0.0
"FLETCHER, Elizabeth",21919,D,TX,House,32,H8TX07140,Yea,Yea,Yea,Yea,,Yea,Yea,Yea,Yea,Yea,Yea,Yea,Nay,Yea,Nay,Yea,Yea,Yea,Yea,Yea,Nay,Yea,Yea,Yea,Yea,Yea,Nay,Nay,Yea,,Yea,Yea,Yea,Nay,2000.0,30950.0,120704.0,23711.0,151365.0,2990.0,0.0,0.0,0.0,0.0,0.0,0.0,0.0,0.0,0.0,0.0,0.0,0.0,0.0,0.0,0.0
"FLOOD, Mike",22166,R,NE,House,26,H2NE01118,,,,,,,,Yea,Yea,Yea,Yea,Yea,Yea,Yea,Yea,Yea,Yea,Yea,Yea,Yea,Yea,Yea,Yea,Yea,Yea,Yea,Yea,Yea,Yea,,Yea,Yea,Yea,Yea,0.0,20500.0,20761.0,29164.0,40425.0,0.0,0.0,0.0,0.0,0.0,0.0,0.0,0.0,0.0,0.0,0.0,0.0,0.0,0.0,0.0,0.0
"FLORES, Bill",21182,R,TX,House,3,H0TX17104,Not voting,Yea,Yea,Nay,,,,,,,,,,,,,,,,,,,,,,,,,,,,,,,0.0,0.0,0.0,0.0,0.0,0.0,0.0,0.0,0.0,0.0,0.0,0.0,0.0,0.0,0.0,0.0,0.0,0.0,0.0,0.0,0.0
"FONG, Vince",22378,R,CA,House,6,H4CA20181,,,,,,,,,,,,,,,,,,,,,,,,,,,,Yea,Yea,,Yea,Yea,Yea,Yea,0.0,0.0,16608.0,30544.0,27152.0,0.0,0.0,0.0,0.0,0.0,0.0,0.0,0.0,0.0,0.0,0.0,0.0,0.0,0.0,0.0,0.0
"FORTENBERRY, Jeff",20518,R,NE,House,5,H4NE01064,Yea,Yea,Yea,Nay,,Yea,,,,,,,,,,,,,,,,,,,,,,,,,,,,,0.0,0.0,0.0,0.0,0.0,0.0,0.0,0.0,0.0,0.0,0.0,0.0,0.0,0.0,0.0,0.0,0.0,0.0,0.0,0.0,0.0
"FOSTER, Bill",20749,D,IL,House,32,H8IL14067;H2IL11124,Yea,Yea,Yea,Yea,,Yea,Yea,Yea,Yea,Yea,Yea,Yea,Nay,Yea,Nay,Yea,Yea,Present,Nay,Yea,Nay,Yea,Yea,Yea,Yea,Nay,Nay,Nay,Yea,,Yea,Yea,Yea,Nay,0.0,0.0,0.0,0.0,0.0,40851.0,0.0,15450.0,55226.0,38475.0,19530.0,120181.0,0.0,0.0,0.0,0.0,0.0,0.0,0.0,0.0,0.0
"FOUSHEE, Valerie",22320,D,NC,House,24,H2NC06114,,,,,,,,Yea,Yea,Yea,Yea,Nay,Nay,Yea,Nay,Yea,Yea,Not voting,Nay,Yea,Nay,Yea,Nay,Yea,Yea,Nay,Nay,Nay,Yea,,Yea,Not voting,Yea,Nay,0.0,427305.0,3301.0,0.0,420706.0,290131.0,0.0,0.0,0.0,0.0,8500.0,3500.0,0.0,0.0,0.0,0.0,0.0,0.0,0.0,0.0,218400.0
"FOXX, Virginia Ann",20521,R,NC,House,31,H4NC05146,Yea,Yea,Yea,Nay,,Yea,Not voting,Yea,Yea,Yea,Yea,Yea,Yea,Yea,Yea,Yea,Yea,Yea,Yea,Yea,Yea,Yea,Yea,Yea,Yea,Yea,Yea,Yea,Yea,,Yea,Yea,Yea,Yea,0.0,32200.0,154080.0,74744.0,219324.0,0.0,0.0,0.0,0.0,0.0,0.0,0.0,0.0,0.0,0.0,0.0,0.0,0.0,0.0,0.0,0.0
"FRANKEL, Lois",21321,D,FL,House,30,H2FL14053;H2FL22080,Not voting,Yea,Yea,Yea,,Yea,Yea,Not voting,Yea,Yea,Yea,Yea,Yea,Yea,Yea,Yea,Yea,Yea,Yea,Yea,Yea,Yea,Yea,Yea,Yea,Yea,Yea,Nay,Yea,,Yea,Yea,Yea,Yea,21815.0,81526.0,346085.0,315528.0,729689.0,0.0,0.0,0.0,0.0,0.0,0.0,0.0,0.0,0.0,0.0,0.0,0.0,0.0,0.0,0.0,0.0
"FRANKLIN, C. Scott",22116,R,FL,House,28,H0FL15104,,,,,,Yea,Yea,Yea,Yea,Yea,Yea,Yea,Yea,Yea,Yea,Yea,Yea,Yea,Yea,Yea,Yea,Yea,Yea,Yea,Yea,Yea,Yea,Yea,Yea,,Yea,Yea,Yea,Yea,0.0,10000.0,33010.0,50580.0,73590.0,0.0,0.0,0.0,0.0,0.0,0.0,0.0,0.0,0.0,0.0,0.0,0.0,0.0,0.0,0.0,0.0
"FRIEDMAN, Laura",22516,D,CA,House,4,H4CA30149,,,,,,,,,,,,,,,,,,,,,,,,,,,,,,,Yea,Yea,Yea,Nay,0.0,0.0,10000.0,21344.0,20344.0,0.0,0.0,0.0,0.0,1850.0,9350.0,8700.0,0.0,0.0,0.0,0.0,0.0,0.0,0.0,0.0,0.0
"FROST, Maxwell",22321,D,FL,House,26,H2FL10259,,,,,,,,Yea,Yea,Yea,Yea,Nay,Nay,Nay,Nay,Yea,Yea,Yea,Nay,Yea,Nay,Yea,Nay,Yea,Nay,Nay,Nay,Nay,Yea,,Yea,Yea,Yea,Nay,0.0,0.0,0.0,0.0,0.0,0.0,0.0,0.0,0.0,0.0,0.0,0.0,0.0,0.0,0.0,0.0,0.0,0.0,0.0,0.0,0.0
"FRY, Russell",22322,R,SC,House,26,H2SC07280;S6SC04403,,,,,,,,Yea,Yea,Yea,Yea,Yea,Yea,Yea,Yea,Yea,Yea,Yea,Yea,Yea,Yea,Yea,Yea,Yea,Yea,Yea,Yea,Yea,Yea,,Yea,Yea,Yea,Yea,0.0,10800.0,37210.0,51244.0,79254.0,0.0,0.0,0.0,0.0,0.0,0.0,0.0,0.0,0.0,0.0,0.0,0.0,0.0,0.0,0.0,0.0
"FUDGE, Marcia L.",20941,D,OH,House,4,H8OH11141,Yea,Yea,Yea,Yea,,,,,,,,,,,,,,,,,,,,,,,,,,,,,,,0.0,0.0,0.0,0.0,0.0,0.0,0.0,0.0,0.0,0.0,0.0,0.0,0.0,0.0,0.0,0.0,0.0,0.0,0.0,0.0,0.0
"FULCHER, Russell",21920,R,ID,House,32,H8ID01124,Yea,Yea,Yea,Nay,,Yea,Yea,Yea,Yea,Yea,Yea,Yea,Yea,Yea,Yea,Yea,Yea,Yea,Yea,Yea,Yea,Yea,Yea,Yea,Yea,Yea,Yea,Yea,Yea,,Yea,Yea,Yea,Yea,0.0,7900.0,10510.0,9094.0,4604.0,0.0,0.0,0.0,0.0,0.0,0.0,0.0,0.0,0.0,0.0,0.0,0.0,0.0,0.0,0.0,0.0
"GAETZ, Matthew L. II",21719,R,FL,House,24,H6FL01119,Yea,Yea,Yea,Nay,,Yea,Yea,Yea,Yea,Yea,Yea,Yea,Yea,Yea,Yea,Not voting,Not voting,Yea,Yea,Yea,Nay,Yea,Yea,Yea,Nay,Nay,Not voting,Yea,,,,,,,0.0,0.0,0.0,0.0,0.0,0.0,0.0,0.0,0.0,0.0,0.0,0.0,0.0,0.0,0.0,0.0,0.0,0.0,0.0,0.0,0.0
"GALLAGHER, Michael",21720,R,WI,House,23,H6WI08155,Yea,Yea,Yea,Nay,,Yea,Yea,Yea,Yea,Yea,Yea,Yea,Yea,Yea,Yea,Yea,Yea,Yea,Yea,Yea,Yea,Not voting,Yea,Yea,Yea,,,,,,,,,,2500.0,45550.0,154235.0,0.0,195585.0,0.0,0.0,0.0,0.0,0.0,0.0,0.0,0.0,0.0,0.0,0.0,0.0,0.0,0.0,0.0,0.0
"GALLEGO, Ruben",21502,D,AZ,House,26,H4AZ07043;S4AZ00139,Yea,Yea,Yea,Yea,,Yea,Yea,Yea,Yea,Not voting,Yea,Yea,Nay,Yea,Nay,Yea,Yea,Yea,Yea,Yea,Yea,Yea,Yea,Yea,Yea,Not voting,Nay,Nay,Yea,,,,,,0.0,73100.0,51950.0,0.0,110150.0,1608.0,0.0,0.0,0.0,0.0,0.0,0.0,0.0,0.0,0.0,0.0,0.0,0.0,0.0,0.0,0.0
"GARAMENDI, John",20958,D,CA,House,30,H0CA10149,Yea,Yea,Yea,Yea,,Yea,Yea,Yea,Yea,Yea,Yea,Yea,Nay,Yea,Nay,Yea,Yea,Present,Yea,Yea,Nay,Yea,Yea,Yea,Nay,Nay,Nay,Nay,Yea,,Not voting,Yea,Yea,Not voting,0.0,0.0,0.0,0.0,0.0,0.0,0.0,4500.0,4000.0,3500.0,0.0,3500.0,0.0,0.0,0.0,0.0,0.0,0.0,0.0,0.0,0.0
"GARBARINO, Andrew R.",22117,R,NY,House,24,H0NY02234,,,,,,Yea,Yea,Yea,Yea,Yea,Yea,Not voting,Not voting,Not voting,Yea,Yea,Yea,Yea,Yea,Yea,Yea,Yea,Yea,Yea,Yea,Yea,Yea,Yea,Yea,,Yea,Yea,Not voting,Yea,2500.0,22573.0,112679.0,140305.0,243057.0,0.0,140000.0,0.0,0.0,0.0,0.0,0.0,0.0,0.0,0.0,0.0,0.0,0.0,0.0,0.0,0.0
"GARCIA, Mike",21988,R,CA,House,23,H0CA25105,,,,,,Yea,Yea,Yea,Yea,Yea,Yea,Yea,Yea,Yea,Yea,Yea,Yea,Yea,Yea,Yea,Yea,Yea,Yea,Yea,Yea,Yea,Yea,Yea,Not voting,,,,,,15386.0,72476.0,192683.0,0.0,251145.0,0.0,0.0,0.0,0.0,0.0,0.0,0.0,0.0,0.0,0.0,0.0,0.0,0.0,0.0,0.0,0.0
"GARCIA, Robert",22323,D,CA,House,25,H2CA47188,,,,,,,,Yea,Yea,Yea,Yea,Nay,Nay,Yea,Nay,Yea,Yea,Present,Yea,Yea,Nay,Yea,Nay,Yea,Yea,Not voting,Nay,Nay,Yea,,Yea,Yea,Yea,Nay,0.0,72200.0,10500.0,0.0,67800.0,0.0,0.0,0.0,0.0,5590.0,15275.0,15365.0,0.0,0.0,0.0,0.0,0.0,0.0,0.0,0.0,0.0
"GARCIA, Sylvia",21922,D,TX,House,31,H8TX29052,Yea,Yea,Yea,Yea,,Yea,Yea,Yea,Yea,Yea,Yea,Nay,Nay,Yea,Nay,Yea,Yea,Not voting,Nay,Yea,Nay,Yea,Nay,Yea,Yea,Nay,Nay,Nay,Yea,,Yea,Yea,Yea,Nay,0.0,38661.0,35278.0,-5000.0,58939.0,0.0,0.0,0.0,0.0,8550.0,22750.0,26300.0,0.0,0.0,0.0,0.0,0.0,0.0,0.0,0.0,0.0
"GARCÍA, Jesús",21921,D,IL,House,32,H8IL04134,Yea,Yea,Nay,Present,,Nay,Yea,Nay,Yea,Yea,Present,Nay,Nay,Nay,Nay,Yea,Yea,Nay,Nay,Yea,Nay,Yea,Nay,Yea,Nay,Nay,Nay,Nay,Yea,,Yea,Yea,Yea,Nay,0.0,0.0,0.0,0.0,0.0,0.0,0.0,4500.0,6250.0,3650.0,0.0,4900.0,0.0,0.0,0.0,0.0,0.0,0.0,0.0,0.0,0.0
"GIANFORTE, Greg",21751,R,MT,House,3,H8MT01182,Yea,Yea,Not voting,Nay,,,,,,,,,,,,,,,,,,,,,,,,,,,,,,,0.0,0.0,0.0,0.0,0.0,0.0,0.0,0.0,0.0,0.0,0.0,0.0,0.0,0.0,0.0,0.0,0.0,0.0,0.0,0.0,0.0
"GIBBS, Bob",21165,R,OH,House,6,H0OH18077,Yea,Yea,Yea,Nay,,Yea,Yea,,,,,,,,,,,,,,,,,,,,,,,,,,,,0.0,20700.0,0.0,0.0,20700.0,0.0,0.0,0.0,0.0,0.0,0.0,0.0,0.0,0.0,0.0,0.0,0.0,0.0,0.0,0.0,0.0
"GILL, Brandon",22517,R,TX,House,3,H4TX26149,,,,,,,,,,,,,,,,,,,,,,,,,,,,,,,Not voting,Yea,Yea,Yea,0.0,0.0,25801.0,23461.0,34262.0,0.0,0.0,0.0,0.0,0.0,0.0,0.0,0.0,0.0,0.0,0.0,0.0,0.0,0.0,0.0,0.0
"GILLEN, Laura",22518,D,NY,House,4,H4NY04158;H2NY04244,,,,,,,,,,,,,,,,,,,,,,,,,,,,,,,Yea,Yea,Yea,Yea,0.0,2000.0,3000.0,295124.0,289124.0,13750.0,0.0,0.0,0.0,0.0,0.0,0.0,0.0,0.0,0.0,0.0,0.0,0.0,0.0,0.0,0.0
"GIMENEZ, Carlos A.",22118,R,FL,House,27,H0FL26036,,,,,,Yea,Yea,Yea,Yea,Yea,Yea,Yea,Yea,Yea,Yea,Yea,Yea,Yea,Yea,Yea,Yea,Yea,Yea,Yea,Yea,Yea,Not voting,Yea,Yea,,Yea,Yea,Yea,Yea,12816.0,41101.0,21834.0,7777.0,51028.0,0.0,0.0,0.0,0.0,0.0,0.0,0.0,0.0,0.0,0.0,0.0,0.0,0.0,0.0,0.0,0.0
"GOHMERT, Louie",20527,R,TX,House,5,H4TX04039,Yea,Nay,Not voting,Nay,,Yea,Yea,,,,,,,,,,,,,,,,,,,,,,,,,,,,0.0,0.0,0.0,0.0,0.0,0.0,0.0,0.0,0.0,0.0,0.0,0.0,0.0,0.0,0.0,0.0,0.0,0.0,0.0,0.0,0.0
"GOLDEN, Jared",21923,D,ME,House,32,H8ME02185,Yea,Yea,Yea,Yea,,Yea,Yea,Yea,Yea,Yea,Yea,Yea,Yea,Yea,Yea,Yea,Yea,Yea,Yea,Yea,Yea,Yea,Yea,Yea,Yea,Yea,Yea,Yea,Yea,,Yea,Yea,Yea,Yea,20230.0,73871.0,610781.0,226904.0,896036.0,0.0,0.0,21964.0,0.0,0.0,0.0,21964.0,0.0,0.0,0.0,0.0,0.0,0.0,0.0,0.0,0.0
"GOLDMAN, Craig A.",22519,R,TX,House,4,H4TX12065,,,,,,,,,,,,,,,,,,,,,,,,,,,,,,,Yea,Yea,Yea,Yea,0.0,0.0,91498.0,61670.0,128168.0,0.0,0.0,0.0,0.0,0.0,0.0,0.0,0.0,0.0,0.0,0.0,0.0,0.0,0.0,0.0,0.0
"GOLDMAN, Daniel",22324,D,NY,House,25,H2NY10308,,,,,,,,Yea,Yea,Yea,Yea,Yea,Nay,Yea,Yea,Yea,Yea,Present,Yea,Yea,Yea,Yea,Yea,Yea,Yea,Yea,Nay,Nay,Yea,,Yea,Yea,Yea,Not voting,0.0,0.0,209776.0,157724.0,356500.0,0.0,0.0,0.0,1000.0,8275.0,26459.0,33234.0,0.0,0.0,0.0,0.0,0.0,0.0,0.0,0.0,0.0
"GOMEZ, Jimmy",21754,D,CA,House,26,H8CA34266,Yea,Yea,Yea,Yea,,Yea,Yea,Yea,Yea,Yea,Yea,Yea,Nay,Yea,Nay,Yea,Yea,Not voting,Present,Yea,Nay,Yea,Not voting,Yea,Yea,Not voting,Nay,Nay,Yea,,Yea,Not voting,Not voting,Not voting,0.0,41050.0,182898.0,188794.0,383842.0,1723990.15,0.0,0.0,0.0,0.0,0.0,0.0,0.0,0.0,0.0,0.0,0.0,0.0,0.0,0.0,0.0
"GONZALES, Tony",22119,R,TX,House,25,H0TX35015,,,,,,Yea,Yea,Yea,Not voting,Yea,Yea,Yea,Yea,Yea,Yea,Yea,Yea,Yea,Yea,Yea,Yea,Yea,Yea,Yea,Yea,Yea,Yea,Yea,Yea,,Yea,Yea,,,0.0,19375.0,262323.0,251888.0,506486.0,0.0,0.0,0.0,0.0,0.0,0.0,0.0,0.0,0.0,0.0,0.0,0.0,0.0,0.0,0.0,0.0
"GONZALEZ, Anthony",21924,R,OH,House,6,H8OH16124,Yea,Yea,Yea,Nay,,Yea,Yea,,,,,,,,,,,,,,,,,,,,,,,,,,,,0.0,3192.0,0.0,0.0,3192.0,0.0,0.0,0.0,0.0,0.0,0.0,0.0,0.0,0.0,0.0,0.0,0.0,0.0,0.0,0.0,0.0
"GONZALEZ, Vicente, Jr.",21722,D,TX,House,29,H6TX15162,Yea,Yea,Not voting,Yea,,Yea,Yea,Yea,Yea,Yea,Not voting,Yea,Nay,Yea,Nay,Yea,Yea,Yea,Yea,Yea,Yea,Yea,Yea,Yea,Yea,Yea,Not voting,Yea,Yea,,Yea,Yea,Yea,Yea,0.0,83842.0,124752.0,193147.0,370741.0,0.0,0.0,0.0,0.0,0.0,0.0,0.0,0.0,0.0,0.0,0.0,0.0,0.0,0.0,0.0,0.0
"GOOD, Bob",22120,R,VA,House,24,H0VA05160,,,,,,Yea,Yea,Yea,Yea,Yea,Yea,Yea,Yea,Yea,Yea,Yea,Yea,Yea,Yea,Yea,Nay,Yea,Yea,Yea,Nay,Yea,Yea,Yea,Nay,,,,,,0.0,0.0,0.0,0.0,0.0,0.0,132229.91,0.0,0.0,0.0,0.0,0.0,0.0,0.0,0.0,0.0,0.0,0.0,0.0,0.0,0.0
"GOODEN, Lance",21925,R,TX,House,31,H8TX05144,Yea,Yea,Yea,Nay,,Yea,Yea,Yea,Yea,Yea,Yea,Yea,Yea,Yea,Yea,Yea,Yea,Yea,Yea,Yea,Yea,Not voting,Yea,Yea,Yea,Yea,Yea,Yea,Yea,,Yea,Yea,Yea,Yea,0.0,8500.0,27160.0,11484.0,27144.0,0.0,0.0,0.0,0.0,0.0,0.0,0.0,0.0,0.0,0.0,0.0,0.0,0.0,0.0,0.0,0.0
"GOODLANDER, Maggie",22520,D,NH,House,4,H4NH02399,,,,,,,,,,,,,,,,,,,,,,,,,,,,,,,Yea,Yea,Yea,Nay,0.0,0.0,94000.0,125248.0,204148.0,0.0,0.0,0.0,0.0,0.0,10750.0,10750.0,0.0,0.0,0.0,0.0,0.0,0.0,0.0,0.0,0.0
"GOSAR, Paul",21103,R,AZ,House,30,H0AZ01259,Not voting,Nay,Yea,Not voting,,Yea,Yea,Yea,Yea,Yea,Yea,Yea,Yea,Yea,Yea,Yea,Yea,Yea,Yea,Yea,Nay,Yea,Yea,Yea,Nay,Nay,Yea,Yea,Nay,,Yea,Yea,Yea,Yea,0.0,0.0,0.0,0.0,0.0,0.0,0.0,0.0,0.0,0.0,0.0,0.0,0.0,0.0,0.0,0.0,0.0,0.0,0.0,0.0,0.0
"GOTTHEIMER, Josh S.",21723,D,NJ,House,28,H6NJ05171,Yea,Yea,Yea,Yea,,Yea,Yea,Yea,Yea,Yea,Yea,Not voting,Yea,Yea,Yea,Yea,Yea,Yea,Yea,Yea,Yea,Yea,Yea,Yea,Yea,Yea,Yea,Yea,Not voting,,Yea,Not voting,Yea,Not voting,58230.0,278005.0,887460.0,677079.0,1765909.0,0.0,0.0,0.0,0.0,0.0,0.0,0.0,0.0,0.0,0.0,0.0,0.0,0.0,0.0,0.0,0.0
"GRANGER, Kay",29762,R,TX,House,24,H6TX12060,Yea,Yea,Yea,Nay,,Yea,Yea,Yea,Yea,Yea,Yea,Yea,Yea,Yea,Yea,Yea,Yea,Yea,Yea,Yea,Yea,Yea,Not voting,Not voting,Yea,Yea,Yea,Not voting,Not voting,,,,,,42068.0,90005.0,52250.0,0.0,176223.0,0.0,0.0,0.0,0.0,0.0,0.0,0.0,0.0,0.0,0.0,0.0,0.0,0.0,0.0,0.0,0.0
"GRAVES, Garret",21523,R,LA,House,28,H4LA06153,Yea,Yea,Yea,Nay,,Yea,Yea,Yea,Yea,Yea,Yea,Yea,Yea,Yea,Yea,Yea,Yea,Yea,Yea,Yea,Yea,Yea,Yea,Yea,Yea,Yea,Yea,Yea,Yea,,,,,,0.0,7900.0,41210.0,0.0,36210.0,0.0,0.0,0.0,0.0,0.0,0.0,0.0,0.0,0.0,0.0,0.0,0.0,0.0,0.0,0.0,0.0
"GRAVES, Samuel",20124,R,MO,House,31,H0MO06073,Yea,Yea,Not voting,Nay,,Yea,Yea,Yea,Yea,Yea,Yea,Yea,Yea,Yea,Yea,Yea,Yea,Yea,Yea,Yea,Yea,Yea,Yea,Yea,Yea,Yea,Yea,Yea,Yea,,Yea,Yea,Yea,Yea,0.0,18670.0,16260.0,32646.0,42576.0,0.0,0.0,0.0,0.0,0.0,0.0,0.0,0.0,0.0,0.0,0.0,0.0,0.0,0.0,0.0,0.0
"GRAVES, Tom",20962,R,GA,House,4,H0GA09030,Yea,Nay,Yea,Nay,,,,,,,,,,,,,,,,,,,,,,,,,,,,,,,0.0,0.0,0.0,0.0,0.0,0.0,0.0,0.0,0.0,0.0,0.0,0.0,0.0,0.0,0.0,0.0,0.0,0.0,0.0,0.0,0.0
"GRAY, Adam",22521,D,CA,House,4,H2CA13115,,,,,,,,,,,,,,,,,,,,,,,,,,,,,,,Yea,Yea,Yea,Nay,0.0,0.0,0.0,33744.0,27744.0,0.0,0.0,0.0,0.0,0.0,0.0,0.0,0.0,0.0,0.0,0.0,0.0,0.0,0.0,0.0,0.0
"GREEN, Al",20529,D,TX,House,32,H4TX09095,Yea,Yea,Yea,Yea,,Yea,Yea,Yea,Yea,Yea,Nay,Yea,Nay,Yea,Nay,Yea,Yea,Present,Nay,Yea,Nay,Yea,Nay,Yea,Nay,Nay,Nay,Nay,Yea,,Yea,Yea,Yea,Nay,0.0,0.0,0.0,0.0,0.0,0.0,0.0,5000.0,4250.0,3500.0,550.0,4800.0,0.0,0.0,0.0,0.0,0.0,0.0,0.0,0.0,0.0
"GREEN, Mark E.",21926,R,TN,House,29,H8TN07076,Yea,Yea,Yea,Nay,,Yea,Yea,Yea,Yea,Yea,Yea,Yea,Yea,Yea,Yea,Yea,Yea,Yea,Yea,Yea,Yea,Yea,Yea,Yea,Yea,Yea,Yea,Yea,Yea,,Yea,Not voting,,,0.0,45400.0,160737.0,0.0,185137.0,0.0,0.0,0.0,0.0,0.0,0.0,0.0,0.0,0.0,0.0,0.0,0.0,0.0,0.0,0.0,0.0
"GREENE, Marjorie Taylor",22121,R,GA,House,24,H0GA06192,,,,,,Yea,Yea,Yea,Yea,Yea,Yea,Yea,Nay,Yea,Yea,Yea,Yea,Yea,Yea,Yea,Nay,Yea,Yea,Yea,Nay,Nay,Nay,Yea,Not voting,,Not voting,Present,,,0.0,0.0,0.0,0.0,0.0,0.0,0.0,0.0,0.0,0.0,0.0,0.0,0.0,0.0,0.0,0.0,0.0,0.0,0.0,0.0,0.0
"GRIFFITH, H. Morgan",21191,R,VA,House,31,H0VA09055,Not voting,Yea,Yea,Nay,,Yea,Yea,Yea,Yea,Yea,Yea,Yea,Yea,Yea,Yea,Yea,Yea,Yea,Yea,Yea,Yea,Yea,Yea,Yea,Yea,Yea,Yea,Yea,Yea,,Yea,Yea,Yea,Yea,0.0,10000.0,16760.0,22852.0,24612.0,0.0,0.0,0.0,0.0,0.0,0.0,0.0,0.0,0.0,0.0,0.0,0.0,0.0,0.0,0.0,0.0
"GRIJALVA, Raúl M.",20305,D,AZ,House,22,H2AZ07070,Yea,Yea,Nay,Yea,,Nay,Yea,Nay,Yea,Yea,Yea,Nay,Nay,Yea,Nay,Yea,Yea,Nay,Nay,Yea,Nay,Yea,Not voting,Not voting,Not voting,Not voting,Not voting,Not voting,Yea,,,,,,0.0,0.0,0.0,0.0,0.0,0.0,0.0,5000.0,3000.0,2208.0,0.0,1208.0,0.0,0.0,0.0,0.0,0.0,0.0,0.0,0.0,0.0
"GROTHMAN, Glenn",21559,R,WI,House,30,H4WI06048,Yea,Yea,Yea,Nay,,Yea,Yea,Yea,Yea,Yea,Yea,Yea,Yea,Yea,Yea,Yea,Yea,Yea,Yea,Yea,Yea,Not voting,Yea,Yea,Yea,Not voting,Yea,Yea,Yea,,Yea,Yea,Yea,Yea,0.0,26000.0,31170.0,20494.0,52664.0,0.0,0.0,0.0,0.0,0.0,0.0,0.0,0.0,0.0,0.0,0.0,0.0,0.0,0.0,0.0,0.0
"GUEST, Michael",21927,R,MS,House,32,H8MS03125,Yea,Yea,Yea,Nay,,Yea,Yea,Yea,Yea,Yea,Yea,Yea,Yea,Yea,Yea,Yea,Yea,Yea,Yea,Yea,Yea,Yea,Yea,Yea,Yea,Yea,Yea,Yea,Yea,,Yea,Yea,Yea,Yea,0.0,24200.0,10510.0,4994.0,16804.0,0.0,0.0,0.0,0.0,0.0,0.0,0.0,0.0,0.0,0.0,0.0,0.0,0.0,0.0,0.0,0.0
"GUTHRIE, Brett",20916,R,KY,House,32,H8KY02031,Yea,Yea,Yea,Nay,,Yea,Yea,Yea,Yea,Yea,Yea,Yea,Yea,Yea,Yea,Yea,Yea,Yea,Yea,Yea,Yea,Yea,Yea,Yea,Yea,Yea,Yea,Yea,Yea,,Yea,Yea,Yea,Yea,0.0,7900.0,19610.0,3494.0,16004.0,0.0,0.0,0.0,0.0,0.0,0.0,0.0,0.0,0.0,0.0,0.0,0.0,0.0,0.0,0.0,0.0
"HAALAND, Debra",21928,D,NM,House,4,H8NM01331,Yea,Yea,Yea,Yea,,,,,,,,,,,,,,,,,,,,,,,,,,,,,,,0.0,0.0,0.0,0.0,0.0,0.0,0.0,10400.0,0.0,0.0,0.0,8400.0,0.0,0.0,0.0,0.0,0.0,0.0,0.0,0.0,0.0
"HAGEDORN, Jim",21929,R,MN,House,5,H0MN01045,Yea,Yea,Yea,Nay,,Yea,,,,,,,,,,,,,,,,,,,,,,,,,,,,,2500.0,0.0,0.0,0.0,0.0,0.0,0.0,0.0,0.0,0.0,0.0,0.0,0.0,0.0,0.0,0.0,0.0,0.0,0.0,0.0,0.0
"HAGEMAN, Harriet",22325,R,WY,House,26,H2WY00166;S6WY00209,,,,,,,,Yea,Yea,Yea,Yea,Yea,Yea,Yea,Yea,Yea,Yea,Yea,Yea,Yea,Yea,Yea,Yea,Yea,Yea,Nay,Yea,Yea,Nay,,Yea,Yea,Yea,Yea,0.0,5000.0,32010.0,-6.0,22004.0,0.0,0.0,0.0,0.0,0.0,0.0,0.0,0.0,0.0,0.0,0.0,0.0,0.0,0.0,0.0,0.0
"HAMADEH, Abraham J.",22522,R,AZ,House,4,H4AZ08108,,,,,,,,,,,,,,,,,,,,,,,,,,,,,,,Yea,Yea,Yea,Yea,0.0,0.0,0.0,42994.0,37994.0,0.0,0.0,0.0,0.0,0.0,0.0,0.0,0.0,0.0,0.0,0.0,0.0,0.0,0.0,0.0,0.0
"HARDER, Josh",21930,D,CA,House,32,H8CA10126,Yea,Yea,Yea,Yea,,Yea,Yea,Yea,Yea,Yea,Yea,Yea,Nay,Yea,Nay,Yea,Yea,Yea,Nay,Yea,Nay,Yea,Yea,Yea,Yea,Yea,Nay,Nay,Yea,,Yea,Yea,Yea,Nay,0.0,30250.0,50627.0,32044.0,95021.0,0.0,0.0,52807.0,80393.0,39996.0,41944.0,212669.0,0.0,0.0,0.0,0.0,0.0,0.0,0.0,0.0,0.0
"HARIDOPOLOS, Mike",22523,R,FL,House,4,H4FL08168,,,,,,,,,,,,,,,,,,,,,,,,,,,,,,,Yea,Yea,Yea,Yea,0.0,0.0,16668.0,36869.0,38537.0,0.0,0.0,0.0,0.0,0.0,0.0,0.0,0.0,0.0,0.0,0.0,0.0,0.0,0.0,0.0,0.0
"HARRIGAN, Pat",22524,R,NC,House,4,H2NC13243,,,,,,,,,,,,,,,,,,,,,,,,,,,,,,,Yea,Yea,Yea,Yea,0.0,0.0,10750.0,20994.0,16744.0,0.0,0.0,0.0,0.0,0.0,0.0,0.0,0.0,0.0,0.0,0.0,0.0,0.0,0.0,0.0,0.0
"HARRIS, Andy",21139,R,MD,House,32,H8MD01094,Yea,Yea,Yea,Nay,,Yea,Yea,Yea,Yea,Yea,Yea,Yea,Yea,Yea,Yea,Yea,Yea,Yea,Yea,Yea,Yea,Yea,Yea,Yea,Nay,Yea,Yea,Yea,Yea,,Yea,Yea,Yea,Yea,0.0,27153.0,34348.0,31744.0,67845.0,0.0,0.0,0.0,0.0,0.0,0.0,0.0,0.0,0.0,0.0,0.0,0.0,0.0,0.0,0.0,0.0
"HARRIS, Mark",22525,R,NC,House,4,H6NC09200;H4NC08066,,,,,,,,,,,,,,,,,,,,,,,,,,,,,,,Yea,Yea,Yea,Yea,0.0,0.0,26500.0,43994.0,55494.0,0.0,0.0,0.0,0.0,0.0,0.0,0.0,0.0,0.0,0.0,0.0,0.0,0.0,0.0,0.0,0.0
"HARSHBARGER, Diana",22122,R,TN,House,28,H0TN01118,,,,,,Yea,Yea,Yea,Yea,Yea,Yea,Yea,Yea,Yea,Yea,Yea,Yea,Yea,Yea,Yea,Yea,Yea,Yea,Yea,Yea,Yea,Yea,Yea,Nay,,Yea,Yea,Yea,Yea,0.0,20010.0,27912.0,4994.0,27916.0,0.0,0.0,0.0,0.0,0.0,0.0,0.0,0.0,0.0,0.0,0.0,0.0,0.0,0.0,0.0,0.0
"HARTZLER, Vicky",21149,R,MO,House,6,H0MO04086,Yea,Yea,Yea,Nay,,Yea,Yea,,,,,,,,,,,,,,,,,,,,,,,,,,,,0.0,0.0,0.0,0.0,0.0,0.0,0.0,0.0,0.0,0.0,0.0,0.0,0.0,0.0,0.0,0.0,0.0,0.0,0.0,0.0,0.0
"HASTINGS, Alcee Lamar",29337,D,FL,House,4,H2FL23021,Yea,Yea,Yea,Yea,,,,,,,,,,,,,,,,,,,,,,,,,,,,,,,2000.0,0.0,0.0,0.0,0.0,0.0,0.0,0.0,0.0,0.0,0.0,0.0,0.0,0.0,0.0,0.0,0.0,0.0,0.0,0.0,0.0
"HAYES, Jahana",21931,D,CT,House,32,H8CT05245,Yea,Yea,Yea,Yea,,Yea,Yea,Yea,Yea,Yea,Yea,Yea,Nay,Yea,Nay,Yea,Yea,Yea,Nay,Yea,Nay,Yea,Yea,Yea,Yea,Yea,Nay,Nay,Yea,,Yea,Yea,Yea,Nay,2000.0,14900.0,0.0,0.0,12000.0,0.0,0.0,0.0,32550.0,57155.0,11500.0,94605.0,0.0,0.0,0.0,0.0,0.0,0.0,0.0,0.0,0.0
"HECK, Denny",21369,D,WA,House,4,H0WA03161,Yea,Yea,Yea,Yea,,,,,,,,,,,,,,,,,,,,,,,,,,,,,,,0.0,0.0,0.0,0.0,0.0,0.0,0.0,1000.0,0.0,0.0,0.0,0.0,0.0,0.0,0.0,0.0,0.0,0.0,0.0,0.0,0.0
"HERN, Kevin",21760,R,OK,House,32,H8OK01157;S6OK04247,Yea,Yea,Yea,Nay,,Yea,Yea,Yea,Yea,Yea,Yea,Yea,Yea,Yea,Yea,Yea,Yea,Yea,Yea,Yea,Yea,Yea,Yea,Yea,Yea,Yea,Yea,Yea,Yea,,Yea,Yea,Yea,Yea,0.0,10000.0,78023.0,60994.0,119017.0,0.0,0.0,0.0,0.0,0.0,0.0,0.0,0.0,0.0,0.0,0.0,0.0,0.0,0.0,0.0,0.0
"HERRERA BEUTLER, Jaime",21187,R,WA,House,6,H0WA03187,Yea,Yea,Yea,Nay,,Yea,Yea,,,,,,,,,,,,,,,,,,,,,,,,,,,,17647.0,53448.0,0.0,0.0,59095.0,0.0,0.0,0.0,0.0,0.0,0.0,0.0,0.0,0.0,0.0,0.0,0.0,0.0,0.0,0.0,0.0
"HICE, Jody Brownlow",21514,R,GA,House,6,H0GA07125,Yea,Yea,Yea,Nay,,Yea,Yea,,,,,,,,,,,,,,,,,,,,,,,,,,,,0.0,0.0,0.0,0.0,0.0,0.0,0.0,0.0,0.0,0.0,0.0,0.0,0.0,0.0,0.0,0.0,0.0,0.0,0.0,0.0,0.0
"HIGGINS, Brian",20519,D,NY,House,19,H4NY27076,Yea,Yea,Yea,Yea,,Yea,Yea,Yea,Yea,Yea,Yea,Yea,Nay,Yea,Nay,Yea,Yea,Yea,Yea,Yea,,,,,,,,,,,,,,,0.0,10000.0,0.0,0.0,0.0,0.0,0.0,0.0,0.0,0.0,0.0,0.0,0.0,0.0,0.0,0.0,0.0,0.0,0.0,0.0,0.0
"HIGGINS, Clay",21724,R,LA,House,32,H6LA03148,Yea,Yea,Yea,Nay,,Yea,Yea,Yea,Yea,Yea,Yea,Yea,Yea,Yea,Yea,Yea,Yea,Yea,Yea,Yea,Yea,Yea,Yea,Yea,Yea,Nay,Yea,Yea,Nay,,Yea,Yea,Yea,Yea,0.0,10000.0,5510.0,0.0,510.0,0.0,0.0,0.0,0.0,0.0,0.0,0.0,0.0,0.0,0.0,0.0,0.0,0.0,0.0,0.0,0.0
"HILL, French",21503,R,AR,House,32,H4AR02141,Yea,Yea,Yea,Nay,,Yea,Yea,Yea,Yea,Yea,Yea,Yea,Yea,Yea,Yea,Yea,Yea,Yea,Yea,Yea,Yea,Yea,Yea,Yea,Yea,Yea,Yea,Yea,Yea,,Yea,Yea,Yea,Yea,0.0,25175.0,30310.0,20494.0,52079.0,0.0,0.0,0.0,0.0,0.0,0.0,0.0,0.0,0.0,0.0,0.0,0.0,0.0,0.0,0.0,0.0
"HILL, Katie",21932,D,CA,House,3,H8CA25074,Yea,Yea,Yea,,,,,,,,,,,,,,,,,,,,,,,,,,,,,,,,0.0,0.0,0.0,0.0,0.0,0.0,0.0,14700.0,0.0,0.0,0.0,14700.0,0.0,0.0,0.0,0.0,0.0,0.0,0.0,0.0,0.0
"HIMES, James A.",20907,D,CT,House,32,H8CT04172,Yea,Yea,Yea,Yea,,Yea,Yea,Yea,Yea,Yea,Yea,Yea,Nay,Yea,Nay,Yea,Yea,Yea,Nay,Yea,Nay,Yea,Yea,Yea,Yea,Yea,Nay,Nay,Yea,,Yea,Yea,Yea,Nay,0.0,32400.0,21501.0,0.0,45501.0,0.0,0.0,0.0,0.0,0.0,0.0,0.0,0.0,0.0,0.0,0.0,0.0,0.0,0.0,0.0,0.0
"HINSON, Ashley",22124,R,IA,House,28,H0IA01174,,,,,,Yea,Yea,Yea,Yea,Yea,Yea,Yea,Yea,Yea,Yea,Yea,Yea,Yea,Yea,Yea,Yea,Yea,Yea,Yea,Yea,Yea,Yea,Yea,Yea,,Yea,Yea,Yea,Yea,10838.0,32410.0,48397.0,32325.0,101070.0,0.0,0.0,0.0,0.0,0.0,0.0,0.0,0.0,0.0,0.0,0.0,0.0,0.0,0.0,0.0,0.0
"HOLDING, George E.B.",21349,R,NC,House,4,H2NC13110,Yea,Yea,Yea,Nay,,,,,,,,,,,,,,,,,,,,,,,,,,,,,,,2260.0,0.0,0.0,0.0,2260.0,0.0,0.0,0.0,0.0,0.0,0.0,0.0,0.0,0.0,0.0,0.0,0.0,0.0,0.0,0.0,0.0
"HOLLINGSWORTH, Joseph Albert III",21725,R,IN,House,6,H6IN09176,Yea,Yea,Yea,Nay,,Yea,Yea,,,,,,,,,,,,,,,,,,,,,,,,,,,,0.0,0.0,0.0,0.0,0.0,0.0,0.0,0.0,0.0,0.0,0.0,0.0,0.0,0.0,0.0,0.0,0.0,0.0,0.0,0.0,0.0
"HORN, Kendra",21933,D,OK,House,4,H8OK05109,Yea,Yea,Yea,Yea,,,,,,,,,,,,,,,,,,,,,,,,,,,,,,,0.0,0.0,0.0,0.0,0.0,0.0,0.0,0.0,0.0,0.0,0.0,0.0,0.0,0.0,0.0,0.0,0.0,0.0,0.0,0.0,0.0
"HORSFORD, Steven",21339,D,NV,House,32,H2NV04011,Yea,Yea,Yea,Yea,,Yea,Yea,Yea,Yea,Yea,Yea,Yea,Nay,Yea,Nay,Yea,Yea,Yea,Yea,Yea,Nay,Yea,Yea,Yea,Yea,Yea,Nay,Nay,Yea,,Yea,Yea,Yea,Nay,2000.0,17900.0,146526.0,26894.0,161420.0,0.0,0.0,0.0,0.0,0.0,0.0,0.0,0.0,0.0,0.0,0.0,0.0,0.0,0.0,0.0,0.0
"HOUCHIN, Erin",22326,R,IN,House,26,H6IN09143,,,,,,,,Yea,Yea,Yea,Yea,Yea,Yea,Yea,Yea,Yea,Yea,Yea,Yea,Yea,Yea,Yea,Yea,Yea,Yea,Yea,Yea,Yea,Yea,,Yea,Yea,Yea,Yea,0.0,1000.0,9500.0,4994.0,10494.0,0.0,0.0,0.0,0.0,0.0,0.0,0.0,0.0,0.0,0.0,0.0,0.0,0.0,0.0,0.0,0.0
"HOULAHAN, Christina",21934,D,PA,House,30,H8PA06087,Yea,Yea,Yea,Yea,,Yea,Yea,Yea,Not voting,Yea,Yea,Yea,Nay,Yea,Nay,Yea,Yea,Present,Present,Yea,Nay,Yea,Yea,Yea,Yea,Yea,Nay,Nay,Yea,,Yea,Yea,Yea,Not voting,2000.0,13800.0,29411.0,-5000.0,31111.0,2500.0,0.0,0.0,0.0,15600.0,27628.0,38228.0,0.0,0.0,0.0,0.0,0.0,0.0,0.0,0.0,0.0
"HOYER, Steny Hamilton",14873,D,MD,House,32,H2MD05155,Yea,Yea,Yea,Yea,,Yea,Yea,Yea,Yea,Yea,Yea,Yea,Nay,Yea,Nay,Yea,Yea,Yea,Yea,Yea,Nay,Yea,Yea,Yea,Yea,Yea,Nay,Nay,Yea,,Yea,Yea,Yea,Nay,74707.0,160114.0,261851.0,-6.0,457416.0,0.0,0.0,0.0,0.0,0.0,0.0,0.0,0.0,0.0,0.0,0.0,0.0,0.0,0.0,0.0,0.0
"HOYLE, Val",22327,D,OR,House,26,H2OR04095,,,,,,,,Yea,Yea,Yea,Yea,Yea,Nay,Yea,Nay,Yea,Yea,Present,Nay,Yea,Nay,Yea,Yea,Yea,Yea,Nay,Nay,Nay,Yea,,Yea,Yea,Yea,Nay,0.0,16340.0,0.0,0.0,14340.0,0.0,0.0,0.0,0.0,42778.0,7100.0,42408.0,0.0,0.0,0.0,0.0,0.0,0.0,0.0,0.0,0.0
"HUDSON, Richard",21346,R,NC,House,32,H2NC08185,Yea,Yea,Yea,Nay,,Yea,Yea,Yea,Yea,Yea,Yea,Yea,Yea,Yea,Yea,Yea,Yea,Yea,Yea,Yea,Yea,Yea,Yea,Yea,Yea,Yea,Yea,Yea,Yea,,Yea,Yea,Yea,Yea,19550.0,20900.0,143299.0,63994.0,224243.0,0.0,0.0,0.0,0.0,0.0,0.0,0.0,0.0,0.0,0.0,0.0,0.0,0.0,0.0,0.0,0.0
"HUFFMAN, Jared",21303,D,CA,House,31,H2CA06259,Yea,Yea,Present,Yea,,Yea,Yea,Nay,Yea,Yea,Yea,Nay,Nay,Nay,Nay,Yea,Yea,Yea,Nay,Yea,Nay,Yea,Nay,Yea,Yea,Yea,Nay,Nay,Yea,,Yea,Not voting,Yea,Nay,0.0,0.0,0.0,0.0,0.0,0.0,0.0,2000.0,13550.0,6050.0,750.0,13350.0,0.0,0.0,0.0,0.0,0.0,0.0,0.0,0.0,0.0
"HUIZENGA, Bill",21142,R,MI,House,31,H0MI02094,Yea,Yea,Yea,Nay,,Yea,Yea,Yea,Yea,Yea,Yea,Yea,Yea,Yea,Yea,Yea,Yea,Yea,Yea,Yea,Yea,Yea,Yea,Yea,Yea,Yea,Yea,Yea,Yea,,Not voting,Yea,Yea,Yea,0.0,10000.0,20710.0,24244.0,34954.0,0.0,0.0,0.0,0.0,0.0,0.0,0.0,0.0,0.0,0.0,0.0,0.0,0.0,0.0,0.0,0.0
"HUNT, Wesley",22328,R,TX,House,23,H0TX07170;S6TX00511,,,,,,,,Yea,Yea,Yea,Yea,Yea,Yea,Yea,Yea,Yea,Yea,Yea,Yea,Yea,Yea,Yea,Yea,Not voting,Not voting,Nay,Yea,Yea,Nay,,Yea,Not voting,Yea,Yea,48168.0,41232.0,108216.0,18210.0,200826.0,0.0,0.0,0.0,0.0,0.0,0.0,0.0,0.0,0.0,0.0,0.0,0.0,0.0,0.0,0.0,0.0
"HUNTER, Duncan Duane",20963,R,CA,House,3,H8CA52052,Yea,Yea,Yea,Not voting,,,,,,,,,,,,,,,,,,,,,,,,,,,,,,,0.0,0.0,0.0,0.0,0.0,0.0,0.0,0.0,0.0,0.0,0.0,0.0,0.0,0.0,0.0,0.0,0.0,0.0,0.0,0.0,0.0
"HURD, Jeff",22526,R,CO,House,4,H4CO03357,,,,,,,,,,,,,,,,,,,,,,,,,,,,,,,Yea,Yea,Yea,Yea,0.0,0.0,2882.0,54619.0,50001.0,0.0,0.0,0.0,0.0,0.0,0.0,0.0,0.0,0.0,0.0,0.0,0.0,0.0,0.0,0.0,0.0
"HURD, William Ballard",21550,R,TX,House,4,H0TX23086,Yea,Yea,Yea,Nay,,,,,,,,,,,,,,,,,,,,,,,,,,,,,,,1243.0,0.0,0.0,0.0,243.0,0.0,0.0,0.0,0.0,0.0,0.0,0.0,0.0,0.0,0.0,0.0,0.0,0.0,0.0,0.0,0.0
"ISSA, Darrell",20107,R,CA,House,28,H0CA48024;S8CA00135,,,,,,Yea,Yea,Yea,Yea,Yea,Yea,Yea,Yea,Yea,Yea,Yea,Yea,Yea,Yea,Yea,Yea,Yea,Yea,Yea,Yea,Yea,Yea,Yea,Yea,,Yea,Yea,Yea,Yea,0.0,26810.0,38874.0,21262.0,64046.0,0.0,0.0,0.0,0.0,0.0,0.0,0.0,0.0,0.0,0.0,0.0,0.0,0.0,0.0,0.0,0.0
"IVEY, Glenn",22329,D,MD,House,26,H2MD04315;H2MD04232,,,,,,,,Yea,Yea,Yea,Yea,Nay,Nay,Yea,Nay,Yea,Yea,Present,Yea,Yea,Nay,Yea,Yea,Yea,Yea,Yea,Nay,Nay,Yea,,Yea,Yea,Yea,Nay,0.0,728281.0,50550.0,25744.0,799575.0,2162369.42,0.0,0.0,0.0,0.0,0.0,0.0,0.0,0.0,0.0,0.0,0.0,0.0,0.0,0.0,0.0
"JACK, Brian",22527,R,GA,House,4,H4GA03126,,,,,,,,,,,,,,,,,,,,,,,,,,,,,,,Yea,Yea,Yea,Yea,0.0,0.0,99752.0,162194.0,221946.0,0.0,0.0,0.0,0.0,0.0,0.0,0.0,0.0,0.0,0.0,0.0,0.0,0.0,0.0,0.0,0.0
"JACKSON LEE, Sheila",29573,D,TX,House,18,H4TX18054,Yea,Yea,Yea,Yea,,Yea,Yea,Yea,Yea,Yea,Yea,Not voting,Not voting,Not voting,Not voting,Not voting,Not voting,Not voting,Nay,Yea,Nay,Yea,Yea,Yea,Yea,Yea,Not voting,,,,,,,,0.0,8250.0,5000.0,0.0,3250.0,0.0,0.0,0.0,0.0,0.0,0.0,0.0,0.0,0.0,0.0,0.0,0.0,0.0,0.0,0.0,0.0
"JACKSON, Jeff",22331,D,NC,House,21,H2NC14076,,,,,,,,Yea,Yea,Yea,Yea,Yea,Nay,Yea,Nay,Yea,Yea,Yea,Yea,Yea,Nay,Yea,Yea,Yea,Yea,Yea,Nay,Nay,Not voting,,,,,,0.0,10900.0,0.0,0.0,0.0,0.0,0.0,0.0,2555.0,2150.0,0.0,3705.0,0.0,0.0,0.0,0.0,0.0,0.0,0.0,0.0,0.0
"JACKSON, Jonathan",22330,D,IL,House,25,H2IL01349,,,,,,,,Yea,Yea,Not voting,Yea,Nay,Nay,Nay,Nay,Yea,Yea,Present,Nay,Yea,Nay,Yea,Nay,Nay,Nay,Nay,Nay,Nay,Yea,,Yea,Yea,Yea,Nay,0.0,12900.0,14560.0,0.0,14560.0,0.0,0.0,0.0,0.0,5100.0,2500.0,100.0,0.0,0.0,0.0,0.0,0.0,0.0,0.0,0.0,0.0
"JACKSON, Ronny",22125,R,TX,House,27,H0TX13228,,,,,,Yea,Yea,Yea,Not voting,Yea,Yea,Yea,Yea,Yea,Yea,Yea,Yea,Yea,Yea,Yea,Yea,Yea,Yea,Yea,Yea,Yea,Yea,Yea,Nay,,Yea,Yea,Yea,Yea,0.0,20850.0,44068.0,20734.0,55152.0,0.0,0.0,0.0,0.0,0.0,0.0,0.0,0.0,0.0,0.0,0.0,0.0,0.0,0.0,0.0,0.0
"JACOBS, Sara",22126,D,CA,House,28,H8CA49074,,,,,,Yea,Yea,Yea,Yea,Yea,Yea,Nay,Nay,Yea,Nay,Yea,Yea,Present,Nay,Yea,Nay,Yea,Nay,Yea,Yea,Nay,Nay,Nay,Yea,,Yea,Yea,Yea,Nay,0.0,0.0,0.0,0.0,0.0,0.0,0.0,18400.0,23870.0,13930.0,13100.0,62940.0,0.0,0.0,0.0,0.0,0.0,0.0,0.0,0.0,0.0
"JAMES, John",22332,R,MI,House,25,H2MI10150;S8MI00372,,,,,,,,Yea,Yea,Yea,Yea,Yea,Yea,Yea,Yea,Yea,Yea,Yea,Yea,Yea,Yea,Yea,Yea,Yea,Yea,Yea,Yea,Yea,Yea,,Yea,Not voting,Yea,Yea,74773.0,19633.0,131734.0,0.0,203590.0,0.0,0.0,0.0,0.0,0.0,0.0,0.0,0.0,0.0,0.0,0.0,0.0,0.0,0.0,0.0,0.0
"JAYAPAL, Pramila",21726,D,WA,House,32,H6WA07458,Yea,Yea,Nay,Yea,,Yea,Yea,Nay,Yea,Yea,Present,Nay,Nay,Nay,Nay,Yea,Yea,Nay,Nay,Yea,Nay,Yea,Nay,Nay,Nay,Nay,Nay,Nay,Yea,,Yea,Yea,Yea,Nay,0.0,0.0,0.0,0.0,0.0,0.0,0.0,29175.0,9800.0,29350.0,25250.0,83575.0,0.0,0.0,0.0,0.0,0.0,0.0,0.0,0.0,0.0
"JEFFRIES, Hakeem",21343,D,NY,House,32,H2NY10092,Yea,Yea,Yea,Yea,,Yea,Yea,Yea,Yea,Yea,Yea,Yea,Nay,Yea,Nay,Yea,Yea,Present,Yea,Yea,Nay,Yea,Yea,Yea,Yea,Yea,Nay,Nay,Yea,,Yea,Yea,Yea,Nay,0.0,333500.0,849350.0,23494.0,1188644.0,0.0,0.0,0.0,0.0,0.0,16250.0,11250.0,0.0,0.0,0.0,0.0,0.0,0.0,0.0,0.0,0.0
"JOHNSON, Bill",21162,R,OH,House,18,H0OH06189,Yea,Yea,Yea,Nay,,Yea,Yea,Yea,Yea,Yea,Yea,Yea,Yea,Yea,Yea,Yea,Yea,Yea,Yea,,,,,,,,,,,,,,,,0.0,22400.0,3300.0,0.0,17800.0,0.0,0.0,0.0,0.0,0.0,0.0,0.0,0.0,0.0,0.0,0.0,0.0,0.0,0.0,0.0,0.0
"JOHNSON, Dustin (Dusty)",21935,R,SD,House,32,H8SD01055,Yea,Yea,Yea,Nay,,Yea,Yea,Yea,Yea,Yea,Yea,Yea,Yea,Yea,Yea,Yea,Yea,Yea,Yea,Yea,Yea,Yea,Yea,Yea,Yea,Yea,Yea,Yea,Yea,,Yea,Yea,Yea,Yea,9250.0,26300.0,44018.0,6500.0,61668.0,0.0,0.0,0.0,0.0,0.0,0.0,0.0,0.0,0.0,0.0,0.0,0.0,0.0,0.0,0.0,0.0
"JOHNSON, Eddie Bernice",39305,D,TX,House,6,H2TX00015,Yea,Yea,Yea,Yea,,Yea,Yea,,,,,,,,,,,,,,,,,,,,,,,,,,,,0.0,0.0,0.0,0.0,0.0,0.0,0.0,2000.0,0.0,0.0,0.0,0.0,0.0,0.0,0.0,0.0,0.0,0.0,0.0,0.0,0.0
"JOHNSON, Hank",20712,D,GA,House,32,H6GA04129,Yea,Yea,Present,Yea,,Present,Yea,Nay,Yea,Yea,Yea,Yea,Nay,Yea,Nay,Yea,Yea,Present,Nay,Yea,Nay,Yea,Nay,Nay,Nay,Nay,Nay,Nay,Yea,,Yea,Yea,Yea,Nay,0.0,0.0,0.0,0.0,0.0,0.0,0.0,2500.0,2000.0,3000.0,35.0,1035.0,0.0,0.0,0.0,0.0,0.0,0.0,0.0,0.0,0.0
"JOHNSON, Julie",22528,D,TX,House,4,H4TX32089,,,,,,,,,,,,,,,,,,,,,,,,,,,,,,,Yea,Yea,Yea,Nay,0.0,0.0,42552.0,26000.0,62552.0,1950.0,0.0,0.0,0.0,0.0,500.0,500.0,0.0,0.0,0.0,0.0,0.0,0.0,0.0,0.0,0.0
"JOHNSON, Mike",21727,R,LA,House,28,H6LA04138,Yea,Yea,Yea,Nay,,Yea,Yea,Yea,Yea,Yea,Yea,,Yea,Yea,,Yea,Yea,Yea,Yea,,Yea,Yea,Yea,Yea,Yea,Yea,Yea,Yea,,,Yea,Yea,Yea,Yea,0.0,25000.0,641116.0,410697.0,1051813.0,0.0,0.0,0.0,0.0,0.0,0.0,0.0,0.0,0.0,0.0,0.0,0.0,0.0,0.0,0.0,0.0
"JORDAN, Jim",20738,R,OH,House,32,H6OH04082,Yea,Yea,Yea,Nay,,Yea,Yea,Yea,Yea,Yea,Yea,Yea,Yea,Yea,Yea,Yea,Yea,Yea,Yea,Yea,Yea,Yea,Yea,Yea,Yea,Yea,Yea,Yea,Yea,,Yea,Yea,Yea,Yea,0.0,31464.0,74791.0,172822.0,251177.0,0.0,0.0,0.0,0.0,0.0,0.0,0.0,0.0,0.0,0.0,0.0,0.0,0.0,0.0,0.0,0.0
"JOYCE, David",21353,R,OH,House,29,H2OH14064,Yea,Yea,Yea,Nay,,Yea,Yea,Yea,Yea,Yea,Yea,Not voting,Not voting,Not voting,Present,Yea,Yea,Yea,Yea,Yea,Yea,Yea,Yea,Yea,Yea,Yea,Yea,Yea,Yea,,Yea,Yea,Yea,Yea,0.0,37071.0,11310.0,17494.0,50875.0,0.0,0.0,0.0,0.0,0.0,0.0,0.0,0.0,0.0,0.0,0.0,0.0,0.0,0.0,0.0,0.0
"JOYCE, John",21936,R,PA,House,32,H8PA13125,Yea,Yea,Yea,Nay,,Yea,Yea,Yea,Yea,Yea,Yea,Yea,Yea,Yea,Yea,Yea,Yea,Yea,Yea,Yea,Yea,Yea,Yea,Yea,Yea,Yea,Yea,Yea,Yea,,Yea,Yea,Yea,Yea,0.0,0.0,0.0,0.0,0.0,0.0,0.0,0.0,0.0,0.0,0.0,0.0,0.0,0.0,0.0,0.0,0.0,0.0,0.0,0.0,0.0
"KAMLAGER-DOVE, Sydney",22333,D,CA,House,26,H2CA37304,,,,,,,,Yea,Yea,Yea,Yea,Nay,Nay,Yea,Nay,Yea,Yea,Present,Nay,Yea,Nay,Yea,Nay,Yea,Yea,Yea,Nay,Nay,Yea,,Yea,Yea,Yea,Nay,0.0,7500.0,0.0,0.0,500.0,88350.78,0.0,0.0,16510.0,19575.0,17427.0,52812.0,0.0,0.0,0.0,0.0,0.0,0.0,0.0,0.0,0.0
"KAPTUR, Marcia Carolyn (Marcy)",15029,D,OH,House,31,H2OH09031,Yea,Yea,Yea,Yea,,Yea,Yea,Yea,Yea,Yea,Yea,Yea,Nay,Yea,Nay,Yea,Yea,Present,Yea,Yea,Nay,Yea,Yea,Yea,Yea,Yea,Nay,Nay,Yea,,Yea,Yea,Yea,Not voting,0.0,0.0,0.0,0.0,0.0,0.0,0.0,2300.0,44566.0,63695.0,93919.0,195980.0,0.0,0.0,0.0,0.0,0.0,0.0,0.0,0.0,0.0
"KATKO, John",21542,R,NY,House,6,H4NY24073,Yea,Yea,Yea,Nay,,Yea,Yea,,,,,,,,,,,,,,,,,,,,,,,,,,,,96810.0,36944.0,0.0,0.0,132754.0,0.0,0.0,0.0,0.0,0.0,0.0,0.0,0.0,0.0,0.0,0.0,0.0,0.0,0.0,0.0,0.0
"KEAN, Thomas",22334,R,NJ,House,25,H0NJ07261,,,,,,,,Yea,Yea,Yea,Yea,Yea,Yea,Yea,Yea,Yea,Yea,Yea,Yea,Yea,Yea,Yea,Yea,Yea,Yea,Yea,Yea,Yea,Yea,,Yea,Yea,Not voting,Yea,24829.0,12508.0,419190.0,354226.0,750913.0,0.0,0.0,0.0,0.0,0.0,0.0,0.0,0.0,0.0,0.0,0.0,0.0,0.0,0.0,0.0,0.0
"KEATING, William R.",21140,D,MA,House,32,H0MA10082,Yea,Yea,Yea,Yea,,Yea,Yea,Yea,Yea,Yea,Yea,Yea,Nay,Yea,Nay,Yea,Yea,Yea,Yea,Yea,Nay,Yea,Yea,Yea,Yea,Yea,Nay,Nay,Yea,,Yea,Yea,Yea,Nay,15250.0,25500.0,41755.0,244.0,62749.0,0.0,0.0,0.0,10500.0,6335.0,9040.0,22600.0,0.0,0.0,0.0,0.0,0.0,0.0,0.0,0.0,0.0
"KELLER, Fred",21985,R,PA,House,4,H0PA12181,,,Yea,Nay,,Yea,Yea,,,,,,,,,,,,,,,,,,,,,,,,,,,,0.0,0.0,0.0,0.0,0.0,0.0,0.0,0.0,0.0,0.0,0.0,0.0,0.0,0.0,0.0,0.0,0.0,0.0,0.0,0.0,0.0
"KELLY, Mike",21167,R,PA,House,28,H0PA03271,Yea,Yea,Yea,Nay,,Yea,Yea,Not voting,Yea,Not voting,Yea,Yea,Yea,Yea,Yea,Not voting,Not voting,Yea,Yea,Yea,Yea,Yea,Yea,Yea,Yea,Yea,Yea,Yea,Yea,,Yea,Yea,Yea,Yea,0.0,10150.0,15220.0,15994.0,23464.0,0.0,0.0,0.0,0.0,0.0,0.0,0.0,0.0,0.0,0.0,0.0,0.0,0.0,0.0,0.0,0.0
"KELLY, Robin L.",21371,D,IL,House,32,H2IL02172;S6IL00474,Yea,Yea,Yea,Yea,,Yea,Yea,Yea,Yea,Yea,Yea,Nay,Nay,Yea,Nay,Yea,Yea,Present,Nay,Yea,Nay,Yea,Yea,Yea,Yea,Nay,Nay,Nay,Yea,,Yea,Yea,Yea,Nay,0.0,0.0,0.0,7000.0,7000.0,0.0,0.0,6150.0,3000.0,4100.0,360.0,5860.0,0.0,0.0,0.0,0.0,0.0,0.0,0.0,0.0,0.0
"KELLY, Trent",21561,R,MS,House,32,H6MS01131,Yea,Yea,Yea,Nay,,Yea,Yea,Yea,Yea,Yea,Yea,Yea,Yea,Yea,Yea,Yea,Yea,Yea,Yea,Yea,Yea,Yea,Yea,Yea,Yea,Yea,Yea,Yea,Yea,,Yea,Yea,Yea,Yea,0.0,7900.0,16763.0,20001.0,26764.0,0.0,0.0,0.0,0.0,0.0,0.0,0.0,0.0,0.0,0.0,0.0,0.0,0.0,0.0,0.0,0.0
"KENNEDY, Joseph P. III",21335,D,MA,House,4,H2MA04073,Yea,Yea,Yea,Yea,,,,,,,,,,,,,,,,,,,,,,,,,,,,,,,0.0,0.0,0.0,0.0,0.0,0.0,0.0,0.0,0.0,0.0,0.0,0.0,0.0,0.0,0.0,0.0,0.0,0.0,0.0,0.0,0.0
"KENNEDY, Mike",22529,R,UT,House,4,H4UT03260,,,,,,,,,,,,,,,,,,,,,,,,,,,,,,,Yea,Yea,Yea,Yea,0.0,0.0,15000.0,250.0,5250.0,0.0,0.0,0.0,0.0,0.0,0.0,0.0,0.0,0.0,0.0,0.0,0.0,0.0,0.0,0.0,0.0
"KENNEDY, Timothy M.",22377,D,NY,House,7,H4NY26078,,,,,,,,,,,,,,,,,,,,,,,,,,,Nay,Nay,Yea,,Yea,Yea,Yea,Nay,0.0,0.0,41526.0,77165.0,102691.0,0.0,0.0,0.0,0.0,0.0,0.0,0.0,0.0,0.0,0.0,0.0,0.0,0.0,0.0,0.0,0.0
"KHANNA, Ro",21728,D,CA,House,31,H4CA12055,Yea,Yea,Yea,Yea,,Yea,Yea,Yea,Yea,Yea,Yea,Yea,Nay,Yea,Nay,Yea,Yea,Present,Nay,Yea,Nay,Yea,Yea,Yea,Nay,Nay,Not voting,Nay,Yea,,Yea,Yea,Yea,Nay,0.0,0.0,0.0,0.0,0.0,0.0,0.0,12600.0,33950.0,47050.0,41010.0,134610.0,0.0,0.0,0.0,0.0,0.0,0.0,0.0,0.0,0.0
"KIGGANS, Jennifer",22335,R,VA,House,25,H2VA02064,,,,,,,,Yea,Yea,Yea,Yea,Yea,Yea,Yea,Not voting,Yea,Yea,Yea,Yea,Yea,Yea,Yea,Yea,Yea,Yea,Yea,Yea,Yea,Yea,,Yea,Yea,Yea,Yea,0.0,2900.0,51387.0,47497.0,83284.0,0.0,965900.75,0.0,0.0,0.0,0.0,0.0,0.0,0.0,0.0,0.0,0.0,0.0,0.0,0.0,0.0
"KILDEE, Dan",21372,D,MI,House,27,H2MI05119,Yea,Yea,Yea,Yea,,Yea,Yea,Not voting,Yea,Yea,Yea,Yea,Nay,Yea,Nay,Yea,Yea,Present,Nay,Yea,Nay,Yea,Yea,Yea,Nay,Yea,Nay,Nay,Yea,,,,,,0.0,0.0,0.0,0.0,0.0,0.0,0.0,4500.0,75266.0,8836.0,0.0,74602.0,0.0,0.0,0.0,0.0,0.0,0.0,0.0,0.0,0.0
"KILEY, Kevin",22336,R,CA,House,23,H2CA03157,,,,,,,,Yea,Yea,Yea,Yea,Yea,Yea,Yea,Yea,Yea,Yea,Yea,Yea,Yea,Yea,Yea,Yea,Yea,Yea,Yea,Yea,Yea,Yea,,Yea,Not voting,,,0.0,0.0,29124.0,66357.0,67481.0,0.0,0.0,0.0,0.0,0.0,0.0,0.0,0.0,0.0,0.0,0.0,0.0,0.0,0.0,0.0,0.0
"KILMER, Derek",21368,D,WA,House,28,H2WA06129,Yea,Yea,Yea,Yea,,Yea,Yea,Yea,Yea,Yea,Yea,Yea,Nay,Yea,Nay,Yea,Yea,Yea,Nay,Yea,Nay,Yea,Yea,Yea,Yea,Yea,Nay,Nay,Yea,,,,,,0.0,74800.0,14500.0,0.0,86200.0,0.0,0.0,3000.0,1000.0,1000.0,0.0,0.0,0.0,0.0,0.0,0.0,0.0,0.0,0.0,0.0,0.0
"KIM, Andy",21937,D,NJ,House,27,H8NJ03206;S4NJ00466,Yea,Yea,Yea,Yea,,Yea,Yea,Yea,Yea,Yea,Yea,Yea,Nay,Yea,Nay,Yea,Yea,Not voting,Yea,Yea,Nay,Yea,Yea,Yea,Yea,Nay,Nay,Nay,Yea,,,,,,11550.0,13000.0,0.0,0.0,19550.0,0.0,0.0,225945.0,232524.0,117011.0,31100.0,606834.0,0.0,0.0,1000.0,500.0,0.0,0.0,0.0,0.0,0.0
"KIM, Young",22129,R,CA,House,28,H8CA39240,,,,,,Yea,Yea,Yea,Yea,Yea,Yea,Yea,Yea,Yea,Yea,Yea,Yea,Yea,Yea,Yea,Yea,Yea,Yea,Yea,Yea,Yea,Yea,Yea,Yea,,Yea,Yea,Yea,Yea,16704.0,105606.0,279975.0,137903.0,497978.0,0.0,0.0,0.0,0.0,0.0,0.0,0.0,0.0,0.0,0.0,0.0,0.0,0.0,0.0,0.0,0.0
"KIND, Ron",29769,D,WI,House,6,H6WI03099,Yea,Yea,Yea,Yea,,Yea,Yea,,,,,,,,,,,,,,,,,,,,,,,,,,,,0.0,0.0,0.0,0.0,0.0,0.0,0.0,2200.0,3800.0,0.0,0.0,3000.0,0.0,0.0,0.0,0.0,0.0,0.0,0.0,0.0,0.0
"KING, Peter T.",29375,R,NY,House,4,H2NY03089,Yea,Nay,Yea,Nay,,,,,,,,,,,,,,,,,,,,,,,,,,,,,,,0.0,0.0,0.0,0.0,0.0,0.0,0.0,0.0,0.0,0.0,0.0,0.0,0.0,0.0,0.0,0.0,0.0,0.0,0.0,0.0,0.0
"KING, Steve",20325,R,IA,House,4,H2IA05072,Yea,Present,Yea,Nay,,,,,,,,,,,,,,,,,,,,,,,,,,,,,,,0.0,0.0,0.0,0.0,0.0,0.0,0.0,0.0,0.0,0.0,0.0,0.0,0.0,0.0,0.0,0.0,0.0,0.0,0.0,0.0,0.0
"KINZINGER, Adam",21128,R,IL,House,4,H0IL11052,Yea,Yea,Yea,Not voting,,Yea,Not voting,,,,,,,,,,,,,,,,,,,,,,,,,,,,0.0,126.0,0.0,0.0,126.0,0.0,0.0,0.0,0.0,0.0,0.0,0.0,0.0,0.0,0.0,0.0,0.0,0.0,0.0,0.0,0.0
"KIRKPATRICK, Ann",20902,D,AZ,House,6,H8AZ01104,Yea,Yea,Yea,Yea,,Yea,Yea,,,,,,,,,,,,,,,,,,,,,,,,,,,,0.0,0.0,0.0,0.0,0.0,0.0,0.0,9550.0,0.0,0.0,0.0,9550.0,0.0,0.0,0.0,0.0,0.0,0.0,0.0,0.0,0.0
"KNOTT, Brad",22530,R,NC,House,4,H4NC13116,,,,,,,,,,,,,,,,,,,,,,,,,,,,,,,Yea,Yea,Yea,Yea,0.0,0.0,10000.0,8667.0,3667.0,0.0,0.0,0.0,0.0,0.0,0.0,0.0,0.0,0.0,0.0,0.0,0.0,0.0,0.0,0.0,0.0
"KRISHNAMOORTHI, S. Raja",21730,D,IL,House,32,H6IL08147;S6IL00482,Yea,Yea,Yea,Yea,,Yea,Yea,Yea,Yea,Yea,Yea,Yea,Nay,Yea,Nay,Yea,Yea,Present,Nay,Yea,Nay,Yea,Yea,Yea,Yea,Yea,Nay,Nay,Yea,,Yea,Yea,Yea,Nay,0.0,12857.0,107251.0,59000.0,164208.0,0.0,0.0,0.0,0.0,11600.0,17000.0,23600.0,0.0,0.0,0.0,0.0,0.0,0.0,0.0,0.0,0.0
"KUSTER, Ann McLane",21340,D,NH,House,28,H0NH02181,Yea,Yea,Yea,Yea,,Yea,Yea,Yea,Yea,Yea,Yea,Yea,Nay,Yea,Nay,Yea,Yea,Yea,Yea,Yea,Nay,Yea,Yea,Yea,Yea,Yea,Nay,Nay,Yea,,,,,,0.0,0.0,0.0,0.0,0.0,0.0,0.0,35650.0,70832.0,28661.0,0.0,126998.0,0.0,0.0,0.0,0.0,0.0,0.0,0.0,0.0,0.0
"KUSTOFF, David",21731,R,TN,House,32,H2TN07103,Yea,Yea,Yea,Nay,,Yea,Yea,Yea,Yea,Yea,Yea,Yea,Yea,Yea,Yea,Yea,Yea,Yea,Yea,Yea,Yea,Yea,Yea,Yea,Yea,Yea,Yea,Yea,Yea,,Yea,Yea,Yea,Yea,23491.0,16520.0,114804.0,78546.0,178361.0,0.0,0.0,0.0,0.0,0.0,0.0,0.0,0.0,0.0,0.0,0.0,0.0,0.0,0.0,0.0,0.0
"LAHOOD, Darin",21562,R,IL,House,32,H6IL18088,Yea,Yea,Yea,Nay,,Yea,Yea,Yea,Yea,Yea,Yea,Yea,Yea,Yea,Yea,Yea,Yea,Yea,Yea,Yea,Yea,Yea,Yea,Yea,Yea,Yea,Yea,Yea,Yea,,Yea,Yea,Yea,Yea,0.0,25000.0,25170.0,48654.0,73824.0,0.0,0.0,0.0,0.0,0.0,0.0,0.0,0.0,0.0,0.0,0.0,0.0,0.0,0.0,0.0,0.0
"LALOTA, Nicholas",22337,R,NY,House,25,H2NY01190,,,,,,,,Yea,Yea,Yea,Yea,Yea,Yea,Yea,Yea,Yea,Yea,Yea,Yea,Yea,Yea,Yea,Yea,Yea,Yea,Yea,Yea,Not voting,Yea,,Yea,Yea,Yea,Yea,0.0,0.0,133340.0,89415.0,201755.0,0.0,0.0,0.0,0.0,0.0,0.0,0.0,0.0,0.0,0.0,0.0,0.0,0.0,0.0,0.0,0.0
"LAMALFA, Doug",21302,R,CA,House,29,H2CA02142;H2CA01144,Yea,Nay,Yea,Nay,,Yea,Yea,Yea,Yea,Yea,Yea,Yea,Yea,Yea,Yea,Yea,Yea,Yea,Yea,Yea,Yea,Not voting,Yea,Yea,Yea,Yea,Yea,Yea,Yea,,Yea,Yea,,,0.0,12400.0,22082.0,494.0,17076.0,0.0,0.0,0.0,0.0,0.0,0.0,0.0,0.0,0.0,0.0,0.0,0.0,0.0,0.0,0.0,0.0
"LAMB, Conor",21756,D,PA,House,6,H8PA18181,Yea,Yea,Yea,Yea,,Yea,Yea,,,,,,,,,,,,,,,,,,,,,,,,,,,,0.0,0.0,0.0,0.0,0.0,0.0,0.0,18925.0,10700.0,0.0,0.0,29625.0,0.0,0.0,0.0,0.0,0.0,0.0,0.0,0.0,0.0
"LAMBORN, Doug",20704,R,CO,House,28,H6CO05159,Yea,Yea,Yea,Nay,,Yea,Yea,Yea,Yea,Yea,Yea,Yea,Yea,Yea,Yea,Yea,Yea,Yea,Yea,Yea,Yea,Yea,Yea,Yea,Yea,Yea,Yea,Yea,Yea,,,,,,6033.0,27900.0,40963.0,0.0,55463.0,0.0,0.0,0.0,0.0,0.0,0.0,0.0,0.0,0.0,0.0,0.0,0.0,0.0,0.0,0.0,0.0
"LANDSMAN, Greg",22338,D,OH,House,26,H2OH01194,,,,,,,,Yea,Yea,Yea,Yea,Yea,Yea,Yea,Yea,Yea,Yea,Yea,Yea,Yea,Yea,Yea,Yea,Yea,Yea,Yea,Yea,Nay,Yea,,Yea,Yea,Yea,Yea,0.0,0.0,402159.0,733482.0,1109641.0,0.0,0.0,0.0,0.0,0.0,0.0,0.0,0.0,0.0,0.0,0.0,0.0,0.0,0.0,0.0,0.0
"LANGEVIN, James",20136,D,RI,House,6,H0RI02139,Yea,Yea,Yea,Yea,,Yea,Yea,,,,,,,,,,,,,,,,,,,,,,,,,,,,15000.0,0.0,0.0,0.0,15000.0,0.0,0.0,1000.0,750.0,0.0,0.0,750.0,0.0,0.0,0.0,0.0,0.0,0.0,0.0,0.0,0.0
"LANGWORTHY, Nick",22339,R,NY,House,23,H2NY23228,,,,,,,,Yea,Yea,Yea,Yea,Yea,Yea,Yea,Yea,Yea,Yea,Yea,Yea,Yea,Yea,Yea,Yea,Not voting,Yea,Not voting,Yea,Yea,Yea,,Yea,Not voting,Yea,Yea,0.0,19750.0,50772.0,27325.0,72847.0,0.0,0.0,0.0,0.0,0.0,0.0,0.0,0.0,0.0,0.0,0.0,0.0,0.0,0.0,0.0,0.0
"LARSEN, Richard Ray (Rick)",20145,D,WA,House,31,H0WA02080,Yea,Yea,Yea,Yea,,Yea,Yea,Yea,Yea,Yea,Yea,Yea,Nay,Yea,Not voting,Yea,Yea,Present,Nay,Yea,Nay,Yea,Yea,Yea,Yea,Yea,Nay,Nay,Yea,,Yea,Yea,Yea,Nay,0.0,26300.0,35551.0,11000.0,45851.0,0.0,0.0,0.0,0.0,0.0,0.0,0.0,0.0,0.0,0.0,0.0,0.0,0.0,0.0,0.0,0.0
"LARSON, John B.",29908,D,CT,House,31,H8CT01046,Not voting,Yea,Yea,Yea,,Yea,Yea,Yea,Yea,Yea,Yea,Yea,Nay,Yea,Nay,Yea,Yea,Yea,Nay,Yea,Nay,Yea,Yea,Yea,Yea,Yea,Nay,Nay,Yea,,Yea,Yea,Yea,Nay,0.0,9900.0,22701.0,206494.0,214195.0,0.0,0.0,0.0,0.0,2750.0,2825.0,2075.0,0.0,0.0,0.0,0.0,0.0,0.0,0.0,0.0,0.0
"LATIMER, George",22531,D,NY,House,4,H4NY16087,,,,,,,,,,,,,,,,,,,,,,,,,,,,,,,Yea,Yea,Yea,Yea,0.0,0.0,2691154.0,76104.0,2707708.0,5593241.85,84325.84,0.0,0.0,0.0,0.0,0.0,0.0,0.0,0.0,0.0,0.0,0.0,0.0,0.0,491613.31
"LATTA, Robert E.",20755,R,OH,House,32,H8OH05036,Yea,Yea,Yea,Nay,,Yea,Yea,Yea,Yea,Yea,Yea,Yea,Yea,Yea,Yea,Yea,Yea,Yea,Yea,Yea,Yea,Yea,Yea,Yea,Yea,Yea,Yea,Yea,Yea,,Yea,Yea,Yea,Yea,0.0,10800.0,21150.0,14542.0,28592.0,0.0,0.0,0.0,0.0,0.0,0.0,0.0,0.0,0.0,0.0,0.0,0.0,0.0,0.0,0.0,0.0
"LATURNER, Jake",22130,R,KS,House,23,H0KS02188,,,,,,Yea,Yea,Not voting,Yea,Yea,Yea,Yea,Yea,Yea,Yea,Yea,Yea,Yea,Yea,Yea,Yea,Yea,Yea,Yea,Yea,Yea,Yea,Yea,Yea,,,,,,0.0,13400.0,24610.0,0.0,23010.0,0.0,0.0,0.0,0.0,0.0,0.0,0.0,0.0,0.0,0.0,0.0,0.0,0.0,0.0,0.0,0.0
"LAWLER, Michael",22340,R,NY,House,26,H2NY17162,,,,,,,,Yea,Yea,Yea,Yea,Yea,Yea,Yea,Yea,Yea,Yea,Yea,Yea,Yea,Yea,Yea,Yea,Yea,Yea,Yea,Yea,Yea,Yea,,Yea,Yea,Yea,Yea,0.0,2502.0,437456.0,757647.0,1140505.0,0.0,0.0,0.0,0.0,0.0,0.0,0.0,0.0,0.0,0.0,0.0,0.0,0.0,0.0,0.0,0.0
"LAWRENCE, Brenda L",21530,D,MI,House,6,H2MI14111,Yea,Yea,Yea,Yea,,Yea,Yea,,,,,,,,,,,,,,,,,,,,,,,,,,,,8000.0,0.0,0.0,0.0,8000.0,0.0,0.0,2750.0,2000.0,0.0,0.0,750.0,0.0,0.0,0.0,0.0,0.0,0.0,0.0,0.0,0.0
"LAWSON, Alfred Jr.",21732,D,FL,House,5,H0FL02086,Not voting,Yea,Yea,Yea,,Yea,Yea,,,,,,,,,,,,,,,,,,,,,,,,,,,,0.0,19570.0,0.0,0.0,16670.0,0.0,0.0,0.0,0.0,0.0,0.0,0.0,0.0,0.0,0.0,0.0,0.0,0.0,0.0,0.0,0.0
"LEE, Barbara",29778,D,CA,House,25,H8CA09060,Yea,Yea,Nay,Yea,,Yea,Yea,Not voting,Yea,Yea,Yea,Nay,Nay,Yea,Nay,Not voting,Not voting,Present,Nay,Yea,Nay,Yea,Nay,Nay,Nay,Nay,Nay,Nay,Yea,,,,,,0.0,0.0,0.0,0.0,0.0,0.0,0.0,32695.0,25504.0,19850.0,0.0,71861.0,0.0,0.0,0.0,0.0,0.0,0.0,0.0,0.0,0.0
"LEE, Laurel",22341,R,FL,House,25,H2FL15241,,,,,,,,Yea,Yea,Yea,Yea,Yea,Yea,Yea,Yea,Yea,Yea,Yea,Yea,Yea,Yea,Yea,Yea,Yea,Yea,Yea,Yea,Yea,Yea,,Yea,Not voting,Yea,Yea,0.0,13340.0,34549.0,7512.0,35401.0,0.0,0.0,0.0,0.0,0.0,0.0,0.0,0.0,0.0,0.0,0.0,0.0,0.0,0.0,0.0,0.0
"LEE, Summer",22342,D,PA,House,26,H2PA18200,,,,,,,,Nay,Yea,Nay,Nay,Nay,Nay,Nay,Nay,Yea,Yea,Nay,Nay,Yea,Nay,Yea,Nay,Nay,Nay,Nay,Nay,Nay,Yea,,Yea,Yea,Yea,Nay,0.0,0.0,0.0,0.0,0.0,0.0,0.0,0.0,17724.0,33527.0,0.0,50807.0,0.0,0.0,0.0,10000.0,6500.0,6000.0,0.0,1333131.56,0.0
"LEE, Susie",21938,D,NV,House,29,H6NV04020,Yea,Yea,Yea,Yea,,Yea,Yea,Yea,Yea,Yea,Yea,Yea,Nay,Yea,Yea,Not voting,Not voting,Yea,Yea,Yea,Yea,Yea,Yea,Not voting,Yea,Yea,Nay,Yea,Yea,,Yea,Yea,Yea,Yea,2000.0,33821.0,348342.0,447710.0,805473.0,0.0,0.0,0.0,0.0,0.0,0.0,0.0,0.0,0.0,0.0,0.0,0.0,0.0,0.0,0.0,0.0
"LEGER FERNANDEZ, Teresa",22131,D,NM,House,27,H0NM03102,,,,,,Yea,Yea,Yea,Yea,Yea,Yea,Yea,Nay,Yea,Nay,Yea,Yea,Present,Yea,Yea,Nay,Yea,Yea,Yea,Yea,Nay,Nay,Nay,Yea,,Yea,Yea,Not voting,Nay,2000.0,7900.0,5800.0,0.0,5800.0,0.0,0.0,4250.0,35716.0,25310.0,2500.0,62276.0,0.0,0.0,0.0,0.0,0.0,0.0,0.0,0.0,0.0
"LESKO, Debbie",21757,R,AZ,House,23,H8AZ08158,Yea,Yea,Yea,Nay,,Not voting,Yea,Yea,Yea,Yea,Not voting,Not voting,Not voting,Not voting,Yea,Yea,Yea,Yea,Yea,Yea,Yea,Yea,Yea,Yea,Yea,Yea,Yea,Yea,Yea,,,,,,0.0,40650.0,14000.0,0.0,44650.0,0.0,0.0,0.0,0.0,0.0,0.0,0.0,0.0,0.0,0.0,0.0,0.0,0.0,0.0,0.0,0.0
"LETLOW, Julia",22157,R,LA,House,27,H2LA05126;S6LA00664,,,,,,Yea,Yea,Yea,Yea,Yea,Yea,Yea,Yea,Yea,Yea,Yea,Yea,Yea,Yea,Yea,Yea,Yea,Yea,Yea,Yea,Yea,Yea,Yea,Yea,,Yea,Yea,Not voting,Yea,0.0,10000.0,67610.0,494.0,58104.0,0.0,0.0,0.0,0.0,0.0,0.0,0.0,0.0,0.0,0.0,0.0,0.0,0.0,0.0,0.0,0.0
"LEVIN, Andy",21940,D,MI,House,6,H8MI09118,Yea,Yea,Yea,Yea,,Yea,Yea,,,,,,,,,,,,,,,,,,,,,,,,,,,,0.0,0.0,0.0,0.0,0.0,0.0,341792.98,58249.0,226944.0,0.0,0.0,280193.0,0.0,0.0,0.0,0.0,0.0,0.0,0.0,14987.43,0.0
"LEVIN, Mike",21939,D,CA,House,32,H8CA49058,Yea,Yea,Yea,Yea,,Yea,Yea,Yea,Yea,Yea,Yea,Yea,Nay,Yea,Nay,Yea,Yea,Yea,Yea,Yea,Yea,Yea,Yea,Yea,Yea,Yea,Nay,Nay,Yea,,Yea,Yea,Yea,Nay,0.0,44590.0,110123.0,129244.0,253057.0,0.0,0.0,18900.0,46757.0,33200.0,46133.0,141990.0,0.0,0.0,0.0,0.0,0.0,0.0,0.0,0.0,0.0
"LEWIS, John R.",15431,D,GA,House,4,H6GA05217,Yea,Yea,Yea,Yea,,,,,,,,,,,,,,,,,,,,,,,,,,,,,,,0.0,0.0,0.0,0.0,0.0,0.0,0.0,1000.0,0.0,0.0,0.0,0.0,0.0,0.0,0.0,0.0,0.0,0.0,0.0,0.0,0.0
"LICCARDO, Sam T.",22532,D,CA,House,4,H4CA16197,,,,,,,,,,,,,,,,,,,,,,,,,,,,,,,Yea,Yea,Yea,Nay,0.0,0.0,0.0,0.0,0.0,0.0,0.0,0.0,0.0,22759.0,26630.0,49389.0,0.0,0.0,0.0,0.0,0.0,0.0,0.0,0.0,0.0
"LIEU, Ted",21507,D,CA,House,32,H4CA33119,Yea,Yea,Yea,Yea,,Yea,Yea,Yea,Yea,Yea,Yea,Yea,Nay,Yea,Nay,Yea,Yea,Present,Yea,Yea,Yea,Yea,Yea,Yea,Yea,Yea,Nay,Nay,Yea,,Yea,Yea,Yea,Nay,33732.0,104735.0,324626.0,366156.0,796349.0,0.0,0.0,0.0,0.0,0.0,0.0,0.0,0.0,0.0,0.0,0.0,0.0,0.0,0.0,0.0,0.0
"LIPINSKI, Daniel",20508,D,IL,House,4,H4IL03077,Yea,Yea,Yea,Yea,,,,,,,,,,,,,,,,,,,,,,,,,,,,,,,104174.0,0.0,0.0,0.0,104174.0,0.0,0.0,0.0,0.0,0.0,0.0,0.0,0.0,0.0,0.0,0.0,0.0,0.0,0.0,0.0,0.0
"LOEBSACK, Dave",20720,D,IA,House,4,H6IA02146,Yea,Yea,Yea,Yea,,,,,,,,,,,,,,,,,,,,,,,,,,,,,,,0.0,0.0,0.0,0.0,0.0,0.0,0.0,250.0,0.0,0.0,0.0,250.0,0.0,0.0,0.0,0.0,0.0,0.0,0.0,0.0,0.0
"LOFGREN, Zoe",29504,D,CA,House,31,H4CA16049,Yea,Yea,Yea,Yea,,Yea,Yea,Yea,Yea,Yea,Yea,Nay,Nay,Yea,Nay,Yea,Yea,Not voting,Nay,Yea,Nay,Yea,Yea,Yea,Yea,Nay,Nay,Nay,Yea,,Yea,Yea,Yea,Nay,0.0,0.0,0.0,0.0,0.0,0.0,0.0,4000.0,10600.0,4750.0,2450.0,17100.0,0.0,0.0,0.0,0.0,0.0,0.0,0.0,0.0,0.0
"LONG, Billy",21150,R,MO,House,6,H0MO07113,Yea,Yea,Yea,Nay,,Yea,Yea,,,,,,,,,,,,,,,,,,,,,,,,,,,,5000.0,5000.0,0.0,0.0,0.0,0.0,0.0,0.0,0.0,0.0,0.0,0.0,0.0,0.0,0.0,0.0,0.0,0.0,0.0,0.0,0.0
"LOUDERMILK, Barry D.",21515,R,GA,House,31,H4GA11061,Yea,Yea,Yea,Nay,,Yea,Yea,Yea,Yea,Yea,Yea,Yea,Yea,Yea,Yea,Yea,Yea,Yea,Yea,Yea,Yea,Yea,Yea,Yea,Yea,Yea,Yea,Yea,Yea,,Yea,Yea,Yea,Not voting,0.0,17900.0,43310.0,15994.0,59304.0,0.0,0.0,0.0,0.0,0.0,0.0,0.0,0.0,0.0,0.0,0.0,0.0,0.0,0.0,0.0,0.0
"LOWENTHAL, Alan",21313,D,CA,House,6,H2CA00104,Yea,Yea,Yea,Yea,,Yea,Yea,,,,,,,,,,,,,,,,,,,,,,,,,,,,0.0,0.0,0.0,0.0,0.0,0.0,0.0,7050.0,2500.0,0.0,0.0,2050.0,0.0,0.0,0.0,0.0,0.0,0.0,0.0,0.0,0.0
"LOWEY, Nita M.",15612,D,NY,House,4,H8NY20056,Yea,Yea,Yea,Yea,,,,,,,,,,,,,,,,,,,,,,,,,,,,,,,1414.0,0.0,0.0,0.0,414.0,0.0,0.0,0.0,0.0,0.0,0.0,0.0,0.0,0.0,0.0,0.0,0.0,0.0,0.0,0.0,0.0
"LUCAS, Frank D.",29393,R,OK,House,31,H4OK06056,Yea,Yea,Yea,Nay,,Yea,Yea,Yea,Yea,Yea,Yea,Not voting,Yea,Yea,Yea,Yea,Yea,Yea,Yea,Yea,Yea,Yea,Yea,Yea,Yea,Yea,Yea,Yea,Yea,,Yea,Yea,Yea,Yea,0.0,0.0,10510.0,4994.0,504.0,0.0,0.0,0.0,0.0,0.0,0.0,0.0,0.0,0.0,0.0,0.0,0.0,0.0,0.0,0.0,0.0
"LUETKEMEYER, Blaine",20926,R,MO,House,25,H8MO09153,Yea,Yea,Yea,Nay,,Yea,Yea,Yea,Yea,Yea,Yea,Yea,Yea,Yea,Yea,Yea,Yea,Yea,Yea,Yea,Yea,Yea,Not voting,Not voting,Not voting,Yea,Yea,Yea,Yea,,,,,,0.0,10000.0,7750.0,0.0,2750.0,0.0,0.0,0.0,0.0,0.0,0.0,0.0,0.0,0.0,0.0,0.0,0.0,0.0,0.0,0.0,0.0
"LUJÁN, Ben Ray",20932,D,NM,House+Senate,5,H8NM03196;S0NM00058,Yea,Yea,Yea,Yea,,,,,,,,,,,,,,,,,,,,,,,,,,Yea,,,,,5000.0,0.0,0.0,0.0,0.0,0.0,0.0,17475.0,0.0,10000.0,28650.0,56125.0,0.0,0.0,0.0,0.0,0.0,0.0,0.0,0.0,0.0
"LUNA, Anna",22343,R,FL,House,25,H0FL13158,,,,,,,,Yea,Yea,Yea,Yea,Yea,Yea,Yea,Yea,Yea,Yea,Yea,Yea,Yea,Yea,Yea,Yea,Yea,Yea,Nay,Not voting,Yea,Yea,,Yea,Yea,Yea,Yea,0.0,0.0,22010.0,14744.0,26754.0,0.0,0.0,0.0,0.0,0.0,0.0,0.0,0.0,0.0,0.0,0.0,0.0,0.0,0.0,0.0,0.0
"LURIA, Elaine",21941,D,VA,House,6,H8VA02111,Yea,Yea,Yea,Yea,,Yea,Yea,,,,,,,,,,,,,,,,,,,,,,,,,,,,176985.0,695453.0,0.0,0.0,821938.0,65900.75,0.0,0.0,0.0,0.0,0.0,0.0,0.0,0.0,0.0,0.0,0.0,0.0,0.0,0.0,0.0
"LUTTRELL, Morgan",22344,R,TX,House,25,H2TX08182,,,,,,,,Yea,Yea,Not voting,Yea,Yea,Yea,Yea,Yea,Yea,Yea,Yea,Yea,Yea,Yea,Yea,Yea,Yea,Yea,Yea,Yea,Yea,Yea,,Yea,Yea,Yea,Yea,0.0,6250.0,22908.0,0.0,14158.0,0.0,0.0,0.0,0.0,0.0,0.0,0.0,0.0,0.0,0.0,0.0,0.0,0.0,0.0,0.0,0.0
"LYNCH, Stephen F.",20119,D,MA,House,31,H2MA09072;S0MA00083,Yea,Yea,Yea,Yea,,Yea,Yea,Yea,Yea,Yea,Yea,Yea,Nay,Yea,Nay,Yea,Yea,Yea,Yea,Yea,Nay,Yea,Yea,Yea,Yea,Yea,Nay,Nay,Not voting,,Yea,Yea,Yea,Nay,0.0,0.0,0.0,0.0,0.0,0.0,0.0,0.0,0.0,1000.0,1000.0,0.0,0.0,0.0,0.0,0.0,0.0,0.0,0.0,0.0,0.0
"MACE, Nancy",22132,R,SC,House,26,H0SC01394,,,,,,Yea,Yea,Yea,Yea,Not voting,Yea,Yea,Yea,Yea,Yea,Yea,Yea,Yea,Yea,Yea,Yea,Not voting,Yea,Yea,Yea,Yea,Yea,Yea,Yea,,Yea,Yea,Yea,Yea,10791.0,36215.0,65644.0,500.0,84236.0,0.0,0.0,0.0,0.0,0.0,0.0,0.0,0.0,0.0,0.0,0.0,0.0,0.0,0.0,0.0,0.0
"MACKENZIE, Ryan",22533,R,PA,House,4,H8PA15195,,,,,,,,,,,,,,,,,,,,,,,,,,,,,,,Yea,Yea,Yea,Yea,0.0,0.0,17754.0,97153.0,94907.0,0.0,0.0,0.0,0.0,0.0,0.0,0.0,0.0,0.0,0.0,0.0,0.0,0.0,0.0,0.0,0.0
"MAGAZINER, Seth",22345,D,RI,House,23,H2RI02184,,,,,,,,Yea,Yea,Yea,Yea,Yea,Nay,Yea,Nay,Yea,Yea,Present,Nay,Yea,Nay,Yea,Yea,Not voting,Yea,Not voting,Not voting,Nay,Yea,,Yea,Yea,Yea,Nay,0.0,7000.0,36100.0,7494.0,32594.0,1300.0,0.0,0.0,26696.0,6300.0,5000.0,35480.0,0.0,0.0,0.0,0.0,0.0,0.0,0.0,0.0,0.0
"MALINOWSKI, Tomaz",21942,D,NJ,House,6,H8NJ07223,Yea,Yea,Yea,Yea,,Yea,Yea,,,,,,,,,,,,,,,,,,,,,,,,,,,,5500.0,37900.0,0.0,0.0,33500.0,0.0,2326917.4,90232.0,118832.0,0.0,0.0,208766.0,0.0,0.0,0.0,1000.0,0.0,0.0,0.0,0.0,0.0
"MALLIOTAKIS, Nicole",22133,R,NY,House,27,H0NY11078,,,,,,Yea,Yea,Yea,Yea,Yea,Yea,Yea,Yea,Yea,Yea,Yea,Yea,Yea,Yea,Yea,Yea,Yea,Yea,Yea,Yea,Yea,Yea,Not voting,Yea,,Yea,Yea,Yea,Yea,5000.0,73641.0,78313.0,90479.0,220733.0,0.0,183302.0,0.0,0.0,0.0,0.0,0.0,0.0,0.0,0.0,0.0,0.0,0.0,0.0,0.0,0.0
"MALONEY, Carolyn Bosher",29379,D,NY,House,6,H2NY14037,Yea,Yea,Yea,Yea,,Yea,Yea,,,,,,,,,,,,,,,,,,,,,,,,,,,,36464.0,138724.0,0.0,0.0,164288.0,26885.2,0.0,0.0,0.0,0.0,0.0,0.0,0.0,0.0,0.0,0.0,0.0,0.0,0.0,0.0,0.0
"MALONEY, Sean Patrick",21344,D,NY,House,6,H2NY22139,Yea,Yea,Yea,Yea,,Yea,Yea,,,,,,,,,,,,,,,,,,,,,,,,,,,,0.0,57900.0,0.0,0.0,47900.0,53434.0,0.0,0.0,0.0,0.0,0.0,0.0,0.0,0.0,0.0,0.0,0.0,0.0,0.0,0.0,0.0
"MALOY, Celeste",22376,R,UT,House,17,H4UT02296,,,,,,,,,,,,,,,,,Yea,Yea,Yea,Yea,Yea,Yea,Yea,Yea,Yea,Yea,Yea,Yea,Yea,,Yea,Yea,Yea,Yea,0.0,0.0,50724.0,31619.0,62343.0,0.0,0.0,0.0,0.0,0.0,0.0,0.0,0.0,0.0,0.0,0.0,0.0,0.0,0.0,0.0,0.0
"MANN, Tracey",22134,R,KS,House,28,H0KS01123,,,,,,Yea,Yea,Yea,Yea,Yea,Yea,Yea,Yea,Yea,Yea,Yea,Yea,Yea,Yea,Yea,Yea,Yea,Yea,Yea,Yea,Yea,Yea,Yea,Yea,,Yea,Yea,Yea,Yea,0.0,25000.0,34860.0,42371.0,72231.0,0.0,0.0,0.0,0.0,0.0,0.0,0.0,0.0,0.0,0.0,0.0,0.0,0.0,0.0,0.0,0.0
"MANNING, Kathy E.",22135,D,NC,House,24,H8NC13067,,,,,,Yea,Yea,Yea,Yea,Yea,Yea,Yea,Nay,Yea,Yea,Yea,Yea,Yea,Yea,Yea,Yea,Yea,Yea,Yea,Yea,Yea,Nay,Nay,Yea,,,,,,2000.0,136514.0,164508.0,0.0,288422.0,0.0,0.0,0.0,0.0,0.0,0.0,0.0,0.0,0.0,0.0,0.0,0.0,0.0,0.0,0.0,0.0
"MANNION, John W.",22534,D,NY,House,4,H4NY22085,,,,,,,,,,,,,,,,,,,,,,,,,,,,,,,Yea,Yea,Yea,Yea,0.0,0.0,0.0,0.0,0.0,0.0,0.0,0.0,0.0,67787.0,30580.0,96367.0,0.0,0.0,0.0,0.0,0.0,0.0,0.0,0.0,0.0
"MARCHANT, Kenny",20532,R,TX,House,3,H4TX24094,Yea,Yea,Yea,Not voting,,,,,,,,,,,,,,,,,,,,,,,,,,,,,,,0.0,0.0,0.0,0.0,0.0,0.0,0.0,0.0,0.0,0.0,0.0,0.0,0.0,0.0,0.0,0.0,0.0,0.0,0.0,0.0,0.0
"MARSHALL, Roger Wayne",21734,R,KS,House+Senate,5,H6KS01179;S0KS00315,Yea,Yea,Yea,Nay,,,,,,,,,,,,,,,,,,,,,,,,,,Yea,,,,,5000.0,0.0,0.0,296574.0,267074.0,0.0,0.0,0.0,0.0,0.0,0.0,0.0,0.0,0.0,0.0,0.0,0.0,0.0,0.0,0.0,0.0
"MASSIE, Thomas",31102,R,KY,House,32,H2KY04121,Yea,Nay,Nay,Nay,,Nay,Nay,Nay,Yea,Yea,Nay,Nay,Nay,Nay,Nay,Yea,Nay,Nay,Nay,Yea,Nay,Yea,Nay,Nay,Nay,Nay,Nay,Yea,Nay,,Nay,Yea,Yea,Nay,0.0,0.0,0.0,0.0,0.0,0.0,3896751.38,0.0,0.0,0.0,0.0,0.0,0.0,0.0,0.0,0.0,0.0,0.0,0.0,0.0,0.0
"MAST, Brian Jeffrey",21735,R,FL,House,31,H6FL18097,Not voting,Yea,Yea,Nay,,Yea,Yea,Yea,Yea,Yea,Yea,Yea,Yea,Yea,Yea,Yea,Yea,Yea,Yea,Yea,Yea,Yea,Yea,Yea,Yea,Yea,Yea,Yea,Yea,,Yea,Yea,Yea,Yea,565.0,100843.0,222096.0,466048.0,756052.0,0.0,0.0,0.0,0.0,0.0,0.0,0.0,0.0,0.0,0.0,0.0,0.0,0.0,0.0,0.0,0.0
"MATSUI, Doris",20538,D,CA,House,32,H6CA05195,Yea,Yea,Yea,Yea,,Yea,Yea,Yea,Yea,Yea,Yea,Yea,Nay,Yea,Nay,Yea,Yea,Yea,Nay,Yea,Nay,Yea,Yea,Yea,Yea,Yea,Nay,Nay,Yea,,Yea,Yea,Yea,Nay,0.0,9900.0,11323.0,0.0,3323.0,0.0,0.0,0.0,0.0,0.0,0.0,0.0,0.0,0.0,0.0,0.0,0.0,0.0,0.0,0.0,120000.0
"MCADAMS, Ben",21943,D,UT,House,4,H8UT04053,Yea,Yea,Yea,Yea,,,,,,,,,,,,,,,,,,,,,,,,,,,,,,,5000.0,0.0,0.0,0.0,0.0,0.0,0.0,0.0,0.0,0.0,0.0,0.0,0.0,0.0,0.0,0.0,0.0,0.0,0.0,0.0,0.0
"MCBRIDE, Sarah",22535,D,DE,House,4,H4DE00045,,,,,,,,,,,,,,,,,,,,,,,,,,,,,,,Yea,Yea,Yea,Nay,0.0,0.0,43010.0,0.0,32010.0,0.0,0.0,0.0,0.0,4100.0,26977.0,31077.0,0.0,0.0,0.0,0.0,0.0,0.0,0.0,0.0,0.0
"MCCARTHY, Kevin",20703,R,CA,House,15,H6CA22125,Yea,Yea,Yea,Nay,,Yea,Yea,Yea,Yea,,Yea,Yea,Yea,Yea,Yea,Not voting,Not voting,Yea,Yea,,,,,,,,,,,,,,,,1337.0,45050.0,278600.0,0.0,316087.0,0.0,0.0,0.0,0.0,0.0,0.0,0.0,0.0,0.0,0.0,0.0,0.0,0.0,0.0,0.0,0.0
"MCCAUL, Michael T.",20530,R,TX,House,31,H4TX10093,Yea,Yea,Yea,Nay,,Yea,Yea,Yea,Yea,Yea,Yea,Yea,Yea,Yea,Yea,Yea,Yea,Yea,Yea,Yea,Yea,Yea,Yea,Yea,Yea,Yea,Yea,Yea,Yea,,Yea,Yea,Yea,Not voting,199572.0,104798.0,461134.0,3500.0,727104.0,0.0,0.0,0.0,0.0,0.0,0.0,0.0,0.0,0.0,0.0,0.0,0.0,0.0,0.0,0.0,0.0
"MCCLAIN DELANEY, April",22536,D,MD,House,4,H4MD06340,,,,,,,,,,,,,,,,,,,,,,,,,,,,,,,Yea,Yea,Yea,Nay,0.0,0.0,31800.0,106993.0,127793.0,0.0,0.0,0.0,0.0,0.0,0.0,0.0,0.0,0.0,0.0,0.0,0.0,0.0,0.0,0.0,0.0
"MCCLAIN, Lisa C.",22136,R,MI,House,27,H0MI10287,,,,,,Yea,Yea,Yea,Yea,Yea,Yea,Yea,Yea,Yea,Yea,Yea,Yea,Yea,Yea,Yea,Yea,Yea,Yea,Yea,Yea,Yea,Not voting,Yea,Yea,,Yea,Yea,Yea,Yea,0.0,10000.0,24860.0,185852.0,190712.0,0.0,0.0,0.0,0.0,0.0,0.0,0.0,0.0,0.0,0.0,0.0,0.0,0.0,0.0,0.0,0.0
"MCCLELLAN, Jennifer",22374,D,VA,House,26,H4VA04066,,,,,,,,Yea,Yea,Yea,Yea,Yea,Nay,Yea,Nay,Yea,Yea,Present,Nay,Yea,Nay,Yea,Yea,Yea,Yea,Nay,Nay,Nay,Yea,,Yea,Yea,Yea,Nay,0.0,25800.0,24551.0,0.0,31851.0,3000.0,0.0,0.0,21685.0,2700.0,12150.0,26535.0,0.0,0.0,0.0,0.0,0.0,0.0,0.0,0.0,0.0
"MCCOLLUM, Betty",20122,D,MN,House,32,H0MN04049,Yea,Yea,Nay,Present,,Yea,Yea,Nay,Yea,Present,Yea,Nay,Nay,Yea,Nay,Yea,Yea,Present,Nay,Yea,Nay,Yea,Yea,Yea,Yea,Nay,Nay,Nay,Yea,,Yea,Yea,Yea,Nay,0.0,0.0,0.0,0.0,0.0,0.0,0.0,6000.0,4250.0,2000.0,0.0,2250.0,0.0,0.0,0.0,0.0,0.0,0.0,0.0,0.0,0.0
"MCCORMICK, Rich",22346,R,GA,House,25,H0GA07273,,,,,,,,Yea,Yea,Yea,Yea,Yea,Yea,Yea,Yea,Yea,Yea,Yea,Yea,Yea,Yea,Yea,Yea,Yea,Yea,Yea,Yea,Yea,Not voting,,Yea,Yea,Yea,Yea,2500.0,11000.0,36816.0,51869.0,79685.0,0.0,0.0,0.0,0.0,0.0,0.0,0.0,0.0,0.0,0.0,0.0,0.0,0.0,0.0,0.0,0.0
"MCDONALD RIVET, Kristen",22537,D,MI,House,4,H4MI08218,,,,,,,,,,,,,,,,,,,,,,,,,,,,,,,Yea,Yea,Yea,Nay,0.0,0.0,2000.0,0.0,0.0,0.0,0.0,0.0,0.0,168095.0,198274.0,360662.0,0.0,0.0,0.0,0.0,0.0,0.0,0.0,0.0,0.0
"MCDOWELL, Addison P.",22538,R,NC,House,3,H4NC06177,,,,,,,,,,,,,,,,,,,,,,,,,,,,,,,Yea,Yea,Yea,Not voting,0.0,0.0,26250.0,41644.0,47894.0,0.0,0.0,0.0,0.0,0.0,0.0,0.0,0.0,0.0,0.0,0.0,0.0,0.0,0.0,0.0,0.0
"MCEACHIN, Aston Donald",21736,D,VA,House,6,H6VA04061,Yea,Yea,Yea,Yea,,Yea,Yea,,,,,,,,,,,,,,,,,,,,,,,,,,,,0.0,18500.0,0.0,0.0,13500.0,0.0,0.0,3000.0,2000.0,0.0,0.0,0.0,0.0,0.0,0.0,0.0,0.0,0.0,0.0,0.0,0.0
"MCGARVEY, Morgan",22347,D,KY,House,26,H2KY03206,,,,,,,,Yea,Yea,Yea,Yea,Yea,Nay,Yea,Nay,Yea,Yea,Present,Nay,Yea,Nay,Yea,Yea,Yea,Yea,Nay,Nay,Nay,Yea,,Yea,Yea,Yea,Nay,0.0,37950.0,76324.0,0.0,96374.0,52141.0,0.0,0.0,0.0,0.0,0.0,0.0,0.0,0.0,0.0,0.0,0.0,0.0,0.0,0.0,0.0
"MCGUIRE, John J., III",22539,R,VA,House,4,H2VA07196;H0VA07133,,,,,,,,,,,,,,,,,,,,,,,,,,,,,,,Yea,Yea,Yea,Yea,0.0,0.0,20143.0,18503.0,38646.0,0.0,0.0,0.0,0.0,0.0,0.0,0.0,0.0,0.0,0.0,0.0,0.0,0.0,0.0,0.0,0.0
"MCIVER, LaMonica",22381,D,NJ,House,5,H4NJ10176,,,,,,,,,,,,,,,,,,,,,,,,,,,,,Yea,,Yea,Yea,Yea,Nay,0.0,0.0,0.0,0.0,0.0,0.0,0.0,0.0,0.0,0.0,0.0,0.0,0.0,0.0,0.0,0.0,0.0,0.0,0.0,0.0,0.0
"MCMORRIS RODGERS, Cathy",20535,R,WA,House,28,H4WA05077,Yea,Yea,Yea,Nay,,Yea,Yea,Yea,Yea,Yea,Yea,Yea,Yea,Yea,Yea,Yea,Yea,Yea,Yea,Yea,Yea,Yea,Yea,Yea,Yea,Yea,Yea,Yea,Yea,,,,,,0.0,21301.0,1500.0,0.0,12801.0,0.0,0.0,0.0,0.0,0.0,0.0,0.0,0.0,0.0,0.0,0.0,0.0,0.0,0.0,0.0,0.0
"MCNERNEY, Jerry",20702,D,CA,House,6,H4CA11081,Yea,Yea,Yea,Yea,,Yea,Yea,,,,,,,,,,,,,,,,,,,,,,,,,,,,0.0,0.0,0.0,0.0,0.0,0.0,0.0,8500.0,6185.0,0.0,0.0,10685.0,0.0,0.0,0.0,0.0,0.0,0.0,0.0,0.0,0.0
"MEADOWS, Mark",21348,R,NC,House,4,H2NC11080,Yea,Yea,Yea,Nay,,,,,,,,,,,,,,,,,,,,,,,,,,,,,,,0.0,0.0,0.0,0.0,0.0,0.0,0.0,0.0,0.0,0.0,0.0,0.0,0.0,0.0,0.0,0.0,0.0,0.0,0.0,0.0,0.0
"MEEKS, Gregory W.",29776,D,NY,House,32,H8NY06048,Yea,Yea,Yea,Yea,,Yea,Yea,Yea,Yea,Yea,Yea,Yea,Nay,Yea,Nay,Yea,Yea,Present,Nay,Yea,Nay,Yea,Yea,Yea,Yea,Yea,Nay,Nay,Yea,,Yea,Yea,Yea,Nay,24277.0,119105.0,457089.0,367645.0,925116.0,0.0,0.0,8500.0,28132.0,29800.0,32760.0,92192.0,0.0,0.0,0.0,0.0,0.0,0.0,0.0,0.0,0.0
"MENENDEZ, Robert",22348,D,NJ,House,26,H2NJ08232,,,,,,,,Yea,Yea,Yea,Yea,Yea,Nay,Yea,Nay,Yea,Yea,Present,Nay,Yea,Yea,Yea,Yea,Yea,Yea,Yea,Nay,Nay,Yea,,Yea,Yea,Yea,Nay,0.0,68250.0,239499.0,291605.0,563406.0,0.0,0.0,0.0,0.0,0.0,0.0,0.0,0.0,0.0,0.0,0.0,0.0,0.0,0.0,0.0,0.0
"MENG, Grace",21342,D,NY,House,32,H2NY06116,Yea,Yea,Yea,Yea,,Yea,Yea,Yea,Yea,Yea,Yea,Yea,Nay,Yea,Nay,Yea,Yea,Present,Yea,Yea,Yea,Yea,Yea,Yea,Yea,Yea,Nay,Yea,Yea,,Yea,Yea,Yea,Nay,22731.0,99001.0,521263.0,219385.0,827385.0,0.0,0.0,0.0,0.0,0.0,0.0,0.0,0.0,0.0,0.0,0.0,0.0,0.0,0.0,0.0,0.0
"MESSMER, Mark B.",22540,R,IN,House,4,H4IN08249,,,,,,,,,,,,,,,,,,,,,,,,,,,,,,,Yea,Yea,Yea,Yea,0.0,0.0,306488.0,19997.0,316485.0,0.0,0.0,0.0,0.0,0.0,0.0,0.0,0.0,0.0,0.0,0.0,0.0,0.0,0.0,0.0,0.0
"MEUSER, Dan",21945,R,PA,House,32,H8PA10147,Yea,Yea,Yea,Nay,,Yea,Yea,Yea,Yea,Yea,Yea,Yea,Yea,Yea,Yea,Yea,Yea,Yea,Yea,Yea,Yea,Yea,Yea,Yea,Yea,Yea,Yea,Yea,Yea,,Yea,Yea,Yea,Yea,0.0,5000.0,19015.0,30994.0,35009.0,0.0,0.0,0.0,0.0,0.0,0.0,0.0,0.0,0.0,0.0,0.0,0.0,0.0,0.0,0.0,0.0
"MFUME, Kweisi",15433,D,MD,House,28,S6MD03185;H6MD07020;H0MD07114,,,,,,Yea,Yea,Yea,Yea,Yea,Yea,Yea,Nay,Yea,Nay,Yea,Yea,Yea,Nay,Yea,Nay,Yea,Yea,Yea,Yea,Yea,Nay,Nay,Yea,,Yea,Yea,Yea,Nay,22675.0,10000.0,34251.0,57244.0,89170.0,0.0,0.0,0.0,0.0,0.0,200.0,200.0,0.0,0.0,0.0,0.0,0.0,0.0,0.0,0.0,0.0
"MILLER, Carol",21946,R,WV,House,31,H8WV03097,Yea,Yea,Yea,Nay,,Yea,Yea,Yea,Yea,Yea,Yea,Yea,Yea,Yea,Yea,Yea,Yea,Not voting,Yea,Yea,Yea,Yea,Yea,Yea,Yea,Yea,Yea,Yea,Yea,,Yea,Yea,Yea,Yea,0.0,7100.0,25650.0,19369.0,30019.0,0.0,0.0,0.0,0.0,0.0,0.0,0.0,0.0,0.0,0.0,0.0,0.0,0.0,0.0,0.0,0.0
"MILLER, Mary E.",22138,R,IL,House,27,H0IL15129,,,,,,Yea,Yea,Yea,Yea,Yea,Yea,Yea,Yea,Yea,Yea,Yea,Yea,Yea,Yea,Yea,Yea,Yea,Yea,Yea,Yea,Yea,Yea,Yea,Yea,,Yea,Yea,Yea,Not voting,0.0,0.0,0.0,994.0,994.0,0.0,0.0,0.0,0.0,0.0,0.0,0.0,0.0,0.0,0.0,0.0,0.0,0.0,0.0,0.0,0.0
"MILLER, Max",22349,R,OH,House,26,H2OH16051,,,,,,,,Yea,Yea,Yea,Yea,Yea,Yea,Yea,Yea,Yea,Yea,Yea,Yea,Yea,Yea,Yea,Yea,Yea,Yea,Yea,Yea,Yea,Yea,,Yea,Yea,Yea,Yea,0.0,24554.0,179478.0,192394.0,341526.0,0.0,0.0,0.0,0.0,0.0,0.0,0.0,0.0,0.0,0.0,0.0,0.0,0.0,0.0,0.0,0.0
"MILLER-MEEKS, Mariannette",22139,R,IA,House,27,H8IA02043,,,,,,Yea,Yea,Yea,Yea,Yea,Yea,Yea,Yea,Yea,Yea,Yea,Yea,Yea,Yea,Yea,Yea,Yea,Yea,Yea,Yea,Yea,Yea,Yea,Yea,,Yea,Yea,Yea,Not voting,0.0,46449.0,66307.0,144066.0,220422.0,0.0,0.0,0.0,0.0,0.0,0.0,0.0,0.0,0.0,0.0,0.0,0.0,0.0,0.0,0.0,0.0
"MILLS, Cory",22350,R,FL,House,25,H2FL07156,,,,,,,,Yea,Yea,Yea,Yea,Yea,Yea,Yea,Yea,Yea,Yea,Yea,Yea,Yea,Nay,Yea,Yea,Yea,Nay,Yea,Yea,Yea,Yea,,Yea,Yea,Yea,Not voting,0.0,5007.0,28260.0,0.0,28267.0,0.0,0.0,0.0,0.0,0.0,0.0,0.0,0.0,0.0,0.0,0.0,0.0,0.0,0.0,0.0,0.0
"MIN, Dave",22541,D,CA,House,3,H4CA47085,,,,,,,,,,,,,,,,,,,,,,,,,,,,,,,Yea,Yea,Yea,Not voting,0.0,0.0,2000.0,1000.0,0.0,0.0,4698622.1,0.0,0.0,0.0,55097.0,55097.0,0.0,0.0,0.0,0.0,0.0,0.0,0.0,0.0,0.0
"MITCHELL, Paul",21737,R,MI,House,4,H4MI04118,Yea,Yea,Yea,Nay,,,,,,,,,,,,,,,,,,,,,,,,,,,,,,,0.0,0.0,0.0,0.0,0.0,0.0,0.0,0.0,0.0,0.0,0.0,0.0,0.0,0.0,0.0,0.0,0.0,0.0,0.0,0.0,0.0
"MOLINARO, Marcus",22351,R,NY,House,21,H2NY19127,,,,,,,,Yea,Yea,Yea,Yea,Yea,Yea,Yea,Yea,Yea,Yea,Yea,Yea,Yea,Yea,Yea,Yea,Not voting,Yea,Yea,Yea,Yea,Yea,,,,,,0.0,22052.0,165443.0,0.0,169945.0,0.0,0.0,0.0,0.0,0.0,0.0,0.0,0.0,0.0,0.0,0.0,0.0,0.0,0.0,0.0,0.0
"MOOLENAAR, John",21526,R,MI,House,32,H4MI04126,Yea,Yea,Yea,Nay,,Yea,Yea,Yea,Yea,Yea,Yea,Yea,Yea,Yea,Yea,Yea,Yea,Yea,Yea,Yea,Yea,Yea,Yea,Yea,Yea,Yea,Yea,Yea,Yea,,Yea,Yea,Yea,Yea,0.0,10000.0,22510.0,21294.0,27804.0,0.0,0.0,0.0,0.0,0.0,0.0,0.0,0.0,0.0,0.0,0.0,0.0,0.0,0.0,0.0,0.0
"MOONEY, Alex X.",21557,R,WV,House,26,H4WV02080,Yea,Yea,Yea,Nay,,Yea,Yea,Yea,Yea,Yea,Yea,Yea,Yea,Yea,Yea,Yea,Yea,Yea,Yea,Yea,Yea,Yea,Yea,Not voting,Not voting,Yea,Yea,Yea,Yea,,,,,,0.0,5500.0,333.0,0.0,833.0,0.0,0.0,0.0,0.0,0.0,0.0,0.0,0.0,0.0,0.0,0.0,0.0,0.0,0.0,0.0,0.0
"MOORE, Barry",22140,R,AL,House,28,H8AL02171;S6AL00476,,,,,,Yea,Yea,Yea,Yea,Yea,Yea,Yea,Yea,Yea,Yea,Yea,Yea,Yea,Yea,Yea,Yea,Yea,Yea,Yea,Yea,Yea,Yea,Yea,Yea,,Yea,Yea,Yea,Yea,0.0,36400.0,10000.0,1000.0,34500.0,0.0,0.0,0.0,0.0,0.0,0.0,0.0,0.0,0.0,0.0,0.0,0.0,0.0,0.0,0.0,0.0
"MOORE, Blake D.",22141,R,UT,House,28,H0UT01205,,,,,,Yea,Yea,Yea,Yea,Yea,Yea,Yea,Yea,Yea,Yea,Yea,Yea,Yea,Yea,Yea,Yea,Yea,Yea,Yea,Yea,Yea,Yea,Yea,Yea,,Yea,Yea,Yea,Yea,0.0,28750.0,35310.0,20744.0,59804.0,0.0,0.0,0.0,0.0,0.0,0.0,0.0,0.0,0.0,0.0,0.0,0.0,0.0,0.0,0.0,0.0
"MOORE, Gwendolynne S. (Gwen)",20537,D,WI,House,32,H4WI04183,Yea,Yea,Nay,Yea,,Yea,Yea,Yea,Yea,Yea,Yea,Nay,Nay,Yea,Nay,Yea,Yea,Present,Nay,Yea,Nay,Yea,Nay,Yea,Yea,Nay,Nay,Nay,Yea,,Yea,Yea,Yea,Nay,0.0,0.0,0.0,0.0,0.0,0.0,0.0,4500.0,4250.0,3500.0,0.0,1750.0,0.0,0.0,0.0,0.0,0.0,0.0,0.0,0.0,0.0
"MOORE, Riley M.",22543,R,WV,House,4,H4WV02205,,,,,,,,,,,,,,,,,,,,,,,,,,,,,,,Yea,Yea,Yea,Yea,0.0,0.0,27500.0,0.0,17500.0,0.0,0.0,0.0,0.0,0.0,0.0,0.0,0.0,0.0,0.0,0.0,0.0,0.0,0.0,0.0,0.0
"MOORE, Tim",22542,R,NC,House,4,H4NC14015,,,,,,,,,,,,,,,,,,,,,,,,,,,,,,,Yea,Yea,Yea,Yea,0.0,0.0,5010.0,29495.0,24505.0,0.0,0.0,0.0,0.0,0.0,0.0,0.0,0.0,0.0,0.0,0.0,0.0,0.0,0.0,0.0,0.0
"MORAN, Nathaniel",22352,R,TX,House,26,H2TX01112,,,,,,,,Yea,Yea,Yea,Yea,Yea,Yea,Yea,Yea,Yea,Yea,Yea,Yea,Yea,Yea,Yea,Yea,Yea,Yea,Yea,Yea,Yea,Yea,,Yea,Yea,Yea,Yea,0.0,8000.0,33110.0,17711.0,38821.0,0.0,0.0,0.0,0.0,0.0,0.0,0.0,0.0,0.0,0.0,0.0,0.0,0.0,0.0,0.0,0.0
"MORELLE, Joseph",21761,D,NY,House,32,H8NY25105,Yea,Yea,Yea,Yea,,Yea,Yea,Yea,Yea,Yea,Yea,Yea,Nay,Yea,Nay,Yea,Yea,Yea,Yea,Yea,Nay,Yea,Yea,Yea,Yea,Yea,Nay,Nay,Yea,,Yea,Yea,Yea,Nay,0.0,40800.0,101986.0,76944.0,191730.0,0.0,0.0,10900.0,6444.0,0.0,0.0,14344.0,0.0,0.0,0.0,0.0,0.0,0.0,0.0,0.0,0.0
"MORRISON, Kelly",22544,D,MN,House,4,H4MN03118,,,,,,,,,,,,,,,,,,,,,,,,,,,,,,,Yea,Yea,Yea,Nay,0.0,0.0,0.0,0.0,0.0,0.0,0.0,0.0,0.0,0.0,0.0,0.0,0.0,0.0,0.0,0.0,0.0,0.0,0.0,0.0,0.0
"MOSKOWITZ, Jared",22353,D,FL,House,26,H2FL22171,,,,,,,,Yea,Yea,Yea,Yea,Yea,Yea,Yea,Yea,Yea,Yea,Yea,Yea,Yea,Yea,Yea,Yea,Yea,Yea,Yea,Yea,Yea,Yea,,Yea,Yea,Yea,Yea,0.0,23750.0,328009.0,865576.0,1179335.0,0.0,0.0,0.0,0.0,0.0,0.0,0.0,0.0,0.0,0.0,0.0,0.0,0.0,0.0,0.0,0.0
"MOULTON, Seth",21525,D,MA,House,29,H4MA06090;S6MA00296,Yea,Yea,Not voting,Yea,,Yea,Yea,Yea,Yea,Yea,Yea,Yea,Nay,Yea,Nay,Yea,Yea,Yea,Yea,Yea,Nay,Yea,Yea,Yea,Yea,Yea,Nay,Nay,Yea,,Yea,Yea,Not voting,Not voting,0.0,0.0,89700.0,27699.0,107399.0,0.0,0.0,2000.0,4500.0,13105.0,1600.0,14205.0,0.0,0.0,0.0,0.0,0.0,0.0,0.0,0.0,0.0
"MRVAN, Frank J.",22142,D,IN,House,28,H0IN01150,,,,,,Yea,Yea,Yea,Yea,Yea,Yea,Yea,Nay,Yea,Nay,Yea,Yea,Yea,Yea,Yea,Yea,Yea,Yea,Yea,Yea,Yea,Nay,Nay,Yea,,Yea,Yea,Yea,Nay,0.0,23950.0,32325.0,40347.0,68722.0,0.0,0.0,0.0,0.0,0.0,0.0,0.0,0.0,0.0,0.0,0.0,0.0,0.0,0.0,0.0,0.0
"MUCARSEL-POWELL, Debbie",21947,D,FL,House,4,H8FL26039,Yea,Yea,Yea,Yea,,,,,,,,,,,,,,,,,,,,,,,,,,,,,,,5015.0,0.0,0.0,0.0,0.0,0.0,0.0,53924.0,0.0,0.0,0.0,54744.0,0.0,0.0,0.0,0.0,0.0,0.0,0.0,0.0,0.0
"MULLIN, Kevin",22354,D,CA,House,25,H2CA14162,,,,,,,,Yea,Yea,Yea,Yea,Yea,Nay,Yea,Nay,Yea,Yea,Not voting,Nay,Yea,Nay,Yea,Yea,Yea,Yea,Yea,Nay,Nay,Yea,,Yea,Yea,Yea,Nay,0.0,85550.0,20606.0,0.0,91256.0,12500.0,0.0,0.0,0.0,5550.0,4750.0,2850.0,0.0,0.0,0.0,0.0,0.0,0.0,0.0,0.0,0.0
"MULLIN, Markwayne",21355,R,OK,House+Senate,7,H2OK02083;S2OK00186,Yea,Yea,Yea,Nay,,Yea,Yea,,,,,,,,,,,,,,,,,,,,,,,Yea,,,,,0.0,239400.0,0.0,125015.0,359415.0,0.0,0.0,0.0,0.0,0.0,0.0,0.0,0.0,0.0,0.0,0.0,0.0,0.0,0.0,0.0,0.0
"MURPHY, Gregory Francis",21987,R,NC,House,25,H0NC03172,,,,Nay,,Yea,Yea,Not voting,Yea,Yea,Yea,Yea,Yea,Yea,Yea,Yea,Yea,Yea,Yea,Not voting,Yea,Yea,Yea,Yea,Yea,Not voting,Yea,Yea,Yea,,Yea,Not voting,Yea,Yea,0.0,22900.0,29728.0,42357.0,71725.0,0.0,0.0,0.0,0.0,0.0,0.0,0.0,0.0,0.0,0.0,0.0,0.0,0.0,0.0,0.0,0.0
"MURPHY, Stephanie",21738,D,FL,House,6,H6FL07140,Yea,Yea,Yea,Yea,,Yea,Yea,,,,,,,,,,,,,,,,,,,,,,,,,,,,3931.0,152.0,0.0,0.0,1068.0,0.0,0.0,0.0,0.0,0.0,0.0,0.0,0.0,0.0,0.0,0.0,0.0,0.0,0.0,0.0,0.0
"McBATH, Lucy",21944,D,GA,House,31,H8GA06393,Yea,Yea,Yea,Yea,,Yea,Yea,Yea,Yea,Not voting,Yea,Yea,Nay,Yea,Nay,Yea,Yea,Present,Yea,Yea,Yea,Yea,Yea,Yea,Yea,Yea,Nay,Nay,Yea,,Yea,Yea,Yea,Nay,2000.0,53450.0,395544.0,362004.0,785098.0,0.0,0.0,0.0,0.0,0.0,0.0,0.0,0.0,0.0,0.0,0.0,0.0,0.0,0.0,0.0,0.0
"McCLINTOCK, Tom",20903,R,CA,House,32,H8CA04152;H6CA21135,Yea,Yea,Yea,Nay,,Yea,Yea,Yea,Yea,Yea,Yea,Yea,Yea,Yea,Nay,Yea,Yea,Yea,Yea,Yea,Yea,Yea,Yea,Yea,Yea,Yea,Yea,Yea,Yea,,Yea,Yea,Yea,Yea,0.0,21400.0,22582.0,4994.0,26076.0,0.0,0.0,0.0,0.0,0.0,0.0,0.0,0.0,0.0,0.0,0.0,0.0,0.0,0.0,0.0,0.0
"McGOVERN, James P.",29729,D,MA,House,32,H4MA03022,Yea,Yea,Yea,Yea,,Yea,Yea,Yea,Yea,Yea,Yea,Nay,Nay,Nay,Nay,Yea,Yea,Present,Nay,Yea,Nay,Yea,Nay,Yea,Nay,Nay,Nay,Nay,Yea,,Yea,Yea,Yea,Nay,0.0,0.0,0.0,0.0,0.0,0.0,0.0,3000.0,6500.0,14825.0,525.0,15350.0,0.0,0.0,0.0,0.0,0.0,0.0,0.0,0.0,0.0
"McHENRY, Patrick T.",20522,R,NC,House,26,H4NC10047,Yea,Yea,Yea,Nay,,Yea,Yea,Yea,Yea,Yea,Yea,Yea,Yea,Yea,Yea,Not voting,Not voting,Yea,Yea,Yea,Yea,Yea,Yea,Yea,Yea,Yea,Yea,Yea,Yea,,,,,,0.0,43300.0,35145.0,0.0,69545.0,0.0,0.0,0.0,0.0,0.0,0.0,0.0,0.0,0.0,0.0,0.0,0.0,0.0,0.0,0.0,0.0
"McKINLEY, David",21188,R,WV,House,6,H0WV01072,Yea,Yea,Yea,Nay,,Yea,Yea,,,,,,,,,,,,,,,,,,,,,,,,,,,,0.0,0.0,0.0,0.0,0.0,0.0,0.0,0.0,0.0,0.0,0.0,0.0,0.0,0.0,0.0,0.0,0.0,0.0,0.0,0.0,0.0
"NADLER, Jerrold Lewis",29377,D,NY,House,32,H2NY17071,Yea,Yea,Yea,Yea,,Yea,Yea,Yea,Yea,Yea,Yea,Yea,Nay,Yea,Nay,Yea,Yea,Present,Nay,Yea,Nay,Yea,Yea,Yea,Yea,Nay,Nay,Nay,Yea,,Yea,Yea,Yea,Nay,4000.0,8150.0,0.0,0.0,250.0,0.0,0.0,39386.0,68713.0,47450.0,23877.0,176926.0,0.0,0.0,0.0,0.0,0.0,0.0,0.0,0.0,0.0
"NAPOLITANO, Grace Flores",29903,D,CA,House,25,H8CA34068,Yea,Yea,Yea,Yea,,Yea,Yea,Yea,Yea,Yea,Yea,Not voting,Not voting,Not voting,Nay,Yea,Yea,Present,Nay,Yea,Nay,Yea,Yea,Yea,Yea,Yea,Nay,Nay,Yea,,,,,,0.0,26700.0,0.0,0.0,18800.0,0.0,0.0,0.0,0.0,0.0,0.0,0.0,0.0,0.0,0.0,0.0,0.0,0.0,0.0,0.0,0.0
"NEAL, Richard Edmund",15616,D,MA,House,32,H8MA02041,Yea,Yea,Yea,Yea,,Yea,Yea,Yea,Yea,Yea,Yea,Yea,Nay,Yea,Nay,Yea,Yea,Yea,Nay,Yea,Nay,Yea,Yea,Yea,Yea,Yea,Nay,Nay,Yea,,Yea,Yea,Yea,Nay,23813.0,26000.0,37101.0,744.0,62658.0,0.0,0.0,2000.0,5000.0,4000.0,2512.0,3012.0,0.0,0.0,0.0,0.0,0.0,0.0,0.0,0.0,275000.0
"NEGUSE, Joseph",21948,D,CO,House,32,H8CO02160,Yea,Yea,Yea,Yea,,Yea,Yea,Yea,Yea,Yea,Yea,Yea,Nay,Yea,Nay,Yea,Yea,Yea,Nay,Yea,Nay,Yea,Yea,Yea,Yea,Yea,Nay,Nay,Yea,,Yea,Yea,Yea,Nay,0.0,21700.0,154261.0,186764.0,338525.0,0.0,0.0,11300.0,10800.0,10750.0,18100.0,44250.0,0.0,0.0,0.0,0.0,0.0,0.0,0.0,0.0,0.0
"NEHLS, Troy E.",22143,R,TX,House,25,H0TX22302,,,,,,Yea,Yea,Yea,Yea,Yea,Yea,Not voting,Yea,Yea,Yea,Not voting,Not voting,Yea,Yea,Yea,Yea,Yea,Yea,Yea,Nay,Yea,Yea,Yea,Yea,,Yea,Yea,Yea,Yea,2500.0,2100.0,6680.0,0.0,1680.0,0.0,0.0,0.0,0.0,0.0,0.0,0.0,0.0,0.0,0.0,0.0,0.0,0.0,0.0,0.0,0.0
"NEWHOUSE, Daniel Milton",21556,R,WA,House,29,H4WA04104,Yea,Yea,Yea,Nay,,Yea,Yea,Yea,Yea,Yea,Yea,Not voting,Not voting,Not voting,Yea,Yea,Yea,Yea,Yea,Yea,Yea,Yea,Yea,Yea,Yea,Yea,Yea,Yea,Yea,,Yea,Yea,Yea,Yea,0.0,33498.0,91668.0,-6.0,108160.0,0.0,0.0,0.0,0.0,0.0,0.0,0.0,0.0,0.0,0.0,0.0,0.0,0.0,0.0,0.0,0.0
"NICKEL, Wiley",22355,D,NC,House,20,H2NC14019,,,,,,,,Yea,Yea,Yea,Yea,Yea,Nay,Yea,Yea,Yea,Yea,Yea,Yea,Yea,Yea,Yea,Yea,Yea,Yea,Not voting,Nay,Not voting,Yea,,,,,,0.0,7000.0,15936.0,0.0,10936.0,0.0,0.0,0.0,0.0,0.0,0.0,0.0,0.0,0.0,0.0,0.0,0.0,0.0,0.0,0.0,0.0
"NORCROSS, Donald",21536,D,NJ,House,28,H4NJ01084,Yea,Yea,Yea,Yea,,Yea,Yea,Yea,Yea,Yea,Yea,Yea,Nay,Yea,Present,Yea,Yea,Yea,Yea,Not voting,Yea,Yea,Yea,Yea,Yea,Yea,Not voting,Yea,Yea,,Not voting,Not voting,Yea,Yea,14768.0,60710.0,102264.0,133940.0,286782.0,2500.0,0.0,0.0,0.0,0.0,0.0,0.0,0.0,0.0,0.0,0.0,0.0,0.0,0.0,0.0,0.0
"NORMAN, Ralph",21753,R,SC,House,31,H8SC05158;S6SC04445,Yea,Yea,Yea,Not voting,,Yea,Yea,Yea,Yea,Yea,Yea,Yea,Yea,Yea,Yea,Yea,Yea,Yea,Yea,Yea,Nay,Yea,Yea,Yea,Nay,Nay,Yea,Yea,Yea,,Yea,Yea,Yea,Yea,0.0,7900.0,260.0,0.0,260.0,0.0,0.0,0.0,0.0,0.0,0.0,0.0,0.0,0.0,0.0,0.0,0.0,0.0,0.0,0.0,0.0
"NUNES, Devin",20307,R,CA,House,5,H8CA20059,Yea,Yea,Yea,Nay,,Yea,,,,,,,,,,,,,,,,,,,,,,,,,,,,,0.0,0.0,0.0,0.0,0.0,0.0,0.0,0.0,0.0,0.0,0.0,0.0,0.0,0.0,0.0,0.0,0.0,0.0,0.0,0.0,0.0
"NUNN, Zach",22356,R,IA,House,26,H2IA03119,,,,,,,,Yea,Yea,Yea,Yea,Yea,Yea,Yea,Yea,Yea,Yea,Yea,Yea,Yea,Yea,Yea,Yea,Yea,Yea,Yea,Yea,Yea,Yea,,Yea,Yea,Yea,Yea,0.0,4158.0,84256.0,59216.0,120130.0,0.0,0.0,0.0,0.0,0.0,0.0,0.0,0.0,0.0,0.0,0.0,0.0,0.0,0.0,0.0,0.0
"O'HALLERAN, Thomas C.",21739,D,AZ,House,6,H6AZ01199,Yea,Yea,Yea,Yea,,Yea,Yea,,,,,,,,,,,,,,,,,,,,,,,,,,,,27909.0,31150.0,0.0,0.0,44059.0,0.0,0.0,0.0,0.0,0.0,0.0,0.0,0.0,0.0,0.0,0.0,0.0,0.0,0.0,0.0,0.0
"OBERNOLTE, Jay",22145,R,CA,House,27,H0CA08135,,,,,,Yea,Yea,Yea,Yea,Yea,Yea,Yea,Yea,Yea,Yea,Yea,Yea,Yea,Yea,Yea,Yea,Yea,Yea,Yea,Yea,Yea,Yea,Yea,Yea,,Yea,Yea,Yea,Not voting,0.0,7900.0,17384.0,5994.0,13378.0,0.0,0.0,0.0,0.0,0.0,0.0,0.0,0.0,0.0,0.0,0.0,0.0,0.0,0.0,0.0,0.0
"OCASIO-CORTEZ, Alexandria",21949,D,NY,House,32,H8NY15148,Yea,Yea,Nay,Nay,,Present,Yea,Nay,Yea,Nay,Nay,Nay,Nay,Nay,Nay,Yea,Yea,Nay,Nay,Yea,Nay,Yea,Nay,Nay,Nay,Nay,Nay,Nay,Yea,,Yea,Yea,Yea,Nay,0.0,0.0,0.0,0.0,0.0,0.0,0.0,0.0,0.0,0.0,0.0,0.0,0.0,0.0,0.0,0.0,0.0,0.0,0.0,0.0,0.0
"OGLES, Andy",22357,R,TN,House,25,H2TN05446,,,,,,,,Yea,Yea,Yea,Yea,Yea,Yea,Yea,Yea,Yea,Yea,Yea,Yea,Yea,Yea,Yea,Yea,Yea,Yea,Yea,Yea,Yea,Yea,,Yea,Yea,Yea,Not voting,0.0,10000.0,28086.0,5494.0,18580.0,0.0,0.0,0.0,0.0,0.0,0.0,0.0,0.0,0.0,0.0,0.0,0.0,0.0,0.0,0.0,0.0
"OLSON, Pete",20948,R,TX,House,4,H8TX22107,Yea,Yea,Yea,Nay,,,,,,,,,,,,,,,,,,,,,,,,,,,,,,,0.0,0.0,0.0,0.0,0.0,0.0,0.0,0.0,0.0,0.0,0.0,0.0,0.0,0.0,0.0,0.0,0.0,0.0,0.0,0.0,0.0
"OLSZEWSKI, Johnny, Jr.",22545,D,MD,House,4,H4MD02232,,,,,,,,,,,,,,,,,,,,,,,,,,,,,,,Yea,Yea,Yea,Nay,0.0,0.0,11750.0,16994.0,12744.0,2125.0,0.0,0.0,0.0,1100.0,17250.0,14850.0,0.0,0.0,0.0,0.0,0.0,0.0,0.0,0.0,0.0
"OMAR, Ilhan",21950,D,MN,House,31,H8MN05239,Yea,Yea,Nay,Nay,,Nay,Yea,Nay,Yea,Nay,Nay,Nay,Nay,Nay,Nay,Yea,Yea,Nay,Nay,Yea,Nay,Not voting,Nay,Nay,Nay,Nay,Nay,Nay,Nay,,Yea,Yea,Yea,Nay,0.0,0.0,0.0,0.0,0.0,0.0,0.0,0.0,0.0,0.0,0.0,0.0,0.0,0.0,5000.0,0.0,5000.0,2500.0,0.0,0.0,0.0
"ONDER, Robert F., Jr.",22546,R,MO,House,4,H8MO09146;H4MO03221,,,,,,,,,,,,,,,,,,,,,,,,,,,,,,,Yea,Yea,Yea,Yea,0.0,0.0,12700.0,40494.0,43194.0,0.0,0.0,0.0,0.0,0.0,0.0,0.0,0.0,0.0,0.0,0.0,0.0,0.0,0.0,0.0,0.0
"OWENS, Burgess",22146,R,UT,House,28,H0UT04076,,,,,,Yea,Yea,Yea,Yea,Yea,Yea,Yea,Yea,Yea,Yea,Yea,Yea,Yea,Yea,Yea,Yea,Yea,Yea,Yea,Yea,Yea,Yea,Yea,Yea,,Yea,Yea,Yea,Yea,5300.0,17750.0,38507.0,-6.0,44051.0,0.0,0.0,0.0,0.0,0.0,0.0,0.0,0.0,0.0,0.0,0.0,0.0,0.0,0.0,0.0,0.0
"PALAZZO, Steven",21148,R,MS,House,5,H0MS04120,Yea,Nay,Yea,Nay,,Yea,Not voting,,,,,,,,,,,,,,,,,,,,,,,,,,,,0.0,2900.0,0.0,0.0,0.0,0.0,0.0,0.0,0.0,0.0,0.0,0.0,0.0,0.0,0.0,0.0,0.0,0.0,0.0,0.0,0.0
"PALLONE, Frank, Jr.",15454,D,NJ,House,32,H8NJ03073;S6NJ00263,Yea,Yea,Yea,Yea,,Yea,Yea,Yea,Yea,Yea,Yea,Yea,Nay,Yea,Nay,Yea,Yea,Yea,Yea,Yea,Yea,Yea,Yea,Yea,Yea,Yea,Yea,Yea,Yea,,Yea,Yea,Yea,Nay,4000.0,25100.0,71651.0,32714.0,75865.0,0.0,0.0,0.0,0.0,0.0,0.0,0.0,0.0,0.0,0.0,0.0,0.0,0.0,0.0,0.0,0.0
"PALMER, Gary James",21500,R,AL,House,32,H4AL06098,Yea,Yea,Yea,Nay,,Yea,Yea,Yea,Yea,Yea,Yea,Yea,Yea,Yea,Yea,Yea,Yea,Yea,Yea,Yea,Yea,Yea,Yea,Yea,Yea,Yea,Yea,Yea,Yea,,Yea,Yea,Yea,Yea,0.0,26350.0,42362.0,5494.0,62106.0,0.0,0.0,0.0,0.0,0.0,0.0,0.0,0.0,0.0,0.0,0.0,0.0,0.0,0.0,0.0,0.0
"PANETTA, James Varni",21740,D,CA,House,32,H6CA20152,Yea,Yea,Yea,Yea,,Yea,Yea,Yea,Yea,Yea,Yea,Yea,Nay,Yea,Nay,Yea,Yea,Yea,Nay,Yea,Nay,Yea,Yea,Yea,Yea,Yea,Nay,Nay,Yea,,Yea,Yea,Yea,Yea,0.0,55299.0,293295.0,189571.0,513265.0,0.0,0.0,0.0,0.0,0.0,0.0,0.0,0.0,0.0,0.0,0.0,0.0,0.0,0.0,0.0,0.0
"PAPPAS, Chris",21951,D,NH,House,32,H8NH01210;S6NH00141,Yea,Yea,Yea,Yea,,Yea,Yea,Yea,Yea,Yea,Yea,Yea,Nay,Yea,Yea,Yea,Yea,Yea,Yea,Yea,Yea,Yea,Yea,Yea,Yea,Yea,Nay,Yea,Yea,,Yea,Yea,Yea,Nay,3600.0,197334.0,644487.0,482738.0,1271759.0,0.0,0.0,35282.0,0.0,0.0,0.0,34282.0,0.0,0.0,0.0,0.0,0.0,0.0,0.0,0.0,0.0
"PASCRELL, William J., Jr.",29741,D,NJ,House,26,H6NJ08118,Yea,Yea,Yea,Yea,,Yea,Yea,Yea,Yea,Yea,Yea,Yea,Nay,Yea,Nay,Yea,Yea,Yea,Nay,Yea,Nay,Yea,Yea,Yea,Yea,Yea,Nay,,,,,,,,13450.0,40886.0,76323.0,0.0,102429.0,0.0,0.0,0.0,0.0,0.0,0.0,0.0,0.0,0.0,0.0,0.0,0.0,0.0,0.0,0.0,0.0
"PATRONIS, Jimmy",22563,R,FL,House,4,H6FL01390,,,,,,,,,,,,,,,,,,,,,,,,,,,,,,,Yea,Yea,Yea,Yea,0.0,0.0,0.0,38044.0,23044.0,0.0,0.0,0.0,0.0,0.0,0.0,0.0,0.0,0.0,0.0,0.0,0.0,0.0,0.0,0.0,0.0
"PAYNE, Donald, Jr.",31103,D,NJ,House,18,H2NJ10154,Not voting,Yea,Yea,Yea,,Yea,Yea,Yea,Yea,Not voting,Not voting,Yea,Nay,Yea,Nay,Yea,Yea,Present,Nay,Yea,Nay,Yea,Not voting,Not voting,Not voting,,,,,,,,,,0.0,5500.0,5000.0,0.0,10500.0,0.0,0.0,1000.0,11494.0,1250.0,0.0,10744.0,0.0,0.0,0.0,0.0,0.0,0.0,0.0,0.0,0.0
"PELOSI, Nancy",15448,D,CA,House,26,H8CA05035,,Yea,,,,Yea,Yea,Yea,Yea,Yea,Yea,Yea,Nay,Yea,Nay,Not voting,Not voting,Not voting,Nay,Yea,Nay,Yea,Yea,Yea,Yea,Yea,Nay,Nay,Yea,,Yea,Yea,Yea,Nay,0.0,7900.0,6325.0,-188.0,1137.0,0.0,0.0,0.0,2000.0,6000.0,1000.0,1000.0,0.0,0.0,0.0,0.0,0.0,0.0,0.0,0.0,0.0
"PELTOLA, Mary Sattler",22168,D,AK,House,21,H2AK01158,,,,,,,,Yea,Yea,Yea,Yea,Yea,Nay,Yea,Nay,Yea,Yea,Yea,Yea,Yea,Yea,Yea,Yea,Yea,Yea,Yea,Yea,Not voting,Yea,,,,,,0.0,0.0,53371.0,0.0,38371.0,0.0,0.0,0.0,0.0,0.0,0.0,0.0,0.0,0.0,0.0,0.0,0.0,0.0,0.0,0.0,0.0
"PENCE, Gregory",21952,R,IN,House,28,H8IN06129,Yea,Yea,Yea,Nay,,Yea,Yea,Yea,Yea,Yea,Yea,Yea,Yea,Yea,Yea,Yea,Yea,Yea,Yea,Yea,Yea,Yea,Yea,Yea,Yea,Yea,Yea,Yea,Yea,,,,,,2500.0,7900.0,0.0,0.0,0.0,0.0,0.0,0.0,0.0,0.0,0.0,0.0,0.0,0.0,0.0,0.0,0.0,0.0,0.0,0.0,0.0
"PEREZ, Marie Gluesenkamp",22358,D,WA,House,26,H2WA03217,,,,,,,,Yea,Yea,Yea,Yea,Yea,Nay,Yea,Yea,Yea,Yea,Yea,Yea,Yea,Yea,Yea,Yea,Yea,Yea,Yea,Yea,Yea,Yea,,Yea,Yea,Yea,Yea,0.0,0.0,208302.0,193372.0,370374.0,0.0,0.0,0.0,0.0,0.0,0.0,0.0,0.0,0.0,0.0,0.0,0.0,0.0,0.0,0.0,0.0
"PERLMUTTER, Ed",20705,D,CO,House,6,H6CO07023,Yea,Yea,Yea,Yea,,Yea,Yea,,,,,,,,,,,,,,,,,,,,,,,,,,,,0.0,0.0,0.0,0.0,0.0,0.0,0.0,3745.0,1000.0,0.0,0.0,2745.0,0.0,0.0,0.0,0.0,0.0,0.0,0.0,0.0,0.0
"PERRY, Scott",21356,R,PA,House,32,H2PA04135,Yea,Yea,Yea,Nay,,Yea,Yea,Yea,Yea,Yea,Yea,Yea,Yea,Yea,Yea,Yea,Yea,Yea,Yea,Yea,Yea,Yea,Yea,Yea,Nay,Yea,Yea,Yea,Yea,,Yea,Yea,Yea,Yea,2500.0,14000.0,21262.0,52494.0,77756.0,0.0,25570.0,0.0,0.0,0.0,0.0,0.0,0.0,0.0,0.0,0.0,0.0,0.0,0.0,0.0,0.0
"PETERS, Scott",21315,D,CA,House,30,H2CA52089,Yea,Yea,Yea,Yea,,Yea,Yea,Not voting,Yea,Not voting,Yea,Yea,Nay,Yea,Nay,Yea,Yea,Yea,Yea,Yea,Nay,Yea,Yea,Yea,Yea,Yea,Nay,Nay,Yea,,Yea,Yea,Yea,Nay,0.0,19900.0,0.0,494.0,12494.0,0.0,0.0,3950.0,3000.0,15100.0,3500.0,21050.0,0.0,0.0,0.0,0.0,0.0,0.0,0.0,0.0,0.0
"PETERSON, Collin Clark",29127,D,MN,House,4,H2MN07014,Yea,Yea,Yea,Yea,,,,,,,,,,,,,,,,,,,,,,,,,,,,,,,0.0,0.0,0.0,0.0,0.0,0.0,0.0,0.0,0.0,0.0,0.0,0.0,0.0,0.0,0.0,0.0,0.0,0.0,0.0,0.0,0.0
"PETTERSEN, Brittany",22359,D,CO,House,25,H8CO07045,,,,,,,,Yea,Yea,Yea,Yea,Yea,Nay,Yea,Nay,Yea,Yea,Yea,Yea,Yea,Nay,Yea,Yea,Yea,Yea,Yea,Nay,Nay,Yea,,Not voting,Yea,Yea,Nay,0.0,20850.0,45713.0,4994.0,50657.0,0.0,0.0,0.0,34997.0,2995.0,11850.0,41869.0,0.0,0.0,0.0,0.0,0.0,0.0,0.0,0.0,0.0
"PFLUGER, August",22147,R,TX,House,27,H0TX11230,,,,,,Yea,Not voting,Yea,Yea,Yea,Yea,Yea,Yea,Yea,Yea,Yea,Yea,Yea,Yea,Yea,Yea,Yea,Yea,Yea,Yea,Yea,Yea,Yea,Yea,,Yea,Yea,Yea,Yea,0.0,22750.0,92007.0,87338.0,179995.0,0.0,0.0,0.0,0.0,0.0,0.0,0.0,0.0,0.0,0.0,0.0,0.0,0.0,0.0,0.0,0.0
"PHILLIPS, Dean",21953,D,MN,House,17,H8MN03143,Yea,Yea,Yea,Yea,,Yea,Yea,Yea,Yea,Yea,Yea,Not voting,Not voting,Not voting,Not voting,Not voting,Not voting,Not voting,Yea,Not voting,Nay,Not voting,Yea,Not voting,Yea,Yea,Nay,Nay,Not voting,,,,,,0.0,53175.0,53849.0,0.0,107024.0,0.0,0.0,0.0,0.0,0.0,0.0,0.0,0.0,0.0,0.0,0.0,0.0,0.0,0.0,0.0,0.0
"PINGREE, Chellie",20920,D,ME,House,31,H8ME01120;S0ME00038,Yea,Yea,Nay,Yea,,Yea,Yea,Yea,Yea,Yea,Yea,Yea,Nay,Yea,Nay,Yea,Yea,Present,Nay,Yea,Nay,Yea,Nay,Yea,Nay,Nay,Nay,Nay,Yea,,Yea,Not voting,Yea,Nay,0.0,0.0,0.0,0.0,0.0,0.0,0.0,3250.0,4000.0,6900.0,2000.0,7650.0,0.0,0.0,0.0,0.0,0.0,0.0,0.0,0.0,0.0
"POCAN, Mark",21370,D,WI,House,32,H2WI02124,Yea,Yea,Nay,Yea,,Yea,Yea,Nay,Yea,Yea,Yea,Nay,Nay,Yea,Nay,Yea,Yea,Present,Nay,Yea,Nay,Yea,Nay,Yea,Nay,Nay,Nay,Nay,Yea,,Yea,Yea,Yea,Nay,0.0,0.0,0.0,0.0,0.0,0.0,0.0,6750.0,6500.0,10850.0,0.0,12600.0,0.0,0.0,0.0,0.0,0.0,0.0,0.0,0.0,0.0
"PORTER, Katie",21954,D,CA,House,23,H8CA45130,Yea,Yea,Yea,Not voting,,Yea,Yea,Not voting,Yea,Yea,Yea,Yea,Nay,Yea,Nay,Yea,Yea,Not voting,Nay,Yea,Nay,Yea,Nay,Not voting,Yea,Nay,Nay,Nay,Not voting,,,,,,2000.0,0.0,0.0,0.0,0.0,0.0,0.0,125569.0,65085.0,8750.0,0.0,199404.0,0.0,0.0,0.0,0.0,0.0,0.0,0.0,0.0,0.0
"POSEY, Bill",20909,R,FL,House,26,H8FL15107,Yea,Yea,Yea,Yea,,Yea,Yea,Yea,Yea,Yea,Yea,Yea,Yea,Yea,Yea,Not voting,Not voting,Yea,Yea,Yea,Yea,Yea,Yea,Yea,Yea,Yea,Yea,Yea,Yea,,,,,,0.0,10000.0,1512.0,0.0,512.0,0.0,0.0,0.0,0.0,0.0,0.0,0.0,0.0,0.0,0.0,0.0,0.0,0.0,0.0,0.0,0.0
"POU, Nellie",22547,D,NJ,House,4,H4NJ09194,,,,,,,,,,,,,,,,,,,,,,,,,,,,,,,Yea,Yea,Yea,Nay,0.0,0.0,37536.0,0.0,30536.0,0.0,0.0,0.0,0.0,0.0,0.0,0.0,0.0,0.0,0.0,0.0,0.0,0.0,0.0,0.0,0.0
"PRESSLEY, Ayanna",21955,D,MA,House,32,H8MA07032,Yea,Yea,Yea,Nay,,Nay,Yea,Nay,Yea,Nay,Present,Nay,Nay,Nay,Nay,Yea,Yea,Nay,Nay,Yea,Nay,Yea,Nay,Nay,Nay,Nay,Nay,Nay,Yea,,Yea,Yea,Yea,Nay,0.0,0.0,0.0,0.0,0.0,0.0,0.0,0.0,0.0,0.0,0.0,0.0,0.0,0.0,0.0,0.0,7500.0,2500.0,0.0,0.0,0.0
"PRICE, David Eugene",15438,D,NC,House,6,H6NC04037,Yea,Yea,Yea,Yea,,Yea,Yea,,,,,,,,,,,,,,,,,,,,,,,,,,,,0.0,0.0,0.0,0.0,0.0,0.0,0.0,5540.0,4000.0,0.0,0.0,3040.0,0.0,0.0,0.0,0.0,0.0,0.0,0.0,0.0,0.0
"QUIGLEY, Mike",20954,D,IL,House,32,H0IL05096,Yea,Yea,Yea,Yea,,Yea,Yea,Yea,Yea,Yea,Yea,Yea,Nay,Yea,Nay,Yea,Yea,Yea,Nay,Yea,Nay,Yea,Yea,Yea,Yea,Yea,Nay,Nay,Yea,,Yea,Yea,Yea,Nay,0.0,22000.0,8778.0,3000.0,23778.0,0.0,0.0,0.0,0.0,9175.0,6000.0,12675.0,0.0,0.0,0.0,0.0,0.0,0.0,0.0,0.0,0.0
"RAMIREZ, Delia",22360,D,IL,House,26,H2IL03162,,,,,,,,Nay,Yea,Nay,Nay,Nay,Nay,Nay,Nay,Yea,Yea,Nay,Nay,Present,Nay,Yea,Nay,Nay,Nay,Nay,Nay,Nay,Yea,,Yea,Yea,Yea,Nay,0.0,0.0,0.0,0.0,0.0,0.0,143348.18,0.0,28787.0,3350.0,17200.0,43337.0,0.0,0.0,0.0,0.0,10000.0,5000.0,0.0,0.0,0.0
"RANDALL, Emily",22548,D,WA,House,4,H4WA06117,,,,,,,,,,,,,,,,,,,,,,,,,,,,,,,Yea,Yea,Yea,Nay,0.0,0.0,12050.0,-5000.0,7050.0,0.0,0.0,0.0,0.0,0.0,6250.0,6250.0,0.0,0.0,0.0,0.0,0.0,0.0,0.0,0.0,0.0
"RASKIN, Jamie Ben",21741,D,MD,House,32,H6MD08457,Yea,Yea,Yea,Yea,,Yea,Yea,Yea,Yea,Yea,Yea,Yea,Nay,Yea,Nay,Yea,Yea,Present,Nay,Yea,Nay,Yea,Yea,Yea,Nay,Yea,Nay,Nay,Yea,,Yea,Yea,Yea,Nay,0.0,0.0,0.0,0.0,0.0,0.0,0.0,22050.0,31650.0,27310.0,35725.0,114735.0,0.0,0.0,0.0,0.0,0.0,0.0,0.0,0.0,0.0
"RATCLIFFE, John",21549,R,TX,House,3,H4TX04153,Not voting,Yea,Yea,Nay,,,,,,,,,,,,,,,,,,,,,,,,,,,,,,,0.0,0.0,0.0,0.0,0.0,0.0,0.0,0.0,0.0,0.0,0.0,0.0,0.0,0.0,0.0,0.0,0.0,0.0,0.0,0.0,0.0
"REED, Thomas W., II",21101,R,NY,House,5,H0NY29054,Yea,Yea,Yea,Yea,,Yea,,,,,,,,,,,,,,,,,,,,,,,,,,,,,17700.0,0.0,0.0,0.0,7000.0,0.0,0.0,0.0,0.0,0.0,0.0,0.0,0.0,0.0,0.0,0.0,0.0,0.0,0.0,0.0,0.0
"RESCHENTHALER, Guy",21956,R,PA,House,32,H8PA18199,Yea,Yea,Yea,Nay,,Yea,Yea,Yea,Yea,Yea,Yea,Yea,Yea,Yea,Yea,Yea,Yea,Yea,Yea,Yea,Yea,Yea,Yea,Yea,Yea,Yea,Yea,Yea,Yea,,Yea,Yea,Yea,Yea,0.0,25500.0,206049.0,232704.0,441153.0,0.0,0.0,0.0,0.0,0.0,0.0,0.0,0.0,0.0,0.0,0.0,0.0,0.0,0.0,0.0,0.0
"RICE, Kathleen Maura",21540,D,NY,House,6,H4NY04075,Yea,Yea,Yea,Yea,,Yea,Yea,,,,,,,,,,,,,,,,,,,,,,,,,,,,5700.0,0.0,0.0,0.0,5700.0,0.0,0.0,0.0,0.0,0.0,0.0,0.0,0.0,0.0,0.0,0.0,0.0,0.0,0.0,0.0,0.0
"RICE, Tom",21359,R,SC,House,6,H2SC07066,Yea,Yea,Yea,Nay,,Yea,Yea,,,,,,,,,,,,,,,,,,,,,,,,,,,,0.0,2900.0,0.0,0.0,0.0,0.0,0.0,0.0,0.0,0.0,0.0,0.0,0.0,0.0,0.0,0.0,0.0,0.0,0.0,0.0,0.0
"RICHMOND, Cedric",21137,D,LA,House,3,H8LA02054,Yea,Yea,Not voting,Yea,,,,,,,,,,,,,,,,,,,,,,,,,,,,,,,0.0,0.0,0.0,0.0,0.0,0.0,0.0,2000.0,0.0,0.0,0.0,0.0,0.0,0.0,0.0,0.0,0.0,0.0,0.0,0.0,0.0
"RIGGLEMAN, Denver",21957,R,VA,House,4,H8VA05171,Yea,Yea,Yea,Nay,,,,,,,,,,,,,,,,,,,,,,,,,,,,,,,8301.0,0.0,0.0,0.0,8301.0,0.0,0.0,0.0,0.0,0.0,0.0,0.0,0.0,0.0,0.0,0.0,0.0,0.0,0.0,0.0,0.0
"RILEY, Josh",22549,D,NY,House,4,H8NY22177,,,,,,,,,,,,,,,,,,,,,,,,,,,,,,,Yea,Yea,Yea,Yea,0.0,2000.0,5000.0,261310.0,260310.0,0.0,0.0,0.0,0.0,0.0,0.0,0.0,0.0,0.0,0.0,0.0,0.0,0.0,0.0,0.0,0.0
"RIVAS, Luz M.",22550,D,CA,House,4,H4CA29141,,,,,,,,,,,,,,,,,,,,,,,,,,,,,,,Yea,Yea,Yea,Nay,0.0,0.0,19513.0,73744.0,76257.0,0.0,0.0,0.0,0.0,0.0,0.0,0.0,0.0,0.0,0.0,0.0,0.0,0.0,0.0,0.0,0.0
"ROBY, Martha",21192,R,AL,House,3,H0AL02087,Yea,Yea,Not voting,Nay,,,,,,,,,,,,,,,,,,,,,,,,,,,,,,,0.0,0.0,0.0,0.0,0.0,0.0,0.0,0.0,0.0,0.0,0.0,0.0,0.0,0.0,0.0,0.0,0.0,0.0,0.0,0.0,0.0
"ROE, David P. (Phil)",20947,R,TN,House,4,H6TN01388,Yea,Yea,Yea,Nay,,,,,,,,,,,,,,,,,,,,,,,,,,,,,,,0.0,0.0,0.0,0.0,0.0,0.0,0.0,0.0,0.0,0.0,0.0,0.0,0.0,0.0,0.0,0.0,0.0,0.0,0.0,0.0,0.0
"ROGERS, Harold Dallas (Hal)",14854,R,KY,House,30,H0KY05015,Yea,Yea,Yea,Nay,,Yea,Yea,Yea,Yea,Yea,Yea,Yea,Yea,Yea,Yea,Yea,Yea,Yea,Yea,Not voting,Yea,Not voting,Yea,Yea,Yea,Yea,Yea,Yea,Yea,,Yea,Yea,Yea,Yea,0.0,7900.0,10512.0,5015.0,6327.0,0.0,0.0,0.0,0.0,0.0,0.0,0.0,0.0,0.0,0.0,0.0,0.0,0.0,0.0,0.0,0.0
"ROGERS, Mike Dennis",20301,R,AL,House,32,H2AL03032,Yea,Nay,Yea,Nay,,Yea,Yea,Yea,Yea,Yea,Yea,Yea,Yea,Yea,Yea,Yea,Yea,Yea,Yea,Yea,Yea,Yea,Yea,Yea,Yea,Yea,Yea,Yea,Yea,,Yea,Yea,Yea,Yea,0.0,52700.0,532970.0,480569.0,1055639.0,0.0,0.0,0.0,0.0,0.0,0.0,0.0,0.0,0.0,0.0,0.0,0.0,0.0,0.0,0.0,0.0
"ROONEY, Francis",21742,R,FL,House,4,H6FL19087,Yea,Yea,Yea,Yea,,,,,,,,,,,,,,,,,,,,,,,,,,,,,,,0.0,0.0,0.0,0.0,0.0,0.0,0.0,0.0,0.0,0.0,0.0,0.0,0.0,0.0,0.0,0.0,0.0,0.0,0.0,0.0,0.0
"ROSE, John",21959,R,TN,House,32,H8TN06094,Yea,Yea,Yea,Nay,,Yea,Yea,Yea,Yea,Yea,Yea,Yea,Yea,Yea,Yea,Yea,Yea,Yea,Yea,Yea,Yea,Yea,Yea,Yea,Yea,Yea,Yea,Yea,Yea,,Yea,Yea,Yea,Yea,0.0,24400.0,26814.0,0.0,31214.0,0.0,0.0,0.0,0.0,0.0,0.0,0.0,0.0,0.0,0.0,0.0,0.0,0.0,0.0,0.0,0.0
"ROSE, Max",21958,D,NY,House,4,H8NY11113,Yea,Yea,Yea,Yea,,,,,,,,,,,,,,,,,,,,,,,,,,,,,,,23549.0,0.0,0.0,0.0,16549.0,95650.0,0.0,0.0,0.0,0.0,0.0,0.0,0.0,0.0,0.0,0.0,0.0,0.0,0.0,0.0,0.0
"ROSENDALE, Matthew M., Sr.",22148,R,MT,House,24,H4MT00050,,,,,,Yea,Yea,Yea,Yea,Yea,Yea,Yea,Yea,Yea,Yea,Yea,Yea,Yea,Yea,Yea,Yea,Yea,Yea,Yea,Nay,Nay,Yea,Yea,Nay,,,,,,250.0,10800.0,0.0,0.0,3150.0,0.0,0.0,0.0,0.0,0.0,0.0,0.0,0.0,0.0,0.0,0.0,0.0,0.0,0.0,0.0,0.0
"ROSS, Deborah K.",22149,D,NC,House,26,H0NC02125,,,,,,Yea,Yea,Not voting,Not voting,Yea,Yea,Yea,Nay,Yea,Nay,Yea,Yea,Present,Nay,Yea,Nay,Yea,Yea,Yea,Yea,Yea,Nay,Nay,Yea,,Yea,Yea,Yea,Nay,2000.0,24900.0,47813.0,0.0,57813.0,0.0,0.0,0.0,0.0,0.0,0.0,0.0,0.0,0.0,0.0,0.0,0.0,0.0,0.0,0.0,0.0
"ROUDA, Harley",21960,D,CA,House,4,H8CA48035,Yea,Yea,Yea,Yea,,,,,,,,,,,,,,,,,,,,,,,,,,,,,,,2000.0,0.0,0.0,0.0,0.0,0.0,0.0,28691.0,0.0,0.0,0.0,28676.0,0.0,0.0,0.0,0.0,0.0,0.0,0.0,0.0,0.0
"ROUZER, David",21544,R,NC,House,32,H2NC07096,Yea,Yea,Yea,Nay,,Yea,Yea,Yea,Yea,Yea,Yea,Yea,Yea,Yea,Yea,Yea,Yea,Yea,Yea,Yea,Yea,Yea,Yea,Yea,Yea,Yea,Yea,Yea,Yea,,Yea,Yea,Yea,Yea,0.0,7900.0,18014.0,21494.0,29508.0,0.0,0.0,0.0,0.0,0.0,0.0,0.0,0.0,0.0,0.0,0.0,0.0,0.0,0.0,0.0,0.0
"ROY, Charles",21961,R,TX,House,32,H8TX21307,Yea,Nay,Yea,Nay,,Yea,Yea,Yea,Yea,Yea,Yea,Yea,Yea,Yea,Yea,Yea,Yea,Yea,Yea,Yea,Nay,Yea,Yea,Yea,Nay,Nay,Yea,Yea,Nay,,Yea,Yea,Yea,Yea,2500.0,0.0,0.0,0.0,0.0,0.0,0.0,0.0,0.0,0.0,0.0,0.0,0.0,0.0,0.0,0.0,0.0,0.0,0.0,0.0,0.0
"ROYBAL-ALLARD, Lucille",29317,D,CA,House,6,H2CA33048,Yea,Yea,Yea,Yea,,Yea,Yea,,,,,,,,,,,,,,,,,,,,,,,,,,,,0.0,0.0,0.0,0.0,0.0,0.0,0.0,0.0,0.0,0.0,0.0,0.0,0.0,0.0,0.0,0.0,0.0,0.0,0.0,0.0,0.0
"RUIZ, Raul",21311,D,CA,House,32,H2CA36439,Yea,Yea,Yea,Yea,,Yea,Yea,Yea,Yea,Yea,Yea,Yea,Nay,Yea,Nay,Yea,Yea,Present,Yea,Yea,Nay,Yea,Yea,Yea,Yea,Yea,Nay,Nay,Yea,,Yea,Yea,Yea,Nay,0.0,7900.0,28925.0,16744.0,30669.0,0.0,0.0,3200.0,5850.0,21850.0,7500.0,33900.0,0.0,0.0,0.0,0.0,0.0,0.0,0.0,0.0,0.0
"RULLI, Michael A.",22379,R,OH,House,6,H4OH06165,,,,,,,,,,,,,,,,,,,,,,,,,,,,Yea,Yea,,Yea,Yea,Yea,Yea,0.0,0.0,38102.0,19997.0,38099.0,0.0,0.0,0.0,0.0,0.0,0.0,0.0,0.0,0.0,0.0,0.0,0.0,0.0,0.0,0.0,0.0
"RUPPERSBERGER, C. A. Dutch",20329,D,MD,House,28,H2MD02160,Yea,Yea,Yea,Yea,,Yea,Yea,Yea,Yea,Yea,Yea,Yea,Nay,Yea,Nay,Yea,Yea,Yea,Yea,Yea,Nay,Yea,Yea,Yea,Yea,Yea,Nay,Nay,Yea,,,,,,0.0,18101.0,1500.0,0.0,14901.0,0.0,0.0,0.0,0.0,0.0,0.0,0.0,0.0,0.0,0.0,0.0,0.0,0.0,0.0,0.0,0.0
"RUSH, Bobby L.",29346,D,IL,House,6,H2IL01042,Yea,Yea,Nay,Yea,,Yea,Yea,,,,,,,,,,,,,,,,,,,,,,,,,,,,0.0,0.0,0.0,0.0,0.0,0.0,0.0,0.0,0.0,0.0,0.0,0.0,0.0,0.0,0.0,0.0,0.0,0.0,0.0,0.0,0.0
"RUTHERFORD, John Henry",21744,R,FL,House,32,H6FL04105,Yea,Yea,Yea,Nay,,Yea,Yea,Yea,Yea,Yea,Yea,Yea,Yea,Yea,Yea,Yea,Yea,Yea,Yea,Yea,Yea,Yea,Yea,Yea,Yea,Yea,Yea,Yea,Yea,,Yea,Yea,Yea,Yea,0.0,17000.0,22364.0,26995.0,40359.0,0.0,0.0,0.0,0.0,0.0,0.0,0.0,0.0,0.0,0.0,0.0,0.0,0.0,0.0,0.0,0.0
"RYAN, Patrick",22169,D,NY,House,26,H8NY19223,,,,,,,,Yea,Yea,Yea,Yea,Yea,Nay,Yea,Yea,Yea,Yea,Present,Yea,Yea,Nay,Yea,Yea,Yea,Yea,Yea,Nay,Nay,Yea,,Yea,Yea,Yea,Nay,0.0,25950.0,197159.0,77993.0,311102.0,0.0,0.0,0.0,0.0,0.0,0.0,0.0,0.0,0.0,0.0,0.0,0.0,0.0,0.0,0.0,0.0
"RYAN, Timothy J.",20343,D,OH,House,5,H2OH17109,Yea,Yea,Not voting,Yea,,Yea,Yea,,,,,,,,,,,,,,,,,,,,,,,,,,,,0.0,0.0,0.0,0.0,0.0,0.0,0.0,0.0,0.0,0.0,0.0,0.0,0.0,0.0,0.0,0.0,0.0,0.0,0.0,0.0,0.0
"SALAZAR, Maria Elvira",22150,R,FL,House,26,H8FL27185,,,,,,Yea,Yea,Yea,Yea,Yea,Yea,Not voting,Yea,Yea,Yea,Yea,Yea,Yea,Yea,Yea,Yea,Not voting,Yea,Yea,Yea,Yea,Yea,Yea,Yea,,Yea,Yea,Yea,Yea,2500.0,44958.0,34850.0,42540.0,94848.0,0.0,0.0,0.0,0.0,0.0,0.0,0.0,0.0,0.0,0.0,0.0,0.0,0.0,0.0,0.0,0.0
"SALINAS, Andrea",22361,D,OR,House,25,H2OR06066,,,,,,,,Yea,Yea,Yea,Yea,Not voting,Nay,Yea,Nay,Yea,Yea,Present,Yea,Yea,Nay,Yea,Yea,Yea,Yea,Yea,Nay,Nay,Yea,,Yea,Yea,Yea,Nay,0.0,0.0,83703.0,0.0,75703.0,0.0,0.0,0.0,45868.0,104097.0,30969.0,175346.0,0.0,0.0,0.0,0.0,0.0,0.0,0.0,0.0,0.0
"SANTOS, George",22362,R,NY,House,10,H0NY03083,,,,,,,,Yea,Yea,Yea,Yea,Yea,Yea,Yea,Yea,Yea,Yea,,,,,,,,,,,,,,,,,,0.0,5000.0,0.0,0.0,0.0,0.0,0.0,0.0,0.0,0.0,0.0,0.0,0.0,0.0,0.0,0.0,0.0,0.0,0.0,0.0,0.0
"SARBANES, John",20724,D,MD,House,28,H6MD03292,Yea,Yea,Yea,Yea,,Yea,Yea,Yea,Yea,Yea,Yea,Yea,Nay,Yea,Nay,Yea,Yea,Present,Yea,Yea,Nay,Yea,Yea,Yea,Yea,Yea,Nay,Nay,Yea,,,,,,0.0,0.0,0.0,0.0,0.0,0.0,0.0,0.0,0.0,0.0,0.0,0.0,0.0,0.0,0.0,0.0,0.0,0.0,0.0,0.0,0.0
"SCALISE, Steve",20759,R,LA,House,30,H0LA01087,Yea,Yea,Yea,Nay,,Yea,Yea,Yea,Yea,Yea,Yea,Yea,Yea,Yea,Yea,Yea,Yea,Yea,Yea,Not voting,Not voting,Yea,Yea,Yea,Yea,Yea,Yea,Yea,Yea,,Yea,Yea,Yea,Yea,5000.0,25690.0,456636.0,333678.0,793104.0,0.0,0.0,0.0,0.0,0.0,0.0,0.0,0.0,0.0,0.0,0.0,0.0,0.0,0.0,0.0,0.0
"SCANLON, Mary Gay",21762,D,PA,House,30,H8PA07200,Yea,Yea,Yea,Yea,,Yea,Yea,Yea,Yea,Yea,Yea,Nay,Not voting,Not voting,Nay,Yea,Yea,Present,Nay,Yea,Nay,Yea,Yea,Yea,Yea,Nay,Nay,Nay,Yea,,Yea,Yea,Yea,Nay,0.0,0.0,0.0,0.0,0.0,0.0,0.0,11510.0,11500.0,9960.0,14150.0,43920.0,0.0,0.0,0.0,0.0,0.0,0.0,0.0,0.0,0.0
"SCHAKOWSKY, Janice D.",29911,D,IL,House,31,H8IL09067,Yea,Yea,Yea,Yea,,Yea,Yea,Yea,Yea,Yea,Yea,Nay,Nay,Yea,Nay,Yea,Yea,Present,Nay,Yea,Nay,Yea,Nay,Yea,Yea,Nay,Nay,Nay,Yea,,Yea,Yea,Yea,Not voting,0.0,0.0,0.0,0.0,0.0,0.0,0.0,33515.0,27150.0,18070.0,6700.0,77935.0,0.0,0.0,0.0,0.0,0.0,0.0,0.0,0.0,0.0
"SCHIFF, Adam",20104,D,CA,House,27,H0CA27085;S4CA00555,Yea,Yea,Yea,Yea,,Yea,Yea,Yea,Yea,Yea,Yea,Not voting,Nay,Yea,Nay,Yea,Yea,Yea,Yea,Yea,Yea,Yea,Yea,Yea,Yea,Yea,Nay,Nay,Yea,,,,,,22000.0,55100.0,673941.0,0.0,735141.0,16620.0,0.0,0.0,12600.0,87959.0,9300.0,107359.0,0.0,0.0,0.0,0.0,0.0,0.0,0.0,0.0,0.0
"SCHMIDT, Derek",22551,R,KS,House,4,H4KS02164,,,,,,,,,,,,,,,,,,,,,,,,,,,,,,,Yea,Yea,Yea,Yea,0.0,0.0,10250.0,31369.0,21619.0,0.0,0.0,0.0,0.0,0.0,0.0,0.0,0.0,0.0,0.0,0.0,0.0,0.0,0.0,0.0,0.0
"SCHNEIDER, Brad",21326,D,IL,House,31,H2IL10068,Yea,Yea,Yea,Yea,,Yea,Yea,Yea,Yea,Yea,Yea,Yea,Nay,Yea,Yea,Yea,Yea,Yea,Not voting,Yea,Yea,Yea,Yea,Yea,Yea,Yea,Nay,Nay,Yea,,Yea,Yea,Yea,Yea,41887.0,115124.0,343352.0,385854.0,863017.0,0.0,0.0,0.0,0.0,0.0,0.0,0.0,0.0,0.0,0.0,0.0,0.0,0.0,0.0,0.0,0.0
"SCHOLTEN, Hillary",22363,D,MI,House,25,H0MI03316,,,,,,,,Yea,Yea,Yea,Yea,Yea,Nay,Yea,Nay,Yea,Yea,Yea,Yea,Yea,Nay,Yea,Yea,Yea,Yea,Yea,Nay,Nay,Yea,,Yea,Not voting,Yea,Yea,0.0,0.0,158439.0,99928.0,243867.0,0.0,0.0,36075.0,71975.0,64237.0,13000.0,182978.0,0.0,0.0,1000.0,0.0,0.0,0.0,0.0,0.0,0.0
"SCHRADER, Kurt",20944,D,OR,House,6,H8OR05107,Yea,Yea,Yea,Yea,,Yea,Yea,,,,,,,,,,,,,,,,,,,,,,,,,,,,0.0,23225.0,0.0,0.0,13325.0,0.0,0.0,0.0,0.0,0.0,0.0,0.0,0.0,0.0,0.0,0.0,0.0,0.0,0.0,0.0,0.0
"SCHRIER, Kim",21962,D,WA,House,31,H8WA08189,Not voting,Yea,Yea,Yea,,Yea,Yea,Yea,Yea,Yea,Yea,Yea,Nay,Yea,Yea,Yea,Yea,Yea,Yea,Yea,Nay,Yea,Yea,Yea,Yea,Yea,Nay,Nay,Yea,,Yea,Yea,Yea,Yea,2000.0,47204.0,66650.0,60794.0,144748.0,0.0,0.0,10350.0,39408.0,28950.0,2250.0,76458.0,0.0,0.0,0.0,0.0,0.0,0.0,0.0,0.0,0.0
"SCHWEIKERT, David",21105,R,AZ,House,32,H4AZ06045;H8AZ05097,Yea,Yea,Yea,Nay,,Yea,Yea,Yea,Yea,Yea,Yea,Yea,Yea,Yea,Yea,Yea,Yea,Yea,Yea,Yea,Yea,Yea,Yea,Yea,Yea,Yea,Yea,Yea,Yea,,Yea,Yea,Yea,Yea,2500.0,30121.0,114336.0,28750.0,143207.0,0.0,0.0,0.0,0.0,0.0,0.0,0.0,0.0,0.0,0.0,0.0,0.0,0.0,0.0,0.0,0.0
"SCOTT, Austin",21123,R,GA,House,30,H0GA08099,Yea,Yea,Yea,Nay,,Yea,Yea,Yea,Yea,Yea,Yea,Yea,Yea,Yea,Yea,Not voting,Not voting,Yea,Yea,Yea,Yea,Yea,Yea,Yea,Yea,Yea,Yea,Yea,Yea,,Yea,Yea,Yea,Yea,0.0,23950.0,25612.0,6494.0,34156.0,0.0,0.0,0.0,0.0,0.0,0.0,0.0,0.0,0.0,0.0,0.0,0.0,0.0,0.0,0.0,0.0
"SCOTT, David",20321,D,GA,House,29,H2GA13012,Yea,Yea,Yea,Yea,,Yea,Yea,Yea,Yea,Yea,Yea,Yea,Nay,Yea,Nay,Yea,Yea,Yea,Yea,Yea,Yea,Yea,Yea,Yea,Yea,Yea,Yea,Yea,Not voting,,Yea,Yea,,,478.0,32700.0,40303.0,20494.0,74075.0,0.0,0.0,0.0,0.0,0.0,0.0,0.0,0.0,0.0,0.0,0.0,0.0,0.0,0.0,0.0,0.0
"SCOTT, Robert C.",39307,D,VA,House,32,H6VA01117,Yea,Yea,Yea,Yea,,Yea,Yea,Yea,Yea,Yea,Yea,Yea,Nay,Yea,Nay,Yea,Yea,Present,Nay,Yea,Nay,Yea,Yea,Yea,Yea,Nay,Nay,Nay,Yea,,Yea,Yea,Yea,Nay,0.0,0.0,0.0,0.0,0.0,0.0,0.0,0.0,0.0,0.0,0.0,0.0,0.0,0.0,0.0,0.0,0.0,0.0,0.0,0.0,0.0
"SELF, Keith",22364,R,TX,House,25,H2TX03290;H2TX00064,,,,,,,,Yea,Yea,Yea,Yea,Yea,Yea,Yea,Yea,Yea,Yea,Yea,Yea,Yea,Yea,Yea,Yea,Yea,Yea,Yea,Yea,Yea,Yea,,Yea,Not voting,Yea,Yea,0.0,5450.0,31612.0,27211.0,49273.0,0.0,0.0,0.0,0.0,0.0,0.0,0.0,0.0,0.0,0.0,0.0,0.0,0.0,0.0,0.0,0.0
"SENSENBRENNER, Frank James, Jr.",14657,R,WI,House,3,H8WI09050,Not voting,Yea,Yea,Nay,,,,,,,,,,,,,,,,,,,,,,,,,,,,,,,0.0,0.0,0.0,0.0,0.0,0.0,0.0,0.0,0.0,0.0,0.0,0.0,0.0,0.0,0.0,0.0,0.0,0.0,0.0,0.0,0.0
"SERRANO, José E.",29134,D,NY,House,3,H0NY18065,Yea,Yea,Yea,Not voting,,,,,,,,,,,,,,,,,,,,,,,,,,,,,,,0.0,0.0,0.0,0.0,0.0,0.0,0.0,0.0,0.0,0.0,0.0,0.0,0.0,0.0,0.0,0.0,0.0,0.0,0.0,0.0,0.0
"SESSIONS, Pete",29759,R,TX,House,25,H2TX03126,,,,,,Yea,Yea,Yea,Yea,Yea,Yea,Not voting,Not voting,Not voting,Yea,Yea,Yea,Yea,Yea,Yea,Yea,Yea,Yea,Yea,Yea,Yea,Yea,Yea,Yea,,Yea,Yea,Yea,Yea,0.0,9400.0,17513.0,10211.0,14224.0,0.0,0.0,0.0,0.0,0.0,0.0,0.0,0.0,0.0,0.0,0.0,0.0,0.0,0.0,0.0,0.0
"SEWELL, Terri",21102,D,AL,House,31,H0AL07086,Yea,Yea,Yea,Yea,,Yea,Yea,Yea,Yea,Yea,Yea,Yea,Nay,Yea,Nay,Yea,Yea,Yea,Nay,Yea,Nay,Yea,Yea,Yea,Yea,Yea,Nay,Not voting,Yea,,Yea,Yea,Yea,Nay,0.0,20950.0,51953.0,0.0,47453.0,0.0,0.0,0.0,0.0,0.0,0.0,0.0,0.0,0.0,0.0,0.0,0.0,0.0,0.0,0.0,0.0
"SHALALA, Donna",21963,D,FL,House,4,H8FL27193,Yea,Yea,Yea,Yea,,,,,,,,,,,,,,,,,,,,,,,,,,,,,,,2015.0,0.0,0.0,0.0,0.0,0.0,0.0,14675.0,0.0,0.0,0.0,14675.0,0.0,0.0,0.0,0.0,0.0,0.0,0.0,0.0,0.0
"SHERMAN, Brad",29707,D,CA,House,32,H6CA24113,Yea,Yea,Yea,Yea,,Yea,Yea,Yea,Yea,Yea,Yea,Yea,Nay,Yea,Nay,Yea,Yea,Yea,Yea,Yea,Yea,Yea,Yea,Yea,Yea,Yea,Nay,Nay,Yea,,Yea,Yea,Yea,Yea,29118.0,89120.0,202045.0,595009.0,874892.0,0.0,0.0,0.0,0.0,0.0,0.0,0.0,0.0,0.0,0.0,0.0,0.0,0.0,0.0,0.0,0.0
"SHERRILL, Mikie",21964,D,NJ,House,28,H8NJ11142,Yea,Yea,Yea,Yea,,Yea,Yea,Yea,Yea,Yea,Yea,Yea,Nay,Yea,Nay,Yea,Yea,Present,Yea,Yea,Nay,Yea,Yea,Yea,Yea,Yea,Nay,Nay,Not voting,,Yea,Not voting,,,15000.0,32300.0,13303.0,0.0,37703.0,0.0,0.0,0.0,0.0,0.0,0.0,0.0,0.0,0.0,0.0,0.0,0.0,0.0,0.0,0.0,0.0
"SHIMKUS, John M.",29718,R,IL,House,3,H2IL20042,Yea,Yea,Yea,Not voting,,,,,,,,,,,,,,,,,,,,,,,,,,,,,,,0.0,0.0,0.0,0.0,0.0,0.0,0.0,0.0,0.0,0.0,0.0,0.0,0.0,0.0,0.0,0.0,0.0,0.0,0.0,0.0,0.0
"SHREVE, Jefferson",22552,R,IN,House,4,H4IN06185,,,,,,,,,,,,,,,,,,,,,,,,,,,,,,,Yea,Yea,Yea,Yea,0.0,0.0,14050.0,5494.0,9544.0,0.0,0.0,0.0,0.0,0.0,0.0,0.0,0.0,0.0,0.0,0.0,0.0,0.0,0.0,0.0,0.0
"SIMON, Lateefah",22553,D,CA,House,3,H4CA12154,,,,,,,,,,,,,,,,,,,,,,,,,,,,,,,Yea,Not voting,Yea,Nay,0.0,0.0,0.0,0.0,0.0,0.0,0.0,0.0,0.0,2400.0,5850.0,9250.0,0.0,0.0,0.0,0.0,0.0,0.0,0.0,0.0,0.0
"SIMPSON, Michael K.",29910,R,ID,House,32,H8ID02064,Yea,Yea,Yea,Nay,,Yea,Yea,Yea,Yea,Yea,Yea,Yea,Yea,Yea,Yea,Yea,Yea,Yea,Yea,Yea,Yea,Yea,Yea,Yea,Yea,Yea,Yea,Yea,Yea,,Yea,Yea,Yea,Yea,0.0,23650.0,20512.0,19994.0,41256.0,0.0,0.0,0.0,0.0,0.0,0.0,0.0,0.0,0.0,0.0,0.0,0.0,0.0,0.0,0.0,0.0
"SIRES, Albio",20542,D,NJ,House,6,H6NJ13191,Yea,Yea,Yea,Yea,,Yea,Yea,,,,,,,,,,,,,,,,,,,,,,,,,,,,31180.0,0.0,0.0,0.0,31180.0,44140.45,0.0,0.0,0.0,0.0,0.0,0.0,0.0,0.0,0.0,0.0,0.0,0.0,0.0,0.0,0.0
"SLOTKIN, Elissa",21965,D,MI,House,28,H8MI08102;S4MI00470,Yea,Yea,Yea,Yea,,Yea,Yea,Yea,Yea,Yea,Yea,Yea,Nay,Yea,Nay,Yea,Yea,Yea,Yea,Yea,Nay,Yea,Yea,Yea,Yea,Yea,Nay,Nay,Yea,,,,,,2000.0,36300.0,0.0,0.0,34300.0,0.0,0.0,62139.0,75000.0,0.0,0.0,134491.0,0.0,0.0,0.0,0.0,0.0,0.0,0.0,0.0,1337.97
"SMITH, Adam",29768,D,WA,House,31,H6WA09025,Yea,Yea,Yea,Yea,,Yea,Yea,Yea,Yea,Yea,Yea,Yea,Nay,Yea,Nay,Yea,Yea,Yea,Yea,Yea,Nay,Yea,Yea,Yea,Yea,Yea,Nay,Nay,Yea,,Yea,Yea,Yea,Not voting,0.0,18600.0,297969.0,173944.0,467413.0,0.0,0.0,6250.0,5949.0,10450.0,4000.0,8699.0,0.0,0.0,0.0,0.0,0.0,0.0,0.0,0.0,0.0
"SMITH, Adrian",20729,R,NE,House,32,H6NE03115,Yea,Yea,Yea,Nay,,Yea,Yea,Yea,Yea,Yea,Yea,Yea,Yea,Yea,Yea,Yea,Yea,Yea,Yea,Yea,Yea,Yea,Yea,Yea,Yea,Yea,Yea,Yea,Yea,,Yea,Yea,Yea,Yea,0.0,5250.0,21632.0,5495.0,12377.0,0.0,0.0,0.0,0.0,0.0,0.0,0.0,0.0,0.0,0.0,0.0,0.0,0.0,0.0,0.0,0.0
"SMITH, Christopher Henry",14863,R,NJ,House,31,H8NJ04014,Yea,Yea,Yea,Nay,,Yea,Yea,Yea,Yea,Yea,Yea,Yea,Yea,Yea,Yea,Yea,Yea,Not voting,Yea,Yea,Yea,Yea,Yea,Yea,Yea,Yea,Yea,Yea,Yea,,Yea,Yea,Yea,Yea,0.0,23950.0,40588.0,20494.0,41081.0,0.0,0.0,0.0,0.0,0.0,0.0,0.0,0.0,0.0,0.0,0.0,0.0,0.0,0.0,0.0,0.0
"SMITH, Jason",21373,R,MO,House,32,H4MO08162,Yea,Yea,Yea,Nay,,Yea,Yea,Yea,Yea,Yea,Yea,Yea,Yea,Yea,Yea,Yea,Yea,Yea,Yea,Yea,Yea,Yea,Yea,Yea,Yea,Yea,Yea,Yea,Yea,,Yea,Yea,Yea,Yea,0.0,27150.0,59612.0,10994.0,67756.0,0.0,0.0,0.0,0.0,0.0,0.0,0.0,0.0,0.0,0.0,0.0,0.0,0.0,0.0,0.0,0.0
"SMUCKER, Lloyd K.",21745,R,PA,House,31,H6PA16320,Yea,Yea,Yea,Nay,,Yea,Yea,Yea,Yea,Yea,Yea,Yea,Yea,Yea,Yea,Yea,Yea,Yea,Yea,Yea,Yea,Yea,Yea,Yea,Yea,Yea,Yea,Yea,Yea,,Yea,Not voting,Yea,Yea,0.0,18400.0,33462.0,22494.0,46456.0,0.0,0.0,0.0,0.0,0.0,0.0,0.0,0.0,0.0,0.0,0.0,0.0,0.0,0.0,0.0,0.0
"SORENSEN, Eric",22365,D,IL,House,26,H2IL17147,,,,,,,,Yea,Yea,Yea,Yea,Yea,Nay,Yea,Nay,Yea,Yea,Yea,Yea,Yea,Yea,Yea,Yea,Yea,Yea,Yea,Nay,Nay,Yea,,Yea,Yea,Yea,Nay,0.0,2000.0,94627.0,21494.0,101121.0,0.0,0.0,0.0,39137.0,61283.0,46060.0,142799.0,0.0,0.0,0.0,0.0,0.0,0.0,0.0,0.0,0.0
"SOTO, Darren Michael",21746,D,FL,House,32,H6FL09179,Yea,Yea,Yea,Yea,,Yea,Yea,Yea,Yea,Yea,Yea,Yea,Yea,Yea,Yea,Yea,Yea,Yea,Yea,Yea,Yea,Yea,Yea,Yea,Yea,Yea,Yea,Yea,Yea,,Yea,Yea,Yea,Yea,15.0,13800.0,177453.0,280419.0,408382.0,0.0,0.0,0.0,0.0,0.0,0.0,0.0,0.0,0.0,500.0,0.0,0.0,0.0,0.0,0.0,0.0
"SPANBERGER, Abigail",21966,D,VA,House,28,H8VA07094,Yea,Yea,Yea,Yea,,Yea,Yea,Yea,Yea,Yea,Yea,Yea,Nay,Yea,Present,Yea,Yea,Yea,Yea,Yea,Nay,Yea,Yea,Yea,Yea,Yea,Nay,Nay,Yea,,,,,,5000.0,25600.0,40900.0,0.0,55300.0,0.0,0.0,53871.0,49450.0,13410.0,0.0,116716.0,0.0,0.0,0.0,1250.0,0.0,0.0,0.0,0.0,0.0
"SPANO, Ross",21967,R,FL,House,4,H8FL15230,Yea,Yea,Yea,Nay,,,,,,,,,,,,,,,,,,,,,,,,,,,,,,,0.0,0.0,0.0,0.0,0.0,0.0,0.0,0.0,0.0,0.0,0.0,0.0,0.0,0.0,0.0,0.0,0.0,0.0,0.0,0.0,0.0
"SPARTZ, Victoria",22151,R,IN,House,25,H0IN05326,,,,,,Yea,Yea,Yea,Yea,Yea,Yea,Yea,Yea,Yea,Yea,Yea,Yea,Yea,Yea,Yea,Yea,Not voting,Yea,Yea,Yea,Yea,Yea,Yea,Yea,,Yea,Not voting,Yea,Not voting,2500.0,23400.0,33730.0,994.0,38124.0,0.0,0.0,0.0,0.0,0.0,0.0,0.0,0.0,0.0,0.0,0.0,0.0,0.0,0.0,0.0,0.0
"SPEIER, Karen Lorraine Jacqueline (Jackie)",20762,D,CA,House,6,H8CA12171,Yea,Yea,Yea,Yea,,Yea,Yea,,,,,,,,,,,,,,,,,,,,,,,,,,,,0.0,0.0,0.0,0.0,0.0,0.0,0.0,2500.0,3500.0,0.0,0.0,2000.0,0.0,0.0,0.0,0.0,0.0,0.0,0.0,0.0,0.0
"STANSBURY, Melanie Ann",22159,D,NM,House,28,H2NM01144,,,,,,Yea,Yea,Yea,Yea,Yea,Yea,Yea,Nay,Yea,Nay,Yea,Yea,Yea,Yea,Yea,Nay,Yea,Yea,Yea,Yea,Nay,Nay,Nay,Yea,,Yea,Yea,Yea,Nay,0.0,0.0,0.0,0.0,0.0,0.0,0.0,0.0,23217.0,21250.0,3786.0,42753.0,0.0,0.0,0.0,0.0,0.0,0.0,0.0,0.0,0.0
"STANTON, Greg",21968,D,AZ,House,32,H8AZ09040,Yea,Yea,Yea,Yea,,Yea,Yea,Yea,Yea,Yea,Yea,Yea,Nay,Yea,Nay,Yea,Yea,Yea,Yea,Yea,Yea,Yea,Yea,Yea,Yea,Yea,Nay,Nay,Yea,,Yea,Yea,Yea,Nay,0.0,49900.0,136903.0,91860.0,255663.0,1608.0,0.0,0.0,0.0,0.0,0.0,0.0,0.0,0.0,0.0,0.0,0.0,0.0,0.0,0.0,0.0
"STAUBER, Peter",21969,R,MN,House,32,H8MN08043,Yea,Yea,Yea,Nay,,Yea,Yea,Yea,Yea,Yea,Yea,Yea,Yea,Yea,Yea,Yea,Yea,Yea,Yea,Yea,Yea,Yea,Yea,Yea,Yea,Yea,Yea,Yea,Yea,,Yea,Yea,Yea,Yea,8100.0,13500.0,30032.0,5994.0,37626.0,0.0,0.0,0.0,0.0,0.0,0.0,0.0,0.0,0.0,0.0,0.0,0.0,0.0,0.0,0.0,0.0
"STEEL, Michelle",22152,R,CA,House,22,H0CA48198,,,,,,Yea,Yea,Yea,Yea,Yea,Yea,Yea,Yea,Yea,Yea,Not voting,Not voting,Yea,Yea,Yea,Yea,Yea,Yea,Yea,Yea,Yea,Yea,Yea,Yea,,,,,,28562.0,113665.0,284646.0,0.0,392473.0,0.0,0.0,0.0,0.0,0.0,0.0,0.0,0.0,0.0,0.0,0.0,0.0,0.0,0.0,0.0,0.0
"STEFANIK, Elise M.",21541,R,NY,House,31,H4NY21079,Yea,Yea,Yea,Nay,,Yea,Yea,Yea,Yea,Yea,Yea,Yea,Yea,Yea,Yea,Yea,Yea,Yea,Yea,Yea,Yea,Yea,Yea,Yea,Yea,Yea,Yea,Yea,Yea,,Yea,Yea,Not voting,Yea,45054.0,39200.0,482846.0,78244.0,613794.0,0.0,0.0,0.0,0.0,0.0,0.0,0.0,0.0,0.0,0.0,0.0,0.0,0.0,0.0,0.0,0.0
"STEIL, Bryan",21970,R,WI,House,31,H8WI01156,Yea,Yea,Yea,Nay,,Yea,Yea,Yea,Yea,Yea,Yea,Not voting,Yea,Yea,Yea,Yea,Yea,Yea,Yea,Yea,Yea,Yea,Yea,Yea,Yea,Yea,Yea,Yea,Yea,,Yea,Yea,Yea,Yea,0.0,33900.0,48372.0,36444.0,93716.0,0.0,0.0,0.0,0.0,0.0,0.0,0.0,0.0,0.0,0.0,0.0,0.0,0.0,0.0,0.0,0.0
"STEUBE, W. Greg",21971,R,FL,House,32,H8FL17053,Yea,Nay,Yea,Nay,,Yea,Yea,Yea,Yea,Yea,Yea,Yea,Yea,Yea,Yea,Yea,Yea,Yea,Yea,Yea,Yea,Yea,Yea,Yea,Yea,Yea,Yea,Yea,Yea,,Yea,Yea,Yea,Yea,0.0,35007.0,17788.0,25402.0,53197.0,0.0,0.0,0.0,0.0,0.0,0.0,0.0,0.0,0.0,0.0,0.0,0.0,0.0,0.0,0.0,0.0
"STEVENS, Haley",21972,D,MI,House,32,H8MI11254;S6MI00426,Yea,Yea,Yea,Yea,,Yea,Yea,Yea,Yea,Yea,Yea,Yea,Yea,Yea,Nay,Yea,Yea,Yea,Yea,Yea,Yea,Yea,Yea,Yea,Yea,Yea,Nay,Nay,Yea,,Yea,Yea,Yea,Yea,6301.0,700808.0,99703.0,361629.0,1132341.0,14409780.08,0.0,0.0,0.0,0.0,0.0,0.0,0.0,0.0,0.0,0.0,0.0,0.0,0.0,0.0,0.0
"STEWART, Chris",21367,R,UT,House,6,H2UT02324,Yea,Yea,Not voting,Nay,,Yea,Yea,Not voting,Yea,Not voting,,,,,,,,,,,,,,,,,,,,,,,,,0.0,10000.0,0.0,0.0,0.0,0.0,0.0,0.0,0.0,0.0,0.0,0.0,0.0,0.0,0.0,0.0,0.0,0.0,0.0,0.0,0.0
"STIVERS, Steve",21163,R,OH,House,4,H8OH15076,Yea,Yea,Yea,Nay,,,,,,,,,,,,,,,,,,,,,,,,,,,,,,,0.0,0.0,0.0,0.0,0.0,0.0,0.0,0.0,0.0,0.0,0.0,0.0,0.0,0.0,0.0,0.0,0.0,0.0,0.0,0.0,0.0
"STRICKLAND, Marilyn",22153,D,WA,House,27,H0WA10034,,,,,,Yea,Yea,Yea,Yea,Yea,Yea,Yea,Nay,Yea,Nay,Yea,Yea,Present,Nay,Yea,Nay,Yea,Yea,Yea,Yea,Yea,Nay,Nay,Yea,,Yea,Yea,Yea,Not voting,68300.0,19200.0,144853.0,110270.0,310423.0,0.0,0.0,0.0,0.0,0.0,0.0,0.0,0.0,0.0,0.0,0.0,0.0,0.0,0.0,0.0,0.0
"STRONG, Dale",22366,R,AL,House,26,H2AL05102,,,,,,,,Yea,Yea,Yea,Yea,Yea,Yea,Yea,Yea,Yea,Yea,Yea,Yea,Yea,Yea,Yea,Yea,Yea,Yea,Yea,Yea,Yea,Yea,,Yea,Yea,Yea,Yea,0.0,12000.0,8191.0,5744.0,5935.0,0.0,0.0,0.0,0.0,0.0,0.0,0.0,0.0,0.0,0.0,0.0,0.0,0.0,0.0,0.0,0.0
"STUTZMAN, Marlin",21100,R,IN,House,4,H0IN03198;S0IN00095,,,,,,,,,,,,,,,,,,,,,,,,,,,,,,,Yea,Yea,Yea,Yea,0.0,0.0,13300.0,10500.0,23800.0,0.0,0.0,0.0,0.0,0.0,0.0,0.0,0.0,0.0,0.0,0.0,0.0,0.0,0.0,0.0,0.0
"SUBRAMANYAM, Suhas",22554,D,VA,House,4,H4VA10279,,,,,,,,,,,,,,,,,,,,,,,,,,,,,,,Yea,Yea,Yea,Nay,0.0,0.0,37250.0,-5000.0,32250.0,0.0,0.0,0.0,0.0,0.0,0.0,0.0,0.0,0.0,0.0,0.0,0.0,0.0,0.0,0.0,0.0
"SUOZZI, Thomas",21747,D,NY,House,17,H6NY03247,Yea,Yea,Yea,Yea,,Yea,Yea,,,,,,,,,,,,,,,,Yea,Yea,Yea,Yea,Yea,Nay,Yea,,Yea,Yea,Yea,Yea,5000.0,0.0,136763.0,374869.0,484582.0,43626.0,0.0,0.0,0.0,0.0,0.0,0.0,0.0,0.0,0.0,0.0,0.0,0.0,0.0,0.0,0.0
"SWALWELL, Eric",21306,D,CA,House,27,H2CA15094,Yea,Yea,Yea,Yea,,Yea,Yea,Not voting,Yea,Yea,Yea,Yea,Nay,Yea,Nay,Not voting,Not voting,Yea,Yea,Yea,Nay,Yea,Yea,Yea,Yea,Yea,Nay,Nay,Yea,,Yea,Yea,,,0.0,27900.0,49325.0,14244.0,73569.0,0.0,0.0,5250.0,9350.0,7900.0,2000.0,20500.0,0.0,0.0,0.0,0.0,0.0,0.0,0.0,0.0,0.0
"SYKES, Emilia",22367,D,OH,House,25,H2OH13264,,,,,,,,Yea,Yea,Yea,Yea,Yea,Nay,Yea,Nay,Yea,Yea,Yea,Nay,Yea,Nay,Yea,Yea,Yea,Yea,Not voting,Nay,Nay,Yea,,Yea,Yea,Yea,Nay,0.0,2000.0,106056.0,91722.0,166778.0,1020.0,0.0,0.0,22800.0,88619.0,71929.0,180270.0,0.0,0.0,0.0,0.0,0.0,0.0,0.0,0.0,0.0
"SÁNCHEZ, Linda T.",20310,D,CA,House,31,H2CA39078,Not voting,Yea,Yea,Yea,,Yea,Yea,Yea,Yea,Yea,Yea,Yea,Nay,Yea,Nay,Yea,Yea,Present,Nay,Yea,Nay,Yea,Yea,Yea,Yea,Nay,Nay,Nay,Yea,,Yea,Yea,Yea,Nay,0.0,26400.0,51525.0,0.0,61025.0,0.0,0.0,3000.0,4000.0,6018.0,1000.0,2018.0,0.0,0.0,0.0,0.0,0.0,0.0,0.0,0.0,0.0
"TAKANO, Mark",21312,D,CA,House,31,H2CA43245,Yea,Yea,Yea,Yea,,Yea,Yea,Yea,Yea,Yea,Yea,Nay,Nay,Nay,Nay,Yea,Yea,Present,Nay,Yea,Nay,Yea,Yea,Yea,Nay,Nay,Nay,Not voting,Yea,,Yea,Yea,Yea,Nay,0.0,0.0,0.0,0.0,0.0,0.0,0.0,10500.0,6900.0,16350.0,4000.0,33750.0,0.0,0.0,0.0,0.0,0.0,0.0,0.0,0.0,0.0
"TAYLOR, David J.",22555,R,OH,House,4,H4OH02248,,,,,,,,,,,,,,,,,,,,,,,,,,,,,,,Yea,Yea,Yea,Yea,0.0,0.0,20000.0,32994.0,37994.0,0.0,0.0,0.0,0.0,0.0,0.0,0.0,0.0,0.0,0.0,0.0,0.0,0.0,0.0,0.0,0.0
"TAYLOR, Nicholas",21973,R,TX,House,6,H8TX03123,Yea,Yea,Yea,Nay,,Yea,Yea,,,,,,,,,,,,,,,,,,,,,,,,,,,,0.0,10100.0,0.0,0.0,10100.0,0.0,0.0,0.0,0.0,0.0,0.0,0.0,0.0,0.0,0.0,0.0,0.0,0.0,0.0,0.0,0.0
"TENNEY, Claudia",21749,R,NY,House,28,H4NY22051,,,,,,Yea,Yea,Yea,Yea,Yea,Yea,Yea,Yea,Yea,Yea,Yea,Yea,Yea,Yea,Yea,Yea,Yea,Yea,Yea,Yea,Yea,Yea,Yea,Yea,,Yea,Yea,Yea,Yea,5300.0,28750.0,49281.0,27450.0,83281.0,0.0,0.0,0.0,0.0,0.0,0.0,0.0,0.0,0.0,0.0,0.0,0.0,0.0,0.0,0.0,0.0
"THANEDAR, Shri",22368,D,MI,House,26,H2MI13204,,,,,,,,Yea,Yea,Yea,Yea,Yea,Nay,Yea,Nay,Yea,Yea,Yea,Yea,Yea,Yea,Yea,Yea,Yea,Yea,Yea,Nay,Nay,Yea,,Yea,Yea,Yea,Yea,0.0,0.0,158450.0,494161.0,636611.0,0.0,1428679.18,0.0,0.0,0.0,0.0,0.0,0.0,0.0,0.0,0.0,0.0,0.0,0.0,0.0,443165.48
"THOMPSON, Bennie",29368,D,MS,House,31,H4MS02068,Yea,Yea,Yea,Yea,,Yea,Yea,Yea,Yea,Yea,Yea,Yea,Nay,Yea,Nay,Yea,Yea,Not voting,Nay,Yea,Nay,Yea,Yea,Yea,Nay,Nay,Nay,Nay,Yea,,Yea,Yea,Yea,Nay,0.0,0.0,0.0,0.0,0.0,0.0,0.0,0.0,0.0,0.0,5400.0,400.0,0.0,0.0,0.0,0.0,0.0,0.0,0.0,0.0,0.0
"THOMPSON, Glenn",20946,R,PA,House,31,H8PA05071,Yea,Yea,Yea,Nay,,Yea,Yea,Yea,Yea,Yea,Yea,Yea,Yea,Yea,Yea,Yea,Yea,Yea,Yea,Yea,Yea,Yea,Yea,Yea,Yea,Not voting,Yea,Yea,Yea,,Yea,Yea,Yea,Yea,0.0,7900.0,5512.0,4994.0,506.0,0.0,0.0,0.0,0.0,0.0,0.0,0.0,0.0,0.0,0.0,0.0,0.0,0.0,0.0,0.0,0.0
"THOMPSON, Michael",29901,D,CA,House,32,H8CA01109,Yea,Yea,Yea,Yea,,Yea,Yea,Yea,Yea,Yea,Yea,Yea,Nay,Yea,Nay,Yea,Yea,Yea,Nay,Yea,Nay,Yea,Yea,Yea,Yea,Yea,Nay,Nay,Yea,,Yea,Yea,Yea,Nay,0.0,0.0,0.0,0.0,0.0,0.0,0.0,3000.0,5250.0,5150.0,8000.0,10900.0,0.0,0.0,0.0,0.0,0.0,0.0,0.0,0.0,0.0
"THORNBERRY, William McClellan (Mac)",29572,R,TX,House,4,H4TX13014,Yea,Yea,Yea,Nay,,,,,,,,,,,,,,,,,,,,,,,,,,,,,,,0.0,0.0,0.0,0.0,0.0,0.0,0.0,0.0,0.0,0.0,0.0,0.0,0.0,0.0,0.0,0.0,0.0,0.0,0.0,0.0,0.0
"TIFFANY, Thomas P.",21989,R,WI,House,28,H0WI07101,,,,,,Yea,Yea,Yea,Yea,Yea,Yea,Yea,Yea,Yea,Yea,Yea,Yea,Yea,Yea,Yea,Yea,Yea,Yea,Yea,Nay,Yea,Yea,Yea,Yea,,Yea,Yea,Yea,Yea,0.0,30950.0,9624.0,-5000.0,25574.0,0.0,0.0,0.0,0.0,0.0,0.0,0.0,0.0,0.0,0.0,0.0,0.0,0.0,0.0,0.0,0.0
"TIMMONS, William",21974,R,SC,House,32,H8SC04250,Yea,Yea,Yea,Nay,,Yea,Yea,Yea,Yea,Yea,Yea,Yea,Yea,Yea,Yea,Yea,Yea,Yea,Yea,Yea,Yea,Yea,Yea,Yea,Yea,Yea,Yea,Yea,Yea,,Yea,Yea,Yea,Yea,0.0,21250.0,47409.0,5994.0,47153.0,0.0,0.0,0.0,0.0,0.0,0.0,0.0,0.0,0.0,0.0,0.0,0.0,0.0,0.0,0.0,0.0
"TIPTON, Scott",21111,R,CO,House,4,H6CO03139,Yea,Yea,Yea,Nay,,,,,,,,,,,,,,,,,,,,,,,,,,,,,,,0.0,0.0,0.0,0.0,0.0,0.0,0.0,0.0,0.0,0.0,0.0,0.0,0.0,0.0,0.0,0.0,0.0,0.0,0.0,0.0,0.0
"TITUS, Alice (Dina)",20927,D,NV,House,31,H8NV03036,Yea,Yea,Yea,Yea,,Yea,Yea,Yea,Yea,Yea,Yea,Not voting,Nay,Yea,Nay,Yea,Yea,Yea,Yea,Yea,Nay,Yea,Yea,Yea,Yea,Yea,Nay,Nay,Yea,,Yea,Yea,Yea,Yea,0.0,45884.0,69753.0,41644.0,122381.0,16151.5,0.0,0.0,0.0,0.0,0.0,0.0,0.0,0.0,0.0,0.0,0.0,0.0,0.0,0.0,0.0
"TLAIB, Rashida",21975,D,MI,House,32,H8MI13250,Yea,Yea,Nay,Nay,,Nay,Yea,Nay,Yea,Nay,Nay,Nay,Nay,Nay,Nay,Yea,Present,Nay,Nay,Nay,Nay,Present,Nay,Nay,Nay,Nay,Nay,Nay,Nay,,Yea,Present,Yea,Nay,0.0,0.0,0.0,0.0,0.0,0.0,0.0,0.0,0.0,0.0,0.0,0.0,0.0,0.0,7498.0,12500.0,2500.0,5000.0,0.0,27724.22,0.0
"TOKUDA, Jill",22369,D,HI,House,26,H2HI02581,,,,,,,,Yea,Yea,Yea,Yea,Nay,Nay,Yea,Nay,Yea,Yea,Present,Nay,Yea,Nay,Yea,Nay,Yea,Nay,Nay,Nay,Nay,Yea,,Yea,Yea,Yea,Nay,0.0,14300.0,0.0,0.0,9300.0,0.0,0.0,0.0,0.0,5000.0,1000.0,1000.0,0.0,0.0,0.0,0.0,0.0,0.0,0.0,0.0,0.0
"TONKO, Paul",20934,D,NY,House,32,H8NY21203,Yea,Yea,Yea,Yea,,Yea,Yea,Yea,Yea,Yea,Yea,Yea,Nay,Yea,Nay,Yea,Yea,Present,Nay,Yea,Nay,Yea,Yea,Yea,Yea,Yea,Nay,Nay,Yea,,Yea,Yea,Yea,Nay,0.0,0.0,0.0,0.0,0.0,0.0,0.0,5050.0,10938.0,14740.0,4250.0,30978.0,0.0,0.0,0.0,0.0,0.0,0.0,0.0,0.0,0.0
"TORRES SMALL, Xochitl",21976,D,NM,House,4,H8NM02248,Yea,Yea,Yea,Yea,,,,,,,,,,,,,,,,,,,,,,,,,,,,,,,7500.0,0.0,0.0,0.0,2500.0,0.0,0.0,0.0,0.0,0.0,0.0,0.0,0.0,0.0,0.0,0.0,0.0,0.0,0.0,0.0,0.0
"TORRES, Norma Judith",21508,D,CA,House,32,H4CA35031,Yea,Yea,Yea,Yea,,Yea,Yea,Yea,Yea,Yea,Yea,Yea,Nay,Yea,Nay,Yea,Yea,Yea,Yea,Yea,Yea,Yea,Yea,Yea,Yea,Yea,Nay,Nay,Yea,,Yea,Yea,Yea,Nay,0.0,37250.0,230153.0,181494.0,425997.0,0.0,0.0,0.0,0.0,0.0,0.0,0.0,0.0,0.0,0.0,0.0,0.0,0.0,0.0,0.0,0.0
"TORRES, Ritchie",22154,D,NY,House,28,H0NY15160,,,,,,Yea,Yea,Yea,Yea,Yea,Yea,Yea,Nay,Nay,Yea,Yea,Yea,Yea,Yea,Yea,Yea,Yea,Yea,Yea,Yea,Yea,Yea,Yea,Yea,,Yea,Yea,Yea,Yea,26335.0,258807.0,667384.0,835442.0,1724720.0,54951.75,0.0,0.0,0.0,0.0,0.0,0.0,0.0,0.0,0.0,0.0,0.0,0.0,0.0,0.0,0.0
"TRAHAN, Lori",21977,D,MA,House,30,H8MA03106,Yea,Yea,Yea,Yea,,Yea,Yea,Yea,Yea,Yea,Yea,Yea,Nay,Yea,Nay,Yea,Yea,Present,Nay,Yea,Nay,Yea,Yea,Yea,Yea,Yea,Nay,Nay,Yea,,Not voting,Not voting,Yea,Nay,0.0,10000.0,0.0,0.0,0.0,0.0,0.0,11550.0,7800.0,22499.0,3250.0,40099.0,0.0,0.0,0.0,0.0,0.0,0.0,0.0,0.0,0.0
"TRAN, Derek",22556,D,CA,House,4,H4CA45170,,,,,,,,,,,,,,,,,,,,,,,,,,,,,,,Yea,Yea,Yea,Nay,0.0,0.0,1000.0,0.0,0.0,0.0,0.0,0.0,0.0,89341.0,101315.0,189656.0,0.0,0.0,0.0,0.0,0.0,3500.0,0.0,0.0,0.0
"TRONE, David",21978,D,MD,House,25,H6MD08549,Yea,Yea,Yea,Yea,,Yea,Yea,Yea,Yea,Yea,Yea,Yea,Nay,Yea,Nay,Yea,Yea,Yea,Yea,Yea,Nay,Yea,Yea,Yea,Yea,Not voting,Not voting,Nay,Not voting,,,,,,0.0,45700.0,53850.0,0.0,99550.0,0.0,0.0,0.0,0.0,0.0,0.0,0.0,0.0,0.0,0.0,0.0,0.0,0.0,0.0,0.0,0.0
"TURNER, Michael R.",20342,R,OH,House,32,H2OH03067;H2OH03091,Yea,Yea,Yea,Nay,,Yea,Yea,Yea,Yea,Yea,Yea,Yea,Yea,Yea,Yea,Yea,Yea,Yea,Yea,Yea,Yea,Yea,Yea,Yea,Yea,Yea,Yea,Yea,Yea,,Yea,Yea,Yea,Yea,0.0,31450.0,165412.0,5994.0,184956.0,0.0,0.0,0.0,0.0,0.0,0.0,0.0,0.0,0.0,0.0,0.0,0.0,0.0,0.0,0.0,0.0
"UNDERWOOD, Lauren",21979,D,IL,House,32,H8IL14174,Yea,Yea,Yea,Yea,,Yea,Yea,Yea,Yea,Yea,Yea,Nay,Nay,Nay,Nay,Yea,Yea,Present,Nay,Yea,Nay,Yea,Nay,Yea,Yea,Nay,Nay,Nay,Yea,,Yea,Yea,Yea,Nay,2000.0,0.0,0.0,0.0,0.0,0.0,0.0,0.0,0.0,0.0,0.0,0.0,0.0,0.0,0.0,0.0,0.0,0.0,0.0,0.0,0.0
"UPTON, Frederick Stephen",15446,R,MI,House,6,H6MI04113,Yea,Yea,Yea,Yea,,Yea,Yea,,,,,,,,,,,,,,,,,,,,,,,,,,,,8455.0,276.0,0.0,0.0,8731.0,0.0,0.0,0.0,0.0,0.0,0.0,0.0,0.0,0.0,0.0,0.0,0.0,0.0,0.0,0.0,0.0
"VALADAO, David G.",21307,R,CA,House,28,H2CA20094,,,,,,Yea,Yea,Yea,Yea,Yea,Yea,Yea,Yea,Yea,Yea,Yea,Yea,Yea,Yea,Yea,Yea,Yea,Yea,Yea,Yea,Yea,Yea,Yea,Yea,,Yea,Yea,Yea,Yea,5300.0,43436.0,79336.0,126238.0,208410.0,0.0,0.0,0.0,0.0,0.0,0.0,0.0,0.0,0.0,0.0,0.0,0.0,0.0,0.0,0.0,0.0
"VAN DREW, Jefferson",21980,D,NJ,House,4,H8NJ02166,Yea,Yea,Yea,Yea,,,,,,,,,,,,,,,,,,,,,,,,,,,,,,,5300.0,13700.0,35312.0,33994.0,57906.0,0.0,91858.0,0.0,0.0,0.0,0.0,0.0,0.0,0.0,0.0,0.0,0.0,0.0,0.0,0.0,0.0
"VAN DREW, Jefferson",91980,R,NJ,House,28,H8NJ02166,,,,,,Yea,Yea,Yea,Yea,Yea,Yea,Yea,Yea,Yea,Yea,Yea,Yea,Yea,Yea,Yea,Yea,Yea,Yea,Yea,Yea,Yea,Yea,Yea,Yea,,Yea,Yea,Yea,Yea,5300.0,13700.0,35312.0,33994.0,57906.0,0.0,91858.0,0.0,0.0,0.0,0.0,0.0,0.0,0.0,0.0,0.0,0.0,0.0,0.0,0.0,0.0
"VAN DUYNE, Beth",22155,R,TX,House,27,H0TX24209,,,,,,Yea,Yea,Yea,Yea,Yea,Yea,Not voting,Yea,Yea,Yea,Yea,Yea,Yea,Yea,Yea,Yea,Yea,Yea,Yea,Yea,Yea,Yea,Yea,Yea,,Yea,Yea,Yea,Yea,5300.0,7000.0,45262.0,25211.0,60273.0,0.0,0.0,0.0,0.0,0.0,0.0,0.0,0.0,0.0,0.0,0.0,0.0,0.0,0.0,0.0,0.0
"VAN ORDEN, Derrick",22370,R,WI,House,24,H0WI03175,,,,,,,,Yea,Yea,Yea,Not voting,Yea,Yea,Yea,Yea,Yea,Yea,Yea,Yea,Yea,Yea,Yea,Yea,Yea,Yea,Yea,Yea,Yea,Yea,,Yea,Yea,Not voting,Yea,0.0,13535.0,56473.0,123018.0,164526.0,0.0,0.0,0.0,0.0,0.0,0.0,0.0,0.0,0.0,0.0,0.0,0.0,0.0,0.0,0.0,0.0
"VARGAS, Juan",21314,D,CA,House,32,H2CA50026,Yea,Yea,Yea,Yea,,Yea,Yea,Yea,Yea,Yea,Yea,Yea,Yea,Yea,Nay,Yea,Yea,Yea,Nay,Yea,Yea,Yea,Yea,Yea,Yea,Yea,Nay,Yea,Yea,,Yea,Yea,Yea,Yea,7718.0,57626.0,137475.0,80794.0,252713.0,0.0,0.0,0.0,0.0,0.0,0.0,0.0,0.0,0.0,0.0,0.0,0.0,0.0,0.0,0.0,0.0
"VASQUEZ, Gabriel",22371,D,NM,House,26,H2NM02191,,,,,,,,Yea,Yea,Yea,Yea,Yea,Nay,Yea,Nay,Yea,Yea,Present,Yea,Yea,Nay,Yea,Yea,Yea,Yea,Yea,Nay,Nay,Yea,,Yea,Yea,Yea,Nay,0.0,3000.0,0.0,0.0,0.0,0.0,0.0,0.0,9060.0,130742.0,83943.0,220220.0,0.0,0.0,0.0,0.0,0.0,0.0,0.0,0.0,0.0
"VEASEY, Marc",21365,D,TX,House,30,H2TX33073,Yea,Yea,Yea,Yea,,Yea,Yea,Yea,Yea,Yea,Yea,Yea,Nay,Yea,Nay,Not voting,Not voting,Yea,Nay,Yea,Nay,Yea,Yea,Yea,Yea,Yea,Nay,Nay,Yea,,Yea,Yea,Yea,Nay,0.0,30900.0,65381.0,8783.0,90064.0,0.0,0.0,0.0,0.0,0.0,0.0,0.0,0.0,0.0,0.0,0.0,0.0,0.0,0.0,0.0,0.0
"VELA, Filemon",21366,D,TX,House,5,H2TX27190,Yea,Yea,Yea,Yea,,Yea,,,,,,,,,,,,,,,,,,,,,,,,,,,,,0.0,0.0,0.0,0.0,0.0,0.0,0.0,0.0,0.0,0.0,0.0,0.0,0.0,0.0,0.0,0.0,0.0,0.0,0.0,0.0,0.0
"VELÁZQUEZ, Nydia M.",29378,D,NY,House,31,H2NY00010,Yea,Yea,Yea,Yea,,Yea,Yea,Nay,Yea,Yea,Present,Nay,Nay,Nay,Nay,Yea,Yea,Present,Nay,Yea,Nay,Yea,Nay,Yea,Nay,Nay,Nay,Nay,Yea,,Yea,Yea,Yea,Not voting,0.0,0.0,0.0,0.0,0.0,0.0,0.0,14460.0,12988.0,11140.0,15127.0,51715.0,0.0,0.0,0.0,0.0,0.0,0.0,0.0,0.0,0.0
"VINDMAN, Eugene Simon",22558,D,VA,House,4,H4VA07234,,,,,,,,,,,,,,,,,,,,,,,,,,,,,,,Yea,Yea,Yea,Yea,0.0,0.0,0.0,0.0,0.0,0.0,0.0,0.0,0.0,0.0,0.0,0.0,0.0,0.0,0.0,0.0,0.0,0.0,0.0,0.0,0.0
"VISCLOSKY, Peter",15124,D,IN,House,4,H4IN01012,Yea,Yea,Yea,Yea,,,,,,,,,,,,,,,,,,,,,,,,,,,,,,,0.0,0.0,0.0,0.0,0.0,0.0,0.0,0.0,0.0,0.0,0.0,0.0,0.0,0.0,0.0,0.0,0.0,0.0,0.0,0.0,0.0
"WAGNER, Ann",21337,R,MO,House,30,H2MO02102,Not voting,Yea,Yea,Nay,,Yea,Yea,Yea,Yea,Yea,Yea,Yea,Yea,Yea,Yea,Yea,Yea,Not voting,Yea,Yea,Yea,Yea,Yea,Yea,Yea,Yea,Yea,Yea,Yea,,Yea,Yea,Yea,Yea,5000.0,28950.0,78161.0,152194.0,240105.0,0.0,0.0,0.0,0.0,0.0,0.0,0.0,0.0,0.0,0.0,0.0,0.0,0.0,0.0,0.0,0.0
"WALBERG, Tim",20725,R,MI,House,32,H4MI07103,Yea,Yea,Yea,Nay,,Yea,Yea,Yea,Yea,Yea,Yea,Yea,Yea,Yea,Yea,Yea,Yea,Yea,Yea,Yea,Yea,Yea,Yea,Yea,Yea,Yea,Yea,Yea,Yea,,Yea,Yea,Yea,Yea,0.0,25000.0,34562.0,82694.0,117256.0,0.0,0.0,0.0,0.0,0.0,0.0,0.0,0.0,0.0,0.0,0.0,0.0,0.0,0.0,0.0,0.0
"WALDEN, Greg",29932,R,OR,House,4,H6OR02116,Yea,Yea,Yea,Nay,,,,,,,,,,,,,,,,,,,,,,,,,,,,,,,0.0,0.0,0.0,0.0,0.0,0.0,0.0,0.0,0.0,0.0,0.0,0.0,0.0,0.0,0.0,0.0,0.0,0.0,0.0,0.0,0.0
"WALKER, Bradley Mark",21543,R,NC,House,4,H4NC06052,Yea,Nay,Yea,Nay,,,,,,,,,,,,,,,,,,,,,,,,,,,,,,,0.0,0.0,0.0,0.0,0.0,0.0,0.0,0.0,0.0,0.0,0.0,0.0,0.0,0.0,0.0,0.0,0.0,0.0,0.0,0.0,0.0
"WALORSKI, Jackie",21330,R,IN,House,6,H0IN02190,Yea,Yea,Yea,Nay,,Yea,Yea,,,,,,,,,,,,,,,,,,,,,,,,,,,,0.0,25500.0,0.0,0.0,25500.0,0.0,0.0,0.0,0.0,0.0,0.0,0.0,0.0,0.0,0.0,0.0,0.0,0.0,0.0,0.0,0.0
"WALTZ, Michael",21981,R,FL,House,27,H8FL06148,Yea,Yea,Yea,Nay,,Yea,Yea,Yea,Yea,Yea,Yea,Yea,Yea,Yea,Yea,Yea,Yea,Yea,Yea,Yea,Yea,Yea,Yea,Yea,Yea,Yea,Yea,Yea,Not voting,,,,,,0.0,34583.0,111147.0,0.0,129030.0,0.0,0.0,0.0,0.0,0.0,0.0,0.0,0.0,0.0,0.0,0.0,0.0,0.0,0.0,0.0,0.0
"WASSERMAN SCHULTZ, Debbie",20504,D,FL,House,32,H4FL20023,Yea,Yea,Yea,Yea,,Yea,Yea,Yea,Yea,Yea,Yea,Yea,Yea,Yea,Yea,Yea,Yea,Yea,Yea,Yea,Yea,Yea,Yea,Yea,Yea,Yea,Nay,Nay,Yea,,Yea,Yea,Yea,Yea,2015.0,87736.0,506012.0,840654.0,1396402.0,0.0,0.0,1000.0,0.0,0.0,0.0,1000.0,0.0,0.0,0.0,0.0,0.0,225.0,225.0,0.0,0.0
"WATERS, Maxine",29106,D,CA,House,32,H4CA23011,Yea,Yea,Yea,Yea,,Yea,Yea,Yea,Yea,Yea,Yea,Nay,Nay,Nay,Nay,Yea,Yea,Present,Nay,Yea,Nay,Yea,Nay,Yea,Nay,Nay,Nay,Nay,Yea,,Yea,Yea,Yea,Nay,0.0,0.0,0.0,0.0,0.0,0.0,0.0,0.0,0.0,0.0,0.0,0.0,0.0,0.0,0.0,0.0,0.0,0.0,0.0,0.0,0.0
"WATKINS, Steve",21982,R,KS,House,4,H8KS02199,Yea,Yea,Yea,Yea,,,,,,,,,,,,,,,,,,,,,,,,,,,,,,,0.0,0.0,0.0,0.0,0.0,0.0,0.0,0.0,0.0,0.0,0.0,0.0,0.0,0.0,0.0,0.0,0.0,0.0,0.0,0.0,0.0
"WATSON COLEMAN, Bonnie",21538,D,NJ,House,31,H4NJ12149,Yea,Yea,Nay,Yea,,Yea,Yea,Not voting,Yea,Yea,Yea,Yea,Nay,Nay,Nay,Yea,Yea,Nay,Nay,Yea,Nay,Yea,Nay,Yea,Nay,Nay,Nay,Nay,Yea,,Yea,Yea,Yea,Nay,0.0,0.0,0.0,0.0,0.0,0.0,0.0,4500.0,10250.0,16950.0,2000.0,22200.0,0.0,0.0,0.0,0.0,0.0,0.0,0.0,0.0,0.0
"WEBER, Randy",21360,R,TX,House,30,H2TX14149,Yea,Yea,Yea,Nay,,Yea,Yea,Yea,Yea,Yea,Yea,Yea,Yea,Yea,Yea,Not voting,Not voting,Yea,Yea,Yea,Yea,Yea,Yea,Yea,Yea,Yea,Yea,Yea,Yea,,Yea,Yea,Yea,Yea,0.0,30500.0,35184.0,39012.0,79196.0,0.0,0.0,0.0,0.0,0.0,0.0,0.0,0.0,0.0,0.0,0.0,0.0,0.0,0.0,0.0,0.0
"WEBSTER, Daniel A.",21116,R,FL,House,31,H0FL08208;S4FL00256,Yea,Yea,Yea,Nay,,Yea,Yea,Yea,Yea,Yea,Yea,Yea,Yea,Yea,Not voting,Yea,Yea,Yea,Yea,Yea,Yea,Yea,Yea,Yea,Yea,Yea,Yea,Yea,Yea,,Yea,Yea,Yea,Yea,0.0,10000.0,49062.0,18544.0,52606.0,0.0,0.0,0.0,0.0,0.0,0.0,0.0,0.0,0.0,0.0,0.0,0.0,0.0,0.0,0.0,0.0
"WELCH, Peter",20750,D,VT,House+Senate,7,H6VT00160;H8VT00034;S2VT00235,Yea,Yea,Yea,Yea,,Yea,Yea,,,,,,,,,,,,,,,,,,,,,,,Yea,,,,,0.0,0.0,0.0,0.0,0.0,0.0,0.0,5800.0,62675.0,9900.0,0.0,73875.0,0.0,0.0,0.0,0.0,0.0,0.0,0.0,0.0,0.0
"WENSTRUP, Brad",21351,R,OH,House,28,H2OH02085,Yea,Yea,Yea,Nay,,Yea,Yea,Yea,Yea,Yea,Yea,Yea,Yea,Yea,Yea,Yea,Yea,Yea,Yea,Yea,Yea,Yea,Yea,Yea,Yea,Yea,Yea,Yea,Yea,,,,,,0.0,20000.0,37300.0,0.0,42300.0,0.0,0.0,0.0,0.0,0.0,0.0,0.0,0.0,0.0,0.0,0.0,0.0,0.0,0.0,0.0,0.0
"WESTERMAN, Bruce",21563,R,AR,House,32,H4AR04048,Yea,Yea,Yea,Nay,,Yea,Yea,Yea,Yea,Yea,Yea,Yea,Yea,Yea,Yea,Yea,Yea,Yea,Yea,Yea,Yea,Yea,Yea,Yea,Yea,Yea,Yea,Yea,Yea,,Yea,Yea,Yea,Yea,0.0,21243.0,26653.0,28497.0,48493.0,0.0,0.0,0.0,0.0,0.0,0.0,0.0,0.0,0.0,0.0,0.0,0.0,0.0,0.0,0.0,0.0
"WEXTON, Jennifer",21983,D,VA,House,21,H8VA10106,Yea,Yea,Yea,Yea,,Yea,Yea,Yea,Yea,Yea,Yea,Not voting,Not voting,Not voting,Nay,Yea,Yea,Not voting,Nay,Not voting,Nay,Yea,Yea,Yea,Yea,Nay,Not voting,Nay,Not voting,,,,,,2000.0,0.0,0.0,0.0,0.0,0.0,0.0,18350.0,34792.0,12460.0,0.0,60602.0,0.0,0.0,0.0,0.0,0.0,0.0,0.0,0.0,0.0
"WHITESIDES, George",22559,D,CA,House,4,H4CA27111,,,,,,,,,,,,,,,,,,,,,,,,,,,,,,,Yea,Yea,Yea,Nay,0.0,0.0,1000.0,34500.0,34500.0,0.0,0.0,0.0,0.0,0.0,0.0,0.0,0.0,0.0,0.0,0.0,0.0,0.0,0.0,0.0,0.0
"WIED, Tony",22383,R,WI,House,5,H4WI08119,,,,,,,,,,,,,,,,,,,,,,,,,,,,,Yea,,Yea,Yea,Yea,Yea,0.0,0.0,12000.0,0.0,2000.0,0.0,0.0,0.0,0.0,0.0,0.0,0.0,0.0,0.0,0.0,0.0,0.0,0.0,0.0,0.0,0.0
"WILD, Susan",21763,D,PA,House,28,H8PA15229,Yea,Yea,Yea,Yea,,Yea,Yea,Yea,Yea,Yea,Yea,Yea,Nay,Yea,Present,Yea,Yea,Present,Yea,Yea,Nay,Yea,Yea,Yea,Yea,Yea,Nay,Nay,Yea,,,,,,2340.0,47603.0,30203.0,0.0,79046.0,0.0,0.0,0.0,0.0,222423.0,0.0,218646.0,0.0,0.0,5000.0,0.0,0.0,0.0,0.0,0.0,0.0
"WILLIAMS, Brandon",22372,R,NY,House,21,H2NY22212,,,,,,,,Yea,Yea,Yea,Yea,Yea,Yea,Yea,Yea,Yea,Yea,Yea,Yea,Yea,Yea,Yea,Yea,Yea,Not voting,Yea,Yea,Yea,Yea,,,,,,0.0,7500.0,97854.0,0.0,84804.0,0.0,0.0,0.0,0.0,0.0,0.0,0.0,0.0,0.0,0.0,0.0,0.0,0.0,0.0,0.0,0.0
"WILLIAMS, Nikema",22156,D,GA,House,28,H0GA05301,,,,,,Yea,Yea,Yea,Yea,Yea,Yea,Yea,Nay,Yea,Nay,Yea,Yea,Present,Nay,Yea,Nay,Yea,Yea,Yea,Yea,Nay,Nay,Nay,Yea,,Yea,Yea,Yea,Nay,0.0,24200.0,91143.0,5994.0,98437.0,0.0,0.0,0.0,0.0,0.0,2100.0,2100.0,0.0,0.0,0.0,0.0,0.0,0.0,0.0,0.0,0.0
"WILLIAMS, Roger",21364,R,TX,House,30,H2TX33040;S2TX00270,Yea,Yea,Yea,Nay,,Yea,Yea,Not voting,Yea,Yea,Yea,Yea,Yea,Yea,Yea,Yea,Yea,Yea,Yea,Yea,Yea,Not voting,Yea,Yea,Yea,Yea,Yea,Yea,Yea,,Yea,Yea,Yea,Yea,0.0,15000.0,12262.0,5211.0,10373.0,0.0,0.0,0.0,0.0,0.0,0.0,0.0,0.0,0.0,0.0,0.0,0.0,0.0,0.0,0.0,0.0
"WILSON, Frederica",21118,D,FL,House,28,H0FL17068,Yea,Yea,Not voting,Yea,,Yea,Yea,Yea,Yea,Yea,Yea,Nay,Yea,Yea,Yea,Yea,Yea,Yea,Nay,Yea,Yea,Yea,Not voting,Yea,Yea,Yea,Not voting,Nay,Yea,,Yea,Yea,Not voting,Nay,0.0,10500.0,22853.0,-6.0,18347.0,0.0,0.0,0.0,0.0,0.0,0.0,0.0,0.0,0.0,0.0,0.0,0.0,0.0,0.0,0.0,0.0
"WILSON, Joe",20138,R,SC,House,31,H2SC02059,Yea,Yea,Yea,Nay,,Yea,Yea,Yea,Yea,Yea,Yea,Yea,Yea,Yea,Yea,Yea,Yea,Yea,Yea,Yea,Yea,Yea,Yea,Yea,Yea,Yea,Yea,Yea,Yea,,Yea,Yea,Yea,Not voting,33147.0,30450.0,113287.0,121144.0,269128.0,0.0,0.0,0.0,0.0,0.0,0.0,0.0,0.0,0.0,0.0,0.0,0.0,0.0,0.0,0.0,0.0
"WITTMAN, Robert J.",20756,R,VA,House,31,H8VA01147,Yea,Yea,Yea,Nay,,Yea,Yea,Yea,Yea,Yea,Yea,Yea,Yea,Yea,Yea,Yea,Yea,Yea,Yea,Yea,Yea,Yea,Yea,Yea,Yea,Yea,Yea,Yea,Yea,,Not voting,Yea,Yea,Yea,15750.0,29500.0,35063.0,38994.0,88307.0,0.0,0.0,0.0,0.0,0.0,0.0,0.0,0.0,0.0,0.0,0.0,0.0,0.0,0.0,0.0,0.0
"WOMACK, Steve",21108,R,AR,House,32,H0AR03055,Yea,Yea,Yea,Nay,,Yea,Yea,Yea,Yea,Yea,Yea,Yea,Yea,Yea,Yea,Yea,Yea,Yea,Yea,Yea,Yea,Yea,Yea,Yea,Yea,Yea,Yea,Yea,Yea,,Yea,Yea,Yea,Yea,0.0,30900.0,100210.0,26444.0,129654.0,0.0,0.0,0.0,0.0,0.0,0.0,0.0,0.0,0.0,0.0,0.0,0.0,0.0,0.0,0.0,0.0
"WOODALL, Rob",21122,R,GA,House,4,H0GA07133,Yea,Yea,Yea,Nay,,,,,,,,,,,,,,,,,,,,,,,,,,,,,,,0.0,0.0,0.0,0.0,0.0,0.0,0.0,0.0,0.0,0.0,0.0,0.0,0.0,0.0,0.0,0.0,0.0,0.0,0.0,0.0,0.0
"WRIGHT, Ron",21984,R,TX,House,4,H8TX06233,Yea,Yea,Yea,Nay,,,,,,,,,,,,,,,,,,,,,,,,,,,,,,,0.0,0.0,0.0,0.0,0.0,0.0,0.0,0.0,0.0,0.0,0.0,0.0,0.0,0.0,0.0,0.0,0.0,0.0,0.0,0.0,0.0
"YAKYM, Rudy, III",22171,R,IN,House,26,H2IN02295,,,,,,,,Yea,Yea,Yea,Yea,Yea,Yea,Yea,Yea,Yea,Yea,Yea,Yea,Yea,Yea,Yea,Yea,Yea,Yea,Yea,Yea,Yea,Yea,,Yea,Yea,Yea,Yea,0.0,24750.0,83915.0,103294.0,181959.0,0.0,0.0,0.0,0.0,0.0,0.0,0.0,0.0,0.0,0.0,0.0,0.0,0.0,0.0,0.0,0.0
"YARMUTH, John",20723,D,KY,House,6,H6KY03124,Yea,Yea,Yea,Yea,,Yea,Yea,,,,,,,,,,,,,,,,,,,,,,,,,,,,0.0,0.0,0.0,0.0,0.0,0.0,0.0,5350.0,4500.0,0.0,0.0,2350.0,0.0,0.0,0.0,0.0,0.0,0.0,0.0,0.0,0.0
"YOHO, Ted",21317,R,FL,House,4,H2FL06109,Yea,Nay,Yea,Nay,,,,,,,,,,,,,,,,,,,,,,,,,,,,,,,0.0,0.0,0.0,0.0,0.0,0.0,0.0,0.0,0.0,0.0,0.0,0.0,0.0,0.0,0.0,0.0,0.0,0.0,0.0,0.0,0.0
"YOUNG, Donald Edwin",14066,R,AK,House,5,H6AK00045,Yea,Yea,Yea,Nay,,Yea,,,,,,,,,,,,,,,,,,,,,,,,,,,,,8956.0,0.0,0.0,0.0,6456.0,0.0,0.0,0.0,0.0,0.0,0.0,0.0,0.0,0.0,0.0,0.0,0.0,0.0,0.0,0.0,0.0
"ZELDIN, Lee M",21539,R,NY,House,6,H8NY01148,Yea,Nay,Yea,Nay,,Yea,Yea,,,,,,,,,,,,,,,,,,,,,,,,,,,,254153.0,15000.0,0.0,0.0,233378.0,0.0,0.0,0.0,0.0,0.0,0.0,0.0,0.0,0.0,0.0,0.0,0.0,0.0,0.0,0.0,0.0
"ZINKE, Ryan",21532,R,MT,House,26,H4MT01041,,,,,,,,Yea,Yea,Yea,Yea,Yea,Yea,Yea,Yea,Yea,Yea,Yea,Yea,Yea,Yea,Yea,Yea,Yea,Nay,Yea,Yea,Yea,Nay,,Yea,Yea,Yea,Yea,0.0,500.0,7802.0,0.0,8302.0,0.0,0.0,0.0,0.0,0.0,0.0,0.0,0.0,0.0,0.0,0.0,0.0,0.0,0.0,0.0,0.0
