member,icpsr,fec_candidate_id,cycle,committee_group,committee,amount,kind,n_transactions,source
"ADAMS, Alma",21545,H4NC12100,2020,J Street,JStreetPAC (C00441949),5000.0,direct_contribution,4,FEC pas220
"ADAMS, Alma",21545,H4NC12100,2022,J Street,JStreetPAC (C00441949),3000.0,direct_contribution,3,FEC pas222
"ADAMS, Alma",21545,H4NC12100,2022,J Street,JStreetPAC (C00441949),25.0,earmarked_conduit_indiv,1,"FEC indiv22 (conduit 15E, recipient C00546358)"
"ADAMS, Alma",21545,H4NC12100,2022,pro-Israel,AIPAC PAC (C00797670),7900.0,direct_contribution,4,FEC pas222
"ADAMS, Alma",21545,H4NC12100,2024,J Street,JStreetPAC (C00441949),2000.0,direct_contribution,2,FEC pas224
"ADAMS, Alma",21545,H4NC12100,2024,J Street,JStreetPAC (C00441949),108.0,earmarked_conduit_pas2,1,FEC pas224
"ADERHOLT, Robert",29701,H6AL04098,2022,pro-Israel,AIPAC PAC (C00797670),7900.0,direct_contribution,3,FEC pas222
"ADERHOLT, Robert",29701,H6AL04098,2022,pro-Israel,AIPAC PAC (C00797670),47950.0,earmarked_conduit_indiv,30,"FEC indiv22 (conduit 24T, recipient C00313247)"
"ADERHOLT, Robert",29701,H6AL04098,2022,pro-Israel,AIPAC PAC (C00797670),-100.0,earmarked_conduit_pas2,1,FEC pas222
"ADERHOLT, Robert",29701,H6AL04098,2024,pro-Israel,AIPAC PAC (C00797670),5000.0,direct_contribution,1,FEC pas224
"ADERHOLT, Robert",29701,H6AL04098,2024,pro-Israel,AIPAC PAC (C00797670),15063.0,earmarked_conduit_indiv,16,"FEC indiv24 (conduit 24T, recipient C00313247)"
"ADERHOLT, Robert",29701,H6AL04098,2024,pro-Israel,AIPAC PAC (C00797670),-14254.0,earmarked_conduit_pas2,34,FEC pas224
"ADERHOLT, Robert",29701,H6AL04098,2026,pro-Israel,AIPAC PAC (C00797670),5000.0,direct_contribution,1,FEC pas226
"ADERHOLT, Robert",29701,H6AL04098,2026,pro-Israel,AIPAC PAC (C00797670),2110.0,earmarked_conduit_indiv,5,"FEC indiv26 (conduit 15E, recipient C00313247); FEC indiv26 (conduit 24T, recipient C00313247)"
"ADERHOLT, Robert",29701,H6AL04098,2026,pro-Israel,AIPAC PAC (C00797670),-6.0,earmarked_conduit_pas2,2,FEC pas226
"AGUILAR, Peter Rey",21506,H2CA31125,2020,J Street,JStreetPAC (C00441949),1000.0,direct_contribution,1,FEC pas220
"AGUILAR, Peter Rey",21506,H2CA31125,2020,J Street,JStreetPAC (C00441949),11150.0,earmarked_conduit_indiv,16,"FEC indiv20 (conduit 15E, recipient C00510461); FEC indiv20 (conduit 24T, recipient C00510461)"
"AGUILAR, Peter Rey",21506,H2CA31125,2022,J Street,JStreetPAC (C00441949),2500.0,direct_contribution,2,FEC pas222
"AGUILAR, Peter Rey",21506,H2CA31125,2022,J Street,JStreetPAC (C00441949),13150.0,earmarked_conduit_indiv,11,"FEC indiv22 (conduit 15E, recipient C00510461); FEC indiv22 (conduit 24T, recipient C00510461)"
"AGUILAR, Peter Rey",21506,H2CA31125,2022,pro-Israel,AIPAC PAC (C00797670),7900.0,direct_contribution,3,FEC pas222
"AGUILAR, Peter Rey",21506,H2CA31125,2022,pro-Israel,AIPAC PAC (C00797670),80500.0,earmarked_conduit_indiv,77,"FEC indiv22 (conduit 15E, recipient C00510461); FEC indiv22 (conduit 24T, recipient C00510461)"
"AGUILAR, Peter Rey",21506,H2CA31125,2024,J Street,JStreetPAC (C00441949),2500.0,direct_contribution,1,FEC pas224
"AGUILAR, Peter Rey",21506,H2CA31125,2024,J Street,JStreetPAC (C00441949),34730.0,earmarked_conduit_indiv,37,"FEC indiv24 (conduit 24T, recipient C00510461)"
"AGUILAR, Peter Rey",21506,H2CA31125,2024,J Street,JStreetPAC (C00441949),3700.0,earmarked_conduit_pas2,3,FEC pas224
"AGUILAR, Peter Rey",21506,H2CA31125,2024,pro-Israel,AIPAC PAC (C00797670),5000.0,direct_contribution,1,FEC pas224
"AGUILAR, Peter Rey",21506,H2CA31125,2024,pro-Israel,AIPAC PAC (C00797670),525131.0,earmarked_conduit_indiv,347,"FEC indiv24 (conduit 15E, recipient C00510461); FEC indiv24 (conduit 24T, recipient C00510461)"
"AGUILAR, Peter Rey",21506,H2CA31125,2024,pro-Israel,AIPAC PAC (C00797670),50188.0,earmarked_conduit_pas2,103,FEC pas224
"AGUILAR, Peter Rey",21506,H2CA31125,2024,pro-Israel,DMFI PAC (C00710848),2000.0,direct_contribution,1,FEC pas224
"AGUILAR, Peter Rey",21506,H2CA31125,2026,J Street,JStreetPAC (C00441949),2000.0,earmarked_conduit_indiv,3,"FEC indiv26 (conduit 24T, recipient C00510461)"
"AGUILAR, Peter Rey",21506,H2CA31125,2026,J Street,JStreetPAC (C00441949),1250.0,earmarked_conduit_pas2,2,FEC pas226
"AGUILAR, Peter Rey",21506,H2CA31125,2026,pro-Israel,AIPAC PAC (C00797670),5000.0,direct_contribution,1,FEC pas226
"AGUILAR, Peter Rey",21506,H2CA31125,2026,pro-Israel,AIPAC PAC (C00797670),563286.0,earmarked_conduit_indiv,359,"FEC indiv26 (conduit 15E, recipient C00510461); FEC indiv26 (conduit 24T, recipient C00510461)"
"AGUILAR, Peter Rey",21506,H2CA31125,2026,pro-Israel,AIPAC PAC (C00797670),-6.0,earmarked_conduit_pas2,1,FEC pas226
"AGUILAR, Peter Rey",21506,H2CA31125,2026,pro-Israel,DMFI PAC (C00710848),5000.0,direct_contribution,1,FEC pas226
"ALFORD, Mark",22300,H2MO04207,2022,pro-Israel,AIPAC PAC (C00797670),5000.0,direct_contribution,1,FEC pas222
"ALFORD, Mark",22300,H2MO04207,2022,pro-Israel,AIPAC PAC (C00797670),2500.0,earmarked_conduit_indiv,1,"FEC indiv22 (conduit 24T, recipient C00792598)"
"ALFORD, Mark",22300,H2MO04207,2024,pro-Israel,AIPAC PAC (C00797670),5000.0,direct_contribution,1,FEC pas224
"ALFORD, Mark",22300,H2MO04207,2024,pro-Israel,AIPAC PAC (C00797670),21801.0,earmarked_conduit_indiv,24,"FEC indiv24 (conduit 24T, recipient C00792598)"
"ALFORD, Mark",22300,H2MO04207,2024,pro-Israel,AIPAC PAC (C00797670),509.0,earmarked_conduit_pas2,2,FEC pas224
"ALFORD, Mark",22300,H2MO04207,2026,pro-Israel,AIPAC PAC (C00797670),10000.0,direct_contribution,2,FEC pas226
"ALFORD, Mark",22300,H2MO04207,2026,pro-Israel,AIPAC PAC (C00797670),29911.0,earmarked_conduit_indiv,28,"FEC indiv26 (conduit 15E, recipient C00792598); FEC indiv26 (conduit 24T, recipient C00792598)"
"ALFORD, Mark",22300,H2MO04207,2026,pro-Israel,AIPAC PAC (C00797670),-6.0,earmarked_conduit_pas2,1,FEC pas226
"ALLEN, Rick W.",21516,H2GA12121,2022,pro-Israel,AIPAC PAC (C00797670),10000.0,direct_contribution,3,FEC pas222
"ALLEN, Rick W.",21516,H2GA12121,2022,pro-Israel,Republican Jewish Coalition PAC (C00345132),22.0,earmarked_conduit_indiv,1,"FEC indiv22 (conduit 24T, recipient C00504019)"
"ALLEN, Rick W.",21516,H2GA12121,2024,pro-Israel,AIPAC PAC (C00797670),10000.0,direct_contribution,2,FEC pas224
"ALLEN, Rick W.",21516,H2GA12121,2024,pro-Israel,AIPAC PAC (C00797670),15550.0,earmarked_conduit_indiv,15,"FEC indiv24 (conduit 24T, recipient C00504019)"
"ALLEN, Rick W.",21516,H2GA12121,2024,pro-Israel,AIPAC PAC (C00797670),-13966.0,earmarked_conduit_pas2,30,FEC pas224
"ALLEN, Rick W.",21516,H2GA12121,2026,pro-Israel,AIPAC PAC (C00797670),5000.0,direct_contribution,1,FEC pas226
"ALLEN, Rick W.",21516,H2GA12121,2026,pro-Israel,AIPAC PAC (C00797670),11250.0,earmarked_conduit_indiv,16,"FEC indiv26 (conduit 24T, recipient C00504019)"
"ALLEN, Rick W.",21516,H2GA12121,2026,pro-Israel,AIPAC PAC (C00797670),-6.0,earmarked_conduit_pas2,2,FEC pas226
"ALLRED, Colin",21900,H8TX32098,2020,J Street,JStreetPAC (C00441949),67582.0,earmarked_conduit_indiv,110,"FEC indiv20 (conduit 15E, recipient C00637868); FEC indiv20 (conduit 24T, recipient C00637868)"
"ALLRED, Colin",21900,H8TX32098,2020,J Street,JStreetPAC (C00441949),3350.0,earmarked_conduit_pas2,9,FEC pas220
"ALLRED, Colin",21900,H8TX32098,2020,pro-Israel,DMFI PAC (C00710848),2000.0,direct_contribution,1,FEC pas220
"ALLRED, Colin",21900,H8TX32098,2022,J Street,JStreetPAC (C00441949),20325.0,earmarked_conduit_indiv,39,"FEC indiv22 (conduit 15E, recipient C00637868); FEC indiv22 (conduit 24T, recipient C00637868)"
"ALLRED, Colin",21900,H8TX32098,2022,pro-Israel,AIPAC PAC (C00797670),5000.0,direct_contribution,1,FEC pas222
"ALLRED, Colin",21900,H8TX32098,2022,pro-Israel,AIPAC PAC (C00797670),32900.0,earmarked_conduit_indiv,26,"FEC indiv22 (conduit 15E, recipient C00637868); FEC indiv22 (conduit 24T, recipient C00637868)"
"ALLRED, Colin",21900,H8TX32098,2022,pro-Israel,DMFI PAC (C00710848),2000.0,direct_contribution,1,FEC pas222
"ALLRED, Colin",21900,H8TX32098,2022,pro-Israel,Pro-Israel America PAC (C00699470),6345.0,earmarked_conduit_indiv,16,"FEC indiv22 (conduit 15E, recipient C00637868); FEC indiv22 (conduit 24T, recipient C00637868)"
"ALLRED, Colin",21900,H8TX32098,2024,J Street,JStreetPAC (C00441949),4300.0,earmarked_conduit_indiv,2,"FEC indiv24 (conduit 24T, recipient C00637868)"
"ALLRED, Colin",21900,H8TX32098,2026,J Street,JStreetPAC (C00441949),30450.0,earmarked_conduit_indiv,29,"FEC indiv26 (conduit 24T, recipient C00929844)"
"AMO, Gabe",22375,H4RI01265,2024,J Street,JStreetPAC (C00441949),4000.0,direct_contribution,1,FEC pas224
"AMO, Gabe",22375,H4RI01265,2024,J Street,JStreetPAC (C00441949),1000.0,earmarked_conduit_indiv,1,"FEC indiv24 (conduit 24T, recipient C00838060)"
"AMO, Gabe",22375,H4RI01265,2024,pro-Israel,AIPAC PAC (C00797670),15000.0,direct_contribution,3,FEC pas224
"AMO, Gabe",22375,H4RI01265,2024,pro-Israel,AIPAC PAC (C00797670),57350.0,earmarked_conduit_indiv,49,"FEC indiv24 (conduit 15E, recipient C00838060); FEC indiv24 (conduit 24T, recipient C00838060)"
"AMO, Gabe",22375,H4RI01265,2024,pro-Israel,AIPAC PAC (C00797670),10093.0,earmarked_conduit_pas2,14,FEC pas224
"AMO, Gabe",22375,H4RI01265,2024,pro-Israel,DMFI PAC (C00710848),2800.0,IE_support,2,FEC independent_expenditure_2024.csv
"AMO, Gabe",22375,H4RI01265,2024,pro-Israel,DMFI PAC (C00710848),1000.0,direct_contribution,1,FEC pas224
"AMO, Gabe",22375,H4RI01265,2026,J Street,JStreetPAC (C00441949),1000.0,direct_contribution,1,FEC pas226
"AMO, Gabe",22375,H4RI01265,2026,J Street,JStreetPAC (C00441949),750.0,earmarked_conduit_indiv,2,"FEC indiv26 (conduit 24T, recipient C00838060)"
"AMO, Gabe",22375,H4RI01265,2026,J Street,JStreetPAC (C00441949),600.0,earmarked_conduit_pas2,2,FEC pas226
"AMO, Gabe",22375,H4RI01265,2026,pro-Israel,AIPAC PAC (C00797670),1000.0,direct_contribution,3,FEC pas226
"AMO, Gabe",22375,H4RI01265,2026,pro-Israel,AIPAC PAC (C00797670),10250.0,earmarked_conduit_indiv,7,"FEC indiv26 (conduit 24T, recipient C00838060)"
"AMO, Gabe",22375,H4RI01265,2026,pro-Israel,AIPAC PAC (C00797670),-6.0,earmarked_conduit_pas2,2,FEC pas226
"AMODEI, Mark E.",21196,H2NV02395,2022,pro-Israel,AIPAC PAC (C00797670),7900.0,direct_contribution,2,FEC pas222
"AMODEI, Mark E.",21196,H2NV02395,2024,pro-Israel,AIPAC PAC (C00797670),10000.0,direct_contribution,2,FEC pas224
"AMODEI, Mark E.",21196,H2NV02395,2024,pro-Israel,AIPAC PAC (C00797670),17000.0,earmarked_conduit_indiv,15,"FEC indiv24 (conduit 24T, recipient C00496760)"
"AMODEI, Mark E.",21196,H2NV02395,2024,pro-Israel,AIPAC PAC (C00797670),-12716.0,earmarked_conduit_pas2,31,FEC pas224
"AMODEI, Mark E.",21196,H2NV02395,2026,pro-Israel,AIPAC PAC (C00797670),250.0,earmarked_conduit_indiv,1,"FEC indiv26 (conduit 24T, recipient C00496760)"
"AMODEI, Mark E.",21196,H2NV02395,2026,pro-Israel,AIPAC PAC (C00797670),-6.0,earmarked_conduit_pas2,2,FEC pas226
"ANSARI, Yassamin",22500,H4AZ03109,2024,pro-Israel,DMFI PAC (C00710848),465631.5,IE_support,7,FEC independent_expenditure_2024.csv
"ANSARI, Yassamin",22500,H4AZ03109,2024,pro-Israel,DMFI PAC (C00710848),5000.0,direct_contribution,2,FEC pas224
"ARMSTRONG, Kelly",21901,H8ND00096,2020,pro-Israel,Pro-Israel America PAC (C00699470),8500.0,earmarked_conduit_indiv,14,"FEC indiv20 (conduit 24T, recipient C00670547)"
"ARMSTRONG, Kelly",21901,H8ND00096,2022,pro-Israel,AIPAC PAC (C00797670),7900.0,direct_contribution,2,FEC pas222
"ARMSTRONG, Kelly",21901,H8ND00096,2022,pro-Israel,AIPAC PAC (C00797670),4000.0,earmarked_conduit_indiv,4,"FEC indiv22 (conduit 24T, recipient C00670547)"
"ARMSTRONG, Kelly",21901,H8ND00096,2022,pro-Israel,Republican Jewish Coalition PAC (C00345132),22.0,earmarked_conduit_indiv,1,"FEC indiv22 (conduit 24T, recipient C00670547)"
"ARMSTRONG, Kelly",21901,H8ND00096,2024,pro-Israel,AIPAC PAC (C00797670),-12975.0,earmarked_conduit_pas2,27,FEC pas224
"ARRINGTON, Jodey Cook",21700,H6TX19099,2022,pro-Israel,AIPAC PAC (C00797670),7900.0,direct_contribution,2,FEC pas222
"ARRINGTON, Jodey Cook",21700,H6TX19099,2022,pro-Israel,AIPAC PAC (C00797670),7900.0,earmarked_conduit_indiv,6,"FEC indiv22 (conduit 24T, recipient C00588657)"
"ARRINGTON, Jodey Cook",21700,H6TX19099,2024,pro-Israel,AIPAC PAC (C00797670),10000.0,direct_contribution,2,FEC pas224
"ARRINGTON, Jodey Cook",21700,H6TX19099,2024,pro-Israel,AIPAC PAC (C00797670),13001.0,earmarked_conduit_indiv,14,"FEC indiv24 (conduit 24T, recipient C00588657)"
"ARRINGTON, Jodey Cook",21700,H6TX19099,2024,pro-Israel,AIPAC PAC (C00797670),-11966.0,earmarked_conduit_pas2,28,FEC pas224
"ARRINGTON, Jodey Cook",21700,H6TX19099,2026,pro-Israel,AIPAC PAC (C00797670),2467.0,earmarked_conduit_indiv,3,"FEC indiv26 (conduit 24T, recipient C00588657)"
"ARRINGTON, Jodey Cook",21700,H6TX19099,2026,pro-Israel,AIPAC PAC (C00797670),-6.0,earmarked_conduit_pas2,2,FEC pas226
"AUCHINCLOSS, Jake",22100,H0MA04192,2020,J Street,JStreetPAC (C00441949),1500.0,direct_contribution,1,FEC pas220
"AUCHINCLOSS, Jake",22100,H0MA04192,2020,J Street,JStreetPAC (C00441949),2550.0,earmarked_conduit_indiv,5,"FEC indiv20 (conduit 24T, recipient C00721449)"
"AUCHINCLOSS, Jake",22100,H0MA04192,2020,pro-Israel,DMFI PAC (C00710848),5000.0,direct_contribution,1,FEC pas220
"AUCHINCLOSS, Jake",22100,H0MA04192,2022,pro-Israel,AIPAC PAC (C00797670),10000.0,direct_contribution,3,FEC pas222
"AUCHINCLOSS, Jake",22100,H0MA04192,2022,pro-Israel,AIPAC PAC (C00797670),89600.0,earmarked_conduit_indiv,57,"FEC indiv22 (conduit 15E, recipient C00721449); FEC indiv22 (conduit 24T, recipient C00721449)"
"AUCHINCLOSS, Jake",22100,H0MA04192,2022,pro-Israel,DMFI PAC (C00710848),2000.0,direct_contribution,1,FEC pas222
"AUCHINCLOSS, Jake",22100,H0MA04192,2022,pro-Israel,Pro-Israel America PAC (C00699470),3320.0,earmarked_conduit_indiv,10,"FEC indiv22 (conduit 15E, recipient C00721449); FEC indiv22 (conduit 24T, recipient C00721449)"
"AUCHINCLOSS, Jake",22100,H0MA04192,2024,pro-Israel,AIPAC PAC (C00797670),10000.0,direct_contribution,2,FEC pas224
"AUCHINCLOSS, Jake",22100,H0MA04192,2024,pro-Israel,AIPAC PAC (C00797670),364058.0,earmarked_conduit_indiv,240,"FEC indiv24 (conduit 15E, recipient C00721449); FEC indiv24 (conduit 24T, recipient C00721449)"
"AUCHINCLOSS, Jake",22100,H0MA04192,2024,pro-Israel,AIPAC PAC (C00797670),30327.0,earmarked_conduit_pas2,66,FEC pas224
"AUCHINCLOSS, Jake",22100,H0MA04192,2024,pro-Israel,NORPAC (C00247403),15700.0,direct_contribution,1,FEC pas224
"AUCHINCLOSS, Jake",22100,H0MA04192,2024,pro-Israel,NORPAC (C00247403),10400.0,earmarked_conduit_indiv,4,"FEC indiv24 (conduit 24T, recipient C00721449)"
"AUCHINCLOSS, Jake",22100,H0MA04192,2026,J Street,JStreetPAC (C00441949),5000.0,direct_contribution,1,FEC pas226
"AUCHINCLOSS, Jake",22100,H0MA04192,2026,J Street,JStreetPAC (C00441949),518.0,earmarked_conduit_indiv,2,"FEC indiv26 (conduit 15E, recipient C00721449); FEC indiv26 (conduit 24T, recipient C00721449)"
"AUCHINCLOSS, Jake",22100,H0MA04192,2026,pro-Israel,AIPAC PAC (C00797670),10000.0,direct_contribution,2,FEC pas226
"AUCHINCLOSS, Jake",22100,H0MA04192,2026,pro-Israel,AIPAC PAC (C00797670),406902.0,earmarked_conduit_indiv,278,"FEC indiv26 (conduit 15E, recipient C00721449); FEC indiv26 (conduit 24T, recipient C00721449)"
"AUCHINCLOSS, Jake",22100,H0MA04192,2026,pro-Israel,AIPAC PAC (C00797670),-6.0,earmarked_conduit_pas2,1,FEC pas226
"AXNE, Cynthia",21902,H8IA03124,2020,J Street,JStreetPAC (C00441949),80676.0,earmarked_conduit_indiv,97,"FEC indiv20 (conduit 15E, recipient C00646844); FEC indiv20 (conduit 24T, recipient C00646844)"
"AXNE, Cynthia",21902,H8IA03124,2020,J Street,JStreetPAC (C00441949),4690.0,earmarked_conduit_pas2,5,FEC pas220
"AXNE, Cynthia",21902,H8IA03124,2020,pro-Israel,DMFI PAC (C00710848),2000.0,direct_contribution,1,FEC pas220
"AXNE, Cynthia",21902,H8IA03124,2022,J Street,JStreetPAC (C00441949),1000.0,direct_contribution,1,FEC pas222
"AXNE, Cynthia",21902,H8IA03124,2022,J Street,JStreetPAC (C00441949),86332.0,earmarked_conduit_indiv,112,"FEC indiv22 (conduit 15E, recipient C00646844); FEC indiv22 (conduit 24T, recipient C00646844)"
"AXNE, Cynthia",21902,H8IA03124,2022,pro-Israel,AIPAC PAC (C00797670),7900.0,direct_contribution,2,FEC pas222
"AXNE, Cynthia",21902,H8IA03124,2022,pro-Israel,AIPAC PAC (C00797670),15400.0,earmarked_conduit_indiv,9,"FEC indiv22 (conduit 15E, recipient C00646844); FEC indiv22 (conduit 24T, recipient C00646844)"
"AXNE, Cynthia",21902,H8IA03124,2022,pro-Israel,DMFI PAC (C00710848),4000.0,direct_contribution,2,FEC pas222
"BABIN, Brian",21551,H6TX02079,2022,pro-Israel,AIPAC PAC (C00797670),7900.0,direct_contribution,2,FEC pas222
"BABIN, Brian",21551,H6TX02079,2022,pro-Israel,AIPAC PAC (C00797670),4000.0,earmarked_conduit_indiv,5,"FEC indiv22 (conduit 24T, recipient C00553859)"
"BABIN, Brian",21551,H6TX02079,2022,pro-Israel,AIPAC PAC (C00797670),500.0,earmarked_conduit_pas2,1,FEC pas222
"BABIN, Brian",21551,H6TX02079,2024,pro-Israel,AIPAC PAC (C00797670),10000.0,direct_contribution,5,FEC pas224
"BABIN, Brian",21551,H6TX02079,2024,pro-Israel,AIPAC PAC (C00797670),-10966.0,earmarked_conduit_pas2,26,FEC pas224
"BABIN, Brian",21551,H6TX02079,2026,pro-Israel,AIPAC PAC (C00797670),5000.0,direct_contribution,1,FEC pas226
"BABIN, Brian",21551,H6TX02079,2026,pro-Israel,AIPAC PAC (C00797670),11217.0,earmarked_conduit_indiv,18,"FEC indiv26 (conduit 24T, recipient C00553859)"
"BABIN, Brian",21551,H6TX02079,2026,pro-Israel,AIPAC PAC (C00797670),-6.0,earmarked_conduit_pas2,2,FEC pas226
"BACON, Donald J.",21701,H6NE02125,2020,pro-Israel,NORPAC (C00247403),4000.0,direct_contribution,3,FEC pas220
"BACON, Donald J.",21701,H6NE02125,2020,pro-Israel,NORPAC (C00247403),13000.0,earmarked_conduit_indiv,11,"FEC indiv20 (conduit 24T, recipient C00575167)"
"BACON, Donald J.",21701,H6NE02125,2020,pro-Israel,Pro-Israel America PAC (C00699470),5000.0,direct_contribution,1,FEC pas220
"BACON, Donald J.",21701,H6NE02125,2020,pro-Israel,Pro-Israel America PAC (C00699470),118630.0,earmarked_conduit_indiv,301,"FEC indiv20 (conduit 15E, recipient C00575167); FEC indiv20 (conduit 24T, recipient C00575167)"
"BACON, Donald J.",21701,H6NE02125,2020,pro-Israel,Republican Jewish Coalition PAC (C00345132),5000.0,direct_contribution,2,FEC pas220
"BACON, Donald J.",21701,H6NE02125,2020,pro-Israel,Republican Jewish Coalition PAC (C00345132),14014.0,earmarked_conduit_indiv,135,"FEC indiv20 (conduit 24T, recipient C00575167)"
"BACON, Donald J.",21701,H6NE02125,2022,pro-Israel,AIPAC PAC (C00797670),2100.0,direct_contribution,1,FEC pas222
"BACON, Donald J.",21701,H6NE02125,2022,pro-Israel,AIPAC PAC (C00797670),144723.0,earmarked_conduit_indiv,161,"FEC indiv22 (conduit 15E, recipient C00575167); FEC indiv22 (conduit 24T, recipient C00575167)"
"BACON, Donald J.",21701,H6NE02125,2022,pro-Israel,NORPAC (C00247403),13500.0,earmarked_conduit_indiv,14,"FEC indiv22 (conduit 24T, recipient C00575167)"
"BACON, Donald J.",21701,H6NE02125,2022,pro-Israel,Pro-Israel America PAC (C00699470),5000.0,direct_contribution,1,FEC pas222
"BACON, Donald J.",21701,H6NE02125,2022,pro-Israel,Pro-Israel America PAC (C00699470),24917.0,earmarked_conduit_indiv,109,"FEC indiv22 (conduit 15E, recipient C00575167); FEC indiv22 (conduit 24T, recipient C00575167)"
"BACON, Donald J.",21701,H6NE02125,2022,pro-Israel,Pro-Israel America PAC (C00699470),833.0,earmarked_conduit_pas2,9,FEC pas222
"BACON, Donald J.",21701,H6NE02125,2022,pro-Israel,Republican Jewish Coalition PAC (C00345132),5000.0,direct_contribution,2,FEC pas222
"BACON, Donald J.",21701,H6NE02125,2022,pro-Israel,Republican Jewish Coalition PAC (C00345132),13132.0,earmarked_conduit_indiv,45,"FEC indiv22 (conduit 24T, recipient C00575167)"
"BACON, Donald J.",21701,H6NE02125,2024,pro-Israel,AIPAC PAC (C00797670),10000.0,direct_contribution,2,FEC pas224
"BACON, Donald J.",21701,H6NE02125,2024,pro-Israel,AIPAC PAC (C00797670),663957.0,earmarked_conduit_indiv,532,"FEC indiv24 (conduit 15E, recipient C00575167); FEC indiv24 (conduit 24T, recipient C00575167)"
"BACON, Donald J.",21701,H6NE02125,2024,pro-Israel,AIPAC PAC (C00797670),16921.0,earmarked_conduit_pas2,51,FEC pas224
"BACON, Donald J.",21701,H6NE02125,2024,pro-Israel,NORPAC (C00247403),16750.0,direct_contribution,1,FEC pas224
"BACON, Donald J.",21701,H6NE02125,2024,pro-Israel,NORPAC (C00247403),3250.0,earmarked_conduit_indiv,3,"FEC indiv24 (conduit 24T, recipient C00575167)"
"BACON, Donald J.",21701,H6NE02125,2024,pro-Israel,Republican Jewish Coalition PAC (C00345132),9500.0,direct_contribution,3,FEC pas224
"BACON, Donald J.",21701,H6NE02125,2024,pro-Israel,Republican Jewish Coalition PAC (C00345132),5518.0,earmarked_conduit_indiv,21,"FEC indiv24 (conduit 24T, recipient C00575167)"
"BACON, Donald J.",21701,H6NE02125,2024,pro-Israel,Republican Jewish Coalition PAC (C00345132),3055.0,earmarked_conduit_pas2,18,FEC pas224
"BACON, Donald J.",21701,H6NE02125,2024,suppl: J Street,J Street Action Fund (C00815753),100000.0,IE_oppose,2,FEC independent_expenditure_2024.csv
"BACON, Donald J.",21701,H6NE02125,2026,pro-Israel,Republican Jewish Coalition PAC (C00345132),1000.0,earmarked_conduit_indiv,1,"FEC indiv26 (conduit 24T, recipient C00575167)"
"BAIRD, James",21903,H8IN04199,2022,pro-Israel,AIPAC PAC (C00797670),10000.0,direct_contribution,5,FEC pas222
"BAIRD, James",21903,H8IN04199,2024,pro-Israel,AIPAC PAC (C00797670),5000.0,direct_contribution,1,FEC pas224
"BAIRD, James",21903,H8IN04199,2024,pro-Israel,AIPAC PAC (C00797670),500.0,earmarked_conduit_indiv,1,"FEC indiv24 (conduit 24T, recipient C00662940)"
"BAIRD, James",21903,H8IN04199,2024,pro-Israel,AIPAC PAC (C00797670),-10466.0,earmarked_conduit_pas2,23,FEC pas224
"BAIRD, James",21903,H8IN04199,2026,pro-Israel,AIPAC PAC (C00797670),5000.0,direct_contribution,1,FEC pas226
"BAIRD, James",21903,H8IN04199,2026,pro-Israel,AIPAC PAC (C00797670),500.0,earmarked_conduit_indiv,1,"FEC indiv26 (conduit 24T, recipient C00662940)"
"BAIRD, James",21903,H8IN04199,2026,pro-Israel,AIPAC PAC (C00797670),-6.0,earmarked_conduit_pas2,2,FEC pas226
"BALDERSON, Troy",21759,H8OH12180,2022,pro-Israel,AIPAC PAC (C00797670),5000.0,direct_contribution,1,FEC pas222
"BALDERSON, Troy",21759,H8OH12180,2022,pro-Israel,AIPAC PAC (C00797670),15000.0,earmarked_conduit_indiv,10,"FEC indiv22 (conduit 24T, recipient C00662650)"
"BALDERSON, Troy",21759,H8OH12180,2024,pro-Israel,AIPAC PAC (C00797670),5000.0,direct_contribution,1,FEC pas224
"BALDERSON, Troy",21759,H8OH12180,2024,pro-Israel,AIPAC PAC (C00797670),16300.0,earmarked_conduit_indiv,14,"FEC indiv24 (conduit 24T, recipient C00662650)"
"BALDERSON, Troy",21759,H8OH12180,2024,pro-Israel,AIPAC PAC (C00797670),-3756.0,earmarked_conduit_pas2,38,FEC pas224
"BALDERSON, Troy",21759,H8OH12180,2026,pro-Israel,AIPAC PAC (C00797670),5000.0,direct_contribution,1,FEC pas226
"BALDERSON, Troy",21759,H8OH12180,2026,pro-Israel,AIPAC PAC (C00797670),17700.0,earmarked_conduit_indiv,13,"FEC indiv26 (conduit 24T, recipient C00662650)"
"BALDERSON, Troy",21759,H8OH12180,2026,pro-Israel,AIPAC PAC (C00797670),-6.0,earmarked_conduit_pas2,2,FEC pas226
"BALINT, Becca",22301,H2VT01076,2022,J Street,JStreetPAC (C00441949),1000.0,direct_contribution,1,FEC pas222
"BALINT, Becca",22301,H2VT01076,2022,J Street,JStreetPAC (C00441949),9300.0,earmarked_conduit_indiv,7,"FEC indiv22 (conduit 15E, recipient C00797175); FEC indiv22 (conduit 24T, recipient C00797175)"
"BALINT, Becca",22301,H2VT01076,2024,J Street,JStreetPAC (C00441949),1062.0,direct_contribution,2,FEC pas224
"BALINT, Becca",22301,H2VT01076,2024,J Street,JStreetPAC (C00441949),26449.0,earmarked_conduit_indiv,27,"FEC indiv24 (conduit 24T, recipient C00797175)"
"BALINT, Becca",22301,H2VT01076,2024,J Street,JStreetPAC (C00441949),1327.0,earmarked_conduit_pas2,4,FEC pas224
"BALINT, Becca",22301,H2VT01076,2026,J Street,JStreetPAC (C00441949),22664.0,earmarked_conduit_indiv,22,"FEC indiv26 (conduit 15E, recipient C00797175); FEC indiv26 (conduit 24T, recipient C00797175)"
"BANKS, James E.",21702,H6IN03229,2022,pro-Israel,AIPAC PAC (C00797670),7900.0,direct_contribution,3,FEC pas222
"BANKS, James E.",21702,S4IN00196,2022,pro-Israel,AIPAC PAC (C00797670),42575.0,earmarked_conduit_indiv,28,"FEC indiv22 (conduit 15E, recipient C00577999); FEC indiv22 (conduit 24T, recipient C00577999)"
"BANKS, James E.",21702,H6IN03229,2022,pro-Israel,AIPAC PAC (C00797670),42575.0,earmarked_conduit_indiv,28,"FEC indiv22 (conduit 15E, recipient C00577999); FEC indiv22 (conduit 24T, recipient C00577999)"
"BANKS, James E.",21702,H6IN03229,2024,pro-Israel,AIPAC PAC (C00797670),0.0,direct_contribution,2,FEC pas224
"BANKS, James E.",21702,S4IN00196,2024,pro-Israel,AIPAC PAC (C00797670),229042.0,earmarked_conduit_indiv,160,"FEC indiv24 (conduit 24T, recipient C00577999)"
"BANKS, James E.",21702,H6IN03229,2024,pro-Israel,AIPAC PAC (C00797670),229042.0,earmarked_conduit_indiv,160,"FEC indiv24 (conduit 24T, recipient C00577999)"
"BANKS, James E.",21702,H6IN03229,2024,pro-Israel,AIPAC PAC (C00797670),687.0,earmarked_conduit_pas2,2,FEC pas224
"BANKS, James E.",21702,H6IN03229,2024,pro-Israel,NORPAC (C00247403),23000.0,direct_contribution,2,FEC pas224
"BANKS, James E.",21702,S4IN00196,2024,pro-Israel,NORPAC (C00247403),2750.0,earmarked_conduit_indiv,2,"FEC indiv24 (conduit 24T, recipient C00577999)"
"BANKS, James E.",21702,H6IN03229,2024,pro-Israel,NORPAC (C00247403),2750.0,earmarked_conduit_indiv,2,"FEC indiv24 (conduit 24T, recipient C00577999)"
"BANKS, James E.",21702,S4IN00196,2024,pro-Israel,Republican Jewish Coalition PAC (C00345132),5000.0,direct_contribution,1,FEC pas224
"BANKS, James E.",21702,S4IN00196,2024,pro-Israel,Republican Jewish Coalition PAC (C00345132),35.0,earmarked_conduit_indiv,12,"FEC indiv24 (conduit 24T, recipient C00577999); FEC indiv24 (conduit 24T, recipient C00829416)"
"BANKS, James E.",21702,H6IN03229,2024,pro-Israel,Republican Jewish Coalition PAC (C00345132),18.0,earmarked_conduit_indiv,8,"FEC indiv24 (conduit 24T, recipient C00577999)"
"BANKS, James E.",21702,S4IN00196,2024,pro-Israel,Republican Jewish Coalition PAC (C00345132),4847.0,earmarked_conduit_pas2,13,FEC pas224
"BANKS, James E.",21702,S4IN00196,2026,pro-Israel,NORPAC (C00247403),20600.0,direct_contribution,1,FEC pas226
"BARR, Garland H. (Andy), IV",21333,S6KY00286,2020,pro-Israel,Pro-Israel America PAC (C00699470),5600.0,earmarked_conduit_indiv,2,"FEC indiv20 (conduit 24T, recipient C00467571)"
"BARR, Garland H. (Andy), IV",21333,H0KY06104,2020,pro-Israel,Pro-Israel America PAC (C00699470),5600.0,earmarked_conduit_indiv,2,"FEC indiv20 (conduit 24T, recipient C00467571)"
"BARR, Garland H. (Andy), IV",21333,H0KY06104,2022,pro-Israel,AIPAC PAC (C00797670),2100.0,direct_contribution,1,FEC pas222
"BARR, Garland H. (Andy), IV",21333,S6KY00286,2022,pro-Israel,AIPAC PAC (C00797670),9700.0,earmarked_conduit_indiv,4,"FEC indiv22 (conduit 24T, recipient C00467571)"
"BARR, Garland H. (Andy), IV",21333,H0KY06104,2022,pro-Israel,AIPAC PAC (C00797670),9700.0,earmarked_conduit_indiv,4,"FEC indiv22 (conduit 24T, recipient C00467571)"
"BARR, Garland H. (Andy), IV",21333,S6KY00286,2022,pro-Israel,Pro-Israel America PAC (C00699470),196.0,earmarked_conduit_indiv,11,"FEC indiv22 (conduit 15E, recipient C00467571); FEC indiv22 (conduit 24T, recipient C00467571)"
"BARR, Garland H. (Andy), IV",21333,H0KY06104,2022,pro-Israel,Pro-Israel America PAC (C00699470),196.0,earmarked_conduit_indiv,11,"FEC indiv22 (conduit 15E, recipient C00467571); FEC indiv22 (conduit 24T, recipient C00467571)"
"BARR, Garland H. (Andy), IV",21333,S6KY00286,2022,pro-Israel,Republican Jewish Coalition PAC (C00345132),2922.0,earmarked_conduit_indiv,2,"FEC indiv22 (conduit 24T, recipient C00467571)"
"BARR, Garland H. (Andy), IV",21333,H0KY06104,2022,pro-Israel,Republican Jewish Coalition PAC (C00345132),2922.0,earmarked_conduit_indiv,2,"FEC indiv22 (conduit 24T, recipient C00467571)"
"BARR, Garland H. (Andy), IV",21333,H0KY06104,2024,pro-Israel,AIPAC PAC (C00797670),5000.0,direct_contribution,3,FEC pas224
"BARR, Garland H. (Andy), IV",21333,S6KY00286,2024,pro-Israel,AIPAC PAC (C00797670),150493.0,earmarked_conduit_indiv,112,"FEC indiv24 (conduit 15E, recipient C00467571); FEC indiv24 (conduit 24T, recipient C00467571)"
"BARR, Garland H. (Andy), IV",21333,H0KY06104,2024,pro-Israel,AIPAC PAC (C00797670),150493.0,earmarked_conduit_indiv,112,"FEC indiv24 (conduit 15E, recipient C00467571); FEC indiv24 (conduit 24T, recipient C00467571)"
"BARR, Garland H. (Andy), IV",21333,H0KY06104,2024,pro-Israel,AIPAC PAC (C00797670),-8466.0,earmarked_conduit_pas2,21,FEC pas224
"BARR, Garland H. (Andy), IV",21333,S6KY00286,2024,pro-Israel,Republican Jewish Coalition PAC (C00345132),1000.0,earmarked_conduit_indiv,1,"FEC indiv24 (conduit 24T, recipient C00467571)"
"BARR, Garland H. (Andy), IV",21333,H0KY06104,2024,pro-Israel,Republican Jewish Coalition PAC (C00345132),1000.0,earmarked_conduit_indiv,1,"FEC indiv24 (conduit 24T, recipient C00467571)"
"BARR, Garland H. (Andy), IV",21333,H0KY06104,2024,pro-Israel,Republican Jewish Coalition PAC (C00345132),5.0,earmarked_conduit_pas2,1,FEC pas224
"BARR, Garland H. (Andy), IV",21333,S6KY00286,2026,pro-Israel,AIPAC PAC (C00797670),38000.0,earmarked_conduit_indiv,11,"FEC indiv26 (conduit 15E, recipient C00467571); FEC indiv26 (conduit 24T, recipient C00467571)"
"BARR, Garland H. (Andy), IV",21333,H0KY06104,2026,pro-Israel,AIPAC PAC (C00797670),38000.0,earmarked_conduit_indiv,11,"FEC indiv26 (conduit 15E, recipient C00467571); FEC indiv26 (conduit 24T, recipient C00467571)"
"BARR, Garland H. (Andy), IV",21333,S6KY00286,2026,pro-Israel,Republican Jewish Coalition PAC (C00345132),5000.0,direct_contribution,1,FEC pas226
"BARRAGÁN, Nanette Diaz",21703,H6CA44103,2022,pro-Israel,AIPAC PAC (C00797670),2100.0,direct_contribution,1,FEC pas222
"BARRAGÁN, Nanette Diaz",21703,H6CA44103,2022,pro-Israel,AIPAC PAC (C00797670),36250.0,earmarked_conduit_indiv,31,"FEC indiv22 (conduit 15E, recipient C00577353); FEC indiv22 (conduit 24T, recipient C00577353)"
"BARRAGÁN, Nanette Diaz",21703,H6CA44103,2024,pro-Israel,AIPAC PAC (C00797670),5000.0,direct_contribution,1,FEC pas224
"BARRAGÁN, Nanette Diaz",21703,H6CA44103,2024,pro-Israel,AIPAC PAC (C00797670),43222.0,earmarked_conduit_indiv,25,"FEC indiv24 (conduit 15E, recipient C00577353); FEC indiv24 (conduit 24T, recipient C00577353)"
"BARRAGÁN, Nanette Diaz",21703,H6CA44103,2024,pro-Israel,AIPAC PAC (C00797670),-7457.0,earmarked_conduit_pas2,20,FEC pas224
"BARRETT, Tom",22501,H2MI07123,2022,pro-Israel,Republican Jewish Coalition PAC (C00345132),2500.0,direct_contribution,1,FEC pas222
"BARRETT, Tom",22501,H2MI07123,2022,pro-Israel,Republican Jewish Coalition PAC (C00345132),620.0,earmarked_conduit_indiv,6,"FEC indiv22 (conduit 24T, recipient C00793976)"
"BARRETT, Tom",22501,H2MI07123,2024,pro-Israel,Republican Jewish Coalition PAC (C00345132),5000.0,direct_contribution,2,FEC pas224
"BARRETT, Tom",22501,H2MI07123,2024,pro-Israel,Republican Jewish Coalition PAC (C00345132),2606.0,earmarked_conduit_indiv,7,"FEC indiv24 (conduit 24T, recipient C00793976)"
"BARRETT, Tom",22501,H2MI07123,2024,pro-Israel,Republican Jewish Coalition PAC (C00345132),1154.0,earmarked_conduit_pas2,11,FEC pas224
"BARRETT, Tom",22501,H2MI07123,2026,pro-Israel,AIPAC PAC (C00797670),5000.0,direct_contribution,1,FEC pas226
"BARRETT, Tom",22501,H2MI07123,2026,pro-Israel,AIPAC PAC (C00797670),31600.0,earmarked_conduit_indiv,26,"FEC indiv26 (conduit 15E, recipient C00793976); FEC indiv26 (conduit 24T, recipient C00793976)"
"BARRETT, Tom",22501,H2MI07123,2026,pro-Israel,AIPAC PAC (C00797670),-6.0,earmarked_conduit_pas2,2,FEC pas226
"BARRETT, Tom",22501,H2MI07123,2026,pro-Israel,Republican Jewish Coalition PAC (C00345132),5000.0,direct_contribution,1,FEC pas226
"BARRETT, Tom",22501,H2MI07123,2026,pro-Israel,Republican Jewish Coalition PAC (C00345132),5441.0,earmarked_conduit_indiv,11,"FEC indiv26 (conduit 24T, recipient C00793976)"
"BARRETT, Tom",22501,H2MI07123,2026,pro-Israel,Republican Jewish Coalition PAC (C00345132),1350.0,earmarked_conduit_pas2,3,FEC pas226
"BASS, Karen",21110,H0CA33117,2020,J Street,JStreetPAC (C00441949),3000.0,direct_contribution,2,FEC pas220
"BASS, Karen",21110,H0CA33117,2020,J Street,JStreetPAC (C00441949),12430.0,earmarked_conduit_indiv,18,"FEC indiv20 (conduit 15E, recipient C00476523); FEC indiv20 (conduit 24T, recipient C00476523)"
"BASS, Karen",21110,H0CA33117,2020,J Street,JStreetPAC (C00441949),-100.0,earmarked_conduit_pas2,1,FEC pas220
"BASS, Karen",21110,H0CA33117,2022,J Street,JStreetPAC (C00441949),1500.0,direct_contribution,1,FEC pas222
"BASS, Karen",21110,H0CA33117,2022,J Street,JStreetPAC (C00441949),11200.0,earmarked_conduit_indiv,7,"FEC indiv22 (conduit 24T, recipient C00476523)"
"BAUMGARTNER, Michael",22502,H4WA05234,2024,pro-Israel,AIPAC PAC (C00797670),10000.0,direct_contribution,2,FEC pas224
"BAUMGARTNER, Michael",22502,H4WA05234,2024,pro-Israel,AIPAC PAC (C00797670),250.0,earmarked_conduit_indiv,1,"FEC indiv24 (conduit 24T, recipient C00870758)"
"BAUMGARTNER, Michael",22502,H4WA05234,2026,pro-Israel,AIPAC PAC (C00797670),10000.0,direct_contribution,2,FEC pas226
"BAUMGARTNER, Michael",22502,H4WA05234,2026,pro-Israel,AIPAC PAC (C00797670),24069.0,earmarked_conduit_indiv,16,"FEC indiv26 (conduit 15E, recipient C00870758); FEC indiv26 (conduit 24T, recipient C00870758)"
"BAUMGARTNER, Michael",22502,H4WA05234,2026,pro-Israel,AIPAC PAC (C00797670),-506.0,earmarked_conduit_pas2,3,FEC pas226
"BEAN, Aaron",22302,H2FL04211,2022,pro-Israel,AIPAC PAC (C00797670),10000.0,direct_contribution,2,FEC pas222
"BEAN, Aaron",22302,H2FL04211,2024,pro-Israel,AIPAC PAC (C00797670),10000.0,direct_contribution,2,FEC pas224
"BEAN, Aaron",22302,H2FL04211,2024,pro-Israel,AIPAC PAC (C00797670),10624.0,earmarked_conduit_indiv,8,"FEC indiv24 (conduit 24T, recipient C00816983)"
"BEAN, Aaron",22302,H2FL04211,2024,pro-Israel,AIPAC PAC (C00797670),9.0,earmarked_conduit_pas2,1,FEC pas224
"BEAN, Aaron",22302,H2FL04211,2026,pro-Israel,AIPAC PAC (C00797670),10000.0,direct_contribution,2,FEC pas226
"BEAN, Aaron",22302,H2FL04211,2026,pro-Israel,AIPAC PAC (C00797670),26919.0,earmarked_conduit_indiv,27,"FEC indiv26 (conduit 24T, recipient C00816983)"
"BEAN, Aaron",22302,H2FL04211,2026,pro-Israel,AIPAC PAC (C00797670),-6.0,earmarked_conduit_pas2,2,FEC pas226
"BEATTY, Joyce",21352,H2OH03125,2020,pro-Israel,DMFI PAC (C00710848),2000.0,direct_contribution,1,FEC pas220
"BEATTY, Joyce",21352,H2OH03125,2020,pro-Israel,Pro-Israel America PAC (C00699470),79380.0,earmarked_conduit_indiv,111,"FEC indiv20 (conduit 15E, recipient C00507368); FEC indiv20 (conduit 24T, recipient C00507368)"
"BEATTY, Joyce",21352,H2OH03125,2022,pro-Israel,AIPAC PAC (C00797670),2100.0,direct_contribution,1,FEC pas222
"BEATTY, Joyce",21352,H2OH03125,2022,pro-Israel,AIPAC PAC (C00797670),31775.0,earmarked_conduit_indiv,33,"FEC indiv22 (conduit 15E, recipient C00507368); FEC indiv22 (conduit 24T, recipient C00507368)"
"BEATTY, Joyce",21352,H2OH03125,2022,pro-Israel,DMFI PAC (C00710848),2000.0,direct_contribution,1,FEC pas222
"BEATTY, Joyce",21352,H2OH03125,2022,pro-Israel,Pro-Israel America PAC (C00699470),1.0,earmarked_conduit_indiv,1,"FEC indiv22 (conduit 15E, recipient C00507368)"
"BEATTY, Joyce",21352,H2OH03125,2024,pro-Israel,AIPAC PAC (C00797670),5000.0,direct_contribution,3,FEC pas224
"BEATTY, Joyce",21352,H2OH03125,2024,pro-Israel,AIPAC PAC (C00797670),30050.0,earmarked_conduit_indiv,12,"FEC indiv24 (conduit 24T, recipient C00507368)"
"BEATTY, Joyce",21352,H2OH03125,2024,pro-Israel,AIPAC PAC (C00797670),-7475.0,earmarked_conduit_pas2,16,FEC pas224
"BEATTY, Joyce",21352,H2OH03125,2024,pro-Israel,DMFI PAC (C00710848),1320.0,IE_support,1,FEC independent_expenditure_2024.csv
"BEATTY, Joyce",21352,H2OH03125,2024,pro-Israel,DMFI PAC (C00710848),2000.0,direct_contribution,2,FEC pas224
"BEATTY, Joyce",21352,H2OH03125,2026,pro-Israel,AIPAC PAC (C00797670),5000.0,direct_contribution,1,FEC pas226
"BEATTY, Joyce",21352,H2OH03125,2026,pro-Israel,AIPAC PAC (C00797670),250.0,earmarked_conduit_indiv,1,"FEC indiv26 (conduit 24T, recipient C00507368)"
"BEATTY, Joyce",21352,H2OH03125,2026,pro-Israel,AIPAC PAC (C00797670),-6.0,earmarked_conduit_pas2,2,FEC pas226
"BEGICH, Nicholas J., III",22503,H2AK01083,2024,pro-Israel,Republican Jewish Coalition PAC (C00345132),5000.0,direct_contribution,2,FEC pas224
"BEGICH, Nicholas J., III",22503,H2AK01083,2024,pro-Israel,Republican Jewish Coalition PAC (C00345132),299.0,earmarked_conduit_indiv,4,"FEC indiv24 (conduit 24T, recipient C00792341)"
"BEGICH, Nicholas J., III",22503,H2AK01083,2024,pro-Israel,Republican Jewish Coalition PAC (C00345132),272.0,earmarked_conduit_pas2,8,FEC pas224
"BEGICH, Nicholas J., III",22503,H2AK01083,2026,pro-Israel,AIPAC PAC (C00797670),10000.0,direct_contribution,2,FEC pas226
"BEGICH, Nicholas J., III",22503,H2AK01083,2026,pro-Israel,AIPAC PAC (C00797670),12858.0,earmarked_conduit_indiv,6,"FEC indiv26 (conduit 15E, recipient C00792341)"
"BEGICH, Nicholas J., III",22503,H2AK01083,2026,pro-Israel,AIPAC PAC (C00797670),-6.0,earmarked_conduit_pas2,2,FEC pas226
"BELL, Wesley",22504,H4MO01134,2024,critical/pro-Palestinian,Justice Democrats PAC (C00630665),655005.14,IE_oppose,10,FEC independent_expenditure_2024.csv
"BELL, Wesley",22504,H4MO01134,2024,pro-Israel,AIPAC PAC (C00797670),10000.0,direct_contribution,2,FEC pas224
"BELL, Wesley",22504,H4MO01134,2024,pro-Israel,AIPAC PAC (C00797670),2748170.0,earmarked_conduit_indiv,2733,"FEC indiv24 (conduit 24T, recipient C00842336)"
"BELL, Wesley",22504,H4MO01134,2024,pro-Israel,AIPAC PAC (C00797670),269607.0,earmarked_conduit_pas2,584,FEC pas224
"BELL, Wesley",22504,H4MO01134,2024,pro-Israel,DMFI PAC (C00710848),487753.0,IE_support,6,FEC independent_expenditure_2024.csv
"BELL, Wesley",22504,H4MO01134,2024,pro-Israel,DMFI PAC (C00710848),5000.0,direct_contribution,1,FEC pas224
"BELL, Wesley",22504,H4MO01134,2024,pro-Israel,NORPAC (C00247403),6600.0,direct_contribution,1,FEC pas224
"BELL, Wesley",22504,H4MO01134,2024,pro-Israel,NORPAC (C00247403),6700.0,earmarked_conduit_indiv,3,"FEC indiv24 (conduit 24T, recipient C00842336)"
"BELL, Wesley",22504,H4MO01134,2024,pro-Israel,United Democracy Project (C00799031),3356279.25,IE_support,41,FEC independent_expenditure_2024.csv
"BELL, Wesley",22504,H4MO01134,2026,pro-Israel,AIPAC PAC (C00797670),10000.0,direct_contribution,2,FEC pas226
"BELL, Wesley",22504,H4MO01134,2026,pro-Israel,AIPAC PAC (C00797670),2145113.0,earmarked_conduit_indiv,1613,"FEC indiv26 (conduit 15E, recipient C00842336); FEC indiv26 (conduit 24T, recipient C00842336)"
"BELL, Wesley",22504,H4MO01134,2026,pro-Israel,AIPAC PAC (C00797670),4994.0,earmarked_conduit_pas2,2,FEC pas226
"BELL, Wesley",22504,H4MO01134,2026,pro-Israel,DMFI PAC (C00710848),1000.0,direct_contribution,1,FEC pas226
"BELL, Wesley",22504,H4MO01134,2026,pro-Israel,United Democracy Project (C00799031),685626.16,IE_support,7,FEC independent_expenditure_2026.csv
"BENTZ, Cliff",22101,H0OR02127,2024,pro-Israel,AIPAC PAC (C00797670),10000.0,direct_contribution,2,FEC pas224
"BENTZ, Cliff",22101,H0OR02127,2024,pro-Israel,AIPAC PAC (C00797670),750.0,earmarked_conduit_indiv,2,"FEC indiv24 (conduit 24T, recipient C00725465)"
"BENTZ, Cliff",22101,H0OR02127,2026,pro-Israel,AIPAC PAC (C00797670),-5000.0,direct_contribution,1,FEC pas226
"BERA, Ami",21304,H0CA03078,2020,J Street,JStreetPAC (C00441949),1000.0,direct_contribution,1,FEC pas220
"BERA, Ami",21304,H0CA03078,2020,J Street,JStreetPAC (C00441949),8950.0,earmarked_conduit_indiv,20,"FEC indiv20 (conduit 15E, recipient C00461061); FEC indiv20 (conduit 24T, recipient C00461061)"
"BERA, Ami",21304,H0CA03078,2022,J Street,JStreetPAC (C00441949),2500.0,direct_contribution,2,FEC pas222
"BERA, Ami",21304,H0CA03078,2022,J Street,JStreetPAC (C00441949),4300.0,earmarked_conduit_indiv,8,"FEC indiv22 (conduit 15E, recipient C00461061); FEC indiv22 (conduit 24T, recipient C00461061)"
"BERA, Ami",21304,H0CA03078,2022,pro-Israel,AIPAC PAC (C00797670),7900.0,direct_contribution,2,FEC pas222
"BERA, Ami",21304,H0CA03078,2022,pro-Israel,AIPAC PAC (C00797670),38750.0,earmarked_conduit_indiv,34,"FEC indiv22 (conduit 24T, recipient C00461061)"
"BERA, Ami",21304,H0CA03078,2024,J Street,JStreetPAC (C00441949),3500.0,direct_contribution,2,FEC pas224
"BERA, Ami",21304,H0CA03078,2024,J Street,JStreetPAC (C00441949),1500.0,earmarked_conduit_indiv,3,"FEC indiv24 (conduit 24T, recipient C00461061)"
"BERA, Ami",21304,H0CA03078,2024,J Street,JStreetPAC (C00441949),100.0,earmarked_conduit_pas2,1,FEC pas224
"BERA, Ami",21304,H0CA03078,2024,pro-Israel,AIPAC PAC (C00797670),20672.0,earmarked_conduit_indiv,21,"FEC indiv24 (conduit 24T, recipient C00461061)"
"BERA, Ami",21304,H0CA03078,2024,pro-Israel,AIPAC PAC (C00797670),-5975.0,earmarked_conduit_pas2,16,FEC pas224
"BERA, Ami",21304,H0CA03078,2026,J Street,JStreetPAC (C00441949),1250.0,earmarked_conduit_indiv,2,"FEC indiv26 (conduit 24T, recipient C00461061)"
"BERGMAN, John",21704,H6MI01226,2022,pro-Israel,AIPAC PAC (C00797670),10000.0,direct_contribution,3,FEC pas222
"BERGMAN, John",21704,H6MI01226,2022,pro-Israel,AIPAC PAC (C00797670),11600.0,earmarked_conduit_indiv,2,"FEC indiv22 (conduit 24T, recipient C00614214)"
"BERGMAN, John",21704,H6MI01226,2022,pro-Israel,Republican Jewish Coalition PAC (C00345132),20.0,earmarked_conduit_indiv,1,"FEC indiv22 (conduit 24T, recipient C00614214)"
"BERGMAN, John",21704,H6MI01226,2024,pro-Israel,AIPAC PAC (C00797670),10000.0,direct_contribution,2,FEC pas224
"BERGMAN, John",21704,H6MI01226,2024,pro-Israel,AIPAC PAC (C00797670),17500.0,earmarked_conduit_indiv,6,"FEC indiv24 (conduit 24T, recipient C00614214)"
"BERGMAN, John",21704,H6MI01226,2024,pro-Israel,AIPAC PAC (C00797670),-6466.0,earmarked_conduit_pas2,15,FEC pas224
"BERGMAN, John",21704,H6MI01226,2024,pro-Israel,Republican Jewish Coalition PAC (C00345132),500.0,earmarked_conduit_indiv,1,"FEC indiv24 (conduit 24T, recipient C00614214)"
"BERGMAN, John",21704,H6MI01226,2024,pro-Israel,Republican Jewish Coalition PAC (C00345132),10.0,earmarked_conduit_pas2,1,FEC pas224
"BERGMAN, John",21704,H6MI01226,2026,pro-Israel,AIPAC PAC (C00797670),5000.0,direct_contribution,1,FEC pas226
"BERGMAN, John",21704,H6MI01226,2026,pro-Israel,AIPAC PAC (C00797670),4250.0,earmarked_conduit_indiv,3,"FEC indiv26 (conduit 24T, recipient C00614214)"
"BERGMAN, John",21704,H6MI01226,2026,pro-Israel,AIPAC PAC (C00797670),-6.0,earmarked_conduit_pas2,1,FEC pas226
"BEYER, Donald Sternoff Jr.",21554,H4VA08224,2020,J Street,JStreetPAC (C00441949),4000.0,earmarked_conduit_indiv,5,"FEC indiv20 (conduit 15E, recipient C00555888); FEC indiv20 (conduit 24T, recipient C00555888)"
"BEYER, Donald Sternoff Jr.",21554,H4VA08224,2020,J Street,JStreetPAC (C00441949),500.0,earmarked_conduit_pas2,1,FEC pas220
"BEYER, Donald Sternoff Jr.",21554,H4VA08224,2022,J Street,JStreetPAC (C00441949),4000.0,direct_contribution,3,FEC pas222
"BEYER, Donald Sternoff Jr.",21554,H4VA08224,2022,J Street,JStreetPAC (C00441949),7200.0,earmarked_conduit_indiv,5,"FEC indiv22 (conduit 24T, recipient C00555888)"
"BEYER, Donald Sternoff Jr.",21554,H4VA08224,2024,J Street,JStreetPAC (C00441949),1000.0,direct_contribution,1,FEC pas224
"BEYER, Donald Sternoff Jr.",21554,H4VA08224,2024,J Street,JStreetPAC (C00441949),7810.0,earmarked_conduit_indiv,17,"FEC indiv24 (conduit 24T, recipient C00555888)"
"BEYER, Donald Sternoff Jr.",21554,H4VA08224,2024,J Street,JStreetPAC (C00441949),50.0,earmarked_conduit_pas2,1,FEC pas224
"BEYER, Donald Sternoff Jr.",21554,H4VA08224,2026,J Street,JStreetPAC (C00441949),15100.0,earmarked_conduit_indiv,22,"FEC indiv26 (conduit 24T, recipient C00555888)"
"BEYER, Donald Sternoff Jr.",21554,H4VA08224,2026,J Street,JStreetPAC (C00441949),3750.0,earmarked_conduit_pas2,2,FEC pas226
"BICE, Stephanie I.",22102,H0OK05205,2020,pro-Israel,Republican Jewish Coalition PAC (C00345132),5000.0,direct_contribution,1,FEC pas220
"BICE, Stephanie I.",22102,H0OK05205,2022,pro-Israel,AIPAC PAC (C00797670),10000.0,direct_contribution,3,FEC pas222
"BICE, Stephanie I.",22102,H0OK05205,2022,pro-Israel,AIPAC PAC (C00797670),15400.0,earmarked_conduit_indiv,10,"FEC indiv22 (conduit 15E, recipient C00703843)"
"BICE, Stephanie I.",22102,H0OK05205,2022,pro-Israel,Republican Jewish Coalition PAC (C00345132),30.0,earmarked_conduit_indiv,2,"FEC indiv22 (conduit 24T, recipient C00703843)"
"BICE, Stephanie I.",22102,H0OK05205,2024,pro-Israel,AIPAC PAC (C00797670),10000.0,direct_contribution,2,FEC pas224
"BICE, Stephanie I.",22102,H0OK05205,2024,pro-Israel,AIPAC PAC (C00797670),10324.0,earmarked_conduit_indiv,10,"FEC indiv24 (conduit 24T, recipient C00703843)"
"BICE, Stephanie I.",22102,H0OK05205,2024,pro-Israel,AIPAC PAC (C00797670),34.0,earmarked_conduit_pas2,26,FEC pas224
"BICE, Stephanie I.",22102,H0OK05205,2024,pro-Israel,Republican Jewish Coalition PAC (C00345132),100.0,earmarked_conduit_pas2,1,FEC pas224
"BICE, Stephanie I.",22102,H0OK05205,2026,pro-Israel,AIPAC PAC (C00797670),5000.0,direct_contribution,1,FEC pas226
"BICE, Stephanie I.",22102,H0OK05205,2026,pro-Israel,AIPAC PAC (C00797670),21750.0,earmarked_conduit_indiv,27,"FEC indiv26 (conduit 24T, recipient C00703843)"
"BICE, Stephanie I.",22102,H0OK05205,2026,pro-Israel,AIPAC PAC (C00797670),-6.0,earmarked_conduit_pas2,2,FEC pas226
"BIGGS, Andrew S.",21705,H6AZ05083,2022,pro-Israel,AIPAC PAC (C00797670),10000.0,direct_contribution,3,FEC pas222
"BIGGS, Andrew S.",21705,H6AZ05083,2022,pro-Israel,AIPAC PAC (C00797670),15500.0,earmarked_conduit_indiv,11,"FEC indiv22 (conduit 15E, recipient C00610451); FEC indiv22 (conduit 24T, recipient C00610451)"
"BIGGS, Andrew S.",21705,H6AZ05083,2024,pro-Israel,AIPAC PAC (C00797670),-5466.0,earmarked_conduit_pas2,15,FEC pas224
"BIGGS, Sheri",22505,H4SC01313,2024,pro-Israel,AIPAC PAC (C00797670),10000.0,direct_contribution,2,FEC pas224
"BIGGS, Sheri",22505,H4SC01313,2026,pro-Israel,AIPAC PAC (C00797670),5000.0,direct_contribution,1,FEC pas226
"BIGGS, Sheri",22505,H4SC01313,2026,pro-Israel,AIPAC PAC (C00797670),250.0,earmarked_conduit_indiv,1,"FEC indiv26 (conduit 24T, recipient C00866426)"
"BIGGS, Sheri",22505,H4SC01313,2026,pro-Israel,AIPAC PAC (C00797670),-6.0,earmarked_conduit_pas2,2,FEC pas226
"BILIRAKIS, Gus",20758,H6FL09070,2022,pro-Israel,AIPAC PAC (C00797670),10000.0,direct_contribution,3,FEC pas222
"BILIRAKIS, Gus",20758,H6FL09070,2024,pro-Israel,AIPAC PAC (C00797670),10000.0,direct_contribution,2,FEC pas224
"BILIRAKIS, Gus",20758,H6FL09070,2024,pro-Israel,AIPAC PAC (C00797670),12500.0,earmarked_conduit_indiv,19,"FEC indiv24 (conduit 24T, recipient C00408534)"
"BILIRAKIS, Gus",20758,H6FL09070,2024,pro-Israel,AIPAC PAC (C00797670),534.0,earmarked_conduit_pas2,25,FEC pas224
"BILIRAKIS, Gus",20758,H6FL09070,2024,pro-Israel,Republican Jewish Coalition PAC (C00345132),3300.0,earmarked_conduit_indiv,1,"FEC indiv24 (conduit 24T, recipient C00408534)"
"BILIRAKIS, Gus",20758,H6FL09070,2024,pro-Israel,Republican Jewish Coalition PAC (C00345132),10.0,earmarked_conduit_pas2,1,FEC pas224
"BILIRAKIS, Gus",20758,H6FL09070,2026,pro-Israel,AIPAC PAC (C00797670),10000.0,direct_contribution,2,FEC pas226
"BILIRAKIS, Gus",20758,H6FL09070,2026,pro-Israel,AIPAC PAC (C00797670),23500.0,earmarked_conduit_indiv,25,"FEC indiv26 (conduit 15E, recipient C00408534); FEC indiv26 (conduit 24T, recipient C00408534)"
"BILIRAKIS, Gus",20758,H6FL09070,2026,pro-Israel,AIPAC PAC (C00797670),-6.0,earmarked_conduit_pas2,1,FEC pas226
"BILIRAKIS, Gus",20758,H6FL09070,2026,pro-Israel,Republican Jewish Coalition PAC (C00345132),500.0,earmarked_conduit_pas2,1,FEC pas226
"BISHOP, Dan",21986,H0NC09187,2020,pro-Israel,Republican Jewish Coalition PAC (C00345132),2500.0,direct_contribution,1,FEC pas220
"BISHOP, Dan",21986,H0NC09187,2022,pro-Israel,AIPAC PAC (C00797670),7900.0,direct_contribution,2,FEC pas222
"BISHOP, Dan",21986,H0NC09187,2022,pro-Israel,AIPAC PAC (C00797670),10000.0,earmarked_conduit_indiv,5,"FEC indiv22 (conduit 24T, recipient C00699660)"
"BISHOP, Sanford Dixon, Jr.",29339,H2GA02031,2020,J Street,JStreetPAC (C00441949),1000.0,direct_contribution,1,FEC pas220
"BISHOP, Sanford Dixon, Jr.",29339,H2GA02031,2022,J Street,JStreetPAC (C00441949),4500.0,direct_contribution,4,FEC pas222
"BISHOP, Sanford Dixon, Jr.",29339,H2GA02031,2022,J Street,JStreetPAC (C00441949),8600.0,earmarked_conduit_indiv,10,"FEC indiv22 (conduit 15E, recipient C00266940); FEC indiv22 (conduit 24T, recipient C00266940)"
"BISHOP, Sanford Dixon, Jr.",29339,H2GA02031,2022,pro-Israel,AIPAC PAC (C00797670),7900.0,direct_contribution,2,FEC pas222
"BISHOP, Sanford Dixon, Jr.",29339,H2GA02031,2022,pro-Israel,AIPAC PAC (C00797670),23200.0,earmarked_conduit_indiv,32,"FEC indiv22 (conduit 24T, recipient C00266940)"
"BISHOP, Sanford Dixon, Jr.",29339,H2GA02031,2022,pro-Israel,DMFI PAC (C00710848),2000.0,direct_contribution,1,FEC pas222
"BISHOP, Sanford Dixon, Jr.",29339,H2GA02031,2024,pro-Israel,AIPAC PAC (C00797670),10000.0,direct_contribution,2,FEC pas224
"BISHOP, Sanford Dixon, Jr.",29339,H2GA02031,2024,pro-Israel,AIPAC PAC (C00797670),7500.0,earmarked_conduit_indiv,9,"FEC indiv24 (conduit 24T, recipient C00266940)"
"BISHOP, Sanford Dixon, Jr.",29339,H2GA02031,2024,pro-Israel,AIPAC PAC (C00797670),-4975.0,earmarked_conduit_pas2,11,FEC pas224
"BLUMENAUER, Earl",29588,H6OR03064,2020,J Street,JStreetPAC (C00441949),1000.0,direct_contribution,1,FEC pas220
"BLUMENAUER, Earl",29588,H6OR03064,2020,J Street,JStreetPAC (C00441949),10925.0,earmarked_conduit_indiv,17,"FEC indiv20 (conduit 15E, recipient C00307314); FEC indiv20 (conduit 24T, recipient C00307314)"
"BLUMENAUER, Earl",29588,H6OR03064,2022,J Street,JStreetPAC (C00441949),1000.0,direct_contribution,1,FEC pas222
"BLUMENAUER, Earl",29588,H6OR03064,2022,J Street,JStreetPAC (C00441949),12550.0,earmarked_conduit_indiv,11,"FEC indiv22 (conduit 24T, recipient C00307314)"
"BLUMENAUER, Earl",29588,H6OR03064,2024,J Street,JStreetPAC (C00441949),1750.0,earmarked_conduit_indiv,2,"FEC indiv24 (conduit 24T, recipient C00307314)"
"BLUNT ROCHESTER, Lisa",21706,H6DE00206,2020,J Street,JStreetPAC (C00441949),3000.0,direct_contribution,3,FEC pas220
"BLUNT ROCHESTER, Lisa",21706,H6DE00206,2020,J Street,JStreetPAC (C00441949),750.0,earmarked_conduit_indiv,2,"FEC indiv20 (conduit 24T, recipient C00590778)"
"BLUNT ROCHESTER, Lisa",21706,H6DE00206,2022,J Street,JStreetPAC (C00441949),2000.0,direct_contribution,2,FEC pas222
"BLUNT ROCHESTER, Lisa",21706,H6DE00206,2022,J Street,JStreetPAC (C00441949),6150.0,earmarked_conduit_indiv,10,"FEC indiv22 (conduit 24T, recipient C00590778)"
"BLUNT ROCHESTER, Lisa",21706,S4DE00060,2024,J Street,JStreetPAC (C00441949),22685.0,earmarked_conduit_indiv,26,"FEC indiv24 (conduit 24T, recipient C00843391)"
"BLUNT ROCHESTER, Lisa",21706,H6DE00206,2024,J Street,JStreetPAC (C00441949),1000.0,earmarked_conduit_indiv,1,"FEC indiv24 (conduit 24T, recipient C00590778)"
"BLUNT ROCHESTER, Lisa",21706,S4DE00060,2024,J Street,JStreetPAC (C00441949),4145.0,earmarked_conduit_pas2,10,FEC pas224
"BLUNT ROCHESTER, Lisa",21706,S4DE00060,2026,J Street,JStreetPAC (C00441949),2000.0,direct_contribution,2,FEC pas226
"BLUNT ROCHESTER, Lisa",21706,S4DE00060,2026,J Street,JStreetPAC (C00441949),5100.0,earmarked_conduit_indiv,5,"FEC indiv26 (conduit 24T, recipient C00843391)"
"BONAMICI, Suzanne",21198,H2OR01133,2020,J Street,JStreetPAC (C00441949),2500.0,direct_contribution,2,FEC pas220
"BONAMICI, Suzanne",21198,H2OR01133,2020,J Street,JStreetPAC (C00441949),250.0,earmarked_conduit_indiv,1,"FEC indiv20 (conduit 15E, recipient C00500421)"
"BONAMICI, Suzanne",21198,H2OR01133,2022,J Street,JStreetPAC (C00441949),4000.0,direct_contribution,4,FEC pas222
"BONAMICI, Suzanne",21198,H2OR01133,2022,J Street,JStreetPAC (C00441949),4499.0,earmarked_conduit_indiv,13,"FEC indiv22 (conduit 15E, recipient C00500421); FEC indiv22 (conduit 24T, recipient C00500421)"
"BONAMICI, Suzanne",21198,H2OR01133,2022,pro-Israel,AIPAC PAC (C00797670),5000.0,direct_contribution,1,FEC pas222
"BONAMICI, Suzanne",21198,H2OR01133,2022,pro-Israel,AIPAC PAC (C00797670),9000.0,earmarked_conduit_indiv,6,"FEC indiv22 (conduit 24T, recipient C00500421)"
"BONAMICI, Suzanne",21198,H2OR01133,2024,J Street,JStreetPAC (C00441949),3000.0,direct_contribution,3,FEC pas224
"BONAMICI, Suzanne",21198,H2OR01133,2024,J Street,JStreetPAC (C00441949),4020.0,earmarked_conduit_indiv,13,"FEC indiv24 (conduit 24T, recipient C00500421)"
"BONAMICI, Suzanne",21198,H2OR01133,2024,J Street,JStreetPAC (C00441949),3400.0,earmarked_conduit_pas2,8,FEC pas224
"BONAMICI, Suzanne",21198,H2OR01133,2024,pro-Israel,AIPAC PAC (C00797670),1000.0,direct_contribution,1,FEC pas224
"BONAMICI, Suzanne",21198,H2OR01133,2024,pro-Israel,AIPAC PAC (C00797670),1000.0,earmarked_conduit_indiv,1,"FEC indiv24 (conduit 24T, recipient C00500421)"
"BONAMICI, Suzanne",21198,H2OR01133,2024,pro-Israel,AIPAC PAC (C00797670),-3975.0,earmarked_conduit_pas2,9,FEC pas224
"BONAMICI, Suzanne",21198,H2OR01133,2026,J Street,JStreetPAC (C00441949),3400.0,earmarked_conduit_indiv,12,"FEC indiv26 (conduit 15E, recipient C00500421); FEC indiv26 (conduit 24T, recipient C00500421)"
"BONAMICI, Suzanne",21198,H2OR01133,2026,J Street,JStreetPAC (C00441949),725.0,earmarked_conduit_pas2,3,FEC pas226
"BOST, Mike",21519,H4IL12060,2022,pro-Israel,AIPAC PAC (C00797670),10000.0,direct_contribution,3,FEC pas222
"BOST, Mike",21519,H4IL12060,2022,pro-Israel,AIPAC PAC (C00797670),1000.0,earmarked_conduit_indiv,1,"FEC indiv22 (conduit 24T, recipient C00546499)"
"BOST, Mike",21519,H4IL12060,2024,pro-Israel,AIPAC PAC (C00797670),5000.0,direct_contribution,1,FEC pas224
"BOST, Mike",21519,H4IL12060,2024,pro-Israel,AIPAC PAC (C00797670),47170.0,earmarked_conduit_indiv,62,"FEC indiv24 (conduit 24T, recipient C00546499)"
"BOST, Mike",21519,H4IL12060,2024,pro-Israel,AIPAC PAC (C00797670),-3441.0,earmarked_conduit_pas2,10,FEC pas224
"BOST, Mike",21519,H4IL12060,2026,pro-Israel,AIPAC PAC (C00797670),10000.0,direct_contribution,2,FEC pas226
"BOST, Mike",21519,H4IL12060,2026,pro-Israel,AIPAC PAC (C00797670),39756.0,earmarked_conduit_indiv,42,"FEC indiv26 (conduit 15E, recipient C00546499); FEC indiv26 (conduit 24T, recipient C00546499)"
"BOST, Mike",21519,H4IL12060,2026,pro-Israel,AIPAC PAC (C00797670),-6.0,earmarked_conduit_pas2,2,FEC pas226
"BOWMAN, Jamaal",22105,H0NY16143,2020,J Street,JStreetPAC (C00441949),1500.0,direct_contribution,1,FEC pas220
"BOWMAN, Jamaal",22105,H0NY16143,2020,J Street,JStreetPAC (C00441949),3300.0,earmarked_conduit_indiv,4,"FEC indiv20 (conduit 24T, recipient C00709196)"
"BOWMAN, Jamaal",22105,H0NY16143,2020,critical/pro-Palestinian,Justice Democrats PAC (C00630665),620000.0,IE_support,5,FEC independent_expenditure_2020.csv
"BOWMAN, Jamaal",22105,H0NY16143,2020,critical/pro-Palestinian,Justice Democrats PAC (C00630665),9051.0,direct_contribution,2,FEC pas220
"BOWMAN, Jamaal",22105,H0NY16143,2020,pro-Israel,DMFI PAC (C00710848),646157.64,IE_oppose,9,FEC independent_expenditure_2020.csv
"BOWMAN, Jamaal",22105,H0NY16143,2022,J Street,JStreetPAC (C00441949),2500.0,direct_contribution,1,FEC pas222
"BOWMAN, Jamaal",22105,H0NY16143,2022,J Street,JStreetPAC (C00441949),31523.0,earmarked_conduit_indiv,54,"FEC indiv22 (conduit 15E, recipient C00709196); FEC indiv22 (conduit 24T, recipient C00709196)"
"BOWMAN, Jamaal",22105,H0NY16143,2022,critical/pro-Palestinian,Justice Democrats PAC (C00630665),40000.0,IE_support,1,FEC independent_expenditure_2022.csv
"BOWMAN, Jamaal",22105,H0NY16143,2022,critical/pro-Palestinian,Justice Democrats PAC (C00630665),10000.0,direct_contribution,2,FEC pas222
"BOWMAN, Jamaal",22105,H0NY16143,2022,suppl: J Street,J Street Action Fund (C00815753),100000.0,IE_support,1,FEC independent_expenditure_2022.csv
"BOWMAN, Jamaal",22105,H0NY16143,2024,J Street,JStreetPAC (C00441949),2750.0,earmarked_conduit_indiv,6,"FEC indiv24 (conduit 24T, recipient C00709196)"
"BOWMAN, Jamaal",22105,H0NY16143,2024,critical/pro-Palestinian,Emgage Federal PAC (C00453704),27475.12,IE_support,4,FEC independent_expenditure_2024.csv
"BOWMAN, Jamaal",22105,H0NY16143,2024,critical/pro-Palestinian,Justice Democrats PAC (C00630665),945973.1,IE_support,4,FEC independent_expenditure_2024.csv
"BOWMAN, Jamaal",22105,H0NY16143,2024,critical/pro-Palestinian,Justice Democrats PAC (C00630665),5000.0,direct_contribution,1,FEC pas224
"BOWMAN, Jamaal",22105,H0NY16143,2024,critical/pro-Palestinian,MCARE (formerly CAIR-CA PAC) (C00396556),5000.0,direct_contribution,2,FEC pas224
"BOWMAN, Jamaal",22105,H0NY16143,2024,pro-Israel,DMFI PAC (C00710848),95247.2,IE_oppose,6,FEC independent_expenditure_2024.csv
"BOWMAN, Jamaal",22105,H0NY16143,2024,pro-Israel,United Democracy Project (C00799031),9865492.96,IE_oppose,44,FEC independent_expenditure_2024.csv
"BOYLE, Brendan Francis",21548,H4PA13199,2020,pro-Israel,DMFI PAC (C00710848),2000.0,direct_contribution,1,FEC pas220
"BOYLE, Brendan Francis",21548,H4PA13199,2020,pro-Israel,Pro-Israel America PAC (C00699470),8500.0,earmarked_conduit_indiv,10,"FEC indiv20 (conduit 15E, recipient C00543363); FEC indiv20 (conduit 24T, recipient C00543363)"
"BOYLE, Brendan Francis",21548,H4PA13199,2022,pro-Israel,AIPAC PAC (C00797670),2100.0,direct_contribution,1,FEC pas222
"BOYLE, Brendan Francis",21548,H4PA13199,2022,pro-Israel,AIPAC PAC (C00797670),30150.0,earmarked_conduit_indiv,38,"FEC indiv22 (conduit 15E, recipient C00543363); FEC indiv22 (conduit 24T, recipient C00543363)"
"BOYLE, Brendan Francis",21548,H4PA13199,2024,pro-Israel,AIPAC PAC (C00797670),10000.0,direct_contribution,2,FEC pas224
"BOYLE, Brendan Francis",21548,H4PA13199,2024,pro-Israel,AIPAC PAC (C00797670),174818.0,earmarked_conduit_indiv,172,"FEC indiv24 (conduit 15E, recipient C00543363); FEC indiv24 (conduit 24T, recipient C00543363)"
"BOYLE, Brendan Francis",21548,H4PA13199,2024,pro-Israel,AIPAC PAC (C00797670),5085.0,earmarked_conduit_pas2,24,FEC pas224
"BOYLE, Brendan Francis",21548,H4PA13199,2024,pro-Israel,DMFI PAC (C00710848),2500.0,IE_support,1,FEC independent_expenditure_2024.csv
"BOYLE, Brendan Francis",21548,H4PA13199,2026,pro-Israel,AIPAC PAC (C00797670),10000.0,direct_contribution,2,FEC pas226
"BOYLE, Brendan Francis",21548,H4PA13199,2026,pro-Israel,AIPAC PAC (C00797670),113250.0,earmarked_conduit_indiv,98,"FEC indiv26 (conduit 24T, recipient C00543363)"
"BOYLE, Brendan Francis",21548,H4PA13199,2026,pro-Israel,AIPAC PAC (C00797670),-6.0,earmarked_conduit_pas2,1,FEC pas226
"BRECHEEN, Josh",22303,H2OK02315,2022,pro-Israel,AIPAC PAC (C00797670),5000.0,direct_contribution,1,FEC pas222
"BRECHEEN, Josh",22303,H2OK02315,2024,pro-Israel,AIPAC PAC (C00797670),10000.0,direct_contribution,2,FEC pas224
"BRECHEEN, Josh",22303,H2OK02315,2024,pro-Israel,AIPAC PAC (C00797670),11000.0,earmarked_conduit_indiv,9,"FEC indiv24 (conduit 24T, recipient C00812974)"
"BRECHEEN, Josh",22303,H2OK02315,2024,pro-Israel,AIPAC PAC (C00797670),9.0,earmarked_conduit_pas2,1,FEC pas224
"BRECHEEN, Josh",22303,H2OK02315,2026,pro-Israel,AIPAC PAC (C00797670),0.0,direct_contribution,2,FEC pas226
"BRECHEEN, Josh",22303,H2OK02315,2026,pro-Israel,AIPAC PAC (C00797670),16250.0,earmarked_conduit_indiv,12,"FEC indiv26 (conduit 15E, recipient C00812974); FEC indiv26 (conduit 24T, recipient C00812974)"
"BRECHEEN, Josh",22303,H2OK02315,2026,pro-Israel,AIPAC PAC (C00797670),-6.0,earmarked_conduit_pas2,2,FEC pas226
"BRESNAHAN, Robert P., Jr.",22506,H4PA08124,2024,pro-Israel,Republican Jewish Coalition PAC (C00345132),5000.0,direct_contribution,2,FEC pas224
"BRESNAHAN, Robert P., Jr.",22506,H4PA08124,2024,pro-Israel,Republican Jewish Coalition PAC (C00345132),1377.0,earmarked_conduit_indiv,12,"FEC indiv24 (conduit 24T, recipient C00852137)"
"BRESNAHAN, Robert P., Jr.",22506,H4PA08124,2024,pro-Israel,Republican Jewish Coalition PAC (C00345132),3346.0,earmarked_conduit_pas2,20,FEC pas224
"BRESNAHAN, Robert P., Jr.",22506,H4PA08124,2026,pro-Israel,AIPAC PAC (C00797670),10000.0,direct_contribution,2,FEC pas226
"BRESNAHAN, Robert P., Jr.",22506,H4PA08124,2026,pro-Israel,AIPAC PAC (C00797670),74650.0,earmarked_conduit_indiv,52,"FEC indiv26 (conduit 15E, recipient C00852137); FEC indiv26 (conduit 24T, recipient C00852137)"
"BRESNAHAN, Robert P., Jr.",22506,H4PA08124,2026,pro-Israel,AIPAC PAC (C00797670),-6.0,earmarked_conduit_pas2,2,FEC pas226
"BRESNAHAN, Robert P., Jr.",22506,H4PA08124,2026,pro-Israel,Republican Jewish Coalition PAC (C00345132),5000.0,direct_contribution,1,FEC pas226
"BRESNAHAN, Robert P., Jr.",22506,H4PA08124,2026,pro-Israel,Republican Jewish Coalition PAC (C00345132),4424.0,earmarked_conduit_indiv,13,"FEC indiv26 (conduit 24T, recipient C00852137)"
"BRINDISI, Anthony",21904,H8NY22151,2020,pro-Israel,DMFI PAC (C00710848),5000.0,direct_contribution,2,FEC pas220
"BRINDISI, Anthony",21904,H8NY22151,2020,pro-Israel,NORPAC (C00247403),1000.0,direct_contribution,1,FEC pas220
"BRINDISI, Anthony",21904,H8NY22151,2020,pro-Israel,NORPAC (C00247403),13001.0,earmarked_conduit_indiv,11,"FEC indiv20 (conduit 24T, recipient C00648725)"
"BRINDISI, Anthony",21904,H8NY22151,2020,pro-Israel,Pro-Israel America PAC (C00699470),7205.0,earmarked_conduit_indiv,29,"FEC indiv20 (conduit 24T, recipient C00648725)"
"BROWN, Shontel M.",22161,H2OH11169,2022,pro-Israel,AIPAC PAC (C00797670),7900.0,direct_contribution,2,FEC pas222
"BROWN, Shontel M.",22161,H2OH11169,2022,pro-Israel,AIPAC PAC (C00797670),271023.0,earmarked_conduit_indiv,316,"FEC indiv22 (conduit 15E, recipient C00764381); FEC indiv22 (conduit 24T, recipient C00764381)"
"BROWN, Shontel M.",22161,H2OH11169,2022,pro-Israel,DMFI PAC (C00710848),1490507.99,IE_support,40,FEC independent_expenditure_2022.csv
"BROWN, Shontel M.",22161,H2OH11169,2022,pro-Israel,DMFI PAC (C00710848),2000.0,direct_contribution,1,FEC pas222
"BROWN, Shontel M.",22161,H2OH11169,2022,pro-Israel,NORPAC (C00247403),4300.0,direct_contribution,3,FEC pas222
"BROWN, Shontel M.",22161,H2OH11169,2022,pro-Israel,NORPAC (C00247403),88080.0,earmarked_conduit_indiv,113,"FEC indiv22 (conduit 15E, recipient C00764381); FEC indiv22 (conduit 24T, recipient C00764381)"
"BROWN, Shontel M.",22161,H2OH11169,2022,pro-Israel,Pro-Israel America PAC (C00699470),2500.0,direct_contribution,1,FEC pas222
"BROWN, Shontel M.",22161,H2OH11169,2022,pro-Israel,Pro-Israel America PAC (C00699470),715731.0,earmarked_conduit_indiv,1029,"FEC indiv22 (conduit 15E, recipient C00764381); FEC indiv22 (conduit 24T, recipient C00764381)"
"BROWN, Shontel M.",22161,H2OH11169,2022,pro-Israel,Pro-Israel America PAC (C00699470),5776.0,earmarked_conduit_pas2,121,FEC pas222
"BROWN, Shontel M.",22161,H2OH11169,2022,pro-Israel,United Democracy Project (C00799031),83172.02,IE_support,3,FEC independent_expenditure_2022.csv
"BROWN, Shontel M.",22161,H2OH11169,2022,suppl: pro-Israel,Pro-Israel America Action Fund (C00740936),51066.21,IE_support,5,FEC independent_expenditure_2022.csv
"BROWN, Shontel M.",22161,H2OH11169,2024,pro-Israel,AIPAC PAC (C00797670),10000.0,direct_contribution,2,FEC pas224
"BROWN, Shontel M.",22161,H2OH11169,2024,pro-Israel,AIPAC PAC (C00797670),95670.0,earmarked_conduit_indiv,71,"FEC indiv24 (conduit 15E, recipient C00764381); FEC indiv24 (conduit 24T, recipient C00764381)"
"BROWN, Shontel M.",22161,H2OH11169,2024,pro-Israel,AIPAC PAC (C00797670),11175.0,earmarked_conduit_pas2,22,FEC pas224
"BROWN, Shontel M.",22161,H2OH11169,2024,pro-Israel,DMFI PAC (C00710848),2865.0,IE_support,1,FEC independent_expenditure_2024.csv
"BROWN, Shontel M.",22161,H2OH11169,2024,pro-Israel,DMFI PAC (C00710848),1000.0,direct_contribution,1,FEC pas224
"BROWN, Shontel M.",22161,H2OH11169,2026,pro-Israel,AIPAC PAC (C00797670),5000.0,direct_contribution,1,FEC pas226
"BROWN, Shontel M.",22161,H2OH11169,2026,pro-Israel,AIPAC PAC (C00797670),34000.0,earmarked_conduit_indiv,23,"FEC indiv26 (conduit 24T, recipient C00764381)"
"BROWN, Shontel M.",22161,H2OH11169,2026,pro-Israel,AIPAC PAC (C00797670),-6.0,earmarked_conduit_pas2,1,FEC pas226
"BROWNLEY, Julia",21308,H2CA00120,2020,J Street,JStreetPAC (C00441949),1000.0,direct_contribution,1,FEC pas220
"BROWNLEY, Julia",21308,H2CA00120,2020,J Street,JStreetPAC (C00441949),8000.0,earmarked_conduit_indiv,9,"FEC indiv20 (conduit 15E, recipient C00513077); FEC indiv20 (conduit 24T, recipient C00513077)"
"BROWNLEY, Julia",21308,H2CA00120,2020,J Street,JStreetPAC (C00441949),-100.0,earmarked_conduit_pas2,1,FEC pas220
"BROWNLEY, Julia",21308,H2CA00120,2022,J Street,JStreetPAC (C00441949),3000.0,direct_contribution,3,FEC pas222
"BROWNLEY, Julia",21308,H2CA00120,2022,J Street,JStreetPAC (C00441949),12450.0,earmarked_conduit_indiv,9,"FEC indiv22 (conduit 15E, recipient C00513077); FEC indiv22 (conduit 24T, recipient C00513077)"
"BROWNLEY, Julia",21308,H2CA00120,2022,pro-Israel,AIPAC PAC (C00797670),7900.0,direct_contribution,2,FEC pas222
"BROWNLEY, Julia",21308,H2CA00120,2022,pro-Israel,AIPAC PAC (C00797670),7300.0,earmarked_conduit_indiv,4,"FEC indiv22 (conduit 24T, recipient C00513077)"
"BROWNLEY, Julia",21308,H2CA00120,2024,J Street,JStreetPAC (C00441949),2500.0,direct_contribution,1,FEC pas224
"BROWNLEY, Julia",21308,H2CA00120,2024,J Street,JStreetPAC (C00441949),11150.0,earmarked_conduit_indiv,8,"FEC indiv24 (conduit 24T, recipient C00513077)"
"BROWNLEY, Julia",21308,H2CA00120,2024,pro-Israel,AIPAC PAC (C00797670),10000.0,direct_contribution,2,FEC pas224
"BROWNLEY, Julia",21308,H2CA00120,2024,pro-Israel,AIPAC PAC (C00797670),30472.0,earmarked_conduit_indiv,19,"FEC indiv24 (conduit 24T, recipient C00513077)"
"BROWNLEY, Julia",21308,H2CA00120,2024,pro-Israel,AIPAC PAC (C00797670),-975.0,earmarked_conduit_pas2,6,FEC pas224
"BROWNLEY, Julia",21308,H2CA00120,2026,J Street,JStreetPAC (C00441949),2000.0,earmarked_conduit_indiv,3,"FEC indiv26 (conduit 24T, recipient C00513077)"
"BROWNLEY, Julia",21308,H2CA00120,2026,pro-Israel,AIPAC PAC (C00797670),2000.0,earmarked_conduit_indiv,2,"FEC indiv26 (conduit 24T, recipient C00513077)"
"BROWNLEY, Julia",21308,H2CA00120,2026,pro-Israel,AIPAC PAC (C00797670),-6.0,earmarked_conduit_pas2,2,FEC pas226
"BUCHANAN, Vernon G.",20709,H6FL13148,2022,pro-Israel,AIPAC PAC (C00797670),10000.0,direct_contribution,3,FEC pas222
"BUCHANAN, Vernon G.",20709,H6FL13148,2022,pro-Israel,AIPAC PAC (C00797670),31750.0,earmarked_conduit_indiv,30,"FEC indiv22 (conduit 15E, recipient C00412759); FEC indiv22 (conduit 24T, recipient C00412759)"
"BUCHANAN, Vernon G.",20709,H6FL13148,2024,pro-Israel,AIPAC PAC (C00797670),10000.0,direct_contribution,2,FEC pas224
"BUCHANAN, Vernon G.",20709,H6FL13148,2024,pro-Israel,AIPAC PAC (C00797670),21060.0,earmarked_conduit_indiv,13,"FEC indiv24 (conduit 15E, recipient C00412759); FEC indiv24 (conduit 24T, recipient C00412759)"
"BUCHANAN, Vernon G.",20709,H6FL13148,2024,pro-Israel,AIPAC PAC (C00797670),534.0,earmarked_conduit_pas2,9,FEC pas224
"BUCHANAN, Vernon G.",20709,H6FL13148,2024,pro-Israel,Republican Jewish Coalition PAC (C00345132),1220.0,earmarked_conduit_indiv,2,"FEC indiv24 (conduit 24T, recipient C00412759)"
"BUCHANAN, Vernon G.",20709,H6FL13148,2024,pro-Israel,Republican Jewish Coalition PAC (C00345132),28.0,earmarked_conduit_pas2,2,FEC pas224
"BUCHANAN, Vernon G.",20709,H6FL13148,2026,pro-Israel,AIPAC PAC (C00797670),1500.0,earmarked_conduit_indiv,2,"FEC indiv26 (conduit 24T, recipient C00412759)"
"BUCHANAN, Vernon G.",20709,H6FL13148,2026,pro-Israel,AIPAC PAC (C00797670),-6.0,earmarked_conduit_pas2,2,FEC pas226
"BUCHANAN, Vernon G.",20709,H6FL13148,2026,pro-Israel,Republican Jewish Coalition PAC (C00345132),10.0,earmarked_conduit_pas2,1,FEC pas226
"BUCK, Kenneth Robert",21510,H4CO04090,2022,pro-Israel,AIPAC PAC (C00797670),10000.0,direct_contribution,3,FEC pas222
"BUCK, Kenneth Robert",21510,H4CO04090,2022,pro-Israel,AIPAC PAC (C00797670),24000.0,earmarked_conduit_indiv,24,"FEC indiv22 (conduit 15E, recipient C00573378); FEC indiv22 (conduit 24T, recipient C00573378)"
"BUCSHON, Larry",21132,H0IN08114,2022,pro-Israel,AIPAC PAC (C00797670),7900.0,direct_contribution,2,FEC pas222
"BUCSHON, Larry",21132,H0IN08114,2024,pro-Israel,AIPAC PAC (C00797670),-475.0,earmarked_conduit_pas2,2,FEC pas224
"BUDD, Theodore Paul",21708,S2NC00505,2022,pro-Israel,NORPAC (C00247403),24000.0,direct_contribution,1,FEC pas222
"BUDD, Theodore Paul",21708,S2NC00505,2022,pro-Israel,NORPAC (C00247403),24500.0,earmarked_conduit_indiv,19,"FEC indiv22 (conduit 24T, recipient C00614776)"
"BUDD, Theodore Paul",21708,H6NC13129,2022,pro-Israel,NORPAC (C00247403),24500.0,earmarked_conduit_indiv,19,"FEC indiv22 (conduit 24T, recipient C00614776)"
"BUDD, Theodore Paul",21708,S2NC00505,2022,pro-Israel,Republican Jewish Coalition PAC (C00345132),5000.0,direct_contribution,1,FEC pas222
"BUDD, Theodore Paul",21708,S2NC00505,2022,pro-Israel,Republican Jewish Coalition PAC (C00345132),27541.0,earmarked_conduit_indiv,49,"FEC indiv22 (conduit 24T, recipient C00614776)"
"BUDD, Theodore Paul",21708,H6NC13129,2022,pro-Israel,Republican Jewish Coalition PAC (C00345132),27541.0,earmarked_conduit_indiv,49,"FEC indiv22 (conduit 24T, recipient C00614776)"
"BUDZINSKI, Nikki",22304,H2IL13153,2022,J Street,JStreetPAC (C00441949),57917.0,earmarked_conduit_indiv,62,"FEC indiv22 (conduit 15E, recipient C00787812); FEC indiv22 (conduit 24T, recipient C00787812)"
"BUDZINSKI, Nikki",22304,H2IL13153,2022,J Street,JStreetPAC (C00441949),-2900.0,earmarked_conduit_pas2,1,FEC pas222
"BUDZINSKI, Nikki",22304,H2IL13153,2022,J Street,JStreetPAC (C00441949),1298.0,in_kind,1,FEC pas222
"BUDZINSKI, Nikki",22304,H2IL13153,2022,pro-Israel,DMFI PAC (C00710848),3000.0,direct_contribution,2,FEC pas222
"BUDZINSKI, Nikki",22304,H2IL13153,2024,J Street,JStreetPAC (C00441949),100.0,direct_contribution,1,FEC pas224
"BUDZINSKI, Nikki",22304,H2IL13153,2024,J Street,JStreetPAC (C00441949),52165.0,earmarked_conduit_indiv,60,"FEC indiv24 (conduit 24T, recipient C00787812)"
"BUDZINSKI, Nikki",22304,H2IL13153,2024,J Street,JStreetPAC (C00441949),7175.0,earmarked_conduit_pas2,20,FEC pas224
"BUDZINSKI, Nikki",22304,H2IL13153,2024,pro-Israel,AIPAC PAC (C00797670),5000.0,direct_contribution,1,FEC pas224
"BUDZINSKI, Nikki",22304,H2IL13153,2024,pro-Israel,AIPAC PAC (C00797670),39304.0,earmarked_conduit_indiv,42,"FEC indiv24 (conduit 24T, recipient C00787812)"
"BUDZINSKI, Nikki",22304,H2IL13153,2024,pro-Israel,DMFI PAC (C00710848),2800.0,IE_support,1,FEC independent_expenditure_2024.csv
"BUDZINSKI, Nikki",22304,H2IL13153,2024,pro-Israel,DMFI PAC (C00710848),5000.0,direct_contribution,3,FEC pas224
"BUDZINSKI, Nikki",22304,H2IL13153,2026,J Street,JStreetPAC (C00441949),1000.0,direct_contribution,1,FEC pas226
"BUDZINSKI, Nikki",22304,H2IL13153,2026,J Street,JStreetPAC (C00441949),25860.0,earmarked_conduit_indiv,31,"FEC indiv26 (conduit 15E, recipient C00787812); FEC indiv26 (conduit 24T, recipient C00787812)"
"BUDZINSKI, Nikki",22304,H2IL13153,2026,J Street,JStreetPAC (C00441949),1000.0,earmarked_conduit_pas2,1,FEC pas226
"BUDZINSKI, Nikki",22304,H2IL13153,2026,pro-Israel,AIPAC PAC (C00797670),61819.0,earmarked_conduit_indiv,72,"FEC indiv26 (conduit 15E, recipient C00787812); FEC indiv26 (conduit 24T, recipient C00787812)"
"BUDZINSKI, Nikki",22304,H2IL13153,2026,pro-Israel,AIPAC PAC (C00797670),-6.0,earmarked_conduit_pas2,2,FEC pas226
"BURCHETT, Timothy",21905,H8TN02119,2022,pro-Israel,AIPAC PAC (C00797670),10000.0,direct_contribution,3,FEC pas222
"BURCHETT, Timothy",21905,H8TN02119,2022,pro-Israel,AIPAC PAC (C00797670),1000.0,earmarked_conduit_indiv,1,"FEC indiv22 (conduit 24T, recipient C00652149)"
"BURCHETT, Timothy",21905,H8TN02119,2024,pro-Israel,AIPAC PAC (C00797670),5000.0,direct_contribution,1,FEC pas224
"BURCHETT, Timothy",21905,H8TN02119,2024,pro-Israel,AIPAC PAC (C00797670),12611.0,earmarked_conduit_indiv,8,"FEC indiv24 (conduit 24T, recipient C00652149)"
"BURCHETT, Timothy",21905,H8TN02119,2024,pro-Israel,AIPAC PAC (C00797670),-17466.0,earmarked_conduit_pas2,37,FEC pas224
"BURCHETT, Timothy",21905,H8TN02119,2026,pro-Israel,AIPAC PAC (C00797670),5000.0,direct_contribution,1,FEC pas226
"BURCHETT, Timothy",21905,H8TN02119,2026,pro-Israel,AIPAC PAC (C00797670),17000.0,earmarked_conduit_indiv,15,"FEC indiv26 (conduit 24T, recipient C00652149)"
"BURCHETT, Timothy",21905,H8TN02119,2026,pro-Israel,AIPAC PAC (C00797670),-6.0,earmarked_conduit_pas2,2,FEC pas226
"BURGESS, Michael C.",20355,H2TX26093,2022,pro-Israel,AIPAC PAC (C00797670),5000.0,direct_contribution,1,FEC pas222
"BURGESS, Michael C.",20355,H2TX26093,2022,pro-Israel,Pro-Israel America PAC (C00699470),5900.0,earmarked_conduit_indiv,7,"FEC indiv22 (conduit 24T, recipient C00372532)"
"BURGESS, Michael C.",20355,H2TX26093,2024,pro-Israel,AIPAC PAC (C00797670),-16975.0,earmarked_conduit_pas2,35,FEC pas224
"BURLISON, Eric",22305,H2MO07143,2022,pro-Israel,AIPAC PAC (C00797670),5000.0,direct_contribution,1,FEC pas222
"BURLISON, Eric",22305,H2MO07143,2024,pro-Israel,AIPAC PAC (C00797670),5000.0,direct_contribution,1,FEC pas224
"BURLISON, Eric",22305,H2MO07143,2024,pro-Israel,AIPAC PAC (C00797670),18360.0,earmarked_conduit_indiv,22,"FEC indiv24 (conduit 24T, recipient C00788414)"
"BURLISON, Eric",22305,H2MO07143,2024,pro-Israel,AIPAC PAC (C00797670),509.0,earmarked_conduit_pas2,2,FEC pas224
"BURLISON, Eric",22305,H2MO07143,2026,pro-Israel,AIPAC PAC (C00797670),5000.0,direct_contribution,2,FEC pas226
"BURLISON, Eric",22305,H2MO07143,2026,pro-Israel,AIPAC PAC (C00797670),7000.0,earmarked_conduit_indiv,11,"FEC indiv26 (conduit 15E, recipient C00788414); FEC indiv26 (conduit 24T, recipient C00788414)"
"BURLISON, Eric",22305,H2MO07143,2026,pro-Israel,AIPAC PAC (C00797670),-6.0,earmarked_conduit_pas2,2,FEC pas226
"BUSH, Cori",22106,H8MO01143,2020,critical/pro-Palestinian,Justice Democrats PAC (C00630665),150000.0,IE_support,2,FEC independent_expenditure_2020.csv
"BUSH, Cori",22106,H8MO01143,2020,critical/pro-Palestinian,Justice Democrats PAC (C00630665),14970.0,direct_contribution,8,FEC pas220
"BUSH, Cori",22106,H8MO01143,2022,critical/pro-Palestinian,Justice Democrats PAC (C00630665),35000.0,IE_support,1,FEC independent_expenditure_2022.csv
"BUSH, Cori",22106,H8MO01143,2022,critical/pro-Palestinian,Justice Democrats PAC (C00630665),5000.0,direct_contribution,1,FEC pas222
"BUSH, Cori",22106,H8MO01143,2024,critical/pro-Palestinian,Emgage Federal PAC (C00453704),100000.0,IE_support,1,FEC independent_expenditure_2024.csv
"BUSH, Cori",22106,H8MO01143,2024,critical/pro-Palestinian,Justice Democrats PAC (C00630665),1353037.69,IE_support,13,FEC independent_expenditure_2024.csv
"BUSH, Cori",22106,H8MO01143,2024,critical/pro-Palestinian,Justice Democrats PAC (C00630665),5000.0,direct_contribution,1,FEC pas224
"BUSH, Cori",22106,H8MO01143,2024,critical/pro-Palestinian,MCARE (formerly CAIR-CA PAC) (C00396556),5000.0,direct_contribution,2,FEC pas224
"BUSH, Cori",22106,H8MO01143,2024,pro-Israel,United Democracy Project (C00799031),5242260.11,IE_oppose,52,FEC independent_expenditure_2024.csv
"BUSH, Cori",22106,H8MO01143,2026,critical/pro-Palestinian,Justice Democrats PAC (C00630665),5000.0,direct_contribution,1,FEC pas226
"BUSH, Cori",22106,H8MO01143,2026,critical/pro-Palestinian,MCARE (formerly CAIR-CA PAC) (C00396556),5000.0,direct_contribution,1,FEC pas226
"BUSH, Cori",22106,H8MO01143,2026,pro-Israel,United Democracy Project (C00799031),2457791.53,IE_oppose,18,FEC independent_expenditure_2026.csv
"BUSTOS, Cheri",21329,H2IL17071,2020,J Street,JStreetPAC (C00441949),3000.0,direct_contribution,2,FEC pas220
"BUSTOS, Cheri",21329,H2IL17071,2020,J Street,JStreetPAC (C00441949),11300.0,earmarked_conduit_indiv,15,"FEC indiv20 (conduit 15E, recipient C00498568); FEC indiv20 (conduit 24T, recipient C00498568)"
"BUSTOS, Cheri",21329,H2IL17071,2020,J Street,JStreetPAC (C00441949),1000.0,earmarked_conduit_pas2,2,FEC pas220
"BUSTOS, Cheri",21329,H2IL17071,2020,pro-Israel,DMFI PAC (C00710848),5000.0,direct_contribution,1,FEC pas220
"BUSTOS, Cheri",21329,H2IL17071,2022,J Street,JStreetPAC (C00441949),1000.0,earmarked_conduit_indiv,1,"FEC indiv22 (conduit 24T, recipient C00498568)"
"BUTTERFIELD, George Kenneth, Jr. (G.K.)",20340,H4NC01046,2020,J Street,JStreetPAC (C00441949),3000.0,direct_contribution,3,FEC pas220
"BUTTERFIELD, George Kenneth, Jr. (G.K.)",20340,H4NC01046,2020,J Street,JStreetPAC (C00441949),250.0,earmarked_conduit_indiv,1,"FEC indiv20 (conduit 15E, recipient C00401190)"
"BUTTERFIELD, George Kenneth, Jr. (G.K.)",20340,H4NC01046,2022,J Street,JStreetPAC (C00441949),1000.0,direct_contribution,1,FEC pas222
"BYNUM, Janelle S.",22507,H4OR05304,2024,pro-Israel,DMFI PAC (C00710848),8000.0,direct_contribution,3,FEC pas224
"CALVERT, Ken",29323,H2CA37023,2022,pro-Israel,AIPAC PAC (C00797670),7900.0,direct_contribution,3,FEC pas222
"CALVERT, Ken",29323,H2CA37023,2022,pro-Israel,AIPAC PAC (C00797670),100825.0,earmarked_conduit_indiv,100,"FEC indiv22 (conduit 15E, recipient C00257337); FEC indiv22 (conduit 24T, recipient C00257337)"
"CALVERT, Ken",29323,H2CA37023,2022,pro-Israel,Republican Jewish Coalition PAC (C00345132),2500.0,direct_contribution,1,FEC pas222
"CALVERT, Ken",29323,H2CA37023,2022,pro-Israel,Republican Jewish Coalition PAC (C00345132),9511.0,earmarked_conduit_indiv,17,"FEC indiv22 (conduit 24T, recipient C00257337)"
"CALVERT, Ken",29323,H2CA37023,2024,pro-Israel,AIPAC PAC (C00797670),10000.0,direct_contribution,3,FEC pas224
"CALVERT, Ken",29323,H2CA37023,2024,pro-Israel,AIPAC PAC (C00797670),601986.0,earmarked_conduit_indiv,432,"FEC indiv24 (conduit 15E, recipient C00257337); FEC indiv24 (conduit 24T, recipient C00257337)"
"CALVERT, Ken",29323,H2CA37023,2024,pro-Israel,AIPAC PAC (C00797670),38731.0,earmarked_conduit_pas2,96,FEC pas224
"CALVERT, Ken",29323,H2CA37023,2024,pro-Israel,Republican Jewish Coalition PAC (C00345132),5000.0,direct_contribution,2,FEC pas224
"CALVERT, Ken",29323,H2CA37023,2024,pro-Israel,Republican Jewish Coalition PAC (C00345132),7443.0,earmarked_conduit_indiv,9,"FEC indiv24 (conduit 24T, recipient C00257337)"
"CALVERT, Ken",29323,H2CA37023,2024,pro-Israel,Republican Jewish Coalition PAC (C00345132),2679.0,earmarked_conduit_pas2,20,FEC pas224
"CALVERT, Ken",29323,H2CA37023,2026,pro-Israel,AIPAC PAC (C00797670),5000.0,direct_contribution,1,FEC pas226
"CALVERT, Ken",29323,H2CA37023,2026,pro-Israel,AIPAC PAC (C00797670),229375.0,earmarked_conduit_indiv,125,"FEC indiv26 (conduit 15E, recipient C00257337); FEC indiv26 (conduit 24T, recipient C00257337)"
"CALVERT, Ken",29323,H2CA37023,2026,pro-Israel,AIPAC PAC (C00797670),3496.0,earmarked_conduit_pas2,3,FEC pas226
"CALVERT, Ken",29323,H2CA37023,2026,pro-Israel,Republican Jewish Coalition PAC (C00345132),250.0,earmarked_conduit_indiv,1,"FEC indiv26 (conduit 24T, recipient C00257337)"
"CAMMACK, Kat",22107,H0FL03175,2022,pro-Israel,AIPAC PAC (C00797670),10000.0,direct_contribution,3,FEC pas222
"CAMMACK, Kat",22107,H0FL03175,2022,pro-Israel,AIPAC PAC (C00797670),1500.0,earmarked_conduit_indiv,3,"FEC indiv22 (conduit 15E, recipient C00730895); FEC indiv22 (conduit 24T, recipient C00730895)"
"CAMMACK, Kat",22107,H0FL03175,2022,pro-Israel,Republican Jewish Coalition PAC (C00345132),17.0,earmarked_conduit_indiv,3,"FEC indiv22 (conduit 24T, recipient C00730895)"
"CAMMACK, Kat",22107,H0FL03175,2024,pro-Israel,AIPAC PAC (C00797670),10000.0,direct_contribution,4,FEC pas224
"CAMMACK, Kat",22107,H0FL03175,2024,pro-Israel,AIPAC PAC (C00797670),14610.0,earmarked_conduit_indiv,17,"FEC indiv24 (conduit 24T, recipient C00730895)"
"CAMMACK, Kat",22107,H0FL03175,2024,pro-Israel,AIPAC PAC (C00797670),-15941.0,earmarked_conduit_pas2,35,FEC pas224
"CAMMACK, Kat",22107,H0FL03175,2024,pro-Israel,Republican Jewish Coalition PAC (C00345132),208.0,earmarked_conduit_pas2,4,FEC pas224
"CAMMACK, Kat",22107,H0FL03175,2026,pro-Israel,AIPAC PAC (C00797670),0.0,direct_contribution,4,FEC pas226
"CAMMACK, Kat",22107,H0FL03175,2026,pro-Israel,AIPAC PAC (C00797670),33250.0,earmarked_conduit_indiv,36,"FEC indiv26 (conduit 24T, recipient C00730895)"
"CAMMACK, Kat",22107,H0FL03175,2026,pro-Israel,AIPAC PAC (C00797670),-6.0,earmarked_conduit_pas2,2,FEC pas226
"CAMMACK, Kat",22107,H0FL03175,2026,pro-Israel,NORPAC (C00247403),1500.0,earmarked_conduit_indiv,2,"FEC indiv26 (conduit 24T, recipient C00730895)"
"CAMMACK, Kat",22107,H0FL03175,2026,pro-Israel,Republican Jewish Coalition PAC (C00345132),36.0,earmarked_conduit_pas2,1,FEC pas226
"CARAVEO, Yadira",22306,H2CO08020,2022,J Street,JStreetPAC (C00441949),2000.0,direct_contribution,1,FEC pas222
"CARAVEO, Yadira",22306,H2CO08020,2022,J Street,JStreetPAC (C00441949),45016.0,earmarked_conduit_indiv,46,"FEC indiv22 (conduit 15E, recipient C00787788); FEC indiv22 (conduit 24T, recipient C00787788)"
"CARAVEO, Yadira",22306,H2CO08020,2022,J Street,JStreetPAC (C00441949),976.0,in_kind,1,FEC pas222
"CARAVEO, Yadira",22306,H2CO08020,2022,pro-Israel,DMFI PAC (C00710848),2000.0,direct_contribution,1,FEC pas222
"CARAVEO, Yadira",22306,H2CO08020,2024,J Street,JStreetPAC (C00441949),101360.0,earmarked_conduit_indiv,80,"FEC indiv24 (conduit 24T, recipient C00787788)"
"CARAVEO, Yadira",22306,H2CO08020,2024,J Street,JStreetPAC (C00441949),54974.0,earmarked_conduit_pas2,188,FEC pas224
"CARAVEO, Yadira",22306,H2CO08020,2024,pro-Israel,AIPAC PAC (C00797670),10000.0,direct_contribution,2,FEC pas224
"CARAVEO, Yadira",22306,H2CO08020,2024,pro-Israel,AIPAC PAC (C00797670),107334.0,earmarked_conduit_indiv,79,"FEC indiv24 (conduit 24T, recipient C00787788)"
"CARAVEO, Yadira",22306,H2CO08020,2024,pro-Israel,AIPAC PAC (C00797670),1000.0,earmarked_conduit_pas2,1,FEC pas224
"CARAVEO, Yadira",22306,H2CO08020,2024,pro-Israel,DMFI PAC (C00710848),5000.0,direct_contribution,2,FEC pas224
"CARBAJAL, Salud",21709,H6CA24303,2020,J Street,JStreetPAC (C00441949),4000.0,direct_contribution,4,FEC pas220
"CARBAJAL, Salud",21709,H6CA24303,2020,J Street,JStreetPAC (C00441949),250.0,earmarked_conduit_indiv,1,"FEC indiv20 (conduit 24T, recipient C00576041)"
"CARBAJAL, Salud",21709,H6CA24303,2020,J Street,JStreetPAC (C00441949),-100.0,earmarked_conduit_pas2,1,FEC pas220
"CARBAJAL, Salud",21709,H6CA24303,2022,J Street,JStreetPAC (C00441949),3000.0,direct_contribution,3,FEC pas222
"CARBAJAL, Salud",21709,H6CA24303,2022,J Street,JStreetPAC (C00441949),1500.0,earmarked_conduit_indiv,2,"FEC indiv22 (conduit 24T, recipient C00576041)"
"CARBAJAL, Salud",21709,H6CA24303,2022,pro-Israel,AIPAC PAC (C00797670),2900.0,direct_contribution,1,FEC pas222
"CARBAJAL, Salud",21709,H6CA24303,2022,pro-Israel,AIPAC PAC (C00797670),1000.0,earmarked_conduit_indiv,1,"FEC indiv22 (conduit 24T, recipient C00576041)"
"CARBAJAL, Salud",21709,H6CA24303,2024,J Street,JStreetPAC (C00441949),2500.0,direct_contribution,2,FEC pas224
"CARBAJAL, Salud",21709,H6CA24303,2024,J Street,JStreetPAC (C00441949),3350.0,earmarked_conduit_indiv,2,"FEC indiv24 (conduit 24T, recipient C00576041)"
"CARBAJAL, Salud",21709,H6CA24303,2026,J Street,JStreetPAC (C00441949),250.0,earmarked_conduit_indiv,1,"FEC indiv26 (conduit 24T, recipient C00576041)"
"CAREY, Mike",22162,H2OH15228,2022,pro-Israel,AIPAC PAC (C00797670),5000.0,direct_contribution,1,FEC pas222
"CAREY, Mike",22162,H2OH15228,2024,pro-Israel,AIPAC PAC (C00797670),10000.0,direct_contribution,2,FEC pas224
"CAREY, Mike",22162,H2OH15228,2024,pro-Israel,AIPAC PAC (C00797670),21650.0,earmarked_conduit_indiv,16,"FEC indiv24 (conduit 24T, recipient C00779603)"
"CAREY, Mike",22162,H2OH15228,2024,pro-Israel,AIPAC PAC (C00797670),-12491.0,earmarked_conduit_pas2,33,FEC pas224
"CAREY, Mike",22162,H2OH15228,2024,pro-Israel,Republican Jewish Coalition PAC (C00345132),2000.0,earmarked_conduit_indiv,1,"FEC indiv24 (conduit 24T, recipient C00779603)"
"CAREY, Mike",22162,H2OH15228,2026,pro-Israel,AIPAC PAC (C00797670),10000.0,direct_contribution,2,FEC pas226
"CAREY, Mike",22162,H2OH15228,2026,pro-Israel,AIPAC PAC (C00797670),36200.0,earmarked_conduit_indiv,29,"FEC indiv26 (conduit 15E, recipient C00779603); FEC indiv26 (conduit 24T, recipient C00779603)"
"CAREY, Mike",22162,H2OH15228,2026,pro-Israel,AIPAC PAC (C00797670),-6.0,earmarked_conduit_pas2,2,FEC pas226
"CARL, Jerry L.",22108,H0AL01055,2022,pro-Israel,AIPAC PAC (C00797670),10000.0,direct_contribution,3,FEC pas222
"CARL, Jerry L.",22108,H0AL01055,2022,pro-Israel,AIPAC PAC (C00797670),1250.0,earmarked_conduit_indiv,2,"FEC indiv22 (conduit 24T, recipient C00697789)"
"CARL, Jerry L.",22108,H0AL01055,2024,pro-Israel,AIPAC PAC (C00797670),5000.0,direct_contribution,1,FEC pas224
"CARL, Jerry L.",22108,H0AL01055,2024,pro-Israel,AIPAC PAC (C00797670),24000.0,earmarked_conduit_indiv,23,"FEC indiv24 (conduit 15E, recipient C00697789); FEC indiv24 (conduit 24T, recipient C00697789)"
"CARL, Jerry L.",22108,H0AL01055,2024,pro-Israel,AIPAC PAC (C00797670),9900.0,earmarked_conduit_pas2,60,FEC pas224
"CARL, Jerry L.",22108,H0AL01055,2026,pro-Israel,AIPAC PAC (C00797670),10000.0,direct_contribution,2,FEC pas226
"CARL, Jerry L.",22108,H0AL01055,2026,pro-Israel,AIPAC PAC (C00797670),52750.0,earmarked_conduit_indiv,44,"FEC indiv26 (conduit 15E, recipient C00697789)"
"CARSON, André",20757,H8IN07184,2020,J Street,JStreetPAC (C00441949),3500.0,direct_contribution,3,FEC pas220
"CARSON, André",20757,H8IN07184,2020,J Street,JStreetPAC (C00441949),500.0,earmarked_conduit_indiv,1,"FEC indiv20 (conduit 15E, recipient C00442921)"
"CARSON, André",20757,H8IN07184,2020,critical/pro-Palestinian,Emgage Federal PAC (C00453704),2500.0,direct_contribution,2,FEC pas220
"CARSON, André",20757,H8IN07184,2022,J Street,JStreetPAC (C00441949),3000.0,direct_contribution,3,FEC pas222
"CARSON, André",20757,H8IN07184,2024,J Street,JStreetPAC (C00441949),3500.0,direct_contribution,2,FEC pas224
"CARTER, Buddy",21513,H4GA01039,2022,pro-Israel,AIPAC PAC (C00797670),7900.0,direct_contribution,2,FEC pas222
"CARTER, Buddy",21513,H4GA01039,2022,pro-Israel,AIPAC PAC (C00797670),20500.0,earmarked_conduit_indiv,15,"FEC indiv22 (conduit 15E, recipient C00543967); FEC indiv22 (conduit 24T, recipient C00543967)"
"CARTER, Buddy",21513,S6GA00374,2022,pro-Israel,AIPAC PAC (C00797670),20500.0,earmarked_conduit_indiv,15,"FEC indiv22 (conduit 15E, recipient C00543967); FEC indiv22 (conduit 24T, recipient C00543967)"
"CARTER, Buddy",21513,H4GA01039,2024,pro-Israel,AIPAC PAC (C00797670),11000.0,direct_contribution,3,FEC pas224
"CARTER, Buddy",21513,H4GA01039,2024,pro-Israel,AIPAC PAC (C00797670),23475.0,earmarked_conduit_indiv,21,"FEC indiv24 (conduit 24T, recipient C00543967)"
"CARTER, Buddy",21513,S6GA00374,2024,pro-Israel,AIPAC PAC (C00797670),23475.0,earmarked_conduit_indiv,21,"FEC indiv24 (conduit 24T, recipient C00543967)"
"CARTER, Buddy",21513,H4GA01039,2024,pro-Israel,AIPAC PAC (C00797670),-11133.0,earmarked_conduit_pas2,31,FEC pas224
"CARTER, Buddy",21513,H4GA01039,2024,pro-Israel,Republican Jewish Coalition PAC (C00345132),1000.0,earmarked_conduit_indiv,1,"FEC indiv24 (conduit 24T, recipient C00543967)"
"CARTER, Buddy",21513,S6GA00374,2024,pro-Israel,Republican Jewish Coalition PAC (C00345132),1000.0,earmarked_conduit_indiv,1,"FEC indiv24 (conduit 24T, recipient C00543967)"
"CARTER, Buddy",21513,H4GA01039,2026,pro-Israel,Republican Jewish Coalition PAC (C00345132),100.0,earmarked_conduit_pas2,2,FEC pas226
"CARTER, John R.",20356,H2TX31044,2020,pro-Israel,Pro-Israel America PAC (C00699470),8200.0,earmarked_conduit_indiv,4,"FEC indiv20 (conduit 24T, recipient C00371203)"
"CARTER, John R.",20356,H2TX31044,2022,pro-Israel,AIPAC PAC (C00797670),5000.0,direct_contribution,1,FEC pas222
"CARTER, John R.",20356,H2TX31044,2022,pro-Israel,Republican Jewish Coalition PAC (C00345132),750.0,earmarked_conduit_indiv,1,"FEC indiv22 (conduit 24T, recipient C00371203)"
"CARTER, John R.",20356,H2TX31044,2024,pro-Israel,AIPAC PAC (C00797670),5000.0,direct_contribution,1,FEC pas224
"CARTER, John R.",20356,H2TX31044,2024,pro-Israel,AIPAC PAC (C00797670),10250.0,earmarked_conduit_indiv,16,"FEC indiv24 (conduit 15E, recipient C00371203); FEC indiv24 (conduit 24T, recipient C00371203)"
"CARTER, John R.",20356,H2TX31044,2024,pro-Israel,AIPAC PAC (C00797670),-12741.0,earmarked_conduit_pas2,30,FEC pas224
"CARTER, John R.",20356,H2TX31044,2026,pro-Israel,AIPAC PAC (C00797670),5000.0,direct_contribution,1,FEC pas226
"CARTER, John R.",20356,H2TX31044,2026,pro-Israel,AIPAC PAC (C00797670),15217.0,earmarked_conduit_indiv,16,"FEC indiv26 (conduit 24T, recipient C00371203)"
"CARTER, John R.",20356,H2TX31044,2026,pro-Israel,AIPAC PAC (C00797670),-233.0,earmarked_conduit_pas2,4,FEC pas226
"CARTER, Troy",22158,H2LA02149,2022,pro-Israel,AIPAC PAC (C00797670),10000.0,direct_contribution,3,FEC pas222
"CARTER, Troy",22158,H2LA02149,2022,pro-Israel,AIPAC PAC (C00797670),15500.0,earmarked_conduit_indiv,10,"FEC indiv22 (conduit 24T, recipient C00763649)"
"CARTER, Troy",22158,H2LA02149,2024,J Street,JStreetPAC (C00441949),6600.0,earmarked_conduit_indiv,2,"FEC indiv24 (conduit 24T, recipient C00763649)"
"CARTER, Troy",22158,H2LA02149,2024,pro-Israel,AIPAC PAC (C00797670),9400.0,direct_contribution,3,FEC pas224
"CARTER, Troy",22158,H2LA02149,2024,pro-Israel,AIPAC PAC (C00797670),14250.0,earmarked_conduit_indiv,15,"FEC indiv24 (conduit 24T, recipient C00763649)"
"CARTWRIGHT, Matt",21358,H2PA17079,2020,J Street,JStreetPAC (C00441949),1000.0,direct_contribution,1,FEC pas220
"CARTWRIGHT, Matt",21358,H2PA17079,2020,J Street,JStreetPAC (C00441949),15900.0,earmarked_conduit_indiv,10,"FEC indiv20 (conduit 15E, recipient C00509968); FEC indiv20 (conduit 24T, recipient C00509968)"
"CARTWRIGHT, Matt",21358,H2PA17079,2020,J Street,JStreetPAC (C00441949),150.0,earmarked_conduit_pas2,1,FEC pas220
"CARTWRIGHT, Matt",21358,H2PA17079,2020,pro-Israel,DMFI PAC (C00710848),2000.0,direct_contribution,1,FEC pas220
"CARTWRIGHT, Matt",21358,H2PA17079,2022,J Street,JStreetPAC (C00441949),2500.0,direct_contribution,2,FEC pas222
"CARTWRIGHT, Matt",21358,H2PA17079,2022,J Street,JStreetPAC (C00441949),21300.0,earmarked_conduit_indiv,25,"FEC indiv22 (conduit 15E, recipient C00509968); FEC indiv22 (conduit 24T, recipient C00509968)"
"CARTWRIGHT, Matt",21358,H2PA17079,2022,pro-Israel,AIPAC PAC (C00797670),5000.0,direct_contribution,3,FEC pas222
"CARTWRIGHT, Matt",21358,H2PA17079,2022,pro-Israel,AIPAC PAC (C00797670),7000.0,earmarked_conduit_indiv,7,"FEC indiv22 (conduit 24T, recipient C00509968)"
"CARTWRIGHT, Matt",21358,H2PA17079,2024,J Street,JStreetPAC (C00441949),46975.0,earmarked_conduit_indiv,50,"FEC indiv24 (conduit 24T, recipient C00509968)"
"CARTWRIGHT, Matt",21358,H2PA17079,2024,J Street,JStreetPAC (C00441949),19200.0,earmarked_conduit_pas2,25,FEC pas224
"CARTWRIGHT, Matt",21358,H2PA17079,2024,pro-Israel,AIPAC PAC (C00797670),10000.0,direct_contribution,3,FEC pas224
"CARTWRIGHT, Matt",21358,H2PA17079,2024,pro-Israel,AIPAC PAC (C00797670),149981.0,earmarked_conduit_indiv,139,"FEC indiv24 (conduit 15E, recipient C00509968); FEC indiv24 (conduit 24T, recipient C00509968)"
"CARTWRIGHT, Matt",21358,H2PA17079,2024,pro-Israel,AIPAC PAC (C00797670),-6400.0,earmarked_conduit_pas2,27,FEC pas224
"CARTWRIGHT, Matt",21358,H2PA17079,2024,pro-Israel,DMFI PAC (C00710848),1165.0,IE_support,1,FEC independent_expenditure_2024.csv
"CARTWRIGHT, Matt",21358,H2PA17079,2024,pro-Israel,DMFI PAC (C00710848),5000.0,direct_contribution,2,FEC pas224
"CASAR, Greg",22307,H2TX35144,2022,J Street,JStreetPAC (C00441949),1000.0,direct_contribution,1,FEC pas222
"CASAR, Greg",22307,H2TX35144,2022,J Street,JStreetPAC (C00441949),2350.0,earmarked_conduit_indiv,5,"FEC indiv22 (conduit 24T, recipient C00791897)"
"CASAR, Greg",22307,H2TX35144,2022,critical/pro-Palestinian,Justice Democrats PAC (C00630665),107746.0,IE_support,4,FEC independent_expenditure_2022.csv
"CASAR, Greg",22307,H2TX35144,2022,critical/pro-Palestinian,Justice Democrats PAC (C00630665),6000.0,direct_contribution,2,FEC pas222
"CASAR, Greg",22307,H2TX35144,2024,J Street,JStreetPAC (C00441949),3000.0,direct_contribution,3,FEC pas224
"CASAR, Greg",22307,H2TX35144,2024,J Street,JStreetPAC (C00441949),4050.0,earmarked_conduit_indiv,3,"FEC indiv24 (conduit 24T, recipient C00791897)"
"CASAR, Greg",22307,H2TX35144,2024,J Street,JStreetPAC (C00441949),2400.0,earmarked_conduit_pas2,4,FEC pas224
"CASAR, Greg",22307,H2TX35144,2026,J Street,JStreetPAC (C00441949),2500.0,direct_contribution,1,FEC pas226
"CASAR, Greg",22307,H2TX35144,2026,J Street,JStreetPAC (C00441949),14250.0,earmarked_conduit_indiv,24,"FEC indiv26 (conduit 24T, recipient C00791897)"
"CASAR, Greg",22307,H2TX35144,2026,critical/pro-Palestinian,Justice Democrats PAC (C00630665),2500.0,direct_contribution,1,FEC pas226
"CASE, Ed",20322,H2HI02128,2022,pro-Israel,AIPAC PAC (C00797670),10000.0,direct_contribution,7,FEC pas222
"CASE, Ed",20322,H2HI02128,2022,pro-Israel,AIPAC PAC (C00797670),18150.0,earmarked_conduit_indiv,19,"FEC indiv22 (conduit 24T, recipient C00680918)"
"CASE, Ed",20322,H2HI02128,2024,pro-Israel,AIPAC PAC (C00797670),10000.0,direct_contribution,3,FEC pas224
"CASE, Ed",20322,H2HI02128,2024,pro-Israel,AIPAC PAC (C00797670),250.0,earmarked_conduit_indiv,1,"FEC indiv24 (conduit 24T, recipient C00680918)"
"CASE, Ed",20322,H2HI02128,2024,pro-Israel,AIPAC PAC (C00797670),-12500.0,earmarked_conduit_pas2,25,FEC pas224
"CASE, Ed",20322,H2HI02128,2026,pro-Israel,AIPAC PAC (C00797670),-6.0,earmarked_conduit_pas2,2,FEC pas226
"CASTEN, Sean",21906,H8IL06139,2020,J Street,JStreetPAC (C00441949),35115.0,earmarked_conduit_indiv,52,"FEC indiv20 (conduit 15E, recipient C00648493); FEC indiv20 (conduit 24T, recipient C00648493)"
"CASTEN, Sean",21906,H8IL06139,2020,J Street,JStreetPAC (C00441949),916.0,earmarked_conduit_pas2,4,FEC pas220
"CASTEN, Sean",21906,H8IL06139,2022,J Street,JStreetPAC (C00441949),3500.0,direct_contribution,2,FEC pas222
"CASTEN, Sean",21906,H8IL06139,2022,J Street,JStreetPAC (C00441949),49995.0,earmarked_conduit_indiv,59,"FEC indiv22 (conduit 15E, recipient C00648493); FEC indiv22 (conduit 24T, recipient C00648493)"
"CASTEN, Sean",21906,H8IL06139,2022,pro-Israel,DMFI PAC (C00710848),37492.18,IE_support,2,FEC independent_expenditure_2022.csv
"CASTEN, Sean",21906,H8IL06139,2022,pro-Israel,DMFI PAC (C00710848),2000.0,direct_contribution,1,FEC pas222
"CASTEN, Sean",21906,H8IL06139,2022,pro-Israel,Pro-Israel America PAC (C00699470),46700.0,earmarked_conduit_indiv,15,"FEC indiv22 (conduit 24T, recipient C00648493)"
"CASTEN, Sean",21906,H8IL06139,2024,J Street,JStreetPAC (C00441949),31935.0,earmarked_conduit_indiv,33,"FEC indiv24 (conduit 24T, recipient C00648493)"
"CASTEN, Sean",21906,H8IL06139,2024,J Street,JStreetPAC (C00441949),2450.0,earmarked_conduit_pas2,4,FEC pas224
"CASTEN, Sean",21906,H8IL06139,2026,J Street,JStreetPAC (C00441949),25050.0,earmarked_conduit_indiv,24,"FEC indiv26 (conduit 15E, recipient C00648493); FEC indiv26 (conduit 24T, recipient C00648493)"
"CASTEN, Sean",21906,H8IL06139,2026,J Street,JStreetPAC (C00441949),3500.0,earmarked_conduit_pas2,2,FEC pas226
"CASTOR, Kathy",20708,H6FL11126,2022,pro-Israel,AIPAC PAC (C00797670),10000.0,direct_contribution,3,FEC pas222
"CASTOR, Kathy",20708,H6FL11126,2024,pro-Israel,AIPAC PAC (C00797670),10000.0,direct_contribution,2,FEC pas224
"CASTOR, Kathy",20708,H6FL11126,2024,pro-Israel,AIPAC PAC (C00797670),13960.0,earmarked_conduit_indiv,24,"FEC indiv24 (conduit 24T, recipient C00410761)"
"CASTOR, Kathy",20708,H6FL11126,2024,pro-Israel,AIPAC PAC (C00797670),-11475.0,earmarked_conduit_pas2,24,FEC pas224
"CASTOR, Kathy",20708,H6FL11126,2026,pro-Israel,AIPAC PAC (C00797670),5000.0,direct_contribution,1,FEC pas226
"CASTOR, Kathy",20708,H6FL11126,2026,pro-Israel,AIPAC PAC (C00797670),47798.0,earmarked_conduit_indiv,61,"FEC indiv26 (conduit 15E, recipient C00410761); FEC indiv26 (conduit 24T, recipient C00410761)"
"CASTOR, Kathy",20708,H6FL11126,2026,pro-Israel,AIPAC PAC (C00797670),-6.0,earmarked_conduit_pas2,2,FEC pas226
"CASTOR, Kathy",20708,H6FL11126,2026,pro-Israel,DMFI PAC (C00710848),5000.0,direct_contribution,2,FEC pas226
"CASTRO, Joaquin",21362,H2TX35011,2020,J Street,JStreetPAC (C00441949),4000.0,direct_contribution,6,FEC pas220
"CASTRO, Joaquin",21362,H2TX35011,2020,J Street,JStreetPAC (C00441949),500.0,earmarked_conduit_indiv,1,"FEC indiv20 (conduit 24T, recipient C00497933)"
"CASTRO, Joaquin",21362,H2TX35011,2022,J Street,JStreetPAC (C00441949),6500.0,direct_contribution,5,FEC pas222
"CASTRO, Joaquin",21362,H2TX35011,2022,J Street,JStreetPAC (C00441949),2750.0,earmarked_conduit_indiv,6,"FEC indiv22 (conduit 24T, recipient C00497933)"
"CASTRO, Joaquin",21362,H2TX35011,2024,J Street,JStreetPAC (C00441949),2000.0,direct_contribution,2,FEC pas224
"CASTRO, Joaquin",21362,H2TX35011,2024,J Street,JStreetPAC (C00441949),4300.0,earmarked_conduit_indiv,2,"FEC indiv24 (conduit 24T, recipient C00497933)"
"CASTRO, Joaquin",21362,H2TX35011,2024,J Street,JStreetPAC (C00441949),750.0,earmarked_conduit_pas2,2,FEC pas224
"CASTRO, Joaquin",21362,H2TX35011,2026,J Street,JStreetPAC (C00441949),500.0,earmarked_conduit_indiv,1,"FEC indiv26 (conduit 24T, recipient C00497933)"
"CASTRO, Joaquin",21362,H2TX35011,2026,J Street,JStreetPAC (C00441949),500.0,earmarked_conduit_pas2,1,FEC pas226
"CHABOT, Steve",29550,H8OH01043,2020,pro-Israel,NORPAC (C00247403),3000.0,direct_contribution,2,FEC pas220
"CHABOT, Steve",29550,H8OH01043,2020,pro-Israel,NORPAC (C00247403),25000.0,earmarked_conduit_indiv,12,"FEC indiv20 (conduit 24T, recipient C00301838)"
"CHABOT, Steve",29550,H8OH01043,2020,pro-Israel,Pro-Israel America PAC (C00699470),1000.0,direct_contribution,1,FEC pas220
"CHABOT, Steve",29550,H8OH01043,2020,pro-Israel,Pro-Israel America PAC (C00699470),10007.0,earmarked_conduit_indiv,46,"FEC indiv20 (conduit 24T, recipient C00301838)"
"CHABOT, Steve",29550,H8OH01043,2020,pro-Israel,Republican Jewish Coalition PAC (C00345132),2500.0,direct_contribution,1,FEC pas220
"CHABOT, Steve",29550,H8OH01043,2022,pro-Israel,AIPAC PAC (C00797670),7900.0,direct_contribution,2,FEC pas222
"CHABOT, Steve",29550,H8OH01043,2022,pro-Israel,AIPAC PAC (C00797670),12000.0,earmarked_conduit_indiv,23,"FEC indiv22 (conduit 15E, recipient C00301838); FEC indiv22 (conduit 24T, recipient C00301838)"
"CHABOT, Steve",29550,H8OH01043,2022,pro-Israel,NORPAC (C00247403),-432.0,direct_contribution,1,FEC pas222
"CHABOT, Steve",29550,H8OH01043,2022,pro-Israel,NORPAC (C00247403),15050.0,earmarked_conduit_indiv,14,"FEC indiv22 (conduit 24T, recipient C00301838)"
"CHABOT, Steve",29550,H8OH01043,2022,pro-Israel,Republican Jewish Coalition PAC (C00345132),2500.0,direct_contribution,1,FEC pas222
"CHABOT, Steve",29550,H8OH01043,2022,pro-Israel,Republican Jewish Coalition PAC (C00345132),3885.0,earmarked_conduit_indiv,14,"FEC indiv22 (conduit 24T, recipient C00301838)"
"CHAVEZ-DEREMER, Lori",22308,H2OR05209,2022,pro-Israel,AIPAC PAC (C00797670),5000.0,direct_contribution,1,FEC pas222
"CHAVEZ-DEREMER, Lori",22308,H2OR05209,2022,pro-Israel,Republican Jewish Coalition PAC (C00345132),2500.0,direct_contribution,1,FEC pas222
"CHAVEZ-DEREMER, Lori",22308,H2OR05209,2022,pro-Israel,Republican Jewish Coalition PAC (C00345132),2042.0,earmarked_conduit_indiv,17,"FEC indiv22 (conduit 24T, recipient C00784520)"
"CHAVEZ-DEREMER, Lori",22308,H2OR05209,2024,pro-Israel,AIPAC PAC (C00797670),5000.0,direct_contribution,1,FEC pas224
"CHAVEZ-DEREMER, Lori",22308,H2OR05209,2024,pro-Israel,AIPAC PAC (C00797670),128069.0,earmarked_conduit_indiv,118,"FEC indiv24 (conduit 24T, recipient C00784520)"
"CHAVEZ-DEREMER, Lori",22308,H2OR05209,2024,pro-Israel,AIPAC PAC (C00797670),2796.0,earmarked_conduit_pas2,6,FEC pas224
"CHAVEZ-DEREMER, Lori",22308,H2OR05209,2024,pro-Israel,DMFI PAC (C00710848),94901.0,IE_oppose,1,FEC independent_expenditure_2024.csv
"CHAVEZ-DEREMER, Lori",22308,H2OR05209,2024,pro-Israel,Republican Jewish Coalition PAC (C00345132),7500.0,direct_contribution,2,FEC pas224
"CHAVEZ-DEREMER, Lori",22308,H2OR05209,2024,pro-Israel,Republican Jewish Coalition PAC (C00345132),3036.0,earmarked_conduit_indiv,17,"FEC indiv24 (conduit 24T, recipient C00784520)"
"CHAVEZ-DEREMER, Lori",22308,H2OR05209,2024,pro-Israel,Republican Jewish Coalition PAC (C00345132),705.0,earmarked_conduit_pas2,18,FEC pas224
"CHENEY, Liz",21710,H6WY00159,2020,pro-Israel,Republican Jewish Coalition PAC (C00345132),5000.0,direct_contribution,1,FEC pas220
"CHENEY, Liz",21710,H6WY00159,2022,pro-Israel,AIPAC PAC (C00797670),4750.0,earmarked_conduit_indiv,7,"FEC indiv22 (conduit 24T, recipient C00607556)"
"CHENEY, Liz",21710,H6WY00159,2022,pro-Israel,Pro-Israel America PAC (C00699470),15000.0,earmarked_conduit_indiv,17,"FEC indiv22 (conduit 24T, recipient C00607556)"
"CHENEY, Liz",21710,H6WY00159,2022,pro-Israel,Republican Jewish Coalition PAC (C00345132),28400.0,earmarked_conduit_indiv,16,"FEC indiv22 (conduit 24T, recipient C00607556)"
"CHERFILUS-MCCORMICK, Sheila",22163,H8FL20032,2022,pro-Israel,AIPAC PAC (C00797670),10000.0,direct_contribution,3,FEC pas222
"CHERFILUS-MCCORMICK, Sheila",22163,H8FL20032,2022,pro-Israel,AIPAC PAC (C00797670),22100.0,earmarked_conduit_indiv,18,"FEC indiv22 (conduit 15E, recipient C00677492); FEC indiv22 (conduit 24T, recipient C00677492)"
"CHERFILUS-MCCORMICK, Sheila",22163,H8FL20032,2024,pro-Israel,AIPAC PAC (C00797670),10000.0,direct_contribution,2,FEC pas224
"CHERFILUS-MCCORMICK, Sheila",22163,H8FL20032,2024,pro-Israel,AIPAC PAC (C00797670),127314.0,earmarked_conduit_indiv,113,"FEC indiv24 (conduit 15E, recipient C00677492); FEC indiv24 (conduit 24T, recipient C00677492)"
"CHERFILUS-MCCORMICK, Sheila",22163,H8FL20032,2024,pro-Israel,AIPAC PAC (C00797670),4825.0,earmarked_conduit_pas2,39,FEC pas224
"CHERFILUS-MCCORMICK, Sheila",22163,H8FL20032,2024,pro-Israel,DMFI PAC (C00710848),1000.0,direct_contribution,1,FEC pas224
"CHERFILUS-MCCORMICK, Sheila",22163,H8FL20032,2026,pro-Israel,AIPAC PAC (C00797670),5000.0,direct_contribution,1,FEC pas226
"CHERFILUS-MCCORMICK, Sheila",22163,H8FL20032,2026,pro-Israel,AIPAC PAC (C00797670),102800.0,earmarked_conduit_indiv,92,"FEC indiv26 (conduit 24T, recipient C00677492)"
"CHERFILUS-MCCORMICK, Sheila",22163,H8FL20032,2026,pro-Israel,AIPAC PAC (C00797670),-6.0,earmarked_conduit_pas2,1,FEC pas226
"CHU, Judy",20955,H0CA32101,2020,J Street,JStreetPAC (C00441949),4000.0,direct_contribution,4,FEC pas220
"CHU, Judy",20955,H0CA32101,2020,J Street,JStreetPAC (C00441949),-100.0,earmarked_conduit_pas2,1,FEC pas220
"CHU, Judy",20955,H0CA32101,2022,J Street,JStreetPAC (C00441949),4000.0,direct_contribution,4,FEC pas222
"CHU, Judy",20955,H0CA32101,2022,J Street,JStreetPAC (C00441949),1250.0,earmarked_conduit_indiv,2,"FEC indiv22 (conduit 15E, recipient C00458125); FEC indiv22 (conduit 24T, recipient C00458125)"
"CHU, Judy",20955,H0CA32101,2024,J Street,JStreetPAC (C00441949),2000.0,direct_contribution,2,FEC pas224
"CICILLINE, David N.",21172,H0RI01073,2020,J Street,JStreetPAC (C00441949),1000.0,direct_contribution,1,FEC pas220
"CICILLINE, David N.",21172,H0RI01073,2020,J Street,JStreetPAC (C00441949),1000.0,earmarked_conduit_indiv,1,"FEC indiv20 (conduit 24T, recipient C00476564)"
"CICILLINE, David N.",21172,H0RI01073,2020,pro-Israel,Pro-Israel America PAC (C00699470),4000.0,earmarked_conduit_indiv,4,"FEC indiv20 (conduit 24T, recipient C00476564)"
"CICILLINE, David N.",21172,H0RI01073,2022,J Street,JStreetPAC (C00441949),4500.0,direct_contribution,4,FEC pas222
"CICILLINE, David N.",21172,H0RI01073,2022,pro-Israel,AIPAC PAC (C00797670),2100.0,direct_contribution,1,FEC pas222
"CICILLINE, David N.",21172,H0RI01073,2022,pro-Israel,Pro-Israel America PAC (C00699470),41625.0,earmarked_conduit_indiv,35,"FEC indiv22 (conduit 15E, recipient C00476564); FEC indiv22 (conduit 24T, recipient C00476564)"
"CISCOMANI, Juan",22309,H2AZ02360,2022,pro-Israel,AIPAC PAC (C00797670),41200.0,earmarked_conduit_indiv,29,"FEC indiv22 (conduit 24T, recipient C00786194)"
"CISCOMANI, Juan",22309,H2AZ02360,2022,pro-Israel,Republican Jewish Coalition PAC (C00345132),2500.0,direct_contribution,1,FEC pas222
"CISCOMANI, Juan",22309,H2AZ02360,2022,pro-Israel,Republican Jewish Coalition PAC (C00345132),550.0,earmarked_conduit_indiv,6,"FEC indiv22 (conduit 24T, recipient C00786194)"
"CISCOMANI, Juan",22309,H2AZ02360,2024,pro-Israel,AIPAC PAC (C00797670),10000.0,direct_contribution,2,FEC pas224
"CISCOMANI, Juan",22309,H2AZ02360,2024,pro-Israel,AIPAC PAC (C00797670),671612.0,earmarked_conduit_indiv,598,"FEC indiv24 (conduit 24T, recipient C00786194)"
"CISCOMANI, Juan",22309,H2AZ02360,2024,pro-Israel,AIPAC PAC (C00797670),-3291.0,earmarked_conduit_pas2,2,FEC pas224
"CISCOMANI, Juan",22309,H2AZ02360,2024,pro-Israel,Republican Jewish Coalition PAC (C00345132),7500.0,direct_contribution,2,FEC pas224
"CISCOMANI, Juan",22309,H2AZ02360,2024,pro-Israel,Republican Jewish Coalition PAC (C00345132),4742.0,earmarked_conduit_indiv,15,"FEC indiv24 (conduit 24T, recipient C00786194); FEC indiv24 (conduit 24T, recipient C00798645)"
"CISCOMANI, Juan",22309,H2AZ02360,2024,pro-Israel,Republican Jewish Coalition PAC (C00345132),3068.0,earmarked_conduit_pas2,32,FEC pas224
"CISCOMANI, Juan",22309,H2AZ02360,2026,pro-Israel,AIPAC PAC (C00797670),5000.0,direct_contribution,1,FEC pas226
"CISCOMANI, Juan",22309,H2AZ02360,2026,pro-Israel,AIPAC PAC (C00797670),544250.0,earmarked_conduit_indiv,386,"FEC indiv26 (conduit 15E, recipient C00786194); FEC indiv26 (conduit 24T, recipient C00786194)"
"CISCOMANI, Juan",22309,H2AZ02360,2026,pro-Israel,AIPAC PAC (C00797670),-6.0,earmarked_conduit_pas2,1,FEC pas226
"CISCOMANI, Juan",22309,H2AZ02360,2026,pro-Israel,Republican Jewish Coalition PAC (C00345132),5000.0,direct_contribution,1,FEC pas226
"CISCOMANI, Juan",22309,H2AZ02360,2026,pro-Israel,Republican Jewish Coalition PAC (C00345132),2152.0,earmarked_conduit_indiv,9,"FEC indiv26 (conduit 24T, recipient C00786194)"
"CISNEROS, Gil",21907,H8CA39174,2020,J Street,JStreetPAC (C00441949),25795.0,earmarked_conduit_indiv,26,"FEC indiv20 (conduit 15E, recipient C00650648); FEC indiv20 (conduit 24T, recipient C00650648)"
"CISNEROS, Gil",21907,H8CA39174,2020,J Street,JStreetPAC (C00441949),8900.0,earmarked_conduit_pas2,15,FEC pas220
"CISNEROS, Gil",21907,H8CA39174,2020,J Street,JStreetPAC (C00441949),46.0,in_kind,1,FEC pas220
"CISNEROS, Gil",21907,H8CA39174,2024,J Street,JStreetPAC (C00441949),1250.0,earmarked_conduit_indiv,2,"FEC indiv24 (conduit 24T, recipient C00650648)"
"CISNEROS, Gil",21907,H8CA39174,2024,pro-Israel,AIPAC PAC (C00797670),5000.0,direct_contribution,3,FEC pas224
"CISNEROS, Gil",21907,H8CA39174,2024,pro-Israel,AIPAC PAC (C00797670),22600.0,earmarked_conduit_indiv,31,"FEC indiv24 (conduit 24T, recipient C00850420)"
"CISNEROS, Gil",21907,H8CA39174,2024,pro-Israel,DMFI PAC (C00710848),1000.0,direct_contribution,1,FEC pas224
"CISNEROS, Gil",21907,H8CA39174,2026,J Street,JStreetPAC (C00441949),250.0,earmarked_conduit_indiv,1,"FEC indiv26 (conduit 24T, recipient C00650648)"
"CISNEROS, Gil",21907,H4CA31170,2026,pro-Israel,AIPAC PAC (C00797670),5000.0,direct_contribution,1,FEC pas226
"CISNEROS, Gil",21907,H8CA39174,2026,pro-Israel,AIPAC PAC (C00797670),53000.0,earmarked_conduit_indiv,38,"FEC indiv26 (conduit 24T, recipient C00850420)"
"CISNEROS, Gil",21907,H4CA31170,2026,pro-Israel,AIPAC PAC (C00797670),-6.0,earmarked_conduit_pas2,2,FEC pas226
"CLARK, Katherine M.",21375,H4MA05084,2020,J Street,JStreetPAC (C00441949),17500.0,earmarked_conduit_indiv,21,"FEC indiv20 (conduit 15E, recipient C00541888); FEC indiv20 (conduit 24T, recipient C00541888)"
"CLARK, Katherine M.",21375,H4MA05084,2020,J Street,JStreetPAC (C00441949),150.0,earmarked_conduit_pas2,1,FEC pas220
"CLARK, Katherine M.",21375,H4MA05084,2022,J Street,JStreetPAC (C00441949),37950.0,earmarked_conduit_indiv,35,"FEC indiv22 (conduit 24T, recipient C00541888)"
"CLARK, Katherine M.",21375,H4MA05084,2022,pro-Israel,AIPAC PAC (C00797670),10000.0,direct_contribution,4,FEC pas222
"CLARK, Katherine M.",21375,H4MA05084,2022,pro-Israel,AIPAC PAC (C00797670),28300.0,earmarked_conduit_indiv,21,"FEC indiv22 (conduit 24T, recipient C00541888)"
"CLARK, Katherine M.",21375,H4MA05084,2024,J Street,JStreetPAC (C00441949),5000.0,direct_contribution,1,FEC pas224
"CLARK, Katherine M.",21375,H4MA05084,2024,J Street,JStreetPAC (C00441949),48480.0,earmarked_conduit_indiv,48,"FEC indiv24 (conduit 24T, recipient C00541888)"
"CLARK, Katherine M.",21375,H4MA05084,2024,J Street,JStreetPAC (C00441949),3330.0,earmarked_conduit_pas2,8,FEC pas224
"CLARK, Katherine M.",21375,H4MA05084,2024,pro-Israel,AIPAC PAC (C00797670),5000.0,direct_contribution,1,FEC pas224
"CLARK, Katherine M.",21375,H4MA05084,2024,pro-Israel,AIPAC PAC (C00797670),373087.0,earmarked_conduit_indiv,226,"FEC indiv24 (conduit 15E, recipient C00541888); FEC indiv24 (conduit 24T, recipient C00541888)"
"CLARK, Katherine M.",21375,H4MA05084,2024,pro-Israel,AIPAC PAC (C00797670),8010.0,earmarked_conduit_pas2,41,FEC pas224
"CLARK, Katherine M.",21375,H4MA05084,2026,J Street,JStreetPAC (C00441949),69300.0,earmarked_conduit_indiv,17,"FEC indiv26 (conduit 15E, recipient C00541888); FEC indiv26 (conduit 24T, recipient C00541888)"
"CLARK, Katherine M.",21375,H4MA05084,2026,J Street,JStreetPAC (C00441949),50.0,earmarked_conduit_pas2,1,FEC pas226
"CLARK, Katherine M.",21375,H4MA05084,2026,pro-Israel,AIPAC PAC (C00797670),10000.0,direct_contribution,2,FEC pas226
"CLARK, Katherine M.",21375,H4MA05084,2026,pro-Israel,AIPAC PAC (C00797670),126850.0,earmarked_conduit_indiv,104,"FEC indiv26 (conduit 15E, recipient C00541888); FEC indiv26 (conduit 24T, recipient C00541888)"
"CLARK, Katherine M.",21375,H4MA05084,2026,pro-Israel,AIPAC PAC (C00797670),-6.0,earmarked_conduit_pas2,1,FEC pas226
"CLARKE, Yvette Diane",20733,H4NY11138,2020,J Street,JStreetPAC (C00441949),11050.0,earmarked_conduit_indiv,11,"FEC indiv20 (conduit 24T, recipient C00415331)"
"CLARKE, Yvette Diane",20733,H4NY11138,2022,J Street,JStreetPAC (C00441949),1000.0,direct_contribution,1,FEC pas222
"CLARKE, Yvette Diane",20733,H4NY11138,2022,J Street,JStreetPAC (C00441949),13798.0,earmarked_conduit_indiv,21,"FEC indiv22 (conduit 24T, recipient C00415331)"
"CLARKE, Yvette Diane",20733,H4NY11138,2022,pro-Israel,AIPAC PAC (C00797670),10000.0,direct_contribution,3,FEC pas222
"CLARKE, Yvette Diane",20733,H4NY11138,2022,pro-Israel,AIPAC PAC (C00797670),12100.0,earmarked_conduit_indiv,3,"FEC indiv22 (conduit 15E, recipient C00415331); FEC indiv22 (conduit 24T, recipient C00415331)"
"CLARKE, Yvette Diane",20733,H4NY11138,2024,J Street,JStreetPAC (C00441949),5300.0,direct_contribution,3,FEC pas224
"CLARKE, Yvette Diane",20733,H4NY11138,2024,J Street,JStreetPAC (C00441949),8400.0,earmarked_conduit_indiv,11,"FEC indiv24 (conduit 24T, recipient C00415331)"
"CLARKE, Yvette Diane",20733,H4NY11138,2024,pro-Israel,AIPAC PAC (C00797670),15050.0,earmarked_conduit_indiv,12,"FEC indiv24 (conduit 24T, recipient C00415331)"
"CLARKE, Yvette Diane",20733,H4NY11138,2024,pro-Israel,AIPAC PAC (C00797670),-3125.0,earmarked_conduit_pas2,23,FEC pas224
"CLARKE, Yvette Diane",20733,H4NY11138,2026,J Street,JStreetPAC (C00441949),1000.0,direct_contribution,1,FEC pas226
"CLARKE, Yvette Diane",20733,H4NY11138,2026,J Street,JStreetPAC (C00441949),15877.0,earmarked_conduit_indiv,26,"FEC indiv26 (conduit 24T, recipient C00415331)"
"CLARKE, Yvette Diane",20733,H4NY11138,2026,J Street,JStreetPAC (C00441949),0.0,earmarked_conduit_pas2,1,FEC pas226
"CLARKE, Yvette Diane",20733,H4NY11138,2026,pro-Israel,AIPAC PAC (C00797670),5000.0,direct_contribution,1,FEC pas226
"CLARKE, Yvette Diane",20733,H4NY11138,2026,pro-Israel,AIPAC PAC (C00797670),2750.0,earmarked_conduit_indiv,5,"FEC indiv26 (conduit 24T, recipient C00415331)"
"CLARKE, Yvette Diane",20733,H4NY11138,2026,pro-Israel,AIPAC PAC (C00797670),-6.0,earmarked_conduit_pas2,2,FEC pas226
"CLAY, William Lacy, Jr.",20147,H0MO01066,2020,J Street,JStreetPAC (C00441949),2000.0,direct_contribution,2,FEC pas220
"CLAY, William Lacy, Jr.",20147,H0MO01066,2020,J Street,JStreetPAC (C00441949),250.0,earmarked_conduit_indiv,1,"FEC indiv20 (conduit 24T, recipient C00346080)"
"CLEAVER, Emanuel, II",20517,H4MO05234,2020,J Street,JStreetPAC (C00441949),1000.0,direct_contribution,1,FEC pas220
"CLEAVER, Emanuel, II",20517,H4MO05234,2022,J Street,JStreetPAC (C00441949),1000.0,direct_contribution,1,FEC pas222
"CLEAVER, Emanuel, II",20517,H4MO05234,2022,pro-Israel,AIPAC PAC (C00797670),10000.0,direct_contribution,3,FEC pas222
"CLEAVER, Emanuel, II",20517,H4MO05234,2022,pro-Israel,AIPAC PAC (C00797670),11800.0,earmarked_conduit_indiv,8,"FEC indiv22 (conduit 24T, recipient C00395848)"
"CLEAVER, Emanuel, II",20517,H4MO05234,2024,J Street,JStreetPAC (C00441949),4000.0,direct_contribution,3,FEC pas224
"CLEAVER, Emanuel, II",20517,H4MO05234,2024,pro-Israel,AIPAC PAC (C00797670),10000.0,direct_contribution,2,FEC pas224
"CLEAVER, Emanuel, II",20517,H4MO05234,2024,pro-Israel,AIPAC PAC (C00797670),17750.0,earmarked_conduit_indiv,21,"FEC indiv24 (conduit 15E, recipient C00395848); FEC indiv24 (conduit 24T, recipient C00395848)"
"CLEAVER, Emanuel, II",20517,H4MO05234,2024,pro-Israel,AIPAC PAC (C00797670),12599.0,earmarked_conduit_pas2,44,FEC pas224
"CLEAVER, Emanuel, II",20517,H4MO05234,2026,J Street,JStreetPAC (C00441949),400.0,earmarked_conduit_indiv,1,"FEC indiv26 (conduit 24T, recipient C00395848)"
"CLINE, Benjamin",21908,H8VA06104,2022,pro-Israel,AIPAC PAC (C00797670),10000.0,direct_contribution,3,FEC pas222
"CLINE, Benjamin",21908,H8VA06104,2024,pro-Israel,AIPAC PAC (C00797670),10000.0,direct_contribution,2,FEC pas224
"CLINE, Benjamin",21908,H8VA06104,2024,pro-Israel,AIPAC PAC (C00797670),12501.0,earmarked_conduit_indiv,10,"FEC indiv24 (conduit 24T, recipient C00661561)"
"CLINE, Benjamin",21908,H8VA06104,2024,pro-Israel,AIPAC PAC (C00797670),-6991.0,earmarked_conduit_pas2,20,FEC pas224
"CLINE, Benjamin",21908,H8VA06104,2024,pro-Israel,Republican Jewish Coalition PAC (C00345132),29.0,earmarked_conduit_indiv,15,"FEC indiv24 (conduit 24T, recipient C00661561)"
"CLINE, Benjamin",21908,H8VA06104,2024,pro-Israel,Republican Jewish Coalition PAC (C00345132),12.0,earmarked_conduit_pas2,2,FEC pas224
"CLINE, Benjamin",21908,H8VA06104,2026,pro-Israel,AIPAC PAC (C00797670),5000.0,direct_contribution,1,FEC pas226
"CLINE, Benjamin",21908,H8VA06104,2026,pro-Israel,AIPAC PAC (C00797670),15750.0,earmarked_conduit_indiv,10,"FEC indiv26 (conduit 24T, recipient C00661561)"
"CLINE, Benjamin",21908,H8VA06104,2026,pro-Israel,AIPAC PAC (C00797670),-6.0,earmarked_conduit_pas2,2,FEC pas226
"CLOUD, Michael",21758,H8TX27049,2022,pro-Israel,AIPAC PAC (C00797670),5000.0,direct_contribution,1,FEC pas222
"CLOUD, Michael",21758,H8TX27049,2022,pro-Israel,AIPAC PAC (C00797670),1500.0,earmarked_conduit_indiv,2,"FEC indiv22 (conduit 24T, recipient C00655332)"
"CLOUD, Michael",21758,H8TX27049,2024,pro-Israel,AIPAC PAC (C00797670),10000.0,direct_contribution,2,FEC pas224
"CLOUD, Michael",21758,H8TX27049,2024,pro-Israel,AIPAC PAC (C00797670),13001.0,earmarked_conduit_indiv,14,"FEC indiv24 (conduit 24T, recipient C00655332)"
"CLOUD, Michael",21758,H8TX27049,2024,pro-Israel,AIPAC PAC (C00797670),-7991.0,earmarked_conduit_pas2,19,FEC pas224
"CLYBURN, James Enos",39301,H2SC02042,2020,J Street,JStreetPAC (C00441949),6000.0,direct_contribution,2,FEC pas220
"CLYBURN, James Enos",39301,H2SC02042,2020,J Street,JStreetPAC (C00441949),500.0,earmarked_conduit_indiv,1,"FEC indiv20 (conduit 15E, recipient C00255562)"
"CLYBURN, James Enos",39301,H2SC02042,2022,J Street,JStreetPAC (C00441949),7500.0,direct_contribution,5,FEC pas222
"CLYBURN, James Enos",39301,H2SC02042,2022,pro-Israel,AIPAC PAC (C00797670),7900.0,direct_contribution,3,FEC pas222
"CLYBURN, James Enos",39301,H2SC02042,2022,pro-Israel,AIPAC PAC (C00797670),77300.0,earmarked_conduit_indiv,70,"FEC indiv22 (conduit 15E, recipient C00255562); FEC indiv22 (conduit 24T, recipient C00255562)"
"CLYBURN, James Enos",39301,H2SC02042,2024,J Street,JStreetPAC (C00441949),8500.0,direct_contribution,4,FEC pas224
"CLYBURN, James Enos",39301,H2SC02042,2024,pro-Israel,AIPAC PAC (C00797670),5000.0,direct_contribution,3,FEC pas224
"CLYBURN, James Enos",39301,H2SC02042,2024,pro-Israel,AIPAC PAC (C00797670),6550.0,earmarked_conduit_indiv,7,"FEC indiv24 (conduit 24T, recipient C00255562)"
"CLYBURN, James Enos",39301,H2SC02042,2024,pro-Israel,AIPAC PAC (C00797670),-7875.0,earmarked_conduit_pas2,18,FEC pas224
"CLYBURN, James Enos",39301,H2SC02042,2024,pro-Israel,DMFI PAC (C00710848),1000.0,direct_contribution,1,FEC pas224
"CLYBURN, James Enos",39301,H2SC02042,2026,J Street,JStreetPAC (C00441949),250.0,earmarked_conduit_indiv,1,"FEC indiv26 (conduit 15E, recipient C00255562)"
"COHEN, Stephen",20748,H6TN09068,2020,J Street,JStreetPAC (C00441949),3000.0,direct_contribution,3,FEC pas220
"COHEN, Stephen",20748,H6TN09068,2020,J Street,JStreetPAC (C00441949),500.0,earmarked_conduit_indiv,1,"FEC indiv20 (conduit 24T, recipient C00422980)"
"COHEN, Stephen",20748,H6TN09068,2022,J Street,JStreetPAC (C00441949),3000.0,direct_contribution,3,FEC pas222
"COHEN, Stephen",20748,H6TN09068,2024,J Street,JStreetPAC (C00441949),3500.0,direct_contribution,2,FEC pas224
"COHEN, Stephen",20748,H6TN09068,2024,J Street,JStreetPAC (C00441949),500.0,earmarked_conduit_indiv,1,"FEC indiv24 (conduit 24T, recipient C00422980)"
"COHEN, Stephen",20748,H6TN09068,2024,J Street,JStreetPAC (C00441949),500.0,earmarked_conduit_pas2,1,FEC pas224
"COHEN, Stephen",20748,H6TN09068,2026,J Street,JStreetPAC (C00441949),500.0,earmarked_conduit_indiv,1,"FEC indiv26 (conduit 24T, recipient C00422980)"
"COHEN, Stephen",20748,H6TN09068,2026,pro-Israel,DMFI PAC (C00710848),1000.0,direct_contribution,1,FEC pas226
"COLE, Tom",20344,H2OK04055,2022,pro-Israel,AIPAC PAC (C00797670),10000.0,direct_contribution,4,FEC pas222
"COLE, Tom",20344,H2OK04055,2022,pro-Israel,AIPAC PAC (C00797670),23300.0,earmarked_conduit_indiv,15,"FEC indiv22 (conduit 24T, recipient C00379735)"
"COLE, Tom",20344,H2OK04055,2024,pro-Israel,AIPAC PAC (C00797670),5000.0,direct_contribution,3,FEC pas224
"COLE, Tom",20344,H2OK04055,2024,pro-Israel,AIPAC PAC (C00797670),275175.0,earmarked_conduit_indiv,204,"FEC indiv24 (conduit 24T, recipient C00379735)"
"COLE, Tom",20344,H2OK04055,2024,pro-Israel,AIPAC PAC (C00797670),-6741.0,earmarked_conduit_pas2,19,FEC pas224
"COLE, Tom",20344,H2OK04055,2024,pro-Israel,Republican Jewish Coalition PAC (C00345132),5000.0,direct_contribution,2,FEC pas224
"COLE, Tom",20344,H2OK04055,2024,pro-Israel,Republican Jewish Coalition PAC (C00345132),6668.0,earmarked_conduit_indiv,7,"FEC indiv24 (conduit 24T, recipient C00379735)"
"COLE, Tom",20344,H2OK04055,2024,pro-Israel,Republican Jewish Coalition PAC (C00345132),395.0,earmarked_conduit_pas2,7,FEC pas224
"COLE, Tom",20344,H2OK04055,2026,pro-Israel,AIPAC PAC (C00797670),5000.0,direct_contribution,1,FEC pas226
"COLE, Tom",20344,H2OK04055,2026,pro-Israel,AIPAC PAC (C00797670),188350.0,earmarked_conduit_indiv,104,"FEC indiv26 (conduit 24T, recipient C00379735)"
"COLE, Tom",20344,H2OK04055,2026,pro-Israel,AIPAC PAC (C00797670),-6.0,earmarked_conduit_pas2,2,FEC pas226
"COLLINS, Mike",22310,H4GA10071,2026,pro-Israel,AIPAC PAC (C00797670),5000.0,direct_contribution,1,FEC pas226
"COLLINS, Mike",22310,H4GA10071,2026,pro-Israel,AIPAC PAC (C00797670),4750.0,earmarked_conduit_indiv,3,"FEC indiv26 (conduit 24T, recipient C00544684)"
"COLLINS, Mike",22310,S6GA00390,2026,pro-Israel,AIPAC PAC (C00797670),4750.0,earmarked_conduit_indiv,3,"FEC indiv26 (conduit 24T, recipient C00544684)"
"COLLINS, Mike",22310,H4GA10071,2026,pro-Israel,Republican Jewish Coalition PAC (C00345132),3500.0,earmarked_conduit_indiv,1,"FEC indiv26 (conduit 24T, recipient C00544684)"
"COLLINS, Mike",22310,S6GA00390,2026,pro-Israel,Republican Jewish Coalition PAC (C00345132),3500.0,earmarked_conduit_indiv,1,"FEC indiv26 (conduit 24T, recipient C00544684)"
"COMER, James",21565,H6KY01110,2022,pro-Israel,AIPAC PAC (C00797670),7900.0,direct_contribution,2,FEC pas222
"COMER, James",21565,H6KY01110,2022,pro-Israel,AIPAC PAC (C00797670),2900.0,earmarked_conduit_indiv,1,"FEC indiv22 (conduit 24T, recipient C00588764)"
"COMER, James",21565,H6KY01110,2022,pro-Israel,Pro-Israel America PAC (C00699470),16400.0,earmarked_conduit_indiv,10,"FEC indiv22 (conduit 24T, recipient C00588764)"
"COMER, James",21565,H6KY01110,2024,pro-Israel,AIPAC PAC (C00797670),10000.0,direct_contribution,2,FEC pas224
"COMER, James",21565,H6KY01110,2024,pro-Israel,AIPAC PAC (C00797670),7850.0,earmarked_conduit_indiv,4,"FEC indiv24 (conduit 24T, recipient C00588764)"
"COMER, James",21565,H6KY01110,2024,pro-Israel,AIPAC PAC (C00797670),-5186.0,earmarked_conduit_pas2,19,FEC pas224
"COMER, James",21565,H6KY01110,2026,pro-Israel,AIPAC PAC (C00797670),0.0,direct_contribution,2,FEC pas226
"COMER, James",21565,H6KY01110,2026,pro-Israel,AIPAC PAC (C00797670),750.0,earmarked_conduit_indiv,2,"FEC indiv26 (conduit 24T, recipient C00588764)"
"COMER, James",21565,H6KY01110,2026,pro-Israel,AIPAC PAC (C00797670),-6.0,earmarked_conduit_pas2,1,FEC pas226
"CONAWAY, Herbert C., Jr.",22508,H4NJ03080,2024,pro-Israel,AIPAC PAC (C00797670),5000.0,direct_contribution,1,FEC pas224
"CONAWAY, Herbert C., Jr.",22508,H4NJ03080,2024,pro-Israel,AIPAC PAC (C00797670),19751.0,earmarked_conduit_indiv,21,"FEC indiv24 (conduit 24T, recipient C00859496)"
"CONAWAY, Herbert C., Jr.",22508,H4NJ03080,2024,pro-Israel,DMFI PAC (C00710848),1000.0,direct_contribution,1,FEC pas224
"CONNOLLY, Gerald E. (Gerry)",20952,H8VA11062,2020,J Street,JStreetPAC (C00441949),1000.0,direct_contribution,1,FEC pas220
"CONNOLLY, Gerald E. (Gerry)",20952,H8VA11062,2020,J Street,JStreetPAC (C00441949),4700.0,earmarked_conduit_indiv,9,"FEC indiv20 (conduit 24T, recipient C00445452)"
"CONNOLLY, Gerald E. (Gerry)",20952,H8VA11062,2022,J Street,JStreetPAC (C00441949),5000.0,direct_contribution,4,FEC pas222
"CONNOLLY, Gerald E. (Gerry)",20952,H8VA11062,2022,J Street,JStreetPAC (C00441949),2500.0,earmarked_conduit_indiv,1,"FEC indiv22 (conduit 24T, recipient C00445452)"
"CONNOLLY, Gerald E. (Gerry)",20952,H8VA11062,2024,J Street,JStreetPAC (C00441949),1000.0,direct_contribution,1,FEC pas224
"CONNOLLY, Gerald E. (Gerry)",20952,H8VA11062,2024,J Street,JStreetPAC (C00441949),13960.0,earmarked_conduit_indiv,18,"FEC indiv24 (conduit 24T, recipient C00445452)"
"CONNOLLY, Gerald E. (Gerry)",20952,H8VA11062,2024,J Street,JStreetPAC (C00441949),50.0,earmarked_conduit_pas2,1,FEC pas224
"CONNOLLY, Gerald E. (Gerry)",20952,H8VA11062,2026,J Street,JStreetPAC (C00441949),3200.0,earmarked_conduit_indiv,7,"FEC indiv26 (conduit 24T, recipient C00445452)"
"COOPER, James Hayes Shofner",15019,H2TN05131,2022,pro-Israel,Pro-Israel America PAC (C00699470),145.0,earmarked_conduit_indiv,5,"FEC indiv22 (conduit 15E, recipient C00376665); FEC indiv22 (conduit 24T, recipient C00376665)"
"CORREA, Jose Luis",21711,H6CA46116,2020,pro-Israel,Pro-Israel America PAC (C00699470),9500.0,earmarked_conduit_indiv,14,"FEC indiv20 (conduit 15E, recipient C00578302)"
"CORREA, Jose Luis",21711,H6CA46116,2022,pro-Israel,AIPAC PAC (C00797670),2900.0,direct_contribution,1,FEC pas222
"CORREA, Jose Luis",21711,H6CA46116,2022,pro-Israel,AIPAC PAC (C00797670),2500.0,earmarked_conduit_indiv,2,"FEC indiv22 (conduit 24T, recipient C00578302)"
"CORREA, Jose Luis",21711,H6CA46116,2022,pro-Israel,Pro-Israel America PAC (C00699470),16801.0,earmarked_conduit_indiv,24,"FEC indiv22 (conduit 15E, recipient C00578302); FEC indiv22 (conduit 24T, recipient C00578302)"
"CORREA, Jose Luis",21711,H6CA46116,2024,pro-Israel,AIPAC PAC (C00797670),0.0,direct_contribution,2,FEC pas224
"CORREA, Jose Luis",21711,H6CA46116,2024,pro-Israel,AIPAC PAC (C00797670),11222.0,earmarked_conduit_indiv,10,"FEC indiv24 (conduit 24T, recipient C00578302)"
"CORREA, Jose Luis",21711,H6CA46116,2026,pro-Israel,AIPAC PAC (C00797670),5000.0,direct_contribution,1,FEC pas226
"CORREA, Jose Luis",21711,H6CA46116,2026,pro-Israel,AIPAC PAC (C00797670),15900.0,earmarked_conduit_indiv,23,"FEC indiv26 (conduit 24T, recipient C00578302)"
"CORREA, Jose Luis",21711,H6CA46116,2026,pro-Israel,AIPAC PAC (C00797670),-6.0,earmarked_conduit_pas2,2,FEC pas226
"COSTA, Jim",20501,H4CA20082,2020,pro-Israel,Pro-Israel America PAC (C00699470),14450.0,earmarked_conduit_indiv,8,"FEC indiv20 (conduit 24T, recipient C00391029)"
"COSTA, Jim",20501,H4CA20082,2022,pro-Israel,AIPAC PAC (C00797670),7900.0,direct_contribution,3,FEC pas222
"COSTA, Jim",20501,H4CA20082,2022,pro-Israel,AIPAC PAC (C00797670),43775.0,earmarked_conduit_indiv,33,"FEC indiv22 (conduit 24T, recipient C00391029)"
"COSTA, Jim",20501,H4CA20082,2024,pro-Israel,AIPAC PAC (C00797670),15000.0,direct_contribution,3,FEC pas224
"COSTA, Jim",20501,H4CA20082,2024,pro-Israel,AIPAC PAC (C00797670),95972.0,earmarked_conduit_indiv,69,"FEC indiv24 (conduit 15E, recipient C00391029); FEC indiv24 (conduit 24T, recipient C00391029)"
"COSTA, Jim",20501,H4CA20082,2024,pro-Israel,AIPAC PAC (C00797670),16700.0,earmarked_conduit_pas2,35,FEC pas224
"COSTA, Jim",20501,H4CA20082,2026,pro-Israel,AIPAC PAC (C00797670),10000.0,direct_contribution,2,FEC pas226
"COSTA, Jim",20501,H4CA20082,2026,pro-Israel,AIPAC PAC (C00797670),61250.0,earmarked_conduit_indiv,30,"FEC indiv26 (conduit 15E, recipient C00391029); FEC indiv26 (conduit 24T, recipient C00391029)"
"COSTA, Jim",20501,H4CA20082,2026,pro-Israel,AIPAC PAC (C00797670),-503.0,earmarked_conduit_pas2,3,FEC pas226
"COURTNEY, Joe",20706,H2CT02112,2020,J Street,JStreetPAC (C00441949),1000.0,direct_contribution,1,FEC pas220
"COURTNEY, Joe",20706,H2CT02112,2020,J Street,JStreetPAC (C00441949),8000.0,earmarked_conduit_indiv,14,"FEC indiv20 (conduit 15E, recipient C00410233); FEC indiv20 (conduit 24T, recipient C00410233)"
"COURTNEY, Joe",20706,H2CT02112,2020,J Street,JStreetPAC (C00441949),100.0,earmarked_conduit_pas2,1,FEC pas220
"COURTNEY, Joe",20706,H2CT02112,2022,J Street,JStreetPAC (C00441949),3500.0,direct_contribution,3,FEC pas222
"COURTNEY, Joe",20706,H2CT02112,2022,J Street,JStreetPAC (C00441949),13600.0,earmarked_conduit_indiv,19,"FEC indiv22 (conduit 15E, recipient C00410233); FEC indiv22 (conduit 24T, recipient C00410233)"
"COURTNEY, Joe",20706,H2CT02112,2022,pro-Israel,AIPAC PAC (C00797670),7900.0,direct_contribution,4,FEC pas222
"COURTNEY, Joe",20706,H2CT02112,2022,pro-Israel,AIPAC PAC (C00797670),15000.0,earmarked_conduit_indiv,10,"FEC indiv22 (conduit 24T, recipient C00410233)"
"COURTNEY, Joe",20706,H2CT02112,2024,J Street,JStreetPAC (C00441949),1510.0,direct_contribution,2,FEC pas224
"COURTNEY, Joe",20706,H2CT02112,2024,J Street,JStreetPAC (C00441949),7520.0,earmarked_conduit_indiv,13,"FEC indiv24 (conduit 24T, recipient C00410233)"
"COURTNEY, Joe",20706,H2CT02112,2024,J Street,JStreetPAC (C00441949),136.0,earmarked_conduit_pas2,2,FEC pas224
"COURTNEY, Joe",20706,H2CT02112,2024,pro-Israel,AIPAC PAC (C00797670),6000.0,direct_contribution,2,FEC pas224
"COURTNEY, Joe",20706,H2CT02112,2024,pro-Israel,AIPAC PAC (C00797670),20852.0,earmarked_conduit_indiv,16,"FEC indiv24 (conduit 24T, recipient C00410233)"
"COURTNEY, Joe",20706,H2CT02112,2024,pro-Israel,AIPAC PAC (C00797670),-6500.0,earmarked_conduit_pas2,13,FEC pas224
"COURTNEY, Joe",20706,H2CT02112,2026,J Street,JStreetPAC (C00441949),10314.0,earmarked_conduit_indiv,16,"FEC indiv26 (conduit 24T, recipient C00410233)"
"COURTNEY, Joe",20706,H2CT02112,2026,J Street,JStreetPAC (C00441949),100.0,earmarked_conduit_pas2,1,FEC pas226
"COX, TJ",21909,H8CA10167,2020,J Street,JStreetPAC (C00441949),32442.0,earmarked_conduit_indiv,50,"FEC indiv20 (conduit 15E, recipient C00648956); FEC indiv20 (conduit 24T, recipient C00648956)"
"COX, TJ",21909,H8CA10167,2020,J Street,JStreetPAC (C00441949),11332.0,earmarked_conduit_pas2,25,FEC pas220
"COX, TJ",21909,H8CA10167,2020,pro-Israel,DMFI PAC (C00710848),5000.0,direct_contribution,2,FEC pas220
"CRAIG, Angela",21910,H6MN02131,2020,pro-Israel,DMFI PAC (C00710848),2000.0,direct_contribution,1,FEC pas220
"CRAIG, Angela",21910,H6MN02131,2020,pro-Israel,NORPAC (C00247403),2500.0,direct_contribution,1,FEC pas220
"CRAIG, Angela",21910,H6MN02131,2020,pro-Israel,NORPAC (C00247403),2500.0,earmarked_conduit_indiv,1,"FEC indiv20 (conduit 15E, recipient C00575209)"
"CRAIG, Angela",21910,H6MN02131,2022,pro-Israel,AIPAC PAC (C00797670),10000.0,direct_contribution,3,FEC pas222
"CRAIG, Angela",21910,H6MN02131,2022,pro-Israel,AIPAC PAC (C00797670),19913.0,earmarked_conduit_indiv,12,"FEC indiv22 (conduit 24T, recipient C00575209)"
"CRAIG, Angela",21910,H6MN02131,2022,pro-Israel,DMFI PAC (C00710848),2000.0,direct_contribution,1,FEC pas222
"CRAIG, Angela",21910,H6MN02131,2024,pro-Israel,AIPAC PAC (C00797670),5000.0,direct_contribution,1,FEC pas224
"CRAIG, Angela",21910,H6MN02131,2024,pro-Israel,AIPAC PAC (C00797670),324603.0,earmarked_conduit_indiv,262,"FEC indiv24 (conduit 15E, recipient C00575209); FEC indiv24 (conduit 24T, recipient C00575209)"
"CRAIG, Angela",21910,H6MN02131,2024,pro-Israel,AIPAC PAC (C00797670),3872.0,earmarked_conduit_pas2,22,FEC pas224
"CRAIG, Angela",21910,H6MN02131,2024,pro-Israel,DMFI PAC (C00710848),1060.0,IE_support,1,FEC independent_expenditure_2024.csv
"CRAIG, Angela",21910,H6MN02131,2024,pro-Israel,DMFI PAC (C00710848),5000.0,direct_contribution,2,FEC pas224
"CRAIG, Angela",21910,H6MN02131,2026,pro-Israel,AIPAC PAC (C00797670),5000.0,direct_contribution,3,FEC pas226
"CRAIG, Angela",21910,H6MN02131,2026,pro-Israel,AIPAC PAC (C00797670),195200.0,earmarked_conduit_indiv,86,"FEC indiv26 (conduit 15E, recipient C00575209); FEC indiv26 (conduit 24T, recipient C00575209)"
"CRAIG, Angela",21910,S6MN00499,2026,pro-Israel,DMFI PAC (C00710848),5000.0,direct_contribution,2,FEC pas226
"CRAIG, Angela",21910,S6MN00499,2026,pro-Israel,NORPAC (C00247403),30500.0,earmarked_conduit_indiv,21,"FEC indiv26 (conduit 24T, recipient C00903690)"
"CRANK, Jeff",22509,H6CO05142,2024,pro-Israel,AIPAC PAC (C00797670),1000.0,earmarked_conduit_indiv,1,"FEC indiv24 (conduit 24T, recipient C00865592)"
"CRANK, Jeff",22509,H6CO05142,2026,pro-Israel,AIPAC PAC (C00797670),35800.0,earmarked_conduit_indiv,28,"FEC indiv26 (conduit 24T, recipient C00865592)"
"CRAWFORD, Rick",21106,H0AR01083,2022,pro-Israel,AIPAC PAC (C00797670),7900.0,direct_contribution,2,FEC pas222
"CRAWFORD, Rick",21106,H0AR01083,2022,pro-Israel,AIPAC PAC (C00797670),1000.0,earmarked_conduit_indiv,3,"FEC indiv22 (conduit 24T, recipient C00462374)"
"CRAWFORD, Rick",21106,H0AR01083,2024,pro-Israel,AIPAC PAC (C00797670),10250.0,direct_contribution,3,FEC pas224
"CRAWFORD, Rick",21106,H0AR01083,2024,pro-Israel,AIPAC PAC (C00797670),500.0,earmarked_conduit_indiv,1,"FEC indiv24 (conduit 24T, recipient C00462374)"
"CRAWFORD, Rick",21106,H0AR01083,2024,pro-Israel,AIPAC PAC (C00797670),-4991.0,earmarked_conduit_pas2,11,FEC pas224
"CRAWFORD, Rick",21106,H0AR01083,2026,pro-Israel,AIPAC PAC (C00797670),5000.0,direct_contribution,1,FEC pas226
"CRAWFORD, Rick",21106,H0AR01083,2026,pro-Israel,AIPAC PAC (C00797670),-6.0,earmarked_conduit_pas2,2,FEC pas226
"CRENSHAW, Daniel",21911,H8TX02166,2020,pro-Israel,NORPAC (C00247403),20350.0,earmarked_conduit_indiv,17,"FEC indiv20 (conduit 15E, recipient C00660795); FEC indiv20 (conduit 24T, recipient C00660795)"
"CRENSHAW, Daniel",21911,H8TX02166,2020,pro-Israel,Republican Jewish Coalition PAC (C00345132),2500.0,direct_contribution,1,FEC pas220
"CRENSHAW, Daniel",21911,H8TX02166,2022,pro-Israel,AIPAC PAC (C00797670),7900.0,direct_contribution,3,FEC pas222
"CRENSHAW, Daniel",21911,H8TX02166,2022,pro-Israel,AIPAC PAC (C00797670),19050.0,earmarked_conduit_indiv,23,"FEC indiv22 (conduit 15E, recipient C00660795); FEC indiv22 (conduit 24T, recipient C00660795)"
"CRENSHAW, Daniel",21911,H8TX02166,2022,pro-Israel,Pro-Israel America PAC (C00699470),51.0,earmarked_conduit_indiv,3,"FEC indiv22 (conduit 15E, recipient C00660795); FEC indiv22 (conduit 24T, recipient C00660795)"
"CRENSHAW, Daniel",21911,H8TX02166,2024,pro-Israel,AIPAC PAC (C00797670),10000.0,direct_contribution,2,FEC pas224
"CRENSHAW, Daniel",21911,H8TX02166,2024,pro-Israel,AIPAC PAC (C00797670),71218.0,earmarked_conduit_indiv,50,"FEC indiv24 (conduit 15E, recipient C00660795); FEC indiv24 (conduit 24T, recipient C00660795)"
"CRENSHAW, Daniel",21911,H8TX02166,2024,pro-Israel,AIPAC PAC (C00797670),1069.0,earmarked_conduit_pas2,23,FEC pas224
"CRENSHAW, Daniel",21911,H8TX02166,2026,pro-Israel,AIPAC PAC (C00797670),10000.0,direct_contribution,2,FEC pas226
"CRENSHAW, Daniel",21911,H8TX02166,2026,pro-Israel,AIPAC PAC (C00797670),188392.0,earmarked_conduit_indiv,129,"FEC indiv26 (conduit 15E, recipient C00660795); FEC indiv26 (conduit 24T, recipient C00660795)"
"CRENSHAW, Daniel",21911,H8TX02166,2026,pro-Israel,AIPAC PAC (C00797670),-6.0,earmarked_conduit_pas2,1,FEC pas226
"CROW, Jason",21912,H8CO06229,2020,J Street,JStreetPAC (C00441949),45510.0,earmarked_conduit_indiv,64,"FEC indiv20 (conduit 15E, recipient C00637363); FEC indiv20 (conduit 24T, recipient C00637363)"
"CROW, Jason",21912,H8CO06229,2020,J Street,JStreetPAC (C00441949),8485.0,earmarked_conduit_pas2,23,FEC pas220
"CROW, Jason",21912,H8CO06229,2020,J Street,JStreetPAC (C00441949),134.0,in_kind,1,FEC pas220
"CROW, Jason",21912,H8CO06229,2020,pro-Israel,DMFI PAC (C00710848),2000.0,direct_contribution,1,FEC pas220
"CROW, Jason",21912,H8CO06229,2022,J Street,JStreetPAC (C00441949),3000.0,direct_contribution,2,FEC pas222
"CROW, Jason",21912,H8CO06229,2022,J Street,JStreetPAC (C00441949),25307.0,earmarked_conduit_indiv,28,"FEC indiv22 (conduit 15E, recipient C00637363); FEC indiv22 (conduit 24T, recipient C00637363)"
"CROW, Jason",21912,H8CO06229,2022,pro-Israel,AIPAC PAC (C00797670),10000.0,direct_contribution,3,FEC pas222
"CROW, Jason",21912,H8CO06229,2022,pro-Israel,AIPAC PAC (C00797670),7150.0,earmarked_conduit_indiv,7,"FEC indiv22 (conduit 24T, recipient C00637363)"
"CROW, Jason",21912,H8CO06229,2022,pro-Israel,DMFI PAC (C00710848),2000.0,direct_contribution,1,FEC pas222
"CROW, Jason",21912,H8CO06229,2024,J Street,JStreetPAC (C00441949),5000.0,direct_contribution,1,FEC pas224
"CROW, Jason",21912,H8CO06229,2024,J Street,JStreetPAC (C00441949),23700.0,earmarked_conduit_indiv,19,"FEC indiv24 (conduit 24T, recipient C00637363)"
"CROW, Jason",21912,H8CO06229,2024,J Street,JStreetPAC (C00441949),768.0,earmarked_conduit_pas2,4,FEC pas224
"CROW, Jason",21912,H8CO06229,2024,pro-Israel,AIPAC PAC (C00797670),500.0,direct_contribution,1,FEC pas224
"CROW, Jason",21912,H8CO06229,2024,pro-Israel,AIPAC PAC (C00797670),3500.0,earmarked_conduit_indiv,5,"FEC indiv24 (conduit 24T, recipient C00637363)"
"CROW, Jason",21912,H8CO06229,2024,pro-Israel,AIPAC PAC (C00797670),-4000.0,earmarked_conduit_pas2,8,FEC pas224
"CROW, Jason",21912,H8CO06229,2026,J Street,JStreetPAC (C00441949),34350.0,earmarked_conduit_indiv,35,"FEC indiv26 (conduit 15E, recipient C00637363); FEC indiv26 (conduit 24T, recipient C00637363)"
"CROW, Jason",21912,H8CO06229,2026,J Street,JStreetPAC (C00441949),1468.0,earmarked_conduit_pas2,7,FEC pas226
"CUELLAR, Henry",20533,H2TX23082,2020,pro-Israel,DMFI PAC (C00710848),2000.0,direct_contribution,1,FEC pas220
"CUELLAR, Henry",20533,H2TX23082,2020,pro-Israel,Pro-Israel America PAC (C00699470),15794.0,earmarked_conduit_indiv,38,"FEC indiv20 (conduit 15E, recipient C00371302); FEC indiv20 (conduit 24T, recipient C00371302)"
"CUELLAR, Henry",20533,H2TX23082,2022,critical/pro-Palestinian,Justice Democrats PAC (C00630665),275000.0,IE_oppose,5,FEC independent_expenditure_2022.csv
"CUELLAR, Henry",20533,H2TX23082,2022,pro-Israel,AIPAC PAC (C00797670),7900.0,direct_contribution,2,FEC pas222
"CUELLAR, Henry",20533,H2TX23082,2022,pro-Israel,AIPAC PAC (C00797670),210820.0,earmarked_conduit_indiv,236,"FEC indiv22 (conduit 15E, recipient C00371302); FEC indiv22 (conduit 24T, recipient C00371302)"
"CUELLAR, Henry",20533,H2TX23082,2022,pro-Israel,Pro-Israel America PAC (C00699470),85308.0,earmarked_conduit_indiv,173,"FEC indiv22 (conduit 15E, recipient C00371302); FEC indiv22 (conduit 24T, recipient C00371302)"
"CUELLAR, Henry",20533,H2TX23082,2022,pro-Israel,Pro-Israel America PAC (C00699470),827.0,earmarked_conduit_pas2,27,FEC pas222
"CUELLAR, Henry",20533,H2TX23082,2022,pro-Israel,United Democracy Project (C00799031),421417.54,IE_support,10,FEC independent_expenditure_2022.csv
"CUELLAR, Henry",20533,H2TX23082,2024,pro-Israel,AIPAC PAC (C00797670),5000.0,direct_contribution,1,FEC pas224
"CUELLAR, Henry",20533,H2TX23082,2024,pro-Israel,AIPAC PAC (C00797670),75600.0,earmarked_conduit_indiv,44,"FEC indiv24 (conduit 15E, recipient C00371302); FEC indiv24 (conduit 24T, recipient C00371302)"
"CUELLAR, Henry",20533,H2TX23082,2024,pro-Israel,AIPAC PAC (C00797670),-3478.0,earmarked_conduit_pas2,11,FEC pas224
"CUELLAR, Henry",20533,H2TX23082,2026,pro-Israel,AIPAC PAC (C00797670),10000.0,direct_contribution,2,FEC pas226
"CUELLAR, Henry",20533,H2TX23082,2026,pro-Israel,AIPAC PAC (C00797670),106160.0,earmarked_conduit_indiv,58,"FEC indiv26 (conduit 15E, recipient C00371302); FEC indiv26 (conduit 24T, recipient C00371302)"
"CUELLAR, Henry",20533,H2TX23082,2026,pro-Israel,AIPAC PAC (C00797670),11800.0,earmarked_conduit_pas2,4,FEC pas226
"CUELLAR, Henry",20533,H2TX23082,2026,pro-Israel,DMFI PAC (C00710848),1000.0,direct_contribution,1,FEC pas226
"CUMMINGS, Elijah Eugene",29587,H6MD07160,2020,J Street,JStreetPAC (C00441949),1000.0,direct_contribution,1,FEC pas220
"CURTIS, John R.",21755,H8UT03238,2022,pro-Israel,AIPAC PAC (C00797670),7900.0,direct_contribution,4,FEC pas222
"CURTIS, John R.",21755,H8UT03238,2022,pro-Israel,AIPAC PAC (C00797670),28500.0,earmarked_conduit_indiv,32,"FEC indiv22 (conduit 15E, recipient C00647339); FEC indiv22 (conduit 24T, recipient C00647339)"
"CURTIS, John R.",21755,S4UT00282,2022,pro-Israel,AIPAC PAC (C00797670),28500.0,earmarked_conduit_indiv,32,"FEC indiv22 (conduit 15E, recipient C00647339); FEC indiv22 (conduit 24T, recipient C00647339)"
"CURTIS, John R.",21755,H8UT03238,2024,pro-Israel,AIPAC PAC (C00797670),10000.0,direct_contribution,2,FEC pas224
"CURTIS, John R.",21755,H8UT03238,2024,pro-Israel,AIPAC PAC (C00797670),20500.0,earmarked_conduit_indiv,30,"FEC indiv24 (conduit 15E, recipient C00647339); FEC indiv24 (conduit 24T, recipient C00647339)"
"CURTIS, John R.",21755,S4UT00282,2024,pro-Israel,AIPAC PAC (C00797670),20500.0,earmarked_conduit_indiv,30,"FEC indiv24 (conduit 15E, recipient C00647339); FEC indiv24 (conduit 24T, recipient C00647339)"
"CURTIS, John R.",21755,H8UT03238,2024,pro-Israel,AIPAC PAC (C00797670),-3000.0,earmarked_conduit_pas2,6,FEC pas224
"CURTIS, John R.",21755,H8UT03238,2024,pro-Israel,Republican Jewish Coalition PAC (C00345132),13.0,earmarked_conduit_indiv,2,"FEC indiv24 (conduit 24T, recipient C00647339)"
"CURTIS, John R.",21755,S4UT00282,2024,pro-Israel,Republican Jewish Coalition PAC (C00345132),13.0,earmarked_conduit_indiv,2,"FEC indiv24 (conduit 24T, recipient C00647339)"
"CURTIS, John R.",21755,S4UT00282,2024,pro-Israel,Republican Jewish Coalition PAC (C00345132),49.0,earmarked_conduit_pas2,5,FEC pas224
"CÁRDENAS, Tony",21309,H2CA28113,2020,pro-Israel,Pro-Israel America PAC (C00699470),29650.0,earmarked_conduit_indiv,31,"FEC indiv20 (conduit 24T, recipient C00498873)"
"CÁRDENAS, Tony",21309,H2CA28113,2022,pro-Israel,AIPAC PAC (C00797670),2100.0,direct_contribution,1,FEC pas222
"CÁRDENAS, Tony",21309,H2CA28113,2022,pro-Israel,AIPAC PAC (C00797670),56500.0,earmarked_conduit_indiv,62,"FEC indiv22 (conduit 15E, recipient C00498873); FEC indiv22 (conduit 24T, recipient C00498873)"
"CÁRDENAS, Tony",21309,H2CA28113,2024,pro-Israel,AIPAC PAC (C00797670),0.0,direct_contribution,2,FEC pas224
"CÁRDENAS, Tony",21309,H2CA28113,2024,pro-Israel,AIPAC PAC (C00797670),30050.0,earmarked_conduit_indiv,20,"FEC indiv24 (conduit 24T, recipient C00498873)"
"CÁRDENAS, Tony",21309,H2CA28113,2024,pro-Israel,AIPAC PAC (C00797670),1025.0,earmarked_conduit_pas2,2,FEC pas224
"D'ESPOSITO, Anthony",22313,H2NY04277,2022,pro-Israel,AIPAC PAC (C00797670),5000.0,direct_contribution,1,FEC pas222
"D'ESPOSITO, Anthony",22313,H2NY04277,2022,pro-Israel,Republican Jewish Coalition PAC (C00345132),2500.0,direct_contribution,1,FEC pas222
"D'ESPOSITO, Anthony",22313,H2NY04277,2022,pro-Israel,Republican Jewish Coalition PAC (C00345132),7.0,earmarked_conduit_indiv,2,"FEC indiv22 (conduit 24T, recipient C00809426)"
"D'ESPOSITO, Anthony",22313,H2NY04277,2024,pro-Israel,AIPAC PAC (C00797670),10000.0,direct_contribution,2,FEC pas224
"D'ESPOSITO, Anthony",22313,H2NY04277,2024,pro-Israel,AIPAC PAC (C00797670),33960.0,earmarked_conduit_indiv,23,"FEC indiv24 (conduit 15E, recipient C00809426); FEC indiv24 (conduit 24T, recipient C00809426)"
"D'ESPOSITO, Anthony",22313,H2NY04277,2024,pro-Israel,AIPAC PAC (C00797670),259.0,earmarked_conduit_pas2,2,FEC pas224
"D'ESPOSITO, Anthony",22313,H2NY04277,2024,pro-Israel,DMFI PAC (C00710848),52847.68,IE_oppose,1,FEC independent_expenditure_2024.csv
"D'ESPOSITO, Anthony",22313,H2NY04277,2024,pro-Israel,NORPAC (C00247403),33050.0,earmarked_conduit_indiv,33,"FEC indiv24 (conduit 24T, recipient C00809426)"
"D'ESPOSITO, Anthony",22313,H2NY04277,2024,pro-Israel,Republican Jewish Coalition PAC (C00345132),2500.0,direct_contribution,1,FEC pas224
"D'ESPOSITO, Anthony",22313,H2NY04277,2024,pro-Israel,Republican Jewish Coalition PAC (C00345132),38736.0,earmarked_conduit_indiv,52,"FEC indiv24 (conduit 24T, recipient C00809426); FEC indiv24 (conduit 24T, recipient C00818948)"
"D'ESPOSITO, Anthony",22313,H2NY04277,2024,pro-Israel,Republican Jewish Coalition PAC (C00345132),2484.0,earmarked_conduit_pas2,16,FEC pas224
"DAVIDS, Sharice",21914,H8KS03155,2020,J Street,JStreetPAC (C00441949),16600.0,earmarked_conduit_indiv,19,"FEC indiv20 (conduit 15E, recipient C00670034); FEC indiv20 (conduit 24T, recipient C00670034)"
"DAVIDS, Sharice",21914,H8KS03155,2020,J Street,JStreetPAC (C00441949),2400.0,earmarked_conduit_pas2,2,FEC pas220
"DAVIDS, Sharice",21914,H8KS03155,2020,pro-Israel,DMFI PAC (C00710848),2000.0,direct_contribution,1,FEC pas220
"DAVIDS, Sharice",21914,H8KS03155,2022,J Street,JStreetPAC (C00441949),1000.0,direct_contribution,1,FEC pas222
"DAVIDS, Sharice",21914,H8KS03155,2022,J Street,JStreetPAC (C00441949),38852.0,earmarked_conduit_indiv,45,"FEC indiv22 (conduit 15E, recipient C00670034); FEC indiv22 (conduit 24T, recipient C00670034)"
"DAVIDS, Sharice",21914,H8KS03155,2022,pro-Israel,AIPAC PAC (C00797670),2900.0,direct_contribution,1,FEC pas222
"DAVIDS, Sharice",21914,H8KS03155,2022,pro-Israel,AIPAC PAC (C00797670),35310.0,earmarked_conduit_indiv,33,"FEC indiv22 (conduit 15E, recipient C00670034); FEC indiv22 (conduit 24T, recipient C00670034)"
"DAVIDS, Sharice",21914,H8KS03155,2022,pro-Israel,DMFI PAC (C00710848),2000.0,direct_contribution,1,FEC pas222
"DAVIDS, Sharice",21914,H8KS03155,2024,J Street,JStreetPAC (C00441949),100.0,direct_contribution,1,FEC pas224
"DAVIDS, Sharice",21914,H8KS03155,2024,J Street,JStreetPAC (C00441949),30650.0,earmarked_conduit_indiv,32,"FEC indiv24 (conduit 24T, recipient C00670034)"
"DAVIDS, Sharice",21914,H8KS03155,2024,J Street,JStreetPAC (C00441949),28805.0,earmarked_conduit_pas2,122,FEC pas224
"DAVIDS, Sharice",21914,H8KS03155,2024,pro-Israel,AIPAC PAC (C00797670),10000.0,direct_contribution,2,FEC pas224
"DAVIDS, Sharice",21914,H8KS03155,2024,pro-Israel,AIPAC PAC (C00797670),28004.0,earmarked_conduit_indiv,27,"FEC indiv24 (conduit 24T, recipient C00670034)"
"DAVIDS, Sharice",21914,H8KS03155,2024,pro-Israel,DMFI PAC (C00710848),3000.0,direct_contribution,2,FEC pas224
"DAVIDS, Sharice",21914,H8KS03155,2026,J Street,JStreetPAC (C00441949),25.0,direct_contribution,1,FEC pas226
"DAVIDS, Sharice",21914,H8KS03155,2026,J Street,JStreetPAC (C00441949),5250.0,earmarked_conduit_indiv,9,"FEC indiv26 (conduit 24T, recipient C00670034)"
"DAVIDS, Sharice",21914,H8KS03155,2026,J Street,JStreetPAC (C00441949),500.0,earmarked_conduit_pas2,1,FEC pas226
"DAVIS, Danny K.",29717,H4IL07037,2020,J Street,JStreetPAC (C00441949),2000.0,direct_contribution,2,FEC pas220
"DAVIS, Danny K.",29717,H4IL07037,2020,J Street,JStreetPAC (C00441949),250.0,earmarked_conduit_indiv,1,"FEC indiv20 (conduit 24T, recipient C00172619)"
"DAVIS, Danny K.",29717,H4IL07037,2022,J Street,JStreetPAC (C00441949),1000.0,direct_contribution,1,FEC pas222
"DAVIS, Danny K.",29717,H4IL07037,2022,J Street,JStreetPAC (C00441949),1750.0,earmarked_conduit_indiv,4,"FEC indiv22 (conduit 24T, recipient C00172619)"
"DAVIS, Danny K.",29717,H4IL07037,2024,J Street,JStreetPAC (C00441949),6000.0,direct_contribution,3,FEC pas224
"DAVIS, Danny K.",29717,H4IL07037,2024,J Street,JStreetPAC (C00441949),1000.0,earmarked_conduit_pas2,1,FEC pas224
"DAVIS, Don",22314,H2NC02287,2022,pro-Israel,AIPAC PAC (C00797670),7900.0,direct_contribution,2,FEC pas222
"DAVIS, Don",22314,H2NC02287,2022,pro-Israel,AIPAC PAC (C00797670),130710.0,earmarked_conduit_indiv,188,"FEC indiv22 (conduit 15E, recipient C00795211); FEC indiv22 (conduit 24T, recipient C00795211)"
"DAVIS, Don",22314,H2NC02287,2022,pro-Israel,DMFI PAC (C00710848),90240.0,IE_support,4,FEC independent_expenditure_2022.csv
"DAVIS, Don",22314,H2NC02287,2022,pro-Israel,DMFI PAC (C00710848),2000.0,direct_contribution,1,FEC pas222
"DAVIS, Don",22314,H2NC02287,2024,pro-Israel,AIPAC PAC (C00797670),10000.0,direct_contribution,5,FEC pas224
"DAVIS, Don",22314,H2NC02287,2024,pro-Israel,AIPAC PAC (C00797670),762246.0,earmarked_conduit_indiv,712,"FEC indiv24 (conduit 15E, recipient C00795211); FEC indiv24 (conduit 24T, recipient C00795211)"
"DAVIS, Don",22314,H2NC02287,2024,pro-Israel,AIPAC PAC (C00797670),29923.0,earmarked_conduit_pas2,33,FEC pas224
"DAVIS, Don",22314,H2NC02287,2024,pro-Israel,DMFI PAC (C00710848),8000.0,direct_contribution,3,FEC pas224
"DAVIS, Don",22314,H2NC02287,2026,pro-Israel,AIPAC PAC (C00797670),10000.0,direct_contribution,2,FEC pas226
"DAVIS, Don",22314,H2NC02287,2026,pro-Israel,AIPAC PAC (C00797670),522487.0,earmarked_conduit_indiv,444,"FEC indiv26 (conduit 15E, recipient C00795211); FEC indiv26 (conduit 24T, recipient C00795211)"
"DAVIS, Don",22314,H2NC02287,2026,pro-Israel,AIPAC PAC (C00797670),-6.0,earmarked_conduit_pas2,1,FEC pas226
"DAVIS, Don",22314,H2NC02287,2026,pro-Israel,DMFI PAC (C00710848),1000.0,direct_contribution,1,FEC pas226
"DAVIS, Rodney",21328,H2IL13120,2020,pro-Israel,Pro-Israel America PAC (C00699470),5650.0,earmarked_conduit_indiv,4,"FEC indiv20 (conduit 24T, recipient C00521948)"
"DAVIS, Rodney",21328,H2IL13120,2020,pro-Israel,Republican Jewish Coalition PAC (C00345132),2500.0,direct_contribution,1,FEC pas220
"DAVIS, Rodney",21328,H2IL13120,2020,pro-Israel,Republican Jewish Coalition PAC (C00345132),2800.0,earmarked_conduit_indiv,1,"FEC indiv20 (conduit 24T, recipient C00521948)"
"DAVIS, Rodney",21328,H2IL13120,2022,pro-Israel,AIPAC PAC (C00797670),5000.0,direct_contribution,2,FEC pas222
"DAVIS, Rodney",21328,H2IL13120,2022,pro-Israel,AIPAC PAC (C00797670),19900.0,earmarked_conduit_indiv,16,"FEC indiv22 (conduit 15E, recipient C00521948); FEC indiv22 (conduit 24T, recipient C00521948)"
"DAVIS, Rodney",21328,H2IL13120,2022,pro-Israel,Pro-Israel America PAC (C00699470),5000.0,direct_contribution,2,FEC pas222
"DAVIS, Rodney",21328,H2IL13120,2022,pro-Israel,Pro-Israel America PAC (C00699470),51.0,earmarked_conduit_indiv,2,"FEC indiv22 (conduit 15E, recipient C00521948); FEC indiv22 (conduit 24T, recipient C00521948)"
"DAVIS, Rodney",21328,H2IL13120,2022,pro-Israel,Pro-Israel America PAC (C00699470),8.0,earmarked_conduit_pas2,1,FEC pas222
"DE LA CRUZ, Monica",22315,H0TX15124,2022,pro-Israel,Republican Jewish Coalition PAC (C00345132),2500.0,direct_contribution,1,FEC pas222
"DE LA CRUZ, Monica",22315,H0TX15124,2022,pro-Israel,Republican Jewish Coalition PAC (C00345132),6347.0,earmarked_conduit_indiv,45,"FEC indiv22 (conduit 24T, recipient C00723072); FEC indiv22 (conduit 24T, recipient C00765719); FEC indiv22 (conduit 24T, recipient C00775858)"
"DE LA CRUZ, Monica",22315,H0TX15124,2024,pro-Israel,AIPAC PAC (C00797670),10000.0,direct_contribution,4,FEC pas224
"DE LA CRUZ, Monica",22315,H0TX15124,2024,pro-Israel,AIPAC PAC (C00797670),36278.0,earmarked_conduit_indiv,40,"FEC indiv24 (conduit 24T, recipient C00765719)"
"DE LA CRUZ, Monica",22315,H0TX15124,2024,pro-Israel,AIPAC PAC (C00797670),8410.0,earmarked_conduit_pas2,7,FEC pas224
"DE LA CRUZ, Monica",22315,H0TX15124,2024,pro-Israel,Republican Jewish Coalition PAC (C00345132),5000.0,direct_contribution,1,FEC pas224
"DE LA CRUZ, Monica",22315,H0TX15124,2024,pro-Israel,Republican Jewish Coalition PAC (C00345132),3407.0,earmarked_conduit_indiv,5,"FEC indiv24 (conduit 24T, recipient C00723072); FEC indiv24 (conduit 24T, recipient C00765719); FEC indiv24 (conduit 24T, recipient C00775858)"
"DE LA CRUZ, Monica",22315,H0TX15124,2024,pro-Israel,Republican Jewish Coalition PAC (C00345132),568.0,earmarked_conduit_pas2,13,FEC pas224
"DE LA CRUZ, Monica",22315,H0TX15124,2026,pro-Israel,AIPAC PAC (C00797670),10000.0,direct_contribution,2,FEC pas226
"DE LA CRUZ, Monica",22315,H0TX15124,2026,pro-Israel,AIPAC PAC (C00797670),49043.0,earmarked_conduit_indiv,27,"FEC indiv26 (conduit 15E, recipient C00765719); FEC indiv26 (conduit 24T, recipient C00765719)"
"DE LA CRUZ, Monica",22315,H0TX15124,2026,pro-Israel,AIPAC PAC (C00797670),-6.0,earmarked_conduit_pas2,2,FEC pas226
"DE LA CRUZ, Monica",22315,H0TX15124,2026,pro-Israel,Republican Jewish Coalition PAC (C00345132),3250.0,earmarked_conduit_indiv,5,"FEC indiv26 (conduit 24T, recipient C00765719)"
"DE LA CRUZ, Monica",22315,H0TX15124,2026,pro-Israel,Republican Jewish Coalition PAC (C00345132),110.0,earmarked_conduit_pas2,3,FEC pas226
"DEAN, Madeleine",21915,H8PA04116,2022,J Street,JStreetPAC (C00441949),1000.0,direct_contribution,1,FEC pas222
"DEAN, Madeleine",21915,H8PA04116,2022,J Street,JStreetPAC (C00441949),2550.0,earmarked_conduit_indiv,7,"FEC indiv22 (conduit 15E, recipient C00670844); FEC indiv22 (conduit 24T, recipient C00670844)"
"DEAN, Madeleine",21915,H8PA04116,2022,pro-Israel,AIPAC PAC (C00797670),500.0,earmarked_conduit_indiv,1,"FEC indiv22 (conduit 24T, recipient C00670844)"
"DEAN, Madeleine",21915,H8PA04116,2024,J Street,JStreetPAC (C00441949),25400.0,earmarked_conduit_indiv,28,"FEC indiv24 (conduit 24T, recipient C00670844)"
"DEAN, Madeleine",21915,H8PA04116,2024,J Street,JStreetPAC (C00441949),2380.0,earmarked_conduit_pas2,6,FEC pas224
"DEAN, Madeleine",21915,H8PA04116,2026,J Street,JStreetPAC (C00441949),1000.0,direct_contribution,1,FEC pas226
"DEAN, Madeleine",21915,H8PA04116,2026,J Street,JStreetPAC (C00441949),22250.0,earmarked_conduit_indiv,29,"FEC indiv26 (conduit 24T, recipient C00670844)"
"DEAN, Madeleine",21915,H8PA04116,2026,J Street,JStreetPAC (C00441949),50.0,earmarked_conduit_pas2,1,FEC pas226
"DEGETTE, Diana",29710,H6CO01141,2020,J Street,JStreetPAC (C00441949),2000.0,direct_contribution,2,FEC pas220
"DEGETTE, Diana",29710,H6CO01141,2020,J Street,JStreetPAC (C00441949),4350.0,earmarked_conduit_indiv,8,"FEC indiv20 (conduit 24T, recipient C00311639)"
"DEGETTE, Diana",29710,H6CO01141,2022,J Street,JStreetPAC (C00441949),3000.0,direct_contribution,3,FEC pas222
"DEGETTE, Diana",29710,H6CO01141,2022,J Street,JStreetPAC (C00441949),10070.0,earmarked_conduit_indiv,12,"FEC indiv22 (conduit 15E, recipient C00311639); FEC indiv22 (conduit 24T, recipient C00311639)"
"DEGETTE, Diana",29710,H6CO01141,2022,pro-Israel,AIPAC PAC (C00797670),2900.0,direct_contribution,3,FEC pas222
"DEGETTE, Diana",29710,H6CO01141,2022,pro-Israel,AIPAC PAC (C00797670),500.0,earmarked_conduit_indiv,1,"FEC indiv22 (conduit 24T, recipient C00311639)"
"DEGETTE, Diana",29710,H6CO01141,2024,J Street,JStreetPAC (C00441949),5000.0,direct_contribution,1,FEC pas224
"DEGETTE, Diana",29710,H6CO01141,2024,J Street,JStreetPAC (C00441949),2500.0,earmarked_conduit_indiv,6,"FEC indiv24 (conduit 24T, recipient C00311639)"
"DEGETTE, Diana",29710,H6CO01141,2024,J Street,JStreetPAC (C00441949),2250.0,earmarked_conduit_pas2,3,FEC pas224
"DEGETTE, Diana",29710,H6CO01141,2026,J Street,JStreetPAC (C00441949),2500.0,direct_contribution,1,FEC pas226
"DEGETTE, Diana",29710,H6CO01141,2026,J Street,JStreetPAC (C00441949),24850.0,earmarked_conduit_indiv,26,"FEC indiv26 (conduit 15E, recipient C00311639); FEC indiv26 (conduit 24T, recipient C00311639)"
"DEGETTE, Diana",29710,H6CO01141,2026,critical/pro-Palestinian,Justice Democrats PAC (C00630665),207358.01,IE_oppose,5,FEC independent_expenditure_2026.csv
"DELBENE, Suzan K.",31101,H0WA08046,2020,J Street,JStreetPAC (C00441949),3000.0,direct_contribution,3,FEC pas220
"DELBENE, Suzan K.",31101,H0WA08046,2022,J Street,JStreetPAC (C00441949),3500.0,direct_contribution,3,FEC pas222
"DELBENE, Suzan K.",31101,H0WA08046,2022,pro-Israel,AIPAC PAC (C00797670),7900.0,direct_contribution,4,FEC pas222
"DELBENE, Suzan K.",31101,H0WA08046,2024,J Street,JStreetPAC (C00441949),6000.0,direct_contribution,3,FEC pas224
"DELBENE, Suzan K.",31101,H0WA08046,2024,pro-Israel,AIPAC PAC (C00797670),10000.0,direct_contribution,2,FEC pas224
"DELBENE, Suzan K.",31101,H0WA08046,2024,pro-Israel,AIPAC PAC (C00797670),112250.0,earmarked_conduit_indiv,126,"FEC indiv24 (conduit 24T, recipient C00459099)"
"DELBENE, Suzan K.",31101,H0WA08046,2024,pro-Israel,AIPAC PAC (C00797670),501.0,earmarked_conduit_pas2,10,FEC pas224
"DELBENE, Suzan K.",31101,H0WA08046,2026,pro-Israel,AIPAC PAC (C00797670),0.0,direct_contribution,2,FEC pas226
"DELBENE, Suzan K.",31101,H0WA08046,2026,pro-Israel,AIPAC PAC (C00797670),61900.0,earmarked_conduit_indiv,71,"FEC indiv26 (conduit 15E, recipient C00459099); FEC indiv26 (conduit 24T, recipient C00459099)"
"DELBENE, Suzan K.",31101,H0WA08046,2026,pro-Israel,AIPAC PAC (C00797670),-6.0,earmarked_conduit_pas2,2,FEC pas226
"DELGADO, Antonio",21916,H8NY19181,2020,J Street,JStreetPAC (C00441949),-1667.0,direct_contribution,1,FEC pas220
"DELGADO, Antonio",21916,H8NY19181,2020,J Street,JStreetPAC (C00441949),33862.0,earmarked_conduit_indiv,53,"FEC indiv20 (conduit 15E, recipient C00633859); FEC indiv20 (conduit 24T, recipient C00633859)"
"DELGADO, Antonio",21916,H8NY19181,2020,J Street,JStreetPAC (C00441949),2000.0,earmarked_conduit_pas2,3,FEC pas220
"DELGADO, Antonio",21916,H8NY19181,2020,pro-Israel,DMFI PAC (C00710848),2000.0,direct_contribution,1,FEC pas220
"DELGADO, Antonio",21916,H8NY19181,2022,J Street,JStreetPAC (C00441949),22688.0,earmarked_conduit_indiv,43,"FEC indiv22 (conduit 15E, recipient C00633859); FEC indiv22 (conduit 24T, recipient C00633859)"
"DELGADO, Antonio",21916,H8NY19181,2022,pro-Israel,AIPAC PAC (C00797670),0.0,direct_contribution,2,FEC pas222
"DELGADO, Antonio",21916,H8NY19181,2022,pro-Israel,AIPAC PAC (C00797670),500.0,earmarked_conduit_indiv,1,"FEC indiv22 (conduit 15E, recipient C00633859)"
"DELUZIO, Chris",22316,H2PA17103,2022,J Street,JStreetPAC (C00441949),22266.0,earmarked_conduit_indiv,26,"FEC indiv22 (conduit 15E, recipient C00787648); FEC indiv22 (conduit 24T, recipient C00787648)"
"DELUZIO, Chris",22316,H2PA17103,2022,J Street,JStreetPAC (C00441949),1819.0,in_kind,1,FEC pas222
"DELUZIO, Chris",22316,H2PA17103,2024,J Street,JStreetPAC (C00441949),4872.0,direct_contribution,3,FEC pas224
"DELUZIO, Chris",22316,H2PA17103,2024,J Street,JStreetPAC (C00441949),88921.0,earmarked_conduit_indiv,116,"FEC indiv24 (conduit 24T, recipient C00787648)"
"DELUZIO, Chris",22316,H2PA17103,2024,J Street,JStreetPAC (C00441949),76201.0,earmarked_conduit_pas2,202,FEC pas224
"DELUZIO, Chris",22316,H2PA17103,2024,pro-Israel,AIPAC PAC (C00797670),1000.0,direct_contribution,1,FEC pas224
"DELUZIO, Chris",22316,H2PA17103,2024,pro-Israel,AIPAC PAC (C00797670),31650.0,earmarked_conduit_indiv,31,"FEC indiv24 (conduit 24T, recipient C00787648)"
"DELUZIO, Chris",22316,H2PA17103,2024,pro-Israel,AIPAC PAC (C00797670),2251.0,earmarked_conduit_pas2,4,FEC pas224
"DELUZIO, Chris",22316,H2PA17103,2024,pro-Israel,DMFI PAC (C00710848),1430.0,IE_support,1,FEC independent_expenditure_2024.csv
"DELUZIO, Chris",22316,H2PA17103,2024,pro-Israel,DMFI PAC (C00710848),5000.0,direct_contribution,2,FEC pas224
"DELUZIO, Chris",22316,H2PA17103,2026,J Street,JStreetPAC (C00441949),1000.0,direct_contribution,1,FEC pas226
"DELUZIO, Chris",22316,H2PA17103,2026,J Street,JStreetPAC (C00441949),67670.0,earmarked_conduit_indiv,76,"FEC indiv26 (conduit 15E, recipient C00787648); FEC indiv26 (conduit 24T, recipient C00787648)"
"DELUZIO, Chris",22316,H2PA17103,2026,J Street,JStreetPAC (C00441949),6746.0,earmarked_conduit_pas2,45,FEC pas226
"DESAULNIER, Mark James",21504,H0CA10073,2020,J Street,JStreetPAC (C00441949),3000.0,direct_contribution,3,FEC pas220
"DESAULNIER, Mark James",21504,H0CA10073,2020,J Street,JStreetPAC (C00441949),1000.0,earmarked_conduit_indiv,3,"FEC indiv20 (conduit 24T, recipient C00554709)"
"DESAULNIER, Mark James",21504,H0CA10073,2020,J Street,JStreetPAC (C00441949),-100.0,earmarked_conduit_pas2,1,FEC pas220
"DESAULNIER, Mark James",21504,H0CA10073,2022,J Street,JStreetPAC (C00441949),4000.0,direct_contribution,4,FEC pas222
"DESAULNIER, Mark James",21504,H0CA10073,2024,J Street,JStreetPAC (C00441949),5250.0,direct_contribution,4,FEC pas224
"DESAULNIER, Mark James",21504,H0CA10073,2024,J Street,JStreetPAC (C00441949),750.0,earmarked_conduit_indiv,3,"FEC indiv24 (conduit 24T, recipient C00554709)"
"DESAULNIER, Mark James",21504,H0CA10073,2026,J Street,JStreetPAC (C00441949),250.0,earmarked_conduit_indiv,1,"FEC indiv26 (conduit 24T, recipient C00554709)"
"DESJARLAIS, Scott",21179,H0TN04195,2022,pro-Israel,AIPAC PAC (C00797670),10000.0,direct_contribution,3,FEC pas222
"DESJARLAIS, Scott",21179,H0TN04195,2022,pro-Israel,AIPAC PAC (C00797670),1800.0,earmarked_conduit_indiv,1,"FEC indiv22 (conduit 24T, recipient C00464073)"
"DESJARLAIS, Scott",21179,H0TN04195,2022,pro-Israel,AIPAC PAC (C00797670),-2100.0,earmarked_conduit_pas2,1,FEC pas222
"DESJARLAIS, Scott",21179,H0TN04195,2024,pro-Israel,AIPAC PAC (C00797670),500.0,earmarked_conduit_indiv,1,"FEC indiv24 (conduit 24T, recipient C00464073)"
"DESJARLAIS, Scott",21179,H0TN04195,2024,pro-Israel,AIPAC PAC (C00797670),-1490.0,earmarked_conduit_pas2,5,FEC pas224
"DESJARLAIS, Scott",21179,H0TN04195,2026,pro-Israel,AIPAC PAC (C00797670),5000.0,direct_contribution,1,FEC pas226
"DESJARLAIS, Scott",21179,H0TN04195,2026,pro-Israel,AIPAC PAC (C00797670),15000.0,earmarked_conduit_indiv,9,"FEC indiv26 (conduit 15E, recipient C00464073)"
"DESJARLAIS, Scott",21179,H0TN04195,2026,pro-Israel,AIPAC PAC (C00797670),-6.0,earmarked_conduit_pas2,2,FEC pas226
"DEUTCH, Theodore E. (Ted)",20959,H0FL19080,2020,pro-Israel,DMFI PAC (C00710848),2015.0,direct_contribution,2,FEC pas220
"DEUTCH, Theodore E. (Ted)",20959,H0FL19080,2020,pro-Israel,NORPAC (C00247403),22950.0,earmarked_conduit_indiv,20,"FEC indiv20 (conduit 24T, recipient C00469163)"
"DEUTCH, Theodore E. (Ted)",20959,H0FL19080,2020,pro-Israel,Pro-Israel America PAC (C00699470),1000.0,direct_contribution,1,FEC pas220
"DEUTCH, Theodore E. (Ted)",20959,H0FL19080,2020,pro-Israel,Pro-Israel America PAC (C00699470),24482.0,earmarked_conduit_indiv,33,"FEC indiv20 (conduit 24T, recipient C00469163)"
"DEUTCH, Theodore E. (Ted)",20959,H0FL19080,2022,pro-Israel,AIPAC PAC (C00797670),0.0,direct_contribution,4,FEC pas222
"DEUTCH, Theodore E. (Ted)",20959,H0FL19080,2022,pro-Israel,Pro-Israel America PAC (C00699470),29220.0,earmarked_conduit_indiv,20,"FEC indiv22 (conduit 15E, recipient C00469163); FEC indiv22 (conduit 24T, recipient C00469163)"
"DIAZ-BALART, Mario",20316,H2FL25018,2022,pro-Israel,AIPAC PAC (C00797670),10000.0,direct_contribution,4,FEC pas222
"DIAZ-BALART, Mario",20316,H2FL25018,2022,pro-Israel,AIPAC PAC (C00797670),27600.0,earmarked_conduit_indiv,23,"FEC indiv22 (conduit 15E, recipient C00376087); FEC indiv22 (conduit 24T, recipient C00376087)"
"DIAZ-BALART, Mario",20316,H2FL25018,2024,pro-Israel,AIPAC PAC (C00797670),10000.0,direct_contribution,2,FEC pas224
"DIAZ-BALART, Mario",20316,H2FL25018,2024,pro-Israel,AIPAC PAC (C00797670),418852.0,earmarked_conduit_indiv,271,"FEC indiv24 (conduit 24T, recipient C00376087)"
"DIAZ-BALART, Mario",20316,H2FL25018,2024,pro-Israel,AIPAC PAC (C00797670),60955.0,earmarked_conduit_pas2,55,FEC pas224
"DIAZ-BALART, Mario",20316,H2FL25018,2026,pro-Israel,AIPAC PAC (C00797670),5000.0,direct_contribution,1,FEC pas226
"DIAZ-BALART, Mario",20316,H2FL25018,2026,pro-Israel,AIPAC PAC (C00797670),542704.0,earmarked_conduit_indiv,369,"FEC indiv26 (conduit 15E, recipient C00376087); FEC indiv26 (conduit 24T, recipient C00376087)"
"DIAZ-BALART, Mario",20316,H2FL25018,2026,pro-Israel,AIPAC PAC (C00797670),-6.0,earmarked_conduit_pas2,2,FEC pas226
"DIAZ-BALART, Mario",20316,H2FL25018,2026,pro-Israel,Republican Jewish Coalition PAC (C00345132),1000.0,earmarked_conduit_pas2,1,FEC pas226
"DINGELL, Debbie",21529,H4MI12079,2020,J Street,JStreetPAC (C00441949),4000.0,direct_contribution,3,FEC pas220
"DINGELL, Debbie",21529,H4MI12079,2020,J Street,JStreetPAC (C00441949),50.0,earmarked_conduit_pas2,1,FEC pas220
"DINGELL, Debbie",21529,H4MI12079,2020,critical/pro-Palestinian,Arab American PAC (C00346239),2000.0,direct_contribution,1,FEC pas220
"DINGELL, Debbie",21529,H4MI12079,2022,J Street,JStreetPAC (C00441949),4000.0,direct_contribution,4,FEC pas222
"DINGELL, Debbie",21529,H4MI12079,2024,J Street,JStreetPAC (C00441949),4500.0,direct_contribution,3,FEC pas224
"DINGELL, Debbie",21529,H4MI12079,2024,J Street,JStreetPAC (C00441949),125.0,earmarked_conduit_pas2,2,FEC pas224
"DINGELL, Debbie",21529,H4MI12079,2024,critical/pro-Palestinian,Arab American PAC (C00346239),1337.97,IE_support,1,FEC independent_expenditure_2024.csv
"DOGGETT, Lloyd Alton, II",29571,H4TX10028,2020,J Street,JStreetPAC (C00441949),1000.0,direct_contribution,1,FEC pas220
"DOGGETT, Lloyd Alton, II",29571,H4TX10028,2020,J Street,JStreetPAC (C00441949),7000.0,earmarked_conduit_indiv,11,"FEC indiv20 (conduit 15E, recipient C00286500); FEC indiv20 (conduit 24T, recipient C00286500)"
"DOGGETT, Lloyd Alton, II",29571,H4TX10028,2022,J Street,JStreetPAC (C00441949),5000.0,direct_contribution,5,FEC pas222
"DOGGETT, Lloyd Alton, II",29571,H4TX10028,2022,J Street,JStreetPAC (C00441949),2250.0,earmarked_conduit_indiv,4,"FEC indiv22 (conduit 24T, recipient C00286500)"
"DOGGETT, Lloyd Alton, II",29571,H4TX10028,2024,J Street,JStreetPAC (C00441949),3000.0,direct_contribution,3,FEC pas224
"DOGGETT, Lloyd Alton, II",29571,H4TX10028,2024,J Street,JStreetPAC (C00441949),1000.0,earmarked_conduit_indiv,1,"FEC indiv24 (conduit 24T, recipient C00286500)"
"DOGGETT, Lloyd Alton, II",29571,H4TX10028,2026,J Street,JStreetPAC (C00441949),250.0,direct_contribution,1,FEC pas226
"DOGGETT, Lloyd Alton, II",29571,H4TX10028,2026,J Street,JStreetPAC (C00441949),250.0,earmarked_conduit_indiv,1,"FEC indiv26 (conduit 24T, recipient C00286500)"
"DONALDS, Byron",22111,H2FL14186,2022,pro-Israel,AIPAC PAC (C00797670),19150.0,earmarked_conduit_indiv,15,"FEC indiv22 (conduit 15E, recipient C00733329); FEC indiv22 (conduit 24T, recipient C00733329)"
"DONALDS, Byron",22111,H2FL14186,2022,pro-Israel,Republican Jewish Coalition PAC (C00345132),260.0,earmarked_conduit_indiv,3,"FEC indiv22 (conduit 24T, recipient C00733329)"
"DONALDS, Byron",22111,H2FL14186,2024,pro-Israel,AIPAC PAC (C00797670),10000.0,direct_contribution,2,FEC pas224
"DONALDS, Byron",22111,H2FL14186,2024,pro-Israel,AIPAC PAC (C00797670),20450.0,earmarked_conduit_indiv,10,"FEC indiv24 (conduit 24T, recipient C00733329)"
"DONALDS, Byron",22111,H2FL14186,2024,pro-Israel,AIPAC PAC (C00797670),10.0,earmarked_conduit_pas2,2,FEC pas224
"DONALDS, Byron",22111,H2FL14186,2024,pro-Israel,Republican Jewish Coalition PAC (C00345132),1399.0,earmarked_conduit_indiv,42,"FEC indiv24 (conduit 24T, recipient C00733329)"
"DONALDS, Byron",22111,H2FL14186,2024,pro-Israel,Republican Jewish Coalition PAC (C00345132),488.0,earmarked_conduit_pas2,12,FEC pas224
"DONALDS, Byron",22111,H2FL14186,2026,pro-Israel,Republican Jewish Coalition PAC (C00345132),5000.0,direct_contribution,1,FEC pas226
"DOWNING, Troy",22511,H4MT02098,2024,pro-Israel,AIPAC PAC (C00797670),10000.0,direct_contribution,2,FEC pas224
"DOWNING, Troy",22511,H4MT02098,2026,pro-Israel,AIPAC PAC (C00797670),5000.0,direct_contribution,1,FEC pas226
"DOWNING, Troy",22511,H4MT02098,2026,pro-Israel,AIPAC PAC (C00797670),15375.0,earmarked_conduit_indiv,9,"FEC indiv26 (conduit 24T, recipient C00855288)"
"DOWNING, Troy",22511,H4MT02098,2026,pro-Israel,AIPAC PAC (C00797670),-6.0,earmarked_conduit_pas2,2,FEC pas226
"DOYLE, Michael F.",29561,H4PA18131,2020,J Street,JStreetPAC (C00441949),1000.0,direct_contribution,1,FEC pas220
"DOYLE, Michael F.",29561,H4PA18131,2020,J Street,JStreetPAC (C00441949),6050.0,earmarked_conduit_indiv,9,"FEC indiv20 (conduit 15E, recipient C00290064); FEC indiv20 (conduit 24T, recipient C00290064)"
"DOYLE, Michael F.",29561,H4PA18131,2022,J Street,JStreetPAC (C00441949),1000.0,direct_contribution,1,FEC pas222
"DUARTE, John",22317,H2CA13131,2022,pro-Israel,Republican Jewish Coalition PAC (C00345132),2500.0,direct_contribution,1,FEC pas222
"DUARTE, John",22317,H2CA13131,2022,pro-Israel,Republican Jewish Coalition PAC (C00345132),671.0,earmarked_conduit_indiv,11,"FEC indiv22 (conduit 24T, recipient C00808279)"
"DUARTE, John",22317,H2CA13131,2024,pro-Israel,AIPAC PAC (C00797670),5000.0,direct_contribution,1,FEC pas224
"DUARTE, John",22317,H2CA13131,2024,pro-Israel,AIPAC PAC (C00797670),23782.0,earmarked_conduit_indiv,17,"FEC indiv24 (conduit 24T, recipient C00808279)"
"DUARTE, John",22317,H2CA13131,2024,pro-Israel,AIPAC PAC (C00797670),10.0,earmarked_conduit_pas2,2,FEC pas224
"DUARTE, John",22317,H2CA13131,2024,pro-Israel,Republican Jewish Coalition PAC (C00345132),2500.0,direct_contribution,3,FEC pas224
"DUARTE, John",22317,H2CA13131,2024,pro-Israel,Republican Jewish Coalition PAC (C00345132),8523.0,earmarked_conduit_indiv,10,"FEC indiv24 (conduit 24T, recipient C00808279)"
"DUARTE, John",22317,H2CA13131,2024,pro-Israel,Republican Jewish Coalition PAC (C00345132),1966.0,earmarked_conduit_pas2,18,FEC pas224
"DUNCAN, Jeff",21174,H0SC03077,2022,pro-Israel,AIPAC PAC (C00797670),7900.0,direct_contribution,2,FEC pas222
"DUNCAN, Jeff",21174,H0SC03077,2024,pro-Israel,AIPAC PAC (C00797670),250.0,earmarked_conduit_pas2,1,FEC pas224
"DUNN, Neal Patrick",21714,H6FL02208,2022,pro-Israel,AIPAC PAC (C00797670),2900.0,direct_contribution,1,FEC pas222
"DUNN, Neal Patrick",21714,H6FL02208,2022,pro-Israel,AIPAC PAC (C00797670),8300.0,earmarked_conduit_indiv,5,"FEC indiv22 (conduit 24T, recipient C00582304)"
"DUNN, Neal Patrick",21714,H6FL02208,2024,pro-Israel,AIPAC PAC (C00797670),10000.0,direct_contribution,2,FEC pas224
"DUNN, Neal Patrick",21714,H6FL02208,2024,pro-Israel,AIPAC PAC (C00797670),12608.0,earmarked_conduit_indiv,11,"FEC indiv24 (conduit 24T, recipient C00582304)"
"DUNN, Neal Patrick",21714,H6FL02208,2024,pro-Israel,AIPAC PAC (C00797670),510.0,earmarked_conduit_pas2,3,FEC pas224
"DUNN, Neal Patrick",21714,H6FL02208,2026,pro-Israel,AIPAC PAC (C00797670),5000.0,direct_contribution,1,FEC pas226
"DUNN, Neal Patrick",21714,H6FL02208,2026,pro-Israel,AIPAC PAC (C00797670),10375.0,earmarked_conduit_indiv,7,"FEC indiv26 (conduit 15E, recipient C00582304); FEC indiv26 (conduit 24T, recipient C00582304)"
"DUNN, Neal Patrick",21714,H6FL02208,2026,pro-Israel,AIPAC PAC (C00797670),-6.0,earmarked_conduit_pas2,2,FEC pas226
"DeFAZIO, Peter Anthony",15410,H6OR04047,2020,J Street,JStreetPAC (C00441949),4500.0,direct_contribution,3,FEC pas220
"DeFAZIO, Peter Anthony",15410,H6OR04047,2020,J Street,JStreetPAC (C00441949),2125.0,earmarked_conduit_indiv,4,"FEC indiv20 (conduit 24T, recipient C00215905)"
"DeFAZIO, Peter Anthony",15410,H6OR04047,2022,J Street,JStreetPAC (C00441949),8000.0,earmarked_conduit_indiv,9,"FEC indiv22 (conduit 15E, recipient C00215905); FEC indiv22 (conduit 24T, recipient C00215905)"
"DeLAURO, Rosa L.",29109,H0CT03072,2020,J Street,JStreetPAC (C00441949),2000.0,direct_contribution,2,FEC pas220
"DeLAURO, Rosa L.",29109,H0CT03072,2020,J Street,JStreetPAC (C00441949),17850.0,earmarked_conduit_indiv,29,"FEC indiv20 (conduit 15E, recipient C00238865); FEC indiv20 (conduit 24T, recipient C00238865)"
"DeLAURO, Rosa L.",29109,H0CT03072,2022,J Street,JStreetPAC (C00441949),3500.0,direct_contribution,3,FEC pas222
"DeLAURO, Rosa L.",29109,H0CT03072,2022,J Street,JStreetPAC (C00441949),9150.0,earmarked_conduit_indiv,5,"FEC indiv22 (conduit 15E, recipient C00238865); FEC indiv22 (conduit 24T, recipient C00238865)"
"DeLAURO, Rosa L.",29109,H0CT03072,2022,pro-Israel,AIPAC PAC (C00797670),7900.0,direct_contribution,5,FEC pas222
"DeLAURO, Rosa L.",29109,H0CT03072,2022,pro-Israel,AIPAC PAC (C00797670),32200.0,earmarked_conduit_indiv,29,"FEC indiv22 (conduit 15E, recipient C00238865); FEC indiv22 (conduit 24T, recipient C00238865)"
"DeLAURO, Rosa L.",29109,H0CT03072,2024,J Street,JStreetPAC (C00441949),1062.0,direct_contribution,2,FEC pas224
"DeLAURO, Rosa L.",29109,H0CT03072,2024,J Street,JStreetPAC (C00441949),25159.0,earmarked_conduit_indiv,30,"FEC indiv24 (conduit 24T, recipient C00238865)"
"DeLAURO, Rosa L.",29109,H0CT03072,2024,J Street,JStreetPAC (C00441949),2058.0,earmarked_conduit_pas2,5,FEC pas224
"DeLAURO, Rosa L.",29109,H0CT03072,2024,pro-Israel,AIPAC PAC (C00797670),5000.0,direct_contribution,1,FEC pas224
"DeLAURO, Rosa L.",29109,H0CT03072,2024,pro-Israel,AIPAC PAC (C00797670),7300.0,earmarked_conduit_indiv,5,"FEC indiv24 (conduit 24T, recipient C00238865)"
"DeLAURO, Rosa L.",29109,H0CT03072,2024,pro-Israel,AIPAC PAC (C00797670),-2499.0,earmarked_conduit_pas2,6,FEC pas224
"DeLAURO, Rosa L.",29109,H0CT03072,2026,J Street,JStreetPAC (C00441949),19250.0,earmarked_conduit_indiv,24,"FEC indiv26 (conduit 15E, recipient C00238865); FEC indiv26 (conduit 24T, recipient C00238865)"
"DeLAURO, Rosa L.",29109,H0CT03072,2026,J Street,JStreetPAC (C00441949),1000.0,earmarked_conduit_pas2,1,FEC pas226
"DeLAURO, Rosa L.",29109,H0CT03072,2026,pro-Israel,AIPAC PAC (C00797670),1250.0,earmarked_conduit_indiv,2,"FEC indiv26 (conduit 24T, recipient C00238865)"
"DeLAURO, Rosa L.",29109,H0CT03072,2026,pro-Israel,AIPAC PAC (C00797670),-6.0,earmarked_conduit_pas2,2,FEC pas226
"EDWARDS, Chuck",22318,H2NC14050,2022,pro-Israel,AIPAC PAC (C00797670),10000.0,direct_contribution,2,FEC pas222
"EDWARDS, Chuck",22318,H2NC14050,2024,pro-Israel,AIPAC PAC (C00797670),10000.0,direct_contribution,2,FEC pas224
"EDWARDS, Chuck",22318,H2NC14050,2024,pro-Israel,AIPAC PAC (C00797670),13000.0,earmarked_conduit_indiv,17,"FEC indiv24 (conduit 24T, recipient C00796433)"
"EDWARDS, Chuck",22318,H2NC14050,2024,pro-Israel,AIPAC PAC (C00797670),11095.0,earmarked_conduit_pas2,10,FEC pas224
"EDWARDS, Chuck",22318,H2NC14050,2026,pro-Israel,AIPAC PAC (C00797670),10000.0,direct_contribution,2,FEC pas226
"EDWARDS, Chuck",22318,H2NC14050,2026,pro-Israel,AIPAC PAC (C00797670),19608.0,earmarked_conduit_indiv,28,"FEC indiv26 (conduit 24T, recipient C00796433)"
"EDWARDS, Chuck",22318,H2NC14050,2026,pro-Israel,AIPAC PAC (C00797670),-6.0,earmarked_conduit_pas2,2,FEC pas226
"ELFRETH, Sarah",22512,H4MD03156,2024,pro-Israel,AIPAC PAC (C00797670),5000.0,direct_contribution,2,FEC pas224
"ELFRETH, Sarah",22512,H4MD03156,2024,pro-Israel,AIPAC PAC (C00797670),1500.0,earmarked_conduit_indiv,3,"FEC indiv24 (conduit 24T, recipient C00855353)"
"ELFRETH, Sarah",22512,H4MD03156,2024,pro-Israel,DMFI PAC (C00710848),2125.0,IE_support,1,FEC independent_expenditure_2024.csv
"ELFRETH, Sarah",22512,H4MD03156,2024,pro-Israel,DMFI PAC (C00710848),1000.0,direct_contribution,1,FEC pas224
"ELFRETH, Sarah",22512,H4MD03156,2024,pro-Israel,United Democracy Project (C00799031),4218074.08,IE_support,29,FEC independent_expenditure_2024.csv
"ELFRETH, Sarah",22512,H4MD03156,2026,pro-Israel,AIPAC PAC (C00797670),0.0,direct_contribution,2,FEC pas226
"ELLZEY, Jake",22160,H8TX06266,2022,pro-Israel,AIPAC PAC (C00797670),5000.0,direct_contribution,1,FEC pas222
"ELLZEY, Jake",22160,H8TX06266,2022,pro-Israel,AIPAC PAC (C00797670),22802.0,earmarked_conduit_indiv,19,"FEC indiv22 (conduit 15E, recipient C00770438); FEC indiv22 (conduit 24T, recipient C00770438)"
"ELLZEY, Jake",22160,H8TX06266,2024,pro-Israel,AIPAC PAC (C00797670),10000.0,direct_contribution,4,FEC pas224
"ELLZEY, Jake",22160,H8TX06266,2024,pro-Israel,AIPAC PAC (C00797670),82508.0,earmarked_conduit_indiv,56,"FEC indiv24 (conduit 24T, recipient C00770438)"
"ELLZEY, Jake",22160,H8TX06266,2024,pro-Israel,AIPAC PAC (C00797670),2510.0,earmarked_conduit_pas2,4,FEC pas224
"ELLZEY, Jake",22160,H8TX06266,2024,pro-Israel,Republican Jewish Coalition PAC (C00345132),25.0,earmarked_conduit_pas2,1,FEC pas224
"ELLZEY, Jake",22160,H8TX06266,2026,pro-Israel,AIPAC PAC (C00797670),10000.0,direct_contribution,2,FEC pas226
"ELLZEY, Jake",22160,H8TX06266,2026,pro-Israel,AIPAC PAC (C00797670),58803.0,earmarked_conduit_indiv,54,"FEC indiv26 (conduit 15E, recipient C00770438); FEC indiv26 (conduit 24T, recipient C00770438)"
"ELLZEY, Jake",22160,H8TX06266,2026,pro-Israel,AIPAC PAC (C00797670),-6.0,earmarked_conduit_pas2,1,FEC pas226
"EMMER, Thomas Earl, II",21531,H4MN06087,2020,pro-Israel,Pro-Israel America PAC (C00699470),12750.0,earmarked_conduit_indiv,15,"FEC indiv20 (conduit 24T, recipient C00545749)"
"EMMER, Thomas Earl, II",21531,H4MN06087,2022,pro-Israel,AIPAC PAC (C00797670),10000.0,direct_contribution,4,FEC pas222
"EMMER, Thomas Earl, II",21531,H4MN06087,2022,pro-Israel,AIPAC PAC (C00797670),1000.0,earmarked_conduit_indiv,1,"FEC indiv22 (conduit 24T, recipient C00545749)"
"EMMER, Thomas Earl, II",21531,H4MN06087,2022,pro-Israel,Pro-Israel America PAC (C00699470),26.0,earmarked_conduit_indiv,2,"FEC indiv22 (conduit 15E, recipient C00545749)"
"EMMER, Thomas Earl, II",21531,H4MN06087,2024,pro-Israel,AIPAC PAC (C00797670),10000.0,direct_contribution,4,FEC pas224
"EMMER, Thomas Earl, II",21531,H4MN06087,2024,pro-Israel,AIPAC PAC (C00797670),422267.0,earmarked_conduit_indiv,299,"FEC indiv24 (conduit 15E, recipient C00545749); FEC indiv24 (conduit 24T, recipient C00545749)"
"EMMER, Thomas Earl, II",21531,H4MN06087,2024,pro-Israel,AIPAC PAC (C00797670),19562.0,earmarked_conduit_pas2,34,FEC pas224
"EMMER, Thomas Earl, II",21531,H4MN06087,2024,pro-Israel,Republican Jewish Coalition PAC (C00345132),541.0,earmarked_conduit_indiv,22,"FEC indiv24 (conduit 24T, recipient C00545749)"
"EMMER, Thomas Earl, II",21531,H4MN06087,2024,pro-Israel,Republican Jewish Coalition PAC (C00345132),2.0,earmarked_conduit_pas2,1,FEC pas224
"EMMER, Thomas Earl, II",21531,H4MN06087,2026,pro-Israel,AIPAC PAC (C00797670),10000.0,direct_contribution,4,FEC pas226
"EMMER, Thomas Earl, II",21531,H4MN06087,2026,pro-Israel,AIPAC PAC (C00797670),407090.0,earmarked_conduit_indiv,280,"FEC indiv26 (conduit 15E, recipient C00545749); FEC indiv26 (conduit 24T, recipient C00545749)"
"EMMER, Thomas Earl, II",21531,H4MN06087,2026,pro-Israel,AIPAC PAC (C00797670),494.0,earmarked_conduit_pas2,2,FEC pas226
"EMMER, Thomas Earl, II",21531,H4MN06087,2026,pro-Israel,NORPAC (C00247403),9500.0,earmarked_conduit_indiv,6,"FEC indiv26 (conduit 24T, recipient C00545749)"
"ENGEL, Eliot Lance",15603,H8NY19058,2020,critical/pro-Palestinian,Justice Democrats PAC (C00630665),300000.0,IE_oppose,3,FEC independent_expenditure_2020.csv
"ENGEL, Eliot Lance",15603,H8NY19058,2020,pro-Israel,DMFI PAC (C00710848),927192.32,IE_support,31,FEC independent_expenditure_2020.csv
"ENGEL, Eliot Lance",15603,H8NY19058,2020,pro-Israel,DMFI PAC (C00710848),2000.0,direct_contribution,1,FEC pas220
"ENGEL, Eliot Lance",15603,H8NY19058,2020,pro-Israel,NORPAC (C00247403),32125.0,direct_contribution,3,FEC pas220
"ENGEL, Eliot Lance",15603,H8NY19058,2020,pro-Israel,NORPAC (C00247403),19950.0,earmarked_conduit_indiv,23,"FEC indiv20 (conduit 24T, recipient C00236513)"
"ENGEL, Eliot Lance",15603,H8NY19058,2020,pro-Israel,Pro-Israel America PAC (C00699470),1000.0,direct_contribution,1,FEC pas220
"ENGEL, Eliot Lance",15603,H8NY19058,2020,pro-Israel,Pro-Israel America PAC (C00699470),159351.0,earmarked_conduit_indiv,327,"FEC indiv20 (conduit 15E, recipient C00236513); FEC indiv20 (conduit 24T, recipient C00236513)"
"ESCOBAR, Veronica",21917,H8TX16109,2020,J Street,JStreetPAC (C00441949),2000.0,direct_contribution,2,FEC pas220
"ESCOBAR, Veronica",21917,H8TX16109,2020,J Street,JStreetPAC (C00441949),2800.0,earmarked_conduit_indiv,1,"FEC indiv20 (conduit 24T, recipient C00653923)"
"ESCOBAR, Veronica",21917,H8TX16109,2022,J Street,JStreetPAC (C00441949),3000.0,direct_contribution,3,FEC pas222
"ESCOBAR, Veronica",21917,H8TX16109,2022,J Street,JStreetPAC (C00441949),500.0,earmarked_conduit_indiv,2,"FEC indiv22 (conduit 24T, recipient C00653923)"
"ESCOBAR, Veronica",21917,H8TX16109,2022,pro-Israel,AIPAC PAC (C00797670),8700.0,earmarked_conduit_indiv,4,"FEC indiv22 (conduit 24T, recipient C00653923)"
"ESCOBAR, Veronica",21917,H8TX16109,2024,J Street,JStreetPAC (C00441949),3500.0,direct_contribution,2,FEC pas224
"ESCOBAR, Veronica",21917,H8TX16109,2024,J Street,JStreetPAC (C00441949),3900.0,earmarked_conduit_indiv,3,"FEC indiv24 (conduit 24T, recipient C00653923)"
"ESCOBAR, Veronica",21917,H8TX16109,2024,J Street,JStreetPAC (C00441949),25.0,earmarked_conduit_pas2,1,FEC pas224
"ESCOBAR, Veronica",21917,H8TX16109,2026,J Street,JStreetPAC (C00441949),2536.0,direct_contribution,2,FEC pas226
"ESCOBAR, Veronica",21917,H8TX16109,2026,J Street,JStreetPAC (C00441949),9750.0,earmarked_conduit_indiv,15,"FEC indiv26 (conduit 24T, recipient C00653923)"
"ESCOBAR, Veronica",21917,H8TX16109,2026,J Street,JStreetPAC (C00441949),11500.0,earmarked_conduit_pas2,6,FEC pas226
"ESHOO, Anna Georges",29312,H8CA12098,2020,J Street,JStreetPAC (C00441949),1000.0,direct_contribution,1,FEC pas220
"ESHOO, Anna Georges",29312,H8CA12098,2020,J Street,JStreetPAC (C00441949),10800.0,earmarked_conduit_indiv,17,"FEC indiv20 (conduit 15E, recipient C00258475); FEC indiv20 (conduit 24T, recipient C00258475)"
"ESHOO, Anna Georges",29312,H8CA12098,2022,J Street,JStreetPAC (C00441949),4500.0,direct_contribution,4,FEC pas222
"ESHOO, Anna Georges",29312,H8CA12098,2022,J Street,JStreetPAC (C00441949),3000.0,earmarked_conduit_indiv,4,"FEC indiv22 (conduit 24T, recipient C00258475)"
"ESHOO, Anna Georges",29312,H8CA12098,2024,J Street,JStreetPAC (C00441949),1000.0,direct_contribution,1,FEC pas224
"ESHOO, Anna Georges",29312,H8CA12098,2024,J Street,JStreetPAC (C00441949),7950.0,earmarked_conduit_indiv,15,"FEC indiv24 (conduit 24T, recipient C00258475)"
"ESHOO, Anna Georges",29312,H8CA12098,2024,J Street,JStreetPAC (C00441949),700.0,earmarked_conduit_pas2,3,FEC pas224
"ESPAILLAT, Adriano J.",21715,H2NY13096,2022,pro-Israel,AIPAC PAC (C00797670),4200.0,direct_contribution,2,FEC pas222
"ESPAILLAT, Adriano J.",21715,H2NY13096,2022,pro-Israel,AIPAC PAC (C00797670),20000.0,earmarked_conduit_indiv,13,"FEC indiv22 (conduit 24T, recipient C00701953)"
"ESPAILLAT, Adriano J.",21715,H2NY13096,2022,pro-Israel,DMFI PAC (C00710848),2000.0,direct_contribution,1,FEC pas222
"ESPAILLAT, Adriano J.",21715,H2NY13096,2024,pro-Israel,AIPAC PAC (C00797670),10000.0,direct_contribution,2,FEC pas224
"ESPAILLAT, Adriano J.",21715,H2NY13096,2024,pro-Israel,AIPAC PAC (C00797670),154060.0,earmarked_conduit_indiv,129,"FEC indiv24 (conduit 15E, recipient C00701953); FEC indiv24 (conduit 24T, recipient C00701953)"
"ESPAILLAT, Adriano J.",21715,H2NY13096,2024,pro-Israel,AIPAC PAC (C00797670),6894.0,earmarked_conduit_pas2,5,FEC pas224
"ESPAILLAT, Adriano J.",21715,H2NY13096,2024,pro-Israel,DMFI PAC (C00710848),1000.0,direct_contribution,1,FEC pas224
"ESPAILLAT, Adriano J.",21715,H2NY13096,2026,critical/pro-Palestinian,Justice Democrats PAC (C00630665),529900.92,IE_oppose,10,FEC independent_expenditure_2026.csv
"ESPAILLAT, Adriano J.",21715,H2NY13096,2026,pro-Israel,AIPAC PAC (C00797670),5000.0,direct_contribution,1,FEC pas226
"ESPAILLAT, Adriano J.",21715,H2NY13096,2026,pro-Israel,AIPAC PAC (C00797670),130410.0,earmarked_conduit_indiv,95,"FEC indiv26 (conduit 15E, recipient C00701953); FEC indiv26 (conduit 24T, recipient C00701953)"
"ESPAILLAT, Adriano J.",21715,H2NY13096,2026,pro-Israel,AIPAC PAC (C00797670),-6.0,earmarked_conduit_pas2,2,FEC pas226
"ESPAILLAT, Adriano J.",21715,H2NY13096,2026,pro-Israel,NORPAC (C00247403),0.0,earmarked_conduit_indiv,2,"FEC indiv26 (conduit 24T, recipient C00701953)"
"ESTES, Ron",21750,H8KS04112,2022,pro-Israel,AIPAC PAC (C00797670),10000.0,direct_contribution,3,FEC pas222
"ESTES, Ron",21750,H8KS04112,2022,pro-Israel,AIPAC PAC (C00797670),250.0,earmarked_conduit_indiv,1,"FEC indiv22 (conduit 24T, recipient C00632067)"
"ESTES, Ron",21750,H8KS04112,2022,pro-Israel,NORPAC (C00247403),6900.0,earmarked_conduit_indiv,3,"FEC indiv22 (conduit 24T, recipient C00632067)"
"ESTES, Ron",21750,H8KS04112,2024,pro-Israel,AIPAC PAC (C00797670),10000.0,direct_contribution,2,FEC pas224
"ESTES, Ron",21750,H8KS04112,2024,pro-Israel,AIPAC PAC (C00797670),9250.0,earmarked_conduit_indiv,14,"FEC indiv24 (conduit 15E, recipient C00632067); FEC indiv24 (conduit 24T, recipient C00632067)"
"ESTES, Ron",21750,H8KS04112,2024,pro-Israel,AIPAC PAC (C00797670),510.0,earmarked_conduit_pas2,3,FEC pas224
"ESTES, Ron",21750,H8KS04112,2024,pro-Israel,NORPAC (C00247403),5000.0,direct_contribution,1,FEC pas224
"ESTES, Ron",21750,H8KS04112,2024,pro-Israel,NORPAC (C00247403),8200.0,earmarked_conduit_indiv,3,"FEC indiv24 (conduit 24T, recipient C00632067)"
"ESTES, Ron",21750,H8KS04112,2024,pro-Israel,Republican Jewish Coalition PAC (C00345132),100.0,earmarked_conduit_indiv,1,"FEC indiv24 (conduit 24T, recipient C00632067)"
"ESTES, Ron",21750,H8KS04112,2026,pro-Israel,AIPAC PAC (C00797670),5000.0,direct_contribution,3,FEC pas226
"ESTES, Ron",21750,H8KS04112,2026,pro-Israel,AIPAC PAC (C00797670),12500.0,earmarked_conduit_indiv,21,"FEC indiv26 (conduit 15E, recipient C00632067); FEC indiv26 (conduit 24T, recipient C00632067)"
"ESTES, Ron",21750,H8KS04112,2026,pro-Israel,AIPAC PAC (C00797670),-6.0,earmarked_conduit_pas2,2,FEC pas226
"ESTES, Ron",21750,H8KS04112,2026,pro-Israel,NORPAC (C00247403),7000.0,direct_contribution,1,FEC pas226
"EVANS, Dwight",21566,H6PA02171,2020,J Street,JStreetPAC (C00441949),1000.0,direct_contribution,1,FEC pas220
"EVANS, Dwight",21566,H6PA02171,2020,J Street,JStreetPAC (C00441949),3840.0,earmarked_conduit_indiv,12,"FEC indiv20 (conduit 15E, recipient C00591065); FEC indiv20 (conduit 24T, recipient C00591065)"
"EVANS, Dwight",21566,H6PA02171,2020,J Street,JStreetPAC (C00441949),100.0,earmarked_conduit_pas2,1,FEC pas220
"EVANS, Dwight",21566,H6PA02171,2022,J Street,JStreetPAC (C00441949),5000.0,direct_contribution,5,FEC pas222
"EVANS, Dwight",21566,H6PA02171,2022,J Street,JStreetPAC (C00441949),5750.0,earmarked_conduit_indiv,12,"FEC indiv22 (conduit 24T, recipient C00591065)"
"EVANS, Dwight",21566,H6PA02171,2024,J Street,JStreetPAC (C00441949),1090.0,direct_contribution,2,FEC pas224
"EVANS, Dwight",21566,H6PA02171,2024,J Street,JStreetPAC (C00441949),250.0,earmarked_conduit_indiv,1,"FEC indiv24 (conduit 24T, recipient C00591065)"
"EVANS, Dwight",21566,H6PA02171,2024,J Street,JStreetPAC (C00441949),2750.0,earmarked_conduit_pas2,9,FEC pas224
"EVANS, Dwight",21566,H6PA02171,2026,J Street,JStreetPAC (C00441949),250.0,earmarked_conduit_indiv,1,"FEC indiv26 (conduit 24T, recipient C00591065)"
"EVANS, Dwight",21566,H6PA02171,2026,J Street,JStreetPAC (C00441949),250.0,earmarked_conduit_pas2,1,FEC pas226
"EVANS, Gabe",22513,H4CO08034,2024,pro-Israel,Republican Jewish Coalition PAC (C00345132),2500.0,direct_contribution,1,FEC pas224
"EVANS, Gabe",22513,H4CO08034,2024,pro-Israel,Republican Jewish Coalition PAC (C00345132),3208.0,earmarked_conduit_indiv,12,"FEC indiv24 (conduit 24T, recipient C00849844)"
"EVANS, Gabe",22513,H4CO08034,2024,pro-Israel,Republican Jewish Coalition PAC (C00345132),1941.0,earmarked_conduit_pas2,23,FEC pas224
"EVANS, Gabe",22513,H4CO08034,2026,pro-Israel,AIPAC PAC (C00797670),5000.0,direct_contribution,1,FEC pas226
"EVANS, Gabe",22513,H4CO08034,2026,pro-Israel,AIPAC PAC (C00797670),62870.0,earmarked_conduit_indiv,48,"FEC indiv26 (conduit 15E, recipient C00849844); FEC indiv26 (conduit 24T, recipient C00849844)"
"EVANS, Gabe",22513,H4CO08034,2026,pro-Israel,AIPAC PAC (C00797670),-6.0,earmarked_conduit_pas2,2,FEC pas226
"EVANS, Gabe",22513,H4CO08034,2026,pro-Israel,Republican Jewish Coalition PAC (C00345132),5000.0,direct_contribution,1,FEC pas226
"EVANS, Gabe",22513,H4CO08034,2026,pro-Israel,Republican Jewish Coalition PAC (C00345132),1202.0,earmarked_conduit_indiv,9,"FEC indiv26 (conduit 24T, recipient C00849844); FEC indiv26 (conduit 24T, recipient C00857805)"
"EZELL, Mike",22319,H2MS04258,2022,pro-Israel,AIPAC PAC (C00797670),5000.0,direct_contribution,1,FEC pas222
"EZELL, Mike",22319,H2MS04258,2024,pro-Israel,AIPAC PAC (C00797670),5000.0,direct_contribution,1,FEC pas224
"EZELL, Mike",22319,H2MS04258,2024,pro-Israel,AIPAC PAC (C00797670),13179.0,earmarked_conduit_indiv,11,"FEC indiv24 (conduit 24T, recipient C00776393)"
"EZELL, Mike",22319,H2MS04258,2024,pro-Israel,AIPAC PAC (C00797670),10.0,earmarked_conduit_pas2,2,FEC pas224
"EZELL, Mike",22319,H2MS04258,2026,pro-Israel,AIPAC PAC (C00797670),5000.0,direct_contribution,1,FEC pas226
"EZELL, Mike",22319,H2MS04258,2026,pro-Israel,AIPAC PAC (C00797670),17803.0,earmarked_conduit_indiv,12,"FEC indiv26 (conduit 24T, recipient C00776393)"
"EZELL, Mike",22319,H2MS04258,2026,pro-Israel,AIPAC PAC (C00797670),-6.0,earmarked_conduit_pas2,2,FEC pas226
"FALLON, Pat",22112,H0TX04219,2022,pro-Israel,AIPAC PAC (C00797670),5000.0,direct_contribution,3,FEC pas222
"FALLON, Pat",22112,H0TX04219,2022,pro-Israel,AIPAC PAC (C00797670),16125.0,earmarked_conduit_indiv,10,"FEC indiv22 (conduit 15E, recipient C00750307); FEC indiv22 (conduit 24T, recipient C00750307)"
"FALLON, Pat",22112,H0TX04219,2024,pro-Israel,AIPAC PAC (C00797670),12000.0,direct_contribution,4,FEC pas224
"FALLON, Pat",22112,H0TX04219,2024,pro-Israel,AIPAC PAC (C00797670),27660.0,earmarked_conduit_indiv,24,"FEC indiv24 (conduit 24T, recipient C00750307)"
"FALLON, Pat",22112,H0TX04219,2024,pro-Israel,AIPAC PAC (C00797670),510.0,earmarked_conduit_pas2,3,FEC pas224
"FALLON, Pat",22112,H0TX04219,2024,pro-Israel,Republican Jewish Coalition PAC (C00345132),6.0,earmarked_conduit_pas2,1,FEC pas224
"FALLON, Pat",22112,H0TX04219,2026,pro-Israel,AIPAC PAC (C00797670),5000.0,direct_contribution,3,FEC pas226
"FALLON, Pat",22112,H0TX04219,2026,pro-Israel,AIPAC PAC (C00797670),23575.0,earmarked_conduit_indiv,15,"FEC indiv26 (conduit 15E, recipient C00750307); FEC indiv26 (conduit 24T, recipient C00750307)"
"FALLON, Pat",22112,H0TX04219,2026,pro-Israel,AIPAC PAC (C00797670),-6.0,earmarked_conduit_pas2,2,FEC pas226
"FEDORCHAK, Julie",22514,H4ND00061,2024,pro-Israel,AIPAC PAC (C00797670),5000.0,direct_contribution,1,FEC pas224
"FEDORCHAK, Julie",22514,H4ND00061,2024,pro-Israel,AIPAC PAC (C00797670),8000.0,earmarked_conduit_indiv,8,"FEC indiv24 (conduit 24T, recipient C00869370)"
"FEDORCHAK, Julie",22514,H4ND00061,2024,pro-Israel,Republican Jewish Coalition PAC (C00345132),2500.0,direct_contribution,1,FEC pas224
"FEDORCHAK, Julie",22514,H4ND00061,2024,pro-Israel,Republican Jewish Coalition PAC (C00345132),3353.0,earmarked_conduit_indiv,6,"FEC indiv24 (conduit 24T, recipient C00869370)"
"FEDORCHAK, Julie",22514,H4ND00061,2024,pro-Israel,Republican Jewish Coalition PAC (C00345132),411.0,earmarked_conduit_pas2,10,FEC pas224
"FEDORCHAK, Julie",22514,H4ND00061,2026,pro-Israel,AIPAC PAC (C00797670),10000.0,direct_contribution,4,FEC pas226
"FEDORCHAK, Julie",22514,H4ND00061,2026,pro-Israel,AIPAC PAC (C00797670),15300.0,earmarked_conduit_indiv,7,"FEC indiv26 (conduit 15E, recipient C00869370)"
"FEENSTRA, Randy",22113,H0IA04145,2020,pro-Israel,Republican Jewish Coalition PAC (C00345132),5000.0,direct_contribution,1,FEC pas220
"FEENSTRA, Randy",22113,H0IA04145,2020,pro-Israel,Republican Jewish Coalition PAC (C00345132),10082.0,earmarked_conduit_indiv,27,"FEC indiv20 (conduit 24T, recipient C00693663)"
"FEENSTRA, Randy",22113,H0IA04145,2022,pro-Israel,AIPAC PAC (C00797670),7900.0,direct_contribution,2,FEC pas222
"FEENSTRA, Randy",22113,H0IA04145,2022,pro-Israel,AIPAC PAC (C00797670),15750.0,earmarked_conduit_indiv,10,"FEC indiv22 (conduit 15E, recipient C00693663); FEC indiv22 (conduit 24T, recipient C00693663)"
"FEENSTRA, Randy",22113,H0IA04145,2024,pro-Israel,AIPAC PAC (C00797670),10000.0,direct_contribution,2,FEC pas224
"FEENSTRA, Randy",22113,H0IA04145,2024,pro-Israel,AIPAC PAC (C00797670),16113.0,earmarked_conduit_indiv,22,"FEC indiv24 (conduit 24T, recipient C00693663)"
"FEENSTRA, Randy",22113,H0IA04145,2024,pro-Israel,AIPAC PAC (C00797670),8525.0,earmarked_conduit_pas2,8,FEC pas224
"FEENSTRA, Randy",22113,H0IA04145,2024,pro-Israel,Republican Jewish Coalition PAC (C00345132),1068.0,earmarked_conduit_indiv,6,"FEC indiv24 (conduit 24T, recipient C00693663)"
"FEENSTRA, Randy",22113,H0IA04145,2024,pro-Israel,Republican Jewish Coalition PAC (C00345132),301.0,earmarked_conduit_pas2,7,FEC pas224
"FERGUSON, Anderson Drew IV",21717,H6GA03113,2022,pro-Israel,AIPAC PAC (C00797670),2100.0,direct_contribution,1,FEC pas222
"FERGUSON, Anderson Drew IV",21717,H6GA03113,2022,pro-Israel,AIPAC PAC (C00797670),24500.0,earmarked_conduit_indiv,24,"FEC indiv22 (conduit 24T, recipient C00607838)"
"FERGUSON, Anderson Drew IV",21717,H6GA03113,2024,pro-Israel,AIPAC PAC (C00797670),750.0,earmarked_conduit_indiv,2,"FEC indiv24 (conduit 15E, recipient C00607838); FEC indiv24 (conduit 24T, recipient C00607838)"
"FIGURES, Shomari",22515,H4AL02170,2024,pro-Israel,AIPAC PAC (C00797670),5000.0,direct_contribution,1,FEC pas224
"FIGURES, Shomari",22515,H4AL02170,2024,pro-Israel,AIPAC PAC (C00797670),31200.0,earmarked_conduit_indiv,24,"FEC indiv24 (conduit 24T, recipient C00856237)"
"FIGURES, Shomari",22515,H4AL02170,2024,pro-Israel,DMFI PAC (C00710848),1400.0,IE_support,1,FEC independent_expenditure_2024.csv
"FIGURES, Shomari",22515,H4AL02170,2024,pro-Israel,DMFI PAC (C00710848),1000.0,direct_contribution,1,FEC pas224
"FIGURES, Shomari",22515,H4AL02170,2026,pro-Israel,AIPAC PAC (C00797670),500.0,earmarked_conduit_indiv,1,"FEC indiv26 (conduit 24T, recipient C00856237)"
"FINE, Randy",22562,H6FL06258,2024,pro-Israel,AIPAC PAC (C00797670),1300.0,earmarked_conduit_indiv,2,"FEC indiv24 (conduit 24T, recipient C00893271)"
"FINE, Randy",22562,H6FL06258,2024,pro-Israel,Republican Jewish Coalition PAC (C00345132),73900.0,earmarked_conduit_indiv,29,"FEC indiv24 (conduit 24T, recipient C00893271)"
"FINE, Randy",22562,H6FL06258,2026,pro-Israel,AIPAC PAC (C00797670),10000.0,direct_contribution,2,FEC pas226
"FINE, Randy",22562,H6FL06258,2026,pro-Israel,AIPAC PAC (C00797670),454750.0,earmarked_conduit_indiv,365,"FEC indiv26 (conduit 15E, recipient C00893271); FEC indiv26 (conduit 24T, recipient C00893271)"
"FINE, Randy",22562,H6FL06258,2026,pro-Israel,AIPAC PAC (C00797670),-6.0,earmarked_conduit_pas2,2,FEC pas226
"FINE, Randy",22562,H6FL06258,2026,pro-Israel,NORPAC (C00247403),57350.0,earmarked_conduit_indiv,45,"FEC indiv26 (conduit 15E, recipient C00893271); FEC indiv26 (conduit 24T, recipient C00893271)"
"FINE, Randy",22562,H6FL06258,2026,pro-Israel,Republican Jewish Coalition PAC (C00345132),15000.0,direct_contribution,3,FEC pas226
"FINE, Randy",22562,H6FL06258,2026,pro-Israel,Republican Jewish Coalition PAC (C00345132),54162.0,earmarked_conduit_indiv,78,"FEC indiv26 (conduit 24T, recipient C00893271)"
"FINE, Randy",22562,H6FL06258,2026,pro-Israel,Republican Jewish Coalition PAC (C00345132),8175.0,earmarked_conduit_pas2,6,FEC pas226
"FINKENAUER, Abby",21918,H8IA01094,2020,J Street,JStreetPAC (C00441949),57516.0,earmarked_conduit_indiv,77,"FEC indiv20 (conduit 15E, recipient C00637074); FEC indiv20 (conduit 24T, recipient C00637074)"
"FINKENAUER, Abby",21918,H8IA01094,2020,J Street,JStreetPAC (C00441949),2800.0,earmarked_conduit_pas2,2,FEC pas220
"FINKENAUER, Abby",21918,H8IA01094,2020,J Street,JStreetPAC (C00441949),320.0,in_kind,1,FEC pas220
"FINKENAUER, Abby",21918,H8IA01094,2020,pro-Israel,DMFI PAC (C00710848),2000.0,direct_contribution,1,FEC pas220
"FINSTAD, Brad",22167,H2MN01223,2022,pro-Israel,AIPAC PAC (C00797670),5000.0,direct_contribution,1,FEC pas222
"FINSTAD, Brad",22167,H2MN01223,2024,pro-Israel,AIPAC PAC (C00797670),10000.0,direct_contribution,2,FEC pas224
"FINSTAD, Brad",22167,H2MN01223,2024,pro-Israel,AIPAC PAC (C00797670),11500.0,earmarked_conduit_indiv,17,"FEC indiv24 (conduit 24T, recipient C00807743)"
"FINSTAD, Brad",22167,H2MN01223,2024,pro-Israel,AIPAC PAC (C00797670),10.0,earmarked_conduit_pas2,2,FEC pas224
"FINSTAD, Brad",22167,H2MN01223,2026,pro-Israel,AIPAC PAC (C00797670),10000.0,direct_contribution,2,FEC pas226
"FINSTAD, Brad",22167,H2MN01223,2026,pro-Israel,AIPAC PAC (C00797670),32250.0,earmarked_conduit_indiv,33,"FEC indiv26 (conduit 15E, recipient C00807743); FEC indiv26 (conduit 24T, recipient C00807743)"
"FINSTAD, Brad",22167,H2MN01223,2026,pro-Israel,AIPAC PAC (C00797670),-6.0,earmarked_conduit_pas2,2,FEC pas226
"FISCHBACH, Michelle",22114,H0MN07091,2020,pro-Israel,Republican Jewish Coalition PAC (C00345132),5000.0,direct_contribution,2,FEC pas220
"FISCHBACH, Michelle",22114,H0MN07091,2020,pro-Israel,Republican Jewish Coalition PAC (C00345132),4935.0,earmarked_conduit_indiv,22,"FEC indiv20 (conduit 24T, recipient C00717959)"
"FISCHBACH, Michelle",22114,H0MN07091,2022,pro-Israel,AIPAC PAC (C00797670),10000.0,direct_contribution,3,FEC pas222
"FISCHBACH, Michelle",22114,H0MN07091,2024,pro-Israel,AIPAC PAC (C00797670),10000.0,direct_contribution,2,FEC pas224
"FISCHBACH, Michelle",22114,H0MN07091,2024,pro-Israel,AIPAC PAC (C00797670),24000.0,earmarked_conduit_indiv,28,"FEC indiv24 (conduit 24T, recipient C00717959)"
"FISCHBACH, Michelle",22114,H0MN07091,2024,pro-Israel,AIPAC PAC (C00797670),1260.0,earmarked_conduit_pas2,4,FEC pas224
"FISCHBACH, Michelle",22114,H0MN07091,2024,pro-Israel,Republican Jewish Coalition PAC (C00345132),5000.0,direct_contribution,1,FEC pas224
"FISCHBACH, Michelle",22114,H0MN07091,2024,pro-Israel,Republican Jewish Coalition PAC (C00345132),5.0,earmarked_conduit_pas2,1,FEC pas224
"FISCHBACH, Michelle",22114,H0MN07091,2026,pro-Israel,AIPAC PAC (C00797670),5000.0,direct_contribution,2,FEC pas226
"FISCHBACH, Michelle",22114,H0MN07091,2026,pro-Israel,AIPAC PAC (C00797670),15750.0,earmarked_conduit_indiv,22,"FEC indiv26 (conduit 15E, recipient C00717959); FEC indiv26 (conduit 24T, recipient C00717959)"
"FISCHBACH, Michelle",22114,H0MN07091,2026,pro-Israel,AIPAC PAC (C00797670),-6.0,earmarked_conduit_pas2,2,FEC pas226
"FITZGERALD, Scott",22115,H0WI05113,2022,pro-Israel,AIPAC PAC (C00797670),10000.0,direct_contribution,3,FEC pas222
"FITZGERALD, Scott",22115,H0WI05113,2022,pro-Israel,AIPAC PAC (C00797670),2250.0,earmarked_conduit_indiv,3,"FEC indiv22 (conduit 15E, recipient C00720011)"
"FITZGERALD, Scott",22115,H0WI05113,2024,pro-Israel,AIPAC PAC (C00797670),10000.0,direct_contribution,2,FEC pas224
"FITZGERALD, Scott",22115,H0WI05113,2024,pro-Israel,AIPAC PAC (C00797670),7100.0,earmarked_conduit_indiv,2,"FEC indiv24 (conduit 24T, recipient C00720011)"
"FITZGERALD, Scott",22115,H0WI05113,2024,pro-Israel,AIPAC PAC (C00797670),10.0,earmarked_conduit_pas2,2,FEC pas224
"FITZGERALD, Scott",22115,H0WI05113,2026,pro-Israel,AIPAC PAC (C00797670),5000.0,direct_contribution,1,FEC pas226
"FITZGERALD, Scott",22115,H0WI05113,2026,pro-Israel,AIPAC PAC (C00797670),12400.0,earmarked_conduit_indiv,9,"FEC indiv26 (conduit 24T, recipient C00720011)"
"FITZGERALD, Scott",22115,H0WI05113,2026,pro-Israel,AIPAC PAC (C00797670),-6.0,earmarked_conduit_pas2,2,FEC pas226
"FITZPATRICK, Brian K.",21718,H6PA08277,2020,pro-Israel,NORPAC (C00247403),17250.0,earmarked_conduit_indiv,22,"FEC indiv20 (conduit 24T, recipient C00607416)"
"FITZPATRICK, Brian K.",21718,H6PA08277,2020,pro-Israel,Pro-Israel America PAC (C00699470),1000.0,direct_contribution,1,FEC pas220
"FITZPATRICK, Brian K.",21718,H6PA08277,2020,pro-Israel,Pro-Israel America PAC (C00699470),14436.0,earmarked_conduit_indiv,127,"FEC indiv20 (conduit 15E, recipient C00607416); FEC indiv20 (conduit 24T, recipient C00607416)"
"FITZPATRICK, Brian K.",21718,H6PA08277,2020,pro-Israel,Republican Jewish Coalition PAC (C00345132),6291.0,direct_contribution,35,FEC pas220
"FITZPATRICK, Brian K.",21718,H6PA08277,2020,pro-Israel,Republican Jewish Coalition PAC (C00345132),26535.0,earmarked_conduit_indiv,177,"FEC indiv20 (conduit 15E, recipient C00607416); FEC indiv20 (conduit 24T, recipient C00607416)"
"FITZPATRICK, Brian K.",21718,H6PA08277,2022,pro-Israel,AIPAC PAC (C00797670),2100.0,direct_contribution,1,FEC pas222
"FITZPATRICK, Brian K.",21718,H6PA08277,2022,pro-Israel,AIPAC PAC (C00797670),8350.0,earmarked_conduit_indiv,6,"FEC indiv22 (conduit 24T, recipient C00607416)"
"FITZPATRICK, Brian K.",21718,H6PA08277,2022,pro-Israel,NORPAC (C00247403),250.0,earmarked_conduit_indiv,1,"FEC indiv22 (conduit 24T, recipient C00607416)"
"FITZPATRICK, Brian K.",21718,H6PA08277,2022,pro-Israel,Pro-Israel America PAC (C00699470),1000.0,direct_contribution,1,FEC pas222
"FITZPATRICK, Brian K.",21718,H6PA08277,2022,pro-Israel,Pro-Israel America PAC (C00699470),2284.0,earmarked_conduit_indiv,36,"FEC indiv22 (conduit 15E, recipient C00607416); FEC indiv22 (conduit 24T, recipient C00607416)"
"FITZPATRICK, Brian K.",21718,H6PA08277,2022,pro-Israel,Pro-Israel America PAC (C00699470),8.0,earmarked_conduit_pas2,1,FEC pas222
"FITZPATRICK, Brian K.",21718,H6PA08277,2022,pro-Israel,Republican Jewish Coalition PAC (C00345132),2500.0,direct_contribution,1,FEC pas222
"FITZPATRICK, Brian K.",21718,H6PA08277,2022,pro-Israel,Republican Jewish Coalition PAC (C00345132),15805.0,earmarked_conduit_indiv,36,"FEC indiv22 (conduit 24T, recipient C00607416)"
"FITZPATRICK, Brian K.",21718,H6PA08277,2024,pro-Israel,AIPAC PAC (C00797670),10000.0,direct_contribution,2,FEC pas224
"FITZPATRICK, Brian K.",21718,H6PA08277,2024,pro-Israel,AIPAC PAC (C00797670),273394.0,earmarked_conduit_indiv,203,"FEC indiv24 (conduit 15E, recipient C00607416); FEC indiv24 (conduit 24T, recipient C00607416)"
"FITZPATRICK, Brian K.",21718,H6PA08277,2024,pro-Israel,AIPAC PAC (C00797670),16110.0,earmarked_conduit_pas2,15,FEC pas224
"FITZPATRICK, Brian K.",21718,H6PA08277,2024,pro-Israel,NORPAC (C00247403),11770.0,earmarked_conduit_indiv,11,"FEC indiv24 (conduit 24T, recipient C00607416)"
"FITZPATRICK, Brian K.",21718,H6PA08277,2024,pro-Israel,Republican Jewish Coalition PAC (C00345132),7500.0,direct_contribution,2,FEC pas224
"FITZPATRICK, Brian K.",21718,H6PA08277,2024,pro-Israel,Republican Jewish Coalition PAC (C00345132),8550.0,earmarked_conduit_indiv,9,"FEC indiv24 (conduit 24T, recipient C00607416)"
"FITZPATRICK, Brian K.",21718,H6PA08277,2024,pro-Israel,Republican Jewish Coalition PAC (C00345132),369.0,earmarked_conduit_pas2,8,FEC pas224
"FITZPATRICK, Brian K.",21718,H6PA08277,2026,pro-Israel,AIPAC PAC (C00797670),5000.0,direct_contribution,3,FEC pas226
"FITZPATRICK, Brian K.",21718,H6PA08277,2026,pro-Israel,AIPAC PAC (C00797670),364648.0,earmarked_conduit_indiv,253,"FEC indiv26 (conduit 15E, recipient C00607416); FEC indiv26 (conduit 24T, recipient C00607416)"
"FITZPATRICK, Brian K.",21718,H6PA08277,2026,pro-Israel,AIPAC PAC (C00797670),494.0,earmarked_conduit_pas2,2,FEC pas226
"FITZPATRICK, Brian K.",21718,H6PA08277,2026,pro-Israel,NORPAC (C00247403),7000.0,direct_contribution,1,FEC pas226
"FITZPATRICK, Brian K.",21718,H6PA08277,2026,pro-Israel,NORPAC (C00247403),20000.0,earmarked_conduit_indiv,9,"FEC indiv26 (conduit 15E, recipient C00607416); FEC indiv26 (conduit 24T, recipient C00607416)"
"FITZPATRICK, Brian K.",21718,H6PA08277,2026,pro-Israel,Republican Jewish Coalition PAC (C00345132),5000.0,direct_contribution,1,FEC pas226
"FITZPATRICK, Brian K.",21718,H6PA08277,2026,pro-Israel,Republican Jewish Coalition PAC (C00345132),5674.0,earmarked_conduit_indiv,14,"FEC indiv26 (conduit 24T, recipient C00607416)"
"FLEISCHMANN, Chuck",21178,H0TN03254,2022,pro-Israel,AIPAC PAC (C00797670),10000.0,direct_contribution,3,FEC pas222
"FLEISCHMANN, Chuck",21178,H0TN03254,2024,pro-Israel,AIPAC PAC (C00797670),10000.0,direct_contribution,4,FEC pas224
"FLEISCHMANN, Chuck",21178,H0TN03254,2024,pro-Israel,AIPAC PAC (C00797670),9851.0,earmarked_conduit_indiv,8,"FEC indiv24 (conduit 24T, recipient C00461822)"
"FLEISCHMANN, Chuck",21178,H0TN03254,2024,pro-Israel,AIPAC PAC (C00797670),1677.0,earmarked_conduit_pas2,3,FEC pas224
"FLEISCHMANN, Chuck",21178,H0TN03254,2026,pro-Israel,AIPAC PAC (C00797670),5000.0,direct_contribution,3,FEC pas226
"FLEISCHMANN, Chuck",21178,H0TN03254,2026,pro-Israel,AIPAC PAC (C00797670),5625.0,earmarked_conduit_indiv,3,"FEC indiv26 (conduit 24T, recipient C00461822)"
"FLEISCHMANN, Chuck",21178,H0TN03254,2026,pro-Israel,AIPAC PAC (C00797670),-6.0,earmarked_conduit_pas2,2,FEC pas226
"FLETCHER, Elizabeth",21919,H8TX07140,2020,pro-Israel,DMFI PAC (C00710848),2000.0,direct_contribution,1,FEC pas220
"FLETCHER, Elizabeth",21919,H8TX07140,2022,pro-Israel,AIPAC PAC (C00797670),5000.0,direct_contribution,1,FEC pas222
"FLETCHER, Elizabeth",21919,H8TX07140,2022,pro-Israel,AIPAC PAC (C00797670),23950.0,earmarked_conduit_indiv,18,"FEC indiv22 (conduit 24T, recipient C00640045)"
"FLETCHER, Elizabeth",21919,H8TX07140,2022,pro-Israel,DMFI PAC (C00710848),2000.0,direct_contribution,1,FEC pas222
"FLETCHER, Elizabeth",21919,H8TX07140,2024,pro-Israel,AIPAC PAC (C00797670),10000.0,direct_contribution,2,FEC pas224
"FLETCHER, Elizabeth",21919,H8TX07140,2024,pro-Israel,AIPAC PAC (C00797670),102540.0,earmarked_conduit_indiv,66,"FEC indiv24 (conduit 24T, recipient C00640045)"
"FLETCHER, Elizabeth",21919,H8TX07140,2024,pro-Israel,AIPAC PAC (C00797670),6164.0,earmarked_conduit_pas2,6,FEC pas224
"FLETCHER, Elizabeth",21919,H8TX07140,2024,pro-Israel,DMFI PAC (C00710848),2990.0,IE_support,1,FEC independent_expenditure_2024.csv
"FLETCHER, Elizabeth",21919,H8TX07140,2024,pro-Israel,DMFI PAC (C00710848),2000.0,direct_contribution,1,FEC pas224
"FLETCHER, Elizabeth",21919,H8TX07140,2026,pro-Israel,AIPAC PAC (C00797670),5000.0,direct_contribution,1,FEC pas226
"FLETCHER, Elizabeth",21919,H8TX07140,2026,pro-Israel,AIPAC PAC (C00797670),18717.0,earmarked_conduit_indiv,11,"FEC indiv26 (conduit 24T, recipient C00640045)"
"FLETCHER, Elizabeth",21919,H8TX07140,2026,pro-Israel,AIPAC PAC (C00797670),-6.0,earmarked_conduit_pas2,2,FEC pas226
"FLOOD, Mike",22166,H2NE01118,2022,pro-Israel,AIPAC PAC (C00797670),10000.0,direct_contribution,3,FEC pas222
"FLOOD, Mike",22166,H2NE01118,2022,pro-Israel,AIPAC PAC (C00797670),10500.0,earmarked_conduit_indiv,7,"FEC indiv22 (conduit 24T, recipient C00801241)"
"FLOOD, Mike",22166,H2NE01118,2024,pro-Israel,AIPAC PAC (C00797670),10000.0,direct_contribution,2,FEC pas224
"FLOOD, Mike",22166,H2NE01118,2024,pro-Israel,AIPAC PAC (C00797670),10251.0,earmarked_conduit_indiv,9,"FEC indiv24 (conduit 24T, recipient C00801241)"
"FLOOD, Mike",22166,H2NE01118,2024,pro-Israel,AIPAC PAC (C00797670),510.0,earmarked_conduit_pas2,3,FEC pas224
"FLOOD, Mike",22166,H2NE01118,2026,pro-Israel,AIPAC PAC (C00797670),10000.0,direct_contribution,2,FEC pas226
"FLOOD, Mike",22166,H2NE01118,2026,pro-Israel,AIPAC PAC (C00797670),19170.0,earmarked_conduit_indiv,12,"FEC indiv26 (conduit 15E, recipient C00801241); FEC indiv26 (conduit 24T, recipient C00801241)"
"FLOOD, Mike",22166,H2NE01118,2026,pro-Israel,AIPAC PAC (C00797670),-6.0,earmarked_conduit_pas2,2,FEC pas226
"FONG, Vince",22378,H4CA20181,2024,pro-Israel,AIPAC PAC (C00797670),10000.0,direct_contribution,2,FEC pas224
"FONG, Vince",22378,H4CA20181,2024,pro-Israel,AIPAC PAC (C00797670),3300.0,earmarked_conduit_indiv,1,"FEC indiv24 (conduit 24T, recipient C00859892)"
"FONG, Vince",22378,H4CA20181,2024,pro-Israel,Republican Jewish Coalition PAC (C00345132),3302.0,earmarked_conduit_indiv,2,"FEC indiv24 (conduit 24T, recipient C00859892)"
"FONG, Vince",22378,H4CA20181,2024,pro-Israel,Republican Jewish Coalition PAC (C00345132),6.0,earmarked_conduit_pas2,1,FEC pas224
"FONG, Vince",22378,H4CA20181,2026,pro-Israel,AIPAC PAC (C00797670),10000.0,direct_contribution,2,FEC pas226
"FONG, Vince",22378,H4CA20181,2026,pro-Israel,AIPAC PAC (C00797670),19550.0,earmarked_conduit_indiv,11,"FEC indiv26 (conduit 15E, recipient C00859892); FEC indiv26 (conduit 24T, recipient C00859892)"
"FONG, Vince",22378,H4CA20181,2026,pro-Israel,AIPAC PAC (C00797670),-6.0,earmarked_conduit_pas2,2,FEC pas226
"FONG, Vince",22378,H4CA20181,2026,pro-Israel,Republican Jewish Coalition PAC (C00345132),1000.0,earmarked_conduit_pas2,2,FEC pas226
"FOSTER, Bill",20749,H8IL14067,2020,J Street,JStreetPAC (C00441949),15100.0,earmarked_conduit_indiv,25,"FEC indiv20 (conduit 15E, recipient C00435099); FEC indiv20 (conduit 24T, recipient C00435099)"
"FOSTER, Bill",20749,H8IL14067,2020,J Street,JStreetPAC (C00441949),350.0,earmarked_conduit_pas2,2,FEC pas220
"FOSTER, Bill",20749,H8IL14067,2022,J Street,JStreetPAC (C00441949),6000.0,direct_contribution,5,FEC pas222
"FOSTER, Bill",20749,H8IL14067,2022,J Street,JStreetPAC (C00441949),49226.0,earmarked_conduit_indiv,59,"FEC indiv22 (conduit 15E, recipient C00435099); FEC indiv22 (conduit 24T, recipient C00435099)"
"FOSTER, Bill",20749,H8IL14067,2024,J Street,JStreetPAC (C00441949),2500.0,direct_contribution,1,FEC pas224
"FOSTER, Bill",20749,H8IL14067,2024,J Street,JStreetPAC (C00441949),30375.0,earmarked_conduit_indiv,35,"FEC indiv24 (conduit 24T, recipient C00435099)"
"FOSTER, Bill",20749,H8IL14067,2024,J Street,JStreetPAC (C00441949),5600.0,earmarked_conduit_pas2,16,FEC pas224
"FOSTER, Bill",20749,H8IL14067,2024,pro-Israel,DMFI PAC (C00710848),40851.0,IE_support,2,FEC independent_expenditure_2024.csv
"FOSTER, Bill",20749,H8IL14067,2026,J Street,JStreetPAC (C00441949),18030.0,earmarked_conduit_indiv,32,"FEC indiv26 (conduit 15E, recipient C00435099); FEC indiv26 (conduit 24T, recipient C00435099)"
"FOSTER, Bill",20749,H8IL14067,2026,J Street,JStreetPAC (C00441949),1500.0,earmarked_conduit_pas2,2,FEC pas226
"FOUSHEE, Valerie",22320,H2NC06114,2022,pro-Israel,AIPAC PAC (C00797670),7900.0,direct_contribution,4,FEC pas222
"FOUSHEE, Valerie",22320,H2NC06114,2022,pro-Israel,AIPAC PAC (C00797670),417405.0,earmarked_conduit_indiv,421,"FEC indiv22 (conduit 15E, recipient C00794727); FEC indiv22 (conduit 24T, recipient C00794727)"
"FOUSHEE, Valerie",22320,H2NC06114,2022,pro-Israel,DMFI PAC (C00710848),290131.0,IE_support,5,FEC independent_expenditure_2022.csv
"FOUSHEE, Valerie",22320,H2NC06114,2022,pro-Israel,DMFI PAC (C00710848),2000.0,direct_contribution,1,FEC pas222
"FOUSHEE, Valerie",22320,H2NC06114,2024,pro-Israel,AIPAC PAC (C00797670),3300.0,earmarked_conduit_indiv,1,"FEC indiv24 (conduit 24T, recipient C00794727)"
"FOUSHEE, Valerie",22320,H2NC06114,2024,pro-Israel,AIPAC PAC (C00797670),1.0,earmarked_conduit_pas2,1,FEC pas224
"FOUSHEE, Valerie",22320,H2NC06114,2026,J Street,JStreetPAC (C00441949),5000.0,direct_contribution,1,FEC pas226
"FOUSHEE, Valerie",22320,H2NC06114,2026,J Street,JStreetPAC (C00441949),3500.0,earmarked_conduit_indiv,1,"FEC indiv26 (conduit 15E, recipient C00794727)"
"FOUSHEE, Valerie",22320,H2NC06114,2026,critical/pro-Palestinian,Justice Democrats PAC (C00630665),218400.0,IE_oppose,4,FEC independent_expenditure_2026.csv
"FOUSHEE, Valerie",22320,H2NC06114,2026,suppl: critical/pro-Palestinian,Citizens Against AIPAC Corruption (C00879080),23500.0,IE_oppose,3,FEC independent_expenditure_2026.csv
"FOXX, Virginia Ann",20521,H4NC05146,2022,pro-Israel,AIPAC PAC (C00797670),7900.0,direct_contribution,2,FEC pas222
"FOXX, Virginia Ann",20521,H4NC05146,2022,pro-Israel,AIPAC PAC (C00797670),24300.0,earmarked_conduit_indiv,22,"FEC indiv22 (conduit 15E, recipient C00386748); FEC indiv22 (conduit 24T, recipient C00386748)"
"FOXX, Virginia Ann",20521,H4NC05146,2024,pro-Israel,AIPAC PAC (C00797670),10000.0,direct_contribution,4,FEC pas224
"FOXX, Virginia Ann",20521,H4NC05146,2024,pro-Israel,AIPAC PAC (C00797670),70902.0,earmarked_conduit_indiv,87,"FEC indiv24 (conduit 24T, recipient C00386748)"
"FOXX, Virginia Ann",20521,H4NC05146,2024,pro-Israel,AIPAC PAC (C00797670),4910.0,earmarked_conduit_pas2,7,FEC pas224
"FOXX, Virginia Ann",20521,H4NC05146,2024,pro-Israel,NORPAC (C00247403),13800.0,direct_contribution,1,FEC pas224
"FOXX, Virginia Ann",20521,H4NC05146,2024,pro-Israel,NORPAC (C00247403),14460.0,earmarked_conduit_indiv,14,"FEC indiv24 (conduit 24T, recipient C00386748)"
"FOXX, Virginia Ann",20521,H4NC05146,2024,pro-Israel,Republican Jewish Coalition PAC (C00345132),5000.0,direct_contribution,1,FEC pas224
"FOXX, Virginia Ann",20521,H4NC05146,2024,pro-Israel,Republican Jewish Coalition PAC (C00345132),31194.0,earmarked_conduit_indiv,36,"FEC indiv24 (conduit 24T, recipient C00386748)"
"FOXX, Virginia Ann",20521,H4NC05146,2024,pro-Israel,Republican Jewish Coalition PAC (C00345132),3814.0,earmarked_conduit_pas2,16,FEC pas224
"FOXX, Virginia Ann",20521,H4NC05146,2026,pro-Israel,AIPAC PAC (C00797670),5000.0,direct_contribution,1,FEC pas226
"FOXX, Virginia Ann",20521,H4NC05146,2026,pro-Israel,AIPAC PAC (C00797670),42750.0,earmarked_conduit_indiv,36,"FEC indiv26 (conduit 15E, recipient C00386748); FEC indiv26 (conduit 24T, recipient C00386748)"
"FOXX, Virginia Ann",20521,H4NC05146,2026,pro-Israel,AIPAC PAC (C00797670),-6.0,earmarked_conduit_pas2,1,FEC pas226
"FOXX, Virginia Ann",20521,H4NC05146,2026,pro-Israel,NORPAC (C00247403),27000.0,earmarked_conduit_indiv,17,"FEC indiv26 (conduit 24T, recipient C00386748)"
"FRANKEL, Lois",21321,H2FL14053,2020,pro-Israel,DMFI PAC (C00710848),2015.0,direct_contribution,2,FEC pas220
"FRANKEL, Lois",21321,H2FL14053,2020,pro-Israel,Pro-Israel America PAC (C00699470),2000.0,direct_contribution,1,FEC pas220
"FRANKEL, Lois",21321,H2FL14053,2020,pro-Israel,Pro-Israel America PAC (C00699470),17800.0,earmarked_conduit_indiv,36,"FEC indiv20 (conduit 24T, recipient C00494856)"
"FRANKEL, Lois",21321,H2FL14053,2022,pro-Israel,AIPAC PAC (C00797670),10000.0,direct_contribution,4,FEC pas222
"FRANKEL, Lois",21321,H2FL14053,2022,pro-Israel,AIPAC PAC (C00797670),45900.0,earmarked_conduit_indiv,54,"FEC indiv22 (conduit 15E, recipient C00494856); FEC indiv22 (conduit 24T, recipient C00494856)"
"FRANKEL, Lois",21321,H2FL14053,2022,pro-Israel,DMFI PAC (C00710848),2000.0,direct_contribution,1,FEC pas222
"FRANKEL, Lois",21321,H2FL14053,2022,pro-Israel,Pro-Israel America PAC (C00699470),23626.0,earmarked_conduit_indiv,42,"FEC indiv22 (conduit 15E, recipient C00494856); FEC indiv22 (conduit 24T, recipient C00494856)"
"FRANKEL, Lois",21321,H2FL14053,2024,pro-Israel,AIPAC PAC (C00797670),10000.0,direct_contribution,2,FEC pas224
"FRANKEL, Lois",21321,H2FL14053,2024,pro-Israel,AIPAC PAC (C00797670),294449.0,earmarked_conduit_indiv,259,"FEC indiv24 (conduit 15E, recipient C00494856); FEC indiv24 (conduit 24T, recipient C00494856)"
"FRANKEL, Lois",21321,H2FL14053,2024,pro-Israel,AIPAC PAC (C00797670),38636.0,earmarked_conduit_pas2,57,FEC pas224
"FRANKEL, Lois",21321,H2FL14053,2024,pro-Israel,DMFI PAC (C00710848),3000.0,direct_contribution,2,FEC pas224
"FRANKEL, Lois",21321,H2FL14053,2026,pro-Israel,AIPAC PAC (C00797670),5250.0,direct_contribution,2,FEC pas226
"FRANKEL, Lois",21321,H2FL14053,2026,pro-Israel,AIPAC PAC (C00797670),309284.0,earmarked_conduit_indiv,246,"FEC indiv26 (conduit 15E, recipient C00494856); FEC indiv26 (conduit 24T, recipient C00494856)"
"FRANKEL, Lois",21321,H2FL14053,2026,pro-Israel,AIPAC PAC (C00797670),-6.0,earmarked_conduit_pas2,1,FEC pas226
"FRANKEL, Lois",21321,H2FL14053,2026,pro-Israel,DMFI PAC (C00710848),1000.0,direct_contribution,1,FEC pas226
"FRANKLIN, C. Scott",22116,H0FL15104,2022,pro-Israel,AIPAC PAC (C00797670),10000.0,direct_contribution,3,FEC pas222
"FRANKLIN, C. Scott",22116,H0FL15104,2024,pro-Israel,AIPAC PAC (C00797670),5000.0,direct_contribution,1,FEC pas224
"FRANKLIN, C. Scott",22116,H0FL15104,2024,pro-Israel,AIPAC PAC (C00797670),27500.0,earmarked_conduit_indiv,27,"FEC indiv24 (conduit 24T, recipient C00742247)"
"FRANKLIN, C. Scott",22116,H0FL15104,2024,pro-Israel,AIPAC PAC (C00797670),510.0,earmarked_conduit_pas2,3,FEC pas224
"FRANKLIN, C. Scott",22116,H0FL15104,2026,pro-Israel,AIPAC PAC (C00797670),5000.0,direct_contribution,1,FEC pas226
"FRANKLIN, C. Scott",22116,H0FL15104,2026,pro-Israel,AIPAC PAC (C00797670),45586.0,earmarked_conduit_indiv,27,"FEC indiv26 (conduit 24T, recipient C00742247)"
"FRANKLIN, C. Scott",22116,H0FL15104,2026,pro-Israel,AIPAC PAC (C00797670),-6.0,earmarked_conduit_pas2,2,FEC pas226
"FRIEDMAN, Laura",22516,H4CA30149,2024,J Street,JStreetPAC (C00441949),750.0,earmarked_conduit_indiv,2,"FEC indiv24 (conduit 24T, recipient C00831321)"
"FRIEDMAN, Laura",22516,H4CA30149,2024,J Street,JStreetPAC (C00441949),1100.0,earmarked_conduit_pas2,4,FEC pas224
"FRIEDMAN, Laura",22516,H4CA30149,2024,pro-Israel,AIPAC PAC (C00797670),5000.0,direct_contribution,2,FEC pas224
"FRIEDMAN, Laura",22516,H4CA30149,2024,pro-Israel,AIPAC PAC (C00797670),3000.0,earmarked_conduit_indiv,6,"FEC indiv24 (conduit 24T, recipient C00831321)"
"FRIEDMAN, Laura",22516,H4CA30149,2024,pro-Israel,AIPAC PAC (C00797670),1000.0,earmarked_conduit_pas2,1,FEC pas224
"FRIEDMAN, Laura",22516,H4CA30149,2024,pro-Israel,DMFI PAC (C00710848),1000.0,direct_contribution,1,FEC pas224
"FRIEDMAN, Laura",22516,H4CA30149,2026,J Street,JStreetPAC (C00441949),2500.0,direct_contribution,1,FEC pas226
"FRIEDMAN, Laura",22516,H4CA30149,2026,J Street,JStreetPAC (C00441949),6850.0,earmarked_conduit_indiv,12,"FEC indiv26 (conduit 24T, recipient C00831321)"
"FRIEDMAN, Laura",22516,H4CA30149,2026,pro-Israel,AIPAC PAC (C00797670),5000.0,direct_contribution,1,FEC pas226
"FRIEDMAN, Laura",22516,H4CA30149,2026,pro-Israel,AIPAC PAC (C00797670),16350.0,earmarked_conduit_indiv,11,"FEC indiv26 (conduit 15E, recipient C00831321); FEC indiv26 (conduit 24T, recipient C00831321)"
"FRIEDMAN, Laura",22516,H4CA30149,2026,pro-Israel,AIPAC PAC (C00797670),-6.0,earmarked_conduit_pas2,2,FEC pas226
"FRY, Russell",22322,H2SC07280,2022,pro-Israel,AIPAC PAC (C00797670),5000.0,direct_contribution,1,FEC pas222
"FRY, Russell",22322,H2SC07280,2022,pro-Israel,AIPAC PAC (C00797670),5800.0,earmarked_conduit_indiv,2,"FEC indiv22 (conduit 24T, recipient C00786657)"
"FRY, Russell",22322,H2SC07280,2024,pro-Israel,AIPAC PAC (C00797670),10000.0,direct_contribution,2,FEC pas224
"FRY, Russell",22322,H2SC07280,2024,pro-Israel,AIPAC PAC (C00797670),27200.0,earmarked_conduit_indiv,15,"FEC indiv24 (conduit 24T, recipient C00786657)"
"FRY, Russell",22322,H2SC07280,2024,pro-Israel,AIPAC PAC (C00797670),10.0,earmarked_conduit_pas2,2,FEC pas224
"FRY, Russell",22322,H2SC07280,2026,pro-Israel,AIPAC PAC (C00797670),5000.0,direct_contribution,1,FEC pas226
"FRY, Russell",22322,H2SC07280,2026,pro-Israel,AIPAC PAC (C00797670),46250.0,earmarked_conduit_indiv,22,"FEC indiv26 (conduit 15E, recipient C00786657); FEC indiv26 (conduit 24T, recipient C00786657)"
"FRY, Russell",22322,H2SC07280,2026,pro-Israel,AIPAC PAC (C00797670),-6.0,earmarked_conduit_pas2,2,FEC pas226
"FULCHER, Russell",21920,H8ID01124,2022,pro-Israel,AIPAC PAC (C00797670),7900.0,direct_contribution,2,FEC pas222
"FULCHER, Russell",21920,H8ID01124,2024,pro-Israel,AIPAC PAC (C00797670),10000.0,direct_contribution,2,FEC pas224
"FULCHER, Russell",21920,H8ID01124,2024,pro-Israel,AIPAC PAC (C00797670),500.0,earmarked_conduit_indiv,1,"FEC indiv24 (conduit 24T, recipient C00648295)"
"FULCHER, Russell",21920,H8ID01124,2024,pro-Israel,AIPAC PAC (C00797670),10.0,earmarked_conduit_pas2,2,FEC pas224
"FULCHER, Russell",21920,H8ID01124,2026,pro-Israel,AIPAC PAC (C00797670),5000.0,direct_contribution,1,FEC pas226
"FULCHER, Russell",21920,H8ID01124,2026,pro-Israel,AIPAC PAC (C00797670),4100.0,earmarked_conduit_indiv,2,"FEC indiv26 (conduit 24T, recipient C00648295)"
"FULCHER, Russell",21920,H8ID01124,2026,pro-Israel,AIPAC PAC (C00797670),-6.0,earmarked_conduit_pas2,2,FEC pas226
"GALLAGHER, Michael",21720,H6WI08155,2020,pro-Israel,Republican Jewish Coalition PAC (C00345132),2500.0,direct_contribution,1,FEC pas220
"GALLAGHER, Michael",21720,H6WI08155,2022,pro-Israel,AIPAC PAC (C00797670),4200.0,direct_contribution,2,FEC pas222
"GALLAGHER, Michael",21720,H6WI08155,2022,pro-Israel,AIPAC PAC (C00797670),40350.0,earmarked_conduit_indiv,42,"FEC indiv22 (conduit 24T, recipient C00610212)"
"GALLAGHER, Michael",21720,H6WI08155,2022,pro-Israel,Republican Jewish Coalition PAC (C00345132),1000.0,earmarked_conduit_indiv,1,"FEC indiv22 (conduit 24T, recipient C00610212)"
"GALLAGHER, Michael",21720,H6WI08155,2024,pro-Israel,AIPAC PAC (C00797670),153218.0,earmarked_conduit_indiv,75,"FEC indiv24 (conduit 15E, recipient C00610212); FEC indiv24 (conduit 24T, recipient C00610212)"
"GALLAGHER, Michael",21720,H6WI08155,2024,pro-Israel,Republican Jewish Coalition PAC (C00345132),1017.0,earmarked_conduit_indiv,2,"FEC indiv24 (conduit 24T, recipient C00610212)"
"GALLEGO, Ruben",21502,H4AZ07043,2022,pro-Israel,AIPAC PAC (C00797670),7900.0,direct_contribution,5,FEC pas222
"GALLEGO, Ruben",21502,H4AZ07043,2022,pro-Israel,AIPAC PAC (C00797670),10800.0,earmarked_conduit_indiv,11,"FEC indiv22 (conduit 24T, recipient C00558627)"
"GALLEGO, Ruben",21502,S4AZ00139,2022,pro-Israel,AIPAC PAC (C00797670),10800.0,earmarked_conduit_indiv,11,"FEC indiv22 (conduit 24T, recipient C00558627)"
"GALLEGO, Ruben",21502,H4AZ07043,2022,pro-Israel,DMFI PAC (C00710848),2000.0,direct_contribution,1,FEC pas222
"GALLEGO, Ruben",21502,H4AZ07043,2022,pro-Israel,Pro-Israel America PAC (C00699470),20800.0,earmarked_conduit_indiv,11,"FEC indiv22 (conduit 24T, recipient C00558627)"
"GALLEGO, Ruben",21502,S4AZ00139,2022,pro-Israel,Pro-Israel America PAC (C00699470),20800.0,earmarked_conduit_indiv,11,"FEC indiv22 (conduit 24T, recipient C00558627)"
"GALLEGO, Ruben",21502,H4AZ07043,2024,pro-Israel,DMFI PAC (C00710848),1608.0,IE_support,1,FEC independent_expenditure_2024.csv
"GALLEGO, Ruben",21502,S4AZ00139,2024,pro-Israel,DMFI PAC (C00710848),5000.0,direct_contribution,1,FEC pas224
"GALLEGO, Ruben",21502,H4AZ07043,2024,pro-Israel,NORPAC (C00247403),23475.0,earmarked_conduit_indiv,26,"FEC indiv24 (conduit 24T, recipient C00558627)"
"GALLEGO, Ruben",21502,S4AZ00139,2024,pro-Israel,NORPAC (C00247403),23475.0,earmarked_conduit_indiv,26,"FEC indiv24 (conduit 24T, recipient C00558627)"
"GARAMENDI, John",20958,H0CA10149,2020,J Street,JStreetPAC (C00441949),3000.0,direct_contribution,3,FEC pas220
"GARAMENDI, John",20958,H0CA10149,2020,J Street,JStreetPAC (C00441949),1500.0,earmarked_conduit_indiv,3,"FEC indiv20 (conduit 24T, recipient C00462697)"
"GARAMENDI, John",20958,H0CA10149,2022,J Street,JStreetPAC (C00441949),3000.0,direct_contribution,3,FEC pas222
"GARAMENDI, John",20958,H0CA10149,2022,J Street,JStreetPAC (C00441949),1000.0,earmarked_conduit_indiv,2,"FEC indiv22 (conduit 15E, recipient C00462697)"
"GARAMENDI, John",20958,H0CA10149,2024,J Street,JStreetPAC (C00441949),2500.0,direct_contribution,1,FEC pas224
"GARAMENDI, John",20958,H0CA10149,2024,J Street,JStreetPAC (C00441949),500.0,earmarked_conduit_indiv,1,"FEC indiv24 (conduit 24T, recipient C00462697)"
"GARAMENDI, John",20958,H0CA10149,2024,J Street,JStreetPAC (C00441949),500.0,earmarked_conduit_pas2,1,FEC pas224
"GARBARINO, Andrew R.",22117,H0NY02234,2020,pro-Israel,DMFI PAC (C00710848),140000.0,IE_oppose,2,FEC independent_expenditure_2020.csv
"GARBARINO, Andrew R.",22117,H0NY02234,2020,pro-Israel,Republican Jewish Coalition PAC (C00345132),2500.0,direct_contribution,1,FEC pas220
"GARBARINO, Andrew R.",22117,H0NY02234,2022,pro-Israel,AIPAC PAC (C00797670),10000.0,direct_contribution,3,FEC pas222
"GARBARINO, Andrew R.",22117,H0NY02234,2022,pro-Israel,AIPAC PAC (C00797670),9950.0,earmarked_conduit_indiv,6,"FEC indiv22 (conduit 15E, recipient C00729954); FEC indiv22 (conduit 24T, recipient C00729954)"
"GARBARINO, Andrew R.",22117,H0NY02234,2022,pro-Israel,Pro-Israel America PAC (C00699470),121.0,earmarked_conduit_indiv,11,"FEC indiv22 (conduit 15E, recipient C00729954); FEC indiv22 (conduit 24T, recipient C00729954)"
"GARBARINO, Andrew R.",22117,H0NY02234,2022,pro-Israel,Pro-Israel America PAC (C00699470),2.0,earmarked_conduit_pas2,1,FEC pas222
"GARBARINO, Andrew R.",22117,H0NY02234,2022,pro-Israel,Republican Jewish Coalition PAC (C00345132),2500.0,direct_contribution,1,FEC pas222
"GARBARINO, Andrew R.",22117,H0NY02234,2024,pro-Israel,AIPAC PAC (C00797670),10000.0,direct_contribution,2,FEC pas224
"GARBARINO, Andrew R.",22117,H0NY02234,2024,pro-Israel,AIPAC PAC (C00797670),102118.0,earmarked_conduit_indiv,93,"FEC indiv24 (conduit 15E, recipient C00729954); FEC indiv24 (conduit 24T, recipient C00729954)"
"GARBARINO, Andrew R.",22117,H0NY02234,2024,pro-Israel,AIPAC PAC (C00797670),510.0,earmarked_conduit_pas2,3,FEC pas224
"GARBARINO, Andrew R.",22117,H0NY02234,2024,pro-Israel,Republican Jewish Coalition PAC (C00345132),41.0,earmarked_conduit_indiv,2,"FEC indiv24 (conduit 24T, recipient C00729954)"
"GARBARINO, Andrew R.",22117,H0NY02234,2024,pro-Israel,Republican Jewish Coalition PAC (C00345132),10.0,earmarked_conduit_pas2,1,FEC pas224
"GARBARINO, Andrew R.",22117,H0NY02234,2026,pro-Israel,AIPAC PAC (C00797670),10000.0,direct_contribution,2,FEC pas226
"GARBARINO, Andrew R.",22117,H0NY02234,2026,pro-Israel,AIPAC PAC (C00797670),130290.0,earmarked_conduit_indiv,87,"FEC indiv26 (conduit 15E, recipient C00729954); FEC indiv26 (conduit 24T, recipient C00729954)"
"GARBARINO, Andrew R.",22117,H0NY02234,2026,pro-Israel,AIPAC PAC (C00797670),-6.0,earmarked_conduit_pas2,2,FEC pas226
"GARBARINO, Andrew R.",22117,H0NY02234,2026,pro-Israel,Republican Jewish Coalition PAC (C00345132),21.0,earmarked_conduit_pas2,1,FEC pas226
"GARCIA, Mike",21988,H0CA25105,2020,pro-Israel,Republican Jewish Coalition PAC (C00345132),15386.0,earmarked_conduit_indiv,130,"FEC indiv20 (conduit 24T, recipient C00701102)"
"GARCIA, Mike",21988,H0CA25105,2022,pro-Israel,AIPAC PAC (C00797670),7900.0,direct_contribution,4,FEC pas222
"GARCIA, Mike",21988,H0CA25105,2022,pro-Israel,AIPAC PAC (C00797670),42898.0,earmarked_conduit_indiv,35,"FEC indiv22 (conduit 15E, recipient C00701102); FEC indiv22 (conduit 24T, recipient C00701102)"
"GARCIA, Mike",21988,H0CA25105,2022,pro-Israel,Republican Jewish Coalition PAC (C00345132),4000.0,direct_contribution,2,FEC pas222
"GARCIA, Mike",21988,H0CA25105,2022,pro-Israel,Republican Jewish Coalition PAC (C00345132),17678.0,earmarked_conduit_indiv,81,"FEC indiv22 (conduit 24T, recipient C00701102)"
"GARCIA, Mike",21988,H0CA25105,2024,pro-Israel,AIPAC PAC (C00797670),10000.0,direct_contribution,2,FEC pas224
"GARCIA, Mike",21988,H0CA25105,2024,pro-Israel,AIPAC PAC (C00797670),130477.0,earmarked_conduit_indiv,130,"FEC indiv24 (conduit 24T, recipient C00701102)"
"GARCIA, Mike",21988,H0CA25105,2024,pro-Israel,AIPAC PAC (C00797670),17660.0,earmarked_conduit_pas2,21,FEC pas224
"GARCIA, Mike",21988,H0CA25105,2024,pro-Israel,Republican Jewish Coalition PAC (C00345132),7500.0,direct_contribution,2,FEC pas224
"GARCIA, Mike",21988,H0CA25105,2024,pro-Israel,Republican Jewish Coalition PAC (C00345132),22240.0,earmarked_conduit_indiv,34,"FEC indiv24 (conduit 24T, recipient C00701102)"
"GARCIA, Mike",21988,H0CA25105,2024,pro-Israel,Republican Jewish Coalition PAC (C00345132),4806.0,earmarked_conduit_pas2,27,FEC pas224
"GARCIA, Robert",22323,H2CA47188,2022,pro-Israel,AIPAC PAC (C00797670),7900.0,direct_contribution,2,FEC pas222
"GARCIA, Robert",22323,H2CA47188,2022,pro-Israel,AIPAC PAC (C00797670),56800.0,earmarked_conduit_indiv,97,"FEC indiv22 (conduit 15E, recipient C00797795); FEC indiv22 (conduit 24T, recipient C00797795)"
"GARCIA, Robert",22323,H2CA47188,2022,pro-Israel,DMFI PAC (C00710848),2000.0,direct_contribution,1,FEC pas222
"GARCIA, Robert",22323,H2CA47188,2022,pro-Israel,Pro-Israel America PAC (C00699470),5000.0,direct_contribution,1,FEC pas222
"GARCIA, Robert",22323,H2CA47188,2022,pro-Israel,Pro-Israel America PAC (C00699470),500.0,earmarked_conduit_indiv,1,"FEC indiv22 (conduit 24T, recipient C00797795)"
"GARCIA, Robert",22323,H2CA47188,2024,J Street,JStreetPAC (C00441949),5000.0,direct_contribution,3,FEC pas224
"GARCIA, Robert",22323,H2CA47188,2024,J Street,JStreetPAC (C00441949),590.0,earmarked_conduit_indiv,2,"FEC indiv24 (conduit 24T, recipient C00797795)"
"GARCIA, Robert",22323,H2CA47188,2024,pro-Israel,AIPAC PAC (C00797670),10500.0,earmarked_conduit_indiv,12,"FEC indiv24 (conduit 24T, recipient C00797795)"
"GARCIA, Robert",22323,H2CA47188,2026,J Street,JStreetPAC (C00441949),500.0,direct_contribution,1,FEC pas226
"GARCIA, Robert",22323,H2CA47188,2026,J Street,JStreetPAC (C00441949),12525.0,earmarked_conduit_indiv,30,"FEC indiv26 (conduit 24T, recipient C00797795)"
"GARCIA, Robert",22323,H2CA47188,2026,J Street,JStreetPAC (C00441949),2250.0,earmarked_conduit_pas2,3,FEC pas226
"GARCIA, Sylvia",21922,H8TX29052,2022,pro-Israel,AIPAC PAC (C00797670),5000.0,direct_contribution,1,FEC pas222
"GARCIA, Sylvia",21922,H8TX29052,2022,pro-Israel,AIPAC PAC (C00797670),33610.0,earmarked_conduit_indiv,30,"FEC indiv22 (conduit 15E, recipient C00660555); FEC indiv22 (conduit 24T, recipient C00660555)"
"GARCIA, Sylvia",21922,H8TX29052,2022,pro-Israel,Pro-Israel America PAC (C00699470),51.0,earmarked_conduit_indiv,2,"FEC indiv22 (conduit 15E, recipient C00660555); FEC indiv22 (conduit 24T, recipient C00660555)"
"GARCIA, Sylvia",21922,H8TX29052,2024,J Street,JStreetPAC (C00441949),5000.0,direct_contribution,1,FEC pas224
"GARCIA, Sylvia",21922,H8TX29052,2024,J Street,JStreetPAC (C00441949),250.0,earmarked_conduit_indiv,1,"FEC indiv24 (conduit 24T, recipient C00660555)"
"GARCIA, Sylvia",21922,H8TX29052,2024,J Street,JStreetPAC (C00441949),3300.0,earmarked_conduit_pas2,1,FEC pas224
"GARCIA, Sylvia",21922,H8TX29052,2024,pro-Israel,AIPAC PAC (C00797670),10000.0,direct_contribution,4,FEC pas224
"GARCIA, Sylvia",21922,H8TX29052,2024,pro-Israel,AIPAC PAC (C00797670),23277.0,earmarked_conduit_indiv,19,"FEC indiv24 (conduit 24T, recipient C00660555)"
"GARCIA, Sylvia",21922,H8TX29052,2024,pro-Israel,AIPAC PAC (C00797670),2001.0,earmarked_conduit_pas2,3,FEC pas224
"GARCIA, Sylvia",21922,H8TX29052,2026,J Street,JStreetPAC (C00441949),22750.0,earmarked_conduit_indiv,21,"FEC indiv26 (conduit 15E, recipient C00660555); FEC indiv26 (conduit 24T, recipient C00660555)"
"GARCIA, Sylvia",21922,H8TX29052,2026,pro-Israel,AIPAC PAC (C00797670),-5000.0,direct_contribution,1,FEC pas226
"GARCÍA, Jesús",21921,H8IL04134,2020,J Street,JStreetPAC (C00441949),2000.0,direct_contribution,2,FEC pas220
"GARCÍA, Jesús",21921,H8IL04134,2020,J Street,JStreetPAC (C00441949),2500.0,earmarked_conduit_indiv,5,"FEC indiv20 (conduit 15E, recipient C00661777); FEC indiv20 (conduit 24T, recipient C00661777)"
"GARCÍA, Jesús",21921,H8IL04134,2022,J Street,JStreetPAC (C00441949),4000.0,direct_contribution,4,FEC pas222
"GARCÍA, Jesús",21921,H8IL04134,2022,J Street,JStreetPAC (C00441949),2250.0,earmarked_conduit_indiv,5,"FEC indiv22 (conduit 24T, recipient C00661777)"
"GARCÍA, Jesús",21921,H8IL04134,2024,J Street,JStreetPAC (C00441949),3500.0,direct_contribution,2,FEC pas224
"GARCÍA, Jesús",21921,H8IL04134,2024,J Street,JStreetPAC (C00441949),50.0,earmarked_conduit_indiv,1,"FEC indiv24 (conduit 24T, recipient C00661777)"
"GARCÍA, Jesús",21921,H8IL04134,2024,J Street,JStreetPAC (C00441949),100.0,earmarked_conduit_pas2,1,FEC pas224
"GIBBS, Bob",21165,H0OH18077,2022,pro-Israel,AIPAC PAC (C00797670),0.0,direct_contribution,2,FEC pas222
"GIBBS, Bob",21165,H0OH18077,2022,pro-Israel,AIPAC PAC (C00797670),20700.0,earmarked_conduit_indiv,9,"FEC indiv22 (conduit 24T, recipient C00466516)"
"GILL, Brandon",22517,H4TX26149,2024,pro-Israel,AIPAC PAC (C00797670),10000.0,direct_contribution,3,FEC pas224
"GILL, Brandon",22517,H4TX26149,2024,pro-Israel,AIPAC PAC (C00797670),15801.0,earmarked_conduit_indiv,13,"FEC indiv24 (conduit 24T, recipient C00857359)"
"GILL, Brandon",22517,H4TX26149,2026,pro-Israel,AIPAC PAC (C00797670),5000.0,direct_contribution,1,FEC pas226
"GILL, Brandon",22517,H4TX26149,2026,pro-Israel,AIPAC PAC (C00797670),18467.0,earmarked_conduit_indiv,12,"FEC indiv26 (conduit 15E, recipient C00857359); FEC indiv26 (conduit 24T, recipient C00857359)"
"GILL, Brandon",22517,H4TX26149,2026,pro-Israel,AIPAC PAC (C00797670),-6.0,earmarked_conduit_pas2,2,FEC pas226
"GILLEN, Laura",22518,H2NY04244,2022,pro-Israel,DMFI PAC (C00710848),2200.0,IE_support,1,FEC independent_expenditure_2022.csv
"GILLEN, Laura",22518,H2NY04244,2022,pro-Israel,DMFI PAC (C00710848),2000.0,direct_contribution,1,FEC pas222
"GILLEN, Laura",22518,H4NY04158,2024,pro-Israel,DMFI PAC (C00710848),11550.0,IE_support,6,FEC independent_expenditure_2024.csv
"GILLEN, Laura",22518,H2NY04244,2024,pro-Israel,DMFI PAC (C00710848),3000.0,direct_contribution,1,FEC pas224
"GILLEN, Laura",22518,H4NY04158,2026,pro-Israel,AIPAC PAC (C00797670),5000.0,direct_contribution,1,FEC pas226
"GILLEN, Laura",22518,H2NY04244,2026,pro-Israel,AIPAC PAC (C00797670),290130.0,earmarked_conduit_indiv,199,"FEC indiv26 (conduit 15E, recipient C00840165); FEC indiv26 (conduit 24T, recipient C00840165)"
"GILLEN, Laura",22518,H4NY04158,2026,pro-Israel,AIPAC PAC (C00797670),-6.0,earmarked_conduit_pas2,1,FEC pas226
"GILLEN, Laura",22518,H2NY04244,2026,pro-Israel,DMFI PAC (C00710848),1000.0,direct_contribution,1,FEC pas226
"GILLEN, Laura",22518,H2NY04244,2026,pro-Israel,NORPAC (C00247403),-1000.0,earmarked_conduit_indiv,1,"FEC indiv26 (conduit 24T, recipient C00840165)"
"GIMENEZ, Carlos A.",22118,H0FL26036,2020,pro-Israel,Republican Jewish Coalition PAC (C00345132),5000.0,direct_contribution,2,FEC pas220
"GIMENEZ, Carlos A.",22118,H0FL26036,2020,pro-Israel,Republican Jewish Coalition PAC (C00345132),7816.0,earmarked_conduit_indiv,26,"FEC indiv20 (conduit 24T, recipient C00735985)"
"GIMENEZ, Carlos A.",22118,H0FL26036,2022,pro-Israel,AIPAC PAC (C00797670),10000.0,direct_contribution,3,FEC pas222
"GIMENEZ, Carlos A.",22118,H0FL26036,2022,pro-Israel,AIPAC PAC (C00797670),1750.0,earmarked_conduit_indiv,3,"FEC indiv22 (conduit 15E, recipient C00735985)"
"GIMENEZ, Carlos A.",22118,H0FL26036,2022,pro-Israel,Pro-Israel America PAC (C00699470),8930.0,earmarked_conduit_indiv,11,"FEC indiv22 (conduit 24T, recipient C00735985)"
"GIMENEZ, Carlos A.",22118,H0FL26036,2022,pro-Israel,Republican Jewish Coalition PAC (C00345132),2500.0,direct_contribution,1,FEC pas222
"GIMENEZ, Carlos A.",22118,H0FL26036,2022,pro-Israel,Republican Jewish Coalition PAC (C00345132),17921.0,earmarked_conduit_indiv,71,"FEC indiv22 (conduit 24T, recipient C00735985)"
"GIMENEZ, Carlos A.",22118,H0FL26036,2024,pro-Israel,AIPAC PAC (C00797670),10000.0,direct_contribution,4,FEC pas224
"GIMENEZ, Carlos A.",22118,H0FL26036,2024,pro-Israel,AIPAC PAC (C00797670),11000.0,earmarked_conduit_indiv,12,"FEC indiv24 (conduit 15E, recipient C00735985); FEC indiv24 (conduit 24T, recipient C00735985)"
"GIMENEZ, Carlos A.",22118,H0FL26036,2024,pro-Israel,AIPAC PAC (C00797670),810.0,earmarked_conduit_pas2,4,FEC pas224
"GIMENEZ, Carlos A.",22118,H0FL26036,2024,pro-Israel,Republican Jewish Coalition PAC (C00345132),24.0,earmarked_conduit_pas2,2,FEC pas224
"GIMENEZ, Carlos A.",22118,H0FL26036,2026,pro-Israel,AIPAC PAC (C00797670),5000.0,direct_contribution,1,FEC pas226
"GIMENEZ, Carlos A.",22118,H0FL26036,2026,pro-Israel,AIPAC PAC (C00797670),2500.0,earmarked_conduit_indiv,2,"FEC indiv26 (conduit 24T, recipient C00735985)"
"GIMENEZ, Carlos A.",22118,H0FL26036,2026,pro-Israel,AIPAC PAC (C00797670),-6.0,earmarked_conduit_pas2,2,FEC pas226
"GIMENEZ, Carlos A.",22118,H0FL26036,2026,pro-Israel,Republican Jewish Coalition PAC (C00345132),283.0,earmarked_conduit_indiv,4,"FEC indiv26 (conduit 24T, recipient C00735985)"
"GOLDEN, Jared",21923,H8ME02185,2020,J Street,JStreetPAC (C00441949),19798.0,earmarked_conduit_indiv,23,"FEC indiv20 (conduit 15E, recipient C00653816); FEC indiv20 (conduit 24T, recipient C00653816)"
"GOLDEN, Jared",21923,H8ME02185,2020,J Street,JStreetPAC (C00441949),2166.0,earmarked_conduit_pas2,2,FEC pas220
"GOLDEN, Jared",21923,H8ME02185,2020,pro-Israel,DMFI PAC (C00710848),2000.0,direct_contribution,1,FEC pas220
"GOLDEN, Jared",21923,H8ME02185,2020,pro-Israel,NORPAC (C00247403),3050.0,direct_contribution,1,FEC pas220
"GOLDEN, Jared",21923,H8ME02185,2020,pro-Israel,Pro-Israel America PAC (C00699470),15180.0,earmarked_conduit_indiv,16,"FEC indiv20 (conduit 24T, recipient C00653816)"
"GOLDEN, Jared",21923,H8ME02185,2022,pro-Israel,AIPAC PAC (C00797670),7900.0,direct_contribution,2,FEC pas222
"GOLDEN, Jared",21923,H8ME02185,2022,pro-Israel,AIPAC PAC (C00797670),10750.0,earmarked_conduit_indiv,5,"FEC indiv22 (conduit 24T, recipient C00653816)"
"GOLDEN, Jared",21923,H8ME02185,2022,pro-Israel,DMFI PAC (C00710848),3000.0,direct_contribution,2,FEC pas222
"GOLDEN, Jared",21923,H8ME02185,2022,pro-Israel,NORPAC (C00247403),14450.0,earmarked_conduit_indiv,12,"FEC indiv22 (conduit 24T, recipient C00653816)"
"GOLDEN, Jared",21923,H8ME02185,2022,pro-Israel,Pro-Israel America PAC (C00699470),2500.0,direct_contribution,1,FEC pas222
"GOLDEN, Jared",21923,H8ME02185,2022,pro-Israel,Pro-Israel America PAC (C00699470),34238.0,earmarked_conduit_indiv,58,"FEC indiv22 (conduit 15E, recipient C00653816); FEC indiv22 (conduit 24T, recipient C00653816)"
"GOLDEN, Jared",21923,H8ME02185,2022,pro-Israel,Pro-Israel America PAC (C00699470),1033.0,earmarked_conduit_pas2,3,FEC pas222
"GOLDEN, Jared",21923,H8ME02185,2024,pro-Israel,AIPAC PAC (C00797670),5000.0,direct_contribution,1,FEC pas224
"GOLDEN, Jared",21923,H8ME02185,2024,pro-Israel,AIPAC PAC (C00797670),574380.0,earmarked_conduit_indiv,387,"FEC indiv24 (conduit 15E, recipient C00653816); FEC indiv24 (conduit 24T, recipient C00653816)"
"GOLDEN, Jared",21923,H8ME02185,2024,pro-Israel,AIPAC PAC (C00797670),6601.0,earmarked_conduit_pas2,2,FEC pas224
"GOLDEN, Jared",21923,H8ME02185,2024,pro-Israel,DMFI PAC (C00710848),5000.0,direct_contribution,2,FEC pas224
"GOLDEN, Jared",21923,H8ME02185,2024,pro-Israel,NORPAC (C00247403),2300.0,direct_contribution,1,FEC pas224
"GOLDEN, Jared",21923,H8ME02185,2024,pro-Israel,NORPAC (C00247403),17500.0,earmarked_conduit_indiv,19,"FEC indiv24 (conduit 24T, recipient C00653816)"
"GOLDEN, Jared",21923,H8ME02185,2026,pro-Israel,AIPAC PAC (C00797670),5000.0,direct_contribution,1,FEC pas226
"GOLDEN, Jared",21923,H8ME02185,2026,pro-Israel,AIPAC PAC (C00797670),221910.0,earmarked_conduit_indiv,163,"FEC indiv26 (conduit 15E, recipient C00653816); FEC indiv26 (conduit 24T, recipient C00653816)"
"GOLDEN, Jared",21923,H8ME02185,2026,pro-Israel,AIPAC PAC (C00797670),-6.0,earmarked_conduit_pas2,1,FEC pas226
"GOLDMAN, Craig A.",22519,H4TX12065,2024,pro-Israel,AIPAC PAC (C00797670),5000.0,direct_contribution,1,FEC pas224
"GOLDMAN, Craig A.",22519,H4TX12065,2024,pro-Israel,AIPAC PAC (C00797670),20250.0,earmarked_conduit_indiv,27,"FEC indiv24 (conduit 24T, recipient C00855528)"
"GOLDMAN, Craig A.",22519,H4TX12065,2024,pro-Israel,AIPAC PAC (C00797670),19885.0,earmarked_conduit_pas2,17,FEC pas224
"GOLDMAN, Craig A.",22519,H4TX12065,2024,pro-Israel,Republican Jewish Coalition PAC (C00345132),5000.0,direct_contribution,1,FEC pas224
"GOLDMAN, Craig A.",22519,H4TX12065,2024,pro-Israel,Republican Jewish Coalition PAC (C00345132),37103.0,earmarked_conduit_indiv,29,"FEC indiv24 (conduit 24T, recipient C00855528)"
"GOLDMAN, Craig A.",22519,H4TX12065,2024,pro-Israel,Republican Jewish Coalition PAC (C00345132),4260.0,earmarked_conduit_pas2,18,FEC pas224
"GOLDMAN, Craig A.",22519,H4TX12065,2026,pro-Israel,AIPAC PAC (C00797670),5000.0,direct_contribution,1,FEC pas226
"GOLDMAN, Craig A.",22519,H4TX12065,2026,pro-Israel,AIPAC PAC (C00797670),39464.0,earmarked_conduit_indiv,28,"FEC indiv26 (conduit 24T, recipient C00855528)"
"GOLDMAN, Craig A.",22519,H4TX12065,2026,pro-Israel,AIPAC PAC (C00797670),-6.0,earmarked_conduit_pas2,1,FEC pas226
"GOLDMAN, Craig A.",22519,H4TX12065,2026,pro-Israel,Republican Jewish Coalition PAC (C00345132),10000.0,direct_contribution,2,FEC pas226
"GOLDMAN, Craig A.",22519,H4TX12065,2026,pro-Israel,Republican Jewish Coalition PAC (C00345132),6202.0,earmarked_conduit_indiv,11,"FEC indiv26 (conduit 24T, recipient C00855528)"
"GOLDMAN, Craig A.",22519,H4TX12065,2026,pro-Israel,Republican Jewish Coalition PAC (C00345132),1010.0,earmarked_conduit_pas2,2,FEC pas226
"GOLDMAN, Daniel",22324,H2NY10308,2022,J Street,JStreetPAC (C00441949),1000.0,earmarked_conduit_indiv,1,"FEC indiv22 (conduit 24T, recipient C00816660)"
"GOLDMAN, Daniel",22324,H2NY10308,2024,J Street,JStreetPAC (C00441949),2500.0,direct_contribution,1,FEC pas224
"GOLDMAN, Daniel",22324,H2NY10308,2024,J Street,JStreetPAC (C00441949),5275.0,earmarked_conduit_indiv,7,"FEC indiv24 (conduit 24T, recipient C00816660)"
"GOLDMAN, Daniel",22324,H2NY10308,2024,J Street,JStreetPAC (C00441949),500.0,earmarked_conduit_pas2,1,FEC pas224
"GOLDMAN, Daniel",22324,H2NY10308,2024,pro-Israel,AIPAC PAC (C00797670),10000.0,direct_contribution,2,FEC pas224
"GOLDMAN, Daniel",22324,H2NY10308,2024,pro-Israel,AIPAC PAC (C00797670),145400.0,earmarked_conduit_indiv,97,"FEC indiv24 (conduit 24T, recipient C00816660)"
"GOLDMAN, Daniel",22324,H2NY10308,2024,pro-Israel,AIPAC PAC (C00797670),36526.0,earmarked_conduit_pas2,16,FEC pas224
"GOLDMAN, Daniel",22324,H2NY10308,2024,pro-Israel,DMFI PAC (C00710848),1000.0,direct_contribution,1,FEC pas224
"GOLDMAN, Daniel",22324,H2NY10308,2024,pro-Israel,NORPAC (C00247403),16850.0,earmarked_conduit_indiv,17,"FEC indiv24 (conduit 24T, recipient C00816660)"
"GOLDMAN, Daniel",22324,H2NY10308,2026,J Street,JStreetPAC (C00441949),25944.0,earmarked_conduit_indiv,38,"FEC indiv26 (conduit 24T, recipient C00816660)"
"GOLDMAN, Daniel",22324,H2NY10308,2026,J Street,JStreetPAC (C00441949),515.0,earmarked_conduit_pas2,2,FEC pas226
"GOLDMAN, Daniel",22324,H2NY10308,2026,pro-Israel,AIPAC PAC (C00797670),0.0,direct_contribution,2,FEC pas226
"GOLDMAN, Daniel",22324,H2NY10308,2026,pro-Israel,AIPAC PAC (C00797670),152230.0,earmarked_conduit_indiv,96,"FEC indiv26 (conduit 15E, recipient C00816660); FEC indiv26 (conduit 24T, recipient C00816660)"
"GOLDMAN, Daniel",22324,H2NY10308,2026,pro-Israel,AIPAC PAC (C00797670),-6.0,earmarked_conduit_pas2,1,FEC pas226
"GOLDMAN, Daniel",22324,H2NY10308,2026,pro-Israel,DMFI PAC (C00710848),0.0,direct_contribution,2,FEC pas226
"GOLDMAN, Daniel",22324,H2NY10308,2026,pro-Israel,NORPAC (C00247403),5500.0,earmarked_conduit_indiv,4,"FEC indiv26 (conduit 24T, recipient C00816660)"
"GOMEZ, Jimmy",21754,H8CA34266,2022,pro-Israel,AIPAC PAC (C00797670),7900.0,direct_contribution,2,FEC pas222
"GOMEZ, Jimmy",21754,H8CA34266,2022,pro-Israel,AIPAC PAC (C00797670),33150.0,earmarked_conduit_indiv,29,"FEC indiv22 (conduit 24T, recipient C00629659)"
"GOMEZ, Jimmy",21754,H8CA34266,2024,pro-Israel,AIPAC PAC (C00797670),10000.0,direct_contribution,2,FEC pas224
"GOMEZ, Jimmy",21754,H8CA34266,2024,pro-Israel,AIPAC PAC (C00797670),162097.0,earmarked_conduit_indiv,136,"FEC indiv24 (conduit 24T, recipient C00629659)"
"GOMEZ, Jimmy",21754,H8CA34266,2024,pro-Israel,AIPAC PAC (C00797670),5801.0,earmarked_conduit_pas2,5,FEC pas224
"GOMEZ, Jimmy",21754,H8CA34266,2024,pro-Israel,DMFI PAC (C00710848),5000.0,direct_contribution,2,FEC pas224
"GOMEZ, Jimmy",21754,H8CA34266,2024,pro-Israel,United Democracy Project (C00799031),1723990.15,IE_support,12,FEC independent_expenditure_2024.csv
"GOMEZ, Jimmy",21754,H8CA34266,2026,pro-Israel,AIPAC PAC (C00797670),5000.0,direct_contribution,1,FEC pas226
"GOMEZ, Jimmy",21754,H8CA34266,2026,pro-Israel,AIPAC PAC (C00797670),182800.0,earmarked_conduit_indiv,140,"FEC indiv26 (conduit 15E, recipient C00629659); FEC indiv26 (conduit 24T, recipient C00629659)"
"GOMEZ, Jimmy",21754,H8CA34266,2026,pro-Israel,AIPAC PAC (C00797670),-6.0,earmarked_conduit_pas2,1,FEC pas226
"GOMEZ, Jimmy",21754,H8CA34266,2026,pro-Israel,DMFI PAC (C00710848),1000.0,direct_contribution,1,FEC pas226
"GONZALES, Tony",22119,H0TX35015,2022,pro-Israel,AIPAC PAC (C00797670),2100.0,direct_contribution,1,FEC pas222
"GONZALES, Tony",22119,H0TX35015,2022,pro-Israel,AIPAC PAC (C00797670),17275.0,earmarked_conduit_indiv,20,"FEC indiv22 (conduit 24T, recipient C00706614)"
"GONZALES, Tony",22119,H0TX35015,2024,pro-Israel,AIPAC PAC (C00797670),15000.0,direct_contribution,3,FEC pas224
"GONZALES, Tony",22119,H0TX35015,2024,pro-Israel,AIPAC PAC (C00797670),90874.0,earmarked_conduit_indiv,80,"FEC indiv24 (conduit 15E, recipient C00706614); FEC indiv24 (conduit 24T, recipient C00706614)"
"GONZALES, Tony",22119,H0TX35015,2024,pro-Israel,AIPAC PAC (C00797670),126500.0,earmarked_conduit_pas2,113,FEC pas224
"GONZALES, Tony",22119,H0TX35015,2024,pro-Israel,Republican Jewish Coalition PAC (C00345132),5000.0,direct_contribution,1,FEC pas224
"GONZALES, Tony",22119,H0TX35015,2024,pro-Israel,Republican Jewish Coalition PAC (C00345132),21166.0,earmarked_conduit_indiv,30,"FEC indiv24 (conduit 24T, recipient C00706614)"
"GONZALES, Tony",22119,H0TX35015,2024,pro-Israel,Republican Jewish Coalition PAC (C00345132),3783.0,earmarked_conduit_pas2,12,FEC pas224
"GONZALES, Tony",22119,H0TX35015,2026,pro-Israel,AIPAC PAC (C00797670),5000.0,direct_contribution,3,FEC pas226
"GONZALES, Tony",22119,H0TX35015,2026,pro-Israel,AIPAC PAC (C00797670),246494.0,earmarked_conduit_indiv,246,"FEC indiv26 (conduit 24T, recipient C00706614)"
"GONZALES, Tony",22119,H0TX35015,2026,pro-Israel,AIPAC PAC (C00797670),-6.0,earmarked_conduit_pas2,1,FEC pas226
"GONZALES, Tony",22119,H0TX35015,2026,pro-Israel,Republican Jewish Coalition PAC (C00345132),400.0,earmarked_conduit_pas2,1,FEC pas226
"GONZALEZ, Anthony",21924,H8OH16124,2022,pro-Israel,NORPAC (C00247403),2500.0,earmarked_conduit_indiv,1,"FEC indiv22 (conduit 24T, recipient C00654079)"
"GONZALEZ, Anthony",21924,H8OH16124,2022,pro-Israel,Pro-Israel America PAC (C00699470),692.0,earmarked_conduit_indiv,7,"FEC indiv22 (conduit 15E, recipient C00654079); FEC indiv22 (conduit 24T, recipient C00654079)"
"GONZALEZ, Vicente, Jr.",21722,H6TX15162,2022,pro-Israel,AIPAC PAC (C00797670),10000.0,direct_contribution,3,FEC pas222
"GONZALEZ, Vicente, Jr.",21722,H6TX15162,2022,pro-Israel,AIPAC PAC (C00797670),32840.0,earmarked_conduit_indiv,29,"FEC indiv22 (conduit 24T, recipient C00592659)"
"GONZALEZ, Vicente, Jr.",21722,H6TX15162,2022,pro-Israel,AIPAC PAC (C00797670),-41.0,earmarked_conduit_pas2,1,FEC pas222
"GONZALEZ, Vicente, Jr.",21722,H6TX15162,2022,pro-Israel,Pro-Israel America PAC (C00699470),41043.0,earmarked_conduit_indiv,38,"FEC indiv22 (conduit 15E, recipient C00592659); FEC indiv22 (conduit 24T, recipient C00592659)"
"GONZALEZ, Vicente, Jr.",21722,H6TX15162,2024,pro-Israel,AIPAC PAC (C00797670),10000.0,direct_contribution,3,FEC pas224
"GONZALEZ, Vicente, Jr.",21722,H6TX15162,2024,pro-Israel,AIPAC PAC (C00797670),82801.0,earmarked_conduit_indiv,57,"FEC indiv24 (conduit 24T, recipient C00592659)"
"GONZALEZ, Vicente, Jr.",21722,H6TX15162,2024,pro-Israel,AIPAC PAC (C00797670),31951.0,earmarked_conduit_pas2,25,FEC pas224
"GONZALEZ, Vicente, Jr.",21722,H6TX15162,2026,pro-Israel,AIPAC PAC (C00797670),10000.0,direct_contribution,2,FEC pas226
"GONZALEZ, Vicente, Jr.",21722,H6TX15162,2026,pro-Israel,AIPAC PAC (C00797670),182153.0,earmarked_conduit_indiv,103,"FEC indiv26 (conduit 15E, recipient C00592659); FEC indiv26 (conduit 24T, recipient C00592659)"
"GONZALEZ, Vicente, Jr.",21722,H6TX15162,2026,pro-Israel,AIPAC PAC (C00797670),-6.0,earmarked_conduit_pas2,2,FEC pas226
"GONZALEZ, Vicente, Jr.",21722,H6TX15162,2026,pro-Israel,DMFI PAC (C00710848),1000.0,direct_contribution,1,FEC pas226
"GOOD, Bob",22120,H0VA05160,2024,pro-Israel,United Democracy Project (C00799031),132229.91,IE_oppose,4,FEC independent_expenditure_2024.csv
"GOODEN, Lance",21925,H8TX05144,2022,pro-Israel,AIPAC PAC (C00797670),5000.0,direct_contribution,3,FEC pas222
"GOODEN, Lance",21925,H8TX05144,2022,pro-Israel,AIPAC PAC (C00797670),3500.0,earmarked_conduit_indiv,4,"FEC indiv22 (conduit 24T, recipient C00662601)"
"GOODEN, Lance",21925,H8TX05144,2024,pro-Israel,AIPAC PAC (C00797670),10000.0,direct_contribution,2,FEC pas224
"GOODEN, Lance",21925,H8TX05144,2024,pro-Israel,AIPAC PAC (C00797670),15650.0,earmarked_conduit_indiv,16,"FEC indiv24 (conduit 15E, recipient C00662601); FEC indiv24 (conduit 24T, recipient C00662601)"
"GOODEN, Lance",21925,H8TX05144,2024,pro-Israel,AIPAC PAC (C00797670),1510.0,earmarked_conduit_pas2,4,FEC pas224
"GOODEN, Lance",21925,H8TX05144,2026,pro-Israel,AIPAC PAC (C00797670),5000.0,direct_contribution,1,FEC pas226
"GOODEN, Lance",21925,H8TX05144,2026,pro-Israel,AIPAC PAC (C00797670),6717.0,earmarked_conduit_indiv,7,"FEC indiv26 (conduit 15E, recipient C00662601); FEC indiv26 (conduit 24T, recipient C00662601)"
"GOODEN, Lance",21925,H8TX05144,2026,pro-Israel,AIPAC PAC (C00797670),-233.0,earmarked_conduit_pas2,4,FEC pas226
"GOODLANDER, Maggie",22520,H4NH02399,2024,pro-Israel,AIPAC PAC (C00797670),10000.0,direct_contribution,2,FEC pas224
"GOODLANDER, Maggie",22520,H4NH02399,2024,pro-Israel,AIPAC PAC (C00797670),50850.0,earmarked_conduit_indiv,49,"FEC indiv24 (conduit 24T, recipient C00878454)"
"GOODLANDER, Maggie",22520,H4NH02399,2024,pro-Israel,NORPAC (C00247403),100.0,direct_contribution,1,FEC pas224
"GOODLANDER, Maggie",22520,H4NH02399,2024,pro-Israel,NORPAC (C00247403),33050.0,earmarked_conduit_indiv,22,"FEC indiv24 (conduit 24T, recipient C00878454)"
"GOODLANDER, Maggie",22520,H4NH02399,2026,J Street,JStreetPAC (C00441949),10750.0,earmarked_conduit_indiv,6,"FEC indiv26 (conduit 15E, recipient C00878454); FEC indiv26 (conduit 24T, recipient C00878454)"
"GOODLANDER, Maggie",22520,H4NH02399,2026,pro-Israel,AIPAC PAC (C00797670),5000.0,direct_contribution,1,FEC pas226
"GOODLANDER, Maggie",22520,H4NH02399,2026,pro-Israel,AIPAC PAC (C00797670),99254.0,earmarked_conduit_indiv,55,"FEC indiv26 (conduit 15E, recipient C00878454); FEC indiv26 (conduit 24T, recipient C00878454)"
"GOODLANDER, Maggie",22520,H4NH02399,2026,pro-Israel,AIPAC PAC (C00797670),-6.0,earmarked_conduit_pas2,1,FEC pas226
"GOODLANDER, Maggie",22520,H4NH02399,2026,pro-Israel,NORPAC (C00247403),21000.0,earmarked_conduit_indiv,9,"FEC indiv26 (conduit 24T, recipient C00878454)"
"GOTTHEIMER, Josh S.",21723,H6NJ05171,2020,pro-Israel,DMFI PAC (C00710848),2000.0,direct_contribution,1,FEC pas220
"GOTTHEIMER, Josh S.",21723,H6NJ05171,2020,pro-Israel,NORPAC (C00247403),22765.0,direct_contribution,4,FEC pas220
"GOTTHEIMER, Josh S.",21723,H6NJ05171,2020,pro-Israel,NORPAC (C00247403),5250.0,earmarked_conduit_indiv,5,"FEC indiv20 (conduit 24T, recipient C00573949)"
"GOTTHEIMER, Josh S.",21723,H6NJ05171,2020,pro-Israel,Pro-Israel America PAC (C00699470),1000.0,direct_contribution,1,FEC pas220
"GOTTHEIMER, Josh S.",21723,H6NJ05171,2020,pro-Israel,Pro-Israel America PAC (C00699470),27215.0,earmarked_conduit_indiv,88,"FEC indiv20 (conduit 15E, recipient C00573949); FEC indiv20 (conduit 24T, recipient C00573949)"
"GOTTHEIMER, Josh S.",21723,H6NJ05171,2022,pro-Israel,AIPAC PAC (C00797670),7900.0,direct_contribution,3,FEC pas222
"GOTTHEIMER, Josh S.",21723,H6NJ05171,2022,pro-Israel,AIPAC PAC (C00797670),149360.0,earmarked_conduit_indiv,168,"FEC indiv22 (conduit 15E, recipient C00573949); FEC indiv22 (conduit 24T, recipient C00573949)"
"GOTTHEIMER, Josh S.",21723,H6NJ05171,2022,pro-Israel,DMFI PAC (C00710848),2000.0,direct_contribution,1,FEC pas222
"GOTTHEIMER, Josh S.",21723,H6NJ05171,2022,pro-Israel,NORPAC (C00247403),98565.0,earmarked_conduit_indiv,65,"FEC indiv22 (conduit 15E, recipient C00573949); FEC indiv22 (conduit 24T, recipient C00573949)"
"GOTTHEIMER, Josh S.",21723,H6NJ05171,2022,pro-Israel,Pro-Israel America PAC (C00699470),20180.0,earmarked_conduit_indiv,62,"FEC indiv22 (conduit 15E, recipient C00573949); FEC indiv22 (conduit 24T, recipient C00573949)"
"GOTTHEIMER, Josh S.",21723,H6NJ05171,2024,pro-Israel,AIPAC PAC (C00797670),10000.0,direct_contribution,2,FEC pas224
"GOTTHEIMER, Josh S.",21723,H6NJ05171,2024,pro-Israel,AIPAC PAC (C00797670),747647.0,earmarked_conduit_indiv,616,"FEC indiv24 (conduit 15E, recipient C00573949); FEC indiv24 (conduit 24T, recipient C00573949)"
"GOTTHEIMER, Josh S.",21723,H6NJ05171,2024,pro-Israel,AIPAC PAC (C00797670),23973.0,earmarked_conduit_pas2,27,FEC pas224
"GOTTHEIMER, Josh S.",21723,H6NJ05171,2024,pro-Israel,DMFI PAC (C00710848),1000.0,direct_contribution,1,FEC pas224
"GOTTHEIMER, Josh S.",21723,H6NJ05171,2024,pro-Israel,NORPAC (C00247403),83200.0,direct_contribution,4,FEC pas224
"GOTTHEIMER, Josh S.",21723,H6NJ05171,2024,pro-Israel,NORPAC (C00247403),21640.0,earmarked_conduit_indiv,20,"FEC indiv24 (conduit 24T, recipient C00573949)"
"GOTTHEIMER, Josh S.",21723,H6NJ05171,2026,pro-Israel,AIPAC PAC (C00797670),5000.0,direct_contribution,1,FEC pas226
"GOTTHEIMER, Josh S.",21723,H6NJ05171,2026,pro-Israel,AIPAC PAC (C00797670),578115.0,earmarked_conduit_indiv,426,"FEC indiv26 (conduit 15E, recipient C00573949); FEC indiv26 (conduit 24T, recipient C00573949)"
"GOTTHEIMER, Josh S.",21723,H6NJ05171,2026,pro-Israel,AIPAC PAC (C00797670),65724.0,earmarked_conduit_pas2,33,FEC pas226
"GOTTHEIMER, Josh S.",21723,H6NJ05171,2026,pro-Israel,NORPAC (C00247403),28240.0,earmarked_conduit_indiv,12,"FEC indiv26 (conduit 24T, recipient C00573949)"
"GRANGER, Kay",29762,H6TX12060,2020,pro-Israel,Pro-Israel America PAC (C00699470),1000.0,direct_contribution,1,FEC pas220
"GRANGER, Kay",29762,H6TX12060,2020,pro-Israel,Pro-Israel America PAC (C00699470),41068.0,earmarked_conduit_indiv,70,"FEC indiv20 (conduit 15E, recipient C00310532); FEC indiv20 (conduit 24T, recipient C00310532)"
"GRANGER, Kay",29762,H6TX12060,2022,pro-Israel,AIPAC PAC (C00797670),2100.0,direct_contribution,1,FEC pas222
"GRANGER, Kay",29762,H6TX12060,2022,pro-Israel,AIPAC PAC (C00797670),14900.0,earmarked_conduit_indiv,26,"FEC indiv22 (conduit 15E, recipient C00310532); FEC indiv22 (conduit 24T, recipient C00310532)"
"GRANGER, Kay",29762,H6TX12060,2022,pro-Israel,Pro-Israel America PAC (C00699470),73005.0,earmarked_conduit_indiv,105,"FEC indiv22 (conduit 15E, recipient C00310532); FEC indiv22 (conduit 24T, recipient C00310532)"
"GRANGER, Kay",29762,H6TX12060,2024,pro-Israel,AIPAC PAC (C00797670),5000.0,direct_contribution,1,FEC pas224
"GRANGER, Kay",29762,H6TX12060,2024,pro-Israel,AIPAC PAC (C00797670),47250.0,earmarked_conduit_indiv,26,"FEC indiv24 (conduit 24T, recipient C00310532)"
"GRAVES, Garret",21523,H4LA06153,2022,pro-Israel,AIPAC PAC (C00797670),7900.0,direct_contribution,8,FEC pas222
"GRAVES, Garret",21523,H4LA06153,2024,pro-Israel,AIPAC PAC (C00797670),5000.0,direct_contribution,1,FEC pas224
"GRAVES, Garret",21523,H4LA06153,2024,pro-Israel,AIPAC PAC (C00797670),33700.0,earmarked_conduit_indiv,30,"FEC indiv24 (conduit 15E, recipient C00558486); FEC indiv24 (conduit 24T, recipient C00558486)"
"GRAVES, Garret",21523,H4LA06153,2024,pro-Israel,AIPAC PAC (C00797670),2510.0,earmarked_conduit_pas2,4,FEC pas224
"GRAVES, Samuel",20124,H0MO06073,2022,pro-Israel,AIPAC PAC (C00797670),10000.0,direct_contribution,3,FEC pas222
"GRAVES, Samuel",20124,H0MO06073,2022,pro-Israel,AIPAC PAC (C00797670),8520.0,earmarked_conduit_indiv,13,"FEC indiv22 (conduit 24T, recipient C00359034)"
"GRAVES, Samuel",20124,H0MO06073,2022,pro-Israel,Republican Jewish Coalition PAC (C00345132),150.0,earmarked_conduit_indiv,2,"FEC indiv22 (conduit 24T, recipient C00359034)"
"GRAVES, Samuel",20124,H0MO06073,2024,pro-Israel,AIPAC PAC (C00797670),10000.0,direct_contribution,3,FEC pas224
"GRAVES, Samuel",20124,H0MO06073,2024,pro-Israel,AIPAC PAC (C00797670),5750.0,earmarked_conduit_indiv,9,"FEC indiv24 (conduit 24T, recipient C00359034)"
"GRAVES, Samuel",20124,H0MO06073,2024,pro-Israel,AIPAC PAC (C00797670),510.0,earmarked_conduit_pas2,3,FEC pas224
"GRAVES, Samuel",20124,H0MO06073,2026,pro-Israel,AIPAC PAC (C00797670),5000.0,direct_contribution,3,FEC pas226
"GRAVES, Samuel",20124,H0MO06073,2026,pro-Israel,AIPAC PAC (C00797670),25552.0,earmarked_conduit_indiv,23,"FEC indiv26 (conduit 24T, recipient C00359034)"
"GRAVES, Samuel",20124,H0MO06073,2026,pro-Israel,AIPAC PAC (C00797670),2094.0,earmarked_conduit_pas2,2,FEC pas226
"GRAY, Adam",22521,H2CA13115,2026,pro-Israel,AIPAC PAC (C00797670),5000.0,direct_contribution,1,FEC pas226
"GRAY, Adam",22521,H2CA13115,2026,pro-Israel,AIPAC PAC (C00797670),27750.0,earmarked_conduit_indiv,28,"FEC indiv26 (conduit 15E, recipient C00801431); FEC indiv26 (conduit 24T, recipient C00801431)"
"GRAY, Adam",22521,H2CA13115,2026,pro-Israel,AIPAC PAC (C00797670),-6.0,earmarked_conduit_pas2,2,FEC pas226
"GRAY, Adam",22521,H2CA13115,2026,pro-Israel,DMFI PAC (C00710848),1000.0,direct_contribution,1,FEC pas226
"GREEN, Al",20529,H4TX09095,2020,J Street,JStreetPAC (C00441949),3000.0,direct_contribution,3,FEC pas220
"GREEN, Al",20529,H4TX09095,2020,J Street,JStreetPAC (C00441949),2000.0,earmarked_conduit_indiv,2,"FEC indiv20 (conduit 24T, recipient C00578567)"
"GREEN, Al",20529,H4TX09095,2022,J Street,JStreetPAC (C00441949),3000.0,direct_contribution,3,FEC pas222
"GREEN, Al",20529,H4TX09095,2022,J Street,JStreetPAC (C00441949),1250.0,earmarked_conduit_indiv,2,"FEC indiv22 (conduit 24T, recipient C00578567)"
"GREEN, Al",20529,H4TX09095,2024,J Street,JStreetPAC (C00441949),2500.0,direct_contribution,1,FEC pas224
"GREEN, Al",20529,H4TX09095,2024,J Street,JStreetPAC (C00441949),1000.0,earmarked_conduit_pas2,1,FEC pas224
"GREEN, Al",20529,H4TX09095,2026,J Street,JStreetPAC (C00441949),550.0,earmarked_conduit_indiv,2,"FEC indiv26 (conduit 24T, recipient C00578567)"
"GREEN, Mark E.",21926,H8TN07076,2022,pro-Israel,AIPAC PAC (C00797670),10000.0,direct_contribution,4,FEC pas222
"GREEN, Mark E.",21926,H8TN07076,2022,pro-Israel,AIPAC PAC (C00797670),21400.0,earmarked_conduit_indiv,15,"FEC indiv22 (conduit 15E, recipient C00658385); FEC indiv22 (conduit 24T, recipient C00658385)"
"GREEN, Mark E.",21926,H8TN07076,2022,pro-Israel,NORPAC (C00247403),13000.0,earmarked_conduit_indiv,8,"FEC indiv22 (conduit 24T, recipient C00658385)"
"GREEN, Mark E.",21926,H8TN07076,2022,pro-Israel,Republican Jewish Coalition PAC (C00345132),1000.0,earmarked_conduit_indiv,1,"FEC indiv22 (conduit 24T, recipient C00658385)"
"GREEN, Mark E.",21926,H8TN07076,2024,pro-Israel,AIPAC PAC (C00797670),10000.0,direct_contribution,2,FEC pas224
"GREEN, Mark E.",21926,H8TN07076,2024,pro-Israel,AIPAC PAC (C00797670),86202.0,earmarked_conduit_indiv,38,"FEC indiv24 (conduit 24T, recipient C00658385)"
"GREEN, Mark E.",21926,H8TN07076,2024,pro-Israel,AIPAC PAC (C00797670),32510.0,earmarked_conduit_pas2,43,FEC pas224
"GREEN, Mark E.",21926,H8TN07076,2024,pro-Israel,NORPAC (C00247403),1000.0,direct_contribution,1,FEC pas224
"GREEN, Mark E.",21926,H8TN07076,2024,pro-Israel,NORPAC (C00247403),29900.0,earmarked_conduit_indiv,21,"FEC indiv24 (conduit 24T, recipient C00658385)"
"GREEN, Mark E.",21926,H8TN07076,2024,pro-Israel,Republican Jewish Coalition PAC (C00345132),1025.0,earmarked_conduit_indiv,2,"FEC indiv24 (conduit 24T, recipient C00658385)"
"GREEN, Mark E.",21926,H8TN07076,2024,pro-Israel,Republican Jewish Coalition PAC (C00345132),100.0,earmarked_conduit_pas2,1,FEC pas224
"GRIFFITH, H. Morgan",21191,H0VA09055,2022,pro-Israel,AIPAC PAC (C00797670),10000.0,direct_contribution,3,FEC pas222
"GRIFFITH, H. Morgan",21191,H0VA09055,2024,pro-Israel,AIPAC PAC (C00797670),10000.0,direct_contribution,2,FEC pas224
"GRIFFITH, H. Morgan",21191,H0VA09055,2024,pro-Israel,AIPAC PAC (C00797670),6750.0,earmarked_conduit_indiv,6,"FEC indiv24 (conduit 24T, recipient C00477240)"
"GRIFFITH, H. Morgan",21191,H0VA09055,2024,pro-Israel,AIPAC PAC (C00797670),10.0,earmarked_conduit_pas2,2,FEC pas224
"GRIFFITH, H. Morgan",21191,H0VA09055,2026,pro-Israel,AIPAC PAC (C00797670),5000.0,direct_contribution,1,FEC pas226
"GRIFFITH, H. Morgan",21191,H0VA09055,2026,pro-Israel,AIPAC PAC (C00797670),17858.0,earmarked_conduit_indiv,9,"FEC indiv26 (conduit 15E, recipient C00477240); FEC indiv26 (conduit 24T, recipient C00477240)"
"GRIFFITH, H. Morgan",21191,H0VA09055,2026,pro-Israel,AIPAC PAC (C00797670),-6.0,earmarked_conduit_pas2,2,FEC pas226
"GRIJALVA, Raúl M.",20305,H2AZ07070,2020,J Street,JStreetPAC (C00441949),4000.0,direct_contribution,4,FEC pas220
"GRIJALVA, Raúl M.",20305,H2AZ07070,2020,J Street,JStreetPAC (C00441949),1000.0,earmarked_conduit_indiv,1,"FEC indiv20 (conduit 24T, recipient C00374058)"
"GRIJALVA, Raúl M.",20305,H2AZ07070,2022,J Street,JStreetPAC (C00441949),3000.0,direct_contribution,3,FEC pas222
"GRIJALVA, Raúl M.",20305,H2AZ07070,2024,J Street,JStreetPAC (C00441949),2000.0,direct_contribution,2,FEC pas224
"GRIJALVA, Raúl M.",20305,H2AZ07070,2024,J Street,JStreetPAC (C00441949),208.0,earmarked_conduit_pas2,2,FEC pas224
"GROTHMAN, Glenn",21559,H4WI06048,2022,pro-Israel,AIPAC PAC (C00797670),10000.0,direct_contribution,3,FEC pas222
"GROTHMAN, Glenn",21559,H4WI06048,2022,pro-Israel,AIPAC PAC (C00797670),16000.0,earmarked_conduit_indiv,11,"FEC indiv22 (conduit 24T, recipient C00561597)"
"GROTHMAN, Glenn",21559,H4WI06048,2024,pro-Israel,AIPAC PAC (C00797670),10000.0,direct_contribution,2,FEC pas224
"GROTHMAN, Glenn",21559,H4WI06048,2024,pro-Israel,AIPAC PAC (C00797670),20900.0,earmarked_conduit_indiv,9,"FEC indiv24 (conduit 24T, recipient C00561597)"
"GROTHMAN, Glenn",21559,H4WI06048,2024,pro-Israel,AIPAC PAC (C00797670),10.0,earmarked_conduit_pas2,2,FEC pas224
"GROTHMAN, Glenn",21559,H4WI06048,2024,pro-Israel,Republican Jewish Coalition PAC (C00345132),260.0,earmarked_conduit_indiv,1,"FEC indiv24 (conduit 24T, recipient C00561597)"
"GROTHMAN, Glenn",21559,H4WI06048,2026,pro-Israel,AIPAC PAC (C00797670),5000.0,direct_contribution,1,FEC pas226
"GROTHMAN, Glenn",21559,H4WI06048,2026,pro-Israel,AIPAC PAC (C00797670),15500.0,earmarked_conduit_indiv,8,"FEC indiv26 (conduit 24T, recipient C00561597)"
"GROTHMAN, Glenn",21559,H4WI06048,2026,pro-Israel,AIPAC PAC (C00797670),-6.0,earmarked_conduit_pas2,2,FEC pas226
"GUEST, Michael",21927,H8MS03125,2022,pro-Israel,AIPAC PAC (C00797670),7900.0,direct_contribution,2,FEC pas222
"GUEST, Michael",21927,H8MS03125,2022,pro-Israel,AIPAC PAC (C00797670),16300.0,earmarked_conduit_indiv,11,"FEC indiv22 (conduit 15E, recipient C00665752); FEC indiv22 (conduit 24T, recipient C00665752)"
"GUEST, Michael",21927,H8MS03125,2024,pro-Israel,AIPAC PAC (C00797670),10000.0,direct_contribution,2,FEC pas224
"GUEST, Michael",21927,H8MS03125,2024,pro-Israel,AIPAC PAC (C00797670),500.0,earmarked_conduit_indiv,1,"FEC indiv24 (conduit 24T, recipient C00665752)"
"GUEST, Michael",21927,H8MS03125,2024,pro-Israel,AIPAC PAC (C00797670),10.0,earmarked_conduit_pas2,2,FEC pas224
"GUEST, Michael",21927,H8MS03125,2026,pro-Israel,AIPAC PAC (C00797670),5000.0,direct_contribution,1,FEC pas226
"GUEST, Michael",21927,H8MS03125,2026,pro-Israel,AIPAC PAC (C00797670),-6.0,earmarked_conduit_pas2,2,FEC pas226
"GUTHRIE, Brett",20916,H8KY02031,2022,pro-Israel,AIPAC PAC (C00797670),5000.0,direct_contribution,1,FEC pas222
"GUTHRIE, Brett",20916,H8KY02031,2022,pro-Israel,AIPAC PAC (C00797670),2900.0,earmarked_conduit_indiv,1,"FEC indiv22 (conduit 24T, recipient C00445023)"
"GUTHRIE, Brett",20916,H8KY02031,2024,pro-Israel,AIPAC PAC (C00797670),10000.0,direct_contribution,2,FEC pas224
"GUTHRIE, Brett",20916,H8KY02031,2024,pro-Israel,AIPAC PAC (C00797670),9100.0,earmarked_conduit_indiv,4,"FEC indiv24 (conduit 24T, recipient C00445023)"
"GUTHRIE, Brett",20916,H8KY02031,2024,pro-Israel,AIPAC PAC (C00797670),510.0,earmarked_conduit_pas2,3,FEC pas224
"GUTHRIE, Brett",20916,H8KY02031,2026,pro-Israel,AIPAC PAC (C00797670),0.0,direct_contribution,2,FEC pas226
"GUTHRIE, Brett",20916,H8KY02031,2026,pro-Israel,AIPAC PAC (C00797670),3500.0,earmarked_conduit_indiv,2,"FEC indiv26 (conduit 15E, recipient C00445023); FEC indiv26 (conduit 24T, recipient C00445023)"
"GUTHRIE, Brett",20916,H8KY02031,2026,pro-Israel,AIPAC PAC (C00797670),-6.0,earmarked_conduit_pas2,2,FEC pas226
"HAALAND, Debra",21928,H8NM01331,2020,J Street,JStreetPAC (C00441949),2000.0,direct_contribution,2,FEC pas220
"HAALAND, Debra",21928,H8NM01331,2020,J Street,JStreetPAC (C00441949),8400.0,earmarked_conduit_indiv,8,"FEC indiv20 (conduit 15E, recipient C00639054); FEC indiv20 (conduit 24T, recipient C00639054)"
"HAGEDORN, Jim",21929,H0MN01045,2020,pro-Israel,Republican Jewish Coalition PAC (C00345132),2500.0,direct_contribution,1,FEC pas220
"HAGEMAN, Harriet",22325,H2WY00166,2022,pro-Israel,AIPAC PAC (C00797670),5000.0,direct_contribution,1,FEC pas222
"HAGEMAN, Harriet",22325,H2WY00166,2024,pro-Israel,AIPAC PAC (C00797670),10000.0,direct_contribution,2,FEC pas224
"HAGEMAN, Harriet",22325,H2WY00166,2024,pro-Israel,AIPAC PAC (C00797670),11500.0,earmarked_conduit_indiv,11,"FEC indiv24 (conduit 24T, recipient C00788943)"
"HAGEMAN, Harriet",22325,S6WY00209,2024,pro-Israel,AIPAC PAC (C00797670),11500.0,earmarked_conduit_indiv,11,"FEC indiv24 (conduit 24T, recipient C00788943)"
"HAGEMAN, Harriet",22325,H2WY00166,2024,pro-Israel,AIPAC PAC (C00797670),-990.0,earmarked_conduit_pas2,3,FEC pas224
"HAGEMAN, Harriet",22325,H2WY00166,2026,pro-Israel,AIPAC PAC (C00797670),-6.0,earmarked_conduit_pas2,2,FEC pas226
"HAMADEH, Abraham J.",22522,H4AZ08108,2026,pro-Israel,AIPAC PAC (C00797670),5000.0,direct_contribution,1,FEC pas226
"HAMADEH, Abraham J.",22522,H4AZ08108,2026,pro-Israel,AIPAC PAC (C00797670),38000.0,earmarked_conduit_indiv,39,"FEC indiv26 (conduit 15E, recipient C00853986); FEC indiv26 (conduit 24T, recipient C00853986)"
"HAMADEH, Abraham J.",22522,H4AZ08108,2026,pro-Israel,AIPAC PAC (C00797670),-6.0,earmarked_conduit_pas2,1,FEC pas226
"HARDER, Josh",21930,H8CA10126,2020,J Street,JStreetPAC (C00441949),42586.0,earmarked_conduit_indiv,56,"FEC indiv20 (conduit 15E, recipient C00639146); FEC indiv20 (conduit 24T, recipient C00639146)"
"HARDER, Josh",21930,H8CA10126,2020,J Street,JStreetPAC (C00441949),9750.0,earmarked_conduit_pas2,8,FEC pas220
"HARDER, Josh",21930,H8CA10126,2020,J Street,JStreetPAC (C00441949),471.0,in_kind,1,FEC pas220
"HARDER, Josh",21930,H8CA10126,2022,J Street,JStreetPAC (C00441949),1000.0,direct_contribution,1,FEC pas222
"HARDER, Josh",21930,H8CA10126,2022,J Street,JStreetPAC (C00441949),79393.0,earmarked_conduit_indiv,104,"FEC indiv22 (conduit 15E, recipient C00639146); FEC indiv22 (conduit 24T, recipient C00639146)"
"HARDER, Josh",21930,H8CA10126,2022,pro-Israel,AIPAC PAC (C00797670),7900.0,direct_contribution,2,FEC pas222
"HARDER, Josh",21930,H8CA10126,2022,pro-Israel,AIPAC PAC (C00797670),22350.0,earmarked_conduit_indiv,25,"FEC indiv22 (conduit 24T, recipient C00639146)"
"HARDER, Josh",21930,H8CA10126,2024,J Street,JStreetPAC (C00441949),1000.0,direct_contribution,1,FEC pas224
"HARDER, Josh",21930,H8CA10126,2024,J Street,JStreetPAC (C00441949),29550.0,earmarked_conduit_indiv,35,"FEC indiv24 (conduit 24T, recipient C00639146)"
"HARDER, Josh",21930,H8CA10126,2024,J Street,JStreetPAC (C00441949),9446.0,earmarked_conduit_pas2,26,FEC pas224
"HARDER, Josh",21930,H8CA10126,2024,pro-Israel,AIPAC PAC (C00797670),5000.0,direct_contribution,1,FEC pas224
"HARDER, Josh",21930,H8CA10126,2024,pro-Israel,AIPAC PAC (C00797670),44626.0,earmarked_conduit_indiv,47,"FEC indiv24 (conduit 24T, recipient C00639146)"
"HARDER, Josh",21930,H8CA10126,2024,pro-Israel,AIPAC PAC (C00797670),1001.0,earmarked_conduit_pas2,2,FEC pas224
"HARDER, Josh",21930,H8CA10126,2026,J Street,JStreetPAC (C00441949),41544.0,earmarked_conduit_indiv,39,"FEC indiv26 (conduit 15E, recipient C00639146); FEC indiv26 (conduit 24T, recipient C00639146)"
"HARDER, Josh",21930,H8CA10126,2026,J Street,JStreetPAC (C00441949),400.0,earmarked_conduit_pas2,2,FEC pas226
"HARDER, Josh",21930,H8CA10126,2026,pro-Israel,AIPAC PAC (C00797670),5000.0,direct_contribution,1,FEC pas226
"HARDER, Josh",21930,H8CA10126,2026,pro-Israel,AIPAC PAC (C00797670),27050.0,earmarked_conduit_indiv,14,"FEC indiv26 (conduit 15E, recipient C00639146); FEC indiv26 (conduit 24T, recipient C00639146)"
"HARDER, Josh",21930,H8CA10126,2026,pro-Israel,AIPAC PAC (C00797670),-6.0,earmarked_conduit_pas2,2,FEC pas226
"HARIDOPOLOS, Mike",22523,H4FL08168,2024,pro-Israel,AIPAC PAC (C00797670),10000.0,direct_contribution,2,FEC pas224
"HARIDOPOLOS, Mike",22523,H4FL08168,2024,pro-Israel,AIPAC PAC (C00797670),6668.0,earmarked_conduit_indiv,4,"FEC indiv24 (conduit 24T, recipient C00877324)"
"HARIDOPOLOS, Mike",22523,H4FL08168,2026,pro-Israel,AIPAC PAC (C00797670),5000.0,direct_contribution,1,FEC pas226
"HARIDOPOLOS, Mike",22523,H4FL08168,2026,pro-Israel,AIPAC PAC (C00797670),31875.0,earmarked_conduit_indiv,24,"FEC indiv26 (conduit 15E, recipient C00877324); FEC indiv26 (conduit 24T, recipient C00877324)"
"HARIDOPOLOS, Mike",22523,H4FL08168,2026,pro-Israel,AIPAC PAC (C00797670),-6.0,earmarked_conduit_pas2,2,FEC pas226
"HARRIGAN, Pat",22524,H2NC13243,2024,pro-Israel,AIPAC PAC (C00797670),10000.0,direct_contribution,2,FEC pas224
"HARRIGAN, Pat",22524,H2NC13243,2024,pro-Israel,AIPAC PAC (C00797670),750.0,earmarked_conduit_indiv,2,"FEC indiv24 (conduit 24T, recipient C00802298)"
"HARRIGAN, Pat",22524,H2NC13243,2026,pro-Israel,AIPAC PAC (C00797670),5000.0,direct_contribution,1,FEC pas226
"HARRIGAN, Pat",22524,H2NC13243,2026,pro-Israel,AIPAC PAC (C00797670),16000.0,earmarked_conduit_indiv,8,"FEC indiv26 (conduit 15E, recipient C00802298); FEC indiv26 (conduit 24T, recipient C00802298)"
"HARRIGAN, Pat",22524,H2NC13243,2026,pro-Israel,AIPAC PAC (C00797670),-6.0,earmarked_conduit_pas2,2,FEC pas226
"HARRIS, Andy",21139,H8MD01094,2022,pro-Israel,AIPAC PAC (C00797670),7900.0,direct_contribution,6,FEC pas222
"HARRIS, Andy",21139,H8MD01094,2022,pro-Israel,AIPAC PAC (C00797670),15250.0,earmarked_conduit_indiv,11,"FEC indiv22 (conduit 15E, recipient C00435974); FEC indiv22 (conduit 24T, recipient C00435974)"
"HARRIS, Andy",21139,H8MD01094,2022,pro-Israel,Republican Jewish Coalition PAC (C00345132),2500.0,direct_contribution,1,FEC pas222
"HARRIS, Andy",21139,H8MD01094,2022,pro-Israel,Republican Jewish Coalition PAC (C00345132),1503.0,earmarked_conduit_indiv,28,"FEC indiv22 (conduit 24T, recipient C00435974)"
"HARRIS, Andy",21139,H8MD01094,2024,pro-Israel,AIPAC PAC (C00797670),10000.0,direct_contribution,2,FEC pas224
"HARRIS, Andy",21139,H8MD01094,2024,pro-Israel,AIPAC PAC (C00797670),14838.0,earmarked_conduit_indiv,17,"FEC indiv24 (conduit 24T, recipient C00435974)"
"HARRIS, Andy",21139,H8MD01094,2024,pro-Israel,AIPAC PAC (C00797670),9510.0,earmarked_conduit_pas2,17,FEC pas224
"HARRIS, Andy",21139,H8MD01094,2026,pro-Israel,AIPAC PAC (C00797670),5000.0,direct_contribution,1,FEC pas226
"HARRIS, Andy",21139,H8MD01094,2026,pro-Israel,AIPAC PAC (C00797670),26750.0,earmarked_conduit_indiv,21,"FEC indiv26 (conduit 15E, recipient C00435974); FEC indiv26 (conduit 24T, recipient C00435974)"
"HARRIS, Andy",21139,H8MD01094,2026,pro-Israel,AIPAC PAC (C00797670),-6.0,earmarked_conduit_pas2,2,FEC pas226
"HARRIS, Mark",22525,H6NC09200,2024,pro-Israel,AIPAC PAC (C00797670),10000.0,direct_contribution,2,FEC pas224
"HARRIS, Mark",22525,H4NC08066,2024,pro-Israel,AIPAC PAC (C00797670),8250.0,earmarked_conduit_indiv,16,"FEC indiv24 (conduit 24T, recipient C00850404)"
"HARRIS, Mark",22525,H6NC09200,2024,pro-Israel,AIPAC PAC (C00797670),8250.0,earmarked_conduit_indiv,16,"FEC indiv24 (conduit 24T, recipient C00850404)"
"HARRIS, Mark",22525,H4NC08066,2026,pro-Israel,AIPAC PAC (C00797670),5000.0,direct_contribution,1,FEC pas226
"HARRIS, Mark",22525,H4NC08066,2026,pro-Israel,AIPAC PAC (C00797670),19500.0,earmarked_conduit_indiv,28,"FEC indiv26 (conduit 24T, recipient C00850404)"
"HARRIS, Mark",22525,H6NC09200,2026,pro-Israel,AIPAC PAC (C00797670),19500.0,earmarked_conduit_indiv,28,"FEC indiv26 (conduit 24T, recipient C00850404)"
"HARRIS, Mark",22525,H4NC08066,2026,pro-Israel,AIPAC PAC (C00797670),-6.0,earmarked_conduit_pas2,2,FEC pas226
"HARSHBARGER, Diana",22122,H0TN01118,2022,pro-Israel,AIPAC PAC (C00797670),10000.0,direct_contribution,3,FEC pas222
"HARSHBARGER, Diana",22122,H0TN01118,2022,pro-Israel,AIPAC PAC (C00797670),10000.0,earmarked_conduit_indiv,5,"FEC indiv22 (conduit 24T, recipient C00741090)"
"HARSHBARGER, Diana",22122,H0TN01118,2022,pro-Israel,Republican Jewish Coalition PAC (C00345132),10.0,earmarked_conduit_indiv,1,"FEC indiv22 (conduit 24T, recipient C00741090)"
"HARSHBARGER, Diana",22122,H0TN01118,2024,pro-Israel,AIPAC PAC (C00797670),10000.0,direct_contribution,2,FEC pas224
"HARSHBARGER, Diana",22122,H0TN01118,2024,pro-Israel,AIPAC PAC (C00797670),17602.0,earmarked_conduit_indiv,11,"FEC indiv24 (conduit 24T, recipient C00741090)"
"HARSHBARGER, Diana",22122,H0TN01118,2024,pro-Israel,AIPAC PAC (C00797670),210.0,earmarked_conduit_pas2,3,FEC pas224
"HARSHBARGER, Diana",22122,H0TN01118,2024,pro-Israel,Republican Jewish Coalition PAC (C00345132),100.0,earmarked_conduit_pas2,1,FEC pas224
"HARSHBARGER, Diana",22122,H0TN01118,2026,pro-Israel,AIPAC PAC (C00797670),5000.0,direct_contribution,4,FEC pas226
"HARSHBARGER, Diana",22122,H0TN01118,2026,pro-Israel,AIPAC PAC (C00797670),-6.0,earmarked_conduit_pas2,2,FEC pas226
"HASTINGS, Alcee Lamar",29337,H2FL23021,2020,pro-Israel,DMFI PAC (C00710848),2000.0,direct_contribution,1,FEC pas220
"HAYES, Jahana",21931,H8CT05245,2020,pro-Israel,DMFI PAC (C00710848),2000.0,direct_contribution,1,FEC pas220
"HAYES, Jahana",21931,H8CT05245,2022,J Street,JStreetPAC (C00441949),1000.0,direct_contribution,1,FEC pas222
"HAYES, Jahana",21931,H8CT05245,2022,J Street,JStreetPAC (C00441949),31550.0,earmarked_conduit_indiv,38,"FEC indiv22 (conduit 15E, recipient C00677898); FEC indiv22 (conduit 24T, recipient C00677898)"
"HAYES, Jahana",21931,H8CT05245,2022,pro-Israel,AIPAC PAC (C00797670),2900.0,direct_contribution,1,FEC pas222
"HAYES, Jahana",21931,H8CT05245,2022,pro-Israel,AIPAC PAC (C00797670),12000.0,earmarked_conduit_indiv,8,"FEC indiv22 (conduit 15E, recipient C00677898); FEC indiv22 (conduit 24T, recipient C00677898)"
"HAYES, Jahana",21931,H8CT05245,2024,J Street,JStreetPAC (C00441949),3600.0,direct_contribution,3,FEC pas224
"HAYES, Jahana",21931,H8CT05245,2024,J Street,JStreetPAC (C00441949),49110.0,earmarked_conduit_indiv,52,"FEC indiv24 (conduit 24T, recipient C00677898)"
"HAYES, Jahana",21931,H8CT05245,2024,J Street,JStreetPAC (C00441949),4445.0,earmarked_conduit_pas2,19,FEC pas224
"HAYES, Jahana",21931,H8CT05245,2026,J Street,JStreetPAC (C00441949),2000.0,direct_contribution,2,FEC pas226
"HAYES, Jahana",21931,H8CT05245,2026,J Street,JStreetPAC (C00441949),9500.0,earmarked_conduit_indiv,5,"FEC indiv26 (conduit 15E, recipient C00677898); FEC indiv26 (conduit 24T, recipient C00677898)"
"HECK, Denny",21369,H0WA03161,2020,J Street,JStreetPAC (C00441949),1000.0,direct_contribution,3,FEC pas220
"HERN, Kevin",21760,H8OK01157,2022,pro-Israel,AIPAC PAC (C00797670),10000.0,direct_contribution,3,FEC pas222
"HERN, Kevin",21760,H8OK01157,2024,pro-Israel,AIPAC PAC (C00797670),10000.0,direct_contribution,4,FEC pas224
"HERN, Kevin",21760,H8OK01157,2024,pro-Israel,AIPAC PAC (C00797670),67863.0,earmarked_conduit_indiv,26,"FEC indiv24 (conduit 15E, recipient C00636092); FEC indiv24 (conduit 24T, recipient C00636092)"
"HERN, Kevin",21760,H8OK01157,2024,pro-Israel,AIPAC PAC (C00797670),160.0,earmarked_conduit_pas2,3,FEC pas224
"HERN, Kevin",21760,H8OK01157,2026,pro-Israel,AIPAC PAC (C00797670),10000.0,direct_contribution,2,FEC pas226
"HERN, Kevin",21760,H8OK01157,2026,pro-Israel,AIPAC PAC (C00797670),25500.0,earmarked_conduit_indiv,13,"FEC indiv26 (conduit 24T, recipient C00636092)"
"HERN, Kevin",21760,S6OK04247,2026,pro-Israel,AIPAC PAC (C00797670),25500.0,earmarked_conduit_indiv,15,"FEC indiv26 (conduit 15E, recipient C00943142)"
"HERN, Kevin",21760,H8OK01157,2026,pro-Israel,AIPAC PAC (C00797670),-6.0,earmarked_conduit_pas2,1,FEC pas226
"HERRERA BEUTLER, Jaime",21187,H0WA03187,2020,pro-Israel,Pro-Israel America PAC (C00699470),2000.0,direct_contribution,2,FEC pas220
"HERRERA BEUTLER, Jaime",21187,H0WA03187,2020,pro-Israel,Pro-Israel America PAC (C00699470),15647.0,earmarked_conduit_indiv,26,"FEC indiv20 (conduit 24T, recipient C00472704)"
"HERRERA BEUTLER, Jaime",21187,H0WA03187,2022,pro-Israel,AIPAC PAC (C00797670),10000.0,direct_contribution,4,FEC pas222
"HERRERA BEUTLER, Jaime",21187,H0WA03187,2022,pro-Israel,AIPAC PAC (C00797670),37750.0,earmarked_conduit_indiv,49,"FEC indiv22 (conduit 15E, recipient C00472704); FEC indiv22 (conduit 24T, recipient C00472704)"
"HERRERA BEUTLER, Jaime",21187,H0WA03187,2022,pro-Israel,Pro-Israel America PAC (C00699470),4328.0,earmarked_conduit_indiv,87,"FEC indiv22 (conduit 15E, recipient C00472704); FEC indiv22 (conduit 24T, recipient C00472704)"
"HERRERA BEUTLER, Jaime",21187,H0WA03187,2022,pro-Israel,Pro-Israel America PAC (C00699470),1360.0,earmarked_conduit_pas2,27,FEC pas222
"HERRERA BEUTLER, Jaime",21187,H0WA03187,2022,pro-Israel,Republican Jewish Coalition PAC (C00345132),10.0,earmarked_conduit_indiv,1,"FEC indiv22 (conduit 24T, recipient C00472704)"
"HIGGINS, Brian",20519,H4NY27076,2022,pro-Israel,AIPAC PAC (C00797670),10000.0,direct_contribution,7,FEC pas222
"HIGGINS, Clay",21724,H6LA03148,2022,pro-Israel,AIPAC PAC (C00797670),10000.0,direct_contribution,3,FEC pas222
"HIGGINS, Clay",21724,H6LA03148,2024,pro-Israel,AIPAC PAC (C00797670),5000.0,direct_contribution,1,FEC pas224
"HIGGINS, Clay",21724,H6LA03148,2024,pro-Israel,AIPAC PAC (C00797670),500.0,earmarked_conduit_indiv,1,"FEC indiv24 (conduit 24T, recipient C00617662)"
"HIGGINS, Clay",21724,H6LA03148,2024,pro-Israel,AIPAC PAC (C00797670),10.0,earmarked_conduit_pas2,2,FEC pas224
"HILL, French",21503,H4AR02141,2022,pro-Israel,AIPAC PAC (C00797670),7900.0,direct_contribution,2,FEC pas222
"HILL, French",21503,H4AR02141,2022,pro-Israel,AIPAC PAC (C00797670),15250.0,earmarked_conduit_indiv,11,"FEC indiv22 (conduit 15E, recipient C00551275); FEC indiv22 (conduit 24T, recipient C00551275)"
"HILL, French",21503,H4AR02141,2022,pro-Israel,Pro-Israel America PAC (C00699470),1000.0,direct_contribution,1,FEC pas222
"HILL, French",21503,H4AR02141,2022,pro-Israel,Pro-Israel America PAC (C00699470),1025.0,earmarked_conduit_indiv,2,"FEC indiv22 (conduit 24T, recipient C00551275)"
"HILL, French",21503,H4AR02141,2024,pro-Israel,AIPAC PAC (C00797670),10000.0,direct_contribution,2,FEC pas224
"HILL, French",21503,H4AR02141,2024,pro-Israel,AIPAC PAC (C00797670),18550.0,earmarked_conduit_indiv,18,"FEC indiv24 (conduit 15E, recipient C00551275); FEC indiv24 (conduit 24T, recipient C00551275)"
"HILL, French",21503,H4AR02141,2024,pro-Israel,AIPAC PAC (C00797670),760.0,earmarked_conduit_pas2,3,FEC pas224
"HILL, French",21503,H4AR02141,2024,pro-Israel,Republican Jewish Coalition PAC (C00345132),1000.0,earmarked_conduit_indiv,1,"FEC indiv24 (conduit 24T, recipient C00551275)"
"HILL, French",21503,H4AR02141,2026,pro-Israel,AIPAC PAC (C00797670),5000.0,direct_contribution,1,FEC pas226
"HILL, French",21503,H4AR02141,2026,pro-Israel,AIPAC PAC (C00797670),15500.0,earmarked_conduit_indiv,9,"FEC indiv26 (conduit 15E, recipient C00551275); FEC indiv26 (conduit 24T, recipient C00551275)"
"HILL, French",21503,H4AR02141,2026,pro-Israel,AIPAC PAC (C00797670),-6.0,earmarked_conduit_pas2,2,FEC pas226
"HILL, Katie",21932,H8CA25074,2020,J Street,JStreetPAC (C00441949),14700.0,earmarked_conduit_indiv,20,"FEC indiv20 (conduit 15E, recipient C00634212); FEC indiv20 (conduit 24T, recipient C00634212)"
"HIMES, James A.",20907,H8CT04172,2022,pro-Israel,AIPAC PAC (C00797670),7900.0,direct_contribution,4,FEC pas222
"HIMES, James A.",20907,H8CT04172,2022,pro-Israel,AIPAC PAC (C00797670),24500.0,earmarked_conduit_indiv,24,"FEC indiv22 (conduit 24T, recipient C00434191)"
"HIMES, James A.",20907,H8CT04172,2024,pro-Israel,AIPAC PAC (C00797670),500.0,direct_contribution,1,FEC pas224
"HIMES, James A.",20907,H8CT04172,2024,pro-Israel,AIPAC PAC (C00797670),21000.0,earmarked_conduit_indiv,6,"FEC indiv24 (conduit 24T, recipient C00434191)"
"HIMES, James A.",20907,H8CT04172,2024,pro-Israel,AIPAC PAC (C00797670),1.0,earmarked_conduit_pas2,1,FEC pas224
"HINSON, Ashley",22124,H0IA01174,2020,pro-Israel,Republican Jewish Coalition PAC (C00345132),2500.0,direct_contribution,1,FEC pas220
"HINSON, Ashley",22124,H0IA01174,2020,pro-Israel,Republican Jewish Coalition PAC (C00345132),8338.0,earmarked_conduit_indiv,114,"FEC indiv20 (conduit 24T, recipient C00706267)"
"HINSON, Ashley",22124,H0IA01174,2022,pro-Israel,AIPAC PAC (C00797670),7900.0,direct_contribution,2,FEC pas222
"HINSON, Ashley",22124,H0IA01174,2022,pro-Israel,AIPAC PAC (C00797670),22000.0,earmarked_conduit_indiv,10,"FEC indiv22 (conduit 15E, recipient C00706267); FEC indiv22 (conduit 24T, recipient C00706267)"
"HINSON, Ashley",22124,H0IA01174,2022,pro-Israel,Republican Jewish Coalition PAC (C00345132),2500.0,direct_contribution,1,FEC pas222
"HINSON, Ashley",22124,H0IA01174,2022,pro-Israel,Republican Jewish Coalition PAC (C00345132),10.0,earmarked_conduit_indiv,1,"FEC indiv22 (conduit 24T, recipient C00706267)"
"HINSON, Ashley",22124,H0IA01174,2024,pro-Israel,AIPAC PAC (C00797670),10000.0,direct_contribution,2,FEC pas224
"HINSON, Ashley",22124,H0IA01174,2024,pro-Israel,AIPAC PAC (C00797670),23950.0,earmarked_conduit_indiv,17,"FEC indiv24 (conduit 15E, recipient C00706267); FEC indiv24 (conduit 24T, recipient C00706267)"
"HINSON, Ashley",22124,H0IA01174,2024,pro-Israel,AIPAC PAC (C00797670),1736.0,earmarked_conduit_pas2,6,FEC pas224
"HINSON, Ashley",22124,H0IA01174,2024,pro-Israel,NORPAC (C00247403),11500.0,earmarked_conduit_indiv,7,"FEC indiv24 (conduit 24T, recipient C00706267)"
"HINSON, Ashley",22124,H0IA01174,2024,pro-Israel,Republican Jewish Coalition PAC (C00345132),1000.0,earmarked_conduit_indiv,1,"FEC indiv24 (conduit 24T, recipient C00706267)"
"HINSON, Ashley",22124,H0IA01174,2024,pro-Israel,Republican Jewish Coalition PAC (C00345132),211.0,earmarked_conduit_pas2,3,FEC pas224
"HINSON, Ashley",22124,H0IA01174,2026,pro-Israel,AIPAC PAC (C00797670),0.0,direct_contribution,2,FEC pas226
"HINSON, Ashley",22124,H0IA01174,2026,pro-Israel,AIPAC PAC (C00797670),31275.0,earmarked_conduit_indiv,35,"FEC indiv26 (conduit 24T, recipient C00706267)"
"HINSON, Ashley",22124,H0IA01174,2026,pro-Israel,Republican Jewish Coalition PAC (C00345132),1050.0,earmarked_conduit_indiv,2,"FEC indiv26 (conduit 24T, recipient C00706267)"
"HOLDING, George E.B.",21349,H2NC13110,2020,pro-Israel,Republican Jewish Coalition PAC (C00345132),2260.0,earmarked_conduit_indiv,12,"FEC indiv20 (conduit 15E, recipient C00499236)"
"HORSFORD, Steven",21339,H2NV04011,2020,pro-Israel,DMFI PAC (C00710848),2000.0,direct_contribution,1,FEC pas220
"HORSFORD, Steven",21339,H2NV04011,2022,pro-Israel,AIPAC PAC (C00797670),7900.0,direct_contribution,2,FEC pas222
"HORSFORD, Steven",21339,H2NV04011,2022,pro-Israel,AIPAC PAC (C00797670),8000.0,earmarked_conduit_indiv,8,"FEC indiv22 (conduit 24T, recipient C00668228)"
"HORSFORD, Steven",21339,H2NV04011,2022,pro-Israel,DMFI PAC (C00710848),2000.0,direct_contribution,1,FEC pas222
"HORSFORD, Steven",21339,H2NV04011,2024,pro-Israel,AIPAC PAC (C00797670),10000.0,direct_contribution,3,FEC pas224
"HORSFORD, Steven",21339,H2NV04011,2024,pro-Israel,AIPAC PAC (C00797670),120925.0,earmarked_conduit_indiv,93,"FEC indiv24 (conduit 24T, recipient C00668228)"
"HORSFORD, Steven",21339,H2NV04011,2024,pro-Israel,AIPAC PAC (C00797670),10601.0,earmarked_conduit_pas2,3,FEC pas224
"HORSFORD, Steven",21339,H2NV04011,2024,pro-Israel,DMFI PAC (C00710848),5000.0,direct_contribution,2,FEC pas224
"HORSFORD, Steven",21339,H2NV04011,2026,pro-Israel,AIPAC PAC (C00797670),5000.0,direct_contribution,1,FEC pas226
"HORSFORD, Steven",21339,H2NV04011,2026,pro-Israel,AIPAC PAC (C00797670),21900.0,earmarked_conduit_indiv,15,"FEC indiv26 (conduit 15E, recipient C00668228); FEC indiv26 (conduit 24T, recipient C00668228)"
"HORSFORD, Steven",21339,H2NV04011,2026,pro-Israel,AIPAC PAC (C00797670),-6.0,earmarked_conduit_pas2,2,FEC pas226
"HOUCHIN, Erin",22326,H6IN09143,2022,pro-Israel,AIPAC PAC (C00797670),1000.0,earmarked_conduit_indiv,1,"FEC indiv22 (conduit 24T, recipient C00800649)"
"HOUCHIN, Erin",22326,H6IN09143,2024,pro-Israel,AIPAC PAC (C00797670),9500.0,earmarked_conduit_indiv,10,"FEC indiv24 (conduit 24T, recipient C00800649)"
"HOUCHIN, Erin",22326,H6IN09143,2026,pro-Israel,AIPAC PAC (C00797670),5000.0,direct_contribution,1,FEC pas226
"HOUCHIN, Erin",22326,H6IN09143,2026,pro-Israel,AIPAC PAC (C00797670),-6.0,earmarked_conduit_pas2,2,FEC pas226
"HOULAHAN, Christina",21934,H8PA06087,2020,pro-Israel,DMFI PAC (C00710848),2000.0,direct_contribution,1,FEC pas220
"HOULAHAN, Christina",21934,H8PA06087,2022,pro-Israel,AIPAC PAC (C00797670),2100.0,direct_contribution,1,FEC pas222
"HOULAHAN, Christina",21934,H8PA06087,2022,pro-Israel,AIPAC PAC (C00797670),11700.0,earmarked_conduit_indiv,18,"FEC indiv22 (conduit 24T, recipient C00637371)"
"HOULAHAN, Christina",21934,H8PA06087,2024,J Street,JStreetPAC (C00441949),5000.0,direct_contribution,1,FEC pas224
"HOULAHAN, Christina",21934,H8PA06087,2024,J Street,JStreetPAC (C00441949),10500.0,earmarked_conduit_indiv,17,"FEC indiv24 (conduit 24T, recipient C00637371)"
"HOULAHAN, Christina",21934,H8PA06087,2024,J Street,JStreetPAC (C00441949),100.0,earmarked_conduit_pas2,1,FEC pas224
"HOULAHAN, Christina",21934,H8PA06087,2024,pro-Israel,AIPAC PAC (C00797670),10000.0,direct_contribution,2,FEC pas224
"HOULAHAN, Christina",21934,H8PA06087,2024,pro-Israel,AIPAC PAC (C00797670),19410.0,earmarked_conduit_indiv,26,"FEC indiv24 (conduit 24T, recipient C00637371)"
"HOULAHAN, Christina",21934,H8PA06087,2024,pro-Israel,AIPAC PAC (C00797670),1.0,earmarked_conduit_pas2,1,FEC pas224
"HOULAHAN, Christina",21934,H8PA06087,2024,pro-Israel,DMFI PAC (C00710848),2500.0,IE_support,1,FEC independent_expenditure_2024.csv
"HOULAHAN, Christina",21934,H8PA06087,2026,J Street,JStreetPAC (C00441949),19910.0,earmarked_conduit_indiv,26,"FEC indiv26 (conduit 24T, recipient C00637371)"
"HOULAHAN, Christina",21934,H8PA06087,2026,J Street,JStreetPAC (C00441949),7718.0,earmarked_conduit_pas2,27,FEC pas226
"HOULAHAN, Christina",21934,H8PA06087,2026,pro-Israel,AIPAC PAC (C00797670),-5000.0,direct_contribution,1,FEC pas226
"HOYER, Steny Hamilton",14873,H2MD05155,2020,pro-Israel,DMFI PAC (C00710848),2000.0,direct_contribution,1,FEC pas220
"HOYER, Steny Hamilton",14873,H2MD05155,2020,pro-Israel,NORPAC (C00247403),20050.0,direct_contribution,3,FEC pas220
"HOYER, Steny Hamilton",14873,H2MD05155,2020,pro-Israel,NORPAC (C00247403),500.0,earmarked_conduit_indiv,1,"FEC indiv20 (conduit 24T, recipient C00140715)"
"HOYER, Steny Hamilton",14873,H2MD05155,2020,pro-Israel,Pro-Israel America PAC (C00699470),1000.0,direct_contribution,1,FEC pas220
"HOYER, Steny Hamilton",14873,H2MD05155,2020,pro-Israel,Pro-Israel America PAC (C00699470),51157.0,earmarked_conduit_indiv,44,"FEC indiv20 (conduit 15E, recipient C00140715); FEC indiv20 (conduit 24T, recipient C00140715)"
"HOYER, Steny Hamilton",14873,H2MD05155,2022,pro-Israel,AIPAC PAC (C00797670),4200.0,direct_contribution,4,FEC pas222
"HOYER, Steny Hamilton",14873,H2MD05155,2022,pro-Israel,AIPAC PAC (C00797670),127413.0,earmarked_conduit_indiv,138,"FEC indiv22 (conduit 15E, recipient C00140715); FEC indiv22 (conduit 24T, recipient C00140715)"
"HOYER, Steny Hamilton",14873,H2MD05155,2022,pro-Israel,NORPAC (C00247403),28500.0,earmarked_conduit_indiv,19,"FEC indiv22 (conduit 24T, recipient C00140715)"
"HOYER, Steny Hamilton",14873,H2MD05155,2022,pro-Israel,Pro-Israel America PAC (C00699470),1.0,earmarked_conduit_indiv,1,"FEC indiv22 (conduit 15E, recipient C00140715)"
"HOYER, Steny Hamilton",14873,H2MD05155,2024,pro-Israel,AIPAC PAC (C00797670),10000.0,direct_contribution,2,FEC pas224
"HOYER, Steny Hamilton",14873,H2MD05155,2024,pro-Israel,AIPAC PAC (C00797670),210250.0,earmarked_conduit_indiv,204,"FEC indiv24 (conduit 15E, recipient C00140715); FEC indiv24 (conduit 24T, recipient C00140715)"
"HOYER, Steny Hamilton",14873,H2MD05155,2024,pro-Israel,AIPAC PAC (C00797670),39601.0,earmarked_conduit_pas2,33,FEC pas224
"HOYER, Steny Hamilton",14873,H2MD05155,2024,pro-Israel,DMFI PAC (C00710848),2000.0,direct_contribution,1,FEC pas224
"HOYER, Steny Hamilton",14873,H2MD05155,2026,pro-Israel,AIPAC PAC (C00797670),-6.0,earmarked_conduit_pas2,2,FEC pas226
"HOYLE, Val",22327,H2OR04095,2022,pro-Israel,AIPAC PAC (C00797670),14340.0,earmarked_conduit_indiv,21,"FEC indiv22 (conduit 15E, recipient C00796144); FEC indiv22 (conduit 24T, recipient C00796144)"
"HOYLE, Val",22327,H2OR04095,2022,pro-Israel,DMFI PAC (C00710848),2000.0,direct_contribution,1,FEC pas222
"HOYLE, Val",22327,H2OR04095,2024,J Street,JStreetPAC (C00441949),7470.0,direct_contribution,3,FEC pas224
"HOYLE, Val",22327,H2OR04095,2024,J Street,JStreetPAC (C00441949),25140.0,earmarked_conduit_indiv,36,"FEC indiv24 (conduit 24T, recipient C00796144)"
"HOYLE, Val",22327,H2OR04095,2024,J Street,JStreetPAC (C00441949),10168.0,earmarked_conduit_pas2,20,FEC pas224
"HOYLE, Val",22327,H2OR04095,2026,J Street,JStreetPAC (C00441949),7100.0,earmarked_conduit_indiv,10,"FEC indiv26 (conduit 24T, recipient C00796144)"
"HUDSON, Richard",21346,H2NC08185,2020,pro-Israel,Pro-Israel America PAC (C00699470),1000.0,direct_contribution,1,FEC pas220
"HUDSON, Richard",21346,H2NC08185,2020,pro-Israel,Pro-Israel America PAC (C00699470),13250.0,earmarked_conduit_indiv,11,"FEC indiv20 (conduit 24T, recipient C00504522)"
"HUDSON, Richard",21346,H2NC08185,2020,pro-Israel,Republican Jewish Coalition PAC (C00345132),2500.0,direct_contribution,1,FEC pas220
"HUDSON, Richard",21346,H2NC08185,2020,pro-Israel,Republican Jewish Coalition PAC (C00345132),2800.0,earmarked_conduit_indiv,1,"FEC indiv20 (conduit 24T, recipient C00504522)"
"HUDSON, Richard",21346,H2NC08185,2022,pro-Israel,AIPAC PAC (C00797670),5000.0,direct_contribution,1,FEC pas222
"HUDSON, Richard",21346,H2NC08185,2022,pro-Israel,AIPAC PAC (C00797670),15900.0,earmarked_conduit_indiv,10,"FEC indiv22 (conduit 24T, recipient C00504522)"
"HUDSON, Richard",21346,H2NC08185,2024,pro-Israel,AIPAC PAC (C00797670),10000.0,direct_contribution,2,FEC pas224
"HUDSON, Richard",21346,H2NC08185,2024,pro-Israel,AIPAC PAC (C00797670),132289.0,earmarked_conduit_indiv,87,"FEC indiv24 (conduit 15E, recipient C00504522); FEC indiv24 (conduit 24T, recipient C00504522)"
"HUDSON, Richard",21346,H2NC08185,2024,pro-Israel,AIPAC PAC (C00797670),1010.0,earmarked_conduit_pas2,4,FEC pas224
"HUDSON, Richard",21346,H2NC08185,2026,pro-Israel,AIPAC PAC (C00797670),5000.0,direct_contribution,1,FEC pas226
"HUDSON, Richard",21346,H2NC08185,2026,pro-Israel,AIPAC PAC (C00797670),59000.0,earmarked_conduit_indiv,42,"FEC indiv26 (conduit 24T, recipient C00504522)"
"HUDSON, Richard",21346,H2NC08185,2026,pro-Israel,AIPAC PAC (C00797670),-6.0,earmarked_conduit_pas2,2,FEC pas226
"HUFFMAN, Jared",21303,H2CA06259,2020,J Street,JStreetPAC (C00441949),2000.0,direct_contribution,2,FEC pas220
"HUFFMAN, Jared",21303,H2CA06259,2022,J Street,JStreetPAC (C00441949),5000.0,direct_contribution,5,FEC pas222
"HUFFMAN, Jared",21303,H2CA06259,2022,J Street,JStreetPAC (C00441949),8550.0,earmarked_conduit_indiv,17,"FEC indiv22 (conduit 24T, recipient C00536680)"
"HUFFMAN, Jared",21303,H2CA06259,2024,J Street,JStreetPAC (C00441949),2000.0,direct_contribution,2,FEC pas224
"HUFFMAN, Jared",21303,H2CA06259,2024,J Street,JStreetPAC (C00441949),4050.0,earmarked_conduit_indiv,4,"FEC indiv24 (conduit 24T, recipient C00536680)"
"HUFFMAN, Jared",21303,H2CA06259,2026,J Street,JStreetPAC (C00441949),750.0,earmarked_conduit_indiv,2,"FEC indiv26 (conduit 24T, recipient C00536680)"
"HUIZENGA, Bill",21142,H0MI02094,2022,pro-Israel,AIPAC PAC (C00797670),10000.0,direct_contribution,3,FEC pas222
"HUIZENGA, Bill",21142,H0MI02094,2024,pro-Israel,AIPAC PAC (C00797670),5000.0,direct_contribution,3,FEC pas224
"HUIZENGA, Bill",21142,H0MI02094,2024,pro-Israel,AIPAC PAC (C00797670),15700.0,earmarked_conduit_indiv,5,"FEC indiv24 (conduit 24T, recipient C00459297)"
"HUIZENGA, Bill",21142,H0MI02094,2024,pro-Israel,AIPAC PAC (C00797670),10.0,earmarked_conduit_pas2,2,FEC pas224
"HUIZENGA, Bill",21142,H0MI02094,2026,pro-Israel,AIPAC PAC (C00797670),5000.0,direct_contribution,1,FEC pas226
"HUIZENGA, Bill",21142,H0MI02094,2026,pro-Israel,AIPAC PAC (C00797670),19250.0,earmarked_conduit_indiv,20,"FEC indiv26 (conduit 15E, recipient C00459297); FEC indiv26 (conduit 24T, recipient C00459297)"
"HUIZENGA, Bill",21142,H0MI02094,2026,pro-Israel,AIPAC PAC (C00797670),-6.0,earmarked_conduit_pas2,2,FEC pas226
"HUNT, Wesley",22328,H0TX07170,2020,pro-Israel,Republican Jewish Coalition PAC (C00345132),2500.0,direct_contribution,1,FEC pas220
"HUNT, Wesley",22328,H0TX07170,2020,pro-Israel,Republican Jewish Coalition PAC (C00345132),22834.0,earmarked_conduit_indiv,166,"FEC indiv20 (conduit 24T, recipient C00701003)"
"HUNT, Wesley",22328,S6TX00511,2020,pro-Israel,Republican Jewish Coalition PAC (C00345132),22834.0,earmarked_conduit_indiv,166,"FEC indiv20 (conduit 24T, recipient C00701003)"
"HUNT, Wesley",22328,H0TX07170,2022,pro-Israel,AIPAC PAC (C00797670),5000.0,direct_contribution,1,FEC pas222
"HUNT, Wesley",22328,H0TX07170,2022,pro-Israel,AIPAC PAC (C00797670),11900.0,earmarked_conduit_indiv,14,"FEC indiv22 (conduit 15E, recipient C00701003); FEC indiv22 (conduit 24T, recipient C00701003)"
"HUNT, Wesley",22328,S6TX00511,2022,pro-Israel,AIPAC PAC (C00797670),11900.0,earmarked_conduit_indiv,14,"FEC indiv22 (conduit 15E, recipient C00701003); FEC indiv22 (conduit 24T, recipient C00701003)"
"HUNT, Wesley",22328,H0TX07170,2022,pro-Israel,Republican Jewish Coalition PAC (C00345132),2500.0,direct_contribution,1,FEC pas222
"HUNT, Wesley",22328,H0TX07170,2022,pro-Israel,Republican Jewish Coalition PAC (C00345132),4966.0,earmarked_conduit_indiv,51,"FEC indiv22 (conduit 24T, recipient C00701003)"
"HUNT, Wesley",22328,S6TX00511,2022,pro-Israel,Republican Jewish Coalition PAC (C00345132),4966.0,earmarked_conduit_indiv,51,"FEC indiv22 (conduit 24T, recipient C00701003)"
"HUNT, Wesley",22328,H0TX07170,2024,pro-Israel,AIPAC PAC (C00797670),5000.0,direct_contribution,1,FEC pas224
"HUNT, Wesley",22328,H0TX07170,2024,pro-Israel,AIPAC PAC (C00797670),50224.0,earmarked_conduit_indiv,70,"FEC indiv24 (conduit 15E, recipient C00701003); FEC indiv24 (conduit 24T, recipient C00701003)"
"HUNT, Wesley",22328,S6TX00511,2024,pro-Israel,AIPAC PAC (C00797670),50224.0,earmarked_conduit_indiv,70,"FEC indiv24 (conduit 15E, recipient C00701003); FEC indiv24 (conduit 24T, recipient C00701003)"
"HUNT, Wesley",22328,H0TX07170,2024,pro-Israel,AIPAC PAC (C00797670),1710.0,earmarked_conduit_pas2,5,FEC pas224
"HUNT, Wesley",22328,H0TX07170,2024,pro-Israel,Republican Jewish Coalition PAC (C00345132),482.0,earmarked_conduit_indiv,7,"FEC indiv24 (conduit 24T, recipient C00701003); FEC indiv24 (conduit 24T, recipient C00798306)"
"HUNT, Wesley",22328,S6TX00511,2024,pro-Israel,Republican Jewish Coalition PAC (C00345132),407.0,earmarked_conduit_indiv,5,"FEC indiv24 (conduit 24T, recipient C00701003)"
"HUNT, Wesley",22328,H0TX07170,2024,pro-Israel,Republican Jewish Coalition PAC (C00345132),169.0,earmarked_conduit_pas2,4,FEC pas224
"HUNT, Wesley",22328,H0TX07170,2026,pro-Israel,AIPAC PAC (C00797670),9000.0,earmarked_conduit_indiv,3,"FEC indiv26 (conduit 24T, recipient C00701003)"
"HUNT, Wesley",22328,S6TX00511,2026,pro-Israel,AIPAC PAC (C00797670),9000.0,earmarked_conduit_indiv,3,"FEC indiv26 (conduit 24T, recipient C00701003)"
"HUNT, Wesley",22328,H0TX07170,2026,pro-Israel,Republican Jewish Coalition PAC (C00345132),50.0,earmarked_conduit_indiv,1,"FEC indiv26 (conduit 24T, recipient C00701003)"
"HUNT, Wesley",22328,S6TX00511,2026,pro-Israel,Republican Jewish Coalition PAC (C00345132),50.0,earmarked_conduit_indiv,1,"FEC indiv26 (conduit 24T, recipient C00701003)"
"HUNT, Wesley",22328,H0TX07170,2026,pro-Israel,Republican Jewish Coalition PAC (C00345132),110.0,earmarked_conduit_pas2,3,FEC pas226
"HURD, Jeff",22526,H4CO03357,2024,pro-Israel,Republican Jewish Coalition PAC (C00345132),2500.0,direct_contribution,1,FEC pas224
"HURD, Jeff",22526,H4CO03357,2024,pro-Israel,Republican Jewish Coalition PAC (C00345132),113.0,earmarked_conduit_indiv,3,"FEC indiv24 (conduit 24T, recipient C00848333)"
"HURD, Jeff",22526,H4CO03357,2024,pro-Israel,Republican Jewish Coalition PAC (C00345132),269.0,earmarked_conduit_pas2,8,FEC pas224
"HURD, Jeff",22526,H4CO03357,2026,pro-Israel,AIPAC PAC (C00797670),5000.0,direct_contribution,1,FEC pas226
"HURD, Jeff",22526,H4CO03357,2026,pro-Israel,AIPAC PAC (C00797670),47250.0,earmarked_conduit_indiv,22,"FEC indiv26 (conduit 15E, recipient C00848333); FEC indiv26 (conduit 24T, recipient C00848333)"
"HURD, Jeff",22526,H4CO03357,2026,pro-Israel,AIPAC PAC (C00797670),1869.0,earmarked_conduit_pas2,2,FEC pas226
"HURD, Jeff",22526,H4CO03357,2026,pro-Israel,Republican Jewish Coalition PAC (C00345132),500.0,earmarked_conduit_indiv,1,"FEC indiv26 (conduit 24T, recipient C00848333)"
"HURD, William Ballard",21550,H0TX23086,2020,pro-Israel,Pro-Israel America PAC (C00699470),1000.0,direct_contribution,1,FEC pas220
"HURD, William Ballard",21550,H0TX23086,2020,pro-Israel,Pro-Israel America PAC (C00699470),243.0,earmarked_conduit_indiv,8,"FEC indiv20 (conduit 24T, recipient C00545467)"
"ISSA, Darrell",20107,H0CA48024,2022,pro-Israel,AIPAC PAC (C00797670),7900.0,direct_contribution,2,FEC pas222
"ISSA, Darrell",20107,H0CA48024,2022,pro-Israel,AIPAC PAC (C00797670),18900.0,earmarked_conduit_indiv,17,"FEC indiv22 (conduit 24T, recipient C00721332)"
"ISSA, Darrell",20107,H0CA48024,2022,pro-Israel,Republican Jewish Coalition PAC (C00345132),10.0,earmarked_conduit_indiv,2,"FEC indiv22 (conduit 24T, recipient C00721332)"
"ISSA, Darrell",20107,H0CA48024,2024,pro-Israel,AIPAC PAC (C00797670),10000.0,direct_contribution,2,FEC pas224
"ISSA, Darrell",20107,H0CA48024,2024,pro-Israel,AIPAC PAC (C00797670),27472.0,earmarked_conduit_indiv,39,"FEC indiv24 (conduit 24T, recipient C00721332)"
"ISSA, Darrell",20107,H0CA48024,2024,pro-Israel,AIPAC PAC (C00797670),1310.0,earmarked_conduit_pas2,4,FEC pas224
"ISSA, Darrell",20107,H0CA48024,2024,pro-Israel,Republican Jewish Coalition PAC (C00345132),92.0,earmarked_conduit_pas2,3,FEC pas224
"ISSA, Darrell",20107,H0CA48024,2026,pro-Israel,AIPAC PAC (C00797670),5000.0,direct_contribution,1,FEC pas226
"ISSA, Darrell",20107,H0CA48024,2026,pro-Israel,AIPAC PAC (C00797670),16250.0,earmarked_conduit_indiv,31,"FEC indiv26 (conduit 24T, recipient C00721332)"
"ISSA, Darrell",20107,H0CA48024,2026,pro-Israel,AIPAC PAC (C00797670),-6.0,earmarked_conduit_pas2,1,FEC pas226
"ISSA, Darrell",20107,H0CA48024,2026,pro-Israel,Republican Jewish Coalition PAC (C00345132),18.0,earmarked_conduit_pas2,1,FEC pas226
"IVEY, Glenn",22329,H2MD04232,2022,pro-Israel,AIPAC PAC (C00797670),712640.0,earmarked_conduit_indiv,829,"FEC indiv22 (conduit 15E, recipient C00792283); FEC indiv22 (conduit 24T, recipient C00792283)"
"IVEY, Glenn",22329,H2MD04315,2022,pro-Israel,DMFI PAC (C00710848),426060.0,IE_support,5,FEC independent_expenditure_2022.csv
"IVEY, Glenn",22329,H2MD04232,2022,pro-Israel,NORPAC (C00247403),11000.0,earmarked_conduit_indiv,5,"FEC indiv22 (conduit 24T, recipient C00792283)"
"IVEY, Glenn",22329,H2MD04232,2022,pro-Israel,Pro-Israel America PAC (C00699470),4641.0,earmarked_conduit_indiv,17,"FEC indiv22 (conduit 24T, recipient C00792283)"
"IVEY, Glenn",22329,H2MD04315,2022,pro-Israel,United Democracy Project (C00799031),1734184.42,IE_support,10,FEC independent_expenditure_2022.csv
"IVEY, Glenn",22329,H2MD04315,2022,suppl: J Street,J Street Action Fund (C00815753),363802.55,IE_oppose,6,FEC independent_expenditure_2022.csv
"IVEY, Glenn",22329,H2MD04232,2024,pro-Israel,AIPAC PAC (C00797670),50550.0,earmarked_conduit_indiv,56,"FEC indiv24 (conduit 24T, recipient C00792283)"
"IVEY, Glenn",22329,H2MD04315,2024,pro-Israel,DMFI PAC (C00710848),2125.0,IE_support,1,FEC independent_expenditure_2024.csv
"IVEY, Glenn",22329,H2MD04315,2026,pro-Israel,AIPAC PAC (C00797670),5000.0,direct_contribution,1,FEC pas226
"IVEY, Glenn",22329,H2MD04232,2026,pro-Israel,AIPAC PAC (C00797670),20750.0,earmarked_conduit_indiv,8,"FEC indiv26 (conduit 24T, recipient C00792283)"
"IVEY, Glenn",22329,H2MD04315,2026,pro-Israel,AIPAC PAC (C00797670),-6.0,earmarked_conduit_pas2,1,FEC pas226
"JACK, Brian",22527,H4GA03126,2024,pro-Israel,AIPAC PAC (C00797670),15000.0,direct_contribution,3,FEC pas224
"JACK, Brian",22527,H4GA03126,2024,pro-Israel,AIPAC PAC (C00797670),79752.0,earmarked_conduit_indiv,58,"FEC indiv24 (conduit 24T, recipient C00872473)"
"JACK, Brian",22527,H4GA03126,2024,pro-Israel,Republican Jewish Coalition PAC (C00345132),5000.0,direct_contribution,1,FEC pas224
"JACK, Brian",22527,H4GA03126,2026,pro-Israel,AIPAC PAC (C00797670),15000.0,direct_contribution,3,FEC pas226
"JACK, Brian",22527,H4GA03126,2026,pro-Israel,AIPAC PAC (C00797670),142200.0,earmarked_conduit_indiv,75,"FEC indiv26 (conduit 15E, recipient C00872473); FEC indiv26 (conduit 24T, recipient C00872473)"
"JACK, Brian",22527,H4GA03126,2026,pro-Israel,AIPAC PAC (C00797670),-6.0,earmarked_conduit_pas2,1,FEC pas226
"JACK, Brian",22527,H4GA03126,2026,pro-Israel,Republican Jewish Coalition PAC (C00345132),5000.0,direct_contribution,1,FEC pas226
"JACKSON LEE, Sheila",29573,H4TX18054,2022,pro-Israel,AIPAC PAC (C00797670),5000.0,direct_contribution,1,FEC pas222
"JACKSON LEE, Sheila",29573,H4TX18054,2022,pro-Israel,AIPAC PAC (C00797670),3250.0,earmarked_conduit_indiv,5,"FEC indiv22 (conduit 24T, recipient C00287904)"
"JACKSON LEE, Sheila",29573,H4TX18054,2024,pro-Israel,AIPAC PAC (C00797670),5000.0,direct_contribution,1,FEC pas224
"JACKSON, Jeff",22331,H2NC14076,2022,J Street,JStreetPAC (C00441949),1000.0,direct_contribution,1,FEC pas222
"JACKSON, Jeff",22331,H2NC14076,2022,J Street,JStreetPAC (C00441949),1555.0,earmarked_conduit_indiv,4,"FEC indiv22 (conduit 15E, recipient C00767400); FEC indiv22 (conduit 24T, recipient C00767400)"
"JACKSON, Jeff",22331,H2NC14076,2022,pro-Israel,AIPAC PAC (C00797670),7900.0,direct_contribution,2,FEC pas222
"JACKSON, Jeff",22331,H2NC14076,2022,pro-Israel,DMFI PAC (C00710848),3000.0,direct_contribution,2,FEC pas222
"JACKSON, Jeff",22331,H2NC14076,2024,J Street,JStreetPAC (C00441949),2150.0,earmarked_conduit_indiv,5,"FEC indiv24 (conduit 24T, recipient C00767400)"
"JACKSON, Jonathan",22330,H2IL01349,2022,pro-Israel,AIPAC PAC (C00797670),10000.0,direct_contribution,4,FEC pas222
"JACKSON, Jonathan",22330,H2IL01349,2022,pro-Israel,AIPAC PAC (C00797670),2900.0,earmarked_conduit_indiv,1,"FEC indiv22 (conduit 24T, recipient C00802603)"
"JACKSON, Jonathan",22330,H2IL01349,2024,J Street,JStreetPAC (C00441949),5000.0,direct_contribution,1,FEC pas224
"JACKSON, Jonathan",22330,H2IL01349,2024,J Street,JStreetPAC (C00441949),100.0,earmarked_conduit_pas2,1,FEC pas224
"JACKSON, Jonathan",22330,H2IL01349,2024,pro-Israel,AIPAC PAC (C00797670),2900.0,direct_contribution,1,FEC pas224
"JACKSON, Jonathan",22330,H2IL01349,2024,pro-Israel,AIPAC PAC (C00797670),11660.0,earmarked_conduit_indiv,10,"FEC indiv24 (conduit 24T, recipient C00802603)"
"JACKSON, Jonathan",22330,H2IL01349,2026,J Street,JStreetPAC (C00441949),2500.0,direct_contribution,1,FEC pas226
"JACKSON, Ronny",22125,H0TX13228,2022,pro-Israel,AIPAC PAC (C00797670),5000.0,direct_contribution,1,FEC pas222
"JACKSON, Ronny",22125,H0TX13228,2022,pro-Israel,NORPAC (C00247403),500.0,direct_contribution,1,FEC pas222
"JACKSON, Ronny",22125,H0TX13228,2022,pro-Israel,NORPAC (C00247403),15350.0,earmarked_conduit_indiv,25,"FEC indiv22 (conduit 24T, recipient C00730531)"
"JACKSON, Ronny",22125,H0TX13228,2024,pro-Israel,AIPAC PAC (C00797670),20000.0,direct_contribution,4,FEC pas224
"JACKSON, Ronny",22125,H0TX13228,2024,pro-Israel,AIPAC PAC (C00797670),11422.0,earmarked_conduit_indiv,12,"FEC indiv24 (conduit 15E, recipient C00730531); FEC indiv24 (conduit 24T, recipient C00730531)"
"JACKSON, Ronny",22125,H0TX13228,2024,pro-Israel,AIPAC PAC (C00797670),12646.0,earmarked_conduit_pas2,10,FEC pas224
"JACKSON, Ronny",22125,H0TX13228,2026,pro-Israel,AIPAC PAC (C00797670),5000.0,direct_contribution,1,FEC pas226
"JACKSON, Ronny",22125,H0TX13228,2026,pro-Israel,AIPAC PAC (C00797670),15967.0,earmarked_conduit_indiv,10,"FEC indiv26 (conduit 15E, recipient C00730531); FEC indiv26 (conduit 24T, recipient C00730531)"
"JACKSON, Ronny",22125,H0TX13228,2026,pro-Israel,AIPAC PAC (C00797670),-233.0,earmarked_conduit_pas2,4,FEC pas226
"JACOBS, Sara",22126,H8CA49074,2020,J Street,JStreetPAC (C00441949),1000.0,direct_contribution,1,FEC pas220
"JACOBS, Sara",22126,H8CA49074,2020,J Street,JStreetPAC (C00441949),17400.0,earmarked_conduit_indiv,29,"FEC indiv20 (conduit 24T, recipient C00719559)"
"JACOBS, Sara",22126,H8CA49074,2022,J Street,JStreetPAC (C00441949),1500.0,direct_contribution,1,FEC pas222
"JACOBS, Sara",22126,H8CA49074,2022,J Street,JStreetPAC (C00441949),22370.0,earmarked_conduit_indiv,44,"FEC indiv22 (conduit 15E, recipient C00719559); FEC indiv22 (conduit 24T, recipient C00719559)"
"JACOBS, Sara",22126,H8CA49074,2024,J Street,JStreetPAC (C00441949),3860.0,direct_contribution,3,FEC pas224
"JACOBS, Sara",22126,H8CA49074,2024,J Street,JStreetPAC (C00441949),9470.0,earmarked_conduit_indiv,20,"FEC indiv24 (conduit 24T, recipient C00719559)"
"JACOBS, Sara",22126,H8CA49074,2024,J Street,JStreetPAC (C00441949),600.0,earmarked_conduit_pas2,5,FEC pas224
"JACOBS, Sara",22126,H8CA49074,2026,J Street,JStreetPAC (C00441949),12450.0,earmarked_conduit_indiv,17,"FEC indiv26 (conduit 15E, recipient C00719559); FEC indiv26 (conduit 24T, recipient C00719559)"
"JACOBS, Sara",22126,H8CA49074,2026,J Street,JStreetPAC (C00441949),650.0,earmarked_conduit_pas2,4,FEC pas226
"JAMES, John",22332,S8MI00372,2020,pro-Israel,Republican Jewish Coalition PAC (C00345132),5000.0,direct_contribution,1,FEC pas220
"JAMES, John",22332,S8MI00372,2020,pro-Israel,Republican Jewish Coalition PAC (C00345132),69773.0,earmarked_conduit_indiv,289,"FEC indiv20 (conduit 24T, recipient C00651208)"
"JAMES, John",22332,H2MI10150,2022,pro-Israel,Republican Jewish Coalition PAC (C00345132),2500.0,direct_contribution,1,FEC pas222
"JAMES, John",22332,H2MI10150,2022,pro-Israel,Republican Jewish Coalition PAC (C00345132),17133.0,earmarked_conduit_indiv,33,"FEC indiv22 (conduit 24T, recipient C00803502)"
"JAMES, John",22332,H2MI10150,2024,pro-Israel,AIPAC PAC (C00797670),10000.0,direct_contribution,2,FEC pas224
"JAMES, John",22332,H2MI10150,2024,pro-Israel,AIPAC PAC (C00797670),59525.0,earmarked_conduit_indiv,35,"FEC indiv24 (conduit 24T, recipient C00803502)"
"JAMES, John",22332,H2MI10150,2024,pro-Israel,AIPAC PAC (C00797670),21760.0,earmarked_conduit_pas2,19,FEC pas224
"JAMES, John",22332,H2MI10150,2024,pro-Israel,NORPAC (C00247403),50.0,direct_contribution,1,FEC pas224
"JAMES, John",22332,H2MI10150,2024,pro-Israel,NORPAC (C00247403),25220.0,earmarked_conduit_indiv,26,"FEC indiv24 (conduit 24T, recipient C00803502)"
"JAMES, John",22332,H2MI10150,2024,pro-Israel,Republican Jewish Coalition PAC (C00345132),5000.0,direct_contribution,1,FEC pas224
"JAMES, John",22332,H2MI10150,2024,pro-Israel,Republican Jewish Coalition PAC (C00345132),6916.0,earmarked_conduit_indiv,84,"FEC indiv24 (conduit 24T, recipient C00803502)"
"JAMES, John",22332,H2MI10150,2024,pro-Israel,Republican Jewish Coalition PAC (C00345132),3263.0,earmarked_conduit_pas2,28,FEC pas224
"JAYAPAL, Pramila",21726,H6WA07458,2020,J Street,JStreetPAC (C00441949),0.0,direct_contribution,4,FEC pas220
"JAYAPAL, Pramila",21726,H6WA07458,2020,J Street,JStreetPAC (C00441949),29175.0,earmarked_conduit_indiv,32,"FEC indiv20 (conduit 15E, recipient C00605592); FEC indiv20 (conduit 24T, recipient C00605592)"
"JAYAPAL, Pramila",21726,H6WA07458,2022,J Street,JStreetPAC (C00441949),4000.0,direct_contribution,3,FEC pas222
"JAYAPAL, Pramila",21726,H6WA07458,2022,J Street,JStreetPAC (C00441949),5800.0,earmarked_conduit_indiv,4,"FEC indiv22 (conduit 15E, recipient C00605592); FEC indiv22 (conduit 24T, recipient C00605592)"
"JAYAPAL, Pramila",21726,H6WA07458,2024,J Street,JStreetPAC (C00441949),3500.0,direct_contribution,2,FEC pas224
"JAYAPAL, Pramila",21726,H6WA07458,2024,J Street,JStreetPAC (C00441949),24100.0,earmarked_conduit_indiv,19,"FEC indiv24 (conduit 24T, recipient C00605592)"
"JAYAPAL, Pramila",21726,H6WA07458,2024,J Street,JStreetPAC (C00441949),1750.0,earmarked_conduit_pas2,4,FEC pas224
"JAYAPAL, Pramila",21726,H6WA07458,2026,J Street,JStreetPAC (C00441949),2500.0,direct_contribution,1,FEC pas226
"JAYAPAL, Pramila",21726,H6WA07458,2026,J Street,JStreetPAC (C00441949),22750.0,earmarked_conduit_indiv,20,"FEC indiv26 (conduit 15E, recipient C00605592); FEC indiv26 (conduit 24T, recipient C00605592)"
"JEFFRIES, Hakeem",21343,H2NY10092,2022,pro-Israel,AIPAC PAC (C00797670),4200.0,direct_contribution,2,FEC pas222
"JEFFRIES, Hakeem",21343,H2NY10092,2022,pro-Israel,AIPAC PAC (C00797670),58600.0,earmarked_conduit_indiv,49,"FEC indiv22 (conduit 24T, recipient C00503052)"
"JEFFRIES, Hakeem",21343,H2NY10092,2022,pro-Israel,DMFI PAC (C00710848),3000.0,direct_contribution,2,FEC pas222
"JEFFRIES, Hakeem",21343,H2NY10092,2022,pro-Israel,NORPAC (C00247403),1000.0,direct_contribution,1,FEC pas222
"JEFFRIES, Hakeem",21343,H2NY10092,2022,pro-Israel,NORPAC (C00247403),94850.0,earmarked_conduit_indiv,50,"FEC indiv22 (conduit 24T, recipient C00503052)"
"JEFFRIES, Hakeem",21343,H2NY10092,2022,pro-Israel,Pro-Israel America PAC (C00699470),171850.0,earmarked_conduit_indiv,169,"FEC indiv22 (conduit 15E, recipient C00503052); FEC indiv22 (conduit 24T, recipient C00503052)"
"JEFFRIES, Hakeem",21343,H2NY10092,2024,pro-Israel,AIPAC PAC (C00797670),7500.0,direct_contribution,3,FEC pas224
"JEFFRIES, Hakeem",21343,H2NY10092,2024,pro-Israel,AIPAC PAC (C00797670),759089.0,earmarked_conduit_indiv,415,"FEC indiv24 (conduit 15E, recipient C00503052); FEC indiv24 (conduit 24T, recipient C00503052)"
"JEFFRIES, Hakeem",21343,H2NY10092,2024,pro-Israel,AIPAC PAC (C00797670),36761.0,earmarked_conduit_pas2,35,FEC pas224
"JEFFRIES, Hakeem",21343,H2NY10092,2024,pro-Israel,DMFI PAC (C00710848),2000.0,direct_contribution,1,FEC pas224
"JEFFRIES, Hakeem",21343,H2NY10092,2024,pro-Israel,NORPAC (C00247403),44000.0,earmarked_conduit_indiv,5,"FEC indiv24 (conduit 24T, recipient C00503052)"
"JEFFRIES, Hakeem",21343,H2NY10092,2026,J Street,JStreetPAC (C00441949),5000.0,direct_contribution,1,FEC pas226
"JEFFRIES, Hakeem",21343,H2NY10092,2026,J Street,JStreetPAC (C00441949),11250.0,earmarked_conduit_indiv,13,"FEC indiv26 (conduit 15E, recipient C00503052); FEC indiv26 (conduit 24T, recipient C00503052)"
"JEFFRIES, Hakeem",21343,H2NY10092,2026,pro-Israel,AIPAC PAC (C00797670),23500.0,earmarked_conduit_indiv,11,"FEC indiv26 (conduit 15E, recipient C00503052); FEC indiv26 (conduit 24T, recipient C00503052)"
"JEFFRIES, Hakeem",21343,H2NY10092,2026,pro-Israel,AIPAC PAC (C00797670),-6.0,earmarked_conduit_pas2,2,FEC pas226
"JOHNSON, Bill",21162,H0OH06189,2022,pro-Israel,AIPAC PAC (C00797670),7900.0,direct_contribution,4,FEC pas222
"JOHNSON, Bill",21162,H0OH06189,2022,pro-Israel,AIPAC PAC (C00797670),14500.0,earmarked_conduit_indiv,10,"FEC indiv22 (conduit 15E, recipient C00476820); FEC indiv22 (conduit 24T, recipient C00476820)"
"JOHNSON, Bill",21162,H0OH06189,2024,pro-Israel,AIPAC PAC (C00797670),3300.0,earmarked_conduit_indiv,2,"FEC indiv24 (conduit 24T, recipient C00476820)"
"JOHNSON, Dustin (Dusty)",21935,H8SD01055,2020,pro-Israel,Pro-Israel America PAC (C00699470),9250.0,earmarked_conduit_indiv,13,"FEC indiv20 (conduit 24T, recipient C00628917)"
"JOHNSON, Dustin (Dusty)",21935,H8SD01055,2022,pro-Israel,AIPAC PAC (C00797670),7900.0,direct_contribution,2,FEC pas222
"JOHNSON, Dustin (Dusty)",21935,H8SD01055,2022,pro-Israel,AIPAC PAC (C00797670),18400.0,earmarked_conduit_indiv,17,"FEC indiv22 (conduit 24T, recipient C00628917)"
"JOHNSON, Dustin (Dusty)",21935,H8SD01055,2024,pro-Israel,AIPAC PAC (C00797670),10000.0,direct_contribution,4,FEC pas224
"JOHNSON, Dustin (Dusty)",21935,H8SD01055,2024,pro-Israel,AIPAC PAC (C00797670),33008.0,earmarked_conduit_indiv,33,"FEC indiv24 (conduit 15E, recipient C00628917); FEC indiv24 (conduit 24T, recipient C00628917)"
"JOHNSON, Dustin (Dusty)",21935,H8SD01055,2024,pro-Israel,AIPAC PAC (C00797670),1010.0,earmarked_conduit_pas2,3,FEC pas224
"JOHNSON, Dustin (Dusty)",21935,H8SD01055,2026,pro-Israel,NORPAC (C00247403),6500.0,direct_contribution,1,FEC pas226
"JOHNSON, Eddie Bernice",39305,H2TX00015,2020,J Street,JStreetPAC (C00441949),2000.0,direct_contribution,2,FEC pas220
"JOHNSON, Hank",20712,H6GA04129,2020,J Street,JStreetPAC (C00441949),2000.0,direct_contribution,2,FEC pas220
"JOHNSON, Hank",20712,H6GA04129,2020,J Street,JStreetPAC (C00441949),500.0,earmarked_conduit_indiv,1,"FEC indiv20 (conduit 24T, recipient C00418293)"
"JOHNSON, Hank",20712,H6GA04129,2022,J Street,JStreetPAC (C00441949),2000.0,direct_contribution,2,FEC pas222
"JOHNSON, Hank",20712,H6GA04129,2024,J Street,JStreetPAC (C00441949),2500.0,direct_contribution,1,FEC pas224
"JOHNSON, Hank",20712,H6GA04129,2024,J Street,JStreetPAC (C00441949),500.0,earmarked_conduit_indiv,1,"FEC indiv24 (conduit 24T, recipient C00418293)"
"JOHNSON, Hank",20712,H6GA04129,2026,J Street,JStreetPAC (C00441949),35.0,earmarked_conduit_pas2,2,FEC pas226
"JOHNSON, Julie",22528,H4TX32089,2024,pro-Israel,AIPAC PAC (C00797670),5000.0,direct_contribution,1,FEC pas224
"JOHNSON, Julie",22528,H4TX32089,2024,pro-Israel,AIPAC PAC (C00797670),36552.0,earmarked_conduit_indiv,27,"FEC indiv24 (conduit 24T, recipient C00843003)"
"JOHNSON, Julie",22528,H4TX32089,2024,pro-Israel,DMFI PAC (C00710848),1950.0,IE_support,1,FEC independent_expenditure_2024.csv
"JOHNSON, Julie",22528,H4TX32089,2024,pro-Israel,DMFI PAC (C00710848),1000.0,direct_contribution,1,FEC pas224
"JOHNSON, Julie",22528,H4TX32089,2026,J Street,JStreetPAC (C00441949),500.0,earmarked_conduit_indiv,2,"FEC indiv26 (conduit 24T, recipient C00843003)"
"JOHNSON, Julie",22528,H4TX32089,2026,pro-Israel,AIPAC PAC (C00797670),26000.0,earmarked_conduit_indiv,14,"FEC indiv26 (conduit 24T, recipient C00843003)"
"JOHNSON, Mike",21727,H6LA04138,2022,pro-Israel,AIPAC PAC (C00797670),10000.0,direct_contribution,4,FEC pas222
"JOHNSON, Mike",21727,H6LA04138,2022,pro-Israel,AIPAC PAC (C00797670),15000.0,earmarked_conduit_indiv,10,"FEC indiv22 (conduit 15E, recipient C00608695)"
"JOHNSON, Mike",21727,H6LA04138,2024,pro-Israel,AIPAC PAC (C00797670),10000.0,direct_contribution,4,FEC pas224
"JOHNSON, Mike",21727,H6LA04138,2024,pro-Israel,AIPAC PAC (C00797670),622720.0,earmarked_conduit_indiv,310,"FEC indiv24 (conduit 24T, recipient C00608695)"
"JOHNSON, Mike",21727,H6LA04138,2024,pro-Israel,AIPAC PAC (C00797670),8396.0,earmarked_conduit_pas2,25,FEC pas224
"JOHNSON, Mike",21727,H6LA04138,2026,pro-Israel,AIPAC PAC (C00797670),5000.0,direct_contribution,1,FEC pas226
"JOHNSON, Mike",21727,H6LA04138,2026,pro-Israel,AIPAC PAC (C00797670),405703.0,earmarked_conduit_indiv,179,"FEC indiv26 (conduit 15E, recipient C00608695); FEC indiv26 (conduit 24T, recipient C00608695)"
"JOHNSON, Mike",21727,H6LA04138,2026,pro-Israel,AIPAC PAC (C00797670),-6.0,earmarked_conduit_pas2,2,FEC pas226
"JORDAN, Jim",20738,H6OH04082,2022,pro-Israel,AIPAC PAC (C00797670),7900.0,direct_contribution,3,FEC pas222
"JORDAN, Jim",20738,H6OH04082,2022,pro-Israel,AIPAC PAC (C00797670),23494.0,earmarked_conduit_indiv,13,"FEC indiv22 (conduit 24T, recipient C00416594)"
"JORDAN, Jim",20738,H6OH04082,2022,pro-Israel,Republican Jewish Coalition PAC (C00345132),70.0,earmarked_conduit_indiv,4,"FEC indiv22 (conduit 24T, recipient C00416594)"
"JORDAN, Jim",20738,H6OH04082,2024,pro-Israel,AIPAC PAC (C00797670),5000.0,direct_contribution,1,FEC pas224
"JORDAN, Jim",20738,H6OH04082,2024,pro-Israel,AIPAC PAC (C00797670),62962.0,earmarked_conduit_indiv,43,"FEC indiv24 (conduit 24T, recipient C00416594)"
"JORDAN, Jim",20738,H6OH04082,2024,pro-Israel,AIPAC PAC (C00797670),2538.0,earmarked_conduit_pas2,9,FEC pas224
"JORDAN, Jim",20738,H6OH04082,2024,pro-Israel,Republican Jewish Coalition PAC (C00345132),3839.0,earmarked_conduit_indiv,35,"FEC indiv24 (conduit 24T, recipient C00416594)"
"JORDAN, Jim",20738,H6OH04082,2024,pro-Israel,Republican Jewish Coalition PAC (C00345132),452.0,earmarked_conduit_pas2,5,FEC pas224
"JORDAN, Jim",20738,H6OH04082,2026,pro-Israel,AIPAC PAC (C00797670),15000.0,direct_contribution,3,FEC pas226
"JORDAN, Jim",20738,H6OH04082,2026,pro-Israel,AIPAC PAC (C00797670),147810.0,earmarked_conduit_indiv,77,"FEC indiv26 (conduit 15E, recipient C00416594); FEC indiv26 (conduit 24T, recipient C00416594)"
"JORDAN, Jim",20738,H6OH04082,2026,pro-Israel,AIPAC PAC (C00797670),-6.0,earmarked_conduit_pas2,2,FEC pas226
"JORDAN, Jim",20738,H6OH04082,2026,pro-Israel,Republican Jewish Coalition PAC (C00345132),10018.0,earmarked_conduit_pas2,3,FEC pas226
"JOYCE, David",21353,H2OH14064,2022,pro-Israel,AIPAC PAC (C00797670),5000.0,direct_contribution,1,FEC pas222
"JOYCE, David",21353,H2OH14064,2022,pro-Israel,AIPAC PAC (C00797670),2900.0,earmarked_conduit_indiv,1,"FEC indiv22 (conduit 24T, recipient C00527457)"
"JOYCE, David",21353,H2OH14064,2022,pro-Israel,Pro-Israel America PAC (C00699470),29171.0,earmarked_conduit_indiv,20,"FEC indiv22 (conduit 15E, recipient C00527457); FEC indiv22 (conduit 24T, recipient C00527457)"
"JOYCE, David",21353,H2OH14064,2024,pro-Israel,AIPAC PAC (C00797670),5000.0,direct_contribution,1,FEC pas224
"JOYCE, David",21353,H2OH14064,2024,pro-Israel,AIPAC PAC (C00797670),5800.0,earmarked_conduit_indiv,2,"FEC indiv24 (conduit 24T, recipient C00527457)"
"JOYCE, David",21353,H2OH14064,2024,pro-Israel,AIPAC PAC (C00797670),510.0,earmarked_conduit_pas2,3,FEC pas224
"JOYCE, David",21353,H2OH14064,2026,pro-Israel,AIPAC PAC (C00797670),5000.0,direct_contribution,2,FEC pas226
"JOYCE, David",21353,H2OH14064,2026,pro-Israel,AIPAC PAC (C00797670),12500.0,earmarked_conduit_indiv,9,"FEC indiv26 (conduit 15E, recipient C00527457)"
"JOYCE, David",21353,H2OH14064,2026,pro-Israel,AIPAC PAC (C00797670),-6.0,earmarked_conduit_pas2,2,FEC pas226
"KAMLAGER-DOVE, Sydney",22333,H2CA37304,2022,J Street,JStreetPAC (C00441949),16510.0,earmarked_conduit_indiv,24,"FEC indiv22 (conduit 24T, recipient C00795823)"
"KAMLAGER-DOVE, Sydney",22333,H2CA37304,2022,pro-Israel,AIPAC PAC (C00797670),5000.0,direct_contribution,1,FEC pas222
"KAMLAGER-DOVE, Sydney",22333,H2CA37304,2022,pro-Israel,AIPAC PAC (C00797670),500.0,earmarked_conduit_indiv,1,"FEC indiv22 (conduit 24T, recipient C00795823)"
"KAMLAGER-DOVE, Sydney",22333,H2CA37304,2022,pro-Israel,DMFI PAC (C00710848),88350.78,IE_support,2,FEC independent_expenditure_2022.csv
"KAMLAGER-DOVE, Sydney",22333,H2CA37304,2022,pro-Israel,DMFI PAC (C00710848),2000.0,direct_contribution,1,FEC pas222
"KAMLAGER-DOVE, Sydney",22333,H2CA37304,2024,J Street,JStreetPAC (C00441949),19200.0,earmarked_conduit_indiv,36,"FEC indiv24 (conduit 24T, recipient C00795823)"
"KAMLAGER-DOVE, Sydney",22333,H2CA37304,2024,J Street,JStreetPAC (C00441949),375.0,earmarked_conduit_pas2,2,FEC pas224
"KAMLAGER-DOVE, Sydney",22333,H2CA37304,2026,J Street,JStreetPAC (C00441949),700.0,direct_contribution,2,FEC pas226
"KAMLAGER-DOVE, Sydney",22333,H2CA37304,2026,J Street,JStreetPAC (C00441949),13477.0,earmarked_conduit_indiv,30,"FEC indiv26 (conduit 24T, recipient C00795823)"
"KAMLAGER-DOVE, Sydney",22333,H2CA37304,2026,J Street,JStreetPAC (C00441949),3250.0,earmarked_conduit_pas2,5,FEC pas226
"KAPTUR, Marcia Carolyn (Marcy)",15029,H2OH09031,2020,J Street,JStreetPAC (C00441949),2000.0,direct_contribution,2,FEC pas220
"KAPTUR, Marcia Carolyn (Marcy)",15029,H2OH09031,2020,J Street,JStreetPAC (C00441949),300.0,earmarked_conduit_indiv,1,"FEC indiv20 (conduit 24T, recipient C00154625)"
"KAPTUR, Marcia Carolyn (Marcy)",15029,H2OH09031,2022,J Street,JStreetPAC (C00441949),3500.0,direct_contribution,3,FEC pas222
"KAPTUR, Marcia Carolyn (Marcy)",15029,H2OH09031,2022,J Street,JStreetPAC (C00441949),41066.0,earmarked_conduit_indiv,37,"FEC indiv22 (conduit 15E, recipient C00154625); FEC indiv22 (conduit 24T, recipient C00154625)"
"KAPTUR, Marcia Carolyn (Marcy)",15029,H2OH09031,2024,J Street,JStreetPAC (C00441949),2000.0,direct_contribution,2,FEC pas224
"KAPTUR, Marcia Carolyn (Marcy)",15029,H2OH09031,2024,J Street,JStreetPAC (C00441949),45300.0,earmarked_conduit_indiv,32,"FEC indiv24 (conduit 24T, recipient C00154625)"
"KAPTUR, Marcia Carolyn (Marcy)",15029,H2OH09031,2024,J Street,JStreetPAC (C00441949),16395.0,earmarked_conduit_pas2,25,FEC pas224
"KAPTUR, Marcia Carolyn (Marcy)",15029,H2OH09031,2026,J Street,JStreetPAC (C00441949),1000.0,direct_contribution,1,FEC pas226
"KAPTUR, Marcia Carolyn (Marcy)",15029,H2OH09031,2026,J Street,JStreetPAC (C00441949),84399.0,earmarked_conduit_indiv,89,"FEC indiv26 (conduit 15E, recipient C00154625); FEC indiv26 (conduit 24T, recipient C00154625)"
"KAPTUR, Marcia Carolyn (Marcy)",15029,H2OH09031,2026,J Street,JStreetPAC (C00441949),8520.0,earmarked_conduit_pas2,9,FEC pas226
"KATKO, John",21542,H4NY24073,2020,pro-Israel,NORPAC (C00247403),1000.0,direct_contribution,1,FEC pas220
"KATKO, John",21542,H4NY24073,2020,pro-Israel,Pro-Israel America PAC (C00699470),95810.0,earmarked_conduit_indiv,150,"FEC indiv20 (conduit 24T, recipient C00556365)"
"KATKO, John",21542,H4NY24073,2022,pro-Israel,Pro-Israel America PAC (C00699470),36942.0,earmarked_conduit_indiv,75,"FEC indiv22 (conduit 15E, recipient C00556365); FEC indiv22 (conduit 24T, recipient C00556365)"
"KATKO, John",21542,H4NY24073,2022,pro-Israel,Pro-Israel America PAC (C00699470),2.0,earmarked_conduit_pas2,1,FEC pas222
"KEAN, Thomas",22334,H0NJ07261,2020,pro-Israel,Republican Jewish Coalition PAC (C00345132),5000.0,direct_contribution,2,FEC pas220
"KEAN, Thomas",22334,H0NJ07261,2020,pro-Israel,Republican Jewish Coalition PAC (C00345132),19829.0,earmarked_conduit_indiv,154,"FEC indiv20 (conduit 24T, recipient C00703058)"
"KEAN, Thomas",22334,H0NJ07261,2022,pro-Israel,Republican Jewish Coalition PAC (C00345132),2500.0,direct_contribution,1,FEC pas222
"KEAN, Thomas",22334,H0NJ07261,2022,pro-Israel,Republican Jewish Coalition PAC (C00345132),10008.0,earmarked_conduit_indiv,40,"FEC indiv22 (conduit 24T, recipient C00703058)"
"KEAN, Thomas",22334,H0NJ07261,2024,pro-Israel,AIPAC PAC (C00797670),10000.0,direct_contribution,2,FEC pas224
"KEAN, Thomas",22334,H0NJ07261,2024,pro-Israel,AIPAC PAC (C00797670),316516.0,earmarked_conduit_indiv,247,"FEC indiv24 (conduit 24T, recipient C00703058)"
"KEAN, Thomas",22334,H0NJ07261,2024,pro-Israel,AIPAC PAC (C00797670),34460.0,earmarked_conduit_pas2,35,FEC pas224
"KEAN, Thomas",22334,H0NJ07261,2024,pro-Israel,NORPAC (C00247403),22340.0,direct_contribution,3,FEC pas224
"KEAN, Thomas",22334,H0NJ07261,2024,pro-Israel,NORPAC (C00247403),19850.0,earmarked_conduit_indiv,24,"FEC indiv24 (conduit 24T, recipient C00703058)"
"KEAN, Thomas",22334,H0NJ07261,2024,pro-Israel,Republican Jewish Coalition PAC (C00345132),5000.0,direct_contribution,2,FEC pas224
"KEAN, Thomas",22334,H0NJ07261,2024,pro-Israel,Republican Jewish Coalition PAC (C00345132),8377.0,earmarked_conduit_indiv,23,"FEC indiv24 (conduit 24T, recipient C00703058); FEC indiv24 (conduit 24T, recipient C00775650)"
"KEAN, Thomas",22334,H0NJ07261,2024,pro-Israel,Republican Jewish Coalition PAC (C00345132),2647.0,earmarked_conduit_pas2,19,FEC pas224
"KEAN, Thomas",22334,H0NJ07261,2026,pro-Israel,AIPAC PAC (C00797670),10000.0,direct_contribution,4,FEC pas226
"KEAN, Thomas",22334,H0NJ07261,2026,pro-Israel,AIPAC PAC (C00797670),306850.0,earmarked_conduit_indiv,222,"FEC indiv26 (conduit 15E, recipient C00703058); FEC indiv26 (conduit 24T, recipient C00703058)"
"KEAN, Thomas",22334,H0NJ07261,2026,pro-Israel,AIPAC PAC (C00797670),-6.0,earmarked_conduit_pas2,1,FEC pas226
"KEAN, Thomas",22334,H0NJ07261,2026,pro-Israel,NORPAC (C00247403),24180.0,earmarked_conduit_indiv,24,"FEC indiv26 (conduit 24T, recipient C00703058)"
"KEAN, Thomas",22334,H0NJ07261,2026,pro-Israel,Republican Jewish Coalition PAC (C00345132),5000.0,direct_contribution,1,FEC pas226
"KEAN, Thomas",22334,H0NJ07261,2026,pro-Israel,Republican Jewish Coalition PAC (C00345132),8202.0,earmarked_conduit_indiv,15,"FEC indiv26 (conduit 24T, recipient C00703058)"
"KEATING, William R.",21140,H0MA10082,2020,pro-Israel,Pro-Israel America PAC (C00699470),15250.0,earmarked_conduit_indiv,16,"FEC indiv20 (conduit 24T, recipient C00479063)"
"KEATING, William R.",21140,H0MA10082,2022,J Street,JStreetPAC (C00441949),2500.0,direct_contribution,2,FEC pas222
"KEATING, William R.",21140,H0MA10082,2022,J Street,JStreetPAC (C00441949),8000.0,earmarked_conduit_indiv,10,"FEC indiv22 (conduit 15E, recipient C00479063); FEC indiv22 (conduit 24T, recipient C00479063)"
"KEATING, William R.",21140,H0MA10082,2022,pro-Israel,AIPAC PAC (C00797670),10000.0,direct_contribution,3,FEC pas222
"KEATING, William R.",21140,H0MA10082,2022,pro-Israel,AIPAC PAC (C00797670),15500.0,earmarked_conduit_indiv,15,"FEC indiv22 (conduit 24T, recipient C00479063)"
"KEATING, William R.",21140,H0MA10082,2024,J Street,JStreetPAC (C00441949),775.0,direct_contribution,1,FEC pas224
"KEATING, William R.",21140,H0MA10082,2024,J Street,JStreetPAC (C00441949),5060.0,earmarked_conduit_indiv,15,"FEC indiv24 (conduit 24T, recipient C00479063)"
"KEATING, William R.",21140,H0MA10082,2024,J Street,JStreetPAC (C00441949),500.0,earmarked_conduit_pas2,1,FEC pas224
"KEATING, William R.",21140,H0MA10082,2024,pro-Israel,AIPAC PAC (C00797670),10000.0,direct_contribution,2,FEC pas224
"KEATING, William R.",21140,H0MA10082,2024,pro-Israel,AIPAC PAC (C00797670),31754.0,earmarked_conduit_indiv,31,"FEC indiv24 (conduit 24T, recipient C00479063)"
"KEATING, William R.",21140,H0MA10082,2024,pro-Israel,AIPAC PAC (C00797670),1.0,earmarked_conduit_pas2,1,FEC pas224
"KEATING, William R.",21140,H0MA10082,2026,J Street,JStreetPAC (C00441949),9040.0,earmarked_conduit_indiv,11,"FEC indiv26 (conduit 15E, recipient C00479063); FEC indiv26 (conduit 24T, recipient C00479063)"
"KEATING, William R.",21140,H0MA10082,2026,pro-Israel,AIPAC PAC (C00797670),250.0,earmarked_conduit_indiv,1,"FEC indiv26 (conduit 15E, recipient C00479063)"
"KEATING, William R.",21140,H0MA10082,2026,pro-Israel,AIPAC PAC (C00797670),-6.0,earmarked_conduit_pas2,2,FEC pas226
"KELLY, Mike",21167,H0PA03271,2022,pro-Israel,AIPAC PAC (C00797670),7900.0,direct_contribution,2,FEC pas222
"KELLY, Mike",21167,H0PA03271,2022,pro-Israel,AIPAC PAC (C00797670),2250.0,earmarked_conduit_indiv,5,"FEC indiv22 (conduit 15E, recipient C00474189); FEC indiv22 (conduit 24T, recipient C00474189)"
"KELLY, Mike",21167,H0PA03271,2024,pro-Israel,AIPAC PAC (C00797670),5000.0,direct_contribution,1,FEC pas224
"KELLY, Mike",21167,H0PA03271,2024,pro-Israel,AIPAC PAC (C00797670),6300.0,earmarked_conduit_indiv,7,"FEC indiv24 (conduit 24T, recipient C00474189)"
"KELLY, Mike",21167,H0PA03271,2024,pro-Israel,AIPAC PAC (C00797670),510.0,earmarked_conduit_pas2,3,FEC pas224
"KELLY, Mike",21167,H0PA03271,2024,pro-Israel,Republican Jewish Coalition PAC (C00345132),3300.0,earmarked_conduit_indiv,1,"FEC indiv24 (conduit 24T, recipient C00474189)"
"KELLY, Mike",21167,H0PA03271,2024,pro-Israel,Republican Jewish Coalition PAC (C00345132),110.0,earmarked_conduit_pas2,2,FEC pas224
"KELLY, Mike",21167,H0PA03271,2026,pro-Israel,AIPAC PAC (C00797670),5000.0,direct_contribution,3,FEC pas226
"KELLY, Mike",21167,H0PA03271,2026,pro-Israel,AIPAC PAC (C00797670),11000.0,earmarked_conduit_indiv,14,"FEC indiv26 (conduit 24T, recipient C00474189)"
"KELLY, Mike",21167,H0PA03271,2026,pro-Israel,AIPAC PAC (C00797670),-6.0,earmarked_conduit_pas2,2,FEC pas226
"KELLY, Robin L.",21371,H2IL02172,2020,J Street,JStreetPAC (C00441949),1000.0,direct_contribution,3,FEC pas220
"KELLY, Robin L.",21371,H2IL02172,2020,J Street,JStreetPAC (C00441949),5150.0,earmarked_conduit_indiv,14,"FEC indiv20 (conduit 15E, recipient C00539866); FEC indiv20 (conduit 24T, recipient C00539866)"
"KELLY, Robin L.",21371,H2IL02172,2022,J Street,JStreetPAC (C00441949),3000.0,direct_contribution,5,FEC pas222
"KELLY, Robin L.",21371,H2IL02172,2024,J Street,JStreetPAC (C00441949),3750.0,direct_contribution,4,FEC pas224
"KELLY, Robin L.",21371,H2IL02172,2024,J Street,JStreetPAC (C00441949),250.0,earmarked_conduit_indiv,1,"FEC indiv24 (conduit 24T, recipient C00539866)"
"KELLY, Robin L.",21371,H2IL02172,2024,J Street,JStreetPAC (C00441949),100.0,earmarked_conduit_pas2,1,FEC pas224
"KELLY, Robin L.",21371,H2IL02172,2026,J Street,JStreetPAC (C00441949),360.0,earmarked_conduit_indiv,1,"FEC indiv26 (conduit 24T, recipient C00539866)"
"KELLY, Robin L.",21371,H2IL02172,2026,pro-Israel,AIPAC PAC (C00797670),7000.0,earmarked_conduit_indiv,2,"FEC indiv26 (conduit 24T, recipient C00539866)"
"KELLY, Trent",21561,H6MS01131,2022,pro-Israel,AIPAC PAC (C00797670),7900.0,direct_contribution,2,FEC pas222
"KELLY, Trent",21561,H6MS01131,2024,pro-Israel,AIPAC PAC (C00797670),5000.0,direct_contribution,1,FEC pas224
"KELLY, Trent",21561,H6MS01131,2024,pro-Israel,AIPAC PAC (C00797670),7466.0,earmarked_conduit_indiv,6,"FEC indiv24 (conduit 24T, recipient C00573980)"
"KELLY, Trent",21561,H6MS01131,2024,pro-Israel,AIPAC PAC (C00797670),4297.0,earmarked_conduit_pas2,5,FEC pas224
"KELLY, Trent",21561,H6MS01131,2026,pro-Israel,AIPAC PAC (C00797670),5000.0,direct_contribution,1,FEC pas226
"KELLY, Trent",21561,H6MS01131,2026,pro-Israel,AIPAC PAC (C00797670),15007.0,earmarked_conduit_indiv,9,"FEC indiv26 (conduit 24T, recipient C00573980)"
"KELLY, Trent",21561,H6MS01131,2026,pro-Israel,AIPAC PAC (C00797670),-6.0,earmarked_conduit_pas2,2,FEC pas226
"KENNEDY, Mike",22529,H4UT03260,2024,pro-Israel,AIPAC PAC (C00797670),10000.0,direct_contribution,2,FEC pas224
"KENNEDY, Mike",22529,H4UT03260,2024,pro-Israel,AIPAC PAC (C00797670),5000.0,earmarked_conduit_indiv,2,"FEC indiv24 (conduit 24T, recipient C00864488)"
"KENNEDY, Mike",22529,H4UT03260,2026,pro-Israel,AIPAC PAC (C00797670),250.0,earmarked_conduit_indiv,1,"FEC indiv26 (conduit 24T, recipient C00864488)"
"KENNEDY, Timothy M.",22377,H4NY26078,2024,pro-Israel,AIPAC PAC (C00797670),10000.0,direct_contribution,3,FEC pas224
"KENNEDY, Timothy M.",22377,H4NY26078,2024,pro-Israel,AIPAC PAC (C00797670),28500.0,earmarked_conduit_indiv,13,"FEC indiv24 (conduit 24T, recipient C00856526)"
"KENNEDY, Timothy M.",22377,H4NY26078,2024,pro-Israel,AIPAC PAC (C00797670),2026.0,earmarked_conduit_pas2,3,FEC pas224
"KENNEDY, Timothy M.",22377,H4NY26078,2024,pro-Israel,DMFI PAC (C00710848),1000.0,direct_contribution,1,FEC pas224
"KENNEDY, Timothy M.",22377,H4NY26078,2026,pro-Israel,AIPAC PAC (C00797670),5000.0,direct_contribution,1,FEC pas226
"KENNEDY, Timothy M.",22377,H4NY26078,2026,pro-Israel,AIPAC PAC (C00797670),72171.0,earmarked_conduit_indiv,37,"FEC indiv26 (conduit 15E, recipient C00856526); FEC indiv26 (conduit 24T, recipient C00856526)"
"KENNEDY, Timothy M.",22377,H4NY26078,2026,pro-Israel,AIPAC PAC (C00797670),-6.0,earmarked_conduit_pas2,2,FEC pas226
"KHANNA, Ro",21728,H4CA12055,2020,J Street,JStreetPAC (C00441949),11700.0,earmarked_conduit_indiv,12,"FEC indiv20 (conduit 15E, recipient C00503185); FEC indiv20 (conduit 24T, recipient C00503185)"
"KHANNA, Ro",21728,H4CA12055,2020,J Street,JStreetPAC (C00441949),900.0,earmarked_conduit_pas2,2,FEC pas220
"KHANNA, Ro",21728,H4CA12055,2022,J Street,JStreetPAC (C00441949),33950.0,earmarked_conduit_indiv,35,"FEC indiv22 (conduit 15E, recipient C00503185); FEC indiv22 (conduit 24T, recipient C00503185)"
"KHANNA, Ro",21728,H4CA12055,2024,J Street,JStreetPAC (C00441949),34850.0,earmarked_conduit_indiv,27,"FEC indiv24 (conduit 24T, recipient C00503185)"
"KHANNA, Ro",21728,H4CA12055,2024,J Street,JStreetPAC (C00441949),12200.0,earmarked_conduit_pas2,17,FEC pas224
"KHANNA, Ro",21728,H4CA12055,2026,J Street,JStreetPAC (C00441949),36150.0,earmarked_conduit_indiv,28,"FEC indiv26 (conduit 24T, recipient C00503185)"
"KHANNA, Ro",21728,H4CA12055,2026,J Street,JStreetPAC (C00441949),4860.0,earmarked_conduit_pas2,5,FEC pas226
"KIGGANS, Jennifer",22335,H2VA02064,2022,pro-Israel,DMFI PAC (C00710848),65900.75,IE_oppose,2,FEC independent_expenditure_2022.csv
"KIGGANS, Jennifer",22335,H2VA02064,2022,pro-Israel,Republican Jewish Coalition PAC (C00345132),2500.0,direct_contribution,1,FEC pas222
"KIGGANS, Jennifer",22335,H2VA02064,2022,pro-Israel,Republican Jewish Coalition PAC (C00345132),400.0,earmarked_conduit_indiv,1,"FEC indiv22 (conduit 24T, recipient C00776120)"
"KIGGANS, Jennifer",22335,H2VA02064,2024,pro-Israel,AIPAC PAC (C00797670),5000.0,direct_contribution,3,FEC pas224
"KIGGANS, Jennifer",22335,H2VA02064,2024,pro-Israel,AIPAC PAC (C00797670),39551.0,earmarked_conduit_indiv,24,"FEC indiv24 (conduit 24T, recipient C00776120)"
"KIGGANS, Jennifer",22335,H2VA02064,2024,pro-Israel,AIPAC PAC (C00797670),510.0,earmarked_conduit_pas2,3,FEC pas224
"KIGGANS, Jennifer",22335,H2VA02064,2024,pro-Israel,Republican Jewish Coalition PAC (C00345132),5000.0,direct_contribution,2,FEC pas224
"KIGGANS, Jennifer",22335,H2VA02064,2024,pro-Israel,Republican Jewish Coalition PAC (C00345132),646.0,earmarked_conduit_indiv,57,"FEC indiv24 (conduit 24T, recipient C00776120)"
"KIGGANS, Jennifer",22335,H2VA02064,2024,pro-Israel,Republican Jewish Coalition PAC (C00345132),680.0,earmarked_conduit_pas2,17,FEC pas224
"KIGGANS, Jennifer",22335,H2VA02064,2026,pro-Israel,AIPAC PAC (C00797670),6000.0,direct_contribution,3,FEC pas226
"KIGGANS, Jennifer",22335,H2VA02064,2026,pro-Israel,AIPAC PAC (C00797670),41503.0,earmarked_conduit_indiv,24,"FEC indiv26 (conduit 15E, recipient C00776120); FEC indiv26 (conduit 24T, recipient C00776120)"
"KIGGANS, Jennifer",22335,H2VA02064,2026,pro-Israel,AIPAC PAC (C00797670),-6.0,earmarked_conduit_pas2,2,FEC pas226
"KIGGANS, Jennifer",22335,H2VA02064,2026,pro-Israel,DMFI PAC (C00710848),900000.0,IE_oppose,1,FEC independent_expenditure_2026.csv
"KILDEE, Dan",21372,H2MI05119,2020,J Street,JStreetPAC (C00441949),4000.0,direct_contribution,4,FEC pas220
"KILDEE, Dan",21372,H2MI05119,2020,J Street,JStreetPAC (C00441949),500.0,earmarked_conduit_indiv,2,"FEC indiv20 (conduit 24T, recipient C00499947)"
"KILDEE, Dan",21372,H2MI05119,2022,J Street,JStreetPAC (C00441949),8000.0,direct_contribution,6,FEC pas222
"KILDEE, Dan",21372,H2MI05119,2022,J Street,JStreetPAC (C00441949),67266.0,earmarked_conduit_indiv,89,"FEC indiv22 (conduit 15E, recipient C00499947); FEC indiv22 (conduit 24T, recipient C00499947)"
"KILDEE, Dan",21372,H2MI05119,2024,J Street,JStreetPAC (C00441949),2000.0,direct_contribution,2,FEC pas224
"KILDEE, Dan",21372,H2MI05119,2024,J Street,JStreetPAC (C00441949),4570.0,earmarked_conduit_indiv,12,"FEC indiv24 (conduit 24T, recipient C00499947)"
"KILDEE, Dan",21372,H2MI05119,2024,J Street,JStreetPAC (C00441949),2266.0,earmarked_conduit_pas2,6,FEC pas224
"KILEY, Kevin",22336,H2CA03157,2024,pro-Israel,AIPAC PAC (C00797670),5000.0,direct_contribution,1,FEC pas224
"KILEY, Kevin",22336,H2CA03157,2024,pro-Israel,AIPAC PAC (C00797670),6922.0,earmarked_conduit_indiv,3,"FEC indiv24 (conduit 24T, recipient C00801985)"
"KILEY, Kevin",22336,H2CA03157,2024,pro-Israel,AIPAC PAC (C00797670),10.0,earmarked_conduit_pas2,2,FEC pas224
"KILEY, Kevin",22336,H2CA03157,2024,pro-Israel,NORPAC (C00247403),17192.0,earmarked_conduit_indiv,23,"FEC indiv24 (conduit 24T, recipient C00801985)"
"KILEY, Kevin",22336,H2CA03157,2026,pro-Israel,AIPAC PAC (C00797670),5000.0,direct_contribution,1,FEC pas226
"KILEY, Kevin",22336,H2CA03157,2026,pro-Israel,AIPAC PAC (C00797670),33160.0,earmarked_conduit_indiv,15,"FEC indiv26 (conduit 24T, recipient C00801985)"
"KILEY, Kevin",22336,H2CA03157,2026,pro-Israel,AIPAC PAC (C00797670),-3.0,earmarked_conduit_pas2,3,FEC pas226
"KILEY, Kevin",22336,H2CA03157,2026,pro-Israel,NORPAC (C00247403),18000.0,direct_contribution,2,FEC pas226
"KILEY, Kevin",22336,H2CA03157,2026,pro-Israel,NORPAC (C00247403),10200.0,earmarked_conduit_indiv,10,"FEC indiv26 (conduit 24T, recipient C00801985)"
"KILMER, Derek",21368,H2WA06129,2020,J Street,JStreetPAC (C00441949),3000.0,direct_contribution,3,FEC pas220
"KILMER, Derek",21368,H2WA06129,2022,J Street,JStreetPAC (C00441949),1000.0,direct_contribution,1,FEC pas222
"KILMER, Derek",21368,H2WA06129,2022,pro-Israel,AIPAC PAC (C00797670),2100.0,direct_contribution,3,FEC pas222
"KILMER, Derek",21368,H2WA06129,2022,pro-Israel,AIPAC PAC (C00797670),71700.0,earmarked_conduit_indiv,62,"FEC indiv22 (conduit 15E, recipient C00514893); FEC indiv22 (conduit 24T, recipient C00514893)"
"KILMER, Derek",21368,H2WA06129,2022,pro-Israel,DMFI PAC (C00710848),1000.0,direct_contribution,1,FEC pas222
"KILMER, Derek",21368,H2WA06129,2024,J Street,JStreetPAC (C00441949),1000.0,direct_contribution,1,FEC pas224
"KILMER, Derek",21368,H2WA06129,2024,pro-Israel,AIPAC PAC (C00797670),800.0,earmarked_conduit_indiv,1,"FEC indiv24 (conduit 24T, recipient C00514893)"
"KILMER, Derek",21368,H2WA06129,2024,pro-Israel,AIPAC PAC (C00797670),13700.0,earmarked_conduit_pas2,3,FEC pas224
"KIM, Andy",21937,H8NJ03206,2020,J Street,JStreetPAC (C00441949),-1667.0,direct_contribution,1,FEC pas220
"KIM, Andy",21937,H8NJ03206,2020,J Street,JStreetPAC (C00441949),112362.0,earmarked_conduit_indiv,163,"FEC indiv20 (conduit 15E, recipient C00648220); FEC indiv20 (conduit 24T, recipient C00648220)"
"KIM, Andy",21937,S4NJ00466,2020,J Street,JStreetPAC (C00441949),112362.0,earmarked_conduit_indiv,163,"FEC indiv20 (conduit 15E, recipient C00648220); FEC indiv20 (conduit 24T, recipient C00648220)"
"KIM, Andy",21937,H8NJ03206,2020,J Street,JStreetPAC (C00441949),2475.0,earmarked_conduit_pas2,7,FEC pas220
"KIM, Andy",21937,H8NJ03206,2020,J Street,JStreetPAC (C00441949),413.0,in_kind,1,FEC pas220
"KIM, Andy",21937,H8NJ03206,2020,critical/pro-Palestinian,Emgage Federal PAC (C00453704),1000.0,direct_contribution,1,FEC pas220
"KIM, Andy",21937,H8NJ03206,2020,pro-Israel,DMFI PAC (C00710848),5000.0,direct_contribution,2,FEC pas220
"KIM, Andy",21937,H8NJ03206,2020,pro-Israel,Pro-Israel America PAC (C00699470),3275.0,earmarked_conduit_indiv,8,"FEC indiv20 (conduit 24T, recipient C00648220)"
"KIM, Andy",21937,S4NJ00466,2020,pro-Israel,Pro-Israel America PAC (C00699470),3275.0,earmarked_conduit_indiv,8,"FEC indiv20 (conduit 24T, recipient C00648220)"
"KIM, Andy",21937,H8NJ03206,2022,J Street,JStreetPAC (C00441949),1000.0,direct_contribution,1,FEC pas222
"KIM, Andy",21937,H8NJ03206,2022,J Street,JStreetPAC (C00441949),115762.0,earmarked_conduit_indiv,150,"FEC indiv22 (conduit 15E, recipient C00648220); FEC indiv22 (conduit 24T, recipient C00648220)"
"KIM, Andy",21937,S4NJ00466,2022,J Street,JStreetPAC (C00441949),115762.0,earmarked_conduit_indiv,150,"FEC indiv22 (conduit 15E, recipient C00648220); FEC indiv22 (conduit 24T, recipient C00648220)"
"KIM, Andy",21937,H8NJ03206,2022,critical/pro-Palestinian,Emgage Federal PAC (C00453704),500.0,direct_contribution,1,FEC pas222
"KIM, Andy",21937,H8NJ03206,2022,pro-Israel,AIPAC PAC (C00797670),6500.0,earmarked_conduit_indiv,4,"FEC indiv22 (conduit 24T, recipient C00648220)"
"KIM, Andy",21937,S4NJ00466,2022,pro-Israel,AIPAC PAC (C00797670),6500.0,earmarked_conduit_indiv,4,"FEC indiv22 (conduit 24T, recipient C00648220)"
"KIM, Andy",21937,H8NJ03206,2024,J Street,JStreetPAC (C00441949),50032.0,earmarked_conduit_indiv,52,"FEC indiv24 (conduit 24T, recipient C00648220)"
"KIM, Andy",21937,S4NJ00466,2024,J Street,JStreetPAC (C00441949),50032.0,earmarked_conduit_indiv,52,"FEC indiv24 (conduit 24T, recipient C00648220)"
"KIM, Andy",21937,S4NJ00466,2024,J Street,JStreetPAC (C00441949),16947.0,earmarked_conduit_pas2,24,FEC pas224
"KIM, Andy",21937,H8NJ03206,2026,J Street,JStreetPAC (C00441949),15500.0,earmarked_conduit_indiv,13,"FEC indiv26 (conduit 15E, recipient C00648220); FEC indiv26 (conduit 24T, recipient C00648220)"
"KIM, Andy",21937,S4NJ00466,2026,J Street,JStreetPAC (C00441949),15500.0,earmarked_conduit_indiv,13,"FEC indiv26 (conduit 15E, recipient C00648220); FEC indiv26 (conduit 24T, recipient C00648220)"
"KIM, Andy",21937,S4NJ00466,2026,J Street,JStreetPAC (C00441949),100.0,earmarked_conduit_pas2,1,FEC pas226
"KIM, Young",22129,H8CA39240,2020,pro-Israel,Republican Jewish Coalition PAC (C00345132),2500.0,direct_contribution,1,FEC pas220
"KIM, Young",22129,H8CA39240,2020,pro-Israel,Republican Jewish Coalition PAC (C00345132),14204.0,earmarked_conduit_indiv,135,"FEC indiv20 (conduit 24T, recipient C00665638)"
"KIM, Young",22129,H8CA39240,2022,pro-Israel,AIPAC PAC (C00797670),7900.0,direct_contribution,2,FEC pas222
"KIM, Young",22129,H8CA39240,2022,pro-Israel,AIPAC PAC (C00797670),39599.0,earmarked_conduit_indiv,33,"FEC indiv22 (conduit 15E, recipient C00665638); FEC indiv22 (conduit 24T, recipient C00665638)"
"KIM, Young",22129,H8CA39240,2022,pro-Israel,NORPAC (C00247403),1000.0,earmarked_conduit_indiv,1,"FEC indiv22 (conduit 24T, recipient C00665638)"
"KIM, Young",22129,H8CA39240,2022,pro-Israel,Pro-Israel America PAC (C00699470),7500.0,direct_contribution,4,FEC pas222
"KIM, Young",22129,H8CA39240,2022,pro-Israel,Pro-Israel America PAC (C00699470),5103.0,earmarked_conduit_indiv,94,"FEC indiv22 (conduit 15E, recipient C00665638); FEC indiv22 (conduit 24T, recipient C00665638)"
"KIM, Young",22129,H8CA39240,2022,pro-Israel,Pro-Israel America PAC (C00699470),2453.0,earmarked_conduit_pas2,41,FEC pas222
"KIM, Young",22129,H8CA39240,2022,pro-Israel,Republican Jewish Coalition PAC (C00345132),2500.0,direct_contribution,1,FEC pas222
"KIM, Young",22129,H8CA39240,2022,pro-Israel,Republican Jewish Coalition PAC (C00345132),39551.0,earmarked_conduit_indiv,140,"FEC indiv22 (conduit 24T, recipient C00665638)"
"KIM, Young",22129,H8CA39240,2024,pro-Israel,AIPAC PAC (C00797670),11810.0,direct_contribution,5,FEC pas224
"KIM, Young",22129,H8CA39240,2024,pro-Israel,AIPAC PAC (C00797670),223697.0,earmarked_conduit_indiv,210,"FEC indiv24 (conduit 15E, recipient C00665638); FEC indiv24 (conduit 24T, recipient C00665638)"
"KIM, Young",22129,H8CA39240,2024,pro-Israel,AIPAC PAC (C00797670),34050.0,earmarked_conduit_pas2,25,FEC pas224
"KIM, Young",22129,H8CA39240,2024,pro-Israel,Republican Jewish Coalition PAC (C00345132),5000.0,direct_contribution,1,FEC pas224
"KIM, Young",22129,H8CA39240,2024,pro-Israel,Republican Jewish Coalition PAC (C00345132),4463.0,earmarked_conduit_indiv,62,"FEC indiv24 (conduit 24T, recipient C00665638)"
"KIM, Young",22129,H8CA39240,2024,pro-Israel,Republican Jewish Coalition PAC (C00345132),955.0,earmarked_conduit_pas2,16,FEC pas224
"KIM, Young",22129,H8CA39240,2026,pro-Israel,AIPAC PAC (C00797670),5000.0,direct_contribution,1,FEC pas226
"KIM, Young",22129,H8CA39240,2026,pro-Israel,AIPAC PAC (C00797670),124350.0,earmarked_conduit_indiv,94,"FEC indiv26 (conduit 15E, recipient C00665638); FEC indiv26 (conduit 24T, recipient C00665638)"
"KIM, Young",22129,H8CA39240,2026,pro-Israel,AIPAC PAC (C00797670),-6.0,earmarked_conduit_pas2,2,FEC pas226
"KIM, Young",22129,H8CA39240,2026,pro-Israel,Republican Jewish Coalition PAC (C00345132),7000.0,earmarked_conduit_indiv,1,"FEC indiv26 (conduit 24T, recipient C00665638)"
"KIM, Young",22129,H8CA39240,2026,pro-Israel,Republican Jewish Coalition PAC (C00345132),1559.0,earmarked_conduit_pas2,13,FEC pas226
"KIND, Ron",29769,H6WI03099,2020,J Street,JStreetPAC (C00441949),2000.0,direct_contribution,2,FEC pas220
"KIND, Ron",29769,H6WI03099,2020,J Street,JStreetPAC (C00441949),200.0,earmarked_conduit_indiv,2,"FEC indiv20 (conduit 15E, recipient C00312017); FEC indiv20 (conduit 24T, recipient C00312017)"
"KIND, Ron",29769,H6WI03099,2022,J Street,JStreetPAC (C00441949),1000.0,direct_contribution,1,FEC pas222
"KIND, Ron",29769,H6WI03099,2022,J Street,JStreetPAC (C00441949),2800.0,earmarked_conduit_indiv,3,"FEC indiv22 (conduit 24T, recipient C00312017)"
"KINZINGER, Adam",21128,H0IL11052,2022,pro-Israel,Pro-Israel America PAC (C00699470),126.0,earmarked_conduit_indiv,6,"FEC indiv22 (conduit 15E, recipient C00458877); FEC indiv22 (conduit 24T, recipient C00458877)"
"KIRKPATRICK, Ann",20902,H8AZ01104,2020,J Street,JStreetPAC (C00441949),9050.0,earmarked_conduit_indiv,11,"FEC indiv20 (conduit 15E, recipient C00651042); FEC indiv20 (conduit 24T, recipient C00651042)"
"KIRKPATRICK, Ann",20902,H8AZ01104,2020,J Street,JStreetPAC (C00441949),500.0,earmarked_conduit_pas2,1,FEC pas220
"KNOTT, Brad",22530,H4NC13116,2024,pro-Israel,AIPAC PAC (C00797670),10000.0,direct_contribution,2,FEC pas224
"KNOTT, Brad",22530,H4NC13116,2026,pro-Israel,AIPAC PAC (C00797670),5000.0,direct_contribution,1,FEC pas226
"KNOTT, Brad",22530,H4NC13116,2026,pro-Israel,AIPAC PAC (C00797670),3667.0,earmarked_conduit_indiv,3,"FEC indiv26 (conduit 15E, recipient C00855361); FEC indiv26 (conduit 24T, recipient C00855361)"
"KRISHNAMOORTHI, S. Raja",21730,H6IL08147,2022,pro-Israel,AIPAC PAC (C00797670),7900.0,direct_contribution,4,FEC pas222
"KRISHNAMOORTHI, S. Raja",21730,H6IL08147,2022,pro-Israel,AIPAC PAC (C00797670),1250.0,earmarked_conduit_indiv,3,"FEC indiv22 (conduit 24T, recipient C00575092)"
"KRISHNAMOORTHI, S. Raja",21730,H6IL08147,2022,pro-Israel,DMFI PAC (C00710848),2000.0,direct_contribution,1,FEC pas222
"KRISHNAMOORTHI, S. Raja",21730,H6IL08147,2022,pro-Israel,Pro-Israel America PAC (C00699470),1707.0,earmarked_conduit_indiv,13,"FEC indiv22 (conduit 15E, recipient C00575092); FEC indiv22 (conduit 24T, recipient C00575092)"
"KRISHNAMOORTHI, S. Raja",21730,H6IL08147,2024,J Street,JStreetPAC (C00441949),5000.0,direct_contribution,1,FEC pas224
"KRISHNAMOORTHI, S. Raja",21730,H6IL08147,2024,J Street,JStreetPAC (C00441949),5150.0,earmarked_conduit_indiv,8,"FEC indiv24 (conduit 24T, recipient C00575092)"
"KRISHNAMOORTHI, S. Raja",21730,H6IL08147,2024,J Street,JStreetPAC (C00441949),1450.0,earmarked_conduit_pas2,3,FEC pas224
"KRISHNAMOORTHI, S. Raja",21730,H6IL08147,2024,pro-Israel,AIPAC PAC (C00797670),5000.0,direct_contribution,1,FEC pas224
"KRISHNAMOORTHI, S. Raja",21730,H6IL08147,2024,pro-Israel,AIPAC PAC (C00797670),96750.0,earmarked_conduit_indiv,68,"FEC indiv24 (conduit 15E, recipient C00575092); FEC indiv24 (conduit 24T, recipient C00575092)"
"KRISHNAMOORTHI, S. Raja",21730,H6IL08147,2024,pro-Israel,AIPAC PAC (C00797670),5501.0,earmarked_conduit_pas2,6,FEC pas224
"KRISHNAMOORTHI, S. Raja",21730,H6IL08147,2026,J Street,JStreetPAC (C00441949),8500.0,earmarked_conduit_indiv,3,"FEC indiv26 (conduit 24T, recipient C00575092)"
"KRISHNAMOORTHI, S. Raja",21730,H6IL08147,2026,J Street,JStreetPAC (C00441949),8500.0,earmarked_conduit_pas2,3,FEC pas226
"KRISHNAMOORTHI, S. Raja",21730,H6IL08147,2026,pro-Israel,AIPAC PAC (C00797670),59000.0,earmarked_conduit_indiv,16,"FEC indiv26 (conduit 15E, recipient C00575092); FEC indiv26 (conduit 24T, recipient C00575092)"
"KUSTER, Ann McLane",21340,H0NH02181,2020,J Street,JStreetPAC (C00441949),5000.0,direct_contribution,2,FEC pas220
"KUSTER, Ann McLane",21340,H0NH02181,2020,J Street,JStreetPAC (C00441949),29650.0,earmarked_conduit_indiv,42,"FEC indiv20 (conduit 15E, recipient C00462861); FEC indiv20 (conduit 24T, recipient C00462861)"
"KUSTER, Ann McLane",21340,H0NH02181,2020,J Street,JStreetPAC (C00441949),1000.0,earmarked_conduit_pas2,2,FEC pas220
"KUSTER, Ann McLane",21340,H0NH02181,2022,J Street,JStreetPAC (C00441949),1000.0,direct_contribution,1,FEC pas222
"KUSTER, Ann McLane",21340,H0NH02181,2022,J Street,JStreetPAC (C00441949),70649.0,earmarked_conduit_indiv,84,"FEC indiv22 (conduit 15E, recipient C00462861); FEC indiv22 (conduit 24T, recipient C00462861)"
"KUSTER, Ann McLane",21340,H0NH02181,2022,J Street,JStreetPAC (C00441949),-2900.0,earmarked_conduit_pas2,1,FEC pas222
"KUSTER, Ann McLane",21340,H0NH02181,2022,J Street,JStreetPAC (C00441949),2083.0,in_kind,1,FEC pas222
"KUSTER, Ann McLane",21340,H0NH02181,2024,J Street,JStreetPAC (C00441949),62.0,direct_contribution,1,FEC pas224
"KUSTER, Ann McLane",21340,H0NH02181,2024,J Street,JStreetPAC (C00441949),21749.0,earmarked_conduit_indiv,34,"FEC indiv24 (conduit 24T, recipient C00462861)"
"KUSTER, Ann McLane",21340,H0NH02181,2024,J Street,JStreetPAC (C00441949),6850.0,earmarked_conduit_pas2,17,FEC pas224
"KUSTOFF, David",21731,H2TN07103,2020,pro-Israel,Republican Jewish Coalition PAC (C00345132),5000.0,direct_contribution,1,FEC pas220
"KUSTOFF, David",21731,H2TN07103,2020,pro-Israel,Republican Jewish Coalition PAC (C00345132),18491.0,earmarked_conduit_indiv,59,"FEC indiv20 (conduit 15E, recipient C00614826); FEC indiv20 (conduit 24T, recipient C00614826)"
"KUSTOFF, David",21731,H2TN07103,2022,pro-Israel,AIPAC PAC (C00797670),10000.0,direct_contribution,4,FEC pas222
"KUSTOFF, David",21731,H2TN07103,2022,pro-Israel,AIPAC PAC (C00797670),750.0,earmarked_conduit_indiv,2,"FEC indiv22 (conduit 24T, recipient C00614826)"
"KUSTOFF, David",21731,H2TN07103,2022,pro-Israel,Republican Jewish Coalition PAC (C00345132),5000.0,direct_contribution,1,FEC pas222
"KUSTOFF, David",21731,H2TN07103,2022,pro-Israel,Republican Jewish Coalition PAC (C00345132),770.0,earmarked_conduit_indiv,3,"FEC indiv22 (conduit 24T, recipient C00614826)"
"KUSTOFF, David",21731,H2TN07103,2024,pro-Israel,AIPAC PAC (C00797670),10000.0,direct_contribution,2,FEC pas224
"KUSTOFF, David",21731,H2TN07103,2024,pro-Israel,AIPAC PAC (C00797670),48450.0,earmarked_conduit_indiv,39,"FEC indiv24 (conduit 15E, recipient C00614826); FEC indiv24 (conduit 24T, recipient C00614826)"
"KUSTOFF, David",21731,H2TN07103,2024,pro-Israel,AIPAC PAC (C00797670),19160.0,earmarked_conduit_pas2,16,FEC pas224
"KUSTOFF, David",21731,H2TN07103,2024,pro-Israel,Republican Jewish Coalition PAC (C00345132),10000.0,direct_contribution,2,FEC pas224
"KUSTOFF, David",21731,H2TN07103,2024,pro-Israel,Republican Jewish Coalition PAC (C00345132),12947.0,earmarked_conduit_indiv,23,"FEC indiv24 (conduit 24T, recipient C00614826)"
"KUSTOFF, David",21731,H2TN07103,2024,pro-Israel,Republican Jewish Coalition PAC (C00345132),14247.0,earmarked_conduit_pas2,13,FEC pas224
"KUSTOFF, David",21731,H2TN07103,2026,pro-Israel,AIPAC PAC (C00797670),5000.0,direct_contribution,1,FEC pas226
"KUSTOFF, David",21731,H2TN07103,2026,pro-Israel,AIPAC PAC (C00797670),60800.0,earmarked_conduit_indiv,35,"FEC indiv26 (conduit 24T, recipient C00614826)"
"KUSTOFF, David",21731,H2TN07103,2026,pro-Israel,AIPAC PAC (C00797670),-6.0,earmarked_conduit_pas2,2,FEC pas226
"KUSTOFF, David",21731,H2TN07103,2026,pro-Israel,Republican Jewish Coalition PAC (C00345132),10000.0,direct_contribution,2,FEC pas226
"KUSTOFF, David",21731,H2TN07103,2026,pro-Israel,Republican Jewish Coalition PAC (C00345132),1752.0,earmarked_conduit_indiv,9,"FEC indiv26 (conduit 24T, recipient C00614826)"
"KUSTOFF, David",21731,H2TN07103,2026,pro-Israel,Republican Jewish Coalition PAC (C00345132),1000.0,earmarked_conduit_pas2,1,FEC pas226
"LAHOOD, Darin",21562,H6IL18088,2022,pro-Israel,AIPAC PAC (C00797670),10000.0,direct_contribution,3,FEC pas222
"LAHOOD, Darin",21562,H6IL18088,2022,pro-Israel,AIPAC PAC (C00797670),15000.0,earmarked_conduit_indiv,10,"FEC indiv22 (conduit 24T, recipient C00575050)"
"LAHOOD, Darin",21562,H6IL18088,2024,pro-Israel,AIPAC PAC (C00797670),10000.0,direct_contribution,2,FEC pas224
"LAHOOD, Darin",21562,H6IL18088,2024,pro-Israel,AIPAC PAC (C00797670),15160.0,earmarked_conduit_indiv,17,"FEC indiv24 (conduit 15E, recipient C00575050); FEC indiv24 (conduit 24T, recipient C00575050)"
"LAHOOD, Darin",21562,H6IL18088,2024,pro-Israel,AIPAC PAC (C00797670),10.0,earmarked_conduit_pas2,2,FEC pas224
"LAHOOD, Darin",21562,H6IL18088,2026,pro-Israel,AIPAC PAC (C00797670),5000.0,direct_contribution,1,FEC pas226
"LAHOOD, Darin",21562,H6IL18088,2026,pro-Israel,AIPAC PAC (C00797670),43660.0,earmarked_conduit_indiv,47,"FEC indiv26 (conduit 15E, recipient C00575050); FEC indiv26 (conduit 24T, recipient C00575050)"
"LAHOOD, Darin",21562,H6IL18088,2026,pro-Israel,AIPAC PAC (C00797670),-6.0,earmarked_conduit_pas2,2,FEC pas226
"LALOTA, Nicholas",22337,H2NY01190,2024,pro-Israel,AIPAC PAC (C00797670),10000.0,direct_contribution,2,FEC pas224
"LALOTA, Nicholas",22337,H2NY01190,2024,pro-Israel,AIPAC PAC (C00797670),82700.0,earmarked_conduit_indiv,45,"FEC indiv24 (conduit 15E, recipient C00806018); FEC indiv24 (conduit 24T, recipient C00806018)"
"LALOTA, Nicholas",22337,H2NY01190,2024,pro-Israel,AIPAC PAC (C00797670),13160.0,earmarked_conduit_pas2,15,FEC pas224
"LALOTA, Nicholas",22337,H2NY01190,2024,pro-Israel,NORPAC (C00247403),1000.0,direct_contribution,1,FEC pas224
"LALOTA, Nicholas",22337,H2NY01190,2024,pro-Israel,NORPAC (C00247403),13400.0,earmarked_conduit_indiv,9,"FEC indiv24 (conduit 24T, recipient C00806018)"
"LALOTA, Nicholas",22337,H2NY01190,2024,pro-Israel,Republican Jewish Coalition PAC (C00345132),9369.0,earmarked_conduit_indiv,15,"FEC indiv24 (conduit 24T, recipient C00806018); FEC indiv24 (conduit 24T, recipient C00818930)"
"LALOTA, Nicholas",22337,H2NY01190,2024,pro-Israel,Republican Jewish Coalition PAC (C00345132),3711.0,earmarked_conduit_pas2,13,FEC pas224
"LALOTA, Nicholas",22337,H2NY01190,2026,pro-Israel,AIPAC PAC (C00797670),10000.0,direct_contribution,2,FEC pas226
"LALOTA, Nicholas",22337,H2NY01190,2026,pro-Israel,AIPAC PAC (C00797670),79400.0,earmarked_conduit_indiv,83,"FEC indiv26 (conduit 15E, recipient C00806018); FEC indiv26 (conduit 24T, recipient C00806018)"
"LALOTA, Nicholas",22337,H2NY01190,2026,pro-Israel,AIPAC PAC (C00797670),-6.0,earmarked_conduit_pas2,1,FEC pas226
"LALOTA, Nicholas",22337,H2NY01190,2026,pro-Israel,Republican Jewish Coalition PAC (C00345132),21.0,earmarked_conduit_pas2,1,FEC pas226
"LAMALFA, Doug",21302,H2CA02142,2022,pro-Israel,AIPAC PAC (C00797670),7900.0,direct_contribution,2,FEC pas222
"LAMALFA, Doug",21302,H2CA02142,2022,pro-Israel,AIPAC PAC (C00797670),4500.0,earmarked_conduit_indiv,3,"FEC indiv22 (conduit 24T, recipient C00509422)"
"LAMALFA, Doug",21302,H2CA02142,2024,pro-Israel,AIPAC PAC (C00797670),10000.0,direct_contribution,2,FEC pas224
"LAMALFA, Doug",21302,H2CA02142,2024,pro-Israel,AIPAC PAC (C00797670),11072.0,earmarked_conduit_indiv,13,"FEC indiv24 (conduit 24T, recipient C00509422)"
"LAMALFA, Doug",21302,H2CA02142,2024,pro-Israel,AIPAC PAC (C00797670),1010.0,earmarked_conduit_pas2,3,FEC pas224
"LAMALFA, Doug",21302,H2CA02142,2026,pro-Israel,AIPAC PAC (C00797670),500.0,earmarked_conduit_indiv,1,"FEC indiv26 (conduit 24T, recipient C00509422)"
"LAMALFA, Doug",21302,H2CA02142,2026,pro-Israel,AIPAC PAC (C00797670),-6.0,earmarked_conduit_pas2,2,FEC pas226
"LAMB, Conor",21756,H8PA18181,2020,J Street,JStreetPAC (C00441949),19175.0,earmarked_conduit_indiv,38,"FEC indiv20 (conduit 15E, recipient C00657411); FEC indiv20 (conduit 24T, recipient C00657411)"
"LAMB, Conor",21756,H8PA18181,2020,J Street,JStreetPAC (C00441949),-250.0,earmarked_conduit_pas2,2,FEC pas220
"LAMB, Conor",21756,H8PA18181,2022,J Street,JStreetPAC (C00441949),10700.0,earmarked_conduit_indiv,9,"FEC indiv22 (conduit 24T, recipient C00657411)"
"LAMBORN, Doug",20704,H6CO05159,2020,pro-Israel,NORPAC (C00247403),-567.0,direct_contribution,2,FEC pas220
"LAMBORN, Doug",20704,H6CO05159,2020,pro-Israel,NORPAC (C00247403),6600.0,earmarked_conduit_indiv,3,"FEC indiv20 (conduit 24T, recipient C00420745)"
"LAMBORN, Doug",20704,H6CO05159,2022,pro-Israel,AIPAC PAC (C00797670),10000.0,direct_contribution,4,FEC pas222
"LAMBORN, Doug",20704,H6CO05159,2022,pro-Israel,AIPAC PAC (C00797670),17900.0,earmarked_conduit_indiv,10,"FEC indiv22 (conduit 24T, recipient C00420745)"
"LAMBORN, Doug",20704,H6CO05159,2024,pro-Israel,AIPAC PAC (C00797670),10000.0,direct_contribution,2,FEC pas224
"LAMBORN, Doug",20704,H6CO05159,2024,pro-Israel,AIPAC PAC (C00797670),20960.0,earmarked_conduit_indiv,28,"FEC indiv24 (conduit 24T, recipient C00420745)"
"LAMBORN, Doug",20704,H6CO05159,2024,pro-Israel,AIPAC PAC (C00797670),10003.0,earmarked_conduit_pas2,7,FEC pas224
"LANDSMAN, Greg",22338,H2OH01194,2024,pro-Israel,AIPAC PAC (C00797670),10000.0,direct_contribution,2,FEC pas224
"LANDSMAN, Greg",22338,H2OH01194,2024,pro-Israel,AIPAC PAC (C00797670),384658.0,earmarked_conduit_indiv,351,"FEC indiv24 (conduit 15E, recipient C00800276); FEC indiv24 (conduit 24T, recipient C00800276)"
"LANDSMAN, Greg",22338,H2OH01194,2024,pro-Israel,AIPAC PAC (C00797670),2501.0,earmarked_conduit_pas2,2,FEC pas224
"LANDSMAN, Greg",22338,H2OH01194,2024,pro-Israel,DMFI PAC (C00710848),5000.0,direct_contribution,2,FEC pas224
"LANDSMAN, Greg",22338,H2OH01194,2026,pro-Israel,AIPAC PAC (C00797670),10000.0,direct_contribution,2,FEC pas226
"LANDSMAN, Greg",22338,H2OH01194,2026,pro-Israel,AIPAC PAC (C00797670),722488.0,earmarked_conduit_indiv,552,"FEC indiv26 (conduit 15E, recipient C00800276); FEC indiv26 (conduit 24T, recipient C00800276)"
"LANDSMAN, Greg",22338,H2OH01194,2026,pro-Israel,AIPAC PAC (C00797670),-6.0,earmarked_conduit_pas2,1,FEC pas226
"LANDSMAN, Greg",22338,H2OH01194,2026,pro-Israel,DMFI PAC (C00710848),1000.0,direct_contribution,1,FEC pas226
"LANGEVIN, James",20136,H0RI02139,2020,J Street,JStreetPAC (C00441949),1000.0,direct_contribution,1,FEC pas220
"LANGEVIN, James",20136,H0RI02139,2020,pro-Israel,Pro-Israel America PAC (C00699470),15000.0,earmarked_conduit_indiv,14,"FEC indiv20 (conduit 24T, recipient C00344697)"
"LANGEVIN, James",20136,H0RI02139,2022,J Street,JStreetPAC (C00441949),750.0,earmarked_conduit_indiv,1,"FEC indiv22 (conduit 24T, recipient C00344697)"
"LANGWORTHY, Nick",22339,H2NY23228,2022,pro-Israel,AIPAC PAC (C00797670),10000.0,direct_contribution,6,FEC pas222
"LANGWORTHY, Nick",22339,H2NY23228,2022,pro-Israel,AIPAC PAC (C00797670),9750.0,earmarked_conduit_indiv,6,"FEC indiv22 (conduit 24T, recipient C00817932)"
"LANGWORTHY, Nick",22339,H2NY23228,2024,pro-Israel,AIPAC PAC (C00797670),10000.0,direct_contribution,2,FEC pas224
"LANGWORTHY, Nick",22339,H2NY23228,2024,pro-Israel,AIPAC PAC (C00797670),40728.0,earmarked_conduit_indiv,33,"FEC indiv24 (conduit 15E, recipient C00817932); FEC indiv24 (conduit 24T, recipient C00817932)"
"LANGWORTHY, Nick",22339,H2NY23228,2024,pro-Israel,AIPAC PAC (C00797670),10.0,earmarked_conduit_pas2,2,FEC pas224
"LANGWORTHY, Nick",22339,H2NY23228,2024,pro-Israel,Republican Jewish Coalition PAC (C00345132),16.0,earmarked_conduit_indiv,1,"FEC indiv24 (conduit 24T, recipient C00817932)"
"LANGWORTHY, Nick",22339,H2NY23228,2024,pro-Israel,Republican Jewish Coalition PAC (C00345132),18.0,earmarked_conduit_pas2,1,FEC pas224
"LANGWORTHY, Nick",22339,H2NY23228,2026,pro-Israel,AIPAC PAC (C00797670),5000.0,direct_contribution,1,FEC pas226
"LANGWORTHY, Nick",22339,H2NY23228,2026,pro-Israel,AIPAC PAC (C00797670),22300.0,earmarked_conduit_indiv,15,"FEC indiv26 (conduit 15E, recipient C00817932); FEC indiv26 (conduit 24T, recipient C00817932)"
"LANGWORTHY, Nick",22339,H2NY23228,2026,pro-Israel,AIPAC PAC (C00797670),-6.0,earmarked_conduit_pas2,1,FEC pas226
"LANGWORTHY, Nick",22339,H2NY23228,2026,pro-Israel,Republican Jewish Coalition PAC (C00345132),31.0,earmarked_conduit_pas2,2,FEC pas226
"LARSEN, Richard Ray (Rick)",20145,H0WA02080,2022,pro-Israel,AIPAC PAC (C00797670),10000.0,direct_contribution,3,FEC pas222
"LARSEN, Richard Ray (Rick)",20145,H0WA02080,2022,pro-Israel,AIPAC PAC (C00797670),14300.0,earmarked_conduit_indiv,21,"FEC indiv22 (conduit 24T, recipient C00345546)"
"LARSEN, Richard Ray (Rick)",20145,H0WA02080,2022,pro-Israel,DMFI PAC (C00710848),2000.0,direct_contribution,1,FEC pas222
"LARSEN, Richard Ray (Rick)",20145,H0WA02080,2024,pro-Israel,AIPAC PAC (C00797670),10000.0,direct_contribution,2,FEC pas224
"LARSEN, Richard Ray (Rick)",20145,H0WA02080,2024,pro-Israel,AIPAC PAC (C00797670),25050.0,earmarked_conduit_indiv,38,"FEC indiv24 (conduit 24T, recipient C00345546)"
"LARSEN, Richard Ray (Rick)",20145,H0WA02080,2024,pro-Israel,AIPAC PAC (C00797670),501.0,earmarked_conduit_pas2,2,FEC pas224
"LARSEN, Richard Ray (Rick)",20145,H0WA02080,2026,pro-Israel,AIPAC PAC (C00797670),5000.0,direct_contribution,1,FEC pas226
"LARSEN, Richard Ray (Rick)",20145,H0WA02080,2026,pro-Israel,AIPAC PAC (C00797670),6000.0,earmarked_conduit_indiv,10,"FEC indiv26 (conduit 15E, recipient C00345546)"
"LARSON, John B.",29908,H8CT01046,2022,pro-Israel,AIPAC PAC (C00797670),7900.0,direct_contribution,4,FEC pas222
"LARSON, John B.",29908,H8CT01046,2022,pro-Israel,DMFI PAC (C00710848),2000.0,direct_contribution,1,FEC pas222
"LARSON, John B.",29908,H8CT01046,2024,J Street,JStreetPAC (C00441949),2000.0,direct_contribution,1,FEC pas224
"LARSON, John B.",29908,H8CT01046,2024,J Street,JStreetPAC (C00441949),500.0,earmarked_conduit_indiv,2,"FEC indiv24 (conduit 24T, recipient C00330142)"
"LARSON, John B.",29908,H8CT01046,2024,J Street,JStreetPAC (C00441949),250.0,earmarked_conduit_pas2,1,FEC pas224
"LARSON, John B.",29908,H8CT01046,2024,pro-Israel,AIPAC PAC (C00797670),5000.0,direct_contribution,1,FEC pas224
"LARSON, John B.",29908,H8CT01046,2024,pro-Israel,AIPAC PAC (C00797670),21000.0,earmarked_conduit_indiv,20,"FEC indiv24 (conduit 24T, recipient C00330142)"
"LARSON, John B.",29908,H8CT01046,2024,pro-Israel,AIPAC PAC (C00797670),-3299.0,earmarked_conduit_pas2,2,FEC pas224
"LARSON, John B.",29908,H8CT01046,2026,J Street,JStreetPAC (C00441949),1500.0,direct_contribution,1,FEC pas226
"LARSON, John B.",29908,H8CT01046,2026,J Street,JStreetPAC (C00441949),1325.0,earmarked_conduit_indiv,2,"FEC indiv26 (conduit 24T, recipient C00330142)"
"LARSON, John B.",29908,H8CT01046,2026,pro-Israel,AIPAC PAC (C00797670),10000.0,direct_contribution,3,FEC pas226
"LARSON, John B.",29908,H8CT01046,2026,pro-Israel,AIPAC PAC (C00797670),195500.0,earmarked_conduit_indiv,115,"FEC indiv26 (conduit 15E, recipient C00330142); FEC indiv26 (conduit 24T, recipient C00330142)"
"LARSON, John B.",29908,H8CT01046,2026,pro-Israel,AIPAC PAC (C00797670),994.0,earmarked_conduit_pas2,3,FEC pas226
"LATIMER, George",22531,H4NY16087,2024,critical/pro-Palestinian,Emgage Federal PAC (C00453704),100000.0,IE_oppose,2,FEC independent_expenditure_2024.csv
"LATIMER, George",22531,H4NY16087,2024,critical/pro-Palestinian,Justice Democrats PAC (C00630665),391613.31,IE_oppose,6,FEC independent_expenditure_2024.csv
"LATIMER, George",22531,H4NY16087,2024,pro-Israel,AIPAC PAC (C00797670),10000.0,direct_contribution,2,FEC pas224
"LATIMER, George",22531,H4NY16087,2024,pro-Israel,AIPAC PAC (C00797670),2410875.0,earmarked_conduit_indiv,2042,"FEC indiv24 (conduit 24T, recipient C00859041)"
"LATIMER, George",22531,H4NY16087,2024,pro-Israel,AIPAC PAC (C00797670),204179.0,earmarked_conduit_pas2,265,FEC pas224
"LATIMER, George",22531,H4NY16087,2024,pro-Israel,DMFI PAC (C00710848),910681.56,IE_support,7,FEC independent_expenditure_2024.csv
"LATIMER, George",22531,H4NY16087,2024,pro-Israel,DMFI PAC (C00710848),1000.0,direct_contribution,1,FEC pas224
"LATIMER, George",22531,H4NY16087,2024,pro-Israel,NORPAC (C00247403),43550.0,direct_contribution,2,FEC pas224
"LATIMER, George",22531,H4NY16087,2024,pro-Israel,NORPAC (C00247403),21550.0,earmarked_conduit_indiv,9,"FEC indiv24 (conduit 24T, recipient C00859041)"
"LATIMER, George",22531,H4NY16087,2024,pro-Israel,United Democracy Project (C00799031),84325.84,IE_oppose,1,FEC independent_expenditure_2024.csv
"LATIMER, George",22531,H4NY16087,2024,pro-Israel,United Democracy Project (C00799031),4682560.29,IE_support,18,FEC independent_expenditure_2024.csv
"LATIMER, George",22531,H4NY16087,2026,pro-Israel,AIPAC PAC (C00797670),5000.0,direct_contribution,1,FEC pas226
"LATIMER, George",22531,H4NY16087,2026,pro-Israel,AIPAC PAC (C00797670),71110.0,earmarked_conduit_indiv,55,"FEC indiv26 (conduit 15E, recipient C00859041); FEC indiv26 (conduit 24T, recipient C00859041)"
"LATIMER, George",22531,H4NY16087,2026,pro-Israel,AIPAC PAC (C00797670),-6.0,earmarked_conduit_pas2,2,FEC pas226
"LATTA, Robert E.",20755,H8OH05036,2022,pro-Israel,AIPAC PAC (C00797670),7900.0,direct_contribution,2,FEC pas222
"LATTA, Robert E.",20755,H8OH05036,2022,pro-Israel,AIPAC PAC (C00797670),2900.0,earmarked_conduit_indiv,1,"FEC indiv22 (conduit 24T, recipient C00438697)"
"LATTA, Robert E.",20755,H8OH05036,2024,pro-Israel,AIPAC PAC (C00797670),5000.0,direct_contribution,1,FEC pas224
"LATTA, Robert E.",20755,H8OH05036,2024,pro-Israel,AIPAC PAC (C00797670),13135.0,earmarked_conduit_indiv,7,"FEC indiv24 (conduit 24T, recipient C00438697)"
"LATTA, Robert E.",20755,H8OH05036,2024,pro-Israel,AIPAC PAC (C00797670),3010.0,earmarked_conduit_pas2,6,FEC pas224
"LATTA, Robert E.",20755,H8OH05036,2024,pro-Israel,Republican Jewish Coalition PAC (C00345132),5.0,earmarked_conduit_pas2,1,FEC pas224
"LATTA, Robert E.",20755,H8OH05036,2026,pro-Israel,AIPAC PAC (C00797670),5000.0,direct_contribution,1,FEC pas226
"LATTA, Robert E.",20755,H8OH05036,2026,pro-Israel,AIPAC PAC (C00797670),9548.0,earmarked_conduit_indiv,7,"FEC indiv26 (conduit 24T, recipient C00438697)"
"LATTA, Robert E.",20755,H8OH05036,2026,pro-Israel,AIPAC PAC (C00797670),-6.0,earmarked_conduit_pas2,1,FEC pas226
"LATURNER, Jake",22130,H0KS02188,2022,pro-Israel,AIPAC PAC (C00797670),10000.0,direct_contribution,3,FEC pas222
"LATURNER, Jake",22130,H0KS02188,2022,pro-Israel,AIPAC PAC (C00797670),3400.0,earmarked_conduit_indiv,3,"FEC indiv22 (conduit 15E, recipient C00718346); FEC indiv22 (conduit 24T, recipient C00718346)"
"LATURNER, Jake",22130,H0KS02188,2024,pro-Israel,AIPAC PAC (C00797670),5000.0,direct_contribution,3,FEC pas224
"LATURNER, Jake",22130,H0KS02188,2024,pro-Israel,AIPAC PAC (C00797670),19100.0,earmarked_conduit_indiv,20,"FEC indiv24 (conduit 15E, recipient C00718346); FEC indiv24 (conduit 24T, recipient C00718346)"
"LATURNER, Jake",22130,H0KS02188,2024,pro-Israel,AIPAC PAC (C00797670),510.0,earmarked_conduit_pas2,3,FEC pas224
"LAWLER, Michael",22340,H2NY17162,2022,pro-Israel,Republican Jewish Coalition PAC (C00345132),2500.0,direct_contribution,1,FEC pas222
"LAWLER, Michael",22340,H2NY17162,2022,pro-Israel,Republican Jewish Coalition PAC (C00345132),2.0,earmarked_conduit_indiv,1,"FEC indiv22 (conduit 24T, recipient C00815415)"
"LAWLER, Michael",22340,H2NY17162,2024,pro-Israel,AIPAC PAC (C00797670),10000.0,direct_contribution,4,FEC pas224
"LAWLER, Michael",22340,H2NY17162,2024,pro-Israel,AIPAC PAC (C00797670),333486.0,earmarked_conduit_indiv,254,"FEC indiv24 (conduit 24T, recipient C00815415)"
"LAWLER, Michael",22340,H2NY17162,2024,pro-Israel,AIPAC PAC (C00797670),58180.0,earmarked_conduit_pas2,66,FEC pas224
"LAWLER, Michael",22340,H2NY17162,2024,pro-Israel,NORPAC (C00247403),6600.0,direct_contribution,1,FEC pas224
"LAWLER, Michael",22340,H2NY17162,2024,pro-Israel,NORPAC (C00247403),19190.0,earmarked_conduit_indiv,30,"FEC indiv24 (conduit 24T, recipient C00815415)"
"LAWLER, Michael",22340,H2NY17162,2024,pro-Israel,Republican Jewish Coalition PAC (C00345132),10000.0,direct_contribution,3,FEC pas224
"LAWLER, Michael",22340,H2NY17162,2026,pro-Israel,AIPAC PAC (C00797670),10000.0,direct_contribution,4,FEC pas226
"LAWLER, Michael",22340,H2NY17162,2026,pro-Israel,AIPAC PAC (C00797670),713553.0,earmarked_conduit_indiv,489,"FEC indiv26 (conduit 15E, recipient C00815415); FEC indiv26 (conduit 24T, recipient C00815415)"
"LAWLER, Michael",22340,H2NY17162,2026,pro-Israel,AIPAC PAC (C00797670),-6.0,earmarked_conduit_pas2,2,FEC pas226
"LAWLER, Michael",22340,H2NY17162,2026,pro-Israel,NORPAC (C00247403),10500.0,direct_contribution,1,FEC pas226
"LAWLER, Michael",22340,H2NY17162,2026,pro-Israel,NORPAC (C00247403),16100.0,earmarked_conduit_indiv,13,"FEC indiv26 (conduit 24T, recipient C00815415)"
"LAWLER, Michael",22340,H2NY17162,2026,pro-Israel,Republican Jewish Coalition PAC (C00345132),7500.0,direct_contribution,3,FEC pas226
"LAWRENCE, Brenda L",21530,H2MI14111,2020,J Street,JStreetPAC (C00441949),2000.0,direct_contribution,2,FEC pas220
"LAWRENCE, Brenda L",21530,H2MI14111,2020,J Street,JStreetPAC (C00441949),750.0,earmarked_conduit_indiv,2,"FEC indiv20 (conduit 24T, recipient C00552588)"
"LAWRENCE, Brenda L",21530,H2MI14111,2020,pro-Israel,Pro-Israel America PAC (C00699470),8000.0,earmarked_conduit_indiv,8,"FEC indiv20 (conduit 24T, recipient C00552588)"
"LAWRENCE, Brenda L",21530,H2MI14111,2022,J Street,JStreetPAC (C00441949),2000.0,direct_contribution,2,FEC pas222
"LAWSON, Alfred Jr.",21732,H0FL02086,2022,pro-Israel,AIPAC PAC (C00797670),2900.0,direct_contribution,1,FEC pas222
"LAWSON, Alfred Jr.",21732,H0FL02086,2022,pro-Israel,AIPAC PAC (C00797670),16670.0,earmarked_conduit_indiv,10,"FEC indiv22 (conduit 24T, recipient C00460261)"
"LEE, Barbara",29778,H8CA09060,2020,J Street,JStreetPAC (C00441949),3000.0,direct_contribution,2,FEC pas220
"LEE, Barbara",29778,H8CA09060,2020,J Street,JStreetPAC (C00441949),29755.0,earmarked_conduit_indiv,33,"FEC indiv20 (conduit 15E, recipient C00331769); FEC indiv20 (conduit 24T, recipient C00331769)"
"LEE, Barbara",29778,H8CA09060,2020,J Street,JStreetPAC (C00441949),-60.0,earmarked_conduit_pas2,2,FEC pas220
"LEE, Barbara",29778,H8CA09060,2022,J Street,JStreetPAC (C00441949),388.0,direct_contribution,2,FEC pas222
"LEE, Barbara",29778,H8CA09060,2022,J Street,JStreetPAC (C00441949),25116.0,earmarked_conduit_indiv,32,"FEC indiv22 (conduit 15E, recipient C00331769); FEC indiv22 (conduit 24T, recipient C00331769)"
"LEE, Barbara",29778,H8CA09060,2024,J Street,JStreetPAC (C00441949),2800.0,direct_contribution,1,FEC pas224
"LEE, Barbara",29778,H8CA09060,2024,J Street,JStreetPAC (C00441949),17025.0,earmarked_conduit_indiv,14,"FEC indiv24 (conduit 24T, recipient C00331769)"
"LEE, Barbara",29778,H8CA09060,2024,J Street,JStreetPAC (C00441949),25.0,earmarked_conduit_pas2,1,FEC pas224
"LEE, Laurel",22341,H2FL15241,2022,pro-Israel,AIPAC PAC (C00797670),5000.0,direct_contribution,1,FEC pas222
"LEE, Laurel",22341,H2FL15241,2022,pro-Israel,Republican Jewish Coalition PAC (C00345132),8340.0,earmarked_conduit_indiv,14,"FEC indiv22 (conduit 24T, recipient C00815373)"
"LEE, Laurel",22341,H2FL15241,2024,pro-Israel,AIPAC PAC (C00797670),10000.0,direct_contribution,4,FEC pas224
"LEE, Laurel",22341,H2FL15241,2024,pro-Israel,AIPAC PAC (C00797670),13250.0,earmarked_conduit_indiv,22,"FEC indiv24 (conduit 24T, recipient C00815373)"
"LEE, Laurel",22341,H2FL15241,2024,pro-Israel,AIPAC PAC (C00797670),4497.0,earmarked_conduit_pas2,6,FEC pas224
"LEE, Laurel",22341,H2FL15241,2024,pro-Israel,Republican Jewish Coalition PAC (C00345132),6618.0,earmarked_conduit_indiv,3,"FEC indiv24 (conduit 24T, recipient C00815373)"
"LEE, Laurel",22341,H2FL15241,2024,pro-Israel,Republican Jewish Coalition PAC (C00345132),184.0,earmarked_conduit_pas2,4,FEC pas224
"LEE, Laurel",22341,H2FL15241,2026,pro-Israel,AIPAC PAC (C00797670),5000.0,direct_contribution,1,FEC pas226
"LEE, Laurel",22341,H2FL15241,2026,pro-Israel,AIPAC PAC (C00797670),1500.0,earmarked_conduit_indiv,3,"FEC indiv26 (conduit 15E, recipient C00815373); FEC indiv26 (conduit 24T, recipient C00815373)"
"LEE, Laurel",22341,H2FL15241,2026,pro-Israel,AIPAC PAC (C00797670),-6.0,earmarked_conduit_pas2,2,FEC pas226
"LEE, Laurel",22341,H2FL15241,2026,pro-Israel,Republican Jewish Coalition PAC (C00345132),1000.0,earmarked_conduit_indiv,1,"FEC indiv26 (conduit 24T, recipient C00815373)"
"LEE, Laurel",22341,H2FL15241,2026,pro-Israel,Republican Jewish Coalition PAC (C00345132),18.0,earmarked_conduit_pas2,1,FEC pas226
"LEE, Summer",22342,H2PA18200,2022,J Street,JStreetPAC (C00441949),17280.0,earmarked_conduit_indiv,26,"FEC indiv22 (conduit 15E, recipient C00791780); FEC indiv22 (conduit 24T, recipient C00791780)"
"LEE, Summer",22342,H2PA18200,2022,J Street,JStreetPAC (C00441949),444.0,in_kind,1,FEC pas222
"LEE, Summer",22342,H2PA18200,2022,critical/pro-Palestinian,Justice Democrats PAC (C00630665),1153131.56,IE_support,12,FEC independent_expenditure_2022.csv
"LEE, Summer",22342,H2PA18200,2022,critical/pro-Palestinian,Justice Democrats PAC (C00630665),10000.0,direct_contribution,2,FEC pas222
"LEE, Summer",22342,H2PA18200,2024,J Street,JStreetPAC (C00441949),32637.0,earmarked_conduit_indiv,32,"FEC indiv24 (conduit 24T, recipient C00791780)"
"LEE, Summer",22342,H2PA18200,2024,J Street,JStreetPAC (C00441949),890.0,earmarked_conduit_pas2,7,FEC pas224
"LEE, Summer",22342,H2PA18200,2024,critical/pro-Palestinian,Emgage Federal PAC (C00453704),100000.0,IE_support,2,FEC independent_expenditure_2024.csv
"LEE, Summer",22342,H2PA18200,2024,critical/pro-Palestinian,Emgage Federal PAC (C00453704),1500.0,direct_contribution,1,FEC pas224
"LEE, Summer",22342,H2PA18200,2024,critical/pro-Palestinian,Justice Democrats PAC (C00630665),80000.0,IE_support,3,FEC independent_expenditure_2024.csv
"LEE, Summer",22342,H2PA18200,2024,critical/pro-Palestinian,Justice Democrats PAC (C00630665),5000.0,direct_contribution,1,FEC pas224
"LEE, Summer",22342,H2PA18200,2026,critical/pro-Palestinian,Justice Democrats PAC (C00630665),5000.0,direct_contribution,1,FEC pas226
"LEE, Summer",22342,H2PA18200,2026,critical/pro-Palestinian,MCARE (formerly CAIR-CA PAC) (C00396556),1000.0,direct_contribution,1,FEC pas226
"LEE, Susie",21938,H6NV04020,2020,pro-Israel,DMFI PAC (C00710848),2000.0,direct_contribution,1,FEC pas220
"LEE, Susie",21938,H6NV04020,2022,pro-Israel,AIPAC PAC (C00797670),7900.0,direct_contribution,4,FEC pas222
"LEE, Susie",21938,H6NV04020,2022,pro-Israel,AIPAC PAC (C00797670),6650.0,earmarked_conduit_indiv,10,"FEC indiv22 (conduit 15E, recipient C00655613); FEC indiv22 (conduit 24T, recipient C00655613)"
"LEE, Susie",21938,H6NV04020,2022,pro-Israel,AIPAC PAC (C00797670),-41.0,earmarked_conduit_pas2,1,FEC pas222
"LEE, Susie",21938,H6NV04020,2022,pro-Israel,DMFI PAC (C00710848),2000.0,direct_contribution,1,FEC pas222
"LEE, Susie",21938,H6NV04020,2022,pro-Israel,Pro-Israel America PAC (C00699470),2500.0,direct_contribution,1,FEC pas222
"LEE, Susie",21938,H6NV04020,2022,pro-Israel,Pro-Israel America PAC (C00699470),14812.0,earmarked_conduit_indiv,31,"FEC indiv22 (conduit 15E, recipient C00655613); FEC indiv22 (conduit 24T, recipient C00655613)"
"LEE, Susie",21938,H6NV04020,2024,pro-Israel,AIPAC PAC (C00797670),347342.0,earmarked_conduit_indiv,240,"FEC indiv24 (conduit 15E, recipient C00655613); FEC indiv24 (conduit 24T, recipient C00655613)"
"LEE, Susie",21938,H6NV04020,2024,pro-Israel,DMFI PAC (C00710848),1000.0,direct_contribution,1,FEC pas224
"LEE, Susie",21938,H6NV04020,2026,pro-Israel,AIPAC PAC (C00797670),10000.0,direct_contribution,2,FEC pas226
"LEE, Susie",21938,H6NV04020,2026,pro-Israel,AIPAC PAC (C00797670),436716.0,earmarked_conduit_indiv,374,"FEC indiv26 (conduit 15E, recipient C00655613); FEC indiv26 (conduit 24T, recipient C00655613)"
"LEE, Susie",21938,H6NV04020,2026,pro-Israel,AIPAC PAC (C00797670),-6.0,earmarked_conduit_pas2,1,FEC pas226
"LEE, Susie",21938,H6NV04020,2026,pro-Israel,DMFI PAC (C00710848),1000.0,direct_contribution,1,FEC pas226
"LEGER FERNANDEZ, Teresa",22131,H0NM03102,2020,J Street,JStreetPAC (C00441949),1500.0,direct_contribution,1,FEC pas220
"LEGER FERNANDEZ, Teresa",22131,H0NM03102,2020,J Street,JStreetPAC (C00441949),2750.0,earmarked_conduit_indiv,5,"FEC indiv20 (conduit 24T, recipient C00704049)"
"LEGER FERNANDEZ, Teresa",22131,H0NM03102,2020,pro-Israel,DMFI PAC (C00710848),2000.0,direct_contribution,1,FEC pas220
"LEGER FERNANDEZ, Teresa",22131,H0NM03102,2022,J Street,JStreetPAC (C00441949),4000.0,direct_contribution,4,FEC pas222
"LEGER FERNANDEZ, Teresa",22131,H0NM03102,2022,J Street,JStreetPAC (C00441949),31716.0,earmarked_conduit_indiv,30,"FEC indiv22 (conduit 15E, recipient C00704049); FEC indiv22 (conduit 24T, recipient C00704049)"
"LEGER FERNANDEZ, Teresa",22131,H0NM03102,2022,pro-Israel,AIPAC PAC (C00797670),7900.0,direct_contribution,2,FEC pas222
"LEGER FERNANDEZ, Teresa",22131,H0NM03102,2024,J Street,JStreetPAC (C00441949),23300.0,earmarked_conduit_indiv,31,"FEC indiv24 (conduit 24T, recipient C00704049)"
"LEGER FERNANDEZ, Teresa",22131,H0NM03102,2024,J Street,JStreetPAC (C00441949),2010.0,earmarked_conduit_pas2,2,FEC pas224
"LEGER FERNANDEZ, Teresa",22131,H0NM03102,2024,pro-Israel,AIPAC PAC (C00797670),5800.0,earmarked_conduit_indiv,2,"FEC indiv24 (conduit 24T, recipient C00704049)"
"LEGER FERNANDEZ, Teresa",22131,H0NM03102,2026,J Street,JStreetPAC (C00441949),500.0,earmarked_conduit_indiv,1,"FEC indiv26 (conduit 15E, recipient C00704049)"
"LEGER FERNANDEZ, Teresa",22131,H0NM03102,2026,J Street,JStreetPAC (C00441949),2000.0,earmarked_conduit_pas2,3,FEC pas226
"LESKO, Debbie",21757,H8AZ08158,2022,pro-Israel,AIPAC PAC (C00797670),10000.0,direct_contribution,3,FEC pas222
"LESKO, Debbie",21757,H8AZ08158,2022,pro-Israel,AIPAC PAC (C00797670),30650.0,earmarked_conduit_indiv,19,"FEC indiv22 (conduit 15E, recipient C00663914); FEC indiv22 (conduit 24T, recipient C00663914)"
"LESKO, Debbie",21757,H8AZ08158,2024,pro-Israel,AIPAC PAC (C00797670),0.0,direct_contribution,2,FEC pas224
"LESKO, Debbie",21757,H8AZ08158,2024,pro-Israel,AIPAC PAC (C00797670),14000.0,earmarked_conduit_indiv,18,"FEC indiv24 (conduit 15E, recipient C00663914); FEC indiv24 (conduit 24T, recipient C00663914)"
"LETLOW, Julia",22157,H2LA05126,2022,pro-Israel,AIPAC PAC (C00797670),10000.0,direct_contribution,3,FEC pas222
"LETLOW, Julia",22157,H2LA05126,2024,pro-Israel,AIPAC PAC (C00797670),10000.0,direct_contribution,2,FEC pas224
"LETLOW, Julia",22157,H2LA05126,2024,pro-Israel,AIPAC PAC (C00797670),47600.0,earmarked_conduit_indiv,42,"FEC indiv24 (conduit 15E, recipient C00766428); FEC indiv24 (conduit 24T, recipient C00766428)"
"LETLOW, Julia",22157,H2LA05126,2024,pro-Israel,AIPAC PAC (C00797670),10010.0,earmarked_conduit_pas2,9,FEC pas224
"LETLOW, Julia",22157,H2LA05126,2026,pro-Israel,AIPAC PAC (C00797670),500.0,earmarked_conduit_indiv,1,"FEC indiv26 (conduit 24T, recipient C00766428)"
"LETLOW, Julia",22157,H2LA05126,2026,pro-Israel,AIPAC PAC (C00797670),-6.0,earmarked_conduit_pas2,2,FEC pas226
"LEVIN, Andy",21940,H8MI09118,2020,J Street,JStreetPAC (C00441949),58816.0,earmarked_conduit_indiv,83,"FEC indiv20 (conduit 15E, recipient C00662619); FEC indiv20 (conduit 24T, recipient C00662619)"
"LEVIN, Andy",21940,H8MI09118,2020,J Street,JStreetPAC (C00441949),-567.0,earmarked_conduit_pas2,3,FEC pas220
"LEVIN, Andy",21940,H8MI09118,2022,J Street,JStreetPAC (C00441949),5000.0,direct_contribution,1,FEC pas222
"LEVIN, Andy",21940,H8MI09118,2022,J Street,JStreetPAC (C00441949),221944.0,earmarked_conduit_indiv,253,"FEC indiv22 (conduit 15E, recipient C00662619); FEC indiv22 (conduit 24T, recipient C00662619)"
"LEVIN, Andy",21940,H8MI09118,2022,critical/pro-Palestinian,Emgage Federal PAC (C00453704),14987.43,IE_support,18,FEC independent_expenditure_2022.csv
"LEVIN, Andy",21940,H8MI09118,2022,pro-Israel,United Democracy Project (C00799031),341792.98,IE_oppose,6,FEC independent_expenditure_2022.csv
"LEVIN, Mike",21939,H8CA49058,2020,J Street,JStreetPAC (C00441949),17900.0,earmarked_conduit_indiv,27,"FEC indiv20 (conduit 15E, recipient C00634253); FEC indiv20 (conduit 24T, recipient C00634253)"
"LEVIN, Mike",21939,H8CA49058,2020,J Street,JStreetPAC (C00441949),1000.0,earmarked_conduit_pas2,1,FEC pas220
"LEVIN, Mike",21939,H8CA49058,2022,J Street,JStreetPAC (C00441949),1000.0,direct_contribution,1,FEC pas222
"LEVIN, Mike",21939,H8CA49058,2022,J Street,JStreetPAC (C00441949),45757.0,earmarked_conduit_indiv,56,"FEC indiv22 (conduit 15E, recipient C00634253); FEC indiv22 (conduit 24T, recipient C00634253)"
"LEVIN, Mike",21939,H8CA49058,2022,pro-Israel,AIPAC PAC (C00797670),7900.0,direct_contribution,2,FEC pas222
"LEVIN, Mike",21939,H8CA49058,2022,pro-Israel,AIPAC PAC (C00797670),11750.0,earmarked_conduit_indiv,10,"FEC indiv22 (conduit 15E, recipient C00634253); FEC indiv22 (conduit 24T, recipient C00634253)"
"LEVIN, Mike",21939,H8CA49058,2022,pro-Israel,DMFI PAC (C00710848),2000.0,direct_contribution,1,FEC pas222
"LEVIN, Mike",21939,H8CA49058,2022,pro-Israel,Pro-Israel America PAC (C00699470),1000.0,direct_contribution,1,FEC pas222
"LEVIN, Mike",21939,H8CA49058,2022,pro-Israel,Pro-Israel America PAC (C00699470),20907.0,earmarked_conduit_indiv,43,"FEC indiv22 (conduit 24T, recipient C00634253)"
"LEVIN, Mike",21939,H8CA49058,2022,pro-Israel,Pro-Israel America PAC (C00699470),1033.0,earmarked_conduit_pas2,3,FEC pas222
"LEVIN, Mike",21939,H8CA49058,2024,J Street,JStreetPAC (C00441949),1000.0,direct_contribution,1,FEC pas224
"LEVIN, Mike",21939,H8CA49058,2024,J Street,JStreetPAC (C00441949),23600.0,earmarked_conduit_indiv,31,"FEC indiv24 (conduit 24T, recipient C00634253)"
"LEVIN, Mike",21939,H8CA49058,2024,J Street,JStreetPAC (C00441949),8600.0,earmarked_conduit_pas2,25,FEC pas224
"LEVIN, Mike",21939,H8CA49058,2024,pro-Israel,AIPAC PAC (C00797670),10000.0,direct_contribution,2,FEC pas224
"LEVIN, Mike",21939,H8CA49058,2024,pro-Israel,AIPAC PAC (C00797670),75022.0,earmarked_conduit_indiv,64,"FEC indiv24 (conduit 24T, recipient C00634253)"
"LEVIN, Mike",21939,H8CA49058,2024,pro-Israel,AIPAC PAC (C00797670),20101.0,earmarked_conduit_pas2,13,FEC pas224
"LEVIN, Mike",21939,H8CA49058,2024,pro-Israel,DMFI PAC (C00710848),5000.0,direct_contribution,3,FEC pas224
"LEVIN, Mike",21939,H8CA49058,2026,J Street,JStreetPAC (C00441949),1000.0,direct_contribution,1,FEC pas226
"LEVIN, Mike",21939,H8CA49058,2026,J Street,JStreetPAC (C00441949),40483.0,earmarked_conduit_indiv,48,"FEC indiv26 (conduit 15E, recipient C00634253); FEC indiv26 (conduit 24T, recipient C00634253)"
"LEVIN, Mike",21939,H8CA49058,2026,J Street,JStreetPAC (C00441949),4650.0,earmarked_conduit_pas2,10,FEC pas226
"LEVIN, Mike",21939,H8CA49058,2026,pro-Israel,AIPAC PAC (C00797670),5000.0,direct_contribution,3,FEC pas226
"LEVIN, Mike",21939,H8CA49058,2026,pro-Israel,AIPAC PAC (C00797670),124250.0,earmarked_conduit_indiv,89,"FEC indiv26 (conduit 15E, recipient C00634253); FEC indiv26 (conduit 24T, recipient C00634253)"
"LEVIN, Mike",21939,H8CA49058,2026,pro-Israel,AIPAC PAC (C00797670),-6.0,earmarked_conduit_pas2,2,FEC pas226
"LEWIS, John R.",15431,H6GA05217,2020,J Street,JStreetPAC (C00441949),1000.0,direct_contribution,1,FEC pas220
"LICCARDO, Sam T.",22532,H4CA16197,2024,J Street,JStreetPAC (C00441949),20099.0,earmarked_conduit_indiv,27,"FEC indiv24 (conduit 24T, recipient C00858688)"
"LICCARDO, Sam T.",22532,H4CA16197,2024,J Street,JStreetPAC (C00441949),2660.0,earmarked_conduit_pas2,11,FEC pas224
"LICCARDO, Sam T.",22532,H4CA16197,2026,J Street,JStreetPAC (C00441949),25630.0,earmarked_conduit_indiv,26,"FEC indiv26 (conduit 24T, recipient C00858688)"
"LICCARDO, Sam T.",22532,H4CA16197,2026,J Street,JStreetPAC (C00441949),1000.0,earmarked_conduit_pas2,1,FEC pas226
"LIEU, Ted",21507,H4CA33119,2020,pro-Israel,DMFI PAC (C00710848),2000.0,direct_contribution,1,FEC pas220
"LIEU, Ted",21507,H4CA33119,2020,pro-Israel,Pro-Israel America PAC (C00699470),1000.0,direct_contribution,1,FEC pas220
"LIEU, Ted",21507,H4CA33119,2020,pro-Israel,Pro-Israel America PAC (C00699470),30732.0,earmarked_conduit_indiv,27,"FEC indiv20 (conduit 24T, recipient C00556506)"
"LIEU, Ted",21507,H4CA33119,2022,pro-Israel,AIPAC PAC (C00797670),7900.0,direct_contribution,3,FEC pas222
"LIEU, Ted",21507,H4CA33119,2022,pro-Israel,AIPAC PAC (C00797670),59610.0,earmarked_conduit_indiv,72,"FEC indiv22 (conduit 15E, recipient C00556506); FEC indiv22 (conduit 24T, recipient C00556506)"
"LIEU, Ted",21507,H4CA33119,2022,pro-Israel,DMFI PAC (C00710848),2000.0,direct_contribution,1,FEC pas222
"LIEU, Ted",21507,H4CA33119,2022,pro-Israel,Pro-Israel America PAC (C00699470),35225.0,earmarked_conduit_indiv,46,"FEC indiv22 (conduit 15E, recipient C00556506); FEC indiv22 (conduit 24T, recipient C00556506)"
"LIEU, Ted",21507,H4CA33119,2024,pro-Israel,AIPAC PAC (C00797670),10000.0,direct_contribution,4,FEC pas224
"LIEU, Ted",21507,H4CA33119,2024,pro-Israel,AIPAC PAC (C00797670),293695.0,earmarked_conduit_indiv,233,"FEC indiv24 (conduit 15E, recipient C00556506); FEC indiv24 (conduit 24T, recipient C00556506)"
"LIEU, Ted",21507,H4CA33119,2024,pro-Israel,AIPAC PAC (C00797670),20931.0,earmarked_conduit_pas2,15,FEC pas224
"LIEU, Ted",21507,H4CA33119,2026,pro-Israel,AIPAC PAC (C00797670),10000.0,direct_contribution,2,FEC pas226
"LIEU, Ted",21507,H4CA33119,2026,pro-Israel,AIPAC PAC (C00797670),347760.0,earmarked_conduit_indiv,326,"FEC indiv26 (conduit 15E, recipient C00556506); FEC indiv26 (conduit 24T, recipient C00556506)"
"LIEU, Ted",21507,H4CA33119,2026,pro-Israel,AIPAC PAC (C00797670),8396.0,earmarked_conduit_pas2,9,FEC pas226
"LIPINSKI, Daniel",20508,H4IL03077,2020,pro-Israel,NORPAC (C00247403),13000.0,earmarked_conduit_indiv,10,"FEC indiv20 (conduit 24T, recipient C00405431)"
"LIPINSKI, Daniel",20508,H4IL03077,2020,pro-Israel,Pro-Israel America PAC (C00699470),91174.0,earmarked_conduit_indiv,97,"FEC indiv20 (conduit 15E, recipient C00405431); FEC indiv20 (conduit 24T, recipient C00405431)"
"LOEBSACK, Dave",20720,H6IA02146,2020,J Street,JStreetPAC (C00441949),250.0,earmarked_conduit_indiv,1,"FEC indiv20 (conduit 24T, recipient C00414318)"
"LOFGREN, Zoe",29504,H4CA16049,2020,J Street,JStreetPAC (C00441949),2000.0,direct_contribution,2,FEC pas220
"LOFGREN, Zoe",29504,H4CA16049,2020,J Street,JStreetPAC (C00441949),2000.0,earmarked_conduit_indiv,2,"FEC indiv20 (conduit 15E, recipient C00289603); FEC indiv20 (conduit 24T, recipient C00289603)"
"LOFGREN, Zoe",29504,H4CA16049,2022,J Street,JStreetPAC (C00441949),1000.0,direct_contribution,1,FEC pas222
"LOFGREN, Zoe",29504,H4CA16049,2022,J Street,JStreetPAC (C00441949),9600.0,earmarked_conduit_indiv,21,"FEC indiv22 (conduit 24T, recipient C00289603)"
"LOFGREN, Zoe",29504,H4CA16049,2024,J Street,JStreetPAC (C00441949),1500.0,direct_contribution,1,FEC pas224
"LOFGREN, Zoe",29504,H4CA16049,2024,J Street,JStreetPAC (C00441949),3250.0,earmarked_conduit_indiv,9,"FEC indiv24 (conduit 24T, recipient C00289603)"
"LOFGREN, Zoe",29504,H4CA16049,2026,J Street,JStreetPAC (C00441949),200.0,direct_contribution,1,FEC pas226
"LOFGREN, Zoe",29504,H4CA16049,2026,J Street,JStreetPAC (C00441949),2000.0,earmarked_conduit_indiv,5,"FEC indiv26 (conduit 24T, recipient C00289603)"
"LOFGREN, Zoe",29504,H4CA16049,2026,J Street,JStreetPAC (C00441949),250.0,earmarked_conduit_pas2,1,FEC pas226
"LONG, Billy",21150,H0MO07113,2020,pro-Israel,Republican Jewish Coalition PAC (C00345132),5000.0,direct_contribution,1,FEC pas220
"LONG, Billy",21150,H0MO07113,2022,pro-Israel,Republican Jewish Coalition PAC (C00345132),5000.0,direct_contribution,1,FEC pas222
"LOUDERMILK, Barry D.",21515,H4GA11061,2022,pro-Israel,AIPAC PAC (C00797670),7900.0,direct_contribution,2,FEC pas222
"LOUDERMILK, Barry D.",21515,H4GA11061,2022,pro-Israel,AIPAC PAC (C00797670),10000.0,earmarked_conduit_indiv,5,"FEC indiv22 (conduit 15E, recipient C00543892); FEC indiv22 (conduit 24T, recipient C00543892)"
"LOUDERMILK, Barry D.",21515,H4GA11061,2024,pro-Israel,AIPAC PAC (C00797670),10000.0,direct_contribution,2,FEC pas224
"LOUDERMILK, Barry D.",21515,H4GA11061,2024,pro-Israel,AIPAC PAC (C00797670),33050.0,earmarked_conduit_indiv,32,"FEC indiv24 (conduit 24T, recipient C00543892)"
"LOUDERMILK, Barry D.",21515,H4GA11061,2024,pro-Israel,AIPAC PAC (C00797670),260.0,earmarked_conduit_pas2,3,FEC pas224
"LOUDERMILK, Barry D.",21515,H4GA11061,2026,pro-Israel,AIPAC PAC (C00797670),16000.0,earmarked_conduit_indiv,18,"FEC indiv26 (conduit 24T, recipient C00543892)"
"LOUDERMILK, Barry D.",21515,H4GA11061,2026,pro-Israel,AIPAC PAC (C00797670),-6.0,earmarked_conduit_pas2,2,FEC pas226
"LOWENTHAL, Alan",21313,H2CA00104,2020,J Street,JStreetPAC (C00441949),5000.0,direct_contribution,5,FEC pas220
"LOWENTHAL, Alan",21313,H2CA00104,2020,J Street,JStreetPAC (C00441949),2000.0,earmarked_conduit_indiv,5,"FEC indiv20 (conduit 24T, recipient C00498212)"
"LOWENTHAL, Alan",21313,H2CA00104,2020,J Street,JStreetPAC (C00441949),50.0,earmarked_conduit_pas2,1,FEC pas220
"LOWENTHAL, Alan",21313,H2CA00104,2022,J Street,JStreetPAC (C00441949),2500.0,direct_contribution,2,FEC pas222
"LOWEY, Nita M.",15612,H8NY20056,2020,pro-Israel,Pro-Israel America PAC (C00699470),1000.0,direct_contribution,1,FEC pas220
"LOWEY, Nita M.",15612,H8NY20056,2020,pro-Israel,Pro-Israel America PAC (C00699470),414.0,earmarked_conduit_indiv,8,"FEC indiv20 (conduit 24T, recipient C00219881)"
"LUCAS, Frank D.",29393,H4OK06056,2024,pro-Israel,AIPAC PAC (C00797670),10000.0,direct_contribution,2,FEC pas224
"LUCAS, Frank D.",29393,H4OK06056,2024,pro-Israel,AIPAC PAC (C00797670),500.0,earmarked_conduit_indiv,1,"FEC indiv24 (conduit 24T, recipient C00287912)"
"LUCAS, Frank D.",29393,H4OK06056,2024,pro-Israel,AIPAC PAC (C00797670),10.0,earmarked_conduit_pas2,2,FEC pas224
"LUCAS, Frank D.",29393,H4OK06056,2026,pro-Israel,AIPAC PAC (C00797670),5000.0,direct_contribution,1,FEC pas226
"LUCAS, Frank D.",29393,H4OK06056,2026,pro-Israel,AIPAC PAC (C00797670),-6.0,earmarked_conduit_pas2,2,FEC pas226
"LUETKEMEYER, Blaine",20926,H8MO09153,2022,pro-Israel,AIPAC PAC (C00797670),10000.0,direct_contribution,3,FEC pas222
"LUETKEMEYER, Blaine",20926,H8MO09153,2024,pro-Israel,AIPAC PAC (C00797670),5000.0,direct_contribution,2,FEC pas224
"LUETKEMEYER, Blaine",20926,H8MO09153,2024,pro-Israel,AIPAC PAC (C00797670),2750.0,earmarked_conduit_indiv,2,"FEC indiv24 (conduit 15E, recipient C00458679); FEC indiv24 (conduit 24T, recipient C00458679)"
"LUJÁN, Ben Ray",20932,S0NM00058,2020,J Street,JStreetPAC (C00441949),17475.0,earmarked_conduit_indiv,22,"FEC indiv20 (conduit 15E, recipient C00443689); FEC indiv20 (conduit 24T, recipient C00443689)"
"LUJÁN, Ben Ray",20932,S0NM00058,2020,pro-Israel,DMFI PAC (C00710848),5000.0,direct_contribution,2,FEC pas220
"LUJÁN, Ben Ray",20932,S0NM00058,2024,J Street,JStreetPAC (C00441949),7500.0,earmarked_conduit_indiv,3,"FEC indiv24 (conduit 24T, recipient C00443689)"
"LUJÁN, Ben Ray",20932,S0NM00058,2024,J Street,JStreetPAC (C00441949),2500.0,earmarked_conduit_pas2,1,FEC pas224
"LUJÁN, Ben Ray",20932,S0NM00058,2026,J Street,JStreetPAC (C00441949),29650.0,earmarked_conduit_indiv,29,"FEC indiv26 (conduit 15E, recipient C00443689); FEC indiv26 (conduit 24T, recipient C00443689)"
"LUJÁN, Ben Ray",20932,S0NM00058,2026,J Street,JStreetPAC (C00441949),2500.0,earmarked_conduit_pas2,3,FEC pas226
"LUJÁN, Ben Ray",20932,H8NM03196,2026,J Street,JStreetPAC (C00441949),-3500.0,earmarked_conduit_pas2,1,FEC pas226
"LUNA, Anna",22343,H0FL13158,2024,pro-Israel,AIPAC PAC (C00797670),10000.0,direct_contribution,2,FEC pas224
"LUNA, Anna",22343,H0FL13158,2024,pro-Israel,AIPAC PAC (C00797670),11750.0,earmarked_conduit_indiv,19,"FEC indiv24 (conduit 24T, recipient C00718239)"
"LUNA, Anna",22343,H0FL13158,2024,pro-Israel,AIPAC PAC (C00797670),260.0,earmarked_conduit_pas2,3,FEC pas224
"LUNA, Anna",22343,H0FL13158,2026,pro-Israel,AIPAC PAC (C00797670),14750.0,earmarked_conduit_indiv,17,"FEC indiv26 (conduit 15E, recipient C00718239); FEC indiv26 (conduit 24T, recipient C00718239)"
"LUNA, Anna",22343,H0FL13158,2026,pro-Israel,AIPAC PAC (C00797670),-6.0,earmarked_conduit_pas2,2,FEC pas226
"LURIA, Elaine",21941,H8VA02111,2020,pro-Israel,DMFI PAC (C00710848),2000.0,direct_contribution,1,FEC pas220
"LURIA, Elaine",21941,H8VA02111,2020,pro-Israel,NORPAC (C00247403),19000.0,direct_contribution,3,FEC pas220
"LURIA, Elaine",21941,H8VA02111,2020,pro-Israel,NORPAC (C00247403),30000.0,earmarked_conduit_indiv,37,"FEC indiv20 (conduit 15E, recipient C00664375); FEC indiv20 (conduit 24T, recipient C00664375)"
"LURIA, Elaine",21941,H8VA02111,2020,pro-Israel,Pro-Israel America PAC (C00699470),5000.0,direct_contribution,1,FEC pas220
"LURIA, Elaine",21941,H8VA02111,2020,pro-Israel,Pro-Israel America PAC (C00699470),120985.0,earmarked_conduit_indiv,230,"FEC indiv20 (conduit 15E, recipient C00664375); FEC indiv20 (conduit 24T, recipient C00664375)"
"LURIA, Elaine",21941,H8VA02111,2022,pro-Israel,AIPAC PAC (C00797670),10000.0,direct_contribution,4,FEC pas222
"LURIA, Elaine",21941,H8VA02111,2022,pro-Israel,AIPAC PAC (C00797670),515675.0,earmarked_conduit_indiv,618,"FEC indiv22 (conduit 15E, recipient C00664375); FEC indiv22 (conduit 24T, recipient C00664375)"
"LURIA, Elaine",21941,H8VA02111,2022,pro-Israel,AIPAC PAC (C00797670),-1166.0,earmarked_conduit_pas2,3,FEC pas222
"LURIA, Elaine",21941,H8VA02111,2022,pro-Israel,DMFI PAC (C00710848),65900.75,IE_support,2,FEC independent_expenditure_2022.csv
"LURIA, Elaine",21941,H8VA02111,2022,pro-Israel,DMFI PAC (C00710848),2000.0,direct_contribution,1,FEC pas222
"LURIA, Elaine",21941,H8VA02111,2022,pro-Israel,NORPAC (C00247403),2500.0,direct_contribution,1,FEC pas222
"LURIA, Elaine",21941,H8VA02111,2022,pro-Israel,NORPAC (C00247403),66509.0,earmarked_conduit_indiv,81,"FEC indiv22 (conduit 24T, recipient C00664375)"
"LURIA, Elaine",21941,H8VA02111,2022,pro-Israel,Pro-Israel America PAC (C00699470),10000.0,direct_contribution,2,FEC pas222
"LURIA, Elaine",21941,H8VA02111,2022,pro-Israel,Pro-Israel America PAC (C00699470),88171.0,earmarked_conduit_indiv,158,"FEC indiv22 (conduit 15E, recipient C00664375); FEC indiv22 (conduit 24T, recipient C00664375)"
"LURIA, Elaine",21941,H8VA02111,2022,pro-Israel,Pro-Israel America PAC (C00699470),1764.0,earmarked_conduit_pas2,10,FEC pas222
"LUTTRELL, Morgan",22344,H2TX08182,2022,pro-Israel,AIPAC PAC (C00797670),5000.0,direct_contribution,1,FEC pas222
"LUTTRELL, Morgan",22344,H2TX08182,2022,pro-Israel,AIPAC PAC (C00797670),1250.0,earmarked_conduit_indiv,2,"FEC indiv22 (conduit 15E, recipient C00781112); FEC indiv22 (conduit 24T, recipient C00781112)"
"LUTTRELL, Morgan",22344,H2TX08182,2024,pro-Israel,AIPAC PAC (C00797670),10000.0,direct_contribution,2,FEC pas224
"LUTTRELL, Morgan",22344,H2TX08182,2024,pro-Israel,AIPAC PAC (C00797670),12100.0,earmarked_conduit_indiv,16,"FEC indiv24 (conduit 24T, recipient C00781112)"
"LUTTRELL, Morgan",22344,H2TX08182,2024,pro-Israel,AIPAC PAC (C00797670),510.0,earmarked_conduit_pas2,3,FEC pas224
"LUTTRELL, Morgan",22344,H2TX08182,2024,pro-Israel,Republican Jewish Coalition PAC (C00345132),130.0,earmarked_conduit_indiv,1,"FEC indiv24 (conduit 24T, recipient C00781112)"
"LUTTRELL, Morgan",22344,H2TX08182,2024,pro-Israel,Republican Jewish Coalition PAC (C00345132),168.0,earmarked_conduit_pas2,2,FEC pas224
"LYNCH, Stephen F.",20119,H2MA09072,2024,J Street,JStreetPAC (C00441949),1000.0,direct_contribution,1,FEC pas224
"LYNCH, Stephen F.",20119,H2MA09072,2026,J Street,JStreetPAC (C00441949),1000.0,direct_contribution,1,FEC pas226
"MACE, Nancy",22132,H0SC01394,2020,pro-Israel,Republican Jewish Coalition PAC (C00345132),5000.0,direct_contribution,2,FEC pas220
"MACE, Nancy",22132,H0SC01394,2020,pro-Israel,Republican Jewish Coalition PAC (C00345132),5791.0,earmarked_conduit_indiv,26,"FEC indiv20 (conduit 24T, recipient C00710103)"
"MACE, Nancy",22132,H0SC01394,2022,pro-Israel,AIPAC PAC (C00797670),7900.0,direct_contribution,4,FEC pas222
"MACE, Nancy",22132,H0SC01394,2022,pro-Israel,AIPAC PAC (C00797670),17250.0,earmarked_conduit_indiv,13,"FEC indiv22 (conduit 15E, recipient C00710103); FEC indiv22 (conduit 24T, recipient C00710103)"
"MACE, Nancy",22132,H0SC01394,2022,pro-Israel,NORPAC (C00247403),502.0,direct_contribution,1,FEC pas222
"MACE, Nancy",22132,H0SC01394,2022,pro-Israel,Republican Jewish Coalition PAC (C00345132),5000.0,direct_contribution,1,FEC pas222
"MACE, Nancy",22132,H0SC01394,2022,pro-Israel,Republican Jewish Coalition PAC (C00345132),5563.0,earmarked_conduit_indiv,35,"FEC indiv22 (conduit 24T, recipient C00710103)"
"MACE, Nancy",22132,H0SC01394,2024,pro-Israel,AIPAC PAC (C00797670),10000.0,direct_contribution,4,FEC pas224
"MACE, Nancy",22132,H0SC01394,2024,pro-Israel,AIPAC PAC (C00797670),19505.0,earmarked_conduit_indiv,24,"FEC indiv24 (conduit 24T, recipient C00710103)"
"MACE, Nancy",22132,H0SC01394,2024,pro-Israel,AIPAC PAC (C00797670),13660.0,earmarked_conduit_pas2,19,FEC pas224
"MACE, Nancy",22132,H0SC01394,2024,pro-Israel,NORPAC (C00247403),512.0,direct_contribution,1,FEC pas224
"MACE, Nancy",22132,H0SC01394,2024,pro-Israel,NORPAC (C00247403),17471.0,earmarked_conduit_indiv,22,"FEC indiv24 (conduit 24T, recipient C00710103)"
"MACE, Nancy",22132,H0SC01394,2024,pro-Israel,Republican Jewish Coalition PAC (C00345132),4310.0,earmarked_conduit_indiv,3,"FEC indiv24 (conduit 24T, recipient C00710103)"
"MACE, Nancy",22132,H0SC01394,2024,pro-Israel,Republican Jewish Coalition PAC (C00345132),186.0,earmarked_conduit_pas2,5,FEC pas224
"MACE, Nancy",22132,H0SC01394,2026,pro-Israel,AIPAC PAC (C00797670),500.0,earmarked_conduit_indiv,1,"FEC indiv26 (conduit 24T, recipient C00710103)"
"MACKENZIE, Ryan",22533,H8PA15195,2024,pro-Israel,Republican Jewish Coalition PAC (C00345132),5000.0,direct_contribution,2,FEC pas224
"MACKENZIE, Ryan",22533,H8PA15195,2024,pro-Israel,Republican Jewish Coalition PAC (C00345132),7478.0,earmarked_conduit_indiv,14,"FEC indiv24 (conduit 24T, recipient C00846501); FEC indiv24 (conduit 24T, recipient C00858357)"
"MACKENZIE, Ryan",22533,H8PA15195,2024,pro-Israel,Republican Jewish Coalition PAC (C00345132),5276.0,earmarked_conduit_pas2,23,FEC pas224
"MACKENZIE, Ryan",22533,H8PA15195,2024,suppl: J Street,J Street Action Fund (C00815753),104995.0,IE_oppose,5,FEC independent_expenditure_2024.csv
"MACKENZIE, Ryan",22533,H8PA15195,2026,pro-Israel,AIPAC PAC (C00797670),10000.0,direct_contribution,2,FEC pas226
"MACKENZIE, Ryan",22533,H8PA15195,2026,pro-Israel,AIPAC PAC (C00797670),77935.0,earmarked_conduit_indiv,43,"FEC indiv26 (conduit 15E, recipient C00846501); FEC indiv26 (conduit 24T, recipient C00846501)"
"MACKENZIE, Ryan",22533,H8PA15195,2026,pro-Israel,AIPAC PAC (C00797670),-6.0,earmarked_conduit_pas2,1,FEC pas226
"MACKENZIE, Ryan",22533,H8PA15195,2026,pro-Israel,Republican Jewish Coalition PAC (C00345132),5000.0,direct_contribution,1,FEC pas226
"MACKENZIE, Ryan",22533,H8PA15195,2026,pro-Israel,Republican Jewish Coalition PAC (C00345132),1724.0,earmarked_conduit_indiv,10,"FEC indiv26 (conduit 24T, recipient C00846501)"
"MACKENZIE, Ryan",22533,H8PA15195,2026,pro-Israel,Republican Jewish Coalition PAC (C00345132),2500.0,earmarked_conduit_pas2,1,FEC pas226
"MAGAZINER, Seth",22345,H2RI02184,2022,J Street,JStreetPAC (C00441949),26680.0,earmarked_conduit_indiv,28,"FEC indiv22 (conduit 15E, recipient C00802504); FEC indiv22 (conduit 24T, recipient C00802504)"
"MAGAZINER, Seth",22345,H2RI02184,2022,J Street,JStreetPAC (C00441949),16.0,in_kind,1,FEC pas222
"MAGAZINER, Seth",22345,H2RI02184,2022,pro-Israel,AIPAC PAC (C00797670),5000.0,direct_contribution,1,FEC pas222
"MAGAZINER, Seth",22345,H2RI02184,2022,pro-Israel,DMFI PAC (C00710848),2000.0,direct_contribution,1,FEC pas222
"MAGAZINER, Seth",22345,H2RI02184,2024,J Street,JStreetPAC (C00441949),2000.0,direct_contribution,2,FEC pas224
"MAGAZINER, Seth",22345,H2RI02184,2024,J Street,JStreetPAC (C00441949),4300.0,earmarked_conduit_indiv,3,"FEC indiv24 (conduit 24T, recipient C00802504)"
"MAGAZINER, Seth",22345,H2RI02184,2024,pro-Israel,AIPAC PAC (C00797670),10000.0,direct_contribution,2,FEC pas224
"MAGAZINER, Seth",22345,H2RI02184,2024,pro-Israel,AIPAC PAC (C00797670),25100.0,earmarked_conduit_indiv,25,"FEC indiv24 (conduit 24T, recipient C00802504)"
"MAGAZINER, Seth",22345,H2RI02184,2024,pro-Israel,DMFI PAC (C00710848),1300.0,IE_support,1,FEC independent_expenditure_2024.csv
"MAGAZINER, Seth",22345,H2RI02184,2024,pro-Israel,DMFI PAC (C00710848),1000.0,direct_contribution,1,FEC pas224
"MAGAZINER, Seth",22345,H2RI02184,2026,J Street,JStreetPAC (C00441949),500.0,direct_contribution,1,FEC pas226
"MAGAZINER, Seth",22345,H2RI02184,2026,J Street,JStreetPAC (C00441949),4500.0,earmarked_conduit_indiv,2,"FEC indiv26 (conduit 15E, recipient C00802504); FEC indiv26 (conduit 24T, recipient C00802504)"
"MAGAZINER, Seth",22345,H2RI02184,2026,pro-Israel,AIPAC PAC (C00797670),7500.0,earmarked_conduit_indiv,2,"FEC indiv26 (conduit 24T, recipient C00802504)"
"MAGAZINER, Seth",22345,H2RI02184,2026,pro-Israel,AIPAC PAC (C00797670),-6.0,earmarked_conduit_pas2,2,FEC pas226
"MALINOWSKI, Tomaz",21942,H8NJ07223,2020,J Street,JStreetPAC (C00441949),-1666.0,direct_contribution,1,FEC pas220
"MALINOWSKI, Tomaz",21942,H8NJ07223,2020,J Street,JStreetPAC (C00441949),86311.0,earmarked_conduit_indiv,112,"FEC indiv20 (conduit 15E, recipient C00656686); FEC indiv20 (conduit 24T, recipient C00656686)"
"MALINOWSKI, Tomaz",21942,H8NJ07223,2020,J Street,JStreetPAC (C00441949),5300.0,earmarked_conduit_pas2,5,FEC pas220
"MALINOWSKI, Tomaz",21942,H8NJ07223,2020,J Street,JStreetPAC (C00441949),287.0,in_kind,1,FEC pas220
"MALINOWSKI, Tomaz",21942,H8NJ07223,2020,pro-Israel,DMFI PAC (C00710848),5000.0,direct_contribution,2,FEC pas220
"MALINOWSKI, Tomaz",21942,H8NJ07223,2020,pro-Israel,NORPAC (C00247403),500.0,earmarked_conduit_indiv,1,"FEC indiv20 (conduit 24T, recipient C00656686)"
"MALINOWSKI, Tomaz",21942,H8NJ07223,2022,J Street,JStreetPAC (C00441949),117155.0,earmarked_conduit_indiv,144,"FEC indiv22 (conduit 15E, recipient C00656686); FEC indiv22 (conduit 24T, recipient C00656686)"
"MALINOWSKI, Tomaz",21942,H8NJ07223,2022,J Street,JStreetPAC (C00441949),1677.0,in_kind,1,FEC pas222
"MALINOWSKI, Tomaz",21942,H8NJ07223,2022,critical/pro-Palestinian,Emgage Federal PAC (C00453704),1000.0,direct_contribution,1,FEC pas222
"MALINOWSKI, Tomaz",21942,H8NJ07223,2022,pro-Israel,AIPAC PAC (C00797670),2900.0,direct_contribution,1,FEC pas222
"MALINOWSKI, Tomaz",21942,H8NJ07223,2022,pro-Israel,AIPAC PAC (C00797670),6800.0,earmarked_conduit_indiv,4,"FEC indiv22 (conduit 24T, recipient C00656686)"
"MALINOWSKI, Tomaz",21942,H8NJ07223,2022,pro-Israel,DMFI PAC (C00710848),2000.0,direct_contribution,1,FEC pas222
"MALINOWSKI, Tomaz",21942,H8NJ07223,2022,pro-Israel,Pro-Israel America PAC (C00699470),26200.0,earmarked_conduit_indiv,27,"FEC indiv22 (conduit 24T, recipient C00656686)"
"MALINOWSKI, Tomaz",21942,H8NJ07223,2026,pro-Israel,United Democracy Project (C00799031),2326917.4,IE_oppose,15,FEC independent_expenditure_2026.csv
"MALLIOTAKIS, Nicole",22133,H0NY11078,2020,pro-Israel,DMFI PAC (C00710848),183302.0,IE_oppose,2,FEC independent_expenditure_2020.csv
"MALLIOTAKIS, Nicole",22133,H0NY11078,2020,pro-Israel,Republican Jewish Coalition PAC (C00345132),5000.0,direct_contribution,2,FEC pas220
"MALLIOTAKIS, Nicole",22133,H0NY11078,2022,pro-Israel,AIPAC PAC (C00797670),4200.0,direct_contribution,2,FEC pas222
"MALLIOTAKIS, Nicole",22133,H0NY11078,2022,pro-Israel,AIPAC PAC (C00797670),35250.0,earmarked_conduit_indiv,26,"FEC indiv22 (conduit 15E, recipient C00694778); FEC indiv22 (conduit 24T, recipient C00694778)"
"MALLIOTAKIS, Nicole",22133,H0NY11078,2022,pro-Israel,Pro-Israel America PAC (C00699470),25400.0,earmarked_conduit_indiv,22,"FEC indiv22 (conduit 24T, recipient C00694778)"
"MALLIOTAKIS, Nicole",22133,H0NY11078,2022,pro-Israel,Republican Jewish Coalition PAC (C00345132),2500.0,direct_contribution,1,FEC pas222
"MALLIOTAKIS, Nicole",22133,H0NY11078,2022,pro-Israel,Republican Jewish Coalition PAC (C00345132),6291.0,earmarked_conduit_indiv,37,"FEC indiv22 (conduit 24T, recipient C00694778); FEC indiv22 (conduit 24T, recipient C00702787)"
"MALLIOTAKIS, Nicole",22133,H0NY11078,2024,pro-Israel,AIPAC PAC (C00797670),5000.0,direct_contribution,5,FEC pas224
"MALLIOTAKIS, Nicole",22133,H0NY11078,2024,pro-Israel,AIPAC PAC (C00797670),55200.0,earmarked_conduit_indiv,59,"FEC indiv24 (conduit 15E, recipient C00694778); FEC indiv24 (conduit 24T, recipient C00694778)"
"MALLIOTAKIS, Nicole",22133,H0NY11078,2024,pro-Israel,AIPAC PAC (C00797670),9815.0,earmarked_conduit_pas2,9,FEC pas224
"MALLIOTAKIS, Nicole",22133,H0NY11078,2024,pro-Israel,Republican Jewish Coalition PAC (C00345132),7984.0,earmarked_conduit_indiv,6,"FEC indiv24 (conduit 24T, recipient C00694778)"
"MALLIOTAKIS, Nicole",22133,H0NY11078,2024,pro-Israel,Republican Jewish Coalition PAC (C00345132),314.0,earmarked_conduit_pas2,6,FEC pas224
"MALLIOTAKIS, Nicole",22133,H0NY11078,2026,pro-Israel,AIPAC PAC (C00797670),10000.0,direct_contribution,2,FEC pas226
"MALLIOTAKIS, Nicole",22133,H0NY11078,2026,pro-Israel,AIPAC PAC (C00797670),56750.0,earmarked_conduit_indiv,49,"FEC indiv26 (conduit 15E, recipient C00694778); FEC indiv26 (conduit 24T, recipient C00694778)"
"MALLIOTAKIS, Nicole",22133,H0NY11078,2026,pro-Israel,AIPAC PAC (C00797670),-6.0,earmarked_conduit_pas2,1,FEC pas226
"MALLIOTAKIS, Nicole",22133,H0NY11078,2026,pro-Israel,NORPAC (C00247403),23660.0,earmarked_conduit_indiv,26,"FEC indiv26 (conduit 24T, recipient C00694778)"
"MALLIOTAKIS, Nicole",22133,H0NY11078,2026,pro-Israel,Republican Jewish Coalition PAC (C00345132),75.0,earmarked_conduit_pas2,2,FEC pas226
"MALONEY, Carolyn Bosher",29379,H2NY14037,2020,pro-Israel,DMFI PAC (C00710848),26885.2,IE_support,1,FEC independent_expenditure_2020.csv
"MALONEY, Carolyn Bosher",29379,H2NY14037,2020,pro-Israel,DMFI PAC (C00710848),2000.0,direct_contribution,1,FEC pas220
"MALONEY, Carolyn Bosher",29379,H2NY14037,2020,pro-Israel,Pro-Israel America PAC (C00699470),4000.0,direct_contribution,1,FEC pas220
"MALONEY, Carolyn Bosher",29379,H2NY14037,2020,pro-Israel,Pro-Israel America PAC (C00699470),30464.0,earmarked_conduit_indiv,108,"FEC indiv20 (conduit 15E, recipient C00273169); FEC indiv20 (conduit 24T, recipient C00273169); FEC indiv20 (conduit 24T, recipient C00755181)"
"MALONEY, Carolyn Bosher",29379,H2NY14037,2022,pro-Israel,AIPAC PAC (C00797670),2900.0,direct_contribution,1,FEC pas222
"MALONEY, Carolyn Bosher",29379,H2NY14037,2022,pro-Israel,AIPAC PAC (C00797670),105210.0,earmarked_conduit_indiv,76,"FEC indiv22 (conduit 15E, recipient C00273169); FEC indiv22 (conduit 24T, recipient C00273169)"
"MALONEY, Carolyn Bosher",29379,H2NY14037,2022,pro-Israel,AIPAC PAC (C00797670),-1000.0,earmarked_conduit_pas2,1,FEC pas222
"MALONEY, Carolyn Bosher",29379,H2NY14037,2022,pro-Israel,DMFI PAC (C00710848),2000.0,direct_contribution,1,FEC pas222
"MALONEY, Carolyn Bosher",29379,H2NY14037,2022,pro-Israel,Pro-Israel America PAC (C00699470),29292.0,earmarked_conduit_indiv,154,"FEC indiv22 (conduit 15E, recipient C00273169); FEC indiv22 (conduit 24T, recipient C00273169)"
"MALONEY, Carolyn Bosher",29379,H2NY14037,2022,pro-Israel,Pro-Israel America PAC (C00699470),322.0,earmarked_conduit_pas2,9,FEC pas222
"MALONEY, Sean Patrick",21344,H2NY22139,2022,pro-Israel,AIPAC PAC (C00797670),10000.0,direct_contribution,4,FEC pas222
"MALONEY, Sean Patrick",21344,H2NY22139,2022,pro-Israel,AIPAC PAC (C00797670),47900.0,earmarked_conduit_indiv,35,"FEC indiv22 (conduit 15E, recipient C00512426); FEC indiv22 (conduit 24T, recipient C00512426)"
"MALONEY, Sean Patrick",21344,H2NY22139,2022,pro-Israel,DMFI PAC (C00710848),53434.0,IE_support,2,FEC independent_expenditure_2022.csv
"MALOY, Celeste",22376,H4UT02296,2024,pro-Israel,AIPAC PAC (C00797670),15000.0,direct_contribution,3,FEC pas224
"MALOY, Celeste",22376,H4UT02296,2024,pro-Israel,AIPAC PAC (C00797670),33958.0,earmarked_conduit_indiv,56,"FEC indiv24 (conduit 24T, recipient C00842765)"
"MALOY, Celeste",22376,H4UT02296,2024,pro-Israel,AIPAC PAC (C00797670),1760.0,earmarked_conduit_pas2,5,FEC pas224
"MALOY, Celeste",22376,H4UT02296,2024,pro-Israel,Republican Jewish Coalition PAC (C00345132),6.0,earmarked_conduit_pas2,1,FEC pas224
"MALOY, Celeste",22376,H4UT02296,2026,pro-Israel,AIPAC PAC (C00797670),5000.0,direct_contribution,1,FEC pas226
"MALOY, Celeste",22376,H4UT02296,2026,pro-Israel,AIPAC PAC (C00797670),26625.0,earmarked_conduit_indiv,17,"FEC indiv26 (conduit 24T, recipient C00842765)"
"MALOY, Celeste",22376,H4UT02296,2026,pro-Israel,AIPAC PAC (C00797670),-6.0,earmarked_conduit_pas2,2,FEC pas226
"MANN, Tracey",22134,H0KS01123,2022,pro-Israel,AIPAC PAC (C00797670),10000.0,direct_contribution,3,FEC pas222
"MANN, Tracey",22134,H0KS01123,2022,pro-Israel,AIPAC PAC (C00797670),15000.0,earmarked_conduit_indiv,10,"FEC indiv22 (conduit 15E, recipient C00460659); FEC indiv22 (conduit 24T, recipient C00460659)"
"MANN, Tracey",22134,H0KS01123,2024,pro-Israel,AIPAC PAC (C00797670),10000.0,direct_contribution,2,FEC pas224
"MANN, Tracey",22134,H0KS01123,2024,pro-Israel,AIPAC PAC (C00797670),20850.0,earmarked_conduit_indiv,20,"FEC indiv24 (conduit 24T, recipient C00460659)"
"MANN, Tracey",22134,H0KS01123,2024,pro-Israel,AIPAC PAC (C00797670),4010.0,earmarked_conduit_pas2,7,FEC pas224
"MANN, Tracey",22134,H0KS01123,2026,pro-Israel,AIPAC PAC (C00797670),10000.0,direct_contribution,2,FEC pas226
"MANN, Tracey",22134,H0KS01123,2026,pro-Israel,AIPAC PAC (C00797670),32377.0,earmarked_conduit_indiv,23,"FEC indiv26 (conduit 24T, recipient C00460659)"
"MANN, Tracey",22134,H0KS01123,2026,pro-Israel,AIPAC PAC (C00797670),-6.0,earmarked_conduit_pas2,2,FEC pas226
"MANNING, Kathy E.",22135,H8NC13067,2020,pro-Israel,DMFI PAC (C00710848),2000.0,direct_contribution,1,FEC pas220
"MANNING, Kathy E.",22135,H8NC13067,2022,pro-Israel,AIPAC PAC (C00797670),2100.0,direct_contribution,1,FEC pas222
"MANNING, Kathy E.",22135,H8NC13067,2022,pro-Israel,AIPAC PAC (C00797670),106050.0,earmarked_conduit_indiv,96,"FEC indiv22 (conduit 15E, recipient C00662577); FEC indiv22 (conduit 24T, recipient C00662577)"
"MANNING, Kathy E.",22135,H8NC13067,2022,pro-Israel,AIPAC PAC (C00797670),-2941.0,earmarked_conduit_pas2,2,FEC pas222
"MANNING, Kathy E.",22135,H8NC13067,2022,pro-Israel,DMFI PAC (C00710848),3000.0,direct_contribution,1,FEC pas222
"MANNING, Kathy E.",22135,H8NC13067,2022,pro-Israel,Pro-Israel America PAC (C00699470),2500.0,direct_contribution,1,FEC pas222
"MANNING, Kathy E.",22135,H8NC13067,2022,pro-Israel,Pro-Israel America PAC (C00699470),25805.0,earmarked_conduit_indiv,40,"FEC indiv22 (conduit 15E, recipient C00662577); FEC indiv22 (conduit 24T, recipient C00662577)"
"MANNING, Kathy E.",22135,H8NC13067,2024,pro-Israel,AIPAC PAC (C00797670),5000.0,direct_contribution,1,FEC pas224
"MANNING, Kathy E.",22135,H8NC13067,2024,pro-Israel,AIPAC PAC (C00797670),157708.0,earmarked_conduit_indiv,168,"FEC indiv24 (conduit 15E, recipient C00662577); FEC indiv24 (conduit 24T, recipient C00662577)"
"MANNING, Kathy E.",22135,H8NC13067,2024,pro-Israel,AIPAC PAC (C00797670),1800.0,earmarked_conduit_pas2,2,FEC pas224
"MANNION, John W.",22534,H4NY22085,2024,J Street,JStreetPAC (C00441949),28575.0,earmarked_conduit_indiv,28,"FEC indiv24 (conduit 24T, recipient C00845461)"
"MANNION, John W.",22534,H4NY22085,2024,J Street,JStreetPAC (C00441949),39212.0,earmarked_conduit_pas2,120,FEC pas224
"MANNION, John W.",22534,H4NY22085,2026,J Street,JStreetPAC (C00441949),2000.0,direct_contribution,2,FEC pas226
"MANNION, John W.",22534,H4NY22085,2026,J Street,JStreetPAC (C00441949),26480.0,earmarked_conduit_indiv,41,"FEC indiv26 (conduit 15E, recipient C00845461); FEC indiv26 (conduit 24T, recipient C00845461)"
"MANNION, John W.",22534,H4NY22085,2026,J Street,JStreetPAC (C00441949),2100.0,earmarked_conduit_pas2,3,FEC pas226
"MARSHALL, Roger Wayne",21734,S0KS00315,2020,pro-Israel,Republican Jewish Coalition PAC (C00345132),5000.0,direct_contribution,1,FEC pas220
"MARSHALL, Roger Wayne",21734,S0KS00315,2026,pro-Israel,AIPAC PAC (C00797670),5000.0,direct_contribution,1,FEC pas226
"MARSHALL, Roger Wayne",21734,S0KS00315,2026,pro-Israel,AIPAC PAC (C00797670),268080.0,earmarked_conduit_indiv,148,"FEC indiv26 (conduit 15E, recipient C00576173); FEC indiv26 (conduit 24T, recipient C00576173)"
"MARSHALL, Roger Wayne",21734,S0KS00315,2026,pro-Israel,AIPAC PAC (C00797670),-1006.0,earmarked_conduit_pas2,3,FEC pas226
"MARSHALL, Roger Wayne",21734,S0KS00315,2026,pro-Israel,NORPAC (C00247403),24500.0,direct_contribution,2,FEC pas226
"MASSIE, Thomas",31102,H2KY04121,2024,pro-Israel,United Democracy Project (C00799031),319783.3,IE_oppose,2,FEC independent_expenditure_2024.csv
"MASSIE, Thomas",31102,H2KY04121,2026,pro-Israel,United Democracy Project (C00799031),3576968.08,IE_oppose,6,FEC independent_expenditure_2026.csv
"MAST, Brian Jeffrey",21735,H6FL18097,2020,pro-Israel,Pro-Israel America PAC (C00699470),565.0,earmarked_conduit_indiv,6,"FEC indiv20 (conduit 24T, recipient C00632257)"
"MAST, Brian Jeffrey",21735,H6FL18097,2022,pro-Israel,AIPAC PAC (C00797670),10000.0,direct_contribution,4,FEC pas222
"MAST, Brian Jeffrey",21735,H6FL18097,2022,pro-Israel,AIPAC PAC (C00797670),90843.0,earmarked_conduit_indiv,102,"FEC indiv22 (conduit 15E, recipient C00632257); FEC indiv22 (conduit 24T, recipient C00632257)"
"MAST, Brian Jeffrey",21735,H6FL18097,2024,pro-Israel,AIPAC PAC (C00797670),10000.0,direct_contribution,4,FEC pas224
"MAST, Brian Jeffrey",21735,H6FL18097,2024,pro-Israel,AIPAC PAC (C00797670),180050.0,earmarked_conduit_indiv,122,"FEC indiv24 (conduit 24T, recipient C00632257)"
"MAST, Brian Jeffrey",21735,H6FL18097,2024,pro-Israel,AIPAC PAC (C00797670),31910.0,earmarked_conduit_pas2,26,FEC pas224
"MAST, Brian Jeffrey",21735,H6FL18097,2024,pro-Israel,Republican Jewish Coalition PAC (C00345132),18.0,earmarked_conduit_indiv,1,"FEC indiv24 (conduit 24T, recipient C00632257)"
"MAST, Brian Jeffrey",21735,H6FL18097,2024,pro-Israel,Republican Jewish Coalition PAC (C00345132),118.0,earmarked_conduit_pas2,2,FEC pas224
"MAST, Brian Jeffrey",21735,H6FL18097,2026,pro-Israel,AIPAC PAC (C00797670),5000.0,direct_contribution,1,FEC pas226
"MAST, Brian Jeffrey",21735,H6FL18097,2026,pro-Israel,AIPAC PAC (C00797670),420310.0,earmarked_conduit_indiv,299,"FEC indiv26 (conduit 15E, recipient C00632257); FEC indiv26 (conduit 24T, recipient C00632257)"
"MAST, Brian Jeffrey",21735,H6FL18097,2026,pro-Israel,AIPAC PAC (C00797670),-6.0,earmarked_conduit_pas2,1,FEC pas226
"MAST, Brian Jeffrey",21735,H6FL18097,2026,pro-Israel,NORPAC (C00247403),8500.0,direct_contribution,3,FEC pas226
"MAST, Brian Jeffrey",21735,H6FL18097,2026,pro-Israel,NORPAC (C00247403),31800.0,earmarked_conduit_indiv,25,"FEC indiv26 (conduit 24T, recipient C00632257)"
"MAST, Brian Jeffrey",21735,H6FL18097,2026,pro-Israel,Republican Jewish Coalition PAC (C00345132),408.0,earmarked_conduit_indiv,3,"FEC indiv26 (conduit 24T, recipient C00632257)"
"MAST, Brian Jeffrey",21735,H6FL18097,2026,pro-Israel,Republican Jewish Coalition PAC (C00345132),36.0,earmarked_conduit_pas2,1,FEC pas226
"MATSUI, Doris",20538,H6CA05195,2022,pro-Israel,AIPAC PAC (C00797670),7900.0,direct_contribution,4,FEC pas222
"MATSUI, Doris",20538,H6CA05195,2022,pro-Israel,AIPAC PAC (C00797670),2000.0,earmarked_conduit_indiv,1,"FEC indiv22 (conduit 24T, recipient C00409219)"
"MATSUI, Doris",20538,H6CA05195,2024,pro-Israel,AIPAC PAC (C00797670),10000.0,direct_contribution,2,FEC pas224
"MATSUI, Doris",20538,H6CA05195,2024,pro-Israel,AIPAC PAC (C00797670),322.0,earmarked_conduit_indiv,1,"FEC indiv24 (conduit 24T, recipient C00409219)"
"MATSUI, Doris",20538,H6CA05195,2024,pro-Israel,AIPAC PAC (C00797670),1001.0,earmarked_conduit_pas2,2,FEC pas224
"MATSUI, Doris",20538,H6CA05195,2026,critical/pro-Palestinian,Justice Democrats PAC (C00630665),120000.0,IE_oppose,2,FEC independent_expenditure_2026.csv
"MCADAMS, Ben",21943,H8UT04053,2020,pro-Israel,DMFI PAC (C00710848),5000.0,direct_contribution,2,FEC pas220
"MCBRIDE, Sarah",22535,H4DE00045,2024,J Street,JStreetPAC (C00441949),4000.0,earmarked_conduit_indiv,5,"FEC indiv24 (conduit 24T, recipient C00843763)"
"MCBRIDE, Sarah",22535,H4DE00045,2024,J Street,JStreetPAC (C00441949),100.0,earmarked_conduit_pas2,1,FEC pas224
"MCBRIDE, Sarah",22535,H4DE00045,2024,pro-Israel,AIPAC PAC (C00797670),10000.0,direct_contribution,2,FEC pas224
"MCBRIDE, Sarah",22535,H4DE00045,2024,pro-Israel,AIPAC PAC (C00797670),32010.0,earmarked_conduit_indiv,38,"FEC indiv24 (conduit 24T, recipient C00843763)"
"MCBRIDE, Sarah",22535,H4DE00045,2024,pro-Israel,DMFI PAC (C00710848),1000.0,direct_contribution,1,FEC pas224
"MCBRIDE, Sarah",22535,H4DE00045,2026,J Street,JStreetPAC (C00441949),25627.0,earmarked_conduit_indiv,33,"FEC indiv26 (conduit 24T, recipient C00843763)"
"MCBRIDE, Sarah",22535,H4DE00045,2026,J Street,JStreetPAC (C00441949),1350.0,earmarked_conduit_pas2,5,FEC pas226
"MCCARTHY, Kevin",20703,H6CA22125,2020,pro-Israel,Pro-Israel America PAC (C00699470),1000.0,direct_contribution,1,FEC pas220
"MCCARTHY, Kevin",20703,H6CA22125,2020,pro-Israel,Pro-Israel America PAC (C00699470),337.0,earmarked_conduit_indiv,10,"FEC indiv20 (conduit 24T, recipient C00420935)"
"MCCARTHY, Kevin",20703,H6CA22125,2022,pro-Israel,AIPAC PAC (C00797670),7900.0,direct_contribution,3,FEC pas222
"MCCARTHY, Kevin",20703,H6CA22125,2022,pro-Israel,AIPAC PAC (C00797670),37550.0,earmarked_conduit_indiv,35,"FEC indiv22 (conduit 24T, recipient C00420935)"
"MCCARTHY, Kevin",20703,H6CA22125,2022,pro-Israel,AIPAC PAC (C00797670),-700.0,earmarked_conduit_pas2,2,FEC pas222
"MCCARTHY, Kevin",20703,H6CA22125,2022,pro-Israel,Pro-Israel America PAC (C00699470),250.0,earmarked_conduit_indiv,1,"FEC indiv22 (conduit 24T, recipient C00420935)"
"MCCARTHY, Kevin",20703,H6CA22125,2022,pro-Israel,Republican Jewish Coalition PAC (C00345132),50.0,earmarked_conduit_indiv,1,"FEC indiv22 (conduit 24T, recipient C00420935)"
"MCCARTHY, Kevin",20703,H6CA22125,2024,pro-Israel,AIPAC PAC (C00797670),277600.0,earmarked_conduit_indiv,116,"FEC indiv24 (conduit 15E, recipient C00420935); FEC indiv24 (conduit 24T, recipient C00420935)"
"MCCARTHY, Kevin",20703,H6CA22125,2024,pro-Israel,AIPAC PAC (C00797670),1000.0,earmarked_conduit_pas2,1,FEC pas224
"MCCAUL, Michael T.",20530,H4TX10093,2020,pro-Israel,NORPAC (C00247403),3000.0,direct_contribution,3,FEC pas220
"MCCAUL, Michael T.",20530,H4TX10093,2020,pro-Israel,Pro-Israel America PAC (C00699470),6000.0,direct_contribution,2,FEC pas220
"MCCAUL, Michael T.",20530,H4TX10093,2020,pro-Israel,Pro-Israel America PAC (C00699470),164608.0,earmarked_conduit_indiv,256,"FEC indiv20 (conduit 15E, recipient C00392688); FEC indiv20 (conduit 24T, recipient C00392688)"
"MCCAUL, Michael T.",20530,H4TX10093,2020,pro-Israel,Republican Jewish Coalition PAC (C00345132),5000.0,direct_contribution,1,FEC pas220
"MCCAUL, Michael T.",20530,H4TX10093,2020,pro-Israel,Republican Jewish Coalition PAC (C00345132),20964.0,earmarked_conduit_indiv,171,"FEC indiv20 (conduit 24T, recipient C00392688)"
"MCCAUL, Michael T.",20530,H4TX10093,2022,pro-Israel,AIPAC PAC (C00797670),7900.0,direct_contribution,3,FEC pas222
"MCCAUL, Michael T.",20530,H4TX10093,2022,pro-Israel,AIPAC PAC (C00797670),53700.0,earmarked_conduit_indiv,38,"FEC indiv22 (conduit 15E, recipient C00392688); FEC indiv22 (conduit 24T, recipient C00392688)"
"MCCAUL, Michael T.",20530,H4TX10093,2022,pro-Israel,NORPAC (C00247403),5000.0,earmarked_conduit_indiv,1,"FEC indiv22 (conduit 24T, recipient C00392688)"
"MCCAUL, Michael T.",20530,H4TX10093,2022,pro-Israel,Pro-Israel America PAC (C00699470),36998.0,earmarked_conduit_indiv,129,"FEC indiv22 (conduit 15E, recipient C00392688); FEC indiv22 (conduit 24T, recipient C00392688)"
"MCCAUL, Michael T.",20530,H4TX10093,2022,pro-Israel,Pro-Israel America PAC (C00699470),50.0,earmarked_conduit_pas2,1,FEC pas222
"MCCAUL, Michael T.",20530,H4TX10093,2022,pro-Israel,Republican Jewish Coalition PAC (C00345132),1150.0,earmarked_conduit_indiv,2,"FEC indiv22 (conduit 24T, recipient C00392688)"
"MCCAUL, Michael T.",20530,H4TX10093,2024,pro-Israel,AIPAC PAC (C00797670),15000.0,direct_contribution,7,FEC pas224
"MCCAUL, Michael T.",20530,H4TX10093,2024,pro-Israel,AIPAC PAC (C00797670),413649.0,earmarked_conduit_indiv,261,"FEC indiv24 (conduit 15E, recipient C00392688); FEC indiv24 (conduit 24T, recipient C00392688)"
"MCCAUL, Michael T.",20530,H4TX10093,2024,pro-Israel,AIPAC PAC (C00797670),10210.0,earmarked_conduit_pas2,20,FEC pas224
"MCCAUL, Michael T.",20530,H4TX10093,2024,pro-Israel,NORPAC (C00247403),10000.0,earmarked_conduit_indiv,2,"FEC indiv24 (conduit 24T, recipient C00392688)"
"MCCAUL, Michael T.",20530,H4TX10093,2024,pro-Israel,Republican Jewish Coalition PAC (C00345132),5000.0,direct_contribution,1,FEC pas224
"MCCAUL, Michael T.",20530,H4TX10093,2024,pro-Israel,Republican Jewish Coalition PAC (C00345132),6882.0,earmarked_conduit_indiv,13,"FEC indiv24 (conduit 24T, recipient C00392688)"
"MCCAUL, Michael T.",20530,H4TX10093,2024,pro-Israel,Republican Jewish Coalition PAC (C00345132),393.0,earmarked_conduit_pas2,11,FEC pas224
"MCCAUL, Michael T.",20530,H4TX10093,2026,pro-Israel,AIPAC PAC (C00797670),3500.0,earmarked_conduit_indiv,1,"FEC indiv26 (conduit 15E, recipient C00392688)"
"MCCLAIN DELANEY, April",22536,H4MD06340,2024,pro-Israel,AIPAC PAC (C00797670),10000.0,direct_contribution,3,FEC pas224
"MCCLAIN DELANEY, April",22536,H4MD06340,2024,pro-Israel,AIPAC PAC (C00797670),20800.0,earmarked_conduit_indiv,10,"FEC indiv24 (conduit 24T, recipient C00854471)"
"MCCLAIN DELANEY, April",22536,H4MD06340,2024,pro-Israel,DMFI PAC (C00710848),1000.0,direct_contribution,1,FEC pas224
"MCCLAIN DELANEY, April",22536,H4MD06340,2026,pro-Israel,AIPAC PAC (C00797670),106999.0,earmarked_conduit_indiv,58,"FEC indiv26 (conduit 15E, recipient C00854471); FEC indiv26 (conduit 24T, recipient C00854471)"
"MCCLAIN DELANEY, April",22536,H4MD06340,2026,pro-Israel,AIPAC PAC (C00797670),-6.0,earmarked_conduit_pas2,2,FEC pas226
"MCCLAIN, Lisa C.",22136,H0MI10287,2022,pro-Israel,AIPAC PAC (C00797670),10000.0,direct_contribution,3,FEC pas222
"MCCLAIN, Lisa C.",22136,H0MI10287,2024,pro-Israel,AIPAC PAC (C00797670),10000.0,direct_contribution,2,FEC pas224
"MCCLAIN, Lisa C.",22136,H0MI10287,2024,pro-Israel,AIPAC PAC (C00797670),9850.0,earmarked_conduit_indiv,7,"FEC indiv24 (conduit 24T, recipient C00726042)"
"MCCLAIN, Lisa C.",22136,H0MI10287,2024,pro-Israel,AIPAC PAC (C00797670),10.0,earmarked_conduit_pas2,2,FEC pas224
"MCCLAIN, Lisa C.",22136,H0MI10287,2024,pro-Israel,Republican Jewish Coalition PAC (C00345132),5000.0,direct_contribution,1,FEC pas224
"MCCLAIN, Lisa C.",22136,H0MI10287,2026,pro-Israel,AIPAC PAC (C00797670),5000.0,direct_contribution,1,FEC pas226
"MCCLAIN, Lisa C.",22136,H0MI10287,2026,pro-Israel,AIPAC PAC (C00797670),173658.0,earmarked_conduit_indiv,115,"FEC indiv26 (conduit 15E, recipient C00726042); FEC indiv26 (conduit 24T, recipient C00726042)"
"MCCLAIN, Lisa C.",22136,H0MI10287,2026,pro-Israel,AIPAC PAC (C00797670),-6.0,earmarked_conduit_pas2,1,FEC pas226
"MCCLAIN, Lisa C.",22136,H0MI10287,2026,pro-Israel,NORPAC (C00247403),7200.0,earmarked_conduit_indiv,4,"FEC indiv26 (conduit 24T, recipient C00726042)"
"MCCLELLAN, Jennifer",22374,H4VA04066,2022,J Street,JStreetPAC (C00441949),5000.0,direct_contribution,1,FEC pas222
"MCCLELLAN, Jennifer",22374,H4VA04066,2022,J Street,JStreetPAC (C00441949),16685.0,earmarked_conduit_indiv,42,"FEC indiv22 (conduit 24T, recipient C00829812)"
"MCCLELLAN, Jennifer",22374,H4VA04066,2022,pro-Israel,AIPAC PAC (C00797670),5000.0,direct_contribution,1,FEC pas222
"MCCLELLAN, Jennifer",22374,H4VA04066,2022,pro-Israel,AIPAC PAC (C00797670),18300.0,earmarked_conduit_indiv,16,"FEC indiv22 (conduit 24T, recipient C00829812)"
"MCCLELLAN, Jennifer",22374,H4VA04066,2022,pro-Israel,DMFI PAC (C00710848),2500.0,direct_contribution,1,FEC pas222
"MCCLELLAN, Jennifer",22374,H4VA04066,2024,J Street,JStreetPAC (C00441949),2550.0,earmarked_conduit_indiv,6,"FEC indiv24 (conduit 24T, recipient C00829812)"
"MCCLELLAN, Jennifer",22374,H4VA04066,2024,J Street,JStreetPAC (C00441949),150.0,earmarked_conduit_pas2,2,FEC pas224
"MCCLELLAN, Jennifer",22374,H4VA04066,2024,pro-Israel,AIPAC PAC (C00797670),10000.0,direct_contribution,2,FEC pas224
"MCCLELLAN, Jennifer",22374,H4VA04066,2024,pro-Israel,AIPAC PAC (C00797670),13550.0,earmarked_conduit_indiv,10,"FEC indiv24 (conduit 24T, recipient C00829812)"
"MCCLELLAN, Jennifer",22374,H4VA04066,2024,pro-Israel,AIPAC PAC (C00797670),1.0,earmarked_conduit_pas2,1,FEC pas224
"MCCLELLAN, Jennifer",22374,H4VA04066,2024,pro-Israel,DMFI PAC (C00710848),3000.0,IE_support,1,FEC independent_expenditure_2024.csv
"MCCLELLAN, Jennifer",22374,H4VA04066,2024,pro-Israel,DMFI PAC (C00710848),1000.0,direct_contribution,1,FEC pas224
"MCCLELLAN, Jennifer",22374,H4VA04066,2026,J Street,JStreetPAC (C00441949),5000.0,direct_contribution,1,FEC pas226
"MCCLELLAN, Jennifer",22374,H4VA04066,2026,J Street,JStreetPAC (C00441949),7150.0,earmarked_conduit_indiv,15,"FEC indiv26 (conduit 24T, recipient C00829812)"
"MCCOLLUM, Betty",20122,H0MN04049,2020,J Street,JStreetPAC (C00441949),4000.0,direct_contribution,3,FEC pas220
"MCCOLLUM, Betty",20122,H0MN04049,2020,J Street,JStreetPAC (C00441949),1000.0,earmarked_conduit_indiv,1,"FEC indiv20 (conduit 24T, recipient C00354688)"
"MCCOLLUM, Betty",20122,H0MN04049,2020,J Street,JStreetPAC (C00441949),1000.0,earmarked_conduit_pas2,1,FEC pas220
"MCCOLLUM, Betty",20122,H0MN04049,2022,J Street,JStreetPAC (C00441949),4000.0,direct_contribution,3,FEC pas222
"MCCOLLUM, Betty",20122,H0MN04049,2022,J Street,JStreetPAC (C00441949),250.0,earmarked_conduit_indiv,1,"FEC indiv22 (conduit 15E, recipient C00354688)"
"MCCOLLUM, Betty",20122,H0MN04049,2024,J Street,JStreetPAC (C00441949),2000.0,direct_contribution,2,FEC pas224
"MCCORMICK, Rich",22346,H0GA07273,2020,pro-Israel,Republican Jewish Coalition PAC (C00345132),2500.0,direct_contribution,1,FEC pas220
"MCCORMICK, Rich",22346,H0GA07273,2022,pro-Israel,AIPAC PAC (C00797670),10000.0,direct_contribution,2,FEC pas222
"MCCORMICK, Rich",22346,H0GA07273,2022,pro-Israel,AIPAC PAC (C00797670),1000.0,earmarked_conduit_indiv,1,"FEC indiv22 (conduit 24T, recipient C00706747)"
"MCCORMICK, Rich",22346,H0GA07273,2024,pro-Israel,AIPAC PAC (C00797670),5000.0,direct_contribution,1,FEC pas224
"MCCORMICK, Rich",22346,H0GA07273,2024,pro-Israel,AIPAC PAC (C00797670),30800.0,earmarked_conduit_indiv,29,"FEC indiv24 (conduit 24T, recipient C00706747)"
"MCCORMICK, Rich",22346,H0GA07273,2024,pro-Israel,AIPAC PAC (C00797670),10.0,earmarked_conduit_pas2,2,FEC pas224
"MCCORMICK, Rich",22346,H0GA07273,2024,pro-Israel,Republican Jewish Coalition PAC (C00345132),1000.0,earmarked_conduit_indiv,1,"FEC indiv24 (conduit 24T, recipient C00706747)"
"MCCORMICK, Rich",22346,H0GA07273,2024,pro-Israel,Republican Jewish Coalition PAC (C00345132),6.0,earmarked_conduit_pas2,1,FEC pas224
"MCCORMICK, Rich",22346,H0GA07273,2026,pro-Israel,AIPAC PAC (C00797670),5000.0,direct_contribution,1,FEC pas226
"MCCORMICK, Rich",22346,H0GA07273,2026,pro-Israel,AIPAC PAC (C00797670),46875.0,earmarked_conduit_indiv,28,"FEC indiv26 (conduit 24T, recipient C00706747)"
"MCCORMICK, Rich",22346,H0GA07273,2026,pro-Israel,AIPAC PAC (C00797670),-6.0,earmarked_conduit_pas2,1,FEC pas226
"MCDONALD RIVET, Kristen",22537,H4MI08218,2024,J Street,JStreetPAC (C00441949),3707.0,direct_contribution,4,FEC pas224
"MCDONALD RIVET, Kristen",22537,H4MI08218,2024,J Street,JStreetPAC (C00441949),79282.0,earmarked_conduit_indiv,80,"FEC indiv24 (conduit 24T, recipient C00864207)"
"MCDONALD RIVET, Kristen",22537,H4MI08218,2024,J Street,JStreetPAC (C00441949),85106.0,earmarked_conduit_pas2,227,FEC pas224
"MCDONALD RIVET, Kristen",22537,H4MI08218,2024,pro-Israel,DMFI PAC (C00710848),2000.0,direct_contribution,1,FEC pas224
"MCDONALD RIVET, Kristen",22537,H4MI08218,2026,J Street,JStreetPAC (C00441949),2000.0,direct_contribution,2,FEC pas226
"MCDONALD RIVET, Kristen",22537,H4MI08218,2026,J Street,JStreetPAC (C00441949),174794.0,earmarked_conduit_indiv,194,"FEC indiv26 (conduit 15E, recipient C00864207); FEC indiv26 (conduit 24T, recipient C00864207)"
"MCDONALD RIVET, Kristen",22537,H4MI08218,2026,J Street,JStreetPAC (C00441949),21480.0,earmarked_conduit_pas2,26,FEC pas226
"MCDOWELL, Addison P.",22538,H4NC06177,2024,pro-Israel,AIPAC PAC (C00797670),10000.0,direct_contribution,2,FEC pas224
"MCDOWELL, Addison P.",22538,H4NC06177,2024,pro-Israel,AIPAC PAC (C00797670),16250.0,earmarked_conduit_indiv,18,"FEC indiv24 (conduit 24T, recipient C00860064)"
"MCDOWELL, Addison P.",22538,H4NC06177,2026,pro-Israel,AIPAC PAC (C00797670),10000.0,direct_contribution,2,FEC pas226
"MCDOWELL, Addison P.",22538,H4NC06177,2026,pro-Israel,AIPAC PAC (C00797670),31650.0,earmarked_conduit_indiv,27,"FEC indiv26 (conduit 15E, recipient C00860064); FEC indiv26 (conduit 24T, recipient C00860064)"
"MCDOWELL, Addison P.",22538,H4NC06177,2026,pro-Israel,AIPAC PAC (C00797670),-6.0,earmarked_conduit_pas2,2,FEC pas226
"MCEACHIN, Aston Donald",21736,H6VA04061,2020,J Street,JStreetPAC (C00441949),3000.0,direct_contribution,3,FEC pas220
"MCEACHIN, Aston Donald",21736,H6VA04061,2022,J Street,JStreetPAC (C00441949),2000.0,direct_contribution,2,FEC pas222
"MCEACHIN, Aston Donald",21736,H6VA04061,2022,pro-Israel,AIPAC PAC (C00797670),5000.0,direct_contribution,2,FEC pas222
"MCEACHIN, Aston Donald",21736,H6VA04061,2022,pro-Israel,AIPAC PAC (C00797670),8000.0,earmarked_conduit_indiv,4,"FEC indiv22 (conduit 24T, recipient C00610964)"
"MCEACHIN, Aston Donald",21736,H6VA04061,2022,pro-Israel,Pro-Israel America PAC (C00699470),5500.0,earmarked_conduit_indiv,6,"FEC indiv22 (conduit 24T, recipient C00610964)"
"MCGARVEY, Morgan",22347,H2KY03206,2022,pro-Israel,AIPAC PAC (C00797670),7900.0,direct_contribution,2,FEC pas222
"MCGARVEY, Morgan",22347,H2KY03206,2022,pro-Israel,AIPAC PAC (C00797670),25050.0,earmarked_conduit_indiv,15,"FEC indiv22 (conduit 24T, recipient C00791392)"
"MCGARVEY, Morgan",22347,H2KY03206,2022,pro-Israel,DMFI PAC (C00710848),52141.0,IE_support,1,FEC independent_expenditure_2022.csv
"MCGARVEY, Morgan",22347,H2KY03206,2022,pro-Israel,DMFI PAC (C00710848),2000.0,direct_contribution,1,FEC pas222
"MCGARVEY, Morgan",22347,H2KY03206,2022,pro-Israel,Pro-Israel America PAC (C00699470),3000.0,direct_contribution,1,FEC pas222
"MCGARVEY, Morgan",22347,H2KY03206,2024,pro-Israel,AIPAC PAC (C00797670),5000.0,direct_contribution,1,FEC pas224
"MCGARVEY, Morgan",22347,H2KY03206,2024,pro-Israel,AIPAC PAC (C00797670),30203.0,earmarked_conduit_indiv,17,"FEC indiv24 (conduit 24T, recipient C00791392)"
"MCGARVEY, Morgan",22347,H2KY03206,2024,pro-Israel,AIPAC PAC (C00797670),20211.0,earmarked_conduit_pas2,25,FEC pas224
"MCGARVEY, Morgan",22347,H2KY03206,2024,pro-Israel,NORPAC (C00247403),20910.0,earmarked_conduit_indiv,22,"FEC indiv24 (conduit 24T, recipient C00791392)"
"MCGUIRE, John J., III",22539,H0VA07133,2024,pro-Israel,AIPAC PAC (C00797670),1250.0,earmarked_conduit_indiv,2,"FEC indiv24 (conduit 24T, recipient C00856831)"
"MCGUIRE, John J., III",22539,H0VA07133,2024,pro-Israel,Republican Jewish Coalition PAC (C00345132),18893.0,earmarked_conduit_indiv,16,"FEC indiv24 (conduit 24T, recipient C00856831)"
"MCGUIRE, John J., III",22539,H0VA07133,2026,pro-Israel,AIPAC PAC (C00797670),18503.0,earmarked_conduit_indiv,10,"FEC indiv26 (conduit 15E, recipient C00856831); FEC indiv26 (conduit 24T, recipient C00856831)"
"MCMORRIS RODGERS, Cathy",20535,H4WA05077,2022,pro-Israel,AIPAC PAC (C00797670),10000.0,direct_contribution,3,FEC pas222
"MCMORRIS RODGERS, Cathy",20535,H4WA05077,2022,pro-Israel,AIPAC PAC (C00797670),6300.0,earmarked_conduit_indiv,3,"FEC indiv22 (conduit 24T, recipient C00390476)"
"MCMORRIS RODGERS, Cathy",20535,H4WA05077,2022,pro-Israel,NORPAC (C00247403),5000.0,earmarked_conduit_indiv,1,"FEC indiv22 (conduit 24T, recipient C00390476)"
"MCMORRIS RODGERS, Cathy",20535,H4WA05077,2022,pro-Israel,Pro-Israel America PAC (C00699470),1.0,earmarked_conduit_indiv,1,"FEC indiv22 (conduit 15E, recipient C00390476)"
"MCMORRIS RODGERS, Cathy",20535,H4WA05077,2024,pro-Israel,AIPAC PAC (C00797670),1000.0,earmarked_conduit_indiv,1,"FEC indiv24 (conduit 24T, recipient C00390476)"
"MCMORRIS RODGERS, Cathy",20535,H4WA05077,2024,pro-Israel,AIPAC PAC (C00797670),500.0,earmarked_conduit_pas2,3,FEC pas224
"MCNERNEY, Jerry",20702,H4CA11081,2020,J Street,JStreetPAC (C00441949),1000.0,direct_contribution,1,FEC pas220
"MCNERNEY, Jerry",20702,H4CA11081,2020,J Street,JStreetPAC (C00441949),7150.0,earmarked_conduit_indiv,7,"FEC indiv20 (conduit 15E, recipient C00398644); FEC indiv20 (conduit 24T, recipient C00398644)"
"MCNERNEY, Jerry",20702,H4CA11081,2020,J Street,JStreetPAC (C00441949),350.0,earmarked_conduit_pas2,3,FEC pas220
"MCNERNEY, Jerry",20702,H4CA11081,2022,J Street,JStreetPAC (C00441949),3000.0,direct_contribution,3,FEC pas222
"MCNERNEY, Jerry",20702,H4CA11081,2022,J Street,JStreetPAC (C00441949),3185.0,earmarked_conduit_indiv,8,"FEC indiv22 (conduit 15E, recipient C00398644); FEC indiv22 (conduit 24T, recipient C00398644)"
"MEEKS, Gregory W.",29776,H8NY06048,2020,J Street,JStreetPAC (C00441949),1000.0,direct_contribution,1,FEC pas220
"MEEKS, Gregory W.",29776,H8NY06048,2020,J Street,JStreetPAC (C00441949),2000.0,earmarked_conduit_indiv,3,"FEC indiv20 (conduit 15E, recipient C00430991); FEC indiv20 (conduit 24T, recipient C00430991)"
"MEEKS, Gregory W.",29776,H8NY06048,2020,J Street,JStreetPAC (C00441949),5500.0,earmarked_conduit_pas2,14,FEC pas220
"MEEKS, Gregory W.",29776,H8NY06048,2020,pro-Israel,DMFI PAC (C00710848),5000.0,direct_contribution,2,FEC pas220
"MEEKS, Gregory W.",29776,H8NY06048,2020,pro-Israel,Pro-Israel America PAC (C00699470),5000.0,direct_contribution,2,FEC pas220
"MEEKS, Gregory W.",29776,H8NY06048,2020,pro-Israel,Pro-Israel America PAC (C00699470),14277.0,earmarked_conduit_indiv,82,"FEC indiv20 (conduit 15E, recipient C00329375); FEC indiv20 (conduit 15E, recipient C00430991); FEC indiv20 (conduit 24T, recipient C00329375); FEC indiv20 (conduit 24T, recipient C00430991)"
"MEEKS, Gregory W.",29776,H8NY06048,2022,J Street,JStreetPAC (C00441949),1000.0,direct_contribution,1,FEC pas222
"MEEKS, Gregory W.",29776,H8NY06048,2022,J Street,JStreetPAC (C00441949),27132.0,earmarked_conduit_indiv,38,"FEC indiv22 (conduit 24T, recipient C00329375); FEC indiv22 (conduit 24T, recipient C00430991)"
"MEEKS, Gregory W.",29776,H8NY06048,2022,pro-Israel,AIPAC PAC (C00797670),10000.0,direct_contribution,4,FEC pas222
"MEEKS, Gregory W.",29776,H8NY06048,2022,pro-Israel,AIPAC PAC (C00797670),39500.0,earmarked_conduit_indiv,18,"FEC indiv22 (conduit 15E, recipient C00430991); FEC indiv22 (conduit 24T, recipient C00430991)"
"MEEKS, Gregory W.",29776,H8NY06048,2022,pro-Israel,DMFI PAC (C00710848),2000.0,direct_contribution,1,FEC pas222
"MEEKS, Gregory W.",29776,H8NY06048,2022,pro-Israel,NORPAC (C00247403),23250.0,earmarked_conduit_indiv,16,"FEC indiv22 (conduit 24T, recipient C00329375); FEC indiv22 (conduit 24T, recipient C00430991)"
"MEEKS, Gregory W.",29776,H8NY06048,2022,pro-Israel,Pro-Israel America PAC (C00699470),44353.0,earmarked_conduit_indiv,38,"FEC indiv22 (conduit 15E, recipient C00430991); FEC indiv22 (conduit 24T, recipient C00329375); FEC indiv22 (conduit 24T, recipient C00430991)"
"MEEKS, Gregory W.",29776,H8NY06048,2022,pro-Israel,Pro-Israel America PAC (C00699470),2.0,earmarked_conduit_pas2,1,FEC pas222
"MEEKS, Gregory W.",29776,H8NY06048,2024,J Street,JStreetPAC (C00441949),26500.0,earmarked_conduit_indiv,27,"FEC indiv24 (conduit 24T, recipient C00430991)"
"MEEKS, Gregory W.",29776,H8NY06048,2024,J Street,JStreetPAC (C00441949),3300.0,earmarked_conduit_pas2,3,FEC pas224
"MEEKS, Gregory W.",29776,H8NY06048,2024,pro-Israel,AIPAC PAC (C00797670),10000.0,direct_contribution,4,FEC pas224
"MEEKS, Gregory W.",29776,H8NY06048,2024,pro-Israel,AIPAC PAC (C00797670),400046.0,earmarked_conduit_indiv,290,"FEC indiv24 (conduit 15E, recipient C00430991); FEC indiv24 (conduit 24T, recipient C00430991)"
"MEEKS, Gregory W.",29776,H8NY06048,2024,pro-Israel,AIPAC PAC (C00797670),22693.0,earmarked_conduit_pas2,20,FEC pas224
"MEEKS, Gregory W.",29776,H8NY06048,2024,pro-Israel,DMFI PAC (C00710848),1000.0,direct_contribution,1,FEC pas224
"MEEKS, Gregory W.",29776,H8NY06048,2024,pro-Israel,NORPAC (C00247403),23350.0,earmarked_conduit_indiv,11,"FEC indiv24 (conduit 24T, recipient C00329375)"
"MEEKS, Gregory W.",29776,H8NY06048,2026,J Street,JStreetPAC (C00441949),5000.0,direct_contribution,1,FEC pas226
"MEEKS, Gregory W.",29776,H8NY06048,2026,J Street,JStreetPAC (C00441949),27760.0,earmarked_conduit_indiv,31,"FEC indiv26 (conduit 15E, recipient C00430991); FEC indiv26 (conduit 24T, recipient C00430991)"
"MEEKS, Gregory W.",29776,H8NY06048,2026,J Street,JStreetPAC (C00441949),0.0,earmarked_conduit_pas2,1,FEC pas226
"MEEKS, Gregory W.",29776,H8NY06048,2026,pro-Israel,AIPAC PAC (C00797670),10000.0,direct_contribution,2,FEC pas226
"MEEKS, Gregory W.",29776,H8NY06048,2026,pro-Israel,AIPAC PAC (C00797670),357651.0,earmarked_conduit_indiv,309,"FEC indiv26 (conduit 15E, recipient C00430991); FEC indiv26 (conduit 24T, recipient C00430991)"
"MEEKS, Gregory W.",29776,H8NY06048,2026,pro-Israel,AIPAC PAC (C00797670),-6.0,earmarked_conduit_pas2,1,FEC pas226
"MENENDEZ, Robert",22348,H2NJ08232,2022,pro-Israel,AIPAC PAC (C00797670),7900.0,direct_contribution,4,FEC pas222
"MENENDEZ, Robert",22348,H2NJ08232,2022,pro-Israel,AIPAC PAC (C00797670),42000.0,earmarked_conduit_indiv,40,"FEC indiv22 (conduit 15E, recipient C00799767); FEC indiv22 (conduit 24T, recipient C00799767)"
"MENENDEZ, Robert",22348,H2NJ08232,2022,pro-Israel,DMFI PAC (C00710848),2000.0,direct_contribution,1,FEC pas222
"MENENDEZ, Robert",22348,H2NJ08232,2022,pro-Israel,NORPAC (C00247403),16350.0,earmarked_conduit_indiv,15,"FEC indiv22 (conduit 24T, recipient C00799767)"
"MENENDEZ, Robert",22348,H2NJ08232,2024,pro-Israel,AIPAC PAC (C00797670),5000.0,direct_contribution,1,FEC pas224
"MENENDEZ, Robert",22348,H2NJ08232,2024,pro-Israel,AIPAC PAC (C00797670),212150.0,earmarked_conduit_indiv,148,"FEC indiv24 (conduit 15E, recipient C00799767); FEC indiv24 (conduit 24T, recipient C00799767)"
"MENENDEZ, Robert",22348,H2NJ08232,2024,pro-Israel,AIPAC PAC (C00797670),7301.0,earmarked_conduit_pas2,6,FEC pas224
"MENENDEZ, Robert",22348,H2NJ08232,2024,pro-Israel,DMFI PAC (C00710848),1000.0,direct_contribution,1,FEC pas224
"MENENDEZ, Robert",22348,H2NJ08232,2024,pro-Israel,NORPAC (C00247403),14048.0,direct_contribution,2,FEC pas224
"MENENDEZ, Robert",22348,H2NJ08232,2026,pro-Israel,AIPAC PAC (C00797670),5000.0,direct_contribution,1,FEC pas226
"MENENDEZ, Robert",22348,H2NJ08232,2026,pro-Israel,AIPAC PAC (C00797670),279111.0,earmarked_conduit_indiv,204,"FEC indiv26 (conduit 15E, recipient C00799767); FEC indiv26 (conduit 24T, recipient C00799767)"
"MENENDEZ, Robert",22348,H2NJ08232,2026,pro-Israel,AIPAC PAC (C00797670),-6.0,earmarked_conduit_pas2,1,FEC pas226
"MENENDEZ, Robert",22348,H2NJ08232,2026,pro-Israel,DMFI PAC (C00710848),1000.0,direct_contribution,1,FEC pas226
"MENENDEZ, Robert",22348,H2NJ08232,2026,pro-Israel,NORPAC (C00247403),6500.0,earmarked_conduit_indiv,6,"FEC indiv26 (conduit 24T, recipient C00799767)"
"MENG, Grace",21342,H2NY06116,2020,pro-Israel,DMFI PAC (C00710848),2000.0,direct_contribution,1,FEC pas220
"MENG, Grace",21342,H2NY06116,2020,pro-Israel,NORPAC (C00247403),600.0,direct_contribution,1,FEC pas220
"MENG, Grace",21342,H2NY06116,2020,pro-Israel,NORPAC (C00247403),8486.0,earmarked_conduit_indiv,16,"FEC indiv20 (conduit 15E, recipient C00516666); FEC indiv20 (conduit 24T, recipient C00516666)"
"MENG, Grace",21342,H2NY06116,2020,pro-Israel,Pro-Israel America PAC (C00699470),1000.0,direct_contribution,1,FEC pas220
"MENG, Grace",21342,H2NY06116,2020,pro-Israel,Pro-Israel America PAC (C00699470),10645.0,earmarked_conduit_indiv,55,"FEC indiv20 (conduit 15E, recipient C00516666); FEC indiv20 (conduit 24T, recipient C00516666)"
"MENG, Grace",21342,H2NY06116,2022,pro-Israel,AIPAC PAC (C00797670),4200.0,direct_contribution,2,FEC pas222
"MENG, Grace",21342,H2NY06116,2022,pro-Israel,AIPAC PAC (C00797670),66600.0,earmarked_conduit_indiv,70,"FEC indiv22 (conduit 15E, recipient C00516666); FEC indiv22 (conduit 24T, recipient C00516666)"
"MENG, Grace",21342,H2NY06116,2022,pro-Israel,DMFI PAC (C00710848),2000.0,direct_contribution,1,FEC pas222
"MENG, Grace",21342,H2NY06116,2022,pro-Israel,NORPAC (C00247403),6500.0,earmarked_conduit_indiv,13,"FEC indiv22 (conduit 24T, recipient C00516666)"
"MENG, Grace",21342,H2NY06116,2022,pro-Israel,Pro-Israel America PAC (C00699470),19701.0,earmarked_conduit_indiv,14,"FEC indiv22 (conduit 15E, recipient C00516666); FEC indiv22 (conduit 24T, recipient C00516666)"
"MENG, Grace",21342,H2NY06116,2024,pro-Israel,AIPAC PAC (C00797670),10000.0,direct_contribution,4,FEC pas224
"MENG, Grace",21342,H2NY06116,2024,pro-Israel,AIPAC PAC (C00797670),479440.0,earmarked_conduit_indiv,396,"FEC indiv24 (conduit 24T, recipient C00516666)"
"MENG, Grace",21342,H2NY06116,2024,pro-Israel,AIPAC PAC (C00797670),22628.0,earmarked_conduit_pas2,38,FEC pas224
"MENG, Grace",21342,H2NY06116,2024,pro-Israel,DMFI PAC (C00710848),1000.0,direct_contribution,1,FEC pas224
"MENG, Grace",21342,H2NY06116,2024,pro-Israel,NORPAC (C00247403),8195.0,direct_contribution,1,FEC pas224
"MENG, Grace",21342,H2NY06116,2026,pro-Israel,AIPAC PAC (C00797670),5000.0,direct_contribution,1,FEC pas226
"MENG, Grace",21342,H2NY06116,2026,pro-Israel,AIPAC PAC (C00797670),188591.0,earmarked_conduit_indiv,137,"FEC indiv26 (conduit 15E, recipient C00516666); FEC indiv26 (conduit 24T, recipient C00516666)"
"MENG, Grace",21342,H2NY06116,2026,pro-Israel,AIPAC PAC (C00797670),-6.0,earmarked_conduit_pas2,2,FEC pas226
"MENG, Grace",21342,H2NY06116,2026,pro-Israel,DMFI PAC (C00710848),1000.0,direct_contribution,1,FEC pas226
"MENG, Grace",21342,H2NY06116,2026,pro-Israel,NORPAC (C00247403),24800.0,earmarked_conduit_indiv,18,"FEC indiv26 (conduit 24T, recipient C00516666)"
"MESSMER, Mark B.",22540,H4IN08249,2024,pro-Israel,AIPAC PAC (C00797670),5000.0,direct_contribution,1,FEC pas224
"MESSMER, Mark B.",22540,H4IN08249,2024,pro-Israel,AIPAC PAC (C00797670),250.0,earmarked_conduit_indiv,1,"FEC indiv24 (conduit 24T, recipient C00867218)"
"MESSMER, Mark B.",22540,H4IN08249,2024,pro-Israel,AIPAC PAC (C00797670),297937.0,earmarked_conduit_pas2,231,FEC pas224
"MESSMER, Mark B.",22540,H4IN08249,2024,pro-Israel,Republican Jewish Coalition PAC (C00345132),3301.0,earmarked_conduit_indiv,2,"FEC indiv24 (conduit 24T, recipient C00867218)"
"MESSMER, Mark B.",22540,H4IN08249,2026,pro-Israel,AIPAC PAC (C00797670),5000.0,direct_contribution,1,FEC pas226
"MESSMER, Mark B.",22540,H4IN08249,2026,pro-Israel,AIPAC PAC (C00797670),15003.0,earmarked_conduit_indiv,9,"FEC indiv26 (conduit 24T, recipient C00867218)"
"MESSMER, Mark B.",22540,H4IN08249,2026,pro-Israel,AIPAC PAC (C00797670),-6.0,earmarked_conduit_pas2,2,FEC pas226
"MEUSER, Dan",21945,H8PA10147,2022,pro-Israel,AIPAC PAC (C00797670),5000.0,direct_contribution,3,FEC pas222
"MEUSER, Dan",21945,H8PA10147,2024,pro-Israel,AIPAC PAC (C00797670),5000.0,direct_contribution,1,FEC pas224
"MEUSER, Dan",21945,H8PA10147,2024,pro-Israel,AIPAC PAC (C00797670),12505.0,earmarked_conduit_indiv,11,"FEC indiv24 (conduit 24T, recipient C00654723)"
"MEUSER, Dan",21945,H8PA10147,2024,pro-Israel,AIPAC PAC (C00797670),510.0,earmarked_conduit_pas2,3,FEC pas224
"MEUSER, Dan",21945,H8PA10147,2024,pro-Israel,Republican Jewish Coalition PAC (C00345132),1000.0,earmarked_conduit_indiv,1,"FEC indiv24 (conduit 24T, recipient C00654723)"
"MEUSER, Dan",21945,H8PA10147,2026,pro-Israel,AIPAC PAC (C00797670),10000.0,direct_contribution,2,FEC pas226
"MEUSER, Dan",21945,H8PA10147,2026,pro-Israel,AIPAC PAC (C00797670),21000.0,earmarked_conduit_indiv,13,"FEC indiv26 (conduit 24T, recipient C00654723)"
"MEUSER, Dan",21945,H8PA10147,2026,pro-Israel,AIPAC PAC (C00797670),-6.0,earmarked_conduit_pas2,2,FEC pas226
"MFUME, Kweisi",15433,H0MD07114,2020,pro-Israel,DMFI PAC (C00710848),2000.0,direct_contribution,1,FEC pas220
"MFUME, Kweisi",15433,H6MD07020,2020,pro-Israel,DMFI PAC (C00710848),3000.0,direct_contribution,1,FEC pas220
"MFUME, Kweisi",15433,H6MD07020,2020,pro-Israel,Pro-Israel America PAC (C00699470),17675.0,earmarked_conduit_indiv,31,"FEC indiv20 (conduit 15E, recipient C00726372); FEC indiv20 (conduit 24T, recipient C00726372)"
"MFUME, Kweisi",15433,H6MD07020,2022,pro-Israel,AIPAC PAC (C00797670),10000.0,direct_contribution,5,FEC pas222
"MFUME, Kweisi",15433,H6MD07020,2024,pro-Israel,AIPAC PAC (C00797670),10000.0,direct_contribution,2,FEC pas224
"MFUME, Kweisi",15433,H6MD07020,2024,pro-Israel,AIPAC PAC (C00797670),24250.0,earmarked_conduit_indiv,30,"FEC indiv24 (conduit 15E, recipient C00726372); FEC indiv24 (conduit 24T, recipient C00726372)"
"MFUME, Kweisi",15433,H6MD07020,2024,pro-Israel,AIPAC PAC (C00797670),1.0,earmarked_conduit_pas2,1,FEC pas224
"MFUME, Kweisi",15433,H6MD07020,2026,J Street,JStreetPAC (C00441949),200.0,earmarked_conduit_indiv,1,"FEC indiv26 (conduit 24T, recipient C00726372)"
"MFUME, Kweisi",15433,H6MD07020,2026,pro-Israel,AIPAC PAC (C00797670),10000.0,direct_contribution,2,FEC pas226
"MFUME, Kweisi",15433,H6MD07020,2026,pro-Israel,AIPAC PAC (C00797670),47250.0,earmarked_conduit_indiv,22,"FEC indiv26 (conduit 15E, recipient C00726372); FEC indiv26 (conduit 24T, recipient C00726372)"
"MFUME, Kweisi",15433,H6MD07020,2026,pro-Israel,AIPAC PAC (C00797670),-6.0,earmarked_conduit_pas2,1,FEC pas226
"MILLER, Carol",21946,H8WV03097,2022,pro-Israel,AIPAC PAC (C00797670),7100.0,direct_contribution,2,FEC pas222
"MILLER, Carol",21946,H8WV03097,2024,pro-Israel,AIPAC PAC (C00797670),10000.0,direct_contribution,2,FEC pas224
"MILLER, Carol",21946,H8WV03097,2024,pro-Israel,AIPAC PAC (C00797670),12000.0,earmarked_conduit_indiv,16,"FEC indiv24 (conduit 24T, recipient C00653220)"
"MILLER, Carol",21946,H8WV03097,2024,pro-Israel,AIPAC PAC (C00797670),10.0,earmarked_conduit_pas2,2,FEC pas224
"MILLER, Carol",21946,H8WV03097,2024,pro-Israel,Republican Jewish Coalition PAC (C00345132),43.0,earmarked_conduit_indiv,4,"FEC indiv24 (conduit 24T, recipient C00653220)"
"MILLER, Carol",21946,H8WV03097,2024,pro-Israel,Republican Jewish Coalition PAC (C00345132),3597.0,earmarked_conduit_pas2,8,FEC pas224
"MILLER, Carol",21946,H8WV03097,2026,pro-Israel,AIPAC PAC (C00797670),5000.0,direct_contribution,1,FEC pas226
"MILLER, Carol",21946,H8WV03097,2026,pro-Israel,AIPAC PAC (C00797670),14375.0,earmarked_conduit_indiv,10,"FEC indiv26 (conduit 24T, recipient C00653220)"
"MILLER, Carol",21946,H8WV03097,2026,pro-Israel,AIPAC PAC (C00797670),-6.0,earmarked_conduit_pas2,2,FEC pas226
"MILLER, Mary E.",22138,H0IL15129,2026,pro-Israel,AIPAC PAC (C00797670),1000.0,earmarked_conduit_indiv,1,"FEC indiv26 (conduit 24T, recipient C00723916)"
"MILLER, Mary E.",22138,H0IL15129,2026,pro-Israel,AIPAC PAC (C00797670),-6.0,earmarked_conduit_pas2,2,FEC pas226
"MILLER, Max",22349,H2OH16051,2022,pro-Israel,AIPAC PAC (C00797670),5000.0,direct_contribution,1,FEC pas222
"MILLER, Max",22349,H2OH16051,2022,pro-Israel,AIPAC PAC (C00797670),5800.0,earmarked_conduit_indiv,2,"FEC indiv22 (conduit 24T, recipient C00770818)"
"MILLER, Max",22349,H2OH16051,2022,pro-Israel,Republican Jewish Coalition PAC (C00345132),5000.0,direct_contribution,1,FEC pas222
"MILLER, Max",22349,H2OH16051,2022,pro-Israel,Republican Jewish Coalition PAC (C00345132),8754.0,earmarked_conduit_indiv,31,"FEC indiv22 (conduit 24T, recipient C00770818)"
"MILLER, Max",22349,H2OH16051,2024,pro-Israel,AIPAC PAC (C00797670),5000.0,direct_contribution,1,FEC pas224
"MILLER, Max",22349,H2OH16051,2024,pro-Israel,AIPAC PAC (C00797670),92204.0,earmarked_conduit_indiv,51,"FEC indiv24 (conduit 15E, recipient C00770818); FEC indiv24 (conduit 24T, recipient C00770818)"
"MILLER, Max",22349,H2OH16051,2024,pro-Israel,AIPAC PAC (C00797670),510.0,earmarked_conduit_pas2,3,FEC pas224
"MILLER, Max",22349,H2OH16051,2024,pro-Israel,NORPAC (C00247403),14900.0,direct_contribution,1,FEC pas224
"MILLER, Max",22349,H2OH16051,2024,pro-Israel,Republican Jewish Coalition PAC (C00345132),10000.0,direct_contribution,2,FEC pas224
"MILLER, Max",22349,H2OH16051,2024,pro-Israel,Republican Jewish Coalition PAC (C00345132),56453.0,earmarked_conduit_indiv,42,"FEC indiv24 (conduit 24T, recipient C00770818)"
"MILLER, Max",22349,H2OH16051,2024,pro-Israel,Republican Jewish Coalition PAC (C00345132),411.0,earmarked_conduit_pas2,9,FEC pas224
"MILLER, Max",22349,H2OH16051,2026,pro-Israel,AIPAC PAC (C00797670),5000.0,direct_contribution,1,FEC pas226
"MILLER, Max",22349,H2OH16051,2026,pro-Israel,AIPAC PAC (C00797670),155518.0,earmarked_conduit_indiv,85,"FEC indiv26 (conduit 15E, recipient C00770818); FEC indiv26 (conduit 24T, recipient C00770818)"
"MILLER, Max",22349,H2OH16051,2026,pro-Israel,AIPAC PAC (C00797670),-6.0,earmarked_conduit_pas2,2,FEC pas226
"MILLER, Max",22349,H2OH16051,2026,pro-Israel,Republican Jewish Coalition PAC (C00345132),10000.0,direct_contribution,2,FEC pas226
"MILLER, Max",22349,H2OH16051,2026,pro-Israel,Republican Jewish Coalition PAC (C00345132),19882.0,earmarked_conduit_indiv,21,"FEC indiv26 (conduit 24T, recipient C00770818)"
"MILLER, Max",22349,H2OH16051,2026,pro-Israel,Republican Jewish Coalition PAC (C00345132),2000.0,earmarked_conduit_pas2,3,FEC pas226
"MILLER-MEEKS, Mariannette",22139,H8IA02043,2022,pro-Israel,AIPAC PAC (C00797670),7900.0,direct_contribution,2,FEC pas222
"MILLER-MEEKS, Mariannette",22139,H8IA02043,2022,pro-Israel,AIPAC PAC (C00797670),36049.0,earmarked_conduit_indiv,28,"FEC indiv22 (conduit 15E, recipient C00558825); FEC indiv22 (conduit 24T, recipient C00558825)"
"MILLER-MEEKS, Mariannette",22139,H8IA02043,2022,pro-Israel,Republican Jewish Coalition PAC (C00345132),2500.0,direct_contribution,1,FEC pas222
"MILLER-MEEKS, Mariannette",22139,H8IA02043,2024,pro-Israel,AIPAC PAC (C00797670),10000.0,direct_contribution,2,FEC pas224
"MILLER-MEEKS, Mariannette",22139,H8IA02043,2024,pro-Israel,AIPAC PAC (C00797670),44625.0,earmarked_conduit_indiv,36,"FEC indiv24 (conduit 24T, recipient C00558825)"
"MILLER-MEEKS, Mariannette",22139,H8IA02043,2024,pro-Israel,AIPAC PAC (C00797670),3310.0,earmarked_conduit_pas2,3,FEC pas224
"MILLER-MEEKS, Mariannette",22139,H8IA02043,2024,pro-Israel,Republican Jewish Coalition PAC (C00345132),5000.0,direct_contribution,2,FEC pas224
"MILLER-MEEKS, Mariannette",22139,H8IA02043,2024,pro-Israel,Republican Jewish Coalition PAC (C00345132),2606.0,earmarked_conduit_indiv,17,"FEC indiv24 (conduit 24T, recipient C00558825)"
"MILLER-MEEKS, Mariannette",22139,H8IA02043,2024,pro-Israel,Republican Jewish Coalition PAC (C00345132),766.0,earmarked_conduit_pas2,15,FEC pas224
"MILLER-MEEKS, Mariannette",22139,H8IA02043,2026,pro-Israel,AIPAC PAC (C00797670),6000.0,direct_contribution,3,FEC pas226
"MILLER-MEEKS, Mariannette",22139,H8IA02043,2026,pro-Israel,AIPAC PAC (C00797670),131700.0,earmarked_conduit_indiv,64,"FEC indiv26 (conduit 24T, recipient C00558825)"
"MILLER-MEEKS, Mariannette",22139,H8IA02043,2026,pro-Israel,AIPAC PAC (C00797670),-6.0,earmarked_conduit_pas2,2,FEC pas226
"MILLER-MEEKS, Mariannette",22139,H8IA02043,2026,pro-Israel,Republican Jewish Coalition PAC (C00345132),5000.0,direct_contribution,1,FEC pas226
"MILLER-MEEKS, Mariannette",22139,H8IA02043,2026,pro-Israel,Republican Jewish Coalition PAC (C00345132),1352.0,earmarked_conduit_indiv,9,"FEC indiv26 (conduit 24T, recipient C00558825)"
"MILLER-MEEKS, Mariannette",22139,H8IA02043,2026,pro-Israel,Republican Jewish Coalition PAC (C00345132),20.0,earmarked_conduit_pas2,1,FEC pas226
"MILLS, Cory",22350,H2FL07156,2022,pro-Israel,AIPAC PAC (C00797670),5000.0,direct_contribution,1,FEC pas222
"MILLS, Cory",22350,H2FL07156,2022,pro-Israel,Republican Jewish Coalition PAC (C00345132),7.0,earmarked_conduit_indiv,2,"FEC indiv22 (conduit 24T, recipient C00774943)"
"MILLS, Cory",22350,H2FL07156,2024,pro-Israel,AIPAC PAC (C00797670),17550.0,earmarked_conduit_indiv,23,"FEC indiv24 (conduit 24T, recipient C00774943)"
"MILLS, Cory",22350,H2FL07156,2024,pro-Israel,AIPAC PAC (C00797670),5410.0,earmarked_conduit_pas2,10,FEC pas224
"MILLS, Cory",22350,H2FL07156,2024,pro-Israel,Republican Jewish Coalition PAC (C00345132),5300.0,earmarked_conduit_indiv,3,"FEC indiv24 (conduit 24T, recipient C00774943)"
"MIN, Dave",22541,H4CA47085,2024,pro-Israel,DMFI PAC (C00710848),83333.34,IE_oppose,2,FEC independent_expenditure_2024.csv
"MIN, Dave",22541,H4CA47085,2024,pro-Israel,DMFI PAC (C00710848),2000.0,direct_contribution,1,FEC pas224
"MIN, Dave",22541,H4CA47085,2024,pro-Israel,United Democracy Project (C00799031),4615288.76,IE_oppose,23,FEC independent_expenditure_2024.csv
"MIN, Dave",22541,H4CA47085,2026,J Street,JStreetPAC (C00441949),55097.0,earmarked_conduit_indiv,68,"FEC indiv26 (conduit 15E, recipient C00831537); FEC indiv26 (conduit 24T, recipient C00831537)"
"MIN, Dave",22541,H4CA47085,2026,pro-Israel,DMFI PAC (C00710848),1000.0,direct_contribution,1,FEC pas226
"MOLINARO, Marcus",22351,H2NY19127,2022,pro-Israel,NORPAC (C00247403),16250.0,earmarked_conduit_indiv,22,"FEC indiv22 (conduit 15E, recipient C00789586); FEC indiv22 (conduit 24T, recipient C00789586)"
"MOLINARO, Marcus",22351,H2NY19127,2022,pro-Israel,Republican Jewish Coalition PAC (C00345132),2500.0,direct_contribution,1,FEC pas222
"MOLINARO, Marcus",22351,H2NY19127,2022,pro-Israel,Republican Jewish Coalition PAC (C00345132),3302.0,earmarked_conduit_indiv,27,"FEC indiv22 (conduit 24T, recipient C00775734); FEC indiv22 (conduit 24T, recipient C00789586)"
"MOLINARO, Marcus",22351,H2NY19127,2024,pro-Israel,AIPAC PAC (C00797670),10000.0,direct_contribution,2,FEC pas224
"MOLINARO, Marcus",22351,H2NY19127,2024,pro-Israel,AIPAC PAC (C00797670),99846.0,earmarked_conduit_indiv,82,"FEC indiv24 (conduit 15E, recipient C00789586); FEC indiv24 (conduit 24T, recipient C00789586)"
"MOLINARO, Marcus",22351,H2NY19127,2024,pro-Israel,AIPAC PAC (C00797670),10.0,earmarked_conduit_pas2,2,FEC pas224
"MOLINARO, Marcus",22351,H2NY19127,2024,pro-Israel,NORPAC (C00247403),50.0,direct_contribution,1,FEC pas224
"MOLINARO, Marcus",22351,H2NY19127,2024,pro-Israel,NORPAC (C00247403),43550.0,earmarked_conduit_indiv,21,"FEC indiv24 (conduit 24T, recipient C00789586)"
"MOLINARO, Marcus",22351,H2NY19127,2024,pro-Israel,Republican Jewish Coalition PAC (C00345132),5000.0,direct_contribution,2,FEC pas224
"MOLINARO, Marcus",22351,H2NY19127,2024,pro-Israel,Republican Jewish Coalition PAC (C00345132),2858.0,earmarked_conduit_indiv,20,"FEC indiv24 (conduit 24T, recipient C00775734); FEC indiv24 (conduit 24T, recipient C00789586)"
"MOLINARO, Marcus",22351,H2NY19127,2024,pro-Israel,Republican Jewish Coalition PAC (C00345132),4129.0,earmarked_conduit_pas2,18,FEC pas224
"MOOLENAAR, John",21526,H4MI04126,2022,pro-Israel,AIPAC PAC (C00797670),10000.0,direct_contribution,3,FEC pas222
"MOOLENAAR, John",21526,H4MI04126,2024,pro-Israel,AIPAC PAC (C00797670),10000.0,direct_contribution,2,FEC pas224
"MOOLENAAR, John",21526,H4MI04126,2024,pro-Israel,AIPAC PAC (C00797670),12500.0,earmarked_conduit_indiv,15,"FEC indiv24 (conduit 15E, recipient C00561530); FEC indiv24 (conduit 24T, recipient C00561530)"
"MOOLENAAR, John",21526,H4MI04126,2024,pro-Israel,AIPAC PAC (C00797670),10.0,earmarked_conduit_pas2,2,FEC pas224
"MOOLENAAR, John",21526,H4MI04126,2026,pro-Israel,AIPAC PAC (C00797670),6000.0,direct_contribution,3,FEC pas226
"MOOLENAAR, John",21526,H4MI04126,2026,pro-Israel,AIPAC PAC (C00797670),15300.0,earmarked_conduit_indiv,14,"FEC indiv26 (conduit 15E, recipient C00561530); FEC indiv26 (conduit 24T, recipient C00561530)"
"MOOLENAAR, John",21526,H4MI04126,2026,pro-Israel,AIPAC PAC (C00797670),-6.0,earmarked_conduit_pas2,2,FEC pas226
"MOONEY, Alex X.",21557,H4WV02080,2022,pro-Israel,AIPAC PAC (C00797670),5000.0,direct_contribution,1,FEC pas222
"MOONEY, Alex X.",21557,H4WV02080,2022,pro-Israel,AIPAC PAC (C00797670),500.0,earmarked_conduit_indiv,1,"FEC indiv22 (conduit 24T, recipient C00768705)"
"MOONEY, Alex X.",21557,H4WV02080,2024,pro-Israel,Republican Jewish Coalition PAC (C00345132),333.0,earmarked_conduit_indiv,1,"FEC indiv24 (conduit 24T, recipient C00629949)"
"MOORE, Barry",22140,H8AL02171,2022,pro-Israel,AIPAC PAC (C00797670),7900.0,direct_contribution,2,FEC pas222
"MOORE, Barry",22140,S6AL00476,2022,pro-Israel,AIPAC PAC (C00797670),14250.0,earmarked_conduit_indiv,8,"FEC indiv22 (conduit 15E, recipient C00720375)"
"MOORE, Barry",22140,H8AL02171,2022,pro-Israel,AIPAC PAC (C00797670),14250.0,earmarked_conduit_indiv,8,"FEC indiv22 (conduit 15E, recipient C00720375)"
"MOORE, Barry",22140,H8AL02171,2024,pro-Israel,AIPAC PAC (C00797670),5000.0,direct_contribution,1,FEC pas224
"MOORE, Barry",22140,S6AL00476,2024,pro-Israel,AIPAC PAC (C00797670),2500.0,earmarked_conduit_indiv,2,"FEC indiv24 (conduit 24T, recipient C00720375)"
"MOORE, Barry",22140,H8AL02171,2024,pro-Israel,AIPAC PAC (C00797670),2500.0,earmarked_conduit_indiv,2,"FEC indiv24 (conduit 24T, recipient C00720375)"
"MOORE, Barry",22140,S6AL00476,2026,pro-Israel,AIPAC PAC (C00797670),500.0,earmarked_conduit_indiv,1,"FEC indiv26 (conduit 24T, recipient C00720375)"
"MOORE, Barry",22140,H8AL02171,2026,pro-Israel,AIPAC PAC (C00797670),500.0,earmarked_conduit_indiv,1,"FEC indiv26 (conduit 24T, recipient C00720375)"
"MOORE, Blake D.",22141,H0UT01205,2022,pro-Israel,AIPAC PAC (C00797670),10000.0,direct_contribution,3,FEC pas222
"MOORE, Blake D.",22141,H0UT01205,2022,pro-Israel,AIPAC PAC (C00797670),18750.0,earmarked_conduit_indiv,16,"FEC indiv22 (conduit 15E, recipient C00738872); FEC indiv22 (conduit 24T, recipient C00738872)"
"MOORE, Blake D.",22141,H0UT01205,2024,pro-Israel,AIPAC PAC (C00797670),5000.0,direct_contribution,1,FEC pas224
"MOORE, Blake D.",22141,H0UT01205,2024,pro-Israel,AIPAC PAC (C00797670),25300.0,earmarked_conduit_indiv,26,"FEC indiv24 (conduit 15E, recipient C00738872); FEC indiv24 (conduit 24T, recipient C00738872)"
"MOORE, Blake D.",22141,H0UT01205,2024,pro-Israel,AIPAC PAC (C00797670),10.0,earmarked_conduit_pas2,2,FEC pas224
"MOORE, Blake D.",22141,H0UT01205,2024,pro-Israel,Republican Jewish Coalition PAC (C00345132),5000.0,direct_contribution,1,FEC pas224
"MOORE, Blake D.",22141,H0UT01205,2026,pro-Israel,AIPAC PAC (C00797670),5000.0,direct_contribution,1,FEC pas226
"MOORE, Blake D.",22141,H0UT01205,2026,pro-Israel,AIPAC PAC (C00797670),15750.0,earmarked_conduit_indiv,10,"FEC indiv26 (conduit 24T, recipient C00738872)"
"MOORE, Blake D.",22141,H0UT01205,2026,pro-Israel,AIPAC PAC (C00797670),-6.0,earmarked_conduit_pas2,1,FEC pas226
"MOORE, Gwendolynne S. (Gwen)",20537,H4WI04183,2020,J Street,JStreetPAC (C00441949),3000.0,direct_contribution,3,FEC pas220
"MOORE, Gwendolynne S. (Gwen)",20537,H4WI04183,2020,J Street,JStreetPAC (C00441949),1500.0,earmarked_conduit_indiv,4,"FEC indiv20 (conduit 24T, recipient C00397505)"
"MOORE, Gwendolynne S. (Gwen)",20537,H4WI04183,2022,J Street,JStreetPAC (C00441949),4000.0,direct_contribution,4,FEC pas222
"MOORE, Gwendolynne S. (Gwen)",20537,H4WI04183,2022,J Street,JStreetPAC (C00441949),250.0,earmarked_conduit_indiv,1,"FEC indiv22 (conduit 24T, recipient C00397505)"
"MOORE, Gwendolynne S. (Gwen)",20537,H4WI04183,2024,J Street,JStreetPAC (C00441949),3500.0,direct_contribution,2,FEC pas224
"MOORE, Riley M.",22543,H4WV02205,2024,pro-Israel,AIPAC PAC (C00797670),10000.0,direct_contribution,2,FEC pas224
"MOORE, Riley M.",22543,H4WV02205,2024,pro-Israel,AIPAC PAC (C00797670),17500.0,earmarked_conduit_indiv,16,"FEC indiv24 (conduit 24T, recipient C00828947)"
"MOORE, Tim",22542,H4NC14015,2024,pro-Israel,AIPAC PAC (C00797670),5000.0,direct_contribution,1,FEC pas224
"MOORE, Tim",22542,H4NC14015,2024,pro-Israel,AIPAC PAC (C00797670),10.0,earmarked_conduit_pas2,2,FEC pas224
"MOORE, Tim",22542,H4NC14015,2026,pro-Israel,AIPAC PAC (C00797670),5000.0,direct_contribution,1,FEC pas226
"MOORE, Tim",22542,H4NC14015,2026,pro-Israel,AIPAC PAC (C00797670),24501.0,earmarked_conduit_indiv,21,"FEC indiv26 (conduit 15E, recipient C00856005); FEC indiv26 (conduit 24T, recipient C00856005)"
"MOORE, Tim",22542,H4NC14015,2026,pro-Israel,AIPAC PAC (C00797670),-6.0,earmarked_conduit_pas2,1,FEC pas226
"MORAN, Nathaniel",22352,H2TX01112,2022,pro-Israel,AIPAC PAC (C00797670),5000.0,direct_contribution,1,FEC pas222
"MORAN, Nathaniel",22352,H2TX01112,2022,pro-Israel,AIPAC PAC (C00797670),3000.0,earmarked_conduit_indiv,2,"FEC indiv22 (conduit 24T, recipient C00796086)"
"MORAN, Nathaniel",22352,H2TX01112,2024,pro-Israel,AIPAC PAC (C00797670),10000.0,direct_contribution,4,FEC pas224
"MORAN, Nathaniel",22352,H2TX01112,2024,pro-Israel,AIPAC PAC (C00797670),21600.0,earmarked_conduit_indiv,20,"FEC indiv24 (conduit 24T, recipient C00796086)"
"MORAN, Nathaniel",22352,H2TX01112,2024,pro-Israel,AIPAC PAC (C00797670),1510.0,earmarked_conduit_pas2,4,FEC pas224
"MORAN, Nathaniel",22352,H2TX01112,2026,pro-Israel,AIPAC PAC (C00797670),5000.0,direct_contribution,1,FEC pas226
"MORAN, Nathaniel",22352,H2TX01112,2026,pro-Israel,AIPAC PAC (C00797670),12717.0,earmarked_conduit_indiv,11,"FEC indiv26 (conduit 15E, recipient C00796086); FEC indiv26 (conduit 24T, recipient C00796086)"
"MORAN, Nathaniel",22352,H2TX01112,2026,pro-Israel,AIPAC PAC (C00797670),-6.0,earmarked_conduit_pas2,2,FEC pas226
"MORELLE, Joseph",21761,H8NY25105,2020,J Street,JStreetPAC (C00441949),10900.0,earmarked_conduit_indiv,11,"FEC indiv20 (conduit 24T, recipient C00675108)"
"MORELLE, Joseph",21761,H8NY25105,2022,J Street,JStreetPAC (C00441949),3000.0,direct_contribution,3,FEC pas222
"MORELLE, Joseph",21761,H8NY25105,2022,J Street,JStreetPAC (C00441949),3444.0,earmarked_conduit_indiv,3,"FEC indiv22 (conduit 15E, recipient C00675108); FEC indiv22 (conduit 24T, recipient C00675108)"
"MORELLE, Joseph",21761,H8NY25105,2022,pro-Israel,AIPAC PAC (C00797670),10000.0,direct_contribution,7,FEC pas222
"MORELLE, Joseph",21761,H8NY25105,2022,pro-Israel,AIPAC PAC (C00797670),28800.0,earmarked_conduit_indiv,29,"FEC indiv22 (conduit 15E, recipient C00675108); FEC indiv22 (conduit 24T, recipient C00675108)"
"MORELLE, Joseph",21761,H8NY25105,2022,pro-Israel,DMFI PAC (C00710848),2000.0,direct_contribution,3,FEC pas222
"MORELLE, Joseph",21761,H8NY25105,2024,pro-Israel,AIPAC PAC (C00797670),10000.0,direct_contribution,4,FEC pas224
"MORELLE, Joseph",21761,H8NY25105,2024,pro-Israel,AIPAC PAC (C00797670),76460.0,earmarked_conduit_indiv,59,"FEC indiv24 (conduit 15E, recipient C00675108); FEC indiv24 (conduit 24T, recipient C00675108)"
"MORELLE, Joseph",21761,H8NY25105,2024,pro-Israel,AIPAC PAC (C00797670),14526.0,earmarked_conduit_pas2,14,FEC pas224
"MORELLE, Joseph",21761,H8NY25105,2024,pro-Israel,DMFI PAC (C00710848),1000.0,direct_contribution,1,FEC pas224
"MORELLE, Joseph",21761,H8NY25105,2026,pro-Israel,AIPAC PAC (C00797670),5000.0,direct_contribution,1,FEC pas226
"MORELLE, Joseph",21761,H8NY25105,2026,pro-Israel,AIPAC PAC (C00797670),71950.0,earmarked_conduit_indiv,52,"FEC indiv26 (conduit 15E, recipient C00675108); FEC indiv26 (conduit 24T, recipient C00675108)"
"MORELLE, Joseph",21761,H8NY25105,2026,pro-Israel,AIPAC PAC (C00797670),-6.0,earmarked_conduit_pas2,1,FEC pas226
"MOSKOWITZ, Jared",22353,H2FL22171,2022,pro-Israel,AIPAC PAC (C00797670),10000.0,direct_contribution,2,FEC pas222
"MOSKOWITZ, Jared",22353,H2FL22171,2022,pro-Israel,AIPAC PAC (C00797670),11750.0,earmarked_conduit_indiv,9,"FEC indiv22 (conduit 24T, recipient C00807628)"
"MOSKOWITZ, Jared",22353,H2FL22171,2022,pro-Israel,DMFI PAC (C00710848),2000.0,direct_contribution,1,FEC pas222
"MOSKOWITZ, Jared",22353,H2FL22171,2024,pro-Israel,AIPAC PAC (C00797670),10000.0,direct_contribution,2,FEC pas224
"MOSKOWITZ, Jared",22353,H2FL22171,2024,pro-Israel,AIPAC PAC (C00797670),279898.0,earmarked_conduit_indiv,230,"FEC indiv24 (conduit 15E, recipient C00807628); FEC indiv24 (conduit 24T, recipient C00807628)"
"MOSKOWITZ, Jared",22353,H2FL22171,2024,pro-Israel,AIPAC PAC (C00797670),37111.0,earmarked_conduit_pas2,57,FEC pas224
"MOSKOWITZ, Jared",22353,H2FL22171,2024,pro-Israel,DMFI PAC (C00710848),1000.0,direct_contribution,1,FEC pas224
"MOSKOWITZ, Jared",22353,H2FL22171,2026,pro-Israel,AIPAC PAC (C00797670),10000.0,direct_contribution,2,FEC pas226
"MOSKOWITZ, Jared",22353,H2FL22171,2026,pro-Israel,AIPAC PAC (C00797670),850582.0,earmarked_conduit_indiv,592,"FEC indiv26 (conduit 15E, recipient C00807628); FEC indiv26 (conduit 24T, recipient C00807628)"
"MOSKOWITZ, Jared",22353,H2FL22171,2026,pro-Israel,AIPAC PAC (C00797670),-6.0,earmarked_conduit_pas2,1,FEC pas226
"MOSKOWITZ, Jared",22353,H2FL22171,2026,pro-Israel,DMFI PAC (C00710848),5000.0,direct_contribution,3,FEC pas226
"MOULTON, Seth",21525,H4MA06090,2020,J Street,JStreetPAC (C00441949),2000.0,direct_contribution,2,FEC pas220
"MOULTON, Seth",21525,H4MA06090,2022,J Street,JStreetPAC (C00441949),4000.0,direct_contribution,4,FEC pas222
"MOULTON, Seth",21525,S6MA00296,2022,J Street,JStreetPAC (C00441949),250.0,earmarked_conduit_indiv,1,"FEC indiv22 (conduit 24T, recipient C00547240)"
"MOULTON, Seth",21525,H4MA06090,2022,J Street,JStreetPAC (C00441949),250.0,earmarked_conduit_indiv,1,"FEC indiv22 (conduit 24T, recipient C00547240)"
"MOULTON, Seth",21525,H4MA06090,2024,J Street,JStreetPAC (C00441949),1000.0,direct_contribution,1,FEC pas224
"MOULTON, Seth",21525,S6MA00296,2024,J Street,JStreetPAC (C00441949),1750.0,earmarked_conduit_indiv,3,"FEC indiv24 (conduit 24T, recipient C00547240)"
"MOULTON, Seth",21525,H4MA06090,2024,J Street,JStreetPAC (C00441949),1750.0,earmarked_conduit_indiv,3,"FEC indiv24 (conduit 24T, recipient C00547240)"
"MOULTON, Seth",21525,H4MA06090,2024,J Street,JStreetPAC (C00441949),8605.0,earmarked_conduit_pas2,23,FEC pas224
"MOULTON, Seth",21525,H4MA06090,2024,pro-Israel,AIPAC PAC (C00797670),10000.0,direct_contribution,2,FEC pas224
"MOULTON, Seth",21525,S6MA00296,2024,pro-Israel,AIPAC PAC (C00797670),39850.0,earmarked_conduit_indiv,33,"FEC indiv24 (conduit 24T, recipient C00547240)"
"MOULTON, Seth",21525,H4MA06090,2024,pro-Israel,AIPAC PAC (C00797670),39850.0,earmarked_conduit_indiv,33,"FEC indiv24 (conduit 24T, recipient C00547240)"
"MOULTON, Seth",21525,S6MA00296,2026,J Street,JStreetPAC (C00441949),700.0,earmarked_conduit_indiv,2,"FEC indiv26 (conduit 24T, recipient C00547240)"
"MOULTON, Seth",21525,H4MA06090,2026,J Street,JStreetPAC (C00441949),700.0,earmarked_conduit_indiv,2,"FEC indiv26 (conduit 24T, recipient C00547240)"
"MOULTON, Seth",21525,H4MA06090,2026,J Street,JStreetPAC (C00441949),200.0,earmarked_conduit_pas2,1,FEC pas226
"MOULTON, Seth",21525,H4MA06090,2026,pro-Israel,AIPAC PAC (C00797670),0.0,direct_contribution,2,FEC pas226
"MOULTON, Seth",21525,S6MA00296,2026,pro-Israel,AIPAC PAC (C00797670),30000.0,earmarked_conduit_indiv,13,"FEC indiv26 (conduit 15E, recipient C00547240); FEC indiv26 (conduit 24T, recipient C00547240)"
"MOULTON, Seth",21525,H4MA06090,2026,pro-Israel,AIPAC PAC (C00797670),30000.0,earmarked_conduit_indiv,13,"FEC indiv26 (conduit 15E, recipient C00547240); FEC indiv26 (conduit 24T, recipient C00547240)"
"MOULTON, Seth",21525,H4MA06090,2026,pro-Israel,AIPAC PAC (C00797670),-32301.0,earmarked_conduit_pas2,19,FEC pas226
"MRVAN, Frank J.",22142,H0IN01150,2022,pro-Israel,AIPAC PAC (C00797670),7900.0,direct_contribution,2,FEC pas222
"MRVAN, Frank J.",22142,H0IN01150,2022,pro-Israel,AIPAC PAC (C00797670),16050.0,earmarked_conduit_indiv,11,"FEC indiv22 (conduit 15E, recipient C00727529); FEC indiv22 (conduit 24T, recipient C00727529)"
"MRVAN, Frank J.",22142,H0IN01150,2024,pro-Israel,AIPAC PAC (C00797670),10000.0,direct_contribution,2,FEC pas224
"MRVAN, Frank J.",22142,H0IN01150,2024,pro-Israel,AIPAC PAC (C00797670),22324.0,earmarked_conduit_indiv,29,"FEC indiv24 (conduit 24T, recipient C00727529)"
"MRVAN, Frank J.",22142,H0IN01150,2024,pro-Israel,AIPAC PAC (C00797670),1.0,earmarked_conduit_pas2,1,FEC pas224
"MRVAN, Frank J.",22142,H0IN01150,2026,pro-Israel,AIPAC PAC (C00797670),10000.0,direct_contribution,2,FEC pas226
"MRVAN, Frank J.",22142,H0IN01150,2026,pro-Israel,AIPAC PAC (C00797670),30353.0,earmarked_conduit_indiv,19,"FEC indiv26 (conduit 15E, recipient C00727529); FEC indiv26 (conduit 24T, recipient C00727529)"
"MRVAN, Frank J.",22142,H0IN01150,2026,pro-Israel,AIPAC PAC (C00797670),-6.0,earmarked_conduit_pas2,2,FEC pas226
"MUCARSEL-POWELL, Debbie",21947,H8FL26039,2020,J Street,JStreetPAC (C00441949),-820.0,direct_contribution,2,FEC pas220
"MUCARSEL-POWELL, Debbie",21947,H8FL26039,2020,J Street,JStreetPAC (C00441949),53494.0,earmarked_conduit_indiv,61,"FEC indiv20 (conduit 15E, recipient C00652065); FEC indiv20 (conduit 24T, recipient C00652065)"
"MUCARSEL-POWELL, Debbie",21947,H8FL26039,2020,J Street,JStreetPAC (C00441949),1250.0,earmarked_conduit_pas2,3,FEC pas220
"MUCARSEL-POWELL, Debbie",21947,H8FL26039,2020,pro-Israel,DMFI PAC (C00710848),5015.0,direct_contribution,3,FEC pas220
"MULLIN, Kevin",22354,H2CA14162,2022,pro-Israel,AIPAC PAC (C00797670),7900.0,direct_contribution,2,FEC pas222
"MULLIN, Kevin",22354,H2CA14162,2022,pro-Israel,AIPAC PAC (C00797670),75650.0,earmarked_conduit_indiv,77,"FEC indiv22 (conduit 15E, recipient C00795005); FEC indiv22 (conduit 24T, recipient C00795005)"
"MULLIN, Kevin",22354,H2CA14162,2022,pro-Israel,DMFI PAC (C00710848),12500.0,IE_support,2,FEC independent_expenditure_2022.csv
"MULLIN, Kevin",22354,H2CA14162,2022,pro-Israel,DMFI PAC (C00710848),2000.0,direct_contribution,1,FEC pas222
"MULLIN, Kevin",22354,H2CA14162,2024,J Street,JStreetPAC (C00441949),4950.0,direct_contribution,3,FEC pas224
"MULLIN, Kevin",22354,H2CA14162,2024,J Street,JStreetPAC (C00441949),550.0,earmarked_conduit_indiv,2,"FEC indiv24 (conduit 24T, recipient C00795005)"
"MULLIN, Kevin",22354,H2CA14162,2024,J Street,JStreetPAC (C00441949),50.0,earmarked_conduit_pas2,1,FEC pas224
"MULLIN, Kevin",22354,H2CA14162,2024,pro-Israel,AIPAC PAC (C00797670),5000.0,direct_contribution,1,FEC pas224
"MULLIN, Kevin",22354,H2CA14162,2024,pro-Israel,AIPAC PAC (C00797670),15605.0,earmarked_conduit_indiv,19,"FEC indiv24 (conduit 24T, recipient C00795005)"
"MULLIN, Kevin",22354,H2CA14162,2024,pro-Israel,AIPAC PAC (C00797670),1.0,earmarked_conduit_pas2,1,FEC pas224
"MULLIN, Kevin",22354,H2CA14162,2026,J Street,JStreetPAC (C00441949),2500.0,direct_contribution,1,FEC pas226
"MULLIN, Kevin",22354,H2CA14162,2026,J Street,JStreetPAC (C00441949),2250.0,earmarked_conduit_indiv,5,"FEC indiv26 (conduit 24T, recipient C00795005)"
"MULLIN, Markwayne",21355,S2OK00186,2022,pro-Israel,AIPAC PAC (C00797670),0.0,direct_contribution,6,FEC pas222
"MULLIN, Markwayne",21355,S2OK00186,2022,pro-Israel,AIPAC PAC (C00797670),119700.0,earmarked_conduit_indiv,99,"FEC indiv22 (conduit 24T, recipient C00498345)"
"MULLIN, Markwayne",21355,H2OK02083,2022,pro-Israel,AIPAC PAC (C00797670),119700.0,earmarked_conduit_indiv,99,"FEC indiv22 (conduit 24T, recipient C00498345)"
"MULLIN, Markwayne",21355,S2OK00186,2026,pro-Israel,AIPAC PAC (C00797670),5000.0,direct_contribution,1,FEC pas226
"MULLIN, Markwayne",21355,S2OK00186,2026,pro-Israel,AIPAC PAC (C00797670),60000.0,earmarked_conduit_indiv,30,"FEC indiv26 (conduit 24T, recipient C00498345)"
"MULLIN, Markwayne",21355,H2OK02083,2026,pro-Israel,AIPAC PAC (C00797670),60000.0,earmarked_conduit_indiv,30,"FEC indiv26 (conduit 24T, recipient C00498345)"
"MULLIN, Markwayne",21355,S2OK00186,2026,pro-Israel,AIPAC PAC (C00797670),-6.0,earmarked_conduit_pas2,2,FEC pas226
"MULLIN, Markwayne",21355,S2OK00186,2026,pro-Israel,Republican Jewish Coalition PAC (C00345132),21.0,earmarked_conduit_pas2,1,FEC pas226
"MURPHY, Gregory Francis",21987,H0NC03172,2022,pro-Israel,AIPAC PAC (C00797670),7900.0,direct_contribution,2,FEC pas222
"MURPHY, Gregory Francis",21987,H0NC03172,2022,pro-Israel,AIPAC PAC (C00797670),15000.0,earmarked_conduit_indiv,10,"FEC indiv22 (conduit 15E, recipient C00697649); FEC indiv22 (conduit 24T, recipient C00697649)"
"MURPHY, Gregory Francis",21987,H0NC03172,2024,pro-Israel,AIPAC PAC (C00797670),5000.0,direct_contribution,1,FEC pas224
"MURPHY, Gregory Francis",21987,H0NC03172,2024,pro-Israel,AIPAC PAC (C00797670),21508.0,earmarked_conduit_indiv,25,"FEC indiv24 (conduit 24T, recipient C00697649)"
"MURPHY, Gregory Francis",21987,H0NC03172,2024,pro-Israel,AIPAC PAC (C00797670),2860.0,earmarked_conduit_pas2,7,FEC pas224
"MURPHY, Gregory Francis",21987,H0NC03172,2024,pro-Israel,NORPAC (C00247403),360.0,direct_contribution,2,FEC pas224
"MURPHY, Gregory Francis",21987,H0NC03172,2026,pro-Israel,AIPAC PAC (C00797670),10000.0,direct_contribution,2,FEC pas226
"MURPHY, Gregory Francis",21987,H0NC03172,2026,pro-Israel,AIPAC PAC (C00797670),32363.0,earmarked_conduit_indiv,28,"FEC indiv26 (conduit 15E, recipient C00697649); FEC indiv26 (conduit 24T, recipient C00697649)"
"MURPHY, Gregory Francis",21987,H0NC03172,2026,pro-Israel,AIPAC PAC (C00797670),-6.0,earmarked_conduit_pas2,2,FEC pas226
"MURPHY, Stephanie",21738,H6FL07140,2020,pro-Israel,DMFI PAC (C00710848),2015.0,direct_contribution,2,FEC pas220
"MURPHY, Stephanie",21738,H6FL07140,2020,pro-Israel,Pro-Israel America PAC (C00699470),1000.0,direct_contribution,1,FEC pas220
"MURPHY, Stephanie",21738,H6FL07140,2020,pro-Israel,Pro-Israel America PAC (C00699470),916.0,earmarked_conduit_indiv,14,"FEC indiv20 (conduit 24T, recipient C00620443)"
"MURPHY, Stephanie",21738,H6FL07140,2022,pro-Israel,Pro-Israel America PAC (C00699470),152.0,earmarked_conduit_indiv,6,"FEC indiv22 (conduit 15E, recipient C00620443); FEC indiv22 (conduit 24T, recipient C00620443)"
"McBATH, Lucy",21944,H8GA06393,2020,pro-Israel,DMFI PAC (C00710848),2000.0,direct_contribution,1,FEC pas220
"McBATH, Lucy",21944,H8GA06393,2022,pro-Israel,AIPAC PAC (C00797670),7900.0,direct_contribution,2,FEC pas222
"McBATH, Lucy",21944,H8GA06393,2022,pro-Israel,AIPAC PAC (C00797670),43550.0,earmarked_conduit_indiv,34,"FEC indiv22 (conduit 15E, recipient C00672295); FEC indiv22 (conduit 24T, recipient C00672295)"
"McBATH, Lucy",21944,H8GA06393,2022,pro-Israel,DMFI PAC (C00710848),2000.0,direct_contribution,1,FEC pas222
"McBATH, Lucy",21944,H8GA06393,2024,pro-Israel,AIPAC PAC (C00797670),10000.0,direct_contribution,2,FEC pas224
"McBATH, Lucy",21944,H8GA06393,2024,pro-Israel,AIPAC PAC (C00797670),346663.0,earmarked_conduit_indiv,267,"FEC indiv24 (conduit 15E, recipient C00672295); FEC indiv24 (conduit 24T, recipient C00672295)"
"McBATH, Lucy",21944,H8GA06393,2024,pro-Israel,AIPAC PAC (C00797670),37881.0,earmarked_conduit_pas2,43,FEC pas224
"McBATH, Lucy",21944,H8GA06393,2024,pro-Israel,DMFI PAC (C00710848),1000.0,direct_contribution,1,FEC pas224
"McBATH, Lucy",21944,H8GA06393,2026,pro-Israel,AIPAC PAC (C00797670),5000.0,direct_contribution,1,FEC pas226
"McBATH, Lucy",21944,H8GA06393,2026,pro-Israel,AIPAC PAC (C00797670),357010.0,earmarked_conduit_indiv,299,"FEC indiv26 (conduit 15E, recipient C00672295); FEC indiv26 (conduit 24T, recipient C00672295)"
"McBATH, Lucy",21944,H8GA06393,2026,pro-Israel,AIPAC PAC (C00797670),-6.0,earmarked_conduit_pas2,2,FEC pas226
"McCLINTOCK, Tom",20903,H8CA04152,2022,pro-Israel,AIPAC PAC (C00797670),7900.0,direct_contribution,2,FEC pas222
"McCLINTOCK, Tom",20903,H8CA04152,2022,pro-Israel,AIPAC PAC (C00797670),13500.0,earmarked_conduit_indiv,8,"FEC indiv22 (conduit 15E, recipient C00446815); FEC indiv22 (conduit 24T, recipient C00446815)"
"McCLINTOCK, Tom",20903,H8CA04152,2024,pro-Israel,AIPAC PAC (C00797670),10000.0,direct_contribution,2,FEC pas224
"McCLINTOCK, Tom",20903,H8CA04152,2024,pro-Israel,AIPAC PAC (C00797670),11572.0,earmarked_conduit_indiv,13,"FEC indiv24 (conduit 24T, recipient C00446815)"
"McCLINTOCK, Tom",20903,H8CA04152,2024,pro-Israel,AIPAC PAC (C00797670),1010.0,earmarked_conduit_pas2,3,FEC pas224
"McCLINTOCK, Tom",20903,H8CA04152,2026,pro-Israel,AIPAC PAC (C00797670),5000.0,direct_contribution,2,FEC pas226
"McCLINTOCK, Tom",20903,H8CA04152,2026,pro-Israel,AIPAC PAC (C00797670),-6.0,earmarked_conduit_pas2,2,FEC pas226
"McGOVERN, James P.",29729,H4MA03022,2020,J Street,JStreetPAC (C00441949),3000.0,direct_contribution,3,FEC pas220
"McGOVERN, James P.",29729,H4MA03022,2022,J Street,JStreetPAC (C00441949),5500.0,direct_contribution,5,FEC pas222
"McGOVERN, James P.",29729,H4MA03022,2022,J Street,JStreetPAC (C00441949),1000.0,earmarked_conduit_indiv,1,"FEC indiv22 (conduit 24T, recipient C00285171)"
"McGOVERN, James P.",29729,H4MA03022,2024,J Street,JStreetPAC (C00441949),1000.0,direct_contribution,1,FEC pas224
"McGOVERN, James P.",29729,H4MA03022,2024,J Street,JStreetPAC (C00441949),12825.0,earmarked_conduit_indiv,13,"FEC indiv24 (conduit 24T, recipient C00285171)"
"McGOVERN, James P.",29729,H4MA03022,2024,J Street,JStreetPAC (C00441949),1000.0,earmarked_conduit_pas2,1,FEC pas224
"McGOVERN, James P.",29729,H4MA03022,2026,J Street,JStreetPAC (C00441949),500.0,earmarked_conduit_indiv,1,"FEC indiv26 (conduit 24T, recipient C00285171)"
"McGOVERN, James P.",29729,H4MA03022,2026,J Street,JStreetPAC (C00441949),25.0,earmarked_conduit_pas2,1,FEC pas226
"McHENRY, Patrick T.",20522,H4NC10047,2022,pro-Israel,AIPAC PAC (C00797670),7900.0,direct_contribution,3,FEC pas222
"McHENRY, Patrick T.",20522,H4NC10047,2022,pro-Israel,AIPAC PAC (C00797670),35400.0,earmarked_conduit_indiv,35,"FEC indiv22 (conduit 24T, recipient C00393629)"
"McHENRY, Patrick T.",20522,H4NC10047,2024,pro-Israel,AIPAC PAC (C00797670),1000.0,direct_contribution,1,FEC pas224
"McHENRY, Patrick T.",20522,H4NC10047,2024,pro-Israel,AIPAC PAC (C00797670),33100.0,earmarked_conduit_indiv,20,"FEC indiv24 (conduit 15E, recipient C00393629); FEC indiv24 (conduit 24T, recipient C00393629)"
"McHENRY, Patrick T.",20522,H4NC10047,2024,pro-Israel,AIPAC PAC (C00797670),1045.0,earmarked_conduit_pas2,3,FEC pas224
"NADLER, Jerrold Lewis",29377,H2NY17071,2020,J Street,JStreetPAC (C00441949),35100.0,earmarked_conduit_indiv,31,"FEC indiv20 (conduit 15E, recipient C00290825); FEC indiv20 (conduit 24T, recipient C00290825)"
"NADLER, Jerrold Lewis",29377,H2NY17071,2020,J Street,JStreetPAC (C00441949),4286.0,earmarked_conduit_pas2,6,FEC pas220
"NADLER, Jerrold Lewis",29377,H2NY17071,2020,pro-Israel,DMFI PAC (C00710848),4000.0,direct_contribution,2,FEC pas220
"NADLER, Jerrold Lewis",29377,H2NY17071,2022,J Street,JStreetPAC (C00441949),1500.0,direct_contribution,1,FEC pas222
"NADLER, Jerrold Lewis",29377,H2NY17071,2022,J Street,JStreetPAC (C00441949),67213.0,earmarked_conduit_indiv,83,"FEC indiv22 (conduit 15E, recipient C00290825); FEC indiv22 (conduit 24T, recipient C00290825)"
"NADLER, Jerrold Lewis",29377,H2NY17071,2022,pro-Israel,AIPAC PAC (C00797670),7900.0,direct_contribution,2,FEC pas222
"NADLER, Jerrold Lewis",29377,H2NY17071,2022,pro-Israel,AIPAC PAC (C00797670),250.0,earmarked_conduit_indiv,1,"FEC indiv22 (conduit 24T, recipient C00290825)"
"NADLER, Jerrold Lewis",29377,H2NY17071,2022,suppl: J Street,J Street Action Fund (C00815753),70000.0,IE_support,1,FEC independent_expenditure_2022.csv
"NADLER, Jerrold Lewis",29377,H2NY17071,2024,J Street,JStreetPAC (C00441949),1000.0,direct_contribution,1,FEC pas224
"NADLER, Jerrold Lewis",29377,H2NY17071,2024,J Street,JStreetPAC (C00441949),44700.0,earmarked_conduit_indiv,45,"FEC indiv24 (conduit 24T, recipient C00290825)"
"NADLER, Jerrold Lewis",29377,H2NY17071,2024,J Street,JStreetPAC (C00441949),1750.0,earmarked_conduit_pas2,2,FEC pas224
"NADLER, Jerrold Lewis",29377,H2NY17071,2026,J Street,JStreetPAC (C00441949),22877.0,earmarked_conduit_indiv,35,"FEC indiv26 (conduit 24T, recipient C00290825)"
"NADLER, Jerrold Lewis",29377,H2NY17071,2026,J Street,JStreetPAC (C00441949),1000.0,earmarked_conduit_pas2,2,FEC pas226
"NAPOLITANO, Grace Flores",29903,H8CA34068,2022,pro-Israel,AIPAC PAC (C00797670),7900.0,direct_contribution,2,FEC pas222
"NAPOLITANO, Grace Flores",29903,H8CA34068,2022,pro-Israel,AIPAC PAC (C00797670),18800.0,earmarked_conduit_indiv,42,"FEC indiv22 (conduit 15E, recipient C00334706); FEC indiv22 (conduit 24T, recipient C00334706)"
"NEAL, Richard Edmund",15616,H8MA02041,2020,J Street,JStreetPAC (C00441949),2000.0,direct_contribution,2,FEC pas220
"NEAL, Richard Edmund",15616,H8MA02041,2020,critical/pro-Palestinian,Justice Democrats PAC (C00630665),275000.0,IE_oppose,3,FEC independent_expenditure_2020.csv
"NEAL, Richard Edmund",15616,H8MA02041,2020,pro-Israel,Pro-Israel America PAC (C00699470),5000.0,direct_contribution,1,FEC pas220
"NEAL, Richard Edmund",15616,H8MA02041,2020,pro-Israel,Pro-Israel America PAC (C00699470),18813.0,earmarked_conduit_indiv,63,"FEC indiv20 (conduit 24T, recipient C00226522)"
"NEAL, Richard Edmund",15616,H8MA02041,2022,J Street,JStreetPAC (C00441949),4000.0,direct_contribution,4,FEC pas222
"NEAL, Richard Edmund",15616,H8MA02041,2022,J Street,JStreetPAC (C00441949),1000.0,earmarked_conduit_indiv,1,"FEC indiv22 (conduit 24T, recipient C00226522)"
"NEAL, Richard Edmund",15616,H8MA02041,2022,pro-Israel,AIPAC PAC (C00797670),10000.0,direct_contribution,3,FEC pas222
"NEAL, Richard Edmund",15616,H8MA02041,2022,pro-Israel,AIPAC PAC (C00797670),16000.0,earmarked_conduit_indiv,11,"FEC indiv22 (conduit 24T, recipient C00226522)"
"NEAL, Richard Edmund",15616,H8MA02041,2024,J Street,JStreetPAC (C00441949),3500.0,direct_contribution,2,FEC pas224
"NEAL, Richard Edmund",15616,H8MA02041,2024,J Street,JStreetPAC (C00441949),500.0,earmarked_conduit_indiv,1,"FEC indiv24 (conduit 24T, recipient C00226522)"
"NEAL, Richard Edmund",15616,H8MA02041,2024,pro-Israel,AIPAC PAC (C00797670),10000.0,direct_contribution,2,FEC pas224
"NEAL, Richard Edmund",15616,H8MA02041,2024,pro-Israel,AIPAC PAC (C00797670),27100.0,earmarked_conduit_indiv,22,"FEC indiv24 (conduit 24T, recipient C00226522)"
"NEAL, Richard Edmund",15616,H8MA02041,2024,pro-Israel,AIPAC PAC (C00797670),1.0,earmarked_conduit_pas2,1,FEC pas224
"NEAL, Richard Edmund",15616,H8MA02041,2026,J Street,JStreetPAC (C00441949),1000.0,direct_contribution,1,FEC pas226
"NEAL, Richard Edmund",15616,H8MA02041,2026,J Street,JStreetPAC (C00441949),1512.0,earmarked_conduit_indiv,4,"FEC indiv26 (conduit 15E, recipient C00226522); FEC indiv26 (conduit 24T, recipient C00226522)"
"NEAL, Richard Edmund",15616,H8MA02041,2026,pro-Israel,AIPAC PAC (C00797670),750.0,earmarked_conduit_indiv,2,"FEC indiv26 (conduit 24T, recipient C00226522)"
"NEAL, Richard Edmund",15616,H8MA02041,2026,pro-Israel,AIPAC PAC (C00797670),-6.0,earmarked_conduit_pas2,2,FEC pas226
"NEGUSE, Joseph",21948,H8CO02160,2020,J Street,JStreetPAC (C00441949),2000.0,direct_contribution,2,FEC pas220
"NEGUSE, Joseph",21948,H8CO02160,2020,J Street,JStreetPAC (C00441949),9300.0,earmarked_conduit_indiv,12,"FEC indiv20 (conduit 15E, recipient C00648253); FEC indiv20 (conduit 24T, recipient C00648253)"
"NEGUSE, Joseph",21948,H8CO02160,2022,J Street,JStreetPAC (C00441949),1000.0,direct_contribution,1,FEC pas222
"NEGUSE, Joseph",21948,H8CO02160,2022,J Street,JStreetPAC (C00441949),9800.0,earmarked_conduit_indiv,15,"FEC indiv22 (conduit 15E, recipient C00648253); FEC indiv22 (conduit 24T, recipient C00648253)"
"NEGUSE, Joseph",21948,H8CO02160,2022,pro-Israel,AIPAC PAC (C00797670),4200.0,direct_contribution,2,FEC pas222
"NEGUSE, Joseph",21948,H8CO02160,2022,pro-Israel,AIPAC PAC (C00797670),17500.0,earmarked_conduit_indiv,13,"FEC indiv22 (conduit 15E, recipient C00648253); FEC indiv22 (conduit 24T, recipient C00648253)"
"NEGUSE, Joseph",21948,H8CO02160,2024,J Street,JStreetPAC (C00441949),2500.0,direct_contribution,1,FEC pas224
"NEGUSE, Joseph",21948,H8CO02160,2024,J Street,JStreetPAC (C00441949),8000.0,earmarked_conduit_indiv,6,"FEC indiv24 (conduit 24T, recipient C00648253)"
"NEGUSE, Joseph",21948,H8CO02160,2024,J Street,JStreetPAC (C00441949),250.0,earmarked_conduit_pas2,1,FEC pas224
"NEGUSE, Joseph",21948,H8CO02160,2024,pro-Israel,AIPAC PAC (C00797670),10000.0,direct_contribution,2,FEC pas224
"NEGUSE, Joseph",21948,H8CO02160,2024,pro-Israel,AIPAC PAC (C00797670),134060.0,earmarked_conduit_indiv,85,"FEC indiv24 (conduit 15E, recipient C00648253); FEC indiv24 (conduit 24T, recipient C00648253)"
"NEGUSE, Joseph",21948,H8CO02160,2024,pro-Israel,AIPAC PAC (C00797670),10201.0,earmarked_conduit_pas2,3,FEC pas224
"NEGUSE, Joseph",21948,H8CO02160,2026,J Street,JStreetPAC (C00441949),1200.0,direct_contribution,2,FEC pas226
"NEGUSE, Joseph",21948,H8CO02160,2026,J Street,JStreetPAC (C00441949),16900.0,earmarked_conduit_indiv,25,"FEC indiv26 (conduit 15E, recipient C00648253); FEC indiv26 (conduit 24T, recipient C00648253)"
"NEGUSE, Joseph",21948,H8CO02160,2026,pro-Israel,AIPAC PAC (C00797670),10000.0,direct_contribution,2,FEC pas226
"NEGUSE, Joseph",21948,H8CO02160,2026,pro-Israel,AIPAC PAC (C00797670),176770.0,earmarked_conduit_indiv,155,"FEC indiv26 (conduit 15E, recipient C00648253); FEC indiv26 (conduit 24T, recipient C00648253)"
"NEGUSE, Joseph",21948,H8CO02160,2026,pro-Israel,AIPAC PAC (C00797670),-6.0,earmarked_conduit_pas2,1,FEC pas226
"NEHLS, Troy E.",22143,H0TX22302,2020,pro-Israel,Republican Jewish Coalition PAC (C00345132),2500.0,direct_contribution,1,FEC pas220
"NEHLS, Troy E.",22143,H0TX22302,2022,pro-Israel,AIPAC PAC (C00797670),2100.0,direct_contribution,2,FEC pas222
"NEHLS, Troy E.",22143,H0TX22302,2024,pro-Israel,AIPAC PAC (C00797670),5000.0,direct_contribution,1,FEC pas224
"NEHLS, Troy E.",22143,H0TX22302,2024,pro-Israel,AIPAC PAC (C00797670),1000.0,earmarked_conduit_indiv,1,"FEC indiv24 (conduit 24T, recipient C00730150)"
"NEHLS, Troy E.",22143,H0TX22302,2024,pro-Israel,AIPAC PAC (C00797670),510.0,earmarked_conduit_pas2,3,FEC pas224
"NEHLS, Troy E.",22143,H0TX22302,2024,pro-Israel,Republican Jewish Coalition PAC (C00345132),170.0,earmarked_conduit_indiv,1,"FEC indiv24 (conduit 24T, recipient C00730150)"
"NEWHOUSE, Daniel Milton",21556,H4WA04104,2022,pro-Israel,AIPAC PAC (C00797670),10000.0,direct_contribution,3,FEC pas222
"NEWHOUSE, Daniel Milton",21556,H4WA04104,2022,pro-Israel,AIPAC PAC (C00797670),23250.0,earmarked_conduit_indiv,16,"FEC indiv22 (conduit 15E, recipient C00559393); FEC indiv22 (conduit 24T, recipient C00559393)"
"NEWHOUSE, Daniel Milton",21556,H4WA04104,2022,pro-Israel,Pro-Israel America PAC (C00699470),240.0,earmarked_conduit_indiv,13,"FEC indiv22 (conduit 15E, recipient C00559393); FEC indiv22 (conduit 24T, recipient C00559393)"
"NEWHOUSE, Daniel Milton",21556,H4WA04104,2022,pro-Israel,Pro-Israel America PAC (C00699470),8.0,earmarked_conduit_pas2,1,FEC pas222
"NEWHOUSE, Daniel Milton",21556,H4WA04104,2024,pro-Israel,AIPAC PAC (C00797670),7000.0,direct_contribution,3,FEC pas224
"NEWHOUSE, Daniel Milton",21556,H4WA04104,2024,pro-Israel,AIPAC PAC (C00797670),84158.0,earmarked_conduit_indiv,90,"FEC indiv24 (conduit 24T, recipient C00559393)"
"NEWHOUSE, Daniel Milton",21556,H4WA04104,2024,pro-Israel,AIPAC PAC (C00797670),510.0,earmarked_conduit_pas2,3,FEC pas224
"NEWHOUSE, Daniel Milton",21556,H4WA04104,2026,pro-Israel,AIPAC PAC (C00797670),-6.0,earmarked_conduit_pas2,2,FEC pas226
"NICKEL, Wiley",22355,H2NC14019,2022,pro-Israel,AIPAC PAC (C00797670),5000.0,direct_contribution,1,FEC pas222
"NICKEL, Wiley",22355,H2NC14019,2022,pro-Israel,DMFI PAC (C00710848),2000.0,direct_contribution,1,FEC pas222
"NICKEL, Wiley",22355,H2NC14019,2024,pro-Israel,AIPAC PAC (C00797670),5000.0,direct_contribution,1,FEC pas224
"NICKEL, Wiley",22355,H2NC14019,2024,pro-Israel,AIPAC PAC (C00797670),7600.0,earmarked_conduit_indiv,2,"FEC indiv24 (conduit 24T, recipient C00763045)"
"NICKEL, Wiley",22355,H2NC14019,2024,pro-Israel,AIPAC PAC (C00797670),3336.0,earmarked_conduit_pas2,3,FEC pas224
"NORCROSS, Donald",21536,H4NJ01084,2020,pro-Israel,DMFI PAC (C00710848),2000.0,direct_contribution,1,FEC pas220
"NORCROSS, Donald",21536,H4NJ01084,2020,pro-Israel,Pro-Israel America PAC (C00699470),12768.0,earmarked_conduit_indiv,26,"FEC indiv20 (conduit 24T, recipient C00558320)"
"NORCROSS, Donald",21536,H4NJ01084,2022,pro-Israel,AIPAC PAC (C00797670),7900.0,direct_contribution,2,FEC pas222
"NORCROSS, Donald",21536,H4NJ01084,2022,pro-Israel,AIPAC PAC (C00797670),29650.0,earmarked_conduit_indiv,41,"FEC indiv22 (conduit 24T, recipient C00558320)"
"NORCROSS, Donald",21536,H4NJ01084,2022,pro-Israel,Pro-Israel America PAC (C00699470),23160.0,earmarked_conduit_indiv,32,"FEC indiv22 (conduit 24T, recipient C00558320)"
"NORCROSS, Donald",21536,H4NJ01084,2024,pro-Israel,AIPAC PAC (C00797670),5000.0,direct_contribution,1,FEC pas224
"NORCROSS, Donald",21536,H4NJ01084,2024,pro-Israel,AIPAC PAC (C00797670),74195.0,earmarked_conduit_indiv,76,"FEC indiv24 (conduit 15E, recipient C00558320); FEC indiv24 (conduit 24T, recipient C00558320)"
"NORCROSS, Donald",21536,H4NJ01084,2024,pro-Israel,AIPAC PAC (C00797670),16069.0,earmarked_conduit_pas2,22,FEC pas224
"NORCROSS, Donald",21536,H4NJ01084,2024,pro-Israel,DMFI PAC (C00710848),2500.0,IE_support,1,FEC independent_expenditure_2024.csv
"NORCROSS, Donald",21536,H4NJ01084,2024,pro-Israel,NORPAC (C00247403),5000.0,direct_contribution,1,FEC pas224
"NORCROSS, Donald",21536,H4NJ01084,2024,pro-Israel,NORPAC (C00247403),2000.0,earmarked_conduit_indiv,1,"FEC indiv24 (conduit 24T, recipient C00558320)"
"NORCROSS, Donald",21536,H4NJ01084,2026,pro-Israel,AIPAC PAC (C00797670),5000.0,direct_contribution,1,FEC pas226
"NORCROSS, Donald",21536,H4NJ01084,2026,pro-Israel,AIPAC PAC (C00797670),128946.0,earmarked_conduit_indiv,117,"FEC indiv26 (conduit 15E, recipient C00558320); FEC indiv26 (conduit 24T, recipient C00558320)"
"NORCROSS, Donald",21536,H4NJ01084,2026,pro-Israel,AIPAC PAC (C00797670),-6.0,earmarked_conduit_pas2,1,FEC pas226
"NORMAN, Ralph",21753,H8SC05158,2022,pro-Israel,AIPAC PAC (C00797670),7900.0,direct_contribution,2,FEC pas222
"NORMAN, Ralph",21753,H8SC05158,2024,pro-Israel,AIPAC PAC (C00797670),260.0,earmarked_conduit_pas2,3,FEC pas224
"NUNN, Zach",22356,H2IA03119,2022,pro-Israel,Republican Jewish Coalition PAC (C00345132),2500.0,direct_contribution,1,FEC pas222
"NUNN, Zach",22356,H2IA03119,2022,pro-Israel,Republican Jewish Coalition PAC (C00345132),1658.0,earmarked_conduit_indiv,14,"FEC indiv22 (conduit 24T, recipient C00784389)"
"NUNN, Zach",22356,H2IA03119,2024,pro-Israel,AIPAC PAC (C00797670),10000.0,direct_contribution,2,FEC pas224
"NUNN, Zach",22356,H2IA03119,2024,pro-Israel,AIPAC PAC (C00797670),66086.0,earmarked_conduit_indiv,60,"FEC indiv24 (conduit 24T, recipient C00784389)"
"NUNN, Zach",22356,H2IA03119,2024,pro-Israel,AIPAC PAC (C00797670),512.0,earmarked_conduit_pas2,5,FEC pas224
"NUNN, Zach",22356,H2IA03119,2024,pro-Israel,Republican Jewish Coalition PAC (C00345132),5000.0,direct_contribution,1,FEC pas224
"NUNN, Zach",22356,H2IA03119,2024,pro-Israel,Republican Jewish Coalition PAC (C00345132),2188.0,earmarked_conduit_indiv,6,"FEC indiv24 (conduit 24T, recipient C00784389)"
"NUNN, Zach",22356,H2IA03119,2024,pro-Israel,Republican Jewish Coalition PAC (C00345132),470.0,earmarked_conduit_pas2,13,FEC pas224
"NUNN, Zach",22356,H2IA03119,2026,pro-Israel,AIPAC PAC (C00797670),5000.0,direct_contribution,3,FEC pas226
"NUNN, Zach",22356,H2IA03119,2026,pro-Israel,AIPAC PAC (C00797670),47050.0,earmarked_conduit_indiv,23,"FEC indiv26 (conduit 15E, recipient C00784389); FEC indiv26 (conduit 24T, recipient C00784389)"
"NUNN, Zach",22356,H2IA03119,2026,pro-Israel,AIPAC PAC (C00797670),-6.0,earmarked_conduit_pas2,1,FEC pas226
"NUNN, Zach",22356,H2IA03119,2026,pro-Israel,Republican Jewish Coalition PAC (C00345132),5000.0,direct_contribution,1,FEC pas226
"NUNN, Zach",22356,H2IA03119,2026,pro-Israel,Republican Jewish Coalition PAC (C00345132),2152.0,earmarked_conduit_indiv,9,"FEC indiv26 (conduit 24T, recipient C00784389)"
"NUNN, Zach",22356,H2IA03119,2026,pro-Israel,Republican Jewish Coalition PAC (C00345132),20.0,earmarked_conduit_pas2,1,FEC pas226
"O'HALLERAN, Thomas C.",21739,H6AZ01199,2020,pro-Israel,DMFI PAC (C00710848),2000.0,direct_contribution,1,FEC pas220
"O'HALLERAN, Thomas C.",21739,H6AZ01199,2020,pro-Israel,Pro-Israel America PAC (C00699470),3000.0,direct_contribution,2,FEC pas220
"O'HALLERAN, Thomas C.",21739,H6AZ01199,2020,pro-Israel,Pro-Israel America PAC (C00699470),22909.0,earmarked_conduit_indiv,73,"FEC indiv20 (conduit 15E, recipient C00582890); FEC indiv20 (conduit 24T, recipient C00582890)"
"O'HALLERAN, Thomas C.",21739,H6AZ01199,2022,pro-Israel,AIPAC PAC (C00797670),10000.0,direct_contribution,3,FEC pas222
"O'HALLERAN, Thomas C.",21739,H6AZ01199,2022,pro-Israel,AIPAC PAC (C00797670),20900.0,earmarked_conduit_indiv,18,"FEC indiv22 (conduit 24T, recipient C00582890)"
"O'HALLERAN, Thomas C.",21739,H6AZ01199,2022,pro-Israel,Pro-Israel America PAC (C00699470),250.0,earmarked_conduit_indiv,1,"FEC indiv22 (conduit 24T, recipient C00582890)"
"OBERNOLTE, Jay",22145,H0CA08135,2022,pro-Israel,AIPAC PAC (C00797670),7900.0,direct_contribution,2,FEC pas222
"OBERNOLTE, Jay",22145,H0CA08135,2024,pro-Israel,AIPAC PAC (C00797670),5000.0,direct_contribution,3,FEC pas224
"OBERNOLTE, Jay",22145,H0CA08135,2024,pro-Israel,AIPAC PAC (C00797670),11372.0,earmarked_conduit_indiv,7,"FEC indiv24 (conduit 24T, recipient C00720078)"
"OBERNOLTE, Jay",22145,H0CA08135,2024,pro-Israel,AIPAC PAC (C00797670),1012.0,earmarked_conduit_pas2,5,FEC pas224
"OBERNOLTE, Jay",22145,H0CA08135,2026,pro-Israel,AIPAC PAC (C00797670),5000.0,direct_contribution,1,FEC pas226
"OBERNOLTE, Jay",22145,H0CA08135,2026,pro-Israel,AIPAC PAC (C00797670),1000.0,earmarked_conduit_indiv,2,"FEC indiv26 (conduit 24T, recipient C00720078)"
"OBERNOLTE, Jay",22145,H0CA08135,2026,pro-Israel,AIPAC PAC (C00797670),-6.0,earmarked_conduit_pas2,2,FEC pas226
"OGLES, Andy",22357,H2TN05446,2022,pro-Israel,AIPAC PAC (C00797670),10000.0,direct_contribution,2,FEC pas222
"OGLES, Andy",22357,H2TN05446,2024,pro-Israel,AIPAC PAC (C00797670),10000.0,direct_contribution,3,FEC pas224
"OGLES, Andy",22357,H2TN05446,2024,pro-Israel,AIPAC PAC (C00797670),18074.0,earmarked_conduit_indiv,12,"FEC indiv24 (conduit 24T, recipient C00811844)"
"OGLES, Andy",22357,H2TN05446,2024,pro-Israel,AIPAC PAC (C00797670),12.0,earmarked_conduit_pas2,4,FEC pas224
"OGLES, Andy",22357,H2TN05446,2026,pro-Israel,AIPAC PAC (C00797670),5000.0,direct_contribution,1,FEC pas226
"OGLES, Andy",22357,H2TN05446,2026,pro-Israel,AIPAC PAC (C00797670),500.0,earmarked_conduit_indiv,1,"FEC indiv26 (conduit 24T, recipient C00811844)"
"OGLES, Andy",22357,H2TN05446,2026,pro-Israel,AIPAC PAC (C00797670),-6.0,earmarked_conduit_pas2,2,FEC pas226
"OLSZEWSKI, Johnny, Jr.",22545,H4MD02232,2024,J Street,JStreetPAC (C00441949),1000.0,earmarked_conduit_indiv,1,"FEC indiv24 (conduit 24T, recipient C00867747)"
"OLSZEWSKI, Johnny, Jr.",22545,H4MD02232,2024,J Street,JStreetPAC (C00441949),100.0,earmarked_conduit_pas2,1,FEC pas224
"OLSZEWSKI, Johnny, Jr.",22545,H4MD02232,2024,pro-Israel,AIPAC PAC (C00797670),10000.0,direct_contribution,3,FEC pas224
"OLSZEWSKI, Johnny, Jr.",22545,H4MD02232,2024,pro-Israel,AIPAC PAC (C00797670),750.0,earmarked_conduit_indiv,2,"FEC indiv24 (conduit 24T, recipient C00867747)"
"OLSZEWSKI, Johnny, Jr.",22545,H4MD02232,2024,pro-Israel,DMFI PAC (C00710848),2125.0,IE_support,1,FEC independent_expenditure_2024.csv
"OLSZEWSKI, Johnny, Jr.",22545,H4MD02232,2024,pro-Israel,DMFI PAC (C00710848),1000.0,direct_contribution,1,FEC pas224
"OLSZEWSKI, Johnny, Jr.",22545,H4MD02232,2026,J Street,JStreetPAC (C00441949),3500.0,direct_contribution,2,FEC pas226
"OLSZEWSKI, Johnny, Jr.",22545,H4MD02232,2026,J Street,JStreetPAC (C00441949),13750.0,earmarked_conduit_indiv,18,"FEC indiv26 (conduit 24T, recipient C00867747)"
"OLSZEWSKI, Johnny, Jr.",22545,H4MD02232,2026,pro-Israel,AIPAC PAC (C00797670),5000.0,direct_contribution,1,FEC pas226
"OLSZEWSKI, Johnny, Jr.",22545,H4MD02232,2026,pro-Israel,AIPAC PAC (C00797670),12000.0,earmarked_conduit_indiv,7,"FEC indiv26 (conduit 15E, recipient C00867747); FEC indiv26 (conduit 24T, recipient C00867747)"
"OLSZEWSKI, Johnny, Jr.",22545,H4MD02232,2026,pro-Israel,AIPAC PAC (C00797670),-6.0,earmarked_conduit_pas2,2,FEC pas226
"OMAR, Ilhan",21950,H8MN05239,2020,critical/pro-Palestinian,Justice Democrats PAC (C00630665),5000.0,direct_contribution,1,FEC pas220
"OMAR, Ilhan",21950,H8MN05239,2024,critical/pro-Palestinian,Justice Democrats PAC (C00630665),5000.0,direct_contribution,1,FEC pas224
"OMAR, Ilhan",21950,H8MN05239,2026,critical/pro-Palestinian,Justice Democrats PAC (C00630665),2500.0,direct_contribution,1,FEC pas226
"ONDER, Robert F., Jr.",22546,H4MO03221,2024,pro-Israel,AIPAC PAC (C00797670),5000.0,direct_contribution,1,FEC pas224
"ONDER, Robert F., Jr.",22546,H4MO03221,2024,pro-Israel,AIPAC PAC (C00797670),3850.0,earmarked_conduit_indiv,8,"FEC indiv24 (conduit 24T, recipient C00870238)"
"ONDER, Robert F., Jr.",22546,H8MO09146,2024,pro-Israel,AIPAC PAC (C00797670),3850.0,earmarked_conduit_indiv,8,"FEC indiv24 (conduit 24T, recipient C00870238)"
"ONDER, Robert F., Jr.",22546,H4MO03221,2026,pro-Israel,AIPAC PAC (C00797670),5000.0,direct_contribution,1,FEC pas226
"ONDER, Robert F., Jr.",22546,H4MO03221,2026,pro-Israel,AIPAC PAC (C00797670),17750.0,earmarked_conduit_indiv,11,"FEC indiv26 (conduit 15E, recipient C00870238); FEC indiv26 (conduit 24T, recipient C00870238)"
"ONDER, Robert F., Jr.",22546,H8MO09146,2026,pro-Israel,AIPAC PAC (C00797670),17750.0,earmarked_conduit_indiv,11,"FEC indiv26 (conduit 15E, recipient C00870238); FEC indiv26 (conduit 24T, recipient C00870238)"
"ONDER, Robert F., Jr.",22546,H4MO03221,2026,pro-Israel,AIPAC PAC (C00797670),-6.0,earmarked_conduit_pas2,2,FEC pas226
"OWENS, Burgess",22146,H0UT04076,2020,pro-Israel,Republican Jewish Coalition PAC (C00345132),2500.0,direct_contribution,1,FEC pas220
"OWENS, Burgess",22146,H0UT04076,2020,pro-Israel,Republican Jewish Coalition PAC (C00345132),2800.0,earmarked_conduit_indiv,1,"FEC indiv20 (conduit 24T, recipient C00725853)"
"OWENS, Burgess",22146,H0UT04076,2022,pro-Israel,AIPAC PAC (C00797670),10000.0,direct_contribution,3,FEC pas222
"OWENS, Burgess",22146,H0UT04076,2022,pro-Israel,AIPAC PAC (C00797670),7750.0,earmarked_conduit_indiv,6,"FEC indiv22 (conduit 24T, recipient C00725853)"
"OWENS, Burgess",22146,H0UT04076,2024,pro-Israel,AIPAC PAC (C00797670),5000.0,direct_contribution,1,FEC pas224
"OWENS, Burgess",22146,H0UT04076,2024,pro-Israel,AIPAC PAC (C00797670),28885.0,earmarked_conduit_indiv,32,"FEC indiv24 (conduit 24T, recipient C00725853)"
"OWENS, Burgess",22146,H0UT04076,2024,pro-Israel,AIPAC PAC (C00797670),4622.0,earmarked_conduit_pas2,9,FEC pas224
"OWENS, Burgess",22146,H0UT04076,2026,pro-Israel,AIPAC PAC (C00797670),-6.0,earmarked_conduit_pas2,2,FEC pas226
"PALAZZO, Steven",21148,H0MS04120,2022,pro-Israel,AIPAC PAC (C00797670),2900.0,direct_contribution,1,FEC pas222
"PALLONE, Frank, Jr.",15454,H8NJ03073,2020,pro-Israel,NORPAC (C00247403),1500.0,direct_contribution,2,FEC pas220
"PALLONE, Frank, Jr.",15454,H8NJ03073,2020,pro-Israel,NORPAC (C00247403),2500.0,earmarked_conduit_indiv,3,"FEC indiv20 (conduit 24T, recipient C00226928)"
"PALLONE, Frank, Jr.",15454,H8NJ03073,2022,pro-Israel,AIPAC PAC (C00797670),7900.0,direct_contribution,2,FEC pas222
"PALLONE, Frank, Jr.",15454,H8NJ03073,2022,pro-Israel,AIPAC PAC (C00797670),17200.0,earmarked_conduit_indiv,24,"FEC indiv22 (conduit 24T, recipient C00226928)"
"PALLONE, Frank, Jr.",15454,H8NJ03073,2024,pro-Israel,AIPAC PAC (C00797670),10000.0,direct_contribution,2,FEC pas224
"PALLONE, Frank, Jr.",15454,H8NJ03073,2024,pro-Israel,AIPAC PAC (C00797670),26910.0,earmarked_conduit_indiv,30,"FEC indiv24 (conduit 24T, recipient C00226928)"
"PALLONE, Frank, Jr.",15454,H8NJ03073,2024,pro-Israel,AIPAC PAC (C00797670),3.0,earmarked_conduit_pas2,3,FEC pas224
"PALLONE, Frank, Jr.",15454,H8NJ03073,2024,pro-Israel,NORPAC (C00247403),33200.0,direct_contribution,1,FEC pas224
"PALLONE, Frank, Jr.",15454,H8NJ03073,2024,pro-Israel,NORPAC (C00247403),1538.0,earmarked_conduit_indiv,2,"FEC indiv24 (conduit 24T, recipient C00226928)"
"PALLONE, Frank, Jr.",15454,H8NJ03073,2026,pro-Israel,AIPAC PAC (C00797670),5000.0,direct_contribution,1,FEC pas226
"PALLONE, Frank, Jr.",15454,H8NJ03073,2026,pro-Israel,AIPAC PAC (C00797670),27720.0,earmarked_conduit_indiv,31,"FEC indiv26 (conduit 24T, recipient C00226928)"
"PALLONE, Frank, Jr.",15454,H8NJ03073,2026,pro-Israel,AIPAC PAC (C00797670),-6.0,earmarked_conduit_pas2,1,FEC pas226
"PALMER, Gary James",21500,H4AL06098,2022,pro-Israel,AIPAC PAC (C00797670),2100.0,direct_contribution,1,FEC pas222
"PALMER, Gary James",21500,H4AL06098,2022,pro-Israel,AIPAC PAC (C00797670),24250.0,earmarked_conduit_indiv,15,"FEC indiv22 (conduit 15E, recipient C00551374); FEC indiv22 (conduit 24T, recipient C00551374)"
"PALMER, Gary James",21500,H4AL06098,2024,pro-Israel,AIPAC PAC (C00797670),5000.0,direct_contribution,1,FEC pas224
"PALMER, Gary James",21500,H4AL06098,2024,pro-Israel,AIPAC PAC (C00797670),34850.0,earmarked_conduit_indiv,17,"FEC indiv24 (conduit 15E, recipient C00551374); FEC indiv24 (conduit 24T, recipient C00551374)"
"PALMER, Gary James",21500,H4AL06098,2024,pro-Israel,AIPAC PAC (C00797670),12.0,earmarked_conduit_pas2,4,FEC pas224
"PALMER, Gary James",21500,H4AL06098,2024,pro-Israel,Republican Jewish Coalition PAC (C00345132),2500.0,earmarked_conduit_indiv,1,"FEC indiv24 (conduit 24T, recipient C00551374)"
"PALMER, Gary James",21500,H4AL06098,2026,pro-Israel,AIPAC PAC (C00797670),5000.0,direct_contribution,1,FEC pas226
"PALMER, Gary James",21500,H4AL06098,2026,pro-Israel,AIPAC PAC (C00797670),500.0,earmarked_conduit_indiv,1,"FEC indiv26 (conduit 24T, recipient C00551374)"
"PALMER, Gary James",21500,H4AL06098,2026,pro-Israel,AIPAC PAC (C00797670),-6.0,earmarked_conduit_pas2,2,FEC pas226
"PANETTA, James Varni",21740,H6CA20152,2022,pro-Israel,AIPAC PAC (C00797670),7900.0,direct_contribution,3,FEC pas222
"PANETTA, James Varni",21740,H6CA20152,2022,pro-Israel,AIPAC PAC (C00797670),47399.0,earmarked_conduit_indiv,33,"FEC indiv22 (conduit 15E, recipient C00592154); FEC indiv22 (conduit 24T, recipient C00592154)"
"PANETTA, James Varni",21740,H6CA20152,2024,pro-Israel,AIPAC PAC (C00797670),10000.0,direct_contribution,2,FEC pas224
"PANETTA, James Varni",21740,H6CA20152,2024,pro-Israel,AIPAC PAC (C00797670),277545.0,earmarked_conduit_indiv,170,"FEC indiv24 (conduit 24T, recipient C00592154)"
"PANETTA, James Varni",21740,H6CA20152,2024,pro-Israel,AIPAC PAC (C00797670),3750.0,earmarked_conduit_pas2,15,FEC pas224
"PANETTA, James Varni",21740,H6CA20152,2024,pro-Israel,DMFI PAC (C00710848),2000.0,direct_contribution,1,FEC pas224
"PANETTA, James Varni",21740,H6CA20152,2026,pro-Israel,AIPAC PAC (C00797670),5000.0,direct_contribution,1,FEC pas226
"PANETTA, James Varni",21740,H6CA20152,2026,pro-Israel,AIPAC PAC (C00797670),184075.0,earmarked_conduit_indiv,149,"FEC indiv26 (conduit 15E, recipient C00592154); FEC indiv26 (conduit 24T, recipient C00592154)"
"PANETTA, James Varni",21740,H6CA20152,2026,pro-Israel,AIPAC PAC (C00797670),496.0,earmarked_conduit_pas2,4,FEC pas226
"PAPPAS, Chris",21951,H8NH01210,2020,J Street,JStreetPAC (C00441949),1000.0,direct_contribution,1,FEC pas220
"PAPPAS, Chris",21951,H8NH01210,2020,J Street,JStreetPAC (C00441949),16016.0,earmarked_conduit_indiv,17,"FEC indiv20 (conduit 15E, recipient C00660464); FEC indiv20 (conduit 24T, recipient C00660464)"
"PAPPAS, Chris",21951,S6NH00141,2020,J Street,JStreetPAC (C00441949),16016.0,earmarked_conduit_indiv,17,"FEC indiv20 (conduit 15E, recipient C00660464); FEC indiv20 (conduit 24T, recipient C00660464)"
"PAPPAS, Chris",21951,H8NH01210,2020,J Street,JStreetPAC (C00441949),2250.0,earmarked_conduit_pas2,2,FEC pas220
"PAPPAS, Chris",21951,H8NH01210,2020,pro-Israel,NORPAC (C00247403),1200.0,direct_contribution,1,FEC pas220
"PAPPAS, Chris",21951,H8NH01210,2020,pro-Israel,NORPAC (C00247403),1200.0,earmarked_conduit_indiv,1,"FEC indiv20 (conduit 15E, recipient C00660464)"
"PAPPAS, Chris",21951,S6NH00141,2020,pro-Israel,NORPAC (C00247403),1200.0,earmarked_conduit_indiv,1,"FEC indiv20 (conduit 15E, recipient C00660464)"
"PAPPAS, Chris",21951,H8NH01210,2022,pro-Israel,AIPAC PAC (C00797670),4200.0,direct_contribution,2,FEC pas222
"PAPPAS, Chris",21951,H8NH01210,2022,pro-Israel,AIPAC PAC (C00797670),65700.0,earmarked_conduit_indiv,52,"FEC indiv22 (conduit 15E, recipient C00660464); FEC indiv22 (conduit 24T, recipient C00660464)"
"PAPPAS, Chris",21951,S6NH00141,2022,pro-Israel,AIPAC PAC (C00797670),65700.0,earmarked_conduit_indiv,52,"FEC indiv22 (conduit 15E, recipient C00660464); FEC indiv22 (conduit 24T, recipient C00660464)"
"PAPPAS, Chris",21951,H8NH01210,2022,pro-Israel,AIPAC PAC (C00797670),-41.0,earmarked_conduit_pas2,1,FEC pas222
"PAPPAS, Chris",21951,H8NH01210,2022,pro-Israel,DMFI PAC (C00710848),2000.0,direct_contribution,1,FEC pas222
"PAPPAS, Chris",21951,H8NH01210,2022,pro-Israel,Pro-Israel America PAC (C00699470),2500.0,direct_contribution,1,FEC pas222
"PAPPAS, Chris",21951,H8NH01210,2022,pro-Israel,Pro-Israel America PAC (C00699470),27665.0,earmarked_conduit_indiv,51,"FEC indiv22 (conduit 15E, recipient C00660464); FEC indiv22 (conduit 24T, recipient C00660464)"
"PAPPAS, Chris",21951,S6NH00141,2022,pro-Israel,Pro-Israel America PAC (C00699470),27665.0,earmarked_conduit_indiv,51,"FEC indiv22 (conduit 15E, recipient C00660464); FEC indiv22 (conduit 24T, recipient C00660464)"
"PAPPAS, Chris",21951,H8NH01210,2022,pro-Israel,Pro-Israel America PAC (C00699470),1945.0,earmarked_conduit_pas2,16,FEC pas222
"PAPPAS, Chris",21951,H8NH01210,2024,pro-Israel,AIPAC PAC (C00797670),10000.0,direct_contribution,2,FEC pas224
"PAPPAS, Chris",21951,H8NH01210,2024,pro-Israel,AIPAC PAC (C00797670),313742.0,earmarked_conduit_indiv,237,"FEC indiv24 (conduit 15E, recipient C00660464); FEC indiv24 (conduit 24T, recipient C00660464)"
"PAPPAS, Chris",21951,S6NH00141,2024,pro-Israel,AIPAC PAC (C00797670),313742.0,earmarked_conduit_indiv,237,"FEC indiv24 (conduit 15E, recipient C00660464); FEC indiv24 (conduit 24T, recipient C00660464)"
"PAPPAS, Chris",21951,H8NH01210,2024,pro-Israel,AIPAC PAC (C00797670),5003.0,earmarked_conduit_pas2,8,FEC pas224
"PAPPAS, Chris",21951,H8NH01210,2024,pro-Israel,DMFI PAC (C00710848),2000.0,direct_contribution,2,FEC pas224
"PAPPAS, Chris",21951,H8NH01210,2026,pro-Israel,AIPAC PAC (C00797670),10000.0,direct_contribution,2,FEC pas226
"PAPPAS, Chris",21951,H8NH01210,2026,pro-Israel,AIPAC PAC (C00797670),227119.0,earmarked_conduit_indiv,130,"FEC indiv26 (conduit 15E, recipient C00660464); FEC indiv26 (conduit 24T, recipient C00660464)"
"PAPPAS, Chris",21951,S6NH00141,2026,pro-Israel,AIPAC PAC (C00797670),227119.0,earmarked_conduit_indiv,130,"FEC indiv26 (conduit 15E, recipient C00660464); FEC indiv26 (conduit 24T, recipient C00660464)"
"PAPPAS, Chris",21951,H8NH01210,2026,pro-Israel,AIPAC PAC (C00797670),-6000.0,earmarked_conduit_pas2,4,FEC pas226
"PAPPAS, Chris",21951,S6NH00141,2026,pro-Israel,DMFI PAC (C00710848),5000.0,direct_contribution,2,FEC pas226
"PAPPAS, Chris",21951,H8NH01210,2026,pro-Israel,NORPAC (C00247403),19500.0,direct_contribution,1,FEC pas226
"PASCRELL, William J., Jr.",29741,H6NJ08118,2020,pro-Israel,NORPAC (C00247403),13450.0,earmarked_conduit_indiv,9,"FEC indiv20 (conduit 24T, recipient C00313510)"
"PASCRELL, William J., Jr.",29741,H6NJ08118,2022,pro-Israel,AIPAC PAC (C00797670),7900.0,direct_contribution,2,FEC pas222
"PASCRELL, William J., Jr.",29741,H6NJ08118,2022,pro-Israel,AIPAC PAC (C00797670),20300.0,earmarked_conduit_indiv,29,"FEC indiv22 (conduit 24T, recipient C00313510)"
"PASCRELL, William J., Jr.",29741,H6NJ08118,2022,pro-Israel,NORPAC (C00247403),12686.0,earmarked_conduit_indiv,15,"FEC indiv22 (conduit 24T, recipient C00313510)"
"PASCRELL, William J., Jr.",29741,H6NJ08118,2024,pro-Israel,AIPAC PAC (C00797670),5000.0,direct_contribution,1,FEC pas224
"PASCRELL, William J., Jr.",29741,H6NJ08118,2024,pro-Israel,AIPAC PAC (C00797670),47650.0,earmarked_conduit_indiv,58,"FEC indiv24 (conduit 24T, recipient C00313510)"
"PASCRELL, William J., Jr.",29741,H6NJ08118,2024,pro-Israel,AIPAC PAC (C00797670),5053.0,earmarked_conduit_pas2,7,FEC pas224
"PASCRELL, William J., Jr.",29741,H6NJ08118,2024,pro-Israel,NORPAC (C00247403),15330.0,direct_contribution,1,FEC pas224
"PASCRELL, William J., Jr.",29741,H6NJ08118,2024,pro-Israel,NORPAC (C00247403),3290.0,earmarked_conduit_indiv,7,"FEC indiv24 (conduit 24T, recipient C00313510)"
"PATRONIS, Jimmy",22563,H6FL01390,2026,pro-Israel,AIPAC PAC (C00797670),15000.0,direct_contribution,3,FEC pas226
"PATRONIS, Jimmy",22563,H6FL01390,2026,pro-Israel,AIPAC PAC (C00797670),19125.0,earmarked_conduit_indiv,16,"FEC indiv26 (conduit 15E, recipient C00893594); FEC indiv26 (conduit 24T, recipient C00893594)"
"PATRONIS, Jimmy",22563,H6FL01390,2026,pro-Israel,AIPAC PAC (C00797670),-6.0,earmarked_conduit_pas2,2,FEC pas226
"PATRONIS, Jimmy",22563,H6FL01390,2026,pro-Israel,Republican Jewish Coalition PAC (C00345132),3775.0,earmarked_conduit_indiv,6,"FEC indiv26 (conduit 24T, recipient C00893594)"
"PATRONIS, Jimmy",22563,H6FL01390,2026,pro-Israel,Republican Jewish Coalition PAC (C00345132),150.0,earmarked_conduit_pas2,3,FEC pas226
"PAYNE, Donald, Jr.",31103,H2NJ10154,2020,J Street,JStreetPAC (C00441949),1000.0,direct_contribution,1,FEC pas220
"PAYNE, Donald, Jr.",31103,H2NJ10154,2022,J Street,JStreetPAC (C00441949),1000.0,direct_contribution,1,FEC pas222
"PAYNE, Donald, Jr.",31103,H2NJ10154,2022,J Street,JStreetPAC (C00441949),10494.0,earmarked_conduit_indiv,19,"FEC indiv22 (conduit 24T, recipient C00519355)"
"PAYNE, Donald, Jr.",31103,H2NJ10154,2022,pro-Israel,NORPAC (C00247403),5500.0,earmarked_conduit_indiv,3,"FEC indiv22 (conduit 24T, recipient C00519355)"
"PAYNE, Donald, Jr.",31103,H2NJ10154,2024,J Street,JStreetPAC (C00441949),1000.0,direct_contribution,1,FEC pas224
"PAYNE, Donald, Jr.",31103,H2NJ10154,2024,J Street,JStreetPAC (C00441949),250.0,earmarked_conduit_indiv,1,"FEC indiv24 (conduit 24T, recipient C00519355)"
"PAYNE, Donald, Jr.",31103,H2NJ10154,2024,pro-Israel,NORPAC (C00247403),5000.0,earmarked_conduit_indiv,1,"FEC indiv24 (conduit 24T, recipient C00519355)"
"PELOSI, Nancy",15448,H8CA05035,2022,J Street,JStreetPAC (C00441949),2000.0,direct_contribution,1,FEC pas222
"PELOSI, Nancy",15448,H8CA05035,2022,pro-Israel,AIPAC PAC (C00797670),7900.0,direct_contribution,3,FEC pas222
"PELOSI, Nancy",15448,H8CA05035,2024,J Street,JStreetPAC (C00441949),6000.0,direct_contribution,2,FEC pas224
"PELOSI, Nancy",15448,H8CA05035,2024,pro-Israel,AIPAC PAC (C00797670),5000.0,direct_contribution,1,FEC pas224
"PELOSI, Nancy",15448,H8CA05035,2024,pro-Israel,AIPAC PAC (C00797670),1322.0,earmarked_conduit_indiv,2,"FEC indiv24 (conduit 24T, recipient C00213512)"
"PELOSI, Nancy",15448,H8CA05035,2024,pro-Israel,AIPAC PAC (C00797670),3.0,earmarked_conduit_pas2,6,FEC pas224
"PELOSI, Nancy",15448,H8CA05035,2026,J Street,JStreetPAC (C00441949),1000.0,earmarked_conduit_indiv,2,"FEC indiv26 (conduit 24T, recipient C00213512)"
"PELOSI, Nancy",15448,H8CA05035,2026,pro-Israel,AIPAC PAC (C00797670),-188.0,earmarked_conduit_pas2,4,FEC pas226
"PELTOLA, Mary Sattler",22168,H2AK01158,2024,pro-Israel,AIPAC PAC (C00797670),10000.0,direct_contribution,3,FEC pas224
"PELTOLA, Mary Sattler",22168,H2AK01158,2024,pro-Israel,AIPAC PAC (C00797670),35118.0,earmarked_conduit_indiv,21,"FEC indiv24 (conduit 24T, recipient C00812388)"
"PELTOLA, Mary Sattler",22168,H2AK01158,2024,pro-Israel,AIPAC PAC (C00797670),3253.0,earmarked_conduit_pas2,7,FEC pas224
"PELTOLA, Mary Sattler",22168,H2AK01158,2024,pro-Israel,DMFI PAC (C00710848),5000.0,direct_contribution,2,FEC pas224
"PENCE, Gregory",21952,H8IN06129,2020,pro-Israel,Republican Jewish Coalition PAC (C00345132),2500.0,direct_contribution,1,FEC pas220
"PENCE, Gregory",21952,H8IN06129,2022,pro-Israel,AIPAC PAC (C00797670),7900.0,direct_contribution,2,FEC pas222
"PEREZ, Marie Gluesenkamp",22358,H2WA03217,2024,pro-Israel,AIPAC PAC (C00797670),10000.0,direct_contribution,2,FEC pas224
"PEREZ, Marie Gluesenkamp",22358,H2WA03217,2024,pro-Israel,AIPAC PAC (C00797670),178451.0,earmarked_conduit_indiv,140,"FEC indiv24 (conduit 24T, recipient C00806174)"
"PEREZ, Marie Gluesenkamp",22358,H2WA03217,2024,pro-Israel,AIPAC PAC (C00797670),1.0,earmarked_conduit_pas2,1,FEC pas224
"PEREZ, Marie Gluesenkamp",22358,H2WA03217,2024,pro-Israel,DMFI PAC (C00710848),5000.0,direct_contribution,2,FEC pas224
"PEREZ, Marie Gluesenkamp",22358,H2WA03217,2024,pro-Israel,NORPAC (C00247403),14850.0,earmarked_conduit_indiv,16,"FEC indiv24 (conduit 24T, recipient C00806174)"
"PEREZ, Marie Gluesenkamp",22358,H2WA03217,2026,pro-Israel,AIPAC PAC (C00797670),10000.0,direct_contribution,2,FEC pas226
"PEREZ, Marie Gluesenkamp",22358,H2WA03217,2026,pro-Israel,AIPAC PAC (C00797670),158008.0,earmarked_conduit_indiv,96,"FEC indiv26 (conduit 15E, recipient C00806174); FEC indiv26 (conduit 24T, recipient C00806174)"
"PEREZ, Marie Gluesenkamp",22358,H2WA03217,2026,pro-Israel,AIPAC PAC (C00797670),-6.0,earmarked_conduit_pas2,1,FEC pas226
"PEREZ, Marie Gluesenkamp",22358,H2WA03217,2026,pro-Israel,DMFI PAC (C00710848),3500.0,direct_contribution,2,FEC pas226
"PEREZ, Marie Gluesenkamp",22358,H2WA03217,2026,pro-Israel,NORPAC (C00247403),2800.0,direct_contribution,2,FEC pas226
"PEREZ, Marie Gluesenkamp",22358,H2WA03217,2026,pro-Israel,NORPAC (C00247403),19070.0,earmarked_conduit_indiv,21,"FEC indiv26 (conduit 24T, recipient C00806174)"
"PERLMUTTER, Ed",20705,H6CO07023,2020,J Street,JStreetPAC (C00441949),1000.0,direct_contribution,1,FEC pas220
"PERLMUTTER, Ed",20705,H6CO07023,2020,J Street,JStreetPAC (C00441949),2745.0,earmarked_conduit_indiv,7,"FEC indiv20 (conduit 24T, recipient C00410639)"
"PERLMUTTER, Ed",20705,H6CO07023,2022,J Street,JStreetPAC (C00441949),1000.0,direct_contribution,1,FEC pas222
"PERRY, Scott",21356,H2PA04135,2020,pro-Israel,Republican Jewish Coalition PAC (C00345132),2500.0,direct_contribution,1,FEC pas220
"PERRY, Scott",21356,H2PA04135,2022,pro-Israel,AIPAC PAC (C00797670),14000.0,earmarked_conduit_indiv,21,"FEC indiv22 (conduit 24T, recipient C00510164)"
"PERRY, Scott",21356,H2PA04135,2024,pro-Israel,AIPAC PAC (C00797670),5000.0,direct_contribution,1,FEC pas224
"PERRY, Scott",21356,H2PA04135,2024,pro-Israel,AIPAC PAC (C00797670),16250.0,earmarked_conduit_indiv,21,"FEC indiv24 (conduit 24T, recipient C00510164)"
"PERRY, Scott",21356,H2PA04135,2024,pro-Israel,AIPAC PAC (C00797670),12.0,earmarked_conduit_pas2,16,FEC pas224
"PERRY, Scott",21356,H2PA04135,2024,pro-Israel,DMFI PAC (C00710848),25570.0,IE_oppose,1,FEC independent_expenditure_2024.csv
"PERRY, Scott",21356,H2PA04135,2026,pro-Israel,AIPAC PAC (C00797670),5000.0,direct_contribution,1,FEC pas226
"PERRY, Scott",21356,H2PA04135,2026,pro-Israel,AIPAC PAC (C00797670),47500.0,earmarked_conduit_indiv,38,"FEC indiv26 (conduit 15E, recipient C00510164); FEC indiv26 (conduit 24T, recipient C00510164)"
"PERRY, Scott",21356,H2PA04135,2026,pro-Israel,AIPAC PAC (C00797670),-6.0,earmarked_conduit_pas2,2,FEC pas226
"PETERS, Scott",21315,H2CA52089,2020,J Street,JStreetPAC (C00441949),3500.0,direct_contribution,3,FEC pas220
"PETERS, Scott",21315,H2CA52089,2020,J Street,JStreetPAC (C00441949),450.0,earmarked_conduit_indiv,2,"FEC indiv20 (conduit 15E, recipient C00503110); FEC indiv20 (conduit 24T, recipient C00503110)"
"PETERS, Scott",21315,H2CA52089,2022,J Street,JStreetPAC (C00441949),1000.0,direct_contribution,1,FEC pas222
"PETERS, Scott",21315,H2CA52089,2022,J Street,JStreetPAC (C00441949),2000.0,earmarked_conduit_indiv,3,"FEC indiv22 (conduit 24T, recipient C00503110)"
"PETERS, Scott",21315,H2CA52089,2022,pro-Israel,AIPAC PAC (C00797670),7900.0,direct_contribution,2,FEC pas222
"PETERS, Scott",21315,H2CA52089,2022,pro-Israel,AIPAC PAC (C00797670),12000.0,earmarked_conduit_indiv,8,"FEC indiv22 (conduit 15E, recipient C00503110); FEC indiv22 (conduit 24T, recipient C00503110)"
"PETERS, Scott",21315,H2CA52089,2024,J Street,JStreetPAC (C00441949),15100.0,earmarked_conduit_indiv,34,"FEC indiv24 (conduit 24T, recipient C00503110)"
"PETERS, Scott",21315,H2CA52089,2026,J Street,JStreetPAC (C00441949),2250.0,earmarked_conduit_indiv,3,"FEC indiv26 (conduit 24T, recipient C00503110)"
"PETERS, Scott",21315,H2CA52089,2026,J Street,JStreetPAC (C00441949),1250.0,earmarked_conduit_pas2,2,FEC pas226
"PETERS, Scott",21315,H2CA52089,2026,pro-Israel,AIPAC PAC (C00797670),500.0,earmarked_conduit_indiv,1,"FEC indiv26 (conduit 15E, recipient C00503110)"
"PETERS, Scott",21315,H2CA52089,2026,pro-Israel,AIPAC PAC (C00797670),-6.0,earmarked_conduit_pas2,2,FEC pas226
"PETTERSEN, Brittany",22359,H8CO07045,2022,J Street,JStreetPAC (C00441949),2000.0,direct_contribution,1,FEC pas222
"PETTERSEN, Brittany",22359,H8CO07045,2022,J Street,JStreetPAC (C00441949),32024.0,earmarked_conduit_indiv,35,"FEC indiv22 (conduit 15E, recipient C00637215); FEC indiv22 (conduit 24T, recipient C00637215)"
"PETTERSEN, Brittany",22359,H8CO07045,2022,J Street,JStreetPAC (C00441949),973.0,in_kind,1,FEC pas222
"PETTERSEN, Brittany",22359,H8CO07045,2022,pro-Israel,AIPAC PAC (C00797670),2900.0,direct_contribution,1,FEC pas222
"PETTERSEN, Brittany",22359,H8CO07045,2022,pro-Israel,AIPAC PAC (C00797670),15950.0,earmarked_conduit_indiv,12,"FEC indiv22 (conduit 15E, recipient C00637215); FEC indiv22 (conduit 24T, recipient C00637215)"
"PETTERSEN, Brittany",22359,H8CO07045,2022,pro-Israel,DMFI PAC (C00710848),2000.0,direct_contribution,1,FEC pas222
"PETTERSEN, Brittany",22359,H8CO07045,2024,J Street,JStreetPAC (C00441949),2500.0,direct_contribution,2,FEC pas224
"PETTERSEN, Brittany",22359,H8CO07045,2024,J Street,JStreetPAC (C00441949),100.0,earmarked_conduit_indiv,1,"FEC indiv24 (conduit 24T, recipient C00637215)"
"PETTERSEN, Brittany",22359,H8CO07045,2024,J Street,JStreetPAC (C00441949),395.0,earmarked_conduit_pas2,4,FEC pas224
"PETTERSEN, Brittany",22359,H8CO07045,2024,pro-Israel,AIPAC PAC (C00797670),10000.0,direct_contribution,5,FEC pas224
"PETTERSEN, Brittany",22359,H8CO07045,2024,pro-Israel,AIPAC PAC (C00797670),30610.0,earmarked_conduit_indiv,21,"FEC indiv24 (conduit 15E, recipient C00637215); FEC indiv24 (conduit 24T, recipient C00637215)"
"PETTERSEN, Brittany",22359,H8CO07045,2024,pro-Israel,AIPAC PAC (C00797670),4103.0,earmarked_conduit_pas2,8,FEC pas224
"PETTERSEN, Brittany",22359,H8CO07045,2024,pro-Israel,DMFI PAC (C00710848),1000.0,direct_contribution,1,FEC pas224
"PETTERSEN, Brittany",22359,H8CO07045,2026,J Street,JStreetPAC (C00441949),2500.0,direct_contribution,1,FEC pas226
"PETTERSEN, Brittany",22359,H8CO07045,2026,J Street,JStreetPAC (C00441949),9350.0,earmarked_conduit_indiv,15,"FEC indiv26 (conduit 24T, recipient C00637215)"
"PETTERSEN, Brittany",22359,H8CO07045,2026,pro-Israel,AIPAC PAC (C00797670),5000.0,direct_contribution,4,FEC pas226
"PETTERSEN, Brittany",22359,H8CO07045,2026,pro-Israel,AIPAC PAC (C00797670),-6.0,earmarked_conduit_pas2,2,FEC pas226
"PFLUGER, August",22147,H0TX11230,2022,pro-Israel,AIPAC PAC (C00797670),2100.0,direct_contribution,2,FEC pas222
"PFLUGER, August",22147,H0TX11230,2022,pro-Israel,AIPAC PAC (C00797670),20650.0,earmarked_conduit_indiv,16,"FEC indiv22 (conduit 15E, recipient C00719294); FEC indiv22 (conduit 24T, recipient C00719294)"
"PFLUGER, August",22147,H0TX11230,2024,pro-Israel,AIPAC PAC (C00797670),10000.0,direct_contribution,4,FEC pas224
"PFLUGER, August",22147,H0TX11230,2024,pro-Israel,AIPAC PAC (C00797670),67250.0,earmarked_conduit_indiv,44,"FEC indiv24 (conduit 15E, recipient C00719294); FEC indiv24 (conduit 24T, recipient C00719294)"
"PFLUGER, August",22147,H0TX11230,2024,pro-Israel,AIPAC PAC (C00797670),7512.0,earmarked_conduit_pas2,9,FEC pas224
"PFLUGER, August",22147,H0TX11230,2024,pro-Israel,Republican Jewish Coalition PAC (C00345132),3603.0,earmarked_conduit_indiv,7,"FEC indiv24 (conduit 24T, recipient C00719294)"
"PFLUGER, August",22147,H0TX11230,2024,pro-Israel,Republican Jewish Coalition PAC (C00345132),3642.0,earmarked_conduit_pas2,10,FEC pas224
"PFLUGER, August",22147,H0TX11230,2026,pro-Israel,AIPAC PAC (C00797670),10000.0,direct_contribution,2,FEC pas226
"PFLUGER, August",22147,H0TX11230,2026,pro-Israel,AIPAC PAC (C00797670),76303.0,earmarked_conduit_indiv,60,"FEC indiv26 (conduit 15E, recipient C00719294); FEC indiv26 (conduit 24T, recipient C00719294)"
"PFLUGER, August",22147,H0TX11230,2026,pro-Israel,AIPAC PAC (C00797670),-6.0,earmarked_conduit_pas2,1,FEC pas226
"PFLUGER, August",22147,H0TX11230,2026,pro-Israel,Republican Jewish Coalition PAC (C00345132),1041.0,earmarked_conduit_indiv,1,"FEC indiv26 (conduit 24T, recipient C00719294)"
"PHILLIPS, Dean",21953,H8MN03143,2022,pro-Israel,AIPAC PAC (C00797670),53175.0,earmarked_conduit_indiv,38,"FEC indiv22 (conduit 15E, recipient C00640714); FEC indiv22 (conduit 24T, recipient C00640714)"
"PHILLIPS, Dean",21953,H8MN03143,2024,pro-Israel,AIPAC PAC (C00797670),53849.0,earmarked_conduit_indiv,54,"FEC indiv24 (conduit 15E, recipient C00640714); FEC indiv24 (conduit 24T, recipient C00640714)"
"PINGREE, Chellie",20920,H8ME01120,2020,J Street,JStreetPAC (C00441949),3000.0,direct_contribution,3,FEC pas220
"PINGREE, Chellie",20920,H8ME01120,2020,J Street,JStreetPAC (C00441949),250.0,earmarked_conduit_indiv,1,"FEC indiv20 (conduit 15E, recipient C00433391)"
"PINGREE, Chellie",20920,H8ME01120,2022,J Street,JStreetPAC (C00441949),3500.0,direct_contribution,3,FEC pas222
"PINGREE, Chellie",20920,H8ME01120,2022,J Street,JStreetPAC (C00441949),500.0,earmarked_conduit_indiv,1,"FEC indiv22 (conduit 24T, recipient C00433391)"
"PINGREE, Chellie",20920,H8ME01120,2024,J Street,JStreetPAC (C00441949),2000.0,direct_contribution,2,FEC pas224
"PINGREE, Chellie",20920,H8ME01120,2024,J Street,JStreetPAC (C00441949),4800.0,earmarked_conduit_indiv,5,"FEC indiv24 (conduit 24T, recipient C00433391)"
"PINGREE, Chellie",20920,H8ME01120,2024,J Street,JStreetPAC (C00441949),100.0,earmarked_conduit_pas2,1,FEC pas224
"PINGREE, Chellie",20920,H8ME01120,2026,J Street,JStreetPAC (C00441949),1000.0,earmarked_conduit_indiv,1,"FEC indiv26 (conduit 24T, recipient C00433391)"
"PINGREE, Chellie",20920,H8ME01120,2026,J Street,JStreetPAC (C00441949),1000.0,earmarked_conduit_pas2,1,FEC pas226
"POCAN, Mark",21370,H2WI02124,2020,J Street,JStreetPAC (C00441949),4000.0,direct_contribution,4,FEC pas220
"POCAN, Mark",21370,H2WI02124,2020,J Street,JStreetPAC (C00441949),2750.0,earmarked_conduit_indiv,5,"FEC indiv20 (conduit 24T, recipient C00502179)"
"POCAN, Mark",21370,H2WI02124,2022,J Street,JStreetPAC (C00441949),4000.0,direct_contribution,3,FEC pas222
"POCAN, Mark",21370,H2WI02124,2022,J Street,JStreetPAC (C00441949),2500.0,earmarked_conduit_indiv,4,"FEC indiv22 (conduit 24T, recipient C00502179)"
"POCAN, Mark",21370,H2WI02124,2024,J Street,JStreetPAC (C00441949),3500.0,direct_contribution,3,FEC pas224
"POCAN, Mark",21370,H2WI02124,2024,J Street,JStreetPAC (C00441949),7350.0,earmarked_conduit_indiv,4,"FEC indiv24 (conduit 24T, recipient C00502179)"
"PORTER, Katie",21954,H8CA45130,2020,J Street,JStreetPAC (C00441949),99446.0,earmarked_conduit_indiv,120,"FEC indiv20 (conduit 15E, recipient C00636571); FEC indiv20 (conduit 24T, recipient C00636571)"
"PORTER, Katie",21954,H8CA45130,2020,J Street,JStreetPAC (C00441949),26123.0,earmarked_conduit_pas2,60,FEC pas220
"PORTER, Katie",21954,H8CA45130,2020,pro-Israel,DMFI PAC (C00710848),2000.0,direct_contribution,1,FEC pas220
"PORTER, Katie",21954,H8CA45130,2022,J Street,JStreetPAC (C00441949),65085.0,earmarked_conduit_indiv,81,"FEC indiv22 (conduit 15E, recipient C00636571); FEC indiv22 (conduit 24T, recipient C00636571)"
"PORTER, Katie",21954,H8CA45130,2024,J Street,JStreetPAC (C00441949),8750.0,earmarked_conduit_indiv,8,"FEC indiv24 (conduit 24T, recipient C00636571)"
"POSEY, Bill",20909,H8FL15107,2022,pro-Israel,AIPAC PAC (C00797670),10000.0,direct_contribution,5,FEC pas222
"POSEY, Bill",20909,H8FL15107,2024,pro-Israel,AIPAC PAC (C00797670),1000.0,direct_contribution,1,FEC pas224
"POSEY, Bill",20909,H8FL15107,2024,pro-Israel,AIPAC PAC (C00797670),512.0,earmarked_conduit_pas2,5,FEC pas224
"POU, Nellie",22547,H4NJ09194,2024,pro-Israel,AIPAC PAC (C00797670),5000.0,direct_contribution,1,FEC pas224
"POU, Nellie",22547,H4NJ09194,2024,pro-Israel,AIPAC PAC (C00797670),30536.0,earmarked_conduit_indiv,37,"FEC indiv24 (conduit 24T, recipient C00887547)"
"POU, Nellie",22547,H4NJ09194,2024,pro-Israel,DMFI PAC (C00710848),2000.0,direct_contribution,1,FEC pas224
"PRESSLEY, Ayanna",21955,H8MA07032,2024,critical/pro-Palestinian,Justice Democrats PAC (C00630665),7500.0,direct_contribution,2,FEC pas224
"PRESSLEY, Ayanna",21955,H8MA07032,2026,critical/pro-Palestinian,Justice Democrats PAC (C00630665),2500.0,direct_contribution,1,FEC pas226
"PRICE, David Eugene",15438,H6NC04037,2020,J Street,JStreetPAC (C00441949),5000.0,direct_contribution,4,FEC pas220
"PRICE, David Eugene",15438,H6NC04037,2020,J Street,JStreetPAC (C00441949),540.0,earmarked_conduit_indiv,2,"FEC indiv20 (conduit 24T, recipient C00195628)"
"PRICE, David Eugene",15438,H6NC04037,2022,J Street,JStreetPAC (C00441949),1500.0,direct_contribution,1,FEC pas222
"PRICE, David Eugene",15438,H6NC04037,2022,J Street,JStreetPAC (C00441949),2500.0,earmarked_conduit_indiv,1,"FEC indiv22 (conduit 24T, recipient C00195628)"
"QUIGLEY, Mike",20954,H0IL05096,2022,pro-Israel,AIPAC PAC (C00797670),10000.0,direct_contribution,3,FEC pas222
"QUIGLEY, Mike",20954,H0IL05096,2022,pro-Israel,AIPAC PAC (C00797670),12000.0,earmarked_conduit_indiv,8,"FEC indiv22 (conduit 24T, recipient C00457556)"
"QUIGLEY, Mike",20954,H0IL05096,2024,J Street,JStreetPAC (C00441949),5825.0,earmarked_conduit_indiv,7,"FEC indiv24 (conduit 24T, recipient C00457556)"
"QUIGLEY, Mike",20954,H0IL05096,2024,J Street,JStreetPAC (C00441949),3350.0,earmarked_conduit_pas2,4,FEC pas224
"QUIGLEY, Mike",20954,H0IL05096,2024,pro-Israel,AIPAC PAC (C00797670),0.0,direct_contribution,2,FEC pas224
"QUIGLEY, Mike",20954,H0IL05096,2024,pro-Israel,AIPAC PAC (C00797670),7300.0,earmarked_conduit_indiv,6,"FEC indiv24 (conduit 24T, recipient C00457556)"
"QUIGLEY, Mike",20954,H0IL05096,2024,pro-Israel,AIPAC PAC (C00797670),1478.0,earmarked_conduit_pas2,7,FEC pas224
"QUIGLEY, Mike",20954,H0IL05096,2026,J Street,JStreetPAC (C00441949),2500.0,direct_contribution,1,FEC pas226
"QUIGLEY, Mike",20954,H0IL05096,2026,J Street,JStreetPAC (C00441949),3500.0,earmarked_conduit_indiv,2,"FEC indiv26 (conduit 24T, recipient C00457556)"
"QUIGLEY, Mike",20954,H0IL05096,2026,pro-Israel,AIPAC PAC (C00797670),3000.0,earmarked_conduit_indiv,2,"FEC indiv26 (conduit 24T, recipient C00457556)"
"RAMIREZ, Delia",22360,H2IL03162,2022,J Street,JStreetPAC (C00441949),28787.0,earmarked_conduit_indiv,42,"FEC indiv22 (conduit 24T, recipient C00796672)"
"RAMIREZ, Delia",22360,H2IL03162,2022,pro-Israel,DMFI PAC (C00710848),143348.18,IE_oppose,4,FEC independent_expenditure_2022.csv
"RAMIREZ, Delia",22360,H2IL03162,2022,suppl: J Street,J Street Action Fund (C00815753),45304.48,IE_support,2,FEC independent_expenditure_2022.csv
"RAMIREZ, Delia",22360,H2IL03162,2024,J Street,JStreetPAC (C00441949),1000.0,direct_contribution,1,FEC pas224
"RAMIREZ, Delia",22360,H2IL03162,2024,J Street,JStreetPAC (C00441949),2250.0,earmarked_conduit_indiv,5,"FEC indiv24 (conduit 24T, recipient C00796672)"
"RAMIREZ, Delia",22360,H2IL03162,2024,J Street,JStreetPAC (C00441949),100.0,earmarked_conduit_pas2,1,FEC pas224
"RAMIREZ, Delia",22360,H2IL03162,2024,critical/pro-Palestinian,Justice Democrats PAC (C00630665),10000.0,direct_contribution,2,FEC pas224
"RAMIREZ, Delia",22360,H2IL03162,2026,J Street,JStreetPAC (C00441949),5000.0,direct_contribution,1,FEC pas226
"RAMIREZ, Delia",22360,H2IL03162,2026,J Street,JStreetPAC (C00441949),12200.0,earmarked_conduit_indiv,15,"FEC indiv26 (conduit 15E, recipient C00796672); FEC indiv26 (conduit 24T, recipient C00796672)"
"RAMIREZ, Delia",22360,H2IL03162,2026,critical/pro-Palestinian,Justice Democrats PAC (C00630665),5000.0,direct_contribution,1,FEC pas226
"RANDALL, Emily",22548,H4WA06117,2024,pro-Israel,AIPAC PAC (C00797670),5000.0,direct_contribution,1,FEC pas224
"RANDALL, Emily",22548,H4WA06117,2024,pro-Israel,AIPAC PAC (C00797670),7050.0,earmarked_conduit_indiv,9,"FEC indiv24 (conduit 24T, recipient C00857094)"
"RANDALL, Emily",22548,H4WA06117,2026,J Street,JStreetPAC (C00441949),6250.0,earmarked_conduit_indiv,8,"FEC indiv26 (conduit 24T, recipient C00857094)"
"RANDALL, Emily",22548,H4WA06117,2026,pro-Israel,AIPAC PAC (C00797670),-5000.0,direct_contribution,1,FEC pas226
"RASKIN, Jamie Ben",21741,H6MD08457,2020,J Street,JStreetPAC (C00441949),21050.0,earmarked_conduit_indiv,39,"FEC indiv20 (conduit 15E, recipient C00575126); FEC indiv20 (conduit 24T, recipient C00575126)"
"RASKIN, Jamie Ben",21741,H6MD08457,2020,J Street,JStreetPAC (C00441949),1000.0,earmarked_conduit_pas2,1,FEC pas220
"RASKIN, Jamie Ben",21741,H6MD08457,2022,J Street,JStreetPAC (C00441949),1500.0,direct_contribution,1,FEC pas222
"RASKIN, Jamie Ben",21741,H6MD08457,2022,J Street,JStreetPAC (C00441949),30150.0,earmarked_conduit_indiv,26,"FEC indiv22 (conduit 15E, recipient C00575126); FEC indiv22 (conduit 24T, recipient C00575126)"
"RASKIN, Jamie Ben",21741,H6MD08457,2024,J Street,JStreetPAC (C00441949),500.0,direct_contribution,1,FEC pas224
"RASKIN, Jamie Ben",21741,H6MD08457,2024,J Street,JStreetPAC (C00441949),21810.0,earmarked_conduit_indiv,24,"FEC indiv24 (conduit 24T, recipient C00575126)"
"RASKIN, Jamie Ben",21741,H6MD08457,2024,J Street,JStreetPAC (C00441949),5000.0,earmarked_conduit_pas2,24,FEC pas224
"RASKIN, Jamie Ben",21741,H6MD08457,2026,J Street,JStreetPAC (C00441949),34625.0,earmarked_conduit_indiv,69,"FEC indiv26 (conduit 15E, recipient C00575126); FEC indiv26 (conduit 24T, recipient C00575126)"
"RASKIN, Jamie Ben",21741,H6MD08457,2026,J Street,JStreetPAC (C00441949),1100.0,earmarked_conduit_pas2,4,FEC pas226
"REED, Thomas W., II",21101,H0NY29054,2020,pro-Israel,NORPAC (C00247403),10700.0,direct_contribution,1,FEC pas220
"REED, Thomas W., II",21101,H0NY29054,2020,pro-Israel,Pro-Israel America PAC (C00699470),7000.0,earmarked_conduit_indiv,15,"FEC indiv20 (conduit 24T, recipient C00464032)"
"RESCHENTHALER, Guy",21956,H8PA18199,2022,pro-Israel,AIPAC PAC (C00797670),2100.0,direct_contribution,1,FEC pas222
"RESCHENTHALER, Guy",21956,H8PA18199,2022,pro-Israel,AIPAC PAC (C00797670),23400.0,earmarked_conduit_indiv,20,"FEC indiv22 (conduit 15E, recipient C00657833); FEC indiv22 (conduit 24T, recipient C00657833)"
"RESCHENTHALER, Guy",21956,H8PA18199,2024,pro-Israel,AIPAC PAC (C00797670),10000.0,direct_contribution,2,FEC pas224
"RESCHENTHALER, Guy",21956,H8PA18199,2024,pro-Israel,AIPAC PAC (C00797670),181037.0,earmarked_conduit_indiv,132,"FEC indiv24 (conduit 15E, recipient C00657833); FEC indiv24 (conduit 24T, recipient C00657833)"
"RESCHENTHALER, Guy",21956,H8PA18199,2024,pro-Israel,AIPAC PAC (C00797670),15012.0,earmarked_conduit_pas2,26,FEC pas224
"RESCHENTHALER, Guy",21956,H8PA18199,2026,pro-Israel,AIPAC PAC (C00797670),10000.0,direct_contribution,4,FEC pas226
"RESCHENTHALER, Guy",21956,H8PA18199,2026,pro-Israel,AIPAC PAC (C00797670),214710.0,earmarked_conduit_indiv,173,"FEC indiv26 (conduit 15E, recipient C00657833); FEC indiv26 (conduit 24T, recipient C00657833)"
"RESCHENTHALER, Guy",21956,H8PA18199,2026,pro-Israel,AIPAC PAC (C00797670),-6.0,earmarked_conduit_pas2,1,FEC pas226
"RESCHENTHALER, Guy",21956,H8PA18199,2026,pro-Israel,NORPAC (C00247403),1000.0,direct_contribution,1,FEC pas226
"RESCHENTHALER, Guy",21956,H8PA18199,2026,pro-Israel,NORPAC (C00247403),7000.0,earmarked_conduit_indiv,1,"FEC indiv26 (conduit 24T, recipient C00657833)"
"RICE, Kathleen Maura",21540,H4NY04075,2020,pro-Israel,NORPAC (C00247403),5700.0,earmarked_conduit_indiv,10,"FEC indiv20 (conduit 24T, recipient C00555813)"
"RICE, Tom",21359,H2SC07066,2022,pro-Israel,AIPAC PAC (C00797670),2900.0,direct_contribution,1,FEC pas222
"RICHMOND, Cedric",21137,H8LA02054,2020,J Street,JStreetPAC (C00441949),2000.0,direct_contribution,2,FEC pas220
"RIGGLEMAN, Denver",21957,H8VA05171,2020,pro-Israel,Pro-Israel America PAC (C00699470),2622.0,earmarked_conduit_indiv,30,"FEC indiv20 (conduit 24T, recipient C00680488)"
"RIGGLEMAN, Denver",21957,H8VA05171,2020,pro-Israel,Republican Jewish Coalition PAC (C00345132),5679.0,earmarked_conduit_indiv,21,"FEC indiv20 (conduit 24T, recipient C00680488)"
"RILEY, Josh",22549,H8NY22177,2022,pro-Israel,DMFI PAC (C00710848),2000.0,direct_contribution,1,FEC pas222
"RILEY, Josh",22549,H8NY22177,2024,pro-Israel,DMFI PAC (C00710848),5000.0,direct_contribution,2,FEC pas224
"RILEY, Josh",22549,H8NY22177,2026,pro-Israel,AIPAC PAC (C00797670),0.0,direct_contribution,2,FEC pas226
"RILEY, Josh",22549,H8NY22177,2026,pro-Israel,AIPAC PAC (C00797670),220135.0,earmarked_conduit_indiv,139,"FEC indiv26 (conduit 15E, recipient C00793760); FEC indiv26 (conduit 24T, recipient C00793760)"
"RILEY, Josh",22549,H8NY22177,2026,pro-Israel,AIPAC PAC (C00797670),40175.0,earmarked_conduit_pas2,16,FEC pas226
"RILEY, Josh",22549,H8NY22177,2026,pro-Israel,DMFI PAC (C00710848),1000.0,direct_contribution,1,FEC pas226
"RIVAS, Luz M.",22550,H4CA29141,2024,pro-Israel,AIPAC PAC (C00797670),5000.0,direct_contribution,1,FEC pas224
"RIVAS, Luz M.",22550,H4CA29141,2024,pro-Israel,AIPAC PAC (C00797670),12500.0,earmarked_conduit_indiv,15,"FEC indiv24 (conduit 24T, recipient C00857417)"
"RIVAS, Luz M.",22550,H4CA29141,2024,pro-Israel,AIPAC PAC (C00797670),13.0,earmarked_conduit_pas2,4,FEC pas224
"RIVAS, Luz M.",22550,H4CA29141,2024,pro-Israel,DMFI PAC (C00710848),2000.0,direct_contribution,1,FEC pas224
"RIVAS, Luz M.",22550,H4CA29141,2026,pro-Israel,AIPAC PAC (C00797670),10000.0,direct_contribution,2,FEC pas226
"RIVAS, Luz M.",22550,H4CA29141,2026,pro-Israel,AIPAC PAC (C00797670),63750.0,earmarked_conduit_indiv,44,"FEC indiv26 (conduit 15E, recipient C00857417); FEC indiv26 (conduit 24T, recipient C00857417)"
"RIVAS, Luz M.",22550,H4CA29141,2026,pro-Israel,AIPAC PAC (C00797670),-6.0,earmarked_conduit_pas2,1,FEC pas226
"ROGERS, Harold Dallas (Hal)",14854,H0KY05015,2022,pro-Israel,AIPAC PAC (C00797670),2100.0,direct_contribution,1,FEC pas222
"ROGERS, Harold Dallas (Hal)",14854,H0KY05015,2022,pro-Israel,AIPAC PAC (C00797670),5800.0,earmarked_conduit_indiv,2,"FEC indiv22 (conduit 24T, recipient C00116632)"
"ROGERS, Harold Dallas (Hal)",14854,H0KY05015,2024,pro-Israel,AIPAC PAC (C00797670),10000.0,direct_contribution,2,FEC pas224
"ROGERS, Harold Dallas (Hal)",14854,H0KY05015,2024,pro-Israel,AIPAC PAC (C00797670),512.0,earmarked_conduit_pas2,5,FEC pas224
"ROGERS, Harold Dallas (Hal)",14854,H0KY05015,2026,pro-Israel,AIPAC PAC (C00797670),5000.0,direct_contribution,1,FEC pas226
"ROGERS, Harold Dallas (Hal)",14854,H0KY05015,2026,pro-Israel,AIPAC PAC (C00797670),-6.0,earmarked_conduit_pas2,2,FEC pas226
"ROGERS, Harold Dallas (Hal)",14854,H0KY05015,2026,pro-Israel,Republican Jewish Coalition PAC (C00345132),21.0,earmarked_conduit_pas2,1,FEC pas226
"ROGERS, Mike Dennis",20301,H2AL03032,2022,pro-Israel,AIPAC PAC (C00797670),2100.0,direct_contribution,1,FEC pas222
"ROGERS, Mike Dennis",20301,H2AL03032,2022,pro-Israel,AIPAC PAC (C00797670),50600.0,earmarked_conduit_indiv,46,"FEC indiv22 (conduit 15E, recipient C00367862); FEC indiv22 (conduit 24T, recipient C00367862)"
"ROGERS, Mike Dennis",20301,H2AL03032,2024,pro-Israel,AIPAC PAC (C00797670),507363.0,earmarked_conduit_indiv,349,"FEC indiv24 (conduit 15E, recipient C00367862); FEC indiv24 (conduit 24T, recipient C00367862)"
"ROGERS, Mike Dennis",20301,H2AL03032,2024,pro-Israel,AIPAC PAC (C00797670),18107.0,earmarked_conduit_pas2,34,FEC pas224
"ROGERS, Mike Dennis",20301,H2AL03032,2024,pro-Israel,NORPAC (C00247403),7500.0,earmarked_conduit_indiv,4,"FEC indiv24 (conduit 24T, recipient C00367862)"
"ROGERS, Mike Dennis",20301,H2AL03032,2026,pro-Israel,AIPAC PAC (C00797670),5000.0,direct_contribution,1,FEC pas226
"ROGERS, Mike Dennis",20301,H2AL03032,2026,pro-Israel,AIPAC PAC (C00797670),456075.0,earmarked_conduit_indiv,286,"FEC indiv26 (conduit 15E, recipient C00367862); FEC indiv26 (conduit 24T, recipient C00367862)"
"ROGERS, Mike Dennis",20301,H2AL03032,2026,pro-Israel,AIPAC PAC (C00797670),-3506.0,earmarked_conduit_pas2,2,FEC pas226
"ROGERS, Mike Dennis",20301,H2AL03032,2026,pro-Israel,NORPAC (C00247403),3500.0,direct_contribution,1,FEC pas226
"ROGERS, Mike Dennis",20301,H2AL03032,2026,pro-Israel,NORPAC (C00247403),19500.0,earmarked_conduit_indiv,4,"FEC indiv26 (conduit 24T, recipient C00367862)"
"ROSE, John",21959,H8TN06094,2022,pro-Israel,AIPAC PAC (C00797670),10000.0,direct_contribution,3,FEC pas222
"ROSE, John",21959,H8TN06094,2022,pro-Israel,AIPAC PAC (C00797670),14400.0,earmarked_conduit_indiv,10,"FEC indiv22 (conduit 24T, recipient C00652743)"
"ROSE, John",21959,H8TN06094,2024,pro-Israel,AIPAC PAC (C00797670),10000.0,direct_contribution,4,FEC pas224
"ROSE, John",21959,H8TN06094,2024,pro-Israel,AIPAC PAC (C00797670),13502.0,earmarked_conduit_indiv,10,"FEC indiv24 (conduit 15E, recipient C00652743); FEC indiv24 (conduit 24T, recipient C00652743)"
"ROSE, John",21959,H8TN06094,2024,pro-Israel,AIPAC PAC (C00797670),3312.0,earmarked_conduit_pas2,5,FEC pas224
"ROSE, Max",21958,H8NY11113,2020,pro-Israel,DMFI PAC (C00710848),95650.0,IE_support,3,FEC independent_expenditure_2020.csv
"ROSE, Max",21958,H8NY11113,2020,pro-Israel,DMFI PAC (C00710848),5000.0,direct_contribution,2,FEC pas220
"ROSE, Max",21958,H8NY11113,2020,pro-Israel,Pro-Israel America PAC (C00699470),2000.0,direct_contribution,1,FEC pas220
"ROSE, Max",21958,H8NY11113,2020,pro-Israel,Pro-Israel America PAC (C00699470),16549.0,earmarked_conduit_indiv,67,"FEC indiv20 (conduit 24T, recipient C00652248)"
"ROSENDALE, Matthew M., Sr.",22148,H4MT00050,2020,pro-Israel,Republican Jewish Coalition PAC (C00345132),250.0,earmarked_conduit_indiv,1,"FEC indiv20 (conduit 24T, recipient C00548289)"
"ROSENDALE, Matthew M., Sr.",22148,H4MT00050,2022,pro-Israel,AIPAC PAC (C00797670),7900.0,direct_contribution,2,FEC pas222
"ROSENDALE, Matthew M., Sr.",22148,H4MT00050,2022,pro-Israel,AIPAC PAC (C00797670),2900.0,earmarked_conduit_indiv,1,"FEC indiv22 (conduit 24T, recipient C00548289)"
"ROSS, Deborah K.",22149,H0NC02125,2020,pro-Israel,DMFI PAC (C00710848),2000.0,direct_contribution,1,FEC pas220
"ROSS, Deborah K.",22149,H0NC02125,2022,pro-Israel,AIPAC PAC (C00797670),7900.0,direct_contribution,2,FEC pas222
"ROSS, Deborah K.",22149,H0NC02125,2022,pro-Israel,AIPAC PAC (C00797670),17000.0,earmarked_conduit_indiv,12,"FEC indiv22 (conduit 24T, recipient C00729277)"
"ROSS, Deborah K.",22149,H0NC02125,2024,pro-Israel,AIPAC PAC (C00797670),5000.0,direct_contribution,3,FEC pas224
"ROSS, Deborah K.",22149,H0NC02125,2024,pro-Israel,AIPAC PAC (C00797670),34750.0,earmarked_conduit_indiv,42,"FEC indiv24 (conduit 15E, recipient C00729277); FEC indiv24 (conduit 24T, recipient C00729277)"
"ROSS, Deborah K.",22149,H0NC02125,2024,pro-Israel,AIPAC PAC (C00797670),6063.0,earmarked_conduit_pas2,11,FEC pas224
"ROSS, Deborah K.",22149,H0NC02125,2024,pro-Israel,DMFI PAC (C00710848),2000.0,direct_contribution,1,FEC pas224
"ROUDA, Harley",21960,H8CA48035,2020,J Street,JStreetPAC (C00441949),22376.0,earmarked_conduit_indiv,23,"FEC indiv20 (conduit 15E, recipient C00633982); FEC indiv20 (conduit 24T, recipient C00633982)"
"ROUDA, Harley",21960,H8CA48035,2020,J Street,JStreetPAC (C00441949),6300.0,earmarked_conduit_pas2,5,FEC pas220
"ROUDA, Harley",21960,H8CA48035,2020,J Street,JStreetPAC (C00441949),15.0,in_kind,1,FEC pas220
"ROUDA, Harley",21960,H8CA48035,2020,pro-Israel,DMFI PAC (C00710848),2000.0,direct_contribution,1,FEC pas220
"ROUZER, David",21544,H2NC07096,2022,pro-Israel,AIPAC PAC (C00797670),7900.0,direct_contribution,2,FEC pas222
"ROUZER, David",21544,H2NC07096,2024,pro-Israel,AIPAC PAC (C00797670),5000.0,direct_contribution,1,FEC pas224
"ROUZER, David",21544,H2NC07096,2024,pro-Israel,AIPAC PAC (C00797670),12502.0,earmarked_conduit_indiv,8,"FEC indiv24 (conduit 15E, recipient C00501643); FEC indiv24 (conduit 24T, recipient C00501643)"
"ROUZER, David",21544,H2NC07096,2024,pro-Israel,AIPAC PAC (C00797670),512.0,earmarked_conduit_pas2,5,FEC pas224
"ROUZER, David",21544,H2NC07096,2026,pro-Israel,AIPAC PAC (C00797670),5000.0,direct_contribution,3,FEC pas226
"ROUZER, David",21544,H2NC07096,2026,pro-Israel,AIPAC PAC (C00797670),16500.0,earmarked_conduit_indiv,15,"FEC indiv26 (conduit 15E, recipient C00501643); FEC indiv26 (conduit 24T, recipient C00501643)"
"ROUZER, David",21544,H2NC07096,2026,pro-Israel,AIPAC PAC (C00797670),-6.0,earmarked_conduit_pas2,1,FEC pas226
"ROY, Charles",21961,H8TX21307,2020,pro-Israel,Republican Jewish Coalition PAC (C00345132),2500.0,direct_contribution,1,FEC pas220
"RUIZ, Raul",21311,H2CA36439,2020,J Street,JStreetPAC (C00441949),1000.0,direct_contribution,1,FEC pas220
"RUIZ, Raul",21311,H2CA36439,2020,J Street,JStreetPAC (C00441949),2200.0,earmarked_conduit_indiv,5,"FEC indiv20 (conduit 24T, recipient C00502575)"
"RUIZ, Raul",21311,H2CA36439,2022,J Street,JStreetPAC (C00441949),2500.0,direct_contribution,2,FEC pas222
"RUIZ, Raul",21311,H2CA36439,2022,J Street,JStreetPAC (C00441949),3350.0,earmarked_conduit_indiv,8,"FEC indiv22 (conduit 24T, recipient C00502575)"
"RUIZ, Raul",21311,H2CA36439,2022,pro-Israel,AIPAC PAC (C00797670),7900.0,direct_contribution,2,FEC pas222
"RUIZ, Raul",21311,H2CA36439,2024,J Street,JStreetPAC (C00441949),1000.0,direct_contribution,1,FEC pas224
"RUIZ, Raul",21311,H2CA36439,2024,J Street,JStreetPAC (C00441949),20400.0,earmarked_conduit_indiv,15,"FEC indiv24 (conduit 24T, recipient C00502575)"
"RUIZ, Raul",21311,H2CA36439,2024,J Street,JStreetPAC (C00441949),450.0,earmarked_conduit_pas2,2,FEC pas224
"RUIZ, Raul",21311,H2CA36439,2024,pro-Israel,AIPAC PAC (C00797670),10000.0,direct_contribution,2,FEC pas224
"RUIZ, Raul",21311,H2CA36439,2024,pro-Israel,AIPAC PAC (C00797670),12672.0,earmarked_conduit_indiv,13,"FEC indiv24 (conduit 24T, recipient C00502575)"
"RUIZ, Raul",21311,H2CA36439,2024,pro-Israel,AIPAC PAC (C00797670),6253.0,earmarked_conduit_pas2,8,FEC pas224
"RUIZ, Raul",21311,H2CA36439,2026,J Street,JStreetPAC (C00441949),7500.0,earmarked_conduit_indiv,15,"FEC indiv26 (conduit 24T, recipient C00502575)"
"RUIZ, Raul",21311,H2CA36439,2026,pro-Israel,AIPAC PAC (C00797670),5000.0,direct_contribution,1,FEC pas226
"RUIZ, Raul",21311,H2CA36439,2026,pro-Israel,AIPAC PAC (C00797670),11750.0,earmarked_conduit_indiv,6,"FEC indiv26 (conduit 24T, recipient C00502575)"
"RUIZ, Raul",21311,H2CA36439,2026,pro-Israel,AIPAC PAC (C00797670),-6.0,earmarked_conduit_pas2,2,FEC pas226
"RULLI, Michael A.",22379,H4OH06165,2024,pro-Israel,AIPAC PAC (C00797670),15000.0,direct_contribution,3,FEC pas224
"RULLI, Michael A.",22379,H4OH06165,2024,pro-Israel,AIPAC PAC (C00797670),23102.0,earmarked_conduit_indiv,16,"FEC indiv24 (conduit 24T, recipient C00858415)"
"RULLI, Michael A.",22379,H4OH06165,2026,pro-Israel,AIPAC PAC (C00797670),5000.0,direct_contribution,1,FEC pas226
"RULLI, Michael A.",22379,H4OH06165,2026,pro-Israel,AIPAC PAC (C00797670),15003.0,earmarked_conduit_indiv,9,"FEC indiv26 (conduit 24T, recipient C00858415)"
"RULLI, Michael A.",22379,H4OH06165,2026,pro-Israel,AIPAC PAC (C00797670),-6.0,earmarked_conduit_pas2,2,FEC pas226
"RUPPERSBERGER, C. A. Dutch",20329,H2MD02160,2022,pro-Israel,AIPAC PAC (C00797670),4200.0,direct_contribution,2,FEC pas222
"RUPPERSBERGER, C. A. Dutch",20329,H2MD02160,2022,pro-Israel,AIPAC PAC (C00797670),13900.0,earmarked_conduit_indiv,20,"FEC indiv22 (conduit 15E, recipient C00376673); FEC indiv22 (conduit 24T, recipient C00376673)"
"RUPPERSBERGER, C. A. Dutch",20329,H2MD02160,2022,pro-Israel,Pro-Israel America PAC (C00699470),1.0,earmarked_conduit_indiv,1,"FEC indiv22 (conduit 15E, recipient C00376673)"
"RUPPERSBERGER, C. A. Dutch",20329,H2MD02160,2024,pro-Israel,AIPAC PAC (C00797670),500.0,direct_contribution,1,FEC pas224
"RUPPERSBERGER, C. A. Dutch",20329,H2MD02160,2024,pro-Israel,AIPAC PAC (C00797670),1000.0,earmarked_conduit_indiv,1,"FEC indiv24 (conduit 24T, recipient C00376673)"
"RUTHERFORD, John Henry",21744,H6FL04105,2022,pro-Israel,AIPAC PAC (C00797670),10000.0,direct_contribution,3,FEC pas222
"RUTHERFORD, John Henry",21744,H6FL04105,2022,pro-Israel,AIPAC PAC (C00797670),7000.0,earmarked_conduit_indiv,5,"FEC indiv22 (conduit 24T, recipient C00615294)"
"RUTHERFORD, John Henry",21744,H6FL04105,2024,pro-Israel,AIPAC PAC (C00797670),10000.0,direct_contribution,2,FEC pas224
"RUTHERFORD, John Henry",21744,H6FL04105,2024,pro-Israel,AIPAC PAC (C00797670),11852.0,earmarked_conduit_indiv,9,"FEC indiv24 (conduit 24T, recipient C00615294)"
"RUTHERFORD, John Henry",21744,H6FL04105,2024,pro-Israel,AIPAC PAC (C00797670),512.0,earmarked_conduit_pas2,5,FEC pas224
"RUTHERFORD, John Henry",21744,H6FL04105,2026,pro-Israel,AIPAC PAC (C00797670),6000.0,direct_contribution,3,FEC pas226
"RUTHERFORD, John Henry",21744,H6FL04105,2026,pro-Israel,AIPAC PAC (C00797670),21001.0,earmarked_conduit_indiv,16,"FEC indiv26 (conduit 15E, recipient C00615294); FEC indiv26 (conduit 24T, recipient C00615294)"
"RUTHERFORD, John Henry",21744,H6FL04105,2026,pro-Israel,AIPAC PAC (C00797670),-6.0,earmarked_conduit_pas2,2,FEC pas226
"RYAN, Patrick",22169,H8NY19223,2022,pro-Israel,AIPAC PAC (C00797670),5000.0,direct_contribution,1,FEC pas222
"RYAN, Patrick",22169,H8NY19223,2022,pro-Israel,AIPAC PAC (C00797670),20950.0,earmarked_conduit_indiv,20,"FEC indiv22 (conduit 24T, recipient C00647115); FEC indiv22 (conduit 24T, recipient C00815290)"
"RYAN, Patrick",22169,H8NY19223,2024,pro-Israel,AIPAC PAC (C00797670),192159.0,earmarked_conduit_indiv,93,"FEC indiv24 (conduit 15E, recipient C00815290); FEC indiv24 (conduit 24T, recipient C00647115); FEC indiv24 (conduit 24T, recipient C00815290)"
"RYAN, Patrick",22169,H8NY19223,2024,pro-Israel,DMFI PAC (C00710848),5000.0,direct_contribution,2,FEC pas224
"RYAN, Patrick",22169,H8NY19223,2026,pro-Israel,AIPAC PAC (C00797670),-15000.0,direct_contribution,7,FEC pas226
"RYAN, Patrick",22169,H8NY19223,2026,pro-Israel,AIPAC PAC (C00797670),97999.0,earmarked_conduit_indiv,90,"FEC indiv26 (conduit 15E, recipient C00815290); FEC indiv26 (conduit 24T, recipient C00815290)"
"RYAN, Patrick",22169,H8NY19223,2026,pro-Israel,AIPAC PAC (C00797670),-6.0,earmarked_conduit_pas2,1,FEC pas226
"RYAN, Patrick",22169,H8NY19223,2026,pro-Israel,DMFI PAC (C00710848),-5000.0,direct_contribution,2,FEC pas226
"SALAZAR, Maria Elvira",22150,H8FL27185,2020,pro-Israel,Republican Jewish Coalition PAC (C00345132),2500.0,direct_contribution,1,FEC pas220
"SALAZAR, Maria Elvira",22150,H8FL27185,2022,pro-Israel,AIPAC PAC (C00797670),10000.0,direct_contribution,7,FEC pas222
"SALAZAR, Maria Elvira",22150,H8FL27185,2022,pro-Israel,AIPAC PAC (C00797670),10449.0,earmarked_conduit_indiv,10,"FEC indiv22 (conduit 24T, recipient C00714261)"
"SALAZAR, Maria Elvira",22150,H8FL27185,2022,pro-Israel,Republican Jewish Coalition PAC (C00345132),2500.0,direct_contribution,1,FEC pas222
"SALAZAR, Maria Elvira",22150,H8FL27185,2022,pro-Israel,Republican Jewish Coalition PAC (C00345132),22009.0,earmarked_conduit_indiv,70,"FEC indiv22 (conduit 24T, recipient C00671859); FEC indiv22 (conduit 24T, recipient C00714261)"
"SALAZAR, Maria Elvira",22150,H8FL27185,2024,pro-Israel,AIPAC PAC (C00797670),10000.0,direct_contribution,2,FEC pas224
"SALAZAR, Maria Elvira",22150,H8FL27185,2024,pro-Israel,AIPAC PAC (C00797670),20500.0,earmarked_conduit_indiv,10,"FEC indiv24 (conduit 24T, recipient C00714261)"
"SALAZAR, Maria Elvira",22150,H8FL27185,2024,pro-Israel,AIPAC PAC (C00797670),4062.0,earmarked_conduit_pas2,7,FEC pas224
"SALAZAR, Maria Elvira",22150,H8FL27185,2024,pro-Israel,Republican Jewish Coalition PAC (C00345132),260.0,earmarked_conduit_indiv,2,"FEC indiv24 (conduit 24T, recipient C00714261)"
"SALAZAR, Maria Elvira",22150,H8FL27185,2024,pro-Israel,Republican Jewish Coalition PAC (C00345132),28.0,earmarked_conduit_pas2,3,FEC pas224
"SALAZAR, Maria Elvira",22150,H8FL27185,2026,pro-Israel,AIPAC PAC (C00797670),5000.0,direct_contribution,1,FEC pas226
"SALAZAR, Maria Elvira",22150,H8FL27185,2026,pro-Israel,AIPAC PAC (C00797670),35750.0,earmarked_conduit_indiv,27,"FEC indiv26 (conduit 15E, recipient C00714261); FEC indiv26 (conduit 24T, recipient C00714261)"
"SALAZAR, Maria Elvira",22150,H8FL27185,2026,pro-Israel,AIPAC PAC (C00797670),-6.0,earmarked_conduit_pas2,2,FEC pas226
"SALAZAR, Maria Elvira",22150,H8FL27185,2026,pro-Israel,Republican Jewish Coalition PAC (C00345132),1783.0,earmarked_conduit_indiv,6,"FEC indiv26 (conduit 24T, recipient C00714261)"
"SALAZAR, Maria Elvira",22150,H8FL27185,2026,pro-Israel,Republican Jewish Coalition PAC (C00345132),13.0,earmarked_conduit_pas2,1,FEC pas226
"SALINAS, Andrea",22361,H2OR06066,2022,J Street,JStreetPAC (C00441949),2500.0,direct_contribution,1,FEC pas222
"SALINAS, Andrea",22361,H2OR06066,2022,J Street,JStreetPAC (C00441949),43368.0,earmarked_conduit_indiv,46,"FEC indiv22 (conduit 15E, recipient C00793703); FEC indiv22 (conduit 24T, recipient C00793703)"
"SALINAS, Andrea",22361,H2OR06066,2024,J Street,JStreetPAC (C00441949),2010.0,direct_contribution,3,FEC pas224
"SALINAS, Andrea",22361,H2OR06066,2024,J Street,JStreetPAC (C00441949),83755.0,earmarked_conduit_indiv,96,"FEC indiv24 (conduit 24T, recipient C00793703)"
"SALINAS, Andrea",22361,H2OR06066,2024,J Street,JStreetPAC (C00441949),17254.0,earmarked_conduit_pas2,50,FEC pas224
"SALINAS, Andrea",22361,H2OR06066,2024,J Street,JStreetPAC (C00441949),1078.0,in_kind,1,FEC pas224
"SALINAS, Andrea",22361,H2OR06066,2024,pro-Israel,AIPAC PAC (C00797670),5000.0,direct_contribution,1,FEC pas224
"SALINAS, Andrea",22361,H2OR06066,2024,pro-Israel,AIPAC PAC (C00797670),73700.0,earmarked_conduit_indiv,52,"FEC indiv24 (conduit 24T, recipient C00783480); FEC indiv24 (conduit 24T, recipient C00793703)"
"SALINAS, Andrea",22361,H2OR06066,2024,pro-Israel,AIPAC PAC (C00797670),2003.0,earmarked_conduit_pas2,4,FEC pas224
"SALINAS, Andrea",22361,H2OR06066,2024,pro-Israel,DMFI PAC (C00710848),3000.0,direct_contribution,2,FEC pas224
"SALINAS, Andrea",22361,H2OR06066,2026,J Street,JStreetPAC (C00441949),23791.0,earmarked_conduit_indiv,34,"FEC indiv26 (conduit 15E, recipient C00793703); FEC indiv26 (conduit 24T, recipient C00793703)"
"SALINAS, Andrea",22361,H2OR06066,2026,J Street,JStreetPAC (C00441949),7178.0,earmarked_conduit_pas2,44,FEC pas226
"SANTOS, George",22362,H0NY03083,2022,pro-Israel,Republican Jewish Coalition PAC (C00345132),5000.0,direct_contribution,1,FEC pas222
"SCALISE, Steve",20759,H0LA01087,2020,pro-Israel,Republican Jewish Coalition PAC (C00345132),5000.0,direct_contribution,1,FEC pas220
"SCALISE, Steve",20759,H0LA01087,2022,pro-Israel,AIPAC PAC (C00797670),7900.0,direct_contribution,5,FEC pas222
"SCALISE, Steve",20759,H0LA01087,2022,pro-Israel,AIPAC PAC (C00797670),8090.0,earmarked_conduit_indiv,9,"FEC indiv22 (conduit 24T, recipient C00394957)"
"SCALISE, Steve",20759,H0LA01087,2022,pro-Israel,AIPAC PAC (C00797670),-300.0,earmarked_conduit_pas2,2,FEC pas222
"SCALISE, Steve",20759,H0LA01087,2022,pro-Israel,Republican Jewish Coalition PAC (C00345132),10000.0,direct_contribution,2,FEC pas222
"SCALISE, Steve",20759,H0LA01087,2024,pro-Israel,AIPAC PAC (C00797670),10000.0,direct_contribution,2,FEC pas224
"SCALISE, Steve",20759,H0LA01087,2024,pro-Israel,AIPAC PAC (C00797670),345998.0,earmarked_conduit_indiv,230,"FEC indiv24 (conduit 24T, recipient C00394957)"
"SCALISE, Steve",20759,H0LA01087,2024,pro-Israel,AIPAC PAC (C00797670),110564.0,earmarked_conduit_pas2,105,FEC pas224
"SCALISE, Steve",20759,H0LA01087,2024,pro-Israel,Republican Jewish Coalition PAC (C00345132),-10000.0,direct_contribution,2,FEC pas224
"SCALISE, Steve",20759,H0LA01087,2024,pro-Israel,Republican Jewish Coalition PAC (C00345132),50.0,earmarked_conduit_indiv,1,"FEC indiv24 (conduit 24T, recipient C00394957)"
"SCALISE, Steve",20759,H0LA01087,2024,pro-Israel,Republican Jewish Coalition PAC (C00345132),24.0,earmarked_conduit_pas2,2,FEC pas224
"SCALISE, Steve",20759,H0LA01087,2026,pro-Israel,AIPAC PAC (C00797670),5000.0,direct_contribution,1,FEC pas226
"SCALISE, Steve",20759,H0LA01087,2026,pro-Israel,AIPAC PAC (C00797670),328366.0,earmarked_conduit_indiv,164,"FEC indiv26 (conduit 15E, recipient C00394957); FEC indiv26 (conduit 24T, recipient C00394957)"
"SCALISE, Steve",20759,H0LA01087,2026,pro-Israel,AIPAC PAC (C00797670),-6.0,earmarked_conduit_pas2,1,FEC pas226
"SCALISE, Steve",20759,H0LA01087,2026,pro-Israel,Republican Jewish Coalition PAC (C00345132),308.0,earmarked_conduit_indiv,2,"FEC indiv26 (conduit 24T, recipient C00394957)"
"SCALISE, Steve",20759,H0LA01087,2026,pro-Israel,Republican Jewish Coalition PAC (C00345132),10.0,earmarked_conduit_pas2,1,FEC pas226
"SCANLON, Mary Gay",21762,H8PA07200,2020,J Street,JStreetPAC (C00441949),11510.0,earmarked_conduit_indiv,19,"FEC indiv20 (conduit 15E, recipient C00669358); FEC indiv20 (conduit 24T, recipient C00669358)"
"SCANLON, Mary Gay",21762,H8PA07200,2022,J Street,JStreetPAC (C00441949),2000.0,direct_contribution,2,FEC pas222
"SCANLON, Mary Gay",21762,H8PA07200,2022,J Street,JStreetPAC (C00441949),9500.0,earmarked_conduit_indiv,20,"FEC indiv22 (conduit 15E, recipient C00669358); FEC indiv22 (conduit 24T, recipient C00669358)"
"SCANLON, Mary Gay",21762,H8PA07200,2024,J Street,JStreetPAC (C00441949),1000.0,direct_contribution,1,FEC pas224
"SCANLON, Mary Gay",21762,H8PA07200,2024,J Street,JStreetPAC (C00441949),8600.0,earmarked_conduit_indiv,19,"FEC indiv24 (conduit 24T, recipient C00669358)"
"SCANLON, Mary Gay",21762,H8PA07200,2024,J Street,JStreetPAC (C00441949),360.0,earmarked_conduit_pas2,1,FEC pas224
"SCANLON, Mary Gay",21762,H8PA07200,2026,J Street,JStreetPAC (C00441949),200.0,direct_contribution,1,FEC pas226
"SCANLON, Mary Gay",21762,H8PA07200,2026,J Street,JStreetPAC (C00441949),13850.0,earmarked_conduit_indiv,18,"FEC indiv26 (conduit 15E, recipient C00669358); FEC indiv26 (conduit 24T, recipient C00669358)"
"SCANLON, Mary Gay",21762,H8PA07200,2026,J Street,JStreetPAC (C00441949),100.0,earmarked_conduit_pas2,1,FEC pas226
"SCHAKOWSKY, Janice D.",29911,H8IL09067,2020,J Street,JStreetPAC (C00441949),33275.0,earmarked_conduit_indiv,27,"FEC indiv20 (conduit 15E, recipient C00327023); FEC indiv20 (conduit 24T, recipient C00327023)"
"SCHAKOWSKY, Janice D.",29911,H8IL09067,2020,J Street,JStreetPAC (C00441949),240.0,earmarked_conduit_pas2,1,FEC pas220
"SCHAKOWSKY, Janice D.",29911,H8IL09067,2022,J Street,JStreetPAC (C00441949),1500.0,direct_contribution,1,FEC pas222
"SCHAKOWSKY, Janice D.",29911,H8IL09067,2022,J Street,JStreetPAC (C00441949),25650.0,earmarked_conduit_indiv,21,"FEC indiv22 (conduit 15E, recipient C00327023); FEC indiv22 (conduit 24T, recipient C00327023)"
"SCHAKOWSKY, Janice D.",29911,H8IL09067,2024,J Street,JStreetPAC (C00441949),3500.0,direct_contribution,2,FEC pas224
"SCHAKOWSKY, Janice D.",29911,H8IL09067,2024,J Street,JStreetPAC (C00441949),13570.0,earmarked_conduit_indiv,15,"FEC indiv24 (conduit 24T, recipient C00327023)"
"SCHAKOWSKY, Janice D.",29911,H8IL09067,2024,J Street,JStreetPAC (C00441949),1000.0,earmarked_conduit_pas2,1,FEC pas224
"SCHAKOWSKY, Janice D.",29911,H8IL09067,2026,J Street,JStreetPAC (C00441949),2500.0,direct_contribution,1,FEC pas226
"SCHAKOWSKY, Janice D.",29911,H8IL09067,2026,J Street,JStreetPAC (C00441949),3200.0,earmarked_conduit_indiv,6,"FEC indiv26 (conduit 24T, recipient C00327023)"
"SCHAKOWSKY, Janice D.",29911,H8IL09067,2026,J Street,JStreetPAC (C00441949),1000.0,earmarked_conduit_pas2,2,FEC pas226
"SCHIFF, Adam",20104,H0CA27085,2020,pro-Israel,DMFI PAC (C00710848),2000.0,direct_contribution,1,FEC pas220
"SCHIFF, Adam",20104,H0CA27085,2020,pro-Israel,Pro-Israel America PAC (C00699470),10000.0,earmarked_conduit_indiv,14,"FEC indiv20 (conduit 24T, recipient C00343871)"
"SCHIFF, Adam",20104,S4CA00555,2020,pro-Israel,Pro-Israel America PAC (C00699470),10000.0,earmarked_conduit_indiv,14,"FEC indiv20 (conduit 24T, recipient C00343871)"
"SCHIFF, Adam",20104,H0CA27085,2022,J Street,JStreetPAC (C00441949),2000.0,direct_contribution,1,FEC pas222
"SCHIFF, Adam",20104,H0CA27085,2022,J Street,JStreetPAC (C00441949),5300.0,earmarked_conduit_indiv,8,"FEC indiv22 (conduit 15E, recipient C00343871); FEC indiv22 (conduit 24T, recipient C00343871)"
"SCHIFF, Adam",20104,S4CA00555,2022,J Street,JStreetPAC (C00441949),5300.0,earmarked_conduit_indiv,8,"FEC indiv22 (conduit 15E, recipient C00343871); FEC indiv22 (conduit 24T, recipient C00343871)"
"SCHIFF, Adam",20104,H0CA27085,2022,pro-Israel,AIPAC PAC (C00797670),7900.0,direct_contribution,3,FEC pas222
"SCHIFF, Adam",20104,H0CA27085,2022,pro-Israel,AIPAC PAC (C00797670),23600.0,earmarked_conduit_indiv,17,"FEC indiv22 (conduit 15E, recipient C00343871); FEC indiv22 (conduit 24T, recipient C00343871)"
"SCHIFF, Adam",20104,S4CA00555,2022,pro-Israel,AIPAC PAC (C00797670),23600.0,earmarked_conduit_indiv,17,"FEC indiv22 (conduit 15E, recipient C00343871); FEC indiv22 (conduit 24T, recipient C00343871)"
"SCHIFF, Adam",20104,H0CA27085,2024,J Street,JStreetPAC (C00441949),41250.0,earmarked_conduit_indiv,41,"FEC indiv24 (conduit 24T, recipient C00343871)"
"SCHIFF, Adam",20104,S4CA00555,2024,J Street,JStreetPAC (C00441949),41250.0,earmarked_conduit_indiv,41,"FEC indiv24 (conduit 24T, recipient C00343871)"
"SCHIFF, Adam",20104,H0CA27085,2024,J Street,JStreetPAC (C00441949),250.0,earmarked_conduit_pas2,1,FEC pas224
"SCHIFF, Adam",20104,S4CA00555,2024,J Street,JStreetPAC (C00441949),5209.0,earmarked_conduit_pas2,12,FEC pas224
"SCHIFF, Adam",20104,H0CA27085,2024,pro-Israel,AIPAC PAC (C00797670),5000.0,direct_contribution,1,FEC pas224
"SCHIFF, Adam",20104,H0CA27085,2024,pro-Israel,AIPAC PAC (C00797670),334719.0,earmarked_conduit_indiv,259,"FEC indiv24 (conduit 24T, recipient C00343871)"
"SCHIFF, Adam",20104,S4CA00555,2024,pro-Israel,AIPAC PAC (C00797670),334719.0,earmarked_conduit_indiv,259,"FEC indiv24 (conduit 24T, recipient C00343871)"
"SCHIFF, Adam",20104,H0CA27085,2024,pro-Israel,AIPAC PAC (C00797670),-1497.0,earmarked_conduit_pas2,5,FEC pas224
"SCHIFF, Adam",20104,S4CA00555,2024,pro-Israel,DMFI PAC (C00710848),16620.0,IE_support,5,FEC independent_expenditure_2024.csv
"SCHIFF, Adam",20104,S4CA00555,2024,pro-Israel,DMFI PAC (C00710848),1000.0,direct_contribution,1,FEC pas224
"SCHIFF, Adam",20104,S4CA00555,2026,J Street,JStreetPAC (C00441949),500.0,direct_contribution,1,FEC pas226
"SCHIFF, Adam",20104,H0CA27085,2026,J Street,JStreetPAC (C00441949),4400.0,earmarked_conduit_indiv,9,"FEC indiv26 (conduit 15E, recipient C00343871); FEC indiv26 (conduit 24T, recipient C00343871)"
"SCHIFF, Adam",20104,S4CA00555,2026,J Street,JStreetPAC (C00441949),4400.0,earmarked_conduit_indiv,9,"FEC indiv26 (conduit 15E, recipient C00343871); FEC indiv26 (conduit 24T, recipient C00343871)"
"SCHMIDT, Derek",22551,H4KS02164,2024,pro-Israel,AIPAC PAC (C00797670),10000.0,direct_contribution,4,FEC pas224
"SCHMIDT, Derek",22551,H4KS02164,2024,pro-Israel,AIPAC PAC (C00797670),250.0,earmarked_conduit_indiv,1,"FEC indiv24 (conduit 24T, recipient C00877373)"
"SCHMIDT, Derek",22551,H4KS02164,2026,pro-Israel,AIPAC PAC (C00797670),10000.0,direct_contribution,2,FEC pas226
"SCHMIDT, Derek",22551,H4KS02164,2026,pro-Israel,AIPAC PAC (C00797670),21375.0,earmarked_conduit_indiv,15,"FEC indiv26 (conduit 24T, recipient C00877373)"
"SCHMIDT, Derek",22551,H4KS02164,2026,pro-Israel,AIPAC PAC (C00797670),-6.0,earmarked_conduit_pas2,2,FEC pas226
"SCHNEIDER, Brad",21326,H2IL10068,2020,pro-Israel,DMFI PAC (C00710848),2000.0,direct_contribution,1,FEC pas220
"SCHNEIDER, Brad",21326,H2IL10068,2020,pro-Israel,NORPAC (C00247403),20975.0,earmarked_conduit_indiv,16,"FEC indiv20 (conduit 24T, recipient C00495952)"
"SCHNEIDER, Brad",21326,H2IL10068,2020,pro-Israel,Pro-Israel America PAC (C00699470),1000.0,direct_contribution,1,FEC pas220
"SCHNEIDER, Brad",21326,H2IL10068,2020,pro-Israel,Pro-Israel America PAC (C00699470),17912.0,earmarked_conduit_indiv,19,"FEC indiv20 (conduit 24T, recipient C00495952)"
"SCHNEIDER, Brad",21326,H2IL10068,2022,pro-Israel,AIPAC PAC (C00797670),4200.0,direct_contribution,2,FEC pas222
"SCHNEIDER, Brad",21326,H2IL10068,2022,pro-Israel,AIPAC PAC (C00797670),57423.0,earmarked_conduit_indiv,55,"FEC indiv22 (conduit 15E, recipient C00495952); FEC indiv22 (conduit 24T, recipient C00495952)"
"SCHNEIDER, Brad",21326,H2IL10068,2022,pro-Israel,DMFI PAC (C00710848),2000.0,direct_contribution,1,FEC pas222
"SCHNEIDER, Brad",21326,H2IL10068,2022,pro-Israel,NORPAC (C00247403),-1000.0,direct_contribution,1,FEC pas222
"SCHNEIDER, Brad",21326,H2IL10068,2022,pro-Israel,NORPAC (C00247403),16150.0,earmarked_conduit_indiv,10,"FEC indiv22 (conduit 24T, recipient C00495952)"
"SCHNEIDER, Brad",21326,H2IL10068,2022,pro-Israel,Pro-Israel America PAC (C00699470),36351.0,earmarked_conduit_indiv,14,"FEC indiv22 (conduit 15E, recipient C00495952); FEC indiv22 (conduit 24T, recipient C00495952)"
"SCHNEIDER, Brad",21326,H2IL10068,2024,pro-Israel,AIPAC PAC (C00797670),10000.0,direct_contribution,4,FEC pas224
"SCHNEIDER, Brad",21326,H2IL10068,2024,pro-Israel,AIPAC PAC (C00797670),282014.0,earmarked_conduit_indiv,214,"FEC indiv24 (conduit 15E, recipient C00495952); FEC indiv24 (conduit 24T, recipient C00495952)"
"SCHNEIDER, Brad",21326,H2IL10068,2024,pro-Israel,AIPAC PAC (C00797670),26838.0,earmarked_conduit_pas2,39,FEC pas224
"SCHNEIDER, Brad",21326,H2IL10068,2024,pro-Israel,NORPAC (C00247403),24500.0,earmarked_conduit_indiv,17,"FEC indiv24 (conduit 24T, recipient C00495952)"
"SCHNEIDER, Brad",21326,H2IL10068,2026,pro-Israel,AIPAC PAC (C00797670),5000.0,direct_contribution,2,FEC pas226
"SCHNEIDER, Brad",21326,H2IL10068,2026,pro-Israel,AIPAC PAC (C00797670),361110.0,earmarked_conduit_indiv,288,"FEC indiv26 (conduit 15E, recipient C00495952); FEC indiv26 (conduit 24T, recipient C00495952)"
"SCHNEIDER, Brad",21326,H2IL10068,2026,pro-Israel,AIPAC PAC (C00797670),-6.0,earmarked_conduit_pas2,1,FEC pas226
"SCHNEIDER, Brad",21326,H2IL10068,2026,pro-Israel,NORPAC (C00247403),19750.0,earmarked_conduit_indiv,13,"FEC indiv26 (conduit 24T, recipient C00495952)"
"SCHOLTEN, Hillary",22363,H0MI03316,2020,J Street,JStreetPAC (C00441949),36075.0,earmarked_conduit_indiv,62,"FEC indiv20 (conduit 24T, recipient C00711317)"
"SCHOLTEN, Hillary",22363,H0MI03316,2020,critical/pro-Palestinian,Emgage Federal PAC (C00453704),1000.0,direct_contribution,1,FEC pas220
"SCHOLTEN, Hillary",22363,H0MI03316,2022,J Street,JStreetPAC (C00441949),70666.0,earmarked_conduit_indiv,87,"FEC indiv22 (conduit 15E, recipient C00711317); FEC indiv22 (conduit 24T, recipient C00711317)"
"SCHOLTEN, Hillary",22363,H0MI03316,2022,J Street,JStreetPAC (C00441949),1309.0,in_kind,1,FEC pas222
"SCHOLTEN, Hillary",22363,H0MI03316,2024,J Street,JStreetPAC (C00441949),1000.0,direct_contribution,1,FEC pas224
"SCHOLTEN, Hillary",22363,H0MI03316,2024,J Street,JStreetPAC (C00441949),56324.0,earmarked_conduit_indiv,47,"FEC indiv24 (conduit 15E, recipient C00711317); FEC indiv24 (conduit 24T, recipient C00711317)"
"SCHOLTEN, Hillary",22363,H0MI03316,2024,J Street,JStreetPAC (C00441949),6913.0,earmarked_conduit_pas2,29,FEC pas224
"SCHOLTEN, Hillary",22363,H0MI03316,2024,pro-Israel,AIPAC PAC (C00797670),5000.0,direct_contribution,1,FEC pas224
"SCHOLTEN, Hillary",22363,H0MI03316,2024,pro-Israel,AIPAC PAC (C00797670),134164.0,earmarked_conduit_indiv,118,"FEC indiv24 (conduit 24T, recipient C00711317); FEC indiv24 (conduit 24T, recipient C00783480)"
"SCHOLTEN, Hillary",22363,H0MI03316,2024,pro-Israel,AIPAC PAC (C00797670),16275.0,earmarked_conduit_pas2,20,FEC pas224
"SCHOLTEN, Hillary",22363,H0MI03316,2024,pro-Israel,DMFI PAC (C00710848),3000.0,direct_contribution,2,FEC pas224
"SCHOLTEN, Hillary",22363,H0MI03316,2026,J Street,JStreetPAC (C00441949),11000.0,earmarked_conduit_indiv,16,"FEC indiv26 (conduit 15E, recipient C00711317); FEC indiv26 (conduit 24T, recipient C00711317)"
"SCHOLTEN, Hillary",22363,H0MI03316,2026,J Street,JStreetPAC (C00441949),2000.0,earmarked_conduit_pas2,2,FEC pas226
"SCHOLTEN, Hillary",22363,H0MI03316,2026,pro-Israel,AIPAC PAC (C00797670),6500.0,direct_contribution,4,FEC pas226
"SCHOLTEN, Hillary",22363,H0MI03316,2026,pro-Israel,AIPAC PAC (C00797670),73044.0,earmarked_conduit_indiv,84,"FEC indiv26 (conduit 15E, recipient C00711317); FEC indiv26 (conduit 24T, recipient C00711317)"
"SCHOLTEN, Hillary",22363,H0MI03316,2026,pro-Israel,AIPAC PAC (C00797670),20384.0,earmarked_conduit_pas2,40,FEC pas226
"SCHRADER, Kurt",20944,H8OR05107,2022,pro-Israel,AIPAC PAC (C00797670),2900.0,direct_contribution,1,FEC pas222
"SCHRADER, Kurt",20944,H8OR05107,2022,pro-Israel,AIPAC PAC (C00797670),12240.0,earmarked_conduit_indiv,13,"FEC indiv22 (conduit 24T, recipient C00446906)"
"SCHRADER, Kurt",20944,H8OR05107,2022,pro-Israel,DMFI PAC (C00710848),2000.0,direct_contribution,1,FEC pas222
"SCHRADER, Kurt",20944,H8OR05107,2022,pro-Israel,Pro-Israel America PAC (C00699470),5000.0,direct_contribution,2,FEC pas222
"SCHRADER, Kurt",20944,H8OR05107,2022,pro-Israel,Pro-Israel America PAC (C00699470),445.0,earmarked_conduit_indiv,17,"FEC indiv22 (conduit 15E, recipient C00446906); FEC indiv22 (conduit 24T, recipient C00446906)"
"SCHRADER, Kurt",20944,H8OR05107,2022,pro-Israel,Pro-Israel America PAC (C00699470),640.0,earmarked_conduit_pas2,21,FEC pas222
"SCHRIER, Kim",21962,H8WA08189,2020,J Street,JStreetPAC (C00441949),0.0,direct_contribution,10,FEC pas220
"SCHRIER, Kim",21962,H8WA08189,2020,J Street,JStreetPAC (C00441949),10350.0,earmarked_conduit_indiv,11,"FEC indiv20 (conduit 15E, recipient C00652628); FEC indiv20 (conduit 24T, recipient C00652628)"
"SCHRIER, Kim",21962,H8WA08189,2020,pro-Israel,DMFI PAC (C00710848),2000.0,direct_contribution,1,FEC pas220
"SCHRIER, Kim",21962,H8WA08189,2022,J Street,JStreetPAC (C00441949),3500.0,direct_contribution,3,FEC pas222
"SCHRIER, Kim",21962,H8WA08189,2022,J Street,JStreetPAC (C00441949),35908.0,earmarked_conduit_indiv,43,"FEC indiv22 (conduit 15E, recipient C00652628); FEC indiv22 (conduit 24T, recipient C00652628)"
"SCHRIER, Kim",21962,H8WA08189,2022,pro-Israel,AIPAC PAC (C00797670),7900.0,direct_contribution,4,FEC pas222
"SCHRIER, Kim",21962,H8WA08189,2022,pro-Israel,AIPAC PAC (C00797670),37304.0,earmarked_conduit_indiv,52,"FEC indiv22 (conduit 15E, recipient C00652628); FEC indiv22 (conduit 24T, recipient C00652628)"
"SCHRIER, Kim",21962,H8WA08189,2022,pro-Israel,DMFI PAC (C00710848),2000.0,direct_contribution,1,FEC pas222
"SCHRIER, Kim",21962,H8WA08189,2024,J Street,JStreetPAC (C00441949),1000.0,direct_contribution,1,FEC pas224
"SCHRIER, Kim",21962,H8WA08189,2024,J Street,JStreetPAC (C00441949),23850.0,earmarked_conduit_indiv,23,"FEC indiv24 (conduit 24T, recipient C00652628)"
"SCHRIER, Kim",21962,H8WA08189,2024,J Street,JStreetPAC (C00441949),4100.0,earmarked_conduit_pas2,10,FEC pas224
"SCHRIER, Kim",21962,H8WA08189,2024,pro-Israel,AIPAC PAC (C00797670),10000.0,direct_contribution,2,FEC pas224
"SCHRIER, Kim",21962,H8WA08189,2024,pro-Israel,AIPAC PAC (C00797670),51650.0,earmarked_conduit_indiv,49,"FEC indiv24 (conduit 24T, recipient C00652628)"
"SCHRIER, Kim",21962,H8WA08189,2024,pro-Israel,DMFI PAC (C00710848),5000.0,direct_contribution,2,FEC pas224
"SCHRIER, Kim",21962,H8WA08189,2026,J Street,JStreetPAC (C00441949),2250.0,earmarked_conduit_indiv,5,"FEC indiv26 (conduit 24T, recipient C00652628)"
"SCHRIER, Kim",21962,H8WA08189,2026,pro-Israel,AIPAC PAC (C00797670),5000.0,direct_contribution,1,FEC pas226
"SCHRIER, Kim",21962,H8WA08189,2026,pro-Israel,AIPAC PAC (C00797670),55800.0,earmarked_conduit_indiv,54,"FEC indiv26 (conduit 15E, recipient C00652628); FEC indiv26 (conduit 24T, recipient C00652628)"
"SCHRIER, Kim",21962,H8WA08189,2026,pro-Israel,AIPAC PAC (C00797670),-6.0,earmarked_conduit_pas2,2,FEC pas226
"SCHWEIKERT, David",21105,H4AZ06045,2020,pro-Israel,Republican Jewish Coalition PAC (C00345132),2500.0,direct_contribution,1,FEC pas220
"SCHWEIKERT, David",21105,H4AZ06045,2022,pro-Israel,AIPAC PAC (C00797670),10000.0,direct_contribution,3,FEC pas222
"SCHWEIKERT, David",21105,H4AZ06045,2022,pro-Israel,AIPAC PAC (C00797670),15900.0,earmarked_conduit_indiv,16,"FEC indiv22 (conduit 15E, recipient C00540617); FEC indiv22 (conduit 24T, recipient C00540617)"
"SCHWEIKERT, David",21105,H4AZ06045,2022,pro-Israel,Republican Jewish Coalition PAC (C00345132),2500.0,direct_contribution,1,FEC pas222
"SCHWEIKERT, David",21105,H4AZ06045,2022,pro-Israel,Republican Jewish Coalition PAC (C00345132),1721.0,earmarked_conduit_indiv,28,"FEC indiv22 (conduit 24T, recipient C00540617)"
"SCHWEIKERT, David",21105,H4AZ06045,2024,pro-Israel,AIPAC PAC (C00797670),10000.0,direct_contribution,2,FEC pas224
"SCHWEIKERT, David",21105,H4AZ06045,2024,pro-Israel,AIPAC PAC (C00797670),77948.0,earmarked_conduit_indiv,83,"FEC indiv24 (conduit 24T, recipient C00540617)"
"SCHWEIKERT, David",21105,H4AZ06045,2024,pro-Israel,AIPAC PAC (C00797670),7612.0,earmarked_conduit_pas2,7,FEC pas224
"SCHWEIKERT, David",21105,H4AZ06045,2024,pro-Israel,Republican Jewish Coalition PAC (C00345132),7500.0,direct_contribution,2,FEC pas224
"SCHWEIKERT, David",21105,H4AZ06045,2024,pro-Israel,Republican Jewish Coalition PAC (C00345132),3896.0,earmarked_conduit_indiv,14,"FEC indiv24 (conduit 24T, recipient C00540617)"
"SCHWEIKERT, David",21105,H4AZ06045,2024,pro-Israel,Republican Jewish Coalition PAC (C00345132),7380.0,earmarked_conduit_pas2,26,FEC pas224
"SCHWEIKERT, David",21105,H4AZ06045,2026,pro-Israel,AIPAC PAC (C00797670),28750.0,earmarked_conduit_indiv,29,"FEC indiv26 (conduit 24T, recipient C00540617)"
"SCOTT, Austin",21123,H0GA08099,2022,pro-Israel,AIPAC PAC (C00797670),7900.0,direct_contribution,2,FEC pas222
"SCOTT, Austin",21123,H0GA08099,2022,pro-Israel,AIPAC PAC (C00797670),16050.0,earmarked_conduit_indiv,20,"FEC indiv22 (conduit 15E, recipient C00482737); FEC indiv22 (conduit 24T, recipient C00482737)"
"SCOTT, Austin",21123,H0GA08099,2024,pro-Israel,AIPAC PAC (C00797670),10000.0,direct_contribution,2,FEC pas224
"SCOTT, Austin",21123,H0GA08099,2024,pro-Israel,AIPAC PAC (C00797670),15600.0,earmarked_conduit_indiv,15,"FEC indiv24 (conduit 15E, recipient C00482737); FEC indiv24 (conduit 24T, recipient C00482737)"
"SCOTT, Austin",21123,H0GA08099,2024,pro-Israel,AIPAC PAC (C00797670),12.0,earmarked_conduit_pas2,4,FEC pas224
"SCOTT, Austin",21123,H0GA08099,2026,pro-Israel,AIPAC PAC (C00797670),4000.0,direct_contribution,6,FEC pas226
"SCOTT, Austin",21123,H0GA08099,2026,pro-Israel,AIPAC PAC (C00797670),2500.0,earmarked_conduit_indiv,3,"FEC indiv26 (conduit 24T, recipient C00482737)"
"SCOTT, Austin",21123,H0GA08099,2026,pro-Israel,AIPAC PAC (C00797670),-6.0,earmarked_conduit_pas2,2,FEC pas226
"SCOTT, David",20321,H2GA13012,2020,pro-Israel,Pro-Israel America PAC (C00699470),478.0,earmarked_conduit_indiv,17,"FEC indiv20 (conduit 15E, recipient C00369801); FEC indiv20 (conduit 24T, recipient C00369801)"
"SCOTT, David",20321,H2GA13012,2022,pro-Israel,AIPAC PAC (C00797670),7900.0,direct_contribution,2,FEC pas222
"SCOTT, David",20321,H2GA13012,2022,pro-Israel,AIPAC PAC (C00797670),22800.0,earmarked_conduit_indiv,21,"FEC indiv22 (conduit 15E, recipient C00369801); FEC indiv22 (conduit 24T, recipient C00369801)"
"SCOTT, David",20321,H2GA13012,2022,pro-Israel,DMFI PAC (C00710848),2000.0,direct_contribution,1,FEC pas222
"SCOTT, David",20321,H2GA13012,2024,pro-Israel,AIPAC PAC (C00797670),10000.0,direct_contribution,3,FEC pas224
"SCOTT, David",20321,H2GA13012,2024,pro-Israel,AIPAC PAC (C00797670),27550.0,earmarked_conduit_indiv,31,"FEC indiv24 (conduit 24T, recipient C00369801)"
"SCOTT, David",20321,H2GA13012,2024,pro-Israel,AIPAC PAC (C00797670),2753.0,earmarked_conduit_pas2,7,FEC pas224
"SCOTT, David",20321,H2GA13012,2026,pro-Israel,AIPAC PAC (C00797670),0.0,direct_contribution,2,FEC pas226
"SCOTT, David",20321,H2GA13012,2026,pro-Israel,AIPAC PAC (C00797670),20500.0,earmarked_conduit_indiv,18,"FEC indiv26 (conduit 15E, recipient C00369801); FEC indiv26 (conduit 24T, recipient C00369801)"
"SCOTT, David",20321,H2GA13012,2026,pro-Israel,AIPAC PAC (C00797670),-6.0,earmarked_conduit_pas2,2,FEC pas226
"SELF, Keith",22364,H2TX00064,2022,pro-Israel,AIPAC PAC (C00797670),5450.0,earmarked_conduit_indiv,7,"FEC indiv22 (conduit 24T, recipient C00791293)"
"SELF, Keith",22364,H2TX03290,2024,pro-Israel,AIPAC PAC (C00797670),10000.0,direct_contribution,2,FEC pas224
"SELF, Keith",22364,H2TX00064,2024,pro-Israel,AIPAC PAC (C00797670),21100.0,earmarked_conduit_indiv,17,"FEC indiv24 (conduit 24T, recipient C00791293)"
"SELF, Keith",22364,H2TX03290,2024,pro-Israel,AIPAC PAC (C00797670),512.0,earmarked_conduit_pas2,5,FEC pas224
"SELF, Keith",22364,H2TX03290,2026,pro-Israel,AIPAC PAC (C00797670),5000.0,direct_contribution,2,FEC pas226
"SELF, Keith",22364,H2TX00064,2026,pro-Israel,AIPAC PAC (C00797670),22217.0,earmarked_conduit_indiv,13,"FEC indiv26 (conduit 15E, recipient C00791293); FEC indiv26 (conduit 24T, recipient C00791293)"
"SELF, Keith",22364,H2TX03290,2026,pro-Israel,AIPAC PAC (C00797670),-6.0,earmarked_conduit_pas2,2,FEC pas226
"SESSIONS, Pete",29759,H2TX03126,2022,pro-Israel,AIPAC PAC (C00797670),7900.0,direct_contribution,2,FEC pas222
"SESSIONS, Pete",29759,H2TX03126,2022,pro-Israel,AIPAC PAC (C00797670),1500.0,earmarked_conduit_indiv,2,"FEC indiv22 (conduit 24T, recipient C00303305)"
"SESSIONS, Pete",29759,H2TX03126,2024,pro-Israel,AIPAC PAC (C00797670),10000.0,direct_contribution,2,FEC pas224
"SESSIONS, Pete",29759,H2TX03126,2024,pro-Israel,AIPAC PAC (C00797670),7000.0,earmarked_conduit_indiv,7,"FEC indiv24 (conduit 24T, recipient C00303305)"
"SESSIONS, Pete",29759,H2TX03126,2024,pro-Israel,AIPAC PAC (C00797670),513.0,earmarked_conduit_pas2,6,FEC pas224
"SESSIONS, Pete",29759,H2TX03126,2026,pro-Israel,AIPAC PAC (C00797670),5000.0,direct_contribution,1,FEC pas226
"SESSIONS, Pete",29759,H2TX03126,2026,pro-Israel,AIPAC PAC (C00797670),5217.0,earmarked_conduit_indiv,5,"FEC indiv26 (conduit 24T, recipient C00303305)"
"SESSIONS, Pete",29759,H2TX03126,2026,pro-Israel,AIPAC PAC (C00797670),-6.0,earmarked_conduit_pas2,2,FEC pas226
"SEWELL, Terri",21102,H0AL07086,2022,pro-Israel,AIPAC PAC (C00797670),7900.0,direct_contribution,2,FEC pas222
"SEWELL, Terri",21102,H0AL07086,2022,pro-Israel,AIPAC PAC (C00797670),13050.0,earmarked_conduit_indiv,20,"FEC indiv22 (conduit 24T, recipient C00458976)"
"SEWELL, Terri",21102,H0AL07086,2024,pro-Israel,AIPAC PAC (C00797670),17550.0,direct_contribution,10,FEC pas224
"SEWELL, Terri",21102,H0AL07086,2024,pro-Israel,AIPAC PAC (C00797670),30750.0,earmarked_conduit_indiv,38,"FEC indiv24 (conduit 24T, recipient C00458976)"
"SEWELL, Terri",21102,H0AL07086,2024,pro-Israel,AIPAC PAC (C00797670),3653.0,earmarked_conduit_pas2,7,FEC pas224
"SHALALA, Donna",21963,H8FL27193,2020,J Street,JStreetPAC (C00441949),14550.0,earmarked_conduit_indiv,15,"FEC indiv20 (conduit 15E, recipient C00672311); FEC indiv20 (conduit 24T, recipient C00672311)"
"SHALALA, Donna",21963,H8FL27193,2020,J Street,JStreetPAC (C00441949),125.0,earmarked_conduit_pas2,2,FEC pas220
"SHALALA, Donna",21963,H8FL27193,2020,pro-Israel,DMFI PAC (C00710848),2015.0,direct_contribution,2,FEC pas220
"SHERMAN, Brad",29707,H6CA24113,2020,pro-Israel,NORPAC (C00247403),8850.0,earmarked_conduit_indiv,9,"FEC indiv20 (conduit 24T, recipient C00308742)"
"SHERMAN, Brad",29707,H6CA24113,2020,pro-Israel,Pro-Israel America PAC (C00699470),1000.0,direct_contribution,1,FEC pas220
"SHERMAN, Brad",29707,H6CA24113,2020,pro-Israel,Pro-Israel America PAC (C00699470),19268.0,earmarked_conduit_indiv,34,"FEC indiv20 (conduit 24T, recipient C00308742)"
"SHERMAN, Brad",29707,H6CA24113,2022,pro-Israel,AIPAC PAC (C00797670),7900.0,direct_contribution,3,FEC pas222
"SHERMAN, Brad",29707,H6CA24113,2022,pro-Israel,AIPAC PAC (C00797670),10350.0,earmarked_conduit_indiv,9,"FEC indiv22 (conduit 15E, recipient C00308742); FEC indiv22 (conduit 24T, recipient C00308742)"
"SHERMAN, Brad",29707,H6CA24113,2022,pro-Israel,DMFI PAC (C00710848),2000.0,direct_contribution,1,FEC pas222
"SHERMAN, Brad",29707,H6CA24113,2022,pro-Israel,Pro-Israel America PAC (C00699470),68870.0,earmarked_conduit_indiv,71,"FEC indiv22 (conduit 15E, recipient C00308742); FEC indiv22 (conduit 24T, recipient C00308742)"
"SHERMAN, Brad",29707,H6CA24113,2024,pro-Israel,AIPAC PAC (C00797670),10000.0,direct_contribution,2,FEC pas224
"SHERMAN, Brad",29707,H6CA24113,2024,pro-Israel,AIPAC PAC (C00797670),169742.0,earmarked_conduit_indiv,153,"FEC indiv24 (conduit 15E, recipient C00308742); FEC indiv24 (conduit 24T, recipient C00308742)"
"SHERMAN, Brad",29707,H6CA24113,2024,pro-Israel,AIPAC PAC (C00797670),15303.0,earmarked_conduit_pas2,21,FEC pas224
"SHERMAN, Brad",29707,H6CA24113,2024,pro-Israel,DMFI PAC (C00710848),2000.0,direct_contribution,1,FEC pas224
"SHERMAN, Brad",29707,H6CA24113,2024,pro-Israel,NORPAC (C00247403),5000.0,direct_contribution,1,FEC pas224
"SHERMAN, Brad",29707,H6CA24113,2026,pro-Israel,AIPAC PAC (C00797670),5000.0,direct_contribution,1,FEC pas226
"SHERMAN, Brad",29707,H6CA24113,2026,pro-Israel,AIPAC PAC (C00797670),582015.0,earmarked_conduit_indiv,438,"FEC indiv26 (conduit 15E, recipient C00308742); FEC indiv26 (conduit 24T, recipient C00308742)"
"SHERMAN, Brad",29707,H6CA24113,2026,pro-Israel,AIPAC PAC (C00797670),494.0,earmarked_conduit_pas2,2,FEC pas226
"SHERMAN, Brad",29707,H6CA24113,2026,pro-Israel,DMFI PAC (C00710848),2500.0,direct_contribution,2,FEC pas226
"SHERMAN, Brad",29707,H6CA24113,2026,pro-Israel,NORPAC (C00247403),5000.0,direct_contribution,1,FEC pas226
"SHERRILL, Mikie",21964,H8NJ11142,2020,pro-Israel,DMFI PAC (C00710848),2000.0,direct_contribution,1,FEC pas220
"SHERRILL, Mikie",21964,H8NJ11142,2020,pro-Israel,NORPAC (C00247403),13000.0,direct_contribution,2,FEC pas220
"SHERRILL, Mikie",21964,H8NJ11142,2022,pro-Israel,AIPAC PAC (C00797670),7900.0,direct_contribution,2,FEC pas222
"SHERRILL, Mikie",21964,H8NJ11142,2022,pro-Israel,AIPAC PAC (C00797670),24400.0,earmarked_conduit_indiv,29,"FEC indiv22 (conduit 15E, recipient C00640003); FEC indiv22 (conduit 24T, recipient C00640003)"
"SHERRILL, Mikie",21964,H8NJ11142,2024,pro-Israel,AIPAC PAC (C00797670),12300.0,earmarked_conduit_indiv,9,"FEC indiv24 (conduit 15E, recipient C00640003); FEC indiv24 (conduit 24T, recipient C00640003)"
"SHERRILL, Mikie",21964,H8NJ11142,2024,pro-Israel,AIPAC PAC (C00797670),1003.0,earmarked_conduit_pas2,4,FEC pas224
"SHREVE, Jefferson",22552,H4IN06185,2024,pro-Israel,AIPAC PAC (C00797670),5000.0,direct_contribution,3,FEC pas224
"SHREVE, Jefferson",22552,H4IN06185,2024,pro-Israel,AIPAC PAC (C00797670),9050.0,earmarked_conduit_indiv,9,"FEC indiv24 (conduit 24T, recipient C00870949)"
"SHREVE, Jefferson",22552,H4IN06185,2026,pro-Israel,AIPAC PAC (C00797670),5000.0,direct_contribution,1,FEC pas226
"SHREVE, Jefferson",22552,H4IN06185,2026,pro-Israel,AIPAC PAC (C00797670),500.0,earmarked_conduit_indiv,1,"FEC indiv26 (conduit 15E, recipient C00870949)"
"SHREVE, Jefferson",22552,H4IN06185,2026,pro-Israel,AIPAC PAC (C00797670),-6.0,earmarked_conduit_pas2,2,FEC pas226
"SIMON, Lateefah",22553,H4CA12154,2024,J Street,JStreetPAC (C00441949),1000.0,direct_contribution,1,FEC pas224
"SIMON, Lateefah",22553,H4CA12154,2024,J Street,JStreetPAC (C00441949),750.0,earmarked_conduit_indiv,2,"FEC indiv24 (conduit 24T, recipient C00834291)"
"SIMON, Lateefah",22553,H4CA12154,2024,J Street,JStreetPAC (C00441949),650.0,earmarked_conduit_pas2,3,FEC pas224
"SIMON, Lateefah",22553,H4CA12154,2026,J Street,JStreetPAC (C00441949),-2000.0,direct_contribution,3,FEC pas226
"SIMON, Lateefah",22553,H4CA12154,2026,J Street,JStreetPAC (C00441949),7750.0,earmarked_conduit_indiv,4,"FEC indiv26 (conduit 24T, recipient C00834291)"
"SIMON, Lateefah",22553,H4CA12154,2026,J Street,JStreetPAC (C00441949),100.0,earmarked_conduit_pas2,1,FEC pas226
"SIMPSON, Michael K.",29910,H8ID02064,2022,pro-Israel,AIPAC PAC (C00797670),7900.0,direct_contribution,2,FEC pas222
"SIMPSON, Michael K.",29910,H8ID02064,2022,pro-Israel,AIPAC PAC (C00797670),15750.0,earmarked_conduit_indiv,12,"FEC indiv22 (conduit 15E, recipient C00331397); FEC indiv22 (conduit 24T, recipient C00331397)"
"SIMPSON, Michael K.",29910,H8ID02064,2024,pro-Israel,AIPAC PAC (C00797670),10000.0,direct_contribution,2,FEC pas224
"SIMPSON, Michael K.",29910,H8ID02064,2024,pro-Israel,AIPAC PAC (C00797670),4250.0,earmarked_conduit_indiv,4,"FEC indiv24 (conduit 24T, recipient C00331397)"
"SIMPSON, Michael K.",29910,H8ID02064,2024,pro-Israel,AIPAC PAC (C00797670),6262.0,earmarked_conduit_pas2,9,FEC pas224
"SIMPSON, Michael K.",29910,H8ID02064,2026,pro-Israel,AIPAC PAC (C00797670),5000.0,direct_contribution,1,FEC pas226
"SIMPSON, Michael K.",29910,H8ID02064,2026,pro-Israel,AIPAC PAC (C00797670),15000.0,earmarked_conduit_indiv,10,"FEC indiv26 (conduit 15E, recipient C00331397); FEC indiv26 (conduit 24T, recipient C00331397)"
"SIMPSON, Michael K.",29910,H8ID02064,2026,pro-Israel,AIPAC PAC (C00797670),-6.0,earmarked_conduit_pas2,2,FEC pas226
"SIRES, Albio",20542,H6NJ13191,2020,pro-Israel,DMFI PAC (C00710848),44140.45,IE_support,1,FEC independent_expenditure_2020.csv
"SIRES, Albio",20542,H6NJ13191,2020,pro-Israel,Pro-Israel America PAC (C00699470),31180.0,earmarked_conduit_indiv,37,"FEC indiv20 (conduit 15E, recipient C00410753); FEC indiv20 (conduit 24T, recipient C00410753)"
"SLOTKIN, Elissa",21965,H8MI08102,2020,J Street,JStreetPAC (C00441949),58456.0,earmarked_conduit_indiv,93,"FEC indiv20 (conduit 15E, recipient C00650150); FEC indiv20 (conduit 24T, recipient C00650150)"
"SLOTKIN, Elissa",21965,H8MI08102,2020,J Street,JStreetPAC (C00441949),2035.0,earmarked_conduit_pas2,5,FEC pas220
"SLOTKIN, Elissa",21965,H8MI08102,2020,J Street,JStreetPAC (C00441949),1648.0,in_kind,2,FEC pas220
"SLOTKIN, Elissa",21965,H8MI08102,2020,pro-Israel,DMFI PAC (C00710848),2000.0,direct_contribution,1,FEC pas220
"SLOTKIN, Elissa",21965,H8MI08102,2022,J Street,JStreetPAC (C00441949),1000.0,direct_contribution,1,FEC pas222
"SLOTKIN, Elissa",21965,H8MI08102,2022,J Street,JStreetPAC (C00441949),74000.0,earmarked_conduit_indiv,89,"FEC indiv22 (conduit 15E, recipient C00650150); FEC indiv22 (conduit 24T, recipient C00650150)"
"SLOTKIN, Elissa",21965,H8MI08102,2022,pro-Israel,AIPAC PAC (C00797670),0.0,direct_contribution,4,FEC pas222
"SLOTKIN, Elissa",21965,H8MI08102,2022,pro-Israel,AIPAC PAC (C00797670),12300.0,earmarked_conduit_indiv,15,"FEC indiv22 (conduit 15E, recipient C00650150); FEC indiv22 (conduit 24T, recipient C00650150)"
"SLOTKIN, Elissa",21965,H8MI08102,2022,pro-Israel,DMFI PAC (C00710848),2000.0,direct_contribution,1,FEC pas222
"SLOTKIN, Elissa",21965,H8MI08102,2022,pro-Israel,Pro-Israel America PAC (C00699470),22000.0,earmarked_conduit_indiv,23,"FEC indiv22 (conduit 24T, recipient C00650150)"
"SLOTKIN, Elissa",21965,H8MI08102,2024,critical/pro-Palestinian,Arab American PAC (C00346239),1337.97,IE_oppose,1,FEC independent_expenditure_2024.csv
"SMITH, Adam",29768,H6WA09025,2020,J Street,JStreetPAC (C00441949),5000.0,direct_contribution,4,FEC pas220
"SMITH, Adam",29768,H6WA09025,2020,J Street,JStreetPAC (C00441949),1250.0,earmarked_conduit_indiv,2,"FEC indiv20 (conduit 24T, recipient C00304709)"
"SMITH, Adam",29768,H6WA09025,2022,J Street,JStreetPAC (C00441949),3500.0,direct_contribution,3,FEC pas222
"SMITH, Adam",29768,H6WA09025,2022,J Street,JStreetPAC (C00441949),2449.0,earmarked_conduit_indiv,8,"FEC indiv22 (conduit 15E, recipient C00304709); FEC indiv22 (conduit 24T, recipient C00304709)"
"SMITH, Adam",29768,H6WA09025,2022,pro-Israel,AIPAC PAC (C00797670),2100.0,direct_contribution,3,FEC pas222
"SMITH, Adam",29768,H6WA09025,2022,pro-Israel,AIPAC PAC (C00797670),15500.0,earmarked_conduit_indiv,11,"FEC indiv22 (conduit 15E, recipient C00304709); FEC indiv22 (conduit 24T, recipient C00304709)"
"SMITH, Adam",29768,H6WA09025,2022,pro-Israel,DMFI PAC (C00710848),1000.0,direct_contribution,1,FEC pas222
"SMITH, Adam",29768,H6WA09025,2024,J Street,JStreetPAC (C00441949),8450.0,direct_contribution,3,FEC pas224
"SMITH, Adam",29768,H6WA09025,2024,J Street,JStreetPAC (C00441949),1000.0,earmarked_conduit_indiv,3,"FEC indiv24 (conduit 24T, recipient C00304709)"
"SMITH, Adam",29768,H6WA09025,2024,J Street,JStreetPAC (C00441949),1000.0,earmarked_conduit_pas2,1,FEC pas224
"SMITH, Adam",29768,H6WA09025,2024,pro-Israel,AIPAC PAC (C00797670),10000.0,direct_contribution,6,FEC pas224
"SMITH, Adam",29768,H6WA09025,2024,pro-Israel,AIPAC PAC (C00797670),255269.0,earmarked_conduit_indiv,153,"FEC indiv24 (conduit 15E, recipient C00304709); FEC indiv24 (conduit 24T, recipient C00304709)"
"SMITH, Adam",29768,H6WA09025,2024,pro-Israel,AIPAC PAC (C00797670),32700.0,earmarked_conduit_pas2,45,FEC pas224
"SMITH, Adam",29768,H6WA09025,2026,J Street,JStreetPAC (C00441949),1000.0,direct_contribution,1,FEC pas226
"SMITH, Adam",29768,H6WA09025,2026,J Street,JStreetPAC (C00441949),3000.0,earmarked_conduit_indiv,3,"FEC indiv26 (conduit 15E, recipient C00304709); FEC indiv26 (conduit 24T, recipient C00304709)"
"SMITH, Adam",29768,H6WA09025,2026,pro-Israel,AIPAC PAC (C00797670),5000.0,direct_contribution,1,FEC pas226
"SMITH, Adam",29768,H6WA09025,2026,pro-Israel,AIPAC PAC (C00797670),163950.0,earmarked_conduit_indiv,121,"FEC indiv26 (conduit 15E, recipient C00304709); FEC indiv26 (conduit 24T, recipient C00304709)"
"SMITH, Adam",29768,H6WA09025,2026,pro-Israel,AIPAC PAC (C00797670),-6.0,earmarked_conduit_pas2,2,FEC pas226
"SMITH, Adam",29768,H6WA09025,2026,pro-Israel,NORPAC (C00247403),5000.0,direct_contribution,1,FEC pas226
"SMITH, Adrian",20729,H6NE03115,2022,pro-Israel,AIPAC PAC (C00797670),5000.0,direct_contribution,1,FEC pas222
"SMITH, Adrian",20729,H6NE03115,2022,pro-Israel,AIPAC PAC (C00797670),250.0,earmarked_conduit_indiv,1,"FEC indiv22 (conduit 24T, recipient C00412890)"
"SMITH, Adrian",20729,H6NE03115,2024,pro-Israel,AIPAC PAC (C00797670),10000.0,direct_contribution,2,FEC pas224
"SMITH, Adrian",20729,H6NE03115,2024,pro-Israel,AIPAC PAC (C00797670),10008.0,earmarked_conduit_indiv,9,"FEC indiv24 (conduit 24T, recipient C00412890)"
"SMITH, Adrian",20729,H6NE03115,2024,pro-Israel,AIPAC PAC (C00797670),1624.0,earmarked_conduit_pas2,6,FEC pas224
"SMITH, Adrian",20729,H6NE03115,2026,pro-Israel,AIPAC PAC (C00797670),5000.0,direct_contribution,1,FEC pas226
"SMITH, Adrian",20729,H6NE03115,2026,pro-Israel,AIPAC PAC (C00797670),500.0,earmarked_conduit_indiv,1,"FEC indiv26 (conduit 15E, recipient C00412890)"
"SMITH, Adrian",20729,H6NE03115,2026,pro-Israel,AIPAC PAC (C00797670),-5.0,earmarked_conduit_pas2,3,FEC pas226
"SMITH, Christopher Henry",14863,H8NJ04014,2022,pro-Israel,AIPAC PAC (C00797670),7900.0,direct_contribution,2,FEC pas222
"SMITH, Christopher Henry",14863,H8NJ04014,2022,pro-Israel,NORPAC (C00247403),15050.0,earmarked_conduit_indiv,15,"FEC indiv22 (conduit 24T, recipient C00096412)"
"SMITH, Christopher Henry",14863,H8NJ04014,2022,pro-Israel,Pro-Israel America PAC (C00699470),1000.0,direct_contribution,1,FEC pas222
"SMITH, Christopher Henry",14863,H8NJ04014,2024,pro-Israel,AIPAC PAC (C00797670),10000.0,direct_contribution,2,FEC pas224
"SMITH, Christopher Henry",14863,H8NJ04014,2024,pro-Israel,AIPAC PAC (C00797670),15500.0,earmarked_conduit_indiv,21,"FEC indiv24 (conduit 15E, recipient C00096412); FEC indiv24 (conduit 24T, recipient C00096412)"
"SMITH, Christopher Henry",14863,H8NJ04014,2024,pro-Israel,AIPAC PAC (C00797670),12.0,earmarked_conduit_pas2,4,FEC pas224
"SMITH, Christopher Henry",14863,H8NJ04014,2024,pro-Israel,NORPAC (C00247403),15051.0,direct_contribution,2,FEC pas224
"SMITH, Christopher Henry",14863,H8NJ04014,2024,pro-Israel,Republican Jewish Coalition PAC (C00345132),25.0,earmarked_conduit_indiv,1,"FEC indiv24 (conduit 24T, recipient C00096412)"
"SMITH, Christopher Henry",14863,H8NJ04014,2026,pro-Israel,AIPAC PAC (C00797670),10000.0,direct_contribution,2,FEC pas226
"SMITH, Christopher Henry",14863,H8NJ04014,2026,pro-Israel,AIPAC PAC (C00797670),10500.0,earmarked_conduit_indiv,12,"FEC indiv26 (conduit 24T, recipient C00096412)"
"SMITH, Christopher Henry",14863,H8NJ04014,2026,pro-Israel,AIPAC PAC (C00797670),-6.0,earmarked_conduit_pas2,1,FEC pas226
"SMITH, Jason",21373,H4MO08162,2022,pro-Israel,AIPAC PAC (C00797670),10000.0,direct_contribution,4,FEC pas222
"SMITH, Jason",21373,H4MO08162,2022,pro-Israel,AIPAC PAC (C00797670),17150.0,earmarked_conduit_indiv,23,"FEC indiv22 (conduit 15E, recipient C00541862); FEC indiv22 (conduit 24T, recipient C00541862)"
"SMITH, Jason",21373,H4MO08162,2024,pro-Israel,AIPAC PAC (C00797670),10000.0,direct_contribution,2,FEC pas224
"SMITH, Jason",21373,H4MO08162,2024,pro-Israel,AIPAC PAC (C00797670),48600.0,earmarked_conduit_indiv,26,"FEC indiv24 (conduit 15E, recipient C00541862); FEC indiv24 (conduit 24T, recipient C00541862)"
"SMITH, Jason",21373,H4MO08162,2024,pro-Israel,AIPAC PAC (C00797670),1012.0,earmarked_conduit_pas2,5,FEC pas224
"SMITH, Jason",21373,H4MO08162,2026,pro-Israel,AIPAC PAC (C00797670),5000.0,direct_contribution,1,FEC pas226
"SMITH, Jason",21373,H4MO08162,2026,pro-Israel,AIPAC PAC (C00797670),1000.0,earmarked_conduit_indiv,1,"FEC indiv26 (conduit 24T, recipient C00541862)"
"SMITH, Jason",21373,H4MO08162,2026,pro-Israel,AIPAC PAC (C00797670),-6.0,earmarked_conduit_pas2,2,FEC pas226
"SMITH, Jason",21373,H4MO08162,2026,pro-Israel,Republican Jewish Coalition PAC (C00345132),5000.0,direct_contribution,1,FEC pas226
"SMUCKER, Lloyd K.",21745,H6PA16320,2022,pro-Israel,AIPAC PAC (C00797670),7900.0,direct_contribution,2,FEC pas222
"SMUCKER, Lloyd K.",21745,H6PA16320,2022,pro-Israel,AIPAC PAC (C00797670),10500.0,earmarked_conduit_indiv,16,"FEC indiv22 (conduit 15E, recipient C00599464); FEC indiv22 (conduit 24T, recipient C00599464)"
"SMUCKER, Lloyd K.",21745,H6PA16320,2024,pro-Israel,AIPAC PAC (C00797670),10000.0,direct_contribution,2,FEC pas224
"SMUCKER, Lloyd K.",21745,H6PA16320,2024,pro-Israel,AIPAC PAC (C00797670),19700.0,earmarked_conduit_indiv,25,"FEC indiv24 (conduit 24T, recipient C00599464)"
"SMUCKER, Lloyd K.",21745,H6PA16320,2024,pro-Israel,AIPAC PAC (C00797670),3762.0,earmarked_conduit_pas2,8,FEC pas224
"SMUCKER, Lloyd K.",21745,H6PA16320,2026,pro-Israel,AIPAC PAC (C00797670),10000.0,direct_contribution,2,FEC pas226
"SMUCKER, Lloyd K.",21745,H6PA16320,2026,pro-Israel,AIPAC PAC (C00797670),12500.0,earmarked_conduit_indiv,6,"FEC indiv26 (conduit 24T, recipient C00599464)"
"SMUCKER, Lloyd K.",21745,H6PA16320,2026,pro-Israel,AIPAC PAC (C00797670),-6.0,earmarked_conduit_pas2,2,FEC pas226
"SORENSEN, Eric",22365,H2IL17147,2022,J Street,JStreetPAC (C00441949),37556.0,earmarked_conduit_indiv,50,"FEC indiv22 (conduit 15E, recipient C00793935); FEC indiv22 (conduit 24T, recipient C00793935)"
"SORENSEN, Eric",22365,H2IL17147,2022,J Street,JStreetPAC (C00441949),1581.0,in_kind,1,FEC pas222
"SORENSEN, Eric",22365,H2IL17147,2022,pro-Israel,DMFI PAC (C00710848),2000.0,direct_contribution,1,FEC pas222
"SORENSEN, Eric",22365,H2IL17147,2024,J Street,JStreetPAC (C00441949),2100.0,direct_contribution,3,FEC pas224
"SORENSEN, Eric",22365,H2IL17147,2024,J Street,JStreetPAC (C00441949),44691.0,earmarked_conduit_indiv,68,"FEC indiv24 (conduit 24T, recipient C00793935)"
"SORENSEN, Eric",22365,H2IL17147,2024,J Street,JStreetPAC (C00441949),14492.0,earmarked_conduit_pas2,40,FEC pas224
"SORENSEN, Eric",22365,H2IL17147,2024,pro-Israel,AIPAC PAC (C00797670),5000.0,direct_contribution,1,FEC pas224
"SORENSEN, Eric",22365,H2IL17147,2024,pro-Israel,AIPAC PAC (C00797670),83664.0,earmarked_conduit_indiv,78,"FEC indiv24 (conduit 24T, recipient C00793935)"
"SORENSEN, Eric",22365,H2IL17147,2024,pro-Israel,AIPAC PAC (C00797670),963.0,earmarked_conduit_pas2,7,FEC pas224
"SORENSEN, Eric",22365,H2IL17147,2024,pro-Israel,DMFI PAC (C00710848),5000.0,direct_contribution,3,FEC pas224
"SORENSEN, Eric",22365,H2IL17147,2026,J Street,JStreetPAC (C00441949),42660.0,earmarked_conduit_indiv,54,"FEC indiv26 (conduit 15E, recipient C00793935); FEC indiv26 (conduit 24T, recipient C00793935)"
"SORENSEN, Eric",22365,H2IL17147,2026,J Street,JStreetPAC (C00441949),3400.0,earmarked_conduit_pas2,8,FEC pas226
"SORENSEN, Eric",22365,H2IL17147,2026,pro-Israel,AIPAC PAC (C00797670),5000.0,direct_contribution,1,FEC pas226
"SORENSEN, Eric",22365,H2IL17147,2026,pro-Israel,AIPAC PAC (C00797670),16500.0,earmarked_conduit_indiv,11,"FEC indiv26 (conduit 15E, recipient C00793935); FEC indiv26 (conduit 24T, recipient C00793935)"
"SORENSEN, Eric",22365,H2IL17147,2026,pro-Israel,AIPAC PAC (C00797670),-6.0,earmarked_conduit_pas2,2,FEC pas226
"SOTO, Darren Michael",21746,H6FL09179,2020,critical/pro-Palestinian,Emgage Federal PAC (C00453704),500.0,direct_contribution,1,FEC pas220
"SOTO, Darren Michael",21746,H6FL09179,2020,pro-Israel,DMFI PAC (C00710848),15.0,direct_contribution,1,FEC pas220
"SOTO, Darren Michael",21746,H6FL09179,2022,pro-Israel,AIPAC PAC (C00797670),4200.0,direct_contribution,2,FEC pas222
"SOTO, Darren Michael",21746,H6FL09179,2022,pro-Israel,Pro-Israel America PAC (C00699470),9600.0,earmarked_conduit_indiv,12,"FEC indiv22 (conduit 24T, recipient C00581074)"
"SOTO, Darren Michael",21746,H6FL09179,2024,pro-Israel,AIPAC PAC (C00797670),10000.0,direct_contribution,2,FEC pas224
"SOTO, Darren Michael",21746,H6FL09179,2024,pro-Israel,AIPAC PAC (C00797670),126590.0,earmarked_conduit_indiv,114,"FEC indiv24 (conduit 24T, recipient C00581074)"
"SOTO, Darren Michael",21746,H6FL09179,2024,pro-Israel,AIPAC PAC (C00797670),21203.0,earmarked_conduit_pas2,23,FEC pas224
"SOTO, Darren Michael",21746,H6FL09179,2024,pro-Israel,DMFI PAC (C00710848),1000.0,direct_contribution,1,FEC pas224
"SOTO, Darren Michael",21746,H6FL09179,2024,pro-Israel,NORPAC (C00247403),9890.0,direct_contribution,4,FEC pas224
"SOTO, Darren Michael",21746,H6FL09179,2024,pro-Israel,NORPAC (C00247403),8770.0,earmarked_conduit_indiv,7,"FEC indiv24 (conduit 24T, recipient C00581074)"
"SOTO, Darren Michael",21746,H6FL09179,2026,pro-Israel,AIPAC PAC (C00797670),15000.0,direct_contribution,3,FEC pas226
"SOTO, Darren Michael",21746,H6FL09179,2026,pro-Israel,AIPAC PAC (C00797670),222225.0,earmarked_conduit_indiv,164,"FEC indiv26 (conduit 15E, recipient C00581074); FEC indiv26 (conduit 24T, recipient C00581074)"
"SOTO, Darren Michael",21746,H6FL09179,2026,pro-Israel,AIPAC PAC (C00797670),-6.0,earmarked_conduit_pas2,1,FEC pas226
"SOTO, Darren Michael",21746,H6FL09179,2026,pro-Israel,DMFI PAC (C00710848),4500.0,direct_contribution,3,FEC pas226
"SOTO, Darren Michael",21746,H6FL09179,2026,pro-Israel,NORPAC (C00247403),18700.0,direct_contribution,3,FEC pas226
"SOTO, Darren Michael",21746,H6FL09179,2026,pro-Israel,NORPAC (C00247403),20000.0,earmarked_conduit_indiv,8,"FEC indiv26 (conduit 15E, recipient C00581074)"
"SPANBERGER, Abigail",21966,H8VA07094,2020,J Street,JStreetPAC (C00441949),51315.0,earmarked_conduit_indiv,83,"FEC indiv20 (conduit 15E, recipient C00649913); FEC indiv20 (conduit 24T, recipient C00649913)"
"SPANBERGER, Abigail",21966,H8VA07094,2020,J Street,JStreetPAC (C00441949),2541.0,earmarked_conduit_pas2,5,FEC pas220
"SPANBERGER, Abigail",21966,H8VA07094,2020,J Street,JStreetPAC (C00441949),15.0,in_kind,1,FEC pas220
"SPANBERGER, Abigail",21966,H8VA07094,2020,pro-Israel,DMFI PAC (C00710848),5000.0,direct_contribution,2,FEC pas220
"SPANBERGER, Abigail",21966,H8VA07094,2022,J Street,JStreetPAC (C00441949),49450.0,earmarked_conduit_indiv,72,"FEC indiv22 (conduit 15E, recipient C00649913); FEC indiv22 (conduit 24T, recipient C00649913)"
"SPANBERGER, Abigail",21966,H8VA07094,2022,critical/pro-Palestinian,Emgage Federal PAC (C00453704),1250.0,direct_contribution,1,FEC pas222
"SPANBERGER, Abigail",21966,H8VA07094,2022,pro-Israel,AIPAC PAC (C00797670),4200.0,direct_contribution,2,FEC pas222
"SPANBERGER, Abigail",21966,H8VA07094,2022,pro-Israel,AIPAC PAC (C00797670),19400.0,earmarked_conduit_indiv,25,"FEC indiv22 (conduit 24T, recipient C00649913)"
"SPANBERGER, Abigail",21966,H8VA07094,2022,pro-Israel,DMFI PAC (C00710848),2000.0,direct_contribution,1,FEC pas222
"SPANBERGER, Abigail",21966,H8VA07094,2024,J Street,JStreetPAC (C00441949),13410.0,earmarked_conduit_indiv,20,"FEC indiv24 (conduit 24T, recipient C00649913)"
"SPANBERGER, Abigail",21966,H8VA07094,2024,pro-Israel,AIPAC PAC (C00797670),5000.0,direct_contribution,2,FEC pas224
"SPANBERGER, Abigail",21966,H8VA07094,2024,pro-Israel,AIPAC PAC (C00797670),34900.0,earmarked_conduit_indiv,43,"FEC indiv24 (conduit 15E, recipient C00649913); FEC indiv24 (conduit 24T, recipient C00649913)"
"SPANBERGER, Abigail",21966,H8VA07094,2024,pro-Israel,AIPAC PAC (C00797670),1000.0,earmarked_conduit_pas2,1,FEC pas224
"SPARTZ, Victoria",22151,H0IN05326,2020,pro-Israel,Republican Jewish Coalition PAC (C00345132),2500.0,direct_contribution,1,FEC pas220
"SPARTZ, Victoria",22151,H0IN05326,2022,pro-Israel,AIPAC PAC (C00797670),10000.0,direct_contribution,3,FEC pas222
"SPARTZ, Victoria",22151,H0IN05326,2022,pro-Israel,AIPAC PAC (C00797670),13400.0,earmarked_conduit_indiv,7,"FEC indiv22 (conduit 24T, recipient C00737767)"
"SPARTZ, Victoria",22151,H0IN05326,2024,pro-Israel,AIPAC PAC (C00797670),10000.0,direct_contribution,2,FEC pas224
"SPARTZ, Victoria",22151,H0IN05326,2024,pro-Israel,AIPAC PAC (C00797670),19400.0,earmarked_conduit_indiv,12,"FEC indiv24 (conduit 24T, recipient C00737767)"
"SPARTZ, Victoria",22151,H0IN05326,2024,pro-Israel,AIPAC PAC (C00797670),4312.0,earmarked_conduit_pas2,6,FEC pas224
"SPARTZ, Victoria",22151,H0IN05326,2024,pro-Israel,Republican Jewish Coalition PAC (C00345132),18.0,earmarked_conduit_pas2,1,FEC pas224
"SPARTZ, Victoria",22151,H0IN05326,2026,pro-Israel,AIPAC PAC (C00797670),0.0,direct_contribution,2,FEC pas226
"SPARTZ, Victoria",22151,H0IN05326,2026,pro-Israel,AIPAC PAC (C00797670),-6.0,earmarked_conduit_pas2,2,FEC pas226
"SPARTZ, Victoria",22151,H0IN05326,2026,pro-Israel,Republican Jewish Coalition PAC (C00345132),1000.0,earmarked_conduit_indiv,1,"FEC indiv26 (conduit 24T, recipient C00737767)"
"SPEIER, Karen Lorraine Jacqueline (Jackie)",20762,H8CA12171,2020,J Street,JStreetPAC (C00441949),2000.0,direct_contribution,2,FEC pas220
"SPEIER, Karen Lorraine Jacqueline (Jackie)",20762,H8CA12171,2020,J Street,JStreetPAC (C00441949),500.0,earmarked_conduit_indiv,1,"FEC indiv20 (conduit 24T, recipient C00443705)"
"SPEIER, Karen Lorraine Jacqueline (Jackie)",20762,H8CA12171,2022,J Street,JStreetPAC (C00441949),2000.0,direct_contribution,2,FEC pas222
"SPEIER, Karen Lorraine Jacqueline (Jackie)",20762,H8CA12171,2022,J Street,JStreetPAC (C00441949),1500.0,earmarked_conduit_indiv,1,"FEC indiv22 (conduit 15E, recipient C00443705)"
"STANSBURY, Melanie Ann",22159,H2NM01144,2022,J Street,JStreetPAC (C00441949),2500.0,direct_contribution,1,FEC pas222
"STANSBURY, Melanie Ann",22159,H2NM01144,2022,J Street,JStreetPAC (C00441949),20717.0,earmarked_conduit_indiv,43,"FEC indiv22 (conduit 24T, recipient C00765099)"
"STANSBURY, Melanie Ann",22159,H2NM01144,2024,J Street,JStreetPAC (C00441949),2000.0,direct_contribution,2,FEC pas224
"STANSBURY, Melanie Ann",22159,H2NM01144,2024,J Street,JStreetPAC (C00441949),19250.0,earmarked_conduit_indiv,24,"FEC indiv24 (conduit 24T, recipient C00765099)"
"STANSBURY, Melanie Ann",22159,H2NM01144,2026,J Street,JStreetPAC (C00441949),1000.0,direct_contribution,1,FEC pas226
"STANSBURY, Melanie Ann",22159,H2NM01144,2026,J Street,JStreetPAC (C00441949),2750.0,earmarked_conduit_indiv,6,"FEC indiv26 (conduit 24T, recipient C00765099)"
"STANSBURY, Melanie Ann",22159,H2NM01144,2026,J Street,JStreetPAC (C00441949),36.0,earmarked_conduit_pas2,1,FEC pas226
"STANTON, Greg",21968,H8AZ09040,2020,J Street,JStreetPAC (C00441949),0.0,direct_contribution,2,FEC pas220
"STANTON, Greg",21968,H8AZ09040,2022,pro-Israel,AIPAC PAC (C00797670),10000.0,direct_contribution,3,FEC pas222
"STANTON, Greg",21968,H8AZ09040,2022,pro-Israel,AIPAC PAC (C00797670),23900.0,earmarked_conduit_indiv,31,"FEC indiv22 (conduit 15E, recipient C00657304); FEC indiv22 (conduit 24T, recipient C00657304)"
"STANTON, Greg",21968,H8AZ09040,2022,pro-Israel,Pro-Israel America PAC (C00699470),16000.0,earmarked_conduit_indiv,10,"FEC indiv22 (conduit 24T, recipient C00657304)"
"STANTON, Greg",21968,H8AZ09040,2024,pro-Israel,AIPAC PAC (C00797670),10000.0,direct_contribution,2,FEC pas224
"STANTON, Greg",21968,H8AZ09040,2024,pro-Israel,AIPAC PAC (C00797670),123900.0,earmarked_conduit_indiv,119,"FEC indiv24 (conduit 15E, recipient C00657304); FEC indiv24 (conduit 24T, recipient C00657304)"
"STANTON, Greg",21968,H8AZ09040,2024,pro-Israel,AIPAC PAC (C00797670),3.0,earmarked_conduit_pas2,3,FEC pas224
"STANTON, Greg",21968,H8AZ09040,2024,pro-Israel,DMFI PAC (C00710848),1608.0,IE_support,1,FEC independent_expenditure_2024.csv
"STANTON, Greg",21968,H8AZ09040,2024,pro-Israel,DMFI PAC (C00710848),3000.0,direct_contribution,2,FEC pas224
"STANTON, Greg",21968,H8AZ09040,2026,pro-Israel,AIPAC PAC (C00797670),91866.0,earmarked_conduit_indiv,65,"FEC indiv26 (conduit 15E, recipient C00657304); FEC indiv26 (conduit 24T, recipient C00657304)"
"STANTON, Greg",21968,H8AZ09040,2026,pro-Israel,AIPAC PAC (C00797670),-6.0,earmarked_conduit_pas2,2,FEC pas226
"STAUBER, Peter",21969,H8MN08043,2020,pro-Israel,Pro-Israel America PAC (C00699470),8100.0,earmarked_conduit_indiv,14,"FEC indiv20 (conduit 24T, recipient C00650697)"
"STAUBER, Peter",21969,H8MN08043,2022,pro-Israel,AIPAC PAC (C00797670),10000.0,direct_contribution,3,FEC pas222
"STAUBER, Peter",21969,H8MN08043,2022,pro-Israel,Pro-Israel America PAC (C00699470),3500.0,earmarked_conduit_indiv,5,"FEC indiv22 (conduit 24T, recipient C00650697)"
"STAUBER, Peter",21969,H8MN08043,2024,pro-Israel,AIPAC PAC (C00797670),5000.0,direct_contribution,3,FEC pas224
"STAUBER, Peter",21969,H8MN08043,2024,pro-Israel,AIPAC PAC (C00797670),25000.0,earmarked_conduit_indiv,24,"FEC indiv24 (conduit 24T, recipient C00650697)"
"STAUBER, Peter",21969,H8MN08043,2024,pro-Israel,AIPAC PAC (C00797670),12.0,earmarked_conduit_pas2,4,FEC pas224
"STAUBER, Peter",21969,H8MN08043,2024,pro-Israel,Republican Jewish Coalition PAC (C00345132),20.0,earmarked_conduit_pas2,1,FEC pas224
"STAUBER, Peter",21969,H8MN08043,2026,pro-Israel,AIPAC PAC (C00797670),5000.0,direct_contribution,1,FEC pas226
"STAUBER, Peter",21969,H8MN08043,2026,pro-Israel,AIPAC PAC (C00797670),1000.0,earmarked_conduit_indiv,2,"FEC indiv26 (conduit 24T, recipient C00650697)"
"STAUBER, Peter",21969,H8MN08043,2026,pro-Israel,AIPAC PAC (C00797670),-6.0,earmarked_conduit_pas2,2,FEC pas226
"STEEL, Michelle",22152,H0CA48198,2020,pro-Israel,Republican Jewish Coalition PAC (C00345132),5000.0,direct_contribution,2,FEC pas220
"STEEL, Michelle",22152,H0CA48198,2020,pro-Israel,Republican Jewish Coalition PAC (C00345132),23562.0,earmarked_conduit_indiv,165,"FEC indiv20 (conduit 24T, recipient C00704981)"
"STEEL, Michelle",22152,H0CA48198,2022,pro-Israel,AIPAC PAC (C00797670),7900.0,direct_contribution,2,FEC pas222
"STEEL, Michelle",22152,H0CA48198,2022,pro-Israel,AIPAC PAC (C00797670),80699.0,earmarked_conduit_indiv,77,"FEC indiv22 (conduit 15E, recipient C00704981); FEC indiv22 (conduit 24T, recipient C00704981)"
"STEEL, Michelle",22152,H0CA48198,2022,pro-Israel,Pro-Israel America PAC (C00699470),1500.0,direct_contribution,1,FEC pas222
"STEEL, Michelle",22152,H0CA48198,2022,pro-Israel,Pro-Israel America PAC (C00699470),956.0,earmarked_conduit_indiv,19,"FEC indiv22 (conduit 24T, recipient C00704981)"
"STEEL, Michelle",22152,H0CA48198,2022,pro-Israel,Republican Jewish Coalition PAC (C00345132),2500.0,direct_contribution,1,FEC pas222
"STEEL, Michelle",22152,H0CA48198,2022,pro-Israel,Republican Jewish Coalition PAC (C00345132),20110.0,earmarked_conduit_indiv,86,"FEC indiv22 (conduit 24T, recipient C00704981)"
"STEEL, Michelle",22152,H0CA48198,2024,pro-Israel,AIPAC PAC (C00797670),10000.0,direct_contribution,2,FEC pas224
"STEEL, Michelle",22152,H0CA48198,2024,pro-Israel,AIPAC PAC (C00797670),237612.0,earmarked_conduit_indiv,215,"FEC indiv24 (conduit 15E, recipient C00704981); FEC indiv24 (conduit 24T, recipient C00704981)"
"STEEL, Michelle",22152,H0CA48198,2024,pro-Israel,AIPAC PAC (C00797670),9512.0,earmarked_conduit_pas2,12,FEC pas224
"STEEL, Michelle",22152,H0CA48198,2024,pro-Israel,Republican Jewish Coalition PAC (C00345132),7500.0,direct_contribution,2,FEC pas224
"STEEL, Michelle",22152,H0CA48198,2024,pro-Israel,Republican Jewish Coalition PAC (C00345132),14774.0,earmarked_conduit_indiv,91,"FEC indiv24 (conduit 24T, recipient C00704981)"
"STEEL, Michelle",22152,H0CA48198,2024,pro-Israel,Republican Jewish Coalition PAC (C00345132),5248.0,earmarked_conduit_pas2,48,FEC pas224
"STEFANIK, Elise M.",21541,H4NY21079,2020,pro-Israel,NORPAC (C00247403),10000.0,earmarked_conduit_indiv,6,"FEC indiv20 (conduit 24T, recipient C00547893)"
"STEFANIK, Elise M.",21541,H4NY21079,2020,pro-Israel,Pro-Israel America PAC (C00699470),5600.0,earmarked_conduit_indiv,2,"FEC indiv20 (conduit 24T, recipient C00547893)"
"STEFANIK, Elise M.",21541,H4NY21079,2020,pro-Israel,Republican Jewish Coalition PAC (C00345132),5000.0,direct_contribution,1,FEC pas220
"STEFANIK, Elise M.",21541,H4NY21079,2020,pro-Israel,Republican Jewish Coalition PAC (C00345132),24454.0,earmarked_conduit_indiv,139,"FEC indiv20 (conduit 15E, recipient C00547893); FEC indiv20 (conduit 24T, recipient C00547893)"
"STEFANIK, Elise M.",21541,H4NY21079,2022,pro-Israel,AIPAC PAC (C00797670),4200.0,direct_contribution,2,FEC pas222
"STEFANIK, Elise M.",21541,H4NY21079,2022,pro-Israel,AIPAC PAC (C00797670),9000.0,earmarked_conduit_indiv,6,"FEC indiv22 (conduit 15E, recipient C00547893); FEC indiv22 (conduit 24T, recipient C00547893)"
"STEFANIK, Elise M.",21541,H4NY21079,2022,pro-Israel,NORPAC (C00247403),2000.0,direct_contribution,1,FEC pas222
"STEFANIK, Elise M.",21541,H4NY21079,2022,pro-Israel,NORPAC (C00247403),14000.0,earmarked_conduit_indiv,19,"FEC indiv22 (conduit 24T, recipient C00547893)"
"STEFANIK, Elise M.",21541,H4NY21079,2022,pro-Israel,Republican Jewish Coalition PAC (C00345132),10000.0,direct_contribution,2,FEC pas222
"STEFANIK, Elise M.",21541,H4NY21079,2024,pro-Israel,AIPAC PAC (C00797670),5000.0,direct_contribution,1,FEC pas224
"STEFANIK, Elise M.",21541,H4NY21079,2024,pro-Israel,AIPAC PAC (C00797670),453752.0,earmarked_conduit_indiv,300,"FEC indiv24 (conduit 15E, recipient C00547893); FEC indiv24 (conduit 24T, recipient C00547893)"
"STEFANIK, Elise M.",21541,H4NY21079,2024,pro-Israel,AIPAC PAC (C00797670),3994.0,earmarked_conduit_pas2,17,FEC pas224
"STEFANIK, Elise M.",21541,H4NY21079,2024,pro-Israel,NORPAC (C00247403),350.0,direct_contribution,2,FEC pas224
"STEFANIK, Elise M.",21541,H4NY21079,2024,pro-Israel,NORPAC (C00247403),19750.0,earmarked_conduit_indiv,20,"FEC indiv24 (conduit 24T, recipient C00547893)"
"STEFANIK, Elise M.",21541,H4NY21079,2026,pro-Israel,AIPAC PAC (C00797670),5000.0,direct_contribution,1,FEC pas226
"STEFANIK, Elise M.",21541,H4NY21079,2026,pro-Israel,AIPAC PAC (C00797670),73250.0,earmarked_conduit_indiv,28,"FEC indiv26 (conduit 24T, recipient C00547893)"
"STEFANIK, Elise M.",21541,H4NY21079,2026,pro-Israel,AIPAC PAC (C00797670),-6.0,earmarked_conduit_pas2,2,FEC pas226
"STEIL, Bryan",21970,H8WI01156,2022,pro-Israel,AIPAC PAC (C00797670),10000.0,direct_contribution,3,FEC pas222
"STEIL, Bryan",21970,H8WI01156,2022,pro-Israel,AIPAC PAC (C00797670),23900.0,earmarked_conduit_indiv,24,"FEC indiv22 (conduit 15E, recipient C00677286); FEC indiv22 (conduit 24T, recipient C00677286)"
"STEIL, Bryan",21970,H8WI01156,2024,pro-Israel,AIPAC PAC (C00797670),10000.0,direct_contribution,2,FEC pas224
"STEIL, Bryan",21970,H8WI01156,2024,pro-Israel,AIPAC PAC (C00797670),38350.0,earmarked_conduit_indiv,25,"FEC indiv24 (conduit 24T, recipient C00677286)"
"STEIL, Bryan",21970,H8WI01156,2024,pro-Israel,AIPAC PAC (C00797670),12.0,earmarked_conduit_pas2,4,FEC pas224
"STEIL, Bryan",21970,H8WI01156,2024,pro-Israel,Republican Jewish Coalition PAC (C00345132),10.0,earmarked_conduit_pas2,1,FEC pas224
"STEIL, Bryan",21970,H8WI01156,2026,pro-Israel,AIPAC PAC (C00797670),5000.0,direct_contribution,1,FEC pas226
"STEIL, Bryan",21970,H8WI01156,2026,pro-Israel,AIPAC PAC (C00797670),31450.0,earmarked_conduit_indiv,24,"FEC indiv26 (conduit 15E, recipient C00677286); FEC indiv26 (conduit 24T, recipient C00677286)"
"STEIL, Bryan",21970,H8WI01156,2026,pro-Israel,AIPAC PAC (C00797670),-6.0,earmarked_conduit_pas2,2,FEC pas226
"STEUBE, W. Greg",21971,H8FL17053,2022,pro-Israel,AIPAC PAC (C00797670),10000.0,direct_contribution,4,FEC pas222
"STEUBE, W. Greg",21971,H8FL17053,2022,pro-Israel,AIPAC PAC (C00797670),24000.0,earmarked_conduit_indiv,23,"FEC indiv22 (conduit 15E, recipient C00671891); FEC indiv22 (conduit 24T, recipient C00671891)"
"STEUBE, W. Greg",21971,H8FL17053,2022,pro-Israel,Republican Jewish Coalition PAC (C00345132),1007.0,earmarked_conduit_indiv,3,"FEC indiv22 (conduit 24T, recipient C00671891)"
"STEUBE, W. Greg",21971,H8FL17053,2024,pro-Israel,AIPAC PAC (C00797670),10000.0,direct_contribution,2,FEC pas224
"STEUBE, W. Greg",21971,H8FL17053,2024,pro-Israel,AIPAC PAC (C00797670),7250.0,earmarked_conduit_indiv,6,"FEC indiv24 (conduit 24T, recipient C00671891)"
"STEUBE, W. Greg",21971,H8FL17053,2024,pro-Israel,AIPAC PAC (C00797670),512.0,earmarked_conduit_pas2,5,FEC pas224
"STEUBE, W. Greg",21971,H8FL17053,2024,pro-Israel,Republican Jewish Coalition PAC (C00345132),26.0,earmarked_conduit_pas2,3,FEC pas224
"STEUBE, W. Greg",21971,H8FL17053,2026,pro-Israel,AIPAC PAC (C00797670),5000.0,direct_contribution,1,FEC pas226
"STEUBE, W. Greg",21971,H8FL17053,2026,pro-Israel,AIPAC PAC (C00797670),20250.0,earmarked_conduit_indiv,16,"FEC indiv26 (conduit 15E, recipient C00671891); FEC indiv26 (conduit 24T, recipient C00671891)"
"STEUBE, W. Greg",21971,H8FL17053,2026,pro-Israel,AIPAC PAC (C00797670),-6.0,earmarked_conduit_pas2,2,FEC pas226
"STEUBE, W. Greg",21971,H8FL17053,2026,pro-Israel,Republican Jewish Coalition PAC (C00345132),158.0,earmarked_conduit_indiv,2,"FEC indiv26 (conduit 24T, recipient C00671891)"
"STEVENS, Haley",21972,H8MI11254,2020,pro-Israel,DMFI PAC (C00710848),2000.0,direct_contribution,1,FEC pas220
"STEVENS, Haley",21972,H8MI11254,2020,pro-Israel,Pro-Israel America PAC (C00699470),4301.0,earmarked_conduit_indiv,12,"FEC indiv20 (conduit 24T, recipient C00638650)"
"STEVENS, Haley",21972,H8MI11254,2022,pro-Israel,AIPAC PAC (C00797670),7100.0,direct_contribution,2,FEC pas222
"STEVENS, Haley",21972,H8MI11254,2022,pro-Israel,AIPAC PAC (C00797670),630778.0,earmarked_conduit_indiv,544,"FEC indiv22 (conduit 15E, recipient C00638650); FEC indiv22 (conduit 24T, recipient C00638650)"
"STEVENS, Haley",21972,H8MI11254,2022,pro-Israel,DMFI PAC (C00710848),2000.0,direct_contribution,1,FEC pas222
"STEVENS, Haley",21972,H8MI11254,2022,pro-Israel,Pro-Israel America PAC (C00699470),4000.0,direct_contribution,2,FEC pas222
"STEVENS, Haley",21972,H8MI11254,2022,pro-Israel,Pro-Israel America PAC (C00699470),56650.0,earmarked_conduit_indiv,82,"FEC indiv22 (conduit 15E, recipient C00638650); FEC indiv22 (conduit 24T, recipient C00638650)"
"STEVENS, Haley",21972,H8MI11254,2022,pro-Israel,Pro-Israel America PAC (C00699470),280.0,earmarked_conduit_pas2,9,FEC pas222
"STEVENS, Haley",21972,H8MI11254,2022,pro-Israel,United Democracy Project (C00799031),3878030.46,IE_support,19,FEC independent_expenditure_2022.csv
"STEVENS, Haley",21972,H8MI11254,2024,pro-Israel,AIPAC PAC (C00797670),10000.0,direct_contribution,2,FEC pas224
"STEVENS, Haley",21972,H8MI11254,2024,pro-Israel,AIPAC PAC (C00797670),85100.0,earmarked_conduit_indiv,63,"FEC indiv24 (conduit 15E, recipient C00638650); FEC indiv24 (conduit 24T, recipient C00638650)"
"STEVENS, Haley",21972,H8MI11254,2024,pro-Israel,AIPAC PAC (C00797670),3603.0,earmarked_conduit_pas2,7,FEC pas224
"STEVENS, Haley",21972,H8MI11254,2024,pro-Israel,DMFI PAC (C00710848),1899.0,IE_support,1,FEC independent_expenditure_2024.csv
"STEVENS, Haley",21972,H8MI11254,2024,pro-Israel,DMFI PAC (C00710848),1000.0,direct_contribution,1,FEC pas224
"STEVENS, Haley",21972,H8MI11254,2026,pro-Israel,AIPAC PAC (C00797670),5000.0,direct_contribution,3,FEC pas226
"STEVENS, Haley",21972,H8MI11254,2026,pro-Israel,AIPAC PAC (C00797670),328779.0,earmarked_conduit_indiv,247,"FEC indiv26 (conduit 15E, recipient C00638650); FEC indiv26 (conduit 24T, recipient C00638650)"
"STEVENS, Haley",21972,S6MI00426,2026,pro-Israel,AIPAC PAC (C00797670),22750.0,earmarked_conduit_indiv,29,"FEC indiv26 (conduit 15E, recipient C00903039); FEC indiv26 (conduit 24T, recipient C00903039)"
"STEVENS, Haley",21972,S6MI00426,2026,pro-Israel,DMFI PAC (C00710848),31115.39,IE_support,2,FEC independent_expenditure_2026.csv
"STEVENS, Haley",21972,S6MI00426,2026,pro-Israel,DMFI PAC (C00710848),5000.0,direct_contribution,2,FEC pas226
"STEVENS, Haley",21972,S6MI00426,2026,pro-Israel,NORPAC (C00247403),100.0,earmarked_conduit_indiv,1,"FEC indiv26 (conduit 24T, recipient C00903039)"
"STEVENS, Haley",21972,S6MI00426,2026,pro-Israel,United Democracy Project (C00799031),10498735.23,IE_support,25,FEC independent_expenditure_2026.csv
"STEWART, Chris",21367,H2UT02324,2022,pro-Israel,AIPAC PAC (C00797670),10000.0,direct_contribution,3,FEC pas222
"STRICKLAND, Marilyn",22153,H0WA10034,2020,pro-Israel,DMFI PAC (C00710848),2000.0,direct_contribution,1,FEC pas220
"STRICKLAND, Marilyn",22153,H0WA10034,2020,pro-Israel,NORPAC (C00247403),1000.0,direct_contribution,1,FEC pas220
"STRICKLAND, Marilyn",22153,H0WA10034,2020,pro-Israel,Pro-Israel America PAC (C00699470),5000.0,direct_contribution,1,FEC pas220
"STRICKLAND, Marilyn",22153,H0WA10034,2020,pro-Israel,Pro-Israel America PAC (C00699470),60300.0,earmarked_conduit_indiv,77,"FEC indiv20 (conduit 24T, recipient C00732826)"
"STRICKLAND, Marilyn",22153,H0WA10034,2022,pro-Israel,AIPAC PAC (C00797670),4200.0,direct_contribution,4,FEC pas222
"STRICKLAND, Marilyn",22153,H0WA10034,2022,pro-Israel,AIPAC PAC (C00797670),15000.0,earmarked_conduit_indiv,10,"FEC indiv22 (conduit 24T, recipient C00732826)"
"STRICKLAND, Marilyn",22153,H0WA10034,2024,pro-Israel,AIPAC PAC (C00797670),10000.0,direct_contribution,2,FEC pas224
"STRICKLAND, Marilyn",22153,H0WA10034,2024,pro-Israel,AIPAC PAC (C00797670),117300.0,earmarked_conduit_indiv,83,"FEC indiv24 (conduit 24T, recipient C00732826)"
"STRICKLAND, Marilyn",22153,H0WA10034,2024,pro-Israel,AIPAC PAC (C00797670),17553.0,earmarked_conduit_pas2,12,FEC pas224
"STRICKLAND, Marilyn",22153,H0WA10034,2026,pro-Israel,AIPAC PAC (C00797670),10000.0,direct_contribution,2,FEC pas226
"STRICKLAND, Marilyn",22153,H0WA10034,2026,pro-Israel,AIPAC PAC (C00797670),100276.0,earmarked_conduit_indiv,94,"FEC indiv26 (conduit 15E, recipient C00732826); FEC indiv26 (conduit 24T, recipient C00732826)"
"STRICKLAND, Marilyn",22153,H0WA10034,2026,pro-Israel,AIPAC PAC (C00797670),-6.0,earmarked_conduit_pas2,2,FEC pas226
"STRONG, Dale",22366,H2AL05102,2022,pro-Israel,AIPAC PAC (C00797670),10000.0,direct_contribution,2,FEC pas222
"STRONG, Dale",22366,H2AL05102,2022,pro-Israel,AIPAC PAC (C00797670),2000.0,earmarked_conduit_indiv,2,"FEC indiv22 (conduit 24T, recipient C00774281)"
"STRONG, Dale",22366,H2AL05102,2024,pro-Israel,AIPAC PAC (C00797670),5000.0,direct_contribution,1,FEC pas224
"STRONG, Dale",22366,H2AL05102,2024,pro-Israel,AIPAC PAC (C00797670),3179.0,earmarked_conduit_indiv,4,"FEC indiv24 (conduit 24T, recipient C00774281)"
"STRONG, Dale",22366,H2AL05102,2024,pro-Israel,AIPAC PAC (C00797670),12.0,earmarked_conduit_pas2,4,FEC pas224
"STRONG, Dale",22366,H2AL05102,2026,pro-Israel,AIPAC PAC (C00797670),5000.0,direct_contribution,1,FEC pas226
"STRONG, Dale",22366,H2AL05102,2026,pro-Israel,AIPAC PAC (C00797670),750.0,earmarked_conduit_indiv,2,"FEC indiv26 (conduit 24T, recipient C00774281)"
"STRONG, Dale",22366,H2AL05102,2026,pro-Israel,AIPAC PAC (C00797670),-6.0,earmarked_conduit_pas2,2,FEC pas226
"STUTZMAN, Marlin",21100,H0IN03198,2024,pro-Israel,AIPAC PAC (C00797670),13300.0,earmarked_conduit_indiv,10,"FEC indiv24 (conduit 24T, recipient C00838110)"
"STUTZMAN, Marlin",21100,H0IN03198,2026,pro-Israel,AIPAC PAC (C00797670),10500.0,earmarked_conduit_indiv,7,"FEC indiv26 (conduit 24T, recipient C00838110)"
"SUBRAMANYAM, Suhas",22554,H4VA10279,2024,pro-Israel,AIPAC PAC (C00797670),5000.0,direct_contribution,1,FEC pas224
"SUBRAMANYAM, Suhas",22554,H4VA10279,2024,pro-Israel,AIPAC PAC (C00797670),32250.0,earmarked_conduit_indiv,35,"FEC indiv24 (conduit 24T, recipient C00856963)"
"SUBRAMANYAM, Suhas",22554,H4VA10279,2026,pro-Israel,AIPAC PAC (C00797670),-5000.0,direct_contribution,1,FEC pas226
"SUOZZI, Thomas",21747,H6NY03247,2020,pro-Israel,DMFI PAC (C00710848),5000.0,direct_contribution,1,FEC pas220
"SUOZZI, Thomas",21747,H6NY03247,2024,pro-Israel,AIPAC PAC (C00797670),10000.0,direct_contribution,2,FEC pas224
"SUOZZI, Thomas",21747,H6NY03247,2024,pro-Israel,AIPAC PAC (C00797670),90660.0,earmarked_conduit_indiv,74,"FEC indiv24 (conduit 24T, recipient C00607200)"
"SUOZZI, Thomas",21747,H6NY03247,2024,pro-Israel,AIPAC PAC (C00797670),53.0,earmarked_conduit_pas2,4,FEC pas224
"SUOZZI, Thomas",21747,H6NY03247,2024,pro-Israel,DMFI PAC (C00710848),43626.0,IE_support,9,FEC independent_expenditure_2024.csv
"SUOZZI, Thomas",21747,H6NY03247,2024,pro-Israel,DMFI PAC (C00710848),6000.0,direct_contribution,2,FEC pas224
"SUOZZI, Thomas",21747,H6NY03247,2024,pro-Israel,NORPAC (C00247403),50.0,direct_contribution,1,FEC pas224
"SUOZZI, Thomas",21747,H6NY03247,2024,pro-Israel,NORPAC (C00247403),30000.0,earmarked_conduit_indiv,12,"FEC indiv24 (conduit 24T, recipient C00607200)"
"SUOZZI, Thomas",21747,H6NY03247,2026,pro-Israel,AIPAC PAC (C00797670),10000.0,direct_contribution,2,FEC pas226
"SUOZZI, Thomas",21747,H6NY03247,2026,pro-Israel,AIPAC PAC (C00797670),363875.0,earmarked_conduit_indiv,308,"FEC indiv26 (conduit 15E, recipient C00607200); FEC indiv26 (conduit 24T, recipient C00607200)"
"SUOZZI, Thomas",21747,H6NY03247,2026,pro-Israel,AIPAC PAC (C00797670),-6.0,earmarked_conduit_pas2,1,FEC pas226
"SUOZZI, Thomas",21747,H6NY03247,2026,pro-Israel,DMFI PAC (C00710848),1000.0,direct_contribution,1,FEC pas226
"SWALWELL, Eric",21306,H2CA15094,2020,J Street,JStreetPAC (C00441949),2000.0,direct_contribution,2,FEC pas220
"SWALWELL, Eric",21306,H2CA15094,2020,J Street,JStreetPAC (C00441949),2250.0,earmarked_conduit_indiv,4,"FEC indiv20 (conduit 24T, recipient C00502294)"
"SWALWELL, Eric",21306,H2CA15094,2020,J Street,JStreetPAC (C00441949),1000.0,earmarked_conduit_pas2,1,FEC pas220
"SWALWELL, Eric",21306,H2CA15094,2022,J Street,JStreetPAC (C00441949),1000.0,direct_contribution,1,FEC pas222
"SWALWELL, Eric",21306,H2CA15094,2022,J Street,JStreetPAC (C00441949),8350.0,earmarked_conduit_indiv,9,"FEC indiv22 (conduit 24T, recipient C00502294)"
"SWALWELL, Eric",21306,H2CA15094,2022,pro-Israel,AIPAC PAC (C00797670),7900.0,direct_contribution,3,FEC pas222
"SWALWELL, Eric",21306,H2CA15094,2022,pro-Israel,AIPAC PAC (C00797670),20000.0,earmarked_conduit_indiv,11,"FEC indiv22 (conduit 15E, recipient C00502294); FEC indiv22 (conduit 24T, recipient C00502294)"
"SWALWELL, Eric",21306,H2CA15094,2024,J Street,JStreetPAC (C00441949),1000.0,direct_contribution,1,FEC pas224
"SWALWELL, Eric",21306,H2CA15094,2024,J Street,JStreetPAC (C00441949),4650.0,earmarked_conduit_indiv,11,"FEC indiv24 (conduit 24T, recipient C00502294)"
"SWALWELL, Eric",21306,H2CA15094,2024,J Street,JStreetPAC (C00441949),2250.0,earmarked_conduit_pas2,3,FEC pas224
"SWALWELL, Eric",21306,H2CA15094,2024,pro-Israel,AIPAC PAC (C00797670),10000.0,direct_contribution,2,FEC pas224
"SWALWELL, Eric",21306,H2CA15094,2024,pro-Israel,AIPAC PAC (C00797670),38322.0,earmarked_conduit_indiv,36,"FEC indiv24 (conduit 24T, recipient C00502294)"
"SWALWELL, Eric",21306,H2CA15094,2024,pro-Israel,AIPAC PAC (C00797670),1003.0,earmarked_conduit_pas2,4,FEC pas224
"SWALWELL, Eric",21306,H2CA15094,2026,J Street,JStreetPAC (C00441949),2000.0,earmarked_conduit_indiv,4,"FEC indiv26 (conduit 24T, recipient C00502294)"
"SWALWELL, Eric",21306,H2CA15094,2026,pro-Israel,AIPAC PAC (C00797670),14250.0,earmarked_conduit_indiv,9,"FEC indiv26 (conduit 24T, recipient C00502294)"
"SWALWELL, Eric",21306,H2CA15094,2026,pro-Israel,AIPAC PAC (C00797670),-6.0,earmarked_conduit_pas2,2,FEC pas226
"SYKES, Emilia",22367,H2OH13264,2022,J Street,JStreetPAC (C00441949),22800.0,earmarked_conduit_indiv,29,"FEC indiv22 (conduit 15E, recipient C00801274); FEC indiv22 (conduit 24T, recipient C00801274)"
"SYKES, Emilia",22367,H2OH13264,2022,pro-Israel,DMFI PAC (C00710848),2000.0,direct_contribution,1,FEC pas222
"SYKES, Emilia",22367,H2OH13264,2024,J Street,JStreetPAC (C00441949),2000.0,direct_contribution,2,FEC pas224
"SYKES, Emilia",22367,H2OH13264,2024,J Street,JStreetPAC (C00441949),68681.0,earmarked_conduit_indiv,79,"FEC indiv24 (conduit 15E, recipient C00801274); FEC indiv24 (conduit 24T, recipient C00801274)"
"SYKES, Emilia",22367,H2OH13264,2024,J Street,JStreetPAC (C00441949),16860.0,earmarked_conduit_pas2,28,FEC pas224
"SYKES, Emilia",22367,H2OH13264,2024,J Street,JStreetPAC (C00441949),1078.0,in_kind,1,FEC pas224
"SYKES, Emilia",22367,H2OH13264,2024,pro-Israel,AIPAC PAC (C00797670),15000.0,direct_contribution,3,FEC pas224
"SYKES, Emilia",22367,H2OH13264,2024,pro-Israel,AIPAC PAC (C00797670),86053.0,earmarked_conduit_indiv,65,"FEC indiv24 (conduit 24T, recipient C00801274)"
"SYKES, Emilia",22367,H2OH13264,2024,pro-Israel,AIPAC PAC (C00797670),3.0,earmarked_conduit_pas2,3,FEC pas224
"SYKES, Emilia",22367,H2OH13264,2024,pro-Israel,DMFI PAC (C00710848),1020.0,IE_support,1,FEC independent_expenditure_2024.csv
"SYKES, Emilia",22367,H2OH13264,2024,pro-Israel,DMFI PAC (C00710848),5000.0,direct_contribution,2,FEC pas224
"SYKES, Emilia",22367,H2OH13264,2026,J Street,JStreetPAC (C00441949),62159.0,earmarked_conduit_indiv,54,"FEC indiv26 (conduit 15E, recipient C00801274); FEC indiv26 (conduit 24T, recipient C00801274)"
"SYKES, Emilia",22367,H2OH13264,2026,J Street,JStreetPAC (C00441949),9770.0,earmarked_conduit_pas2,8,FEC pas226
"SYKES, Emilia",22367,H2OH13264,2026,pro-Israel,AIPAC PAC (C00797670),10000.0,direct_contribution,2,FEC pas226
"SYKES, Emilia",22367,H2OH13264,2026,pro-Israel,AIPAC PAC (C00797670),80728.0,earmarked_conduit_indiv,59,"FEC indiv26 (conduit 15E, recipient C00801274); FEC indiv26 (conduit 24T, recipient C00801274)"
"SYKES, Emilia",22367,H2OH13264,2026,pro-Israel,AIPAC PAC (C00797670),-6.0,earmarked_conduit_pas2,1,FEC pas226
"SYKES, Emilia",22367,H2OH13264,2026,pro-Israel,DMFI PAC (C00710848),1000.0,direct_contribution,1,FEC pas226
"SÁNCHEZ, Linda T.",20310,H2CA39078,2020,J Street,JStreetPAC (C00441949),3000.0,direct_contribution,3,FEC pas220
"SÁNCHEZ, Linda T.",20310,H2CA39078,2022,J Street,JStreetPAC (C00441949),3000.0,direct_contribution,3,FEC pas222
"SÁNCHEZ, Linda T.",20310,H2CA39078,2022,J Street,JStreetPAC (C00441949),1000.0,earmarked_conduit_indiv,1,"FEC indiv22 (conduit 24T, recipient C00384057)"
"SÁNCHEZ, Linda T.",20310,H2CA39078,2022,pro-Israel,AIPAC PAC (C00797670),7900.0,direct_contribution,2,FEC pas222
"SÁNCHEZ, Linda T.",20310,H2CA39078,2022,pro-Israel,Pro-Israel America PAC (C00699470),18500.0,earmarked_conduit_indiv,9,"FEC indiv22 (conduit 24T, recipient C00384057)"
"SÁNCHEZ, Linda T.",20310,H2CA39078,2024,J Street,JStreetPAC (C00441949),6000.0,direct_contribution,3,FEC pas224
"SÁNCHEZ, Linda T.",20310,H2CA39078,2024,J Street,JStreetPAC (C00441949),18.0,earmarked_conduit_pas2,1,FEC pas224
"SÁNCHEZ, Linda T.",20310,H2CA39078,2024,pro-Israel,AIPAC PAC (C00797670),9000.0,direct_contribution,2,FEC pas224
"SÁNCHEZ, Linda T.",20310,H2CA39078,2024,pro-Israel,AIPAC PAC (C00797670),41222.0,earmarked_conduit_indiv,25,"FEC indiv24 (conduit 15E, recipient C00384057); FEC indiv24 (conduit 24T, recipient C00384057)"
"SÁNCHEZ, Linda T.",20310,H2CA39078,2024,pro-Israel,AIPAC PAC (C00797670),1303.0,earmarked_conduit_pas2,5,FEC pas224
"SÁNCHEZ, Linda T.",20310,H2CA39078,2026,J Street,JStreetPAC (C00441949),1000.0,earmarked_conduit_indiv,1,"FEC indiv26 (conduit 24T, recipient C00384057)"
"TAKANO, Mark",21312,H2CA43245,2020,J Street,JStreetPAC (C00441949),10300.0,earmarked_conduit_indiv,15,"FEC indiv20 (conduit 24T, recipient C00498667)"
"TAKANO, Mark",21312,H2CA43245,2020,J Street,JStreetPAC (C00441949),200.0,earmarked_conduit_pas2,1,FEC pas220
"TAKANO, Mark",21312,H2CA43245,2022,J Street,JStreetPAC (C00441949),2000.0,direct_contribution,2,FEC pas222
"TAKANO, Mark",21312,H2CA43245,2022,J Street,JStreetPAC (C00441949),4900.0,earmarked_conduit_indiv,3,"FEC indiv22 (conduit 15E, recipient C00498667); FEC indiv22 (conduit 24T, recipient C00498667)"
"TAKANO, Mark",21312,H2CA43245,2024,J Street,JStreetPAC (C00441949),2000.0,direct_contribution,2,FEC pas224
"TAKANO, Mark",21312,H2CA43245,2024,J Street,JStreetPAC (C00441949),11900.0,earmarked_conduit_indiv,7,"FEC indiv24 (conduit 24T, recipient C00498667)"
"TAKANO, Mark",21312,H2CA43245,2024,J Street,JStreetPAC (C00441949),2450.0,earmarked_conduit_pas2,3,FEC pas224
"TAKANO, Mark",21312,H2CA43245,2026,J Street,JStreetPAC (C00441949),4000.0,earmarked_conduit_indiv,2,"FEC indiv26 (conduit 24T, recipient C00498667)"
"TAYLOR, David J.",22555,H4OH02248,2024,pro-Israel,AIPAC PAC (C00797670),10000.0,direct_contribution,2,FEC pas224
"TAYLOR, David J.",22555,H4OH02248,2024,pro-Israel,AIPAC PAC (C00797670),10000.0,earmarked_conduit_indiv,5,"FEC indiv24 (conduit 24T, recipient C00860213)"
"TAYLOR, David J.",22555,H4OH02248,2026,pro-Israel,AIPAC PAC (C00797670),5000.0,direct_contribution,1,FEC pas226
"TAYLOR, David J.",22555,H4OH02248,2026,pro-Israel,AIPAC PAC (C00797670),28000.0,earmarked_conduit_indiv,30,"FEC indiv26 (conduit 15E, recipient C00860213); FEC indiv26 (conduit 24T, recipient C00860213)"
"TAYLOR, David J.",22555,H4OH02248,2026,pro-Israel,AIPAC PAC (C00797670),-6.0,earmarked_conduit_pas2,2,FEC pas226
"TAYLOR, Nicholas",21973,H8TX03123,2022,pro-Israel,Pro-Israel America PAC (C00699470),10100.0,earmarked_conduit_indiv,11,"FEC indiv22 (conduit 15E, recipient C00653634); FEC indiv22 (conduit 24T, recipient C00653634)"
"TENNEY, Claudia",21749,H4NY22051,2020,pro-Israel,Republican Jewish Coalition PAC (C00345132),2500.0,direct_contribution,1,FEC pas220
"TENNEY, Claudia",21749,H4NY22051,2020,pro-Israel,Republican Jewish Coalition PAC (C00345132),2800.0,earmarked_conduit_indiv,1,"FEC indiv20 (conduit 24T, recipient C00632828)"
"TENNEY, Claudia",21749,H4NY22051,2022,pro-Israel,AIPAC PAC (C00797670),10000.0,direct_contribution,3,FEC pas222
"TENNEY, Claudia",21749,H4NY22051,2022,pro-Israel,AIPAC PAC (C00797670),18750.0,earmarked_conduit_indiv,18,"FEC indiv22 (conduit 15E, recipient C00632828); FEC indiv22 (conduit 24T, recipient C00632828)"
"TENNEY, Claudia",21749,H4NY22051,2024,pro-Israel,AIPAC PAC (C00797670),10000.0,direct_contribution,2,FEC pas224
"TENNEY, Claudia",21749,H4NY22051,2024,pro-Israel,AIPAC PAC (C00797670),31950.0,earmarked_conduit_indiv,28,"FEC indiv24 (conduit 15E, recipient C00632828); FEC indiv24 (conduit 24T, recipient C00632828)"
"TENNEY, Claudia",21749,H4NY22051,2024,pro-Israel,AIPAC PAC (C00797670),1540.0,earmarked_conduit_pas2,10,FEC pas224
"TENNEY, Claudia",21749,H4NY22051,2024,pro-Israel,Republican Jewish Coalition PAC (C00345132),4819.0,earmarked_conduit_indiv,18,"FEC indiv24 (conduit 24T, recipient C00632828)"
"TENNEY, Claudia",21749,H4NY22051,2024,pro-Israel,Republican Jewish Coalition PAC (C00345132),972.0,earmarked_conduit_pas2,20,FEC pas224
"TENNEY, Claudia",21749,H4NY22051,2026,pro-Israel,AIPAC PAC (C00797670),5000.0,direct_contribution,1,FEC pas226
"TENNEY, Claudia",21749,H4NY22051,2026,pro-Israel,AIPAC PAC (C00797670),22300.0,earmarked_conduit_indiv,20,"FEC indiv26 (conduit 15E, recipient C00632828); FEC indiv26 (conduit 24T, recipient C00632828)"
"TENNEY, Claudia",21749,H4NY22051,2026,pro-Israel,AIPAC PAC (C00797670),-6.0,earmarked_conduit_pas2,1,FEC pas226
"TENNEY, Claudia",21749,H4NY22051,2026,pro-Israel,Republican Jewish Coalition PAC (C00345132),156.0,earmarked_conduit_pas2,5,FEC pas226
"THANEDAR, Shri",22368,H2MI13204,2022,pro-Israel,United Democracy Project (C00799031),1428679.18,IE_oppose,6,FEC independent_expenditure_2022.csv
"THANEDAR, Shri",22368,H2MI13204,2024,pro-Israel,AIPAC PAC (C00797670),10000.0,direct_contribution,2,FEC pas224
"THANEDAR, Shri",22368,H2MI13204,2024,pro-Israel,AIPAC PAC (C00797670),130447.0,earmarked_conduit_indiv,124,"FEC indiv24 (conduit 15E, recipient C00798132); FEC indiv24 (conduit 24T, recipient C00798132)"
"THANEDAR, Shri",22368,H2MI13204,2024,pro-Israel,AIPAC PAC (C00797670),18003.0,earmarked_conduit_pas2,22,FEC pas224
"THANEDAR, Shri",22368,H2MI13204,2026,critical/pro-Palestinian,Emgage Federal PAC (C00453704),14277.09,IE_oppose,1,FEC independent_expenditure_2026.csv
"THANEDAR, Shri",22368,H2MI13204,2026,critical/pro-Palestinian,Justice Democrats PAC (C00630665),428888.39,IE_oppose,11,FEC independent_expenditure_2026.csv
"THANEDAR, Shri",22368,H2MI13204,2026,pro-Israel,AIPAC PAC (C00797670),5000.0,direct_contribution,1,FEC pas226
"THANEDAR, Shri",22368,H2MI13204,2026,pro-Israel,AIPAC PAC (C00797670),488167.0,earmarked_conduit_indiv,364,"FEC indiv26 (conduit 15E, recipient C00798132); FEC indiv26 (conduit 24T, recipient C00798132)"
"THANEDAR, Shri",22368,H2MI13204,2026,pro-Israel,AIPAC PAC (C00797670),-6.0,earmarked_conduit_pas2,2,FEC pas226
"THANEDAR, Shri",22368,H2MI13204,2026,pro-Israel,DMFI PAC (C00710848),1000.0,direct_contribution,1,FEC pas226
"THOMPSON, Bennie",29368,H4MS02068,2026,J Street,JStreetPAC (C00441949),5000.0,direct_contribution,1,FEC pas226
"THOMPSON, Bennie",29368,H4MS02068,2026,J Street,JStreetPAC (C00441949),300.0,earmarked_conduit_indiv,2,"FEC indiv26 (conduit 24T, recipient C00279851)"
"THOMPSON, Bennie",29368,H4MS02068,2026,J Street,JStreetPAC (C00441949),100.0,earmarked_conduit_pas2,1,FEC pas226
"THOMPSON, Glenn",20946,H8PA05071,2022,pro-Israel,AIPAC PAC (C00797670),7900.0,direct_contribution,2,FEC pas222
"THOMPSON, Glenn",20946,H8PA05071,2024,pro-Israel,AIPAC PAC (C00797670),5000.0,direct_contribution,1,FEC pas224
"THOMPSON, Glenn",20946,H8PA05071,2024,pro-Israel,AIPAC PAC (C00797670),512.0,earmarked_conduit_pas2,5,FEC pas224
"THOMPSON, Glenn",20946,H8PA05071,2026,pro-Israel,AIPAC PAC (C00797670),5000.0,direct_contribution,1,FEC pas226
"THOMPSON, Glenn",20946,H8PA05071,2026,pro-Israel,AIPAC PAC (C00797670),-6.0,earmarked_conduit_pas2,2,FEC pas226
"THOMPSON, Michael",29901,H8CA01109,2020,J Street,JStreetPAC (C00441949),3000.0,direct_contribution,3,FEC pas220
"THOMPSON, Michael",29901,H8CA01109,2022,J Street,JStreetPAC (C00441949),4000.0,direct_contribution,4,FEC pas222
"THOMPSON, Michael",29901,H8CA01109,2022,J Street,JStreetPAC (C00441949),1250.0,earmarked_conduit_indiv,2,"FEC indiv22 (conduit 24T, recipient C00326363)"
"THOMPSON, Michael",29901,H8CA01109,2024,J Street,JStreetPAC (C00441949),3500.0,direct_contribution,2,FEC pas224
"THOMPSON, Michael",29901,H8CA01109,2024,J Street,JStreetPAC (C00441949),1550.0,earmarked_conduit_indiv,4,"FEC indiv24 (conduit 24T, recipient C00326363)"
"THOMPSON, Michael",29901,H8CA01109,2024,J Street,JStreetPAC (C00441949),100.0,earmarked_conduit_pas2,1,FEC pas224
"THOMPSON, Michael",29901,H8CA01109,2026,J Street,JStreetPAC (C00441949),8000.0,earmarked_conduit_indiv,3,"FEC indiv26 (conduit 15E, recipient C00326363); FEC indiv26 (conduit 24T, recipient C00326363)"
"TIFFANY, Thomas P.",21989,H0WI07101,2022,pro-Israel,AIPAC PAC (C00797670),10000.0,direct_contribution,3,FEC pas222
"TIFFANY, Thomas P.",21989,H0WI07101,2022,pro-Israel,AIPAC PAC (C00797670),20950.0,earmarked_conduit_indiv,16,"FEC indiv22 (conduit 24T, recipient C00718635)"
"TIFFANY, Thomas P.",21989,H0WI07101,2024,pro-Israel,AIPAC PAC (C00797670),5000.0,direct_contribution,1,FEC pas224
"TIFFANY, Thomas P.",21989,H0WI07101,2024,pro-Israel,AIPAC PAC (C00797670),3500.0,earmarked_conduit_indiv,2,"FEC indiv24 (conduit 24T, recipient C00718635)"
"TIFFANY, Thomas P.",21989,H0WI07101,2024,pro-Israel,AIPAC PAC (C00797670),1124.0,earmarked_conduit_pas2,5,FEC pas224
"TIFFANY, Thomas P.",21989,H0WI07101,2026,pro-Israel,AIPAC PAC (C00797670),-5000.0,direct_contribution,1,FEC pas226
"TIMMONS, William",21974,H8SC04250,2022,pro-Israel,AIPAC PAC (C00797670),10000.0,direct_contribution,3,FEC pas222
"TIMMONS, William",21974,H8SC04250,2022,pro-Israel,AIPAC PAC (C00797670),11250.0,earmarked_conduit_indiv,6,"FEC indiv22 (conduit 15E, recipient C00668491); FEC indiv22 (conduit 24T, recipient C00668491)"
"TIMMONS, William",21974,H8SC04250,2024,pro-Israel,AIPAC PAC (C00797670),10000.0,direct_contribution,2,FEC pas224
"TIMMONS, William",21974,H8SC04250,2024,pro-Israel,AIPAC PAC (C00797670),31347.0,earmarked_conduit_indiv,31,"FEC indiv24 (conduit 24T, recipient C00668491)"
"TIMMONS, William",21974,H8SC04250,2024,pro-Israel,AIPAC PAC (C00797670),262.0,earmarked_conduit_pas2,5,FEC pas224
"TIMMONS, William",21974,H8SC04250,2024,pro-Israel,Republican Jewish Coalition PAC (C00345132),2500.0,direct_contribution,1,FEC pas224
"TIMMONS, William",21974,H8SC04250,2024,pro-Israel,Republican Jewish Coalition PAC (C00345132),3300.0,earmarked_conduit_indiv,1,"FEC indiv24 (conduit 24T, recipient C00668491)"
"TIMMONS, William",21974,H8SC04250,2026,pro-Israel,AIPAC PAC (C00797670),5000.0,direct_contribution,1,FEC pas226
"TIMMONS, William",21974,H8SC04250,2026,pro-Israel,AIPAC PAC (C00797670),1000.0,earmarked_conduit_indiv,3,"FEC indiv26 (conduit 24T, recipient C00668491)"
"TIMMONS, William",21974,H8SC04250,2026,pro-Israel,AIPAC PAC (C00797670),-6.0,earmarked_conduit_pas2,2,FEC pas226
"TITUS, Alice (Dina)",20927,H8NV03036,2022,pro-Israel,AIPAC PAC (C00797670),7900.0,direct_contribution,2,FEC pas222
"TITUS, Alice (Dina)",20927,H8NV03036,2022,pro-Israel,AIPAC PAC (C00797670),25000.0,earmarked_conduit_indiv,22,"FEC indiv22 (conduit 24T, recipient C00499467)"
"TITUS, Alice (Dina)",20927,H8NV03036,2022,pro-Israel,AIPAC PAC (C00797670),-41.0,earmarked_conduit_pas2,1,FEC pas222
"TITUS, Alice (Dina)",20927,H8NV03036,2022,pro-Israel,DMFI PAC (C00710848),16151.5,IE_support,2,FEC independent_expenditure_2022.csv
"TITUS, Alice (Dina)",20927,H8NV03036,2022,pro-Israel,DMFI PAC (C00710848),4000.0,direct_contribution,2,FEC pas222
"TITUS, Alice (Dina)",20927,H8NV03036,2022,pro-Israel,Pro-Israel America PAC (C00699470),5000.0,direct_contribution,2,FEC pas222
"TITUS, Alice (Dina)",20927,H8NV03036,2022,pro-Israel,Pro-Israel America PAC (C00699470),2804.0,earmarked_conduit_indiv,69,"FEC indiv22 (conduit 15E, recipient C00499467); FEC indiv22 (conduit 24T, recipient C00499467)"
"TITUS, Alice (Dina)",20927,H8NV03036,2022,pro-Israel,Pro-Israel America PAC (C00699470),1221.0,earmarked_conduit_pas2,9,FEC pas222
"TITUS, Alice (Dina)",20927,H8NV03036,2024,pro-Israel,AIPAC PAC (C00797670),10000.0,direct_contribution,2,FEC pas224
"TITUS, Alice (Dina)",20927,H8NV03036,2024,pro-Israel,AIPAC PAC (C00797670),49650.0,earmarked_conduit_indiv,61,"FEC indiv24 (conduit 24T, recipient C00499467)"
"TITUS, Alice (Dina)",20927,H8NV03036,2024,pro-Israel,AIPAC PAC (C00797670),8103.0,earmarked_conduit_pas2,6,FEC pas224
"TITUS, Alice (Dina)",20927,H8NV03036,2024,pro-Israel,DMFI PAC (C00710848),2000.0,direct_contribution,2,FEC pas224
"TITUS, Alice (Dina)",20927,H8NV03036,2026,pro-Israel,AIPAC PAC (C00797670),5000.0,direct_contribution,1,FEC pas226
"TITUS, Alice (Dina)",20927,H8NV03036,2026,pro-Israel,AIPAC PAC (C00797670),35650.0,earmarked_conduit_indiv,47,"FEC indiv26 (conduit 15E, recipient C00499467); FEC indiv26 (conduit 24T, recipient C00499467)"
"TITUS, Alice (Dina)",20927,H8NV03036,2026,pro-Israel,AIPAC PAC (C00797670),-6.0,earmarked_conduit_pas2,2,FEC pas226
"TITUS, Alice (Dina)",20927,H8NV03036,2026,pro-Israel,DMFI PAC (C00710848),1000.0,direct_contribution,1,FEC pas226
"TLAIB, Rashida",21975,H8MI13250,2020,critical/pro-Palestinian,Arab American PAC (C00346239),2000.0,direct_contribution,1,FEC pas220
"TLAIB, Rashida",21975,H8MI13250,2020,critical/pro-Palestinian,Emgage Federal PAC (C00453704),23000.0,IE_support,1,FEC independent_expenditure_2020.csv
"TLAIB, Rashida",21975,H8MI13250,2020,critical/pro-Palestinian,Emgage Federal PAC (C00453704),500.0,direct_contribution,1,FEC pas220
"TLAIB, Rashida",21975,H8MI13250,2020,critical/pro-Palestinian,Justice Democrats PAC (C00630665),4822.0,direct_contribution,3,FEC pas220
"TLAIB, Rashida",21975,H8MI13250,2020,critical/pro-Palestinian,Justice Democrats PAC (C00630665),176.0,in_kind,1,FEC pas220
"TLAIB, Rashida",21975,H8MI13250,2022,critical/pro-Palestinian,Arab American PAC (C00346239),2500.0,direct_contribution,1,FEC pas222
"TLAIB, Rashida",21975,H8MI13250,2022,critical/pro-Palestinian,Emgage Federal PAC (C00453704),3386.25,IE_support,7,FEC independent_expenditure_2022.csv
"TLAIB, Rashida",21975,H8MI13250,2022,critical/pro-Palestinian,Justice Democrats PAC (C00630665),5000.0,direct_contribution,1,FEC pas222
"TLAIB, Rashida",21975,H8MI13250,2022,critical/pro-Palestinian,MCARE (formerly CAIR-CA PAC) (C00396556),5000.0,direct_contribution,1,FEC pas222
"TLAIB, Rashida",21975,H8MI13250,2024,critical/pro-Palestinian,Arab American PAC (C00346239),1337.97,IE_support,1,FEC independent_expenditure_2024.csv
"TLAIB, Rashida",21975,H8MI13250,2024,critical/pro-Palestinian,Emgage Federal PAC (C00453704),2500.0,direct_contribution,1,FEC pas224
"TLAIB, Rashida",21975,H8MI13250,2026,critical/pro-Palestinian,Justice Democrats PAC (C00630665),5000.0,direct_contribution,1,FEC pas226
"TOKUDA, Jill",22369,H2HI02581,2022,pro-Israel,AIPAC PAC (C00797670),5000.0,direct_contribution,1,FEC pas222
"TOKUDA, Jill",22369,H2HI02581,2022,pro-Israel,AIPAC PAC (C00797670),9300.0,earmarked_conduit_indiv,6,"FEC indiv22 (conduit 24T, recipient C00813758)"
"TOKUDA, Jill",22369,H2HI02581,2024,J Street,JStreetPAC (C00441949),5000.0,direct_contribution,1,FEC pas224
"TOKUDA, Jill",22369,H2HI02581,2026,J Street,JStreetPAC (C00441949),1000.0,earmarked_conduit_indiv,1,"FEC indiv26 (conduit 24T, recipient C00813758)"
"TONKO, Paul",20934,H8NY21203,2020,J Street,JStreetPAC (C00441949),2000.0,direct_contribution,2,FEC pas220
"TONKO, Paul",20934,H8NY21203,2020,J Street,JStreetPAC (C00441949),2800.0,earmarked_conduit_indiv,1,"FEC indiv20 (conduit 24T, recipient C00450049)"
"TONKO, Paul",20934,H8NY21203,2020,J Street,JStreetPAC (C00441949),250.0,earmarked_conduit_pas2,1,FEC pas220
"TONKO, Paul",20934,H8NY21203,2022,J Street,JStreetPAC (C00441949),1000.0,direct_contribution,1,FEC pas222
"TONKO, Paul",20934,H8NY21203,2022,J Street,JStreetPAC (C00441949),9938.0,earmarked_conduit_indiv,18,"FEC indiv22 (conduit 24T, recipient C00450049)"
"TONKO, Paul",20934,H8NY21203,2024,J Street,JStreetPAC (C00441949),1000.0,direct_contribution,1,FEC pas224
"TONKO, Paul",20934,H8NY21203,2024,J Street,JStreetPAC (C00441949),10100.0,earmarked_conduit_indiv,15,"FEC indiv24 (conduit 24T, recipient C00450049)"
"TONKO, Paul",20934,H8NY21203,2024,J Street,JStreetPAC (C00441949),3640.0,earmarked_conduit_pas2,11,FEC pas224
"TONKO, Paul",20934,H8NY21203,2026,J Street,JStreetPAC (C00441949),4250.0,earmarked_conduit_indiv,3,"FEC indiv26 (conduit 15E, recipient C00450049); FEC indiv26 (conduit 24T, recipient C00450049)"
"TORRES SMALL, Xochitl",21976,H8NM02248,2020,pro-Israel,DMFI PAC (C00710848),5000.0,direct_contribution,2,FEC pas220
"TORRES SMALL, Xochitl",21976,H8NM02248,2020,pro-Israel,NORPAC (C00247403),2500.0,earmarked_conduit_indiv,1,"FEC indiv20 (conduit 24T, recipient C00666149)"
"TORRES, Norma Judith",21508,H4CA35031,2022,pro-Israel,AIPAC PAC (C00797670),7900.0,direct_contribution,3,FEC pas222
"TORRES, Norma Judith",21508,H4CA35031,2022,pro-Israel,AIPAC PAC (C00797670),9750.0,earmarked_conduit_indiv,10,"FEC indiv22 (conduit 24T, recipient C00557652)"
"TORRES, Norma Judith",21508,H4CA35031,2022,pro-Israel,Pro-Israel America PAC (C00699470),19600.0,earmarked_conduit_indiv,26,"FEC indiv22 (conduit 15E, recipient C00557652); FEC indiv22 (conduit 24T, recipient C00557652)"
"TORRES, Norma Judith",21508,H4CA35031,2024,pro-Israel,AIPAC PAC (C00797670),10000.0,direct_contribution,2,FEC pas224
"TORRES, Norma Judith",21508,H4CA35031,2024,pro-Israel,AIPAC PAC (C00797670),212840.0,earmarked_conduit_indiv,186,"FEC indiv24 (conduit 15E, recipient C00557652); FEC indiv24 (conduit 24T, recipient C00557652)"
"TORRES, Norma Judith",21508,H4CA35031,2024,pro-Israel,AIPAC PAC (C00797670),7313.0,earmarked_conduit_pas2,12,FEC pas224
"TORRES, Norma Judith",21508,H4CA35031,2026,pro-Israel,AIPAC PAC (C00797670),5000.0,direct_contribution,1,FEC pas226
"TORRES, Norma Judith",21508,H4CA35031,2026,pro-Israel,AIPAC PAC (C00797670),176500.0,earmarked_conduit_indiv,125,"FEC indiv26 (conduit 15E, recipient C00557652); FEC indiv26 (conduit 24T, recipient C00557652)"
"TORRES, Norma Judith",21508,H4CA35031,2026,pro-Israel,AIPAC PAC (C00797670),-6.0,earmarked_conduit_pas2,2,FEC pas226
"TORRES, Ritchie",22154,H0NY15160,2020,pro-Israel,DMFI PAC (C00710848),54951.75,IE_support,1,FEC independent_expenditure_2020.csv
"TORRES, Ritchie",22154,H0NY15160,2020,pro-Israel,DMFI PAC (C00710848),5000.0,direct_contribution,1,FEC pas220
"TORRES, Ritchie",22154,H0NY15160,2020,pro-Israel,NORPAC (C00247403),15310.0,earmarked_conduit_indiv,26,"FEC indiv20 (conduit 24T, recipient C00699744)"
"TORRES, Ritchie",22154,H0NY15160,2020,pro-Israel,Pro-Israel America PAC (C00699470),5000.0,direct_contribution,1,FEC pas220
"TORRES, Ritchie",22154,H0NY15160,2020,pro-Israel,Pro-Israel America PAC (C00699470),1025.0,earmarked_conduit_indiv,2,"FEC indiv20 (conduit 24T, recipient C00699744)"
"TORRES, Ritchie",22154,H0NY15160,2022,pro-Israel,AIPAC PAC (C00797670),10000.0,direct_contribution,4,FEC pas222
"TORRES, Ritchie",22154,H0NY15160,2022,pro-Israel,AIPAC PAC (C00797670),154997.0,earmarked_conduit_indiv,157,"FEC indiv22 (conduit 15E, recipient C00699744); FEC indiv22 (conduit 24T, recipient C00699744)"
"TORRES, Ritchie",22154,H0NY15160,2022,pro-Israel,DMFI PAC (C00710848),2000.0,direct_contribution,1,FEC pas222
"TORRES, Ritchie",22154,H0NY15160,2022,pro-Israel,NORPAC (C00247403),12748.0,direct_contribution,3,FEC pas222
"TORRES, Ritchie",22154,H0NY15160,2022,pro-Israel,NORPAC (C00247403),40695.0,earmarked_conduit_indiv,68,"FEC indiv22 (conduit 15E, recipient C00699744); FEC indiv22 (conduit 24T, recipient C00699744)"
"TORRES, Ritchie",22154,H0NY15160,2022,pro-Israel,Pro-Israel America PAC (C00699470),38290.0,earmarked_conduit_indiv,109,"FEC indiv22 (conduit 15E, recipient C00699744); FEC indiv22 (conduit 24T, recipient C00699744)"
"TORRES, Ritchie",22154,H0NY15160,2022,pro-Israel,Pro-Israel America PAC (C00699470),77.0,earmarked_conduit_pas2,3,FEC pas222
"TORRES, Ritchie",22154,H0NY15160,2024,pro-Israel,AIPAC PAC (C00797670),10500.0,direct_contribution,3,FEC pas224
"TORRES, Ritchie",22154,H0NY15160,2024,pro-Israel,AIPAC PAC (C00797670),476004.0,earmarked_conduit_indiv,348,"FEC indiv24 (conduit 15E, recipient C00699744); FEC indiv24 (conduit 24T, recipient C00699744)"
"TORRES, Ritchie",22154,H0NY15160,2024,pro-Israel,AIPAC PAC (C00797670),13240.0,earmarked_conduit_pas2,13,FEC pas224
"TORRES, Ritchie",22154,H0NY15160,2024,pro-Israel,DMFI PAC (C00710848),1000.0,direct_contribution,1,FEC pas224
"TORRES, Ritchie",22154,H0NY15160,2024,pro-Israel,NORPAC (C00247403),166640.0,earmarked_conduit_indiv,135,"FEC indiv24 (conduit 24T, recipient C00699744)"
"TORRES, Ritchie",22154,H0NY15160,2026,pro-Israel,AIPAC PAC (C00797670),10000.0,direct_contribution,6,FEC pas226
"TORRES, Ritchie",22154,H0NY15160,2026,pro-Israel,AIPAC PAC (C00797670),753398.0,earmarked_conduit_indiv,575,"FEC indiv26 (conduit 15E, recipient C00699744); FEC indiv26 (conduit 24T, recipient C00699744)"
"TORRES, Ritchie",22154,H0NY15160,2026,pro-Israel,AIPAC PAC (C00797670),-6.0,earmarked_conduit_pas2,2,FEC pas226
"TORRES, Ritchie",22154,H0NY15160,2026,pro-Israel,NORPAC (C00247403),7000.0,direct_contribution,1,FEC pas226
"TORRES, Ritchie",22154,H0NY15160,2026,pro-Israel,NORPAC (C00247403),65050.0,earmarked_conduit_indiv,37,"FEC indiv26 (conduit 24T, recipient C00699744)"
"TRAHAN, Lori",21977,H8MA03106,2020,J Street,JStreetPAC (C00441949),1000.0,direct_contribution,1,FEC pas220
"TRAHAN, Lori",21977,H8MA03106,2020,J Street,JStreetPAC (C00441949),10450.0,earmarked_conduit_indiv,12,"FEC indiv20 (conduit 15E, recipient C00655647); FEC indiv20 (conduit 24T, recipient C00655647)"
"TRAHAN, Lori",21977,H8MA03106,2020,J Street,JStreetPAC (C00441949),100.0,earmarked_conduit_pas2,1,FEC pas220
"TRAHAN, Lori",21977,H8MA03106,2022,J Street,JStreetPAC (C00441949),2000.0,direct_contribution,2,FEC pas222
"TRAHAN, Lori",21977,H8MA03106,2022,J Street,JStreetPAC (C00441949),5800.0,earmarked_conduit_indiv,4,"FEC indiv22 (conduit 15E, recipient C00655647); FEC indiv22 (conduit 24T, recipient C00655647)"
"TRAHAN, Lori",21977,H8MA03106,2022,pro-Israel,AIPAC PAC (C00797670),10000.0,direct_contribution,3,FEC pas222
"TRAHAN, Lori",21977,H8MA03106,2024,J Street,JStreetPAC (C00441949),1000.0,direct_contribution,1,FEC pas224
"TRAHAN, Lori",21977,H8MA03106,2024,J Street,JStreetPAC (C00441949),21599.0,earmarked_conduit_indiv,25,"FEC indiv24 (conduit 24T, recipient C00655647)"
"TRAHAN, Lori",21977,H8MA03106,2024,J Street,JStreetPAC (C00441949),-100.0,earmarked_conduit_pas2,1,FEC pas224
"TRAHAN, Lori",21977,H8MA03106,2026,J Street,JStreetPAC (C00441949),1000.0,direct_contribution,1,FEC pas226
"TRAHAN, Lori",21977,H8MA03106,2026,J Street,JStreetPAC (C00441949),2250.0,earmarked_conduit_indiv,4,"FEC indiv26 (conduit 15E, recipient C00655647); FEC indiv26 (conduit 24T, recipient C00655647)"
"TRAN, Derek",22556,H4CA45170,2024,J Street,JStreetPAC (C00441949),48982.0,earmarked_conduit_indiv,42,"FEC indiv24 (conduit 24T, recipient C00851790)"
"TRAN, Derek",22556,H4CA45170,2024,J Street,JStreetPAC (C00441949),40359.0,earmarked_conduit_pas2,233,FEC pas224
"TRAN, Derek",22556,H4CA45170,2024,pro-Israel,DMFI PAC (C00710848),1000.0,direct_contribution,1,FEC pas224
"TRAN, Derek",22556,H4CA45170,2026,J Street,JStreetPAC (C00441949),1000.0,direct_contribution,1,FEC pas226
"TRAN, Derek",22556,H4CA45170,2026,J Street,JStreetPAC (C00441949),99327.0,earmarked_conduit_indiv,159,"FEC indiv26 (conduit 15E, recipient C00851790); FEC indiv26 (conduit 24T, recipient C00851790)"
"TRAN, Derek",22556,H4CA45170,2026,J Street,JStreetPAC (C00441949),988.0,earmarked_conduit_pas2,5,FEC pas226
"TRAN, Derek",22556,H4CA45170,2026,critical/pro-Palestinian,MCARE (formerly CAIR-CA PAC) (C00396556),3500.0,direct_contribution,1,FEC pas226
"TRONE, David",21978,H6MD08549,2022,pro-Israel,AIPAC PAC (C00797670),0.0,direct_contribution,2,FEC pas222
"TRONE, David",21978,H6MD08549,2022,pro-Israel,AIPAC PAC (C00797670),45700.0,earmarked_conduit_indiv,51,"FEC indiv22 (conduit 15E, recipient C00653196); FEC indiv22 (conduit 24T, recipient C00653196)"
"TRONE, David",21978,H6MD08549,2024,pro-Israel,AIPAC PAC (C00797670),53850.0,earmarked_conduit_indiv,41,"FEC indiv24 (conduit 15E, recipient C00653196); FEC indiv24 (conduit 24T, recipient C00653196)"
"TURNER, Michael R.",20342,H2OH03067,2022,pro-Israel,AIPAC PAC (C00797670),7900.0,direct_contribution,3,FEC pas222
"TURNER, Michael R.",20342,H2OH03067,2022,pro-Israel,AIPAC PAC (C00797670),23550.0,earmarked_conduit_indiv,26,"FEC indiv22 (conduit 15E, recipient C00373001); FEC indiv22 (conduit 24T, recipient C00373001)"
"TURNER, Michael R.",20342,H2OH03067,2024,pro-Israel,AIPAC PAC (C00797670),5000.0,direct_contribution,1,FEC pas224
"TURNER, Michael R.",20342,H2OH03067,2024,pro-Israel,AIPAC PAC (C00797670),129063.0,earmarked_conduit_indiv,94,"FEC indiv24 (conduit 15E, recipient C00373001); FEC indiv24 (conduit 24T, recipient C00373001)"
"TURNER, Michael R.",20342,H2OH03067,2024,pro-Israel,AIPAC PAC (C00797670),31099.0,earmarked_conduit_pas2,26,FEC pas224
"TURNER, Michael R.",20342,H2OH03067,2024,pro-Israel,Republican Jewish Coalition PAC (C00345132),250.0,earmarked_conduit_indiv,1,"FEC indiv24 (conduit 24T, recipient C00373001)"
"TURNER, Michael R.",20342,H2OH03067,2026,pro-Israel,AIPAC PAC (C00797670),5000.0,direct_contribution,2,FEC pas226
"TURNER, Michael R.",20342,H2OH03067,2026,pro-Israel,AIPAC PAC (C00797670),1000.0,earmarked_conduit_indiv,2,"FEC indiv26 (conduit 24T, recipient C00373001)"
"TURNER, Michael R.",20342,H2OH03067,2026,pro-Israel,AIPAC PAC (C00797670),-6.0,earmarked_conduit_pas2,2,FEC pas226
"UNDERWOOD, Lauren",21979,H8IL14174,2020,pro-Israel,DMFI PAC (C00710848),2000.0,direct_contribution,1,FEC pas220
"UPTON, Frederick Stephen",15446,H6MI04113,2020,pro-Israel,Pro-Israel America PAC (C00699470),8455.0,earmarked_conduit_indiv,17,"FEC indiv20 (conduit 24T, recipient C00200584)"
"UPTON, Frederick Stephen",15446,H6MI04113,2022,pro-Israel,Pro-Israel America PAC (C00699470),276.0,earmarked_conduit_indiv,11,"FEC indiv22 (conduit 15E, recipient C00200584); FEC indiv22 (conduit 24T, recipient C00200584)"
"VALADAO, David G.",21307,H2CA20094,2020,pro-Israel,Republican Jewish Coalition PAC (C00345132),2500.0,direct_contribution,1,FEC pas220
"VALADAO, David G.",21307,H2CA20094,2020,pro-Israel,Republican Jewish Coalition PAC (C00345132),2800.0,earmarked_conduit_indiv,1,"FEC indiv20 (conduit 24T, recipient C00499392)"
"VALADAO, David G.",21307,H2CA20094,2022,pro-Israel,AIPAC PAC (C00797670),7900.0,direct_contribution,2,FEC pas222
"VALADAO, David G.",21307,H2CA20094,2022,pro-Israel,AIPAC PAC (C00797670),15300.0,earmarked_conduit_indiv,11,"FEC indiv22 (conduit 24T, recipient C00499392)"
"VALADAO, David G.",21307,H2CA20094,2022,pro-Israel,Pro-Israel America PAC (C00699470),7500.0,direct_contribution,4,FEC pas222
"VALADAO, David G.",21307,H2CA20094,2022,pro-Israel,Pro-Israel America PAC (C00699470),964.0,earmarked_conduit_indiv,31,"FEC indiv22 (conduit 24T, recipient C00499392)"
"VALADAO, David G.",21307,H2CA20094,2022,pro-Israel,Pro-Israel America PAC (C00699470),746.0,earmarked_conduit_pas2,26,FEC pas222
"VALADAO, David G.",21307,H2CA20094,2022,pro-Israel,Republican Jewish Coalition PAC (C00345132),2500.0,direct_contribution,1,FEC pas222
"VALADAO, David G.",21307,H2CA20094,2022,pro-Israel,Republican Jewish Coalition PAC (C00345132),8526.0,earmarked_conduit_indiv,42,"FEC indiv22 (conduit 24T, recipient C00499392)"
"VALADAO, David G.",21307,H2CA20094,2024,pro-Israel,AIPAC PAC (C00797670),5500.0,direct_contribution,2,FEC pas224
"VALADAO, David G.",21307,H2CA20094,2024,pro-Israel,AIPAC PAC (C00797670),59072.0,earmarked_conduit_indiv,48,"FEC indiv24 (conduit 15E, recipient C00499392); FEC indiv24 (conduit 24T, recipient C00499392)"
"VALADAO, David G.",21307,H2CA20094,2024,pro-Israel,AIPAC PAC (C00797670),2387.0,earmarked_conduit_pas2,7,FEC pas224
"VALADAO, David G.",21307,H2CA20094,2024,pro-Israel,Republican Jewish Coalition PAC (C00345132),5000.0,direct_contribution,2,FEC pas224
"VALADAO, David G.",21307,H2CA20094,2024,pro-Israel,Republican Jewish Coalition PAC (C00345132),6413.0,earmarked_conduit_indiv,13,"FEC indiv24 (conduit 24T, recipient C00499392)"
"VALADAO, David G.",21307,H2CA20094,2024,pro-Israel,Republican Jewish Coalition PAC (C00345132),964.0,earmarked_conduit_pas2,15,FEC pas224
"VALADAO, David G.",21307,H2CA20094,2026,pro-Israel,AIPAC PAC (C00797670),10000.0,direct_contribution,2,FEC pas226
"VALADAO, David G.",21307,H2CA20094,2026,pro-Israel,AIPAC PAC (C00797670),108842.0,earmarked_conduit_indiv,63,"FEC indiv26 (conduit 15E, recipient C00499392); FEC indiv26 (conduit 24T, recipient C00499392)"
"VALADAO, David G.",21307,H2CA20094,2026,pro-Israel,AIPAC PAC (C00797670),-6.0,earmarked_conduit_pas2,2,FEC pas226
"VALADAO, David G.",21307,H2CA20094,2026,pro-Israel,Republican Jewish Coalition PAC (C00345132),5000.0,direct_contribution,1,FEC pas226
"VALADAO, David G.",21307,H2CA20094,2026,pro-Israel,Republican Jewish Coalition PAC (C00345132),2402.0,earmarked_conduit_indiv,10,"FEC indiv26 (conduit 24T, recipient C00499392)"
"VAN DREW, Jefferson",91980,H8NJ02166,2020,pro-Israel,DMFI PAC (C00710848),91858.0,IE_oppose,1,FEC independent_expenditure_2020.csv
"VAN DREW, Jefferson",21980,H8NJ02166,2020,pro-Israel,DMFI PAC (C00710848),91858.0,IE_oppose,1,FEC independent_expenditure_2020.csv
"VAN DREW, Jefferson",91980,H8NJ02166,2020,pro-Israel,Republican Jewish Coalition PAC (C00345132),2500.0,direct_contribution,1,FEC pas220
"VAN DREW, Jefferson",21980,H8NJ02166,2020,pro-Israel,Republican Jewish Coalition PAC (C00345132),2500.0,direct_contribution,1,FEC pas220
"VAN DREW, Jefferson",91980,H8NJ02166,2020,pro-Israel,Republican Jewish Coalition PAC (C00345132),2800.0,earmarked_conduit_indiv,1,"FEC indiv20 (conduit 24T, recipient C00661868)"
"VAN DREW, Jefferson",21980,H8NJ02166,2020,pro-Israel,Republican Jewish Coalition PAC (C00345132),2800.0,earmarked_conduit_indiv,1,"FEC indiv20 (conduit 24T, recipient C00661868)"
"VAN DREW, Jefferson",91980,H8NJ02166,2022,pro-Israel,AIPAC PAC (C00797670),7900.0,direct_contribution,2,FEC pas222
"VAN DREW, Jefferson",21980,H8NJ02166,2022,pro-Israel,AIPAC PAC (C00797670),7900.0,direct_contribution,2,FEC pas222
"VAN DREW, Jefferson",91980,H8NJ02166,2022,pro-Israel,AIPAC PAC (C00797670),5800.0,earmarked_conduit_indiv,1,"FEC indiv22 (conduit 15E, recipient C00661868)"
"VAN DREW, Jefferson",21980,H8NJ02166,2022,pro-Israel,AIPAC PAC (C00797670),5800.0,earmarked_conduit_indiv,1,"FEC indiv22 (conduit 15E, recipient C00661868)"
"VAN DREW, Jefferson",91980,H8NJ02166,2024,pro-Israel,AIPAC PAC (C00797670),10000.0,direct_contribution,2,FEC pas224
"VAN DREW, Jefferson",21980,H8NJ02166,2024,pro-Israel,AIPAC PAC (C00797670),10000.0,direct_contribution,2,FEC pas224
"VAN DREW, Jefferson",91980,H8NJ02166,2024,pro-Israel,AIPAC PAC (C00797670),21300.0,earmarked_conduit_indiv,23,"FEC indiv24 (conduit 15E, recipient C00661868); FEC indiv24 (conduit 24T, recipient C00661868)"
"VAN DREW, Jefferson",21980,H8NJ02166,2024,pro-Israel,AIPAC PAC (C00797670),21300.0,earmarked_conduit_indiv,23,"FEC indiv24 (conduit 15E, recipient C00661868); FEC indiv24 (conduit 24T, recipient C00661868)"
"VAN DREW, Jefferson",91980,H8NJ02166,2024,pro-Israel,AIPAC PAC (C00797670),4012.0,earmarked_conduit_pas2,7,FEC pas224
"VAN DREW, Jefferson",21980,H8NJ02166,2024,pro-Israel,AIPAC PAC (C00797670),4012.0,earmarked_conduit_pas2,7,FEC pas224
"VAN DREW, Jefferson",91980,H8NJ02166,2026,pro-Israel,AIPAC PAC (C00797670),10000.0,direct_contribution,2,FEC pas226
"VAN DREW, Jefferson",21980,H8NJ02166,2026,pro-Israel,AIPAC PAC (C00797670),10000.0,direct_contribution,2,FEC pas226
"VAN DREW, Jefferson",91980,H8NJ02166,2026,pro-Israel,AIPAC PAC (C00797670),24000.0,earmarked_conduit_indiv,29,"FEC indiv26 (conduit 24T, recipient C00661868)"
"VAN DREW, Jefferson",21980,H8NJ02166,2026,pro-Israel,AIPAC PAC (C00797670),24000.0,earmarked_conduit_indiv,29,"FEC indiv26 (conduit 24T, recipient C00661868)"
"VAN DREW, Jefferson",91980,H8NJ02166,2026,pro-Israel,AIPAC PAC (C00797670),-6.0,earmarked_conduit_pas2,1,FEC pas226
"VAN DREW, Jefferson",21980,H8NJ02166,2026,pro-Israel,AIPAC PAC (C00797670),-6.0,earmarked_conduit_pas2,1,FEC pas226
"VAN DUYNE, Beth",22155,H0TX24209,2020,pro-Israel,Republican Jewish Coalition PAC (C00345132),2500.0,direct_contribution,1,FEC pas220
"VAN DUYNE, Beth",22155,H0TX24209,2020,pro-Israel,Republican Jewish Coalition PAC (C00345132),2800.0,earmarked_conduit_indiv,1,"FEC indiv20 (conduit 24T, recipient C00714865)"
"VAN DUYNE, Beth",22155,H0TX24209,2022,pro-Israel,AIPAC PAC (C00797670),5000.0,direct_contribution,1,FEC pas222
"VAN DUYNE, Beth",22155,H0TX24209,2022,pro-Israel,AIPAC PAC (C00797670),2000.0,earmarked_conduit_indiv,2,"FEC indiv22 (conduit 15E, recipient C00714865); FEC indiv22 (conduit 24T, recipient C00714865)"
"VAN DUYNE, Beth",22155,H0TX24209,2024,pro-Israel,AIPAC PAC (C00797670),10000.0,direct_contribution,2,FEC pas224
"VAN DUYNE, Beth",22155,H0TX24209,2024,pro-Israel,AIPAC PAC (C00797670),33750.0,earmarked_conduit_indiv,31,"FEC indiv24 (conduit 15E, recipient C00714865); FEC indiv24 (conduit 24T, recipient C00714865)"
"VAN DUYNE, Beth",22155,H0TX24209,2024,pro-Israel,AIPAC PAC (C00797670),1512.0,earmarked_conduit_pas2,6,FEC pas224
"VAN DUYNE, Beth",22155,H0TX24209,2026,pro-Israel,AIPAC PAC (C00797670),5000.0,direct_contribution,1,FEC pas226
"VAN DUYNE, Beth",22155,H0TX24209,2026,pro-Israel,AIPAC PAC (C00797670),20217.0,earmarked_conduit_indiv,15,"FEC indiv26 (conduit 15E, recipient C00714865); FEC indiv26 (conduit 24T, recipient C00714865)"
"VAN DUYNE, Beth",22155,H0TX24209,2026,pro-Israel,AIPAC PAC (C00797670),-6.0,earmarked_conduit_pas2,2,FEC pas226
"VAN ORDEN, Derrick",22370,H0WI03175,2022,pro-Israel,Republican Jewish Coalition PAC (C00345132),2500.0,direct_contribution,1,FEC pas222
"VAN ORDEN, Derrick",22370,H0WI03175,2022,pro-Israel,Republican Jewish Coalition PAC (C00345132),11035.0,earmarked_conduit_indiv,34,"FEC indiv22 (conduit 24T, recipient C00742007)"
"VAN ORDEN, Derrick",22370,H0WI03175,2024,pro-Israel,AIPAC PAC (C00797670),10000.0,direct_contribution,4,FEC pas224
"VAN ORDEN, Derrick",22370,H0WI03175,2024,pro-Israel,AIPAC PAC (C00797670),29525.0,earmarked_conduit_indiv,11,"FEC indiv24 (conduit 24T, recipient C00742007)"
"VAN ORDEN, Derrick",22370,H0WI03175,2024,pro-Israel,AIPAC PAC (C00797670),10312.0,earmarked_conduit_pas2,12,FEC pas224
"VAN ORDEN, Derrick",22370,H0WI03175,2024,pro-Israel,Republican Jewish Coalition PAC (C00345132),5000.0,direct_contribution,2,FEC pas224
"VAN ORDEN, Derrick",22370,H0WI03175,2024,pro-Israel,Republican Jewish Coalition PAC (C00345132),1100.0,earmarked_conduit_indiv,42,"FEC indiv24 (conduit 24T, recipient C00742007); FEC indiv24 (conduit 24T, recipient C00775940)"
"VAN ORDEN, Derrick",22370,H0WI03175,2024,pro-Israel,Republican Jewish Coalition PAC (C00345132),536.0,earmarked_conduit_pas2,14,FEC pas224
"VAN ORDEN, Derrick",22370,H0WI03175,2026,pro-Israel,AIPAC PAC (C00797670),6000.0,direct_contribution,3,FEC pas226
"VAN ORDEN, Derrick",22370,H0WI03175,2026,pro-Israel,AIPAC PAC (C00797670),103500.0,earmarked_conduit_indiv,48,"FEC indiv26 (conduit 15E, recipient C00742007); FEC indiv26 (conduit 24T, recipient C00742007)"
"VAN ORDEN, Derrick",22370,H0WI03175,2026,pro-Israel,AIPAC PAC (C00797670),-6.0,earmarked_conduit_pas2,2,FEC pas226
"VAN ORDEN, Derrick",22370,H0WI03175,2026,pro-Israel,Republican Jewish Coalition PAC (C00345132),5000.0,direct_contribution,1,FEC pas226
"VAN ORDEN, Derrick",22370,H0WI03175,2026,pro-Israel,Republican Jewish Coalition PAC (C00345132),8452.0,earmarked_conduit_indiv,11,"FEC indiv26 (conduit 24T, recipient C00742007)"
"VAN ORDEN, Derrick",22370,H0WI03175,2026,pro-Israel,Republican Jewish Coalition PAC (C00345132),72.0,earmarked_conduit_pas2,1,FEC pas226
"VARGAS, Juan",21314,H2CA50026,2020,pro-Israel,Pro-Israel America PAC (C00699470),1000.0,direct_contribution,1,FEC pas220
"VARGAS, Juan",21314,H2CA50026,2020,pro-Israel,Pro-Israel America PAC (C00699470),6718.0,earmarked_conduit_indiv,13,"FEC indiv20 (conduit 15E, recipient C00497321); FEC indiv20 (conduit 24T, recipient C00497321)"
"VARGAS, Juan",21314,H2CA50026,2022,pro-Israel,AIPAC PAC (C00797670),7900.0,direct_contribution,3,FEC pas222
"VARGAS, Juan",21314,H2CA50026,2022,pro-Israel,AIPAC PAC (C00797670),47700.0,earmarked_conduit_indiv,49,"FEC indiv22 (conduit 15E, recipient C00497321); FEC indiv22 (conduit 24T, recipient C00497321)"
"VARGAS, Juan",21314,H2CA50026,2022,pro-Israel,DMFI PAC (C00710848),2000.0,direct_contribution,1,FEC pas222
"VARGAS, Juan",21314,H2CA50026,2022,pro-Israel,Pro-Israel America PAC (C00699470),26.0,earmarked_conduit_indiv,2,"FEC indiv22 (conduit 15E, recipient C00497321)"
"VARGAS, Juan",21314,H2CA50026,2024,pro-Israel,AIPAC PAC (C00797670),10000.0,direct_contribution,3,FEC pas224
"VARGAS, Juan",21314,H2CA50026,2024,pro-Israel,AIPAC PAC (C00797670),126472.0,earmarked_conduit_indiv,95,"FEC indiv24 (conduit 24T, recipient C00497321)"
"VARGAS, Juan",21314,H2CA50026,2024,pro-Israel,AIPAC PAC (C00797670),1003.0,earmarked_conduit_pas2,4,FEC pas224
"VARGAS, Juan",21314,H2CA50026,2026,pro-Israel,AIPAC PAC (C00797670),10000.0,direct_contribution,2,FEC pas226
"VARGAS, Juan",21314,H2CA50026,2026,pro-Israel,AIPAC PAC (C00797670),70800.0,earmarked_conduit_indiv,70,"FEC indiv26 (conduit 15E, recipient C00497321); FEC indiv26 (conduit 24T, recipient C00497321)"
"VARGAS, Juan",21314,H2CA50026,2026,pro-Israel,AIPAC PAC (C00797670),-6.0,earmarked_conduit_pas2,2,FEC pas226
"VASQUEZ, Gabriel",22371,H2NM02191,2022,J Street,JStreetPAC (C00441949),2500.0,direct_contribution,1,FEC pas222
"VASQUEZ, Gabriel",22371,H2NM02191,2022,J Street,JStreetPAC (C00441949),6560.0,earmarked_conduit_indiv,10,"FEC indiv22 (conduit 15E, recipient C00789404); FEC indiv22 (conduit 24T, recipient C00789404)"
"VASQUEZ, Gabriel",22371,H2NM02191,2022,pro-Israel,DMFI PAC (C00710848),3000.0,direct_contribution,2,FEC pas222
"VASQUEZ, Gabriel",22371,H2NM02191,2024,J Street,JStreetPAC (C00441949),89260.0,earmarked_conduit_indiv,78,"FEC indiv24 (conduit 24T, recipient C00789404)"
"VASQUEZ, Gabriel",22371,H2NM02191,2024,J Street,JStreetPAC (C00441949),41482.0,earmarked_conduit_pas2,164,FEC pas224
"VASQUEZ, Gabriel",22371,H2NM02191,2026,J Street,JStreetPAC (C00441949),1025.0,direct_contribution,2,FEC pas226
"VASQUEZ, Gabriel",22371,H2NM02191,2026,J Street,JStreetPAC (C00441949),74248.0,earmarked_conduit_indiv,102,"FEC indiv26 (conduit 15E, recipient C00789404); FEC indiv26 (conduit 24T, recipient C00789404)"
"VASQUEZ, Gabriel",22371,H2NM02191,2026,J Street,JStreetPAC (C00441949),8670.0,earmarked_conduit_pas2,10,FEC pas226
"VEASEY, Marc",21365,H2TX33073,2022,pro-Israel,AIPAC PAC (C00797670),5000.0,direct_contribution,1,FEC pas222
"VEASEY, Marc",21365,H2TX33073,2022,pro-Israel,Pro-Israel America PAC (C00699470),25900.0,earmarked_conduit_indiv,26,"FEC indiv22 (conduit 15E, recipient C00506832); FEC indiv22 (conduit 24T, recipient C00506832)"
"VEASEY, Marc",21365,H2TX33073,2024,pro-Israel,AIPAC PAC (C00797670),10000.0,direct_contribution,6,FEC pas224
"VEASEY, Marc",21365,H2TX33073,2024,pro-Israel,AIPAC PAC (C00797670),49818.0,earmarked_conduit_indiv,50,"FEC indiv24 (conduit 15E, recipient C00506832); FEC indiv24 (conduit 24T, recipient C00506832)"
"VEASEY, Marc",21365,H2TX33073,2024,pro-Israel,AIPAC PAC (C00797670),5563.0,earmarked_conduit_pas2,8,FEC pas224
"VEASEY, Marc",21365,H2TX33073,2026,pro-Israel,AIPAC PAC (C00797670),0.0,direct_contribution,4,FEC pas226
"VEASEY, Marc",21365,H2TX33073,2026,pro-Israel,AIPAC PAC (C00797670),8789.0,earmarked_conduit_indiv,5,"FEC indiv26 (conduit 24T, recipient C00506832)"
"VEASEY, Marc",21365,H2TX33073,2026,pro-Israel,AIPAC PAC (C00797670),-6.0,earmarked_conduit_pas2,1,FEC pas226
"VELÁZQUEZ, Nydia M.",29378,H2NY00010,2020,J Street,JStreetPAC (C00441949),14460.0,earmarked_conduit_indiv,22,"FEC indiv20 (conduit 15E, recipient C00271312); FEC indiv20 (conduit 24T, recipient C00271312)"
"VELÁZQUEZ, Nydia M.",29378,H2NY00010,2022,J Street,JStreetPAC (C00441949),1000.0,direct_contribution,1,FEC pas222
"VELÁZQUEZ, Nydia M.",29378,H2NY00010,2022,J Street,JStreetPAC (C00441949),11988.0,earmarked_conduit_indiv,21,"FEC indiv22 (conduit 24T, recipient C00271312)"
"VELÁZQUEZ, Nydia M.",29378,H2NY00010,2024,J Street,JStreetPAC (C00441949),1000.0,direct_contribution,1,FEC pas224
"VELÁZQUEZ, Nydia M.",29378,H2NY00010,2024,J Street,JStreetPAC (C00441949),10140.0,earmarked_conduit_indiv,15,"FEC indiv24 (conduit 24T, recipient C00271312)"
"VELÁZQUEZ, Nydia M.",29378,H2NY00010,2026,J Street,JStreetPAC (C00441949),14877.0,earmarked_conduit_indiv,25,"FEC indiv26 (conduit 24T, recipient C00271312)"
"VELÁZQUEZ, Nydia M.",29378,H2NY00010,2026,J Street,JStreetPAC (C00441949),250.0,earmarked_conduit_pas2,2,FEC pas226
"WAGNER, Ann",21337,H2MO02102,2020,pro-Israel,Republican Jewish Coalition PAC (C00345132),5000.0,direct_contribution,2,FEC pas220
"WAGNER, Ann",21337,H2MO02102,2022,pro-Israel,AIPAC PAC (C00797670),4200.0,direct_contribution,2,FEC pas222
"WAGNER, Ann",21337,H2MO02102,2022,pro-Israel,AIPAC PAC (C00797670),24750.0,earmarked_conduit_indiv,19,"FEC indiv22 (conduit 15E, recipient C00495846); FEC indiv22 (conduit 24T, recipient C00495846)"
"WAGNER, Ann",21337,H2MO02102,2024,pro-Israel,AIPAC PAC (C00797670),10000.0,direct_contribution,2,FEC pas224
"WAGNER, Ann",21337,H2MO02102,2024,pro-Israel,AIPAC PAC (C00797670),67462.0,earmarked_conduit_indiv,40,"FEC indiv24 (conduit 24T, recipient C00495846)"
"WAGNER, Ann",21337,H2MO02102,2024,pro-Israel,AIPAC PAC (C00797670),699.0,earmarked_conduit_pas2,6,FEC pas224
"WAGNER, Ann",21337,H2MO02102,2026,pro-Israel,AIPAC PAC (C00797670),5000.0,direct_contribution,2,FEC pas226
"WAGNER, Ann",21337,H2MO02102,2026,pro-Israel,AIPAC PAC (C00797670),147200.0,earmarked_conduit_indiv,141,"FEC indiv26 (conduit 15E, recipient C00495846); FEC indiv26 (conduit 24T, recipient C00495846)"
"WAGNER, Ann",21337,H2MO02102,2026,pro-Israel,AIPAC PAC (C00797670),-6.0,earmarked_conduit_pas2,1,FEC pas226
"WALBERG, Tim",20725,H4MI07103,2022,pro-Israel,AIPAC PAC (C00797670),10000.0,direct_contribution,3,FEC pas222
"WALBERG, Tim",20725,H4MI07103,2022,pro-Israel,AIPAC PAC (C00797670),15000.0,earmarked_conduit_indiv,10,"FEC indiv22 (conduit 15E, recipient C00390724); FEC indiv22 (conduit 24T, recipient C00390724)"
"WALBERG, Tim",20725,H4MI07103,2024,pro-Israel,AIPAC PAC (C00797670),10000.0,direct_contribution,2,FEC pas224
"WALBERG, Tim",20725,H4MI07103,2024,pro-Israel,AIPAC PAC (C00797670),24200.0,earmarked_conduit_indiv,13,"FEC indiv24 (conduit 24T, recipient C00390724)"
"WALBERG, Tim",20725,H4MI07103,2024,pro-Israel,AIPAC PAC (C00797670),362.0,earmarked_conduit_pas2,7,FEC pas224
"WALBERG, Tim",20725,H4MI07103,2026,pro-Israel,AIPAC PAC (C00797670),5000.0,direct_contribution,2,FEC pas226
"WALBERG, Tim",20725,H4MI07103,2026,pro-Israel,AIPAC PAC (C00797670),28750.0,earmarked_conduit_indiv,26,"FEC indiv26 (conduit 15E, recipient C00390724); FEC indiv26 (conduit 24T, recipient C00390724)"
"WALBERG, Tim",20725,H4MI07103,2026,pro-Israel,AIPAC PAC (C00797670),-6.0,earmarked_conduit_pas2,2,FEC pas226
"WALBERG, Tim",20725,H4MI07103,2026,pro-Israel,NORPAC (C00247403),41950.0,earmarked_conduit_indiv,18,"FEC indiv26 (conduit 24T, recipient C00390724)"
"WALBERG, Tim",20725,H4MI07103,2026,pro-Israel,Republican Jewish Coalition PAC (C00345132),7000.0,earmarked_conduit_pas2,1,FEC pas226
"WALORSKI, Jackie",21330,H0IN02190,2022,pro-Israel,AIPAC PAC (C00797670),0.0,direct_contribution,2,FEC pas222
"WALORSKI, Jackie",21330,H0IN02190,2022,pro-Israel,AIPAC PAC (C00797670),25500.0,earmarked_conduit_indiv,13,"FEC indiv22 (conduit 15E, recipient C00468579); FEC indiv22 (conduit 24T, recipient C00468579)"
"WALTZ, Michael",21981,H8FL06148,2022,pro-Israel,AIPAC PAC (C00797670),4200.0,direct_contribution,2,FEC pas222
"WALTZ, Michael",21981,H8FL06148,2022,pro-Israel,AIPAC PAC (C00797670),27401.0,earmarked_conduit_indiv,25,"FEC indiv22 (conduit 24T, recipient C00666396)"
"WALTZ, Michael",21981,H8FL06148,2022,pro-Israel,Pro-Israel America PAC (C00699470),35.0,earmarked_conduit_indiv,3,"FEC indiv22 (conduit 15E, recipient C00666396); FEC indiv22 (conduit 24T, recipient C00666396)"
"WALTZ, Michael",21981,H8FL06148,2022,pro-Israel,Republican Jewish Coalition PAC (C00345132),2947.0,earmarked_conduit_indiv,4,"FEC indiv22 (conduit 24T, recipient C00666396)"
"WALTZ, Michael",21981,H8FL06148,2024,pro-Israel,AIPAC PAC (C00797670),10000.0,direct_contribution,2,FEC pas224
"WALTZ, Michael",21981,H8FL06148,2024,pro-Israel,AIPAC PAC (C00797670),94065.0,earmarked_conduit_indiv,87,"FEC indiv24 (conduit 15E, recipient C00666396); FEC indiv24 (conduit 24T, recipient C00666396)"
"WALTZ, Michael",21981,H8FL06148,2024,pro-Israel,AIPAC PAC (C00797670),562.0,earmarked_conduit_pas2,6,FEC pas224
"WALTZ, Michael",21981,H8FL06148,2024,pro-Israel,Republican Jewish Coalition PAC (C00345132),2500.0,direct_contribution,1,FEC pas224
"WALTZ, Michael",21981,H8FL06148,2024,pro-Israel,Republican Jewish Coalition PAC (C00345132),3950.0,earmarked_conduit_indiv,7,"FEC indiv24 (conduit 24T, recipient C00666396)"
"WALTZ, Michael",21981,H8FL06148,2024,pro-Israel,Republican Jewish Coalition PAC (C00345132),70.0,earmarked_conduit_pas2,3,FEC pas224
"WASSERMAN SCHULTZ, Debbie",20504,H4FL20023,2020,J Street,JStreetPAC (C00441949),1000.0,earmarked_conduit_indiv,1,"FEC indiv20 (conduit 24T, recipient C00385773)"
"WASSERMAN SCHULTZ, Debbie",20504,H4FL20023,2020,pro-Israel,DMFI PAC (C00710848),2015.0,direct_contribution,2,FEC pas220
"WASSERMAN SCHULTZ, Debbie",20504,H4FL20023,2022,pro-Israel,AIPAC PAC (C00797670),10000.0,direct_contribution,4,FEC pas222
"WASSERMAN SCHULTZ, Debbie",20504,H4FL20023,2022,pro-Israel,AIPAC PAC (C00797670),74710.0,earmarked_conduit_indiv,74,"FEC indiv22 (conduit 15E, recipient C00385773); FEC indiv22 (conduit 24T, recipient C00385773)"
"WASSERMAN SCHULTZ, Debbie",20504,H4FL20023,2022,pro-Israel,DMFI PAC (C00710848),2000.0,direct_contribution,1,FEC pas222
"WASSERMAN SCHULTZ, Debbie",20504,H4FL20023,2022,pro-Israel,Pro-Israel America PAC (C00699470),26.0,earmarked_conduit_indiv,2,"FEC indiv22 (conduit 15E, recipient C00385773); FEC indiv22 (conduit 24T, recipient C00385773)"
"WASSERMAN SCHULTZ, Debbie",20504,H4FL20023,2022,pro-Israel,Pro-Israel America PAC (C00699470),1000.0,earmarked_conduit_pas2,1,FEC pas222
"WASSERMAN SCHULTZ, Debbie",20504,H4FL20023,2024,pro-Israel,AIPAC PAC (C00797670),10000.0,direct_contribution,2,FEC pas224
"WASSERMAN SCHULTZ, Debbie",20504,H4FL20023,2024,pro-Israel,AIPAC PAC (C00797670),474769.0,earmarked_conduit_indiv,296,"FEC indiv24 (conduit 15E, recipient C00385773); FEC indiv24 (conduit 24T, recipient C00385773)"
"WASSERMAN SCHULTZ, Debbie",20504,H4FL20023,2024,pro-Israel,AIPAC PAC (C00797670),20243.0,earmarked_conduit_pas2,31,FEC pas224
"WASSERMAN SCHULTZ, Debbie",20504,H4FL20023,2024,pro-Israel,DMFI PAC (C00710848),1000.0,direct_contribution,1,FEC pas224
"WASSERMAN SCHULTZ, Debbie",20504,H4FL20023,2024,suppl: critical/pro-Palestinian,Citizens Against AIPAC Corruption (C00879080),14798.79,IE_oppose,12,FEC independent_expenditure_2024.csv
"WASSERMAN SCHULTZ, Debbie",20504,H4FL20023,2026,critical/pro-Palestinian,Justice Democrats PAC (C00630665),225.0,earmarked_conduit_indiv,3,"FEC indiv26 (conduit 15E, recipient C00385773)"
"WASSERMAN SCHULTZ, Debbie",20504,H4FL20023,2026,pro-Israel,AIPAC PAC (C00797670),10000.0,direct_contribution,2,FEC pas226
"WASSERMAN SCHULTZ, Debbie",20504,H4FL20023,2026,pro-Israel,AIPAC PAC (C00797670),825660.0,earmarked_conduit_indiv,602,"FEC indiv26 (conduit 15E, recipient C00385773); FEC indiv26 (conduit 24T, recipient C00385773)"
"WASSERMAN SCHULTZ, Debbie",20504,H4FL20023,2026,pro-Israel,AIPAC PAC (C00797670),-6.0,earmarked_conduit_pas2,1,FEC pas226
"WASSERMAN SCHULTZ, Debbie",20504,H4FL20023,2026,pro-Israel,DMFI PAC (C00710848),5000.0,direct_contribution,2,FEC pas226
"WATSON COLEMAN, Bonnie",21538,H4NJ12149,2020,J Street,JStreetPAC (C00441949),1000.0,direct_contribution,1,FEC pas220
"WATSON COLEMAN, Bonnie",21538,H4NJ12149,2020,J Street,JStreetPAC (C00441949),3500.0,earmarked_conduit_indiv,7,"FEC indiv20 (conduit 15E, recipient C00558437); FEC indiv20 (conduit 24T, recipient C00558437)"
"WATSON COLEMAN, Bonnie",21538,H4NJ12149,2022,J Street,JStreetPAC (C00441949),5500.0,direct_contribution,5,FEC pas222
"WATSON COLEMAN, Bonnie",21538,H4NJ12149,2022,J Street,JStreetPAC (C00441949),4750.0,earmarked_conduit_indiv,8,"FEC indiv22 (conduit 24T, recipient C00558437)"
"WATSON COLEMAN, Bonnie",21538,H4NJ12149,2024,J Street,JStreetPAC (C00441949),5000.0,direct_contribution,2,FEC pas224
"WATSON COLEMAN, Bonnie",21538,H4NJ12149,2024,J Street,JStreetPAC (C00441949),11450.0,earmarked_conduit_indiv,7,"FEC indiv24 (conduit 24T, recipient C00558437)"
"WATSON COLEMAN, Bonnie",21538,H4NJ12149,2024,J Street,JStreetPAC (C00441949),500.0,earmarked_conduit_pas2,1,FEC pas224
"WATSON COLEMAN, Bonnie",21538,H4NJ12149,2026,J Street,JStreetPAC (C00441949),2000.0,earmarked_conduit_indiv,2,"FEC indiv26 (conduit 24T, recipient C00558437)"
"WEBER, Randy",21360,H2TX14149,2022,pro-Israel,AIPAC PAC (C00797670),5000.0,direct_contribution,1,FEC pas222
"WEBER, Randy",21360,H2TX14149,2022,pro-Israel,AIPAC PAC (C00797670),25500.0,earmarked_conduit_indiv,26,"FEC indiv22 (conduit 15E, recipient C00502229); FEC indiv22 (conduit 24T, recipient C00502229)"
"WEBER, Randy",21360,H2TX14149,2024,pro-Israel,AIPAC PAC (C00797670),10500.0,direct_contribution,5,FEC pas224
"WEBER, Randy",21360,H2TX14149,2024,pro-Israel,AIPAC PAC (C00797670),14334.0,earmarked_conduit_indiv,15,"FEC indiv24 (conduit 15E, recipient C00502229); FEC indiv24 (conduit 24T, recipient C00502229)"
"WEBER, Randy",21360,H2TX14149,2024,pro-Israel,AIPAC PAC (C00797670),10180.0,earmarked_conduit_pas2,11,FEC pas224
"WEBER, Randy",21360,H2TX14149,2024,pro-Israel,Republican Jewish Coalition PAC (C00345132),170.0,earmarked_conduit_indiv,1,"FEC indiv24 (conduit 24T, recipient C00502229)"
"WEBER, Randy",21360,H2TX14149,2026,pro-Israel,AIPAC PAC (C00797670),10000.0,direct_contribution,2,FEC pas226
"WEBER, Randy",21360,H2TX14149,2026,pro-Israel,AIPAC PAC (C00797670),29018.0,earmarked_conduit_indiv,28,"FEC indiv26 (conduit 24T, recipient C00502229)"
"WEBER, Randy",21360,H2TX14149,2026,pro-Israel,AIPAC PAC (C00797670),-6.0,earmarked_conduit_pas2,2,FEC pas226
"WEBSTER, Daniel A.",21116,H0FL08208,2022,pro-Israel,AIPAC PAC (C00797670),10000.0,direct_contribution,3,FEC pas222
"WEBSTER, Daniel A.",21116,H0FL08208,2024,pro-Israel,AIPAC PAC (C00797670),10000.0,direct_contribution,2,FEC pas224
"WEBSTER, Daniel A.",21116,H0FL08208,2024,pro-Israel,AIPAC PAC (C00797670),38050.0,earmarked_conduit_indiv,45,"FEC indiv24 (conduit 24T, recipient C00481911)"
"WEBSTER, Daniel A.",21116,H0FL08208,2024,pro-Israel,AIPAC PAC (C00797670),1012.0,earmarked_conduit_pas2,6,FEC pas224
"WEBSTER, Daniel A.",21116,H0FL08208,2026,pro-Israel,AIPAC PAC (C00797670),5000.0,direct_contribution,1,FEC pas226
"WEBSTER, Daniel A.",21116,H0FL08208,2026,pro-Israel,AIPAC PAC (C00797670),13550.0,earmarked_conduit_indiv,16,"FEC indiv26 (conduit 24T, recipient C00481911)"
"WEBSTER, Daniel A.",21116,H0FL08208,2026,pro-Israel,AIPAC PAC (C00797670),-6.0,earmarked_conduit_pas2,2,FEC pas226
"WELCH, Peter",20750,H6VT00160,2020,J Street,JStreetPAC (C00441949),3000.0,direct_contribution,3,FEC pas220
"WELCH, Peter",20750,H6VT00160,2020,J Street,JStreetPAC (C00441949),2800.0,earmarked_conduit_indiv,3,"FEC indiv20 (conduit 15E, recipient C00413179); FEC indiv20 (conduit 24T, recipient C00413179)"
"WELCH, Peter",20750,H6VT00160,2022,J Street,JStreetPAC (C00441949),1500.0,direct_contribution,1,FEC pas222
"WELCH, Peter",20750,S2VT00235,2022,J Street,JStreetPAC (C00441949),61175.0,earmarked_conduit_indiv,68,"FEC indiv22 (conduit 15E, recipient C00795252); FEC indiv22 (conduit 24T, recipient C00795252)"
"WELCH, Peter",20750,S2VT00235,2024,J Street,JStreetPAC (C00441949),9900.0,earmarked_conduit_indiv,3,"FEC indiv24 (conduit 24T, recipient C00795252)"
"WENSTRUP, Brad",21351,H2OH02085,2022,pro-Israel,AIPAC PAC (C00797670),5000.0,direct_contribution,1,FEC pas222
"WENSTRUP, Brad",21351,H2OH02085,2022,pro-Israel,AIPAC PAC (C00797670),15000.0,earmarked_conduit_indiv,8,"FEC indiv22 (conduit 24T, recipient C00497818)"
"WENSTRUP, Brad",21351,H2OH02085,2024,pro-Israel,AIPAC PAC (C00797670),10000.0,direct_contribution,2,FEC pas224
"WENSTRUP, Brad",21351,H2OH02085,2024,pro-Israel,AIPAC PAC (C00797670),9050.0,earmarked_conduit_indiv,12,"FEC indiv24 (conduit 15E, recipient C00497818); FEC indiv24 (conduit 24T, recipient C00497818)"
"WENSTRUP, Brad",21351,H2OH02085,2024,pro-Israel,AIPAC PAC (C00797670),18250.0,earmarked_conduit_pas2,17,FEC pas224
"WESTERMAN, Bruce",21563,H4AR04048,2022,pro-Israel,AIPAC PAC (C00797670),7900.0,direct_contribution,2,FEC pas222
"WESTERMAN, Bruce",21563,H4AR04048,2022,pro-Israel,AIPAC PAC (C00797670),13336.0,earmarked_conduit_indiv,8,"FEC indiv22 (conduit 24T, recipient C00548180)"
"WESTERMAN, Bruce",21563,H4AR04048,2022,pro-Israel,Republican Jewish Coalition PAC (C00345132),7.0,earmarked_conduit_indiv,1,"FEC indiv22 (conduit 24T, recipient C00548180)"
"WESTERMAN, Bruce",21563,H4AR04048,2024,pro-Israel,AIPAC PAC (C00797670),10000.0,direct_contribution,2,FEC pas224
"WESTERMAN, Bruce",21563,H4AR04048,2024,pro-Israel,AIPAC PAC (C00797670),13008.0,earmarked_conduit_indiv,13,"FEC indiv24 (conduit 15E, recipient C00548180); FEC indiv24 (conduit 24T, recipient C00548180)"
"WESTERMAN, Bruce",21563,H4AR04048,2024,pro-Israel,AIPAC PAC (C00797670),262.0,earmarked_conduit_pas2,5,FEC pas224
"WESTERMAN, Bruce",21563,H4AR04048,2024,pro-Israel,Republican Jewish Coalition PAC (C00345132),3300.0,earmarked_conduit_indiv,1,"FEC indiv24 (conduit 24T, recipient C00548180)"
"WESTERMAN, Bruce",21563,H4AR04048,2024,pro-Israel,Republican Jewish Coalition PAC (C00345132),83.0,earmarked_conduit_pas2,1,FEC pas224
"WESTERMAN, Bruce",21563,H4AR04048,2026,pro-Israel,AIPAC PAC (C00797670),10000.0,direct_contribution,2,FEC pas226
"WESTERMAN, Bruce",21563,H4AR04048,2026,pro-Israel,AIPAC PAC (C00797670),18503.0,earmarked_conduit_indiv,10,"FEC indiv26 (conduit 24T, recipient C00548180)"
"WESTERMAN, Bruce",21563,H4AR04048,2026,pro-Israel,AIPAC PAC (C00797670),-6.0,earmarked_conduit_pas2,2,FEC pas226
"WEXTON, Jennifer",21983,H8VA10106,2020,J Street,JStreetPAC (C00441949),15850.0,earmarked_conduit_indiv,26,"FEC indiv20 (conduit 15E, recipient C00638023); FEC indiv20 (conduit 24T, recipient C00638023)"
"WEXTON, Jennifer",21983,H8VA10106,2020,J Street,JStreetPAC (C00441949),2500.0,earmarked_conduit_pas2,3,FEC pas220
"WEXTON, Jennifer",21983,H8VA10106,2020,pro-Israel,DMFI PAC (C00710848),2000.0,direct_contribution,1,FEC pas220
"WEXTON, Jennifer",21983,H8VA10106,2022,J Street,JStreetPAC (C00441949),5000.0,direct_contribution,5,FEC pas222
"WEXTON, Jennifer",21983,H8VA10106,2022,J Street,JStreetPAC (C00441949),29792.0,earmarked_conduit_indiv,43,"FEC indiv22 (conduit 15E, recipient C00638023); FEC indiv22 (conduit 24T, recipient C00638023)"
"WEXTON, Jennifer",21983,H8VA10106,2024,J Street,JStreetPAC (C00441949),12460.0,earmarked_conduit_indiv,14,"FEC indiv24 (conduit 24T, recipient C00638023)"
"WHITESIDES, George",22559,H4CA27111,2024,pro-Israel,DMFI PAC (C00710848),1000.0,direct_contribution,1,FEC pas224
"WHITESIDES, George",22559,H4CA27111,2026,pro-Israel,AIPAC PAC (C00797670),34500.0,earmarked_conduit_indiv,32,"FEC indiv26 (conduit 15E, recipient C00834028); FEC indiv26 (conduit 24T, recipient C00834028)"
"WIED, Tony",22383,H4WI08119,2024,pro-Israel,AIPAC PAC (C00797670),10000.0,direct_contribution,2,FEC pas224
"WIED, Tony",22383,H4WI08119,2024,pro-Israel,AIPAC PAC (C00797670),2000.0,earmarked_conduit_indiv,1,"FEC indiv24 (conduit 24T, recipient C00875518)"
"WILD, Susan",21763,H8PA15229,2020,critical/pro-Palestinian,Emgage Federal PAC (C00453704),5000.0,direct_contribution,1,FEC pas220
"WILD, Susan",21763,H8PA15229,2020,pro-Israel,DMFI PAC (C00710848),2000.0,direct_contribution,1,FEC pas220
"WILD, Susan",21763,H8PA15229,2020,pro-Israel,Pro-Israel America PAC (C00699470),340.0,earmarked_conduit_indiv,9,"FEC indiv20 (conduit 24T, recipient C00658567)"
"WILD, Susan",21763,H8PA15229,2022,pro-Israel,AIPAC PAC (C00797670),2100.0,direct_contribution,1,FEC pas222
"WILD, Susan",21763,H8PA15229,2022,pro-Israel,AIPAC PAC (C00797670),41886.0,earmarked_conduit_indiv,51,"FEC indiv22 (conduit 24T, recipient C00658567)"
"WILD, Susan",21763,H8PA15229,2022,pro-Israel,DMFI PAC (C00710848),2000.0,direct_contribution,1,FEC pas222
"WILD, Susan",21763,H8PA15229,2022,pro-Israel,Pro-Israel America PAC (C00699470),583.0,earmarked_conduit_indiv,13,"FEC indiv22 (conduit 15E, recipient C00658567); FEC indiv22 (conduit 24T, recipient C00658567)"
"WILD, Susan",21763,H8PA15229,2022,pro-Israel,Pro-Israel America PAC (C00699470),1034.0,earmarked_conduit_pas2,4,FEC pas222
"WILD, Susan",21763,H8PA15229,2024,J Street,JStreetPAC (C00441949),3777.0,direct_contribution,2,FEC pas224
"WILD, Susan",21763,H8PA15229,2024,J Street,JStreetPAC (C00441949),127205.0,earmarked_conduit_indiv,135,"FEC indiv24 (conduit 24T, recipient C00658567)"
"WILD, Susan",21763,H8PA15229,2024,J Street,JStreetPAC (C00441949),91441.0,earmarked_conduit_pas2,226,FEC pas224
"WILD, Susan",21763,H8PA15229,2024,pro-Israel,AIPAC PAC (C00797670),-5000.0,direct_contribution,1,FEC pas224
"WILD, Susan",21763,H8PA15229,2024,pro-Israel,AIPAC PAC (C00797670),35200.0,earmarked_conduit_indiv,26,"FEC indiv24 (conduit 24T, recipient C00658567)"
"WILD, Susan",21763,H8PA15229,2024,pro-Israel,AIPAC PAC (C00797670),3.0,earmarked_conduit_pas2,3,FEC pas224
"WILLIAMS, Brandon",22372,H2NY22212,2022,pro-Israel,AIPAC PAC (C00797670),5000.0,direct_contribution,1,FEC pas222
"WILLIAMS, Brandon",22372,H2NY22212,2022,pro-Israel,Republican Jewish Coalition PAC (C00345132),2500.0,direct_contribution,1,FEC pas222
"WILLIAMS, Brandon",22372,H2NY22212,2024,pro-Israel,AIPAC PAC (C00797670),5000.0,direct_contribution,1,FEC pas224
"WILLIAMS, Brandon",22372,H2NY22212,2024,pro-Israel,AIPAC PAC (C00797670),53684.0,earmarked_conduit_indiv,38,"FEC indiv24 (conduit 24T, recipient C00806307)"
"WILLIAMS, Brandon",22372,H2NY22212,2024,pro-Israel,AIPAC PAC (C00797670),5706.0,earmarked_conduit_pas2,9,FEC pas224
"WILLIAMS, Brandon",22372,H2NY22212,2024,pro-Israel,NORPAC (C00247403),3050.0,direct_contribution,1,FEC pas224
"WILLIAMS, Brandon",22372,H2NY22212,2024,pro-Israel,NORPAC (C00247403),24750.0,earmarked_conduit_indiv,28,"FEC indiv24 (conduit 24T, recipient C00806307)"
"WILLIAMS, Brandon",22372,H2NY22212,2024,pro-Israel,Republican Jewish Coalition PAC (C00345132),5000.0,direct_contribution,2,FEC pas224
"WILLIAMS, Brandon",22372,H2NY22212,2024,pro-Israel,Republican Jewish Coalition PAC (C00345132),315.0,earmarked_conduit_indiv,53,"FEC indiv24 (conduit 24T, recipient C00806307)"
"WILLIAMS, Brandon",22372,H2NY22212,2024,pro-Israel,Republican Jewish Coalition PAC (C00345132),349.0,earmarked_conduit_pas2,12,FEC pas224
"WILLIAMS, Nikema",22156,H0GA05301,2022,pro-Israel,AIPAC PAC (C00797670),7900.0,direct_contribution,2,FEC pas222
"WILLIAMS, Nikema",22156,H0GA05301,2022,pro-Israel,AIPAC PAC (C00797670),16300.0,earmarked_conduit_indiv,8,"FEC indiv22 (conduit 24T, recipient C00752584)"
"WILLIAMS, Nikema",22156,H0GA05301,2024,pro-Israel,AIPAC PAC (C00797670),10000.0,direct_contribution,2,FEC pas224
"WILLIAMS, Nikema",22156,H0GA05301,2024,pro-Israel,AIPAC PAC (C00797670),80140.0,earmarked_conduit_indiv,52,"FEC indiv24 (conduit 24T, recipient C00752584)"
"WILLIAMS, Nikema",22156,H0GA05301,2024,pro-Israel,AIPAC PAC (C00797670),1003.0,earmarked_conduit_pas2,5,FEC pas224
"WILLIAMS, Nikema",22156,H0GA05301,2026,J Street,JStreetPAC (C00441949),2100.0,earmarked_conduit_pas2,2,FEC pas226
"WILLIAMS, Nikema",22156,H0GA05301,2026,pro-Israel,AIPAC PAC (C00797670),5000.0,direct_contribution,1,FEC pas226
"WILLIAMS, Nikema",22156,H0GA05301,2026,pro-Israel,AIPAC PAC (C00797670),1000.0,earmarked_conduit_indiv,2,"FEC indiv26 (conduit 15E, recipient C00752584); FEC indiv26 (conduit 24T, recipient C00752584)"
"WILLIAMS, Nikema",22156,H0GA05301,2026,pro-Israel,AIPAC PAC (C00797670),-6.0,earmarked_conduit_pas2,1,FEC pas226
"WILLIAMS, Roger",21364,H2TX33040,2022,pro-Israel,AIPAC PAC (C00797670),7100.0,direct_contribution,2,FEC pas222
"WILLIAMS, Roger",21364,H2TX33040,2022,pro-Israel,AIPAC PAC (C00797670),7500.0,earmarked_conduit_indiv,4,"FEC indiv22 (conduit 24T, recipient C00498121)"
"WILLIAMS, Roger",21364,H2TX33040,2022,pro-Israel,Republican Jewish Coalition PAC (C00345132),400.0,earmarked_conduit_indiv,1,"FEC indiv22 (conduit 24T, recipient C00498121)"
"WILLIAMS, Roger",21364,H2TX33040,2024,pro-Israel,AIPAC PAC (C00797670),10000.0,direct_contribution,2,FEC pas224
"WILLIAMS, Roger",21364,H2TX33040,2024,pro-Israel,AIPAC PAC (C00797670),1750.0,earmarked_conduit_indiv,3,"FEC indiv24 (conduit 24T, recipient C00498121)"
"WILLIAMS, Roger",21364,H2TX33040,2024,pro-Israel,AIPAC PAC (C00797670),512.0,earmarked_conduit_pas2,5,FEC pas224
"WILLIAMS, Roger",21364,H2TX33040,2026,pro-Israel,AIPAC PAC (C00797670),5000.0,direct_contribution,1,FEC pas226
"WILLIAMS, Roger",21364,H2TX33040,2026,pro-Israel,AIPAC PAC (C00797670),217.0,earmarked_conduit_indiv,1,"FEC indiv26 (conduit 24T, recipient C00498121)"
"WILLIAMS, Roger",21364,H2TX33040,2026,pro-Israel,AIPAC PAC (C00797670),-6.0,earmarked_conduit_pas2,2,FEC pas226
"WILSON, Frederica",21118,H0FL17068,2022,pro-Israel,AIPAC PAC (C00797670),10000.0,direct_contribution,3,FEC pas222
"WILSON, Frederica",21118,H0FL17068,2022,pro-Israel,AIPAC PAC (C00797670),500.0,earmarked_conduit_indiv,1,"FEC indiv22 (conduit 24T, recipient C00460055)"
"WILSON, Frederica",21118,H0FL17068,2024,pro-Israel,AIPAC PAC (C00797670),5000.0,direct_contribution,6,FEC pas224
"WILSON, Frederica",21118,H0FL17068,2024,pro-Israel,AIPAC PAC (C00797670),17850.0,earmarked_conduit_indiv,21,"FEC indiv24 (conduit 24T, recipient C00460055)"
"WILSON, Frederica",21118,H0FL17068,2024,pro-Israel,AIPAC PAC (C00797670),3.0,earmarked_conduit_pas2,3,FEC pas224
"WILSON, Frederica",21118,H0FL17068,2026,pro-Israel,AIPAC PAC (C00797670),-6.0,earmarked_conduit_pas2,2,FEC pas226
"WILSON, Joe",20138,H2SC02059,2020,pro-Israel,Pro-Israel America PAC (C00699470),1000.0,direct_contribution,1,FEC pas220
"WILSON, Joe",20138,H2SC02059,2020,pro-Israel,Pro-Israel America PAC (C00699470),27147.0,earmarked_conduit_indiv,32,"FEC indiv20 (conduit 24T, recipient C00368522)"
"WILSON, Joe",20138,H2SC02059,2020,pro-Israel,Republican Jewish Coalition PAC (C00345132),5000.0,direct_contribution,2,FEC pas220
"WILSON, Joe",20138,H2SC02059,2022,pro-Israel,AIPAC PAC (C00797670),7900.0,direct_contribution,3,FEC pas222
"WILSON, Joe",20138,H2SC02059,2022,pro-Israel,AIPAC PAC (C00797670),25050.0,earmarked_conduit_indiv,15,"FEC indiv22 (conduit 24T, recipient C00368522)"
"WILSON, Joe",20138,H2SC02059,2022,pro-Israel,AIPAC PAC (C00797670),-2500.0,earmarked_conduit_pas2,2,FEC pas222
"WILSON, Joe",20138,H2SC02059,2024,pro-Israel,AIPAC PAC (C00797670),5000.0,direct_contribution,3,FEC pas224
"WILSON, Joe",20138,H2SC02059,2024,pro-Israel,AIPAC PAC (C00797670),96225.0,earmarked_conduit_indiv,81,"FEC indiv24 (conduit 15E, recipient C00368522); FEC indiv24 (conduit 24T, recipient C00368522)"
"WILSON, Joe",20138,H2SC02059,2024,pro-Israel,AIPAC PAC (C00797670),12062.0,earmarked_conduit_pas2,14,FEC pas224
"WILSON, Joe",20138,H2SC02059,2026,pro-Israel,AIPAC PAC (C00797670),10000.0,direct_contribution,2,FEC pas226
"WILSON, Joe",20138,H2SC02059,2026,pro-Israel,AIPAC PAC (C00797670),111150.0,earmarked_conduit_indiv,89,"FEC indiv26 (conduit 15E, recipient C00368522); FEC indiv26 (conduit 24T, recipient C00368522)"
"WILSON, Joe",20138,H2SC02059,2026,pro-Israel,AIPAC PAC (C00797670),-6.0,earmarked_conduit_pas2,1,FEC pas226
"WITTMAN, Robert J.",20756,H8VA01147,2020,pro-Israel,Pro-Israel America PAC (C00699470),5000.0,direct_contribution,2,FEC pas220
"WITTMAN, Robert J.",20756,H8VA01147,2020,pro-Israel,Pro-Israel America PAC (C00699470),10750.0,earmarked_conduit_indiv,8,"FEC indiv20 (conduit 24T, recipient C00441014)"
"WITTMAN, Robert J.",20756,H8VA01147,2022,pro-Israel,AIPAC PAC (C00797670),10000.0,direct_contribution,3,FEC pas222
"WITTMAN, Robert J.",20756,H8VA01147,2022,pro-Israel,AIPAC PAC (C00797670),15000.0,earmarked_conduit_indiv,9,"FEC indiv22 (conduit 24T, recipient C00441014)"
"WITTMAN, Robert J.",20756,H8VA01147,2022,pro-Israel,Pro-Israel America PAC (C00699470),4500.0,earmarked_conduit_pas2,5,FEC pas222
"WITTMAN, Robert J.",20756,H8VA01147,2024,pro-Israel,AIPAC PAC (C00797670),10000.0,direct_contribution,2,FEC pas224
"WITTMAN, Robert J.",20756,H8VA01147,2024,pro-Israel,AIPAC PAC (C00797670),19801.0,earmarked_conduit_indiv,21,"FEC indiv24 (conduit 24T, recipient C00441014)"
"WITTMAN, Robert J.",20756,H8VA01147,2024,pro-Israel,AIPAC PAC (C00797670),5262.0,earmarked_conduit_pas2,12,FEC pas224
"WITTMAN, Robert J.",20756,H8VA01147,2026,pro-Israel,AIPAC PAC (C00797670),6000.0,direct_contribution,3,FEC pas226
"WITTMAN, Robert J.",20756,H8VA01147,2026,pro-Israel,AIPAC PAC (C00797670),33000.0,earmarked_conduit_indiv,28,"FEC indiv26 (conduit 15E, recipient C00441014); FEC indiv26 (conduit 24T, recipient C00441014)"
"WITTMAN, Robert J.",20756,H8VA01147,2026,pro-Israel,AIPAC PAC (C00797670),-6.0,earmarked_conduit_pas2,2,FEC pas226
"WOMACK, Steve",21108,H0AR03055,2022,pro-Israel,AIPAC PAC (C00797670),7900.0,direct_contribution,3,FEC pas222
"WOMACK, Steve",21108,H0AR03055,2022,pro-Israel,AIPAC PAC (C00797670),23000.0,earmarked_conduit_indiv,17,"FEC indiv22 (conduit 15E, recipient C00477745); FEC indiv22 (conduit 24T, recipient C00477745)"
"WOMACK, Steve",21108,H0AR03055,2024,pro-Israel,AIPAC PAC (C00797670),15000.0,direct_contribution,3,FEC pas224
"WOMACK, Steve",21108,H0AR03055,2024,pro-Israel,AIPAC PAC (C00797670),85198.0,earmarked_conduit_indiv,63,"FEC indiv24 (conduit 24T, recipient C00477745)"
"WOMACK, Steve",21108,H0AR03055,2024,pro-Israel,AIPAC PAC (C00797670),12.0,earmarked_conduit_pas2,4,FEC pas224
"WOMACK, Steve",21108,H0AR03055,2026,pro-Israel,AIPAC PAC (C00797670),5000.0,direct_contribution,3,FEC pas226
"WOMACK, Steve",21108,H0AR03055,2026,pro-Israel,AIPAC PAC (C00797670),21450.0,earmarked_conduit_indiv,13,"FEC indiv26 (conduit 15E, recipient C00477745); FEC indiv26 (conduit 24T, recipient C00477745)"
"WOMACK, Steve",21108,H0AR03055,2026,pro-Israel,AIPAC PAC (C00797670),-6.0,earmarked_conduit_pas2,2,FEC pas226
"YAKYM, Rudy, III",22171,H2IN02295,2022,pro-Israel,AIPAC PAC (C00797670),10000.0,direct_contribution,2,FEC pas222
"YAKYM, Rudy, III",22171,H2IN02295,2022,pro-Israel,AIPAC PAC (C00797670),14750.0,earmarked_conduit_indiv,12,"FEC indiv22 (conduit 24T, recipient C00822767)"
"YAKYM, Rudy, III",22171,H2IN02295,2024,pro-Israel,AIPAC PAC (C00797670),10000.0,direct_contribution,2,FEC pas224
"YAKYM, Rudy, III",22171,H2IN02295,2024,pro-Israel,AIPAC PAC (C00797670),70036.0,earmarked_conduit_indiv,53,"FEC indiv24 (conduit 15E, recipient C00822767); FEC indiv24 (conduit 24T, recipient C00822767)"
"YAKYM, Rudy, III",22171,H2IN02295,2024,pro-Israel,AIPAC PAC (C00797670),3879.0,earmarked_conduit_pas2,12,FEC pas224
"YAKYM, Rudy, III",22171,H2IN02295,2026,pro-Israel,AIPAC PAC (C00797670),10000.0,direct_contribution,2,FEC pas226
"YAKYM, Rudy, III",22171,H2IN02295,2026,pro-Israel,AIPAC PAC (C00797670),93300.0,earmarked_conduit_indiv,70,"FEC indiv26 (conduit 15E, recipient C00822767); FEC indiv26 (conduit 24T, recipient C00822767)"
"YAKYM, Rudy, III",22171,H2IN02295,2026,pro-Israel,AIPAC PAC (C00797670),-6.0,earmarked_conduit_pas2,2,FEC pas226
"YARMUTH, John",20723,H6KY03124,2020,J Street,JStreetPAC (C00441949),5000.0,direct_contribution,4,FEC pas220
"YARMUTH, John",20723,H6KY03124,2020,J Street,JStreetPAC (C00441949),350.0,earmarked_conduit_indiv,2,"FEC indiv20 (conduit 24T, recipient C00419630)"
"YARMUTH, John",20723,H6KY03124,2022,J Street,JStreetPAC (C00441949),2500.0,direct_contribution,2,FEC pas222
"YARMUTH, John",20723,H6KY03124,2022,J Street,JStreetPAC (C00441949),2000.0,earmarked_conduit_indiv,1,"FEC indiv22 (conduit 24T, recipient C00419630)"
"YOUNG, Donald Edwin",14066,H6AK00045,2020,pro-Israel,Pro-Israel America PAC (C00699470),5600.0,earmarked_conduit_indiv,2,"FEC indiv20 (conduit 24T, recipient C00012229)"
"YOUNG, Donald Edwin",14066,H6AK00045,2020,pro-Israel,Republican Jewish Coalition PAC (C00345132),2500.0,direct_contribution,1,FEC pas220
"YOUNG, Donald Edwin",14066,H6AK00045,2020,pro-Israel,Republican Jewish Coalition PAC (C00345132),856.0,earmarked_conduit_indiv,26,"FEC indiv20 (conduit 24T, recipient C00012229)"
"ZELDIN, Lee M",21539,H8NY01148,2020,pro-Israel,NORPAC (C00247403),15775.0,direct_contribution,4,FEC pas220
"ZELDIN, Lee M",21539,H8NY01148,2020,pro-Israel,NORPAC (C00247403),22700.0,earmarked_conduit_indiv,26,"FEC indiv20 (conduit 15E, recipient C00552547); FEC indiv20 (conduit 24T, recipient C00552547)"
"ZELDIN, Lee M",21539,H8NY01148,2020,pro-Israel,Pro-Israel America PAC (C00699470),5000.0,direct_contribution,1,FEC pas220
"ZELDIN, Lee M",21539,H8NY01148,2020,pro-Israel,Pro-Israel America PAC (C00699470),136352.0,earmarked_conduit_indiv,283,"FEC indiv20 (conduit 15E, recipient C00552547); FEC indiv20 (conduit 24T, recipient C00552547)"
"ZELDIN, Lee M",21539,H8NY01148,2020,pro-Israel,Republican Jewish Coalition PAC (C00345132),10000.0,direct_contribution,2,FEC pas220
"ZELDIN, Lee M",21539,H8NY01148,2020,pro-Israel,Republican Jewish Coalition PAC (C00345132),64326.0,earmarked_conduit_indiv,299,"FEC indiv20 (conduit 15E, recipient C00552547); FEC indiv20 (conduit 24T, recipient C00552547)"
"ZELDIN, Lee M",21539,H8NY01148,2022,pro-Israel,Republican Jewish Coalition PAC (C00345132),5000.0,direct_contribution,1,FEC pas222
"ZELDIN, Lee M",21539,H8NY01148,2022,pro-Israel,Republican Jewish Coalition PAC (C00345132),10000.0,earmarked_conduit_indiv,10,"FEC indiv22 (conduit 24T, recipient C00552547)"
"ZINKE, Ryan",21532,H4MT01041,2022,pro-Israel,AIPAC PAC (C00797670),500.0,earmarked_conduit_indiv,1,"FEC indiv22 (conduit 24T, recipient C00778159)"
"ZINKE, Ryan",21532,H4MT01041,2024,pro-Israel,AIPAC PAC (C00797670),7800.0,earmarked_conduit_indiv,9,"FEC indiv24 (conduit 15E, recipient C00778159); FEC indiv24 (conduit 24T, recipient C00778159)"
"ZINKE, Ryan",21532,H4MT01041,2024,pro-Israel,Republican Jewish Coalition PAC (C00345132),2.0,earmarked_conduit_indiv,1,"FEC indiv24 (conduit 24T, recipient C00778159)"
