member,icpsr,party,state,chamber,vote_id,vote,bioguide
"ADAMS, Alma",21545,D,NC,House,116-H-107,Yea,A000370
"ADAMS, Alma",21545,D,NC,House,116-H-28,Yea,A000370
"ADAMS, Alma",21545,D,NC,House,116-H-496,Yea,A000370
"ADAMS, Alma",21545,D,NC,House,116-H-651,Yea,A000370
"ADAMS, Alma",21545,D,NC,House,117-H-274,Yea,A000370
"ADAMS, Alma",21545,D,NC,House,117-H-660,Yea,A000370
"ADAMS, Alma",21545,D,NC,House,118-H-1146,Nay,A000370
"ADAMS, Alma",21545,D,NC,House,118-H-1194,Yea,A000370
"ADAMS, Alma",21545,D,NC,House,118-H-193,Yea,A000370
"ADAMS, Alma",21545,D,NC,House,118-H-241,Yea,A000370
"ADAMS, Alma",21545,D,NC,House,118-H-337,Yea,A000370
"ADAMS, Alma",21545,D,NC,House,118-H-523,Yea,A000370
"ADAMS, Alma",21545,D,NC,House,118-H-556,Yea,A000370
"ADAMS, Alma",21545,D,NC,House,118-H-572,Nay,A000370
"ADAMS, Alma",21545,D,NC,House,118-H-573,Yea,A000370
"ADAMS, Alma",21545,D,NC,House,118-H-617,Nay,A000370
"ADAMS, Alma",21545,D,NC,House,118-H-671,Yea,A000370
"ADAMS, Alma",21545,D,NC,House,118-H-672,Yea,A000370
"ADAMS, Alma",21545,D,NC,House,118-H-692,Yea,A000370
"ADAMS, Alma",21545,D,NC,House,118-H-716,Nay,A000370
"ADAMS, Alma",21545,D,NC,House,118-H-746,Yea,A000370
"ADAMS, Alma",21545,D,NC,House,118-H-756,Nay,A000370
"ADAMS, Alma",21545,D,NC,House,118-H-762,Yea,A000370
"ADAMS, Alma",21545,D,NC,House,118-H-852,Yea,A000370
"ADAMS, Alma",21545,D,NC,House,118-H-859,Yea,A000370
"ADAMS, Alma",21545,D,NC,House,118-H-870,Yea,A000370
"ADAMS, Alma",21545,D,NC,House,118-H-890,Yea,A000370
"ADAMS, Alma",21545,D,NC,House,118-H-935,Nay,A000370
"ADAMS, Alma",21545,D,NC,House,119-H-128,Yea,A000370
"ADAMS, Alma",21545,D,NC,House,119-H-158,Yea,A000370
"ADAMS, Alma",21545,D,NC,House,119-H-526,Yea,A000370
"ADAMS, Alma",21545,D,NC,House,119-H-655,Nay,A000370
"ADERHOLT, Robert",29701,R,AL,House,116-H-107,Yea,A000055
"ADERHOLT, Robert",29701,R,AL,House,116-H-28,Yea,A000055
"ADERHOLT, Robert",29701,R,AL,House,116-H-496,Yea,A000055
"ADERHOLT, Robert",29701,R,AL,House,116-H-651,Nay,A000055
"ADERHOLT, Robert",29701,R,AL,House,117-H-274,Yea,A000055
"ADERHOLT, Robert",29701,R,AL,House,117-H-660,Yea,A000055
"ADERHOLT, Robert",29701,R,AL,House,118-H-1146,Yea,A000055
"ADERHOLT, Robert",29701,R,AL,House,118-H-1194,Yea,A000055
"ADERHOLT, Robert",29701,R,AL,House,118-H-193,Yea,A000055
"ADERHOLT, Robert",29701,R,AL,House,118-H-241,Yea,A000055
"ADERHOLT, Robert",29701,R,AL,House,118-H-337,Yea,A000055
"ADERHOLT, Robert",29701,R,AL,House,118-H-523,Yea,A000055
"ADERHOLT, Robert",29701,R,AL,House,118-H-556,Yea,A000055
"ADERHOLT, Robert",29701,R,AL,House,118-H-572,Yea,A000055
"ADERHOLT, Robert",29701,R,AL,House,118-H-573,Yea,A000055
"ADERHOLT, Robert",29701,R,AL,House,118-H-617,Yea,A000055
"ADERHOLT, Robert",29701,R,AL,House,118-H-671,Yea,A000055
"ADERHOLT, Robert",29701,R,AL,House,118-H-672,Yea,A000055
"ADERHOLT, Robert",29701,R,AL,House,118-H-692,Yea,A000055
"ADERHOLT, Robert",29701,R,AL,House,118-H-716,Yea,A000055
"ADERHOLT, Robert",29701,R,AL,House,118-H-746,Yea,A000055
"ADERHOLT, Robert",29701,R,AL,House,118-H-756,Yea,A000055
"ADERHOLT, Robert",29701,R,AL,House,118-H-762,Yea,A000055
"ADERHOLT, Robert",29701,R,AL,House,118-H-852,Yea,A000055
"ADERHOLT, Robert",29701,R,AL,House,118-H-859,Yea,A000055
"ADERHOLT, Robert",29701,R,AL,House,118-H-870,Yea,A000055
"ADERHOLT, Robert",29701,R,AL,House,118-H-890,Yea,A000055
"ADERHOLT, Robert",29701,R,AL,House,118-H-935,Yea,A000055
"ADERHOLT, Robert",29701,R,AL,House,119-H-128,Yea,A000055
"ADERHOLT, Robert",29701,R,AL,House,119-H-158,Yea,A000055
"ADERHOLT, Robert",29701,R,AL,House,119-H-526,Yea,A000055
"ADERHOLT, Robert",29701,R,AL,House,119-H-655,Yea,A000055
"AGUILAR, Peter Rey",21506,D,CA,House,116-H-107,Yea,A000371
"AGUILAR, Peter Rey",21506,D,CA,House,116-H-28,Yea,A000371
"AGUILAR, Peter Rey",21506,D,CA,House,116-H-496,Yea,A000371
"AGUILAR, Peter Rey",21506,D,CA,House,116-H-651,Yea,A000371
"AGUILAR, Peter Rey",21506,D,CA,House,117-H-274,Yea,A000371
"AGUILAR, Peter Rey",21506,D,CA,House,117-H-660,Yea,A000371
"AGUILAR, Peter Rey",21506,D,CA,House,118-H-1146,Nay,A000371
"AGUILAR, Peter Rey",21506,D,CA,House,118-H-1194,Yea,A000371
"AGUILAR, Peter Rey",21506,D,CA,House,118-H-193,Yea,A000371
"AGUILAR, Peter Rey",21506,D,CA,House,118-H-241,Yea,A000371
"AGUILAR, Peter Rey",21506,D,CA,House,118-H-337,Yea,A000371
"AGUILAR, Peter Rey",21506,D,CA,House,118-H-523,Yea,A000371
"AGUILAR, Peter Rey",21506,D,CA,House,118-H-556,Yea,A000371
"AGUILAR, Peter Rey",21506,D,CA,House,118-H-572,Nay,A000371
"AGUILAR, Peter Rey",21506,D,CA,House,118-H-573,Yea,A000371
"AGUILAR, Peter Rey",21506,D,CA,House,118-H-617,Nay,A000371
"AGUILAR, Peter Rey",21506,D,CA,House,118-H-671,Yea,A000371
"AGUILAR, Peter Rey",21506,D,CA,House,118-H-672,Yea,A000371
"AGUILAR, Peter Rey",21506,D,CA,House,118-H-692,Present,A000371
"AGUILAR, Peter Rey",21506,D,CA,House,118-H-716,Nay,A000371
"AGUILAR, Peter Rey",21506,D,CA,House,118-H-746,Yea,A000371
"AGUILAR, Peter Rey",21506,D,CA,House,118-H-756,Nay,A000371
"AGUILAR, Peter Rey",21506,D,CA,House,118-H-762,Yea,A000371
"AGUILAR, Peter Rey",21506,D,CA,House,118-H-852,Yea,A000371
"AGUILAR, Peter Rey",21506,D,CA,House,118-H-859,Yea,A000371
"AGUILAR, Peter Rey",21506,D,CA,House,118-H-870,Yea,A000371
"AGUILAR, Peter Rey",21506,D,CA,House,118-H-890,Yea,A000371
"AGUILAR, Peter Rey",21506,D,CA,House,118-H-935,Nay,A000371
"AGUILAR, Peter Rey",21506,D,CA,House,119-H-128,Yea,A000371
"AGUILAR, Peter Rey",21506,D,CA,House,119-H-158,Yea,A000371
"AGUILAR, Peter Rey",21506,D,CA,House,119-H-526,Yea,A000371
"AGUILAR, Peter Rey",21506,D,CA,House,119-H-655,Nay,A000371
"ALFORD, Mark",22300,R,MO,House,118-H-1146,Yea,A000379
"ALFORD, Mark",22300,R,MO,House,118-H-1194,Yea,A000379
"ALFORD, Mark",22300,R,MO,House,118-H-193,Yea,A000379
"ALFORD, Mark",22300,R,MO,House,118-H-241,Yea,A000379
"ALFORD, Mark",22300,R,MO,House,118-H-337,Yea,A000379
"ALFORD, Mark",22300,R,MO,House,118-H-523,Yea,A000379
"ALFORD, Mark",22300,R,MO,House,118-H-556,Yea,A000379
"ALFORD, Mark",22300,R,MO,House,118-H-572,Yea,A000379
"ALFORD, Mark",22300,R,MO,House,118-H-573,Yea,A000379
"ALFORD, Mark",22300,R,MO,House,118-H-617,Yea,A000379
"ALFORD, Mark",22300,R,MO,House,118-H-671,Yea,A000379
"ALFORD, Mark",22300,R,MO,House,118-H-672,Yea,A000379
"ALFORD, Mark",22300,R,MO,House,118-H-692,Yea,A000379
"ALFORD, Mark",22300,R,MO,House,118-H-716,Yea,A000379
"ALFORD, Mark",22300,R,MO,House,118-H-746,Yea,A000379
"ALFORD, Mark",22300,R,MO,House,118-H-756,Yea,A000379
"ALFORD, Mark",22300,R,MO,House,118-H-762,Yea,A000379
"ALFORD, Mark",22300,R,MO,House,118-H-852,Yea,A000379
"ALFORD, Mark",22300,R,MO,House,118-H-859,Yea,A000379
"ALFORD, Mark",22300,R,MO,House,118-H-870,Yea,A000379
"ALFORD, Mark",22300,R,MO,House,118-H-890,Yea,A000379
"ALFORD, Mark",22300,R,MO,House,118-H-935,Yea,A000379
"ALFORD, Mark",22300,R,MO,House,119-H-128,Yea,A000379
"ALFORD, Mark",22300,R,MO,House,119-H-158,Yea,A000379
"ALFORD, Mark",22300,R,MO,House,119-H-526,Yea,A000379
"ALFORD, Mark",22300,R,MO,House,119-H-655,Yea,A000379
"ALLEN, Rick W.",21516,R,GA,House,116-H-107,Yea,A000372
"ALLEN, Rick W.",21516,R,GA,House,116-H-28,Yea,A000372
"ALLEN, Rick W.",21516,R,GA,House,116-H-496,Yea,A000372
"ALLEN, Rick W.",21516,R,GA,House,116-H-651,Nay,A000372
"ALLEN, Rick W.",21516,R,GA,House,117-H-274,Yea,A000372
"ALLEN, Rick W.",21516,R,GA,House,117-H-660,Yea,A000372
"ALLEN, Rick W.",21516,R,GA,House,118-H-1146,Yea,A000372
"ALLEN, Rick W.",21516,R,GA,House,118-H-1194,Yea,A000372
"ALLEN, Rick W.",21516,R,GA,House,118-H-193,Yea,A000372
"ALLEN, Rick W.",21516,R,GA,House,118-H-241,Yea,A000372
"ALLEN, Rick W.",21516,R,GA,House,118-H-337,Yea,A000372
"ALLEN, Rick W.",21516,R,GA,House,118-H-523,Yea,A000372
"ALLEN, Rick W.",21516,R,GA,House,118-H-556,Yea,A000372
"ALLEN, Rick W.",21516,R,GA,House,118-H-572,Yea,A000372
"ALLEN, Rick W.",21516,R,GA,House,118-H-573,Yea,A000372
"ALLEN, Rick W.",21516,R,GA,House,118-H-617,Yea,A000372
"ALLEN, Rick W.",21516,R,GA,House,118-H-671,Yea,A000372
"ALLEN, Rick W.",21516,R,GA,House,118-H-672,Yea,A000372
"ALLEN, Rick W.",21516,R,GA,House,118-H-692,Yea,A000372
"ALLEN, Rick W.",21516,R,GA,House,118-H-716,Yea,A000372
"ALLEN, Rick W.",21516,R,GA,House,118-H-746,Yea,A000372
"ALLEN, Rick W.",21516,R,GA,House,118-H-756,Yea,A000372
"ALLEN, Rick W.",21516,R,GA,House,118-H-762,Yea,A000372
"ALLEN, Rick W.",21516,R,GA,House,118-H-852,Yea,A000372
"ALLEN, Rick W.",21516,R,GA,House,118-H-859,Yea,A000372
"ALLEN, Rick W.",21516,R,GA,House,118-H-870,Yea,A000372
"ALLEN, Rick W.",21516,R,GA,House,118-H-890,Yea,A000372
"ALLEN, Rick W.",21516,R,GA,House,118-H-935,Yea,A000372
"ALLEN, Rick W.",21516,R,GA,House,119-H-128,Yea,A000372
"ALLEN, Rick W.",21516,R,GA,House,119-H-158,Yea,A000372
"ALLEN, Rick W.",21516,R,GA,House,119-H-526,Yea,A000372
"ALLEN, Rick W.",21516,R,GA,House,119-H-655,Yea,A000372
"ALLRED, Colin",21900,D,TX,House,116-H-107,Yea,A000376
"ALLRED, Colin",21900,D,TX,House,116-H-28,Yea,A000376
"ALLRED, Colin",21900,D,TX,House,116-H-496,Yea,A000376
"ALLRED, Colin",21900,D,TX,House,116-H-651,Yea,A000376
"ALLRED, Colin",21900,D,TX,House,117-H-274,Yea,A000376
"ALLRED, Colin",21900,D,TX,House,117-H-660,Yea,A000376
"ALLRED, Colin",21900,D,TX,House,118-H-1146,Nay,A000376
"ALLRED, Colin",21900,D,TX,House,118-H-1194,Yea,A000376
"ALLRED, Colin",21900,D,TX,House,118-H-193,Yea,A000376
"ALLRED, Colin",21900,D,TX,House,118-H-241,Yea,A000376
"ALLRED, Colin",21900,D,TX,House,118-H-337,Yea,A000376
"ALLRED, Colin",21900,D,TX,House,118-H-523,Yea,A000376
"ALLRED, Colin",21900,D,TX,House,118-H-556,Yea,A000376
"ALLRED, Colin",21900,D,TX,House,118-H-572,Nay,A000376
"ALLRED, Colin",21900,D,TX,House,118-H-573,Yea,A000376
"ALLRED, Colin",21900,D,TX,House,118-H-617,Nay,A000376
"ALLRED, Colin",21900,D,TX,House,118-H-671,Yea,A000376
"ALLRED, Colin",21900,D,TX,House,118-H-672,Yea,A000376
"ALLRED, Colin",21900,D,TX,House,118-H-692,Yea,A000376
"ALLRED, Colin",21900,D,TX,House,118-H-716,Yea,A000376
"ALLRED, Colin",21900,D,TX,House,118-H-746,Yea,A000376
"ALLRED, Colin",21900,D,TX,House,118-H-756,Nay,A000376
"ALLRED, Colin",21900,D,TX,House,118-H-762,Yea,A000376
"ALLRED, Colin",21900,D,TX,House,118-H-852,Yea,A000376
"ALLRED, Colin",21900,D,TX,House,118-H-859,Yea,A000376
"ALLRED, Colin",21900,D,TX,House,118-H-870,Yea,A000376
"ALLRED, Colin",21900,D,TX,House,118-H-890,Yea,A000376
"ALLRED, Colin",21900,D,TX,House,118-H-935,Nay,A000376
"AMO, Gabe",22375,D,RI,House,118-H-1146,Nay,A000380
"AMO, Gabe",22375,D,RI,House,118-H-1194,Yea,A000380
"AMO, Gabe",22375,D,RI,House,118-H-671,Yea,A000380
"AMO, Gabe",22375,D,RI,House,118-H-672,Yea,A000380
"AMO, Gabe",22375,D,RI,House,118-H-692,Yea,A000380
"AMO, Gabe",22375,D,RI,House,118-H-716,Nay,A000380
"AMO, Gabe",22375,D,RI,House,118-H-746,Yea,A000380
"AMO, Gabe",22375,D,RI,House,118-H-756,Nay,A000380
"AMO, Gabe",22375,D,RI,House,118-H-762,Yea,A000380
"AMO, Gabe",22375,D,RI,House,118-H-852,Yea,A000380
"AMO, Gabe",22375,D,RI,House,118-H-859,Yea,A000380
"AMO, Gabe",22375,D,RI,House,118-H-870,Yea,A000380
"AMO, Gabe",22375,D,RI,House,118-H-890,Nay,A000380
"AMO, Gabe",22375,D,RI,House,118-H-935,Nay,A000380
"AMO, Gabe",22375,D,RI,House,119-H-128,Yea,A000380
"AMO, Gabe",22375,D,RI,House,119-H-158,Yea,A000380
"AMO, Gabe",22375,D,RI,House,119-H-526,Yea,A000380
"AMO, Gabe",22375,D,RI,House,119-H-655,Nay,A000380
"AMODEI, Mark E.",21196,R,NV,House,116-H-107,Yea,A000369
"AMODEI, Mark E.",21196,R,NV,House,116-H-28,Yea,A000369
"AMODEI, Mark E.",21196,R,NV,House,116-H-496,Yea,A000369
"AMODEI, Mark E.",21196,R,NV,House,116-H-651,Nay,A000369
"AMODEI, Mark E.",21196,R,NV,House,117-H-274,Yea,A000369
"AMODEI, Mark E.",21196,R,NV,House,117-H-660,Yea,A000369
"AMODEI, Mark E.",21196,R,NV,House,118-H-1146,Yea,A000369
"AMODEI, Mark E.",21196,R,NV,House,118-H-1194,Yea,A000369
"AMODEI, Mark E.",21196,R,NV,House,118-H-193,Yea,A000369
"AMODEI, Mark E.",21196,R,NV,House,118-H-241,Yea,A000369
"AMODEI, Mark E.",21196,R,NV,House,118-H-337,Yea,A000369
"AMODEI, Mark E.",21196,R,NV,House,118-H-523,Yea,A000369
"AMODEI, Mark E.",21196,R,NV,House,118-H-556,Yea,A000369
"AMODEI, Mark E.",21196,R,NV,House,118-H-572,Yea,A000369
"AMODEI, Mark E.",21196,R,NV,House,118-H-573,Yea,A000369
"AMODEI, Mark E.",21196,R,NV,House,118-H-617,Yea,A000369
"AMODEI, Mark E.",21196,R,NV,House,118-H-671,Yea,A000369
"AMODEI, Mark E.",21196,R,NV,House,118-H-672,Yea,A000369
"AMODEI, Mark E.",21196,R,NV,House,118-H-692,Yea,A000369
"AMODEI, Mark E.",21196,R,NV,House,118-H-716,Yea,A000369
"AMODEI, Mark E.",21196,R,NV,House,118-H-746,Yea,A000369
"AMODEI, Mark E.",21196,R,NV,House,118-H-756,Yea,A000369
"AMODEI, Mark E.",21196,R,NV,House,118-H-762,Yea,A000369
"AMODEI, Mark E.",21196,R,NV,House,118-H-852,Yea,A000369
"AMODEI, Mark E.",21196,R,NV,House,118-H-859,Yea,A000369
"AMODEI, Mark E.",21196,R,NV,House,118-H-870,Yea,A000369
"AMODEI, Mark E.",21196,R,NV,House,118-H-890,Yea,A000369
"AMODEI, Mark E.",21196,R,NV,House,118-H-935,Yea,A000369
"AMODEI, Mark E.",21196,R,NV,House,119-H-128,Yea,A000369
"AMODEI, Mark E.",21196,R,NV,House,119-H-158,Yea,A000369
"AMODEI, Mark E.",21196,R,NV,House,119-H-526,Yea,A000369
"AMODEI, Mark E.",21196,R,NV,House,119-H-655,Yea,A000369
"ANSARI, Yassamin",22500,D,AZ,House,119-H-128,Yea,A000381
"ANSARI, Yassamin",22500,D,AZ,House,119-H-158,Yea,A000381
"ANSARI, Yassamin",22500,D,AZ,House,119-H-526,Yea,A000381
"ANSARI, Yassamin",22500,D,AZ,House,119-H-655,Nay,A000381
"ARMSTRONG, Kelly",21901,R,ND,House,116-H-107,Yea,A000377
"ARMSTRONG, Kelly",21901,R,ND,House,116-H-28,Yea,A000377
"ARMSTRONG, Kelly",21901,R,ND,House,116-H-496,Not voting,A000377
"ARMSTRONG, Kelly",21901,R,ND,House,116-H-651,Nay,A000377
"ARMSTRONG, Kelly",21901,R,ND,House,117-H-274,Yea,A000377
"ARMSTRONG, Kelly",21901,R,ND,House,117-H-660,Yea,A000377
"ARMSTRONG, Kelly",21901,R,ND,House,118-H-1146,Yea,A000377
"ARMSTRONG, Kelly",21901,R,ND,House,118-H-1194,Not voting,A000377
"ARMSTRONG, Kelly",21901,R,ND,House,118-H-193,Yea,A000377
"ARMSTRONG, Kelly",21901,R,ND,House,118-H-241,Yea,A000377
"ARMSTRONG, Kelly",21901,R,ND,House,118-H-337,Yea,A000377
"ARMSTRONG, Kelly",21901,R,ND,House,118-H-523,Yea,A000377
"ARMSTRONG, Kelly",21901,R,ND,House,118-H-556,Yea,A000377
"ARMSTRONG, Kelly",21901,R,ND,House,118-H-572,Yea,A000377
"ARMSTRONG, Kelly",21901,R,ND,House,118-H-573,Yea,A000377
"ARMSTRONG, Kelly",21901,R,ND,House,118-H-617,Yea,A000377
"ARMSTRONG, Kelly",21901,R,ND,House,118-H-671,Yea,A000377
"ARMSTRONG, Kelly",21901,R,ND,House,118-H-672,Yea,A000377
"ARMSTRONG, Kelly",21901,R,ND,House,118-H-692,Yea,A000377
"ARMSTRONG, Kelly",21901,R,ND,House,118-H-716,Yea,A000377
"ARMSTRONG, Kelly",21901,R,ND,House,118-H-746,Yea,A000377
"ARMSTRONG, Kelly",21901,R,ND,House,118-H-756,Yea,A000377
"ARMSTRONG, Kelly",21901,R,ND,House,118-H-762,Yea,A000377
"ARMSTRONG, Kelly",21901,R,ND,House,118-H-852,Yea,A000377
"ARMSTRONG, Kelly",21901,R,ND,House,118-H-859,Yea,A000377
"ARMSTRONG, Kelly",21901,R,ND,House,118-H-870,Yea,A000377
"ARMSTRONG, Kelly",21901,R,ND,House,118-H-890,Yea,A000377
"ARMSTRONG, Kelly",21901,R,ND,House,118-H-935,Yea,A000377
"ARRINGTON, Jodey Cook",21700,R,TX,House,116-H-107,Yea,A000375
"ARRINGTON, Jodey Cook",21700,R,TX,House,116-H-28,Yea,A000375
"ARRINGTON, Jodey Cook",21700,R,TX,House,116-H-496,Yea,A000375
"ARRINGTON, Jodey Cook",21700,R,TX,House,116-H-651,Nay,A000375
"ARRINGTON, Jodey Cook",21700,R,TX,House,117-H-274,Yea,A000375
"ARRINGTON, Jodey Cook",21700,R,TX,House,117-H-660,Not voting,A000375
"ARRINGTON, Jodey Cook",21700,R,TX,House,118-H-1146,Yea,A000375
"ARRINGTON, Jodey Cook",21700,R,TX,House,118-H-1194,Yea,A000375
"ARRINGTON, Jodey Cook",21700,R,TX,House,118-H-193,Yea,A000375
"ARRINGTON, Jodey Cook",21700,R,TX,House,118-H-241,Yea,A000375
"ARRINGTON, Jodey Cook",21700,R,TX,House,118-H-337,Yea,A000375
"ARRINGTON, Jodey Cook",21700,R,TX,House,118-H-523,Yea,A000375
"ARRINGTON, Jodey Cook",21700,R,TX,House,118-H-556,Yea,A000375
"ARRINGTON, Jodey Cook",21700,R,TX,House,118-H-572,Yea,A000375
"ARRINGTON, Jodey Cook",21700,R,TX,House,118-H-573,Not voting,A000375
"ARRINGTON, Jodey Cook",21700,R,TX,House,118-H-617,Yea,A000375
"ARRINGTON, Jodey Cook",21700,R,TX,House,118-H-671,Yea,A000375
"ARRINGTON, Jodey Cook",21700,R,TX,House,118-H-672,Yea,A000375
"ARRINGTON, Jodey Cook",21700,R,TX,House,118-H-692,Yea,A000375
"ARRINGTON, Jodey Cook",21700,R,TX,House,118-H-716,Yea,A000375
"ARRINGTON, Jodey Cook",21700,R,TX,House,118-H-746,Yea,A000375
"ARRINGTON, Jodey Cook",21700,R,TX,House,118-H-756,Yea,A000375
"ARRINGTON, Jodey Cook",21700,R,TX,House,118-H-762,Yea,A000375
"ARRINGTON, Jodey Cook",21700,R,TX,House,118-H-852,Yea,A000375
"ARRINGTON, Jodey Cook",21700,R,TX,House,118-H-859,Yea,A000375
"ARRINGTON, Jodey Cook",21700,R,TX,House,118-H-870,Yea,A000375
"ARRINGTON, Jodey Cook",21700,R,TX,House,118-H-890,Not voting,A000375
"ARRINGTON, Jodey Cook",21700,R,TX,House,118-H-935,Yea,A000375
"ARRINGTON, Jodey Cook",21700,R,TX,House,119-H-128,Yea,A000375
"ARRINGTON, Jodey Cook",21700,R,TX,House,119-H-158,Not voting,A000375
"ARRINGTON, Jodey Cook",21700,R,TX,House,119-H-526,Yea,A000375
"ARRINGTON, Jodey Cook",21700,R,TX,House,119-H-655,Yea,A000375
"AUCHINCLOSS, Jake",22100,D,MA,House,117-H-274,Yea,A000148
"AUCHINCLOSS, Jake",22100,D,MA,House,117-H-660,Yea,A000148
"AUCHINCLOSS, Jake",22100,D,MA,House,118-H-1146,Nay,A000148
"AUCHINCLOSS, Jake",22100,D,MA,House,118-H-1194,Yea,A000148
"AUCHINCLOSS, Jake",22100,D,MA,House,118-H-193,Yea,A000148
"AUCHINCLOSS, Jake",22100,D,MA,House,118-H-241,Yea,A000148
"AUCHINCLOSS, Jake",22100,D,MA,House,118-H-337,Yea,A000148
"AUCHINCLOSS, Jake",22100,D,MA,House,118-H-523,Yea,A000148
"AUCHINCLOSS, Jake",22100,D,MA,House,118-H-556,Not voting,A000148
"AUCHINCLOSS, Jake",22100,D,MA,House,118-H-572,Nay,A000148
"AUCHINCLOSS, Jake",22100,D,MA,House,118-H-573,Yea,A000148
"AUCHINCLOSS, Jake",22100,D,MA,House,118-H-617,Nay,A000148
"AUCHINCLOSS, Jake",22100,D,MA,House,118-H-671,Yea,A000148
"AUCHINCLOSS, Jake",22100,D,MA,House,118-H-672,Yea,A000148
"AUCHINCLOSS, Jake",22100,D,MA,House,118-H-692,Yea,A000148
"AUCHINCLOSS, Jake",22100,D,MA,House,118-H-716,Nay,A000148
"AUCHINCLOSS, Jake",22100,D,MA,House,118-H-746,Yea,A000148
"AUCHINCLOSS, Jake",22100,D,MA,House,118-H-756,Yea,A000148
"AUCHINCLOSS, Jake",22100,D,MA,House,118-H-762,Yea,A000148
"AUCHINCLOSS, Jake",22100,D,MA,House,118-H-852,Yea,A000148
"AUCHINCLOSS, Jake",22100,D,MA,House,118-H-859,Yea,A000148
"AUCHINCLOSS, Jake",22100,D,MA,House,118-H-870,Yea,A000148
"AUCHINCLOSS, Jake",22100,D,MA,House,118-H-890,Nay,A000148
"AUCHINCLOSS, Jake",22100,D,MA,House,118-H-935,Nay,A000148
"AUCHINCLOSS, Jake",22100,D,MA,House,119-H-128,Yea,A000148
"AUCHINCLOSS, Jake",22100,D,MA,House,119-H-158,Yea,A000148
"AUCHINCLOSS, Jake",22100,D,MA,House,119-H-526,Yea,A000148
"AUCHINCLOSS, Jake",22100,D,MA,House,119-H-655,Yea,A000148
"AXNE, Cynthia",21902,D,IA,House,116-H-107,Yea,A000378
"AXNE, Cynthia",21902,D,IA,House,116-H-28,Yea,A000378
"AXNE, Cynthia",21902,D,IA,House,116-H-496,Yea,A000378
"AXNE, Cynthia",21902,D,IA,House,116-H-651,Yea,A000378
"AXNE, Cynthia",21902,D,IA,House,117-H-274,Yea,A000378
"AXNE, Cynthia",21902,D,IA,House,117-H-660,Yea,A000378
"BABIN, Brian",21551,R,TX,House,116-H-107,Yea,B001291
"BABIN, Brian",21551,R,TX,House,116-H-28,Yea,B001291
"BABIN, Brian",21551,R,TX,House,116-H-496,Yea,B001291
"BABIN, Brian",21551,R,TX,House,116-H-651,Nay,B001291
"BABIN, Brian",21551,R,TX,House,117-H-274,Yea,B001291
"BABIN, Brian",21551,R,TX,House,117-H-660,Yea,B001291
"BABIN, Brian",21551,R,TX,House,118-H-1146,Yea,B001291
"BABIN, Brian",21551,R,TX,House,118-H-1194,Yea,B001291
"BABIN, Brian",21551,R,TX,House,118-H-193,Yea,B001291
"BABIN, Brian",21551,R,TX,House,118-H-241,Yea,B001291
"BABIN, Brian",21551,R,TX,House,118-H-337,Yea,B001291
"BABIN, Brian",21551,R,TX,House,118-H-523,Yea,B001291
"BABIN, Brian",21551,R,TX,House,118-H-556,Yea,B001291
"BABIN, Brian",21551,R,TX,House,118-H-572,Yea,B001291
"BABIN, Brian",21551,R,TX,House,118-H-573,Yea,B001291
"BABIN, Brian",21551,R,TX,House,118-H-617,Yea,B001291
"BABIN, Brian",21551,R,TX,House,118-H-671,Yea,B001291
"BABIN, Brian",21551,R,TX,House,118-H-672,Yea,B001291
"BABIN, Brian",21551,R,TX,House,118-H-692,Yea,B001291
"BABIN, Brian",21551,R,TX,House,118-H-716,Yea,B001291
"BABIN, Brian",21551,R,TX,House,118-H-746,Yea,B001291
"BABIN, Brian",21551,R,TX,House,118-H-756,Yea,B001291
"BABIN, Brian",21551,R,TX,House,118-H-762,Yea,B001291
"BABIN, Brian",21551,R,TX,House,118-H-852,Yea,B001291
"BABIN, Brian",21551,R,TX,House,118-H-859,Yea,B001291
"BABIN, Brian",21551,R,TX,House,118-H-870,Yea,B001291
"BABIN, Brian",21551,R,TX,House,118-H-890,Yea,B001291
"BABIN, Brian",21551,R,TX,House,118-H-935,Yea,B001291
"BABIN, Brian",21551,R,TX,House,119-H-128,Yea,B001291
"BABIN, Brian",21551,R,TX,House,119-H-158,Yea,B001291
"BABIN, Brian",21551,R,TX,House,119-H-526,Yea,B001291
"BABIN, Brian",21551,R,TX,House,119-H-655,Yea,B001291
"BACON, Donald J.",21701,R,NE,House,116-H-107,Yea,B001298
"BACON, Donald J.",21701,R,NE,House,116-H-28,Yea,B001298
"BACON, Donald J.",21701,R,NE,House,116-H-496,Yea,B001298
"BACON, Donald J.",21701,R,NE,House,116-H-651,Nay,B001298
"BACON, Donald J.",21701,R,NE,House,117-H-274,Yea,B001298
"BACON, Donald J.",21701,R,NE,House,117-H-660,Yea,B001298
"BACON, Donald J.",21701,R,NE,House,118-H-1146,Yea,B001298
"BACON, Donald J.",21701,R,NE,House,118-H-1194,Yea,B001298
"BACON, Donald J.",21701,R,NE,House,118-H-193,Yea,B001298
"BACON, Donald J.",21701,R,NE,House,118-H-241,Yea,B001298
"BACON, Donald J.",21701,R,NE,House,118-H-337,Yea,B001298
"BACON, Donald J.",21701,R,NE,House,118-H-523,Yea,B001298
"BACON, Donald J.",21701,R,NE,House,118-H-556,Yea,B001298
"BACON, Donald J.",21701,R,NE,House,118-H-572,Yea,B001298
"BACON, Donald J.",21701,R,NE,House,118-H-573,Yea,B001298
"BACON, Donald J.",21701,R,NE,House,118-H-617,Yea,B001298
"BACON, Donald J.",21701,R,NE,House,118-H-671,Yea,B001298
"BACON, Donald J.",21701,R,NE,House,118-H-672,Yea,B001298
"BACON, Donald J.",21701,R,NE,House,118-H-692,Yea,B001298
"BACON, Donald J.",21701,R,NE,House,118-H-716,Yea,B001298
"BACON, Donald J.",21701,R,NE,House,118-H-746,Yea,B001298
"BACON, Donald J.",21701,R,NE,House,118-H-756,Yea,B001298
"BACON, Donald J.",21701,R,NE,House,118-H-762,Yea,B001298
"BACON, Donald J.",21701,R,NE,House,118-H-852,Yea,B001298
"BACON, Donald J.",21701,R,NE,House,118-H-859,Yea,B001298
"BACON, Donald J.",21701,R,NE,House,118-H-870,Yea,B001298
"BACON, Donald J.",21701,R,NE,House,118-H-890,Yea,B001298
"BACON, Donald J.",21701,R,NE,House,118-H-935,Yea,B001298
"BACON, Donald J.",21701,R,NE,House,119-H-128,Yea,B001298
"BACON, Donald J.",21701,R,NE,House,119-H-158,Yea,B001298
"BACON, Donald J.",21701,R,NE,House,119-H-526,Yea,B001298
"BACON, Donald J.",21701,R,NE,House,119-H-655,Yea,B001298
"BAIRD, James",21903,R,IN,House,116-H-107,Yea,B001307
"BAIRD, James",21903,R,IN,House,116-H-28,Yea,B001307
"BAIRD, James",21903,R,IN,House,116-H-496,Yea,B001307
"BAIRD, James",21903,R,IN,House,116-H-651,Nay,B001307
"BAIRD, James",21903,R,IN,House,117-H-274,Yea,B001307
"BAIRD, James",21903,R,IN,House,117-H-660,Yea,B001307
"BAIRD, James",21903,R,IN,House,118-H-1146,Yea,B001307
"BAIRD, James",21903,R,IN,House,118-H-1194,Yea,B001307
"BAIRD, James",21903,R,IN,House,118-H-193,Yea,B001307
"BAIRD, James",21903,R,IN,House,118-H-241,Yea,B001307
"BAIRD, James",21903,R,IN,House,118-H-337,Yea,B001307
"BAIRD, James",21903,R,IN,House,118-H-523,Yea,B001307
"BAIRD, James",21903,R,IN,House,118-H-556,Yea,B001307
"BAIRD, James",21903,R,IN,House,118-H-572,Yea,B001307
"BAIRD, James",21903,R,IN,House,118-H-573,Yea,B001307
"BAIRD, James",21903,R,IN,House,118-H-617,Yea,B001307
"BAIRD, James",21903,R,IN,House,118-H-671,Yea,B001307
"BAIRD, James",21903,R,IN,House,118-H-672,Yea,B001307
"BAIRD, James",21903,R,IN,House,118-H-692,Yea,B001307
"BAIRD, James",21903,R,IN,House,118-H-716,Yea,B001307
"BAIRD, James",21903,R,IN,House,118-H-746,Yea,B001307
"BAIRD, James",21903,R,IN,House,118-H-756,Yea,B001307
"BAIRD, James",21903,R,IN,House,118-H-762,Yea,B001307
"BAIRD, James",21903,R,IN,House,118-H-852,Yea,B001307
"BAIRD, James",21903,R,IN,House,118-H-859,Yea,B001307
"BAIRD, James",21903,R,IN,House,118-H-870,Yea,B001307
"BAIRD, James",21903,R,IN,House,118-H-890,Yea,B001307
"BAIRD, James",21903,R,IN,House,118-H-935,Yea,B001307
"BAIRD, James",21903,R,IN,House,119-H-128,Not voting,B001307
"BAIRD, James",21903,R,IN,House,119-H-158,Yea,B001307
"BAIRD, James",21903,R,IN,House,119-H-526,Yea,B001307
"BAIRD, James",21903,R,IN,House,119-H-655,Yea,B001307
"BALDERSON, Troy",21759,R,OH,House,116-H-107,Yea,B001306
"BALDERSON, Troy",21759,R,OH,House,116-H-28,Yea,B001306
"BALDERSON, Troy",21759,R,OH,House,116-H-496,Yea,B001306
"BALDERSON, Troy",21759,R,OH,House,116-H-651,Nay,B001306
"BALDERSON, Troy",21759,R,OH,House,117-H-274,Yea,B001306
"BALDERSON, Troy",21759,R,OH,House,117-H-660,Yea,B001306
"BALDERSON, Troy",21759,R,OH,House,118-H-1146,Yea,B001306
"BALDERSON, Troy",21759,R,OH,House,118-H-1194,Yea,B001306
"BALDERSON, Troy",21759,R,OH,House,118-H-193,Yea,B001306
"BALDERSON, Troy",21759,R,OH,House,118-H-241,Yea,B001306
"BALDERSON, Troy",21759,R,OH,House,118-H-337,Yea,B001306
"BALDERSON, Troy",21759,R,OH,House,118-H-523,Yea,B001306
"BALDERSON, Troy",21759,R,OH,House,118-H-556,Yea,B001306
"BALDERSON, Troy",21759,R,OH,House,118-H-572,Yea,B001306
"BALDERSON, Troy",21759,R,OH,House,118-H-573,Yea,B001306
"BALDERSON, Troy",21759,R,OH,House,118-H-617,Yea,B001306
"BALDERSON, Troy",21759,R,OH,House,118-H-671,Yea,B001306
"BALDERSON, Troy",21759,R,OH,House,118-H-672,Yea,B001306
"BALDERSON, Troy",21759,R,OH,House,118-H-692,Yea,B001306
"BALDERSON, Troy",21759,R,OH,House,118-H-716,Yea,B001306
"BALDERSON, Troy",21759,R,OH,House,118-H-746,Yea,B001306
"BALDERSON, Troy",21759,R,OH,House,118-H-756,Yea,B001306
"BALDERSON, Troy",21759,R,OH,House,118-H-762,Yea,B001306
"BALDERSON, Troy",21759,R,OH,House,118-H-852,Yea,B001306
"BALDERSON, Troy",21759,R,OH,House,118-H-859,Yea,B001306
"BALDERSON, Troy",21759,R,OH,House,118-H-870,Yea,B001306
"BALDERSON, Troy",21759,R,OH,House,118-H-890,Yea,B001306
"BALDERSON, Troy",21759,R,OH,House,118-H-935,Yea,B001306
"BALDERSON, Troy",21759,R,OH,House,119-H-128,Yea,B001306
"BALDERSON, Troy",21759,R,OH,House,119-H-158,Yea,B001306
"BALDERSON, Troy",21759,R,OH,House,119-H-526,Yea,B001306
"BALDERSON, Troy",21759,R,OH,House,119-H-655,Yea,B001306
"BALINT, Becca",22301,D,VT,House,118-H-1146,Nay,B001318
"BALINT, Becca",22301,D,VT,House,118-H-1194,Yea,B001318
"BALINT, Becca",22301,D,VT,House,118-H-193,Yea,B001318
"BALINT, Becca",22301,D,VT,House,118-H-241,Yea,B001318
"BALINT, Becca",22301,D,VT,House,118-H-337,Yea,B001318
"BALINT, Becca",22301,D,VT,House,118-H-523,Yea,B001318
"BALINT, Becca",22301,D,VT,House,118-H-556,Nay,B001318
"BALINT, Becca",22301,D,VT,House,118-H-572,Nay,B001318
"BALINT, Becca",22301,D,VT,House,118-H-573,Yea,B001318
"BALINT, Becca",22301,D,VT,House,118-H-617,Nay,B001318
"BALINT, Becca",22301,D,VT,House,118-H-671,Yea,B001318
"BALINT, Becca",22301,D,VT,House,118-H-672,Yea,B001318
"BALINT, Becca",22301,D,VT,House,118-H-692,Present,B001318
"BALINT, Becca",22301,D,VT,House,118-H-716,Nay,B001318
"BALINT, Becca",22301,D,VT,House,118-H-746,Yea,B001318
"BALINT, Becca",22301,D,VT,House,118-H-756,Nay,B001318
"BALINT, Becca",22301,D,VT,House,118-H-762,Yea,B001318
"BALINT, Becca",22301,D,VT,House,118-H-852,Nay,B001318
"BALINT, Becca",22301,D,VT,House,118-H-859,Yea,B001318
"BALINT, Becca",22301,D,VT,House,118-H-870,Nay,B001318
"BALINT, Becca",22301,D,VT,House,118-H-890,Nay,B001318
"BALINT, Becca",22301,D,VT,House,118-H-935,Nay,B001318
"BALINT, Becca",22301,D,VT,House,119-H-128,Yea,B001318
"BALINT, Becca",22301,D,VT,House,119-H-158,Yea,B001318
"BALINT, Becca",22301,D,VT,House,119-H-526,Yea,B001318
"BALINT, Becca",22301,D,VT,House,119-H-655,Nay,B001318
"BANKS, James E.",21702,R,IN,House,116-H-107,Yea,B001299
"BANKS, James E.",21702,R,IN,House,116-H-28,Yea,B001299
"BANKS, James E.",21702,R,IN,House,116-H-496,Yea,B001299
"BANKS, James E.",21702,R,IN,House,116-H-651,Nay,B001299
"BANKS, James E.",21702,R,IN,House,117-H-274,Yea,B001299
"BANKS, James E.",21702,R,IN,House,117-H-660,Yea,B001299
"BANKS, James E.",21702,R,IN,House,118-H-1146,Yea,B001299
"BANKS, James E.",21702,R,IN,House,118-H-1194,Yea,B001299
"BANKS, James E.",21702,R,IN,House,118-H-193,Yea,B001299
"BANKS, James E.",21702,R,IN,House,118-H-241,Yea,B001299
"BANKS, James E.",21702,R,IN,House,118-H-337,Yea,B001299
"BANKS, James E.",21702,R,IN,House,118-H-523,Yea,B001299
"BANKS, James E.",21702,R,IN,House,118-H-556,Yea,B001299
"BANKS, James E.",21702,R,IN,House,118-H-572,Yea,B001299
"BANKS, James E.",21702,R,IN,House,118-H-573,Yea,B001299
"BANKS, James E.",21702,R,IN,House,118-H-617,Yea,B001299
"BANKS, James E.",21702,R,IN,House,118-H-671,Yea,B001299
"BANKS, James E.",21702,R,IN,House,118-H-672,Yea,B001299
"BANKS, James E.",21702,R,IN,House,118-H-692,Yea,B001299
"BANKS, James E.",21702,R,IN,House,118-H-716,Yea,B001299
"BANKS, James E.",21702,R,IN,House,118-H-746,Yea,B001299
"BANKS, James E.",21702,R,IN,House,118-H-756,Yea,B001299
"BANKS, James E.",21702,R,IN,House,118-H-762,Yea,B001299
"BANKS, James E.",21702,R,IN,House,118-H-852,Yea,B001299
"BANKS, James E.",21702,R,IN,House,118-H-859,Yea,B001299
"BANKS, James E.",21702,R,IN,House,118-H-870,Yea,B001299
"BANKS, James E.",21702,R,IN,House,118-H-890,Yea,B001299
"BANKS, James E.",21702,R,IN,House,118-H-935,Yea,B001299
"BARR, Garland H. (Andy), IV",21333,R,KY,House,116-H-107,Yea,B001282
"BARR, Garland H. (Andy), IV",21333,R,KY,House,116-H-28,Yea,B001282
"BARR, Garland H. (Andy), IV",21333,R,KY,House,116-H-496,Yea,B001282
"BARR, Garland H. (Andy), IV",21333,R,KY,House,116-H-651,Not voting,B001282
"BARR, Garland H. (Andy), IV",21333,R,KY,House,117-H-274,Yea,B001282
"BARR, Garland H. (Andy), IV",21333,R,KY,House,117-H-660,Yea,B001282
"BARR, Garland H. (Andy), IV",21333,R,KY,House,118-H-1146,Yea,B001282
"BARR, Garland H. (Andy), IV",21333,R,KY,House,118-H-1194,Yea,B001282
"BARR, Garland H. (Andy), IV",21333,R,KY,House,118-H-193,Yea,B001282
"BARR, Garland H. (Andy), IV",21333,R,KY,House,118-H-241,Yea,B001282
"BARR, Garland H. (Andy), IV",21333,R,KY,House,118-H-337,Yea,B001282
"BARR, Garland H. (Andy), IV",21333,R,KY,House,118-H-523,Yea,B001282
"BARR, Garland H. (Andy), IV",21333,R,KY,House,118-H-556,Yea,B001282
"BARR, Garland H. (Andy), IV",21333,R,KY,House,118-H-572,Yea,B001282
"BARR, Garland H. (Andy), IV",21333,R,KY,House,118-H-573,Yea,B001282
"BARR, Garland H. (Andy), IV",21333,R,KY,House,118-H-617,Yea,B001282
"BARR, Garland H. (Andy), IV",21333,R,KY,House,118-H-671,Yea,B001282
"BARR, Garland H. (Andy), IV",21333,R,KY,House,118-H-672,Yea,B001282
"BARR, Garland H. (Andy), IV",21333,R,KY,House,118-H-692,Yea,B001282
"BARR, Garland H. (Andy), IV",21333,R,KY,House,118-H-716,Yea,B001282
"BARR, Garland H. (Andy), IV",21333,R,KY,House,118-H-746,Yea,B001282
"BARR, Garland H. (Andy), IV",21333,R,KY,House,118-H-756,Yea,B001282
"BARR, Garland H. (Andy), IV",21333,R,KY,House,118-H-762,Yea,B001282
"BARR, Garland H. (Andy), IV",21333,R,KY,House,118-H-852,Yea,B001282
"BARR, Garland H. (Andy), IV",21333,R,KY,House,118-H-859,Yea,B001282
"BARR, Garland H. (Andy), IV",21333,R,KY,House,118-H-870,Yea,B001282
"BARR, Garland H. (Andy), IV",21333,R,KY,House,118-H-890,Yea,B001282
"BARR, Garland H. (Andy), IV",21333,R,KY,House,118-H-935,Yea,B001282
"BARR, Garland H. (Andy), IV",21333,R,KY,House,119-H-128,Yea,B001282
"BARR, Garland H. (Andy), IV",21333,R,KY,House,119-H-158,Not voting,B001282
"BARR, Garland H. (Andy), IV",21333,R,KY,House,119-H-526,Yea,B001282
"BARR, Garland H. (Andy), IV",21333,R,KY,House,119-H-655,Yea,B001282
"BARRAGÁN, Nanette Diaz",21703,D,CA,House,116-H-107,Yea,B001300
"BARRAGÁN, Nanette Diaz",21703,D,CA,House,116-H-28,Yea,B001300
"BARRAGÁN, Nanette Diaz",21703,D,CA,House,116-H-496,Yea,B001300
"BARRAGÁN, Nanette Diaz",21703,D,CA,House,116-H-651,Yea,B001300
"BARRAGÁN, Nanette Diaz",21703,D,CA,House,117-H-274,Yea,B001300
"BARRAGÁN, Nanette Diaz",21703,D,CA,House,117-H-660,Yea,B001300
"BARRAGÁN, Nanette Diaz",21703,D,CA,House,118-H-1146,Nay,B001300
"BARRAGÁN, Nanette Diaz",21703,D,CA,House,118-H-1194,Yea,B001300
"BARRAGÁN, Nanette Diaz",21703,D,CA,House,118-H-193,Yea,B001300
"BARRAGÁN, Nanette Diaz",21703,D,CA,House,118-H-241,Yea,B001300
"BARRAGÁN, Nanette Diaz",21703,D,CA,House,118-H-337,Yea,B001300
"BARRAGÁN, Nanette Diaz",21703,D,CA,House,118-H-523,Yea,B001300
"BARRAGÁN, Nanette Diaz",21703,D,CA,House,118-H-556,Yea,B001300
"BARRAGÁN, Nanette Diaz",21703,D,CA,House,118-H-572,Nay,B001300
"BARRAGÁN, Nanette Diaz",21703,D,CA,House,118-H-573,Yea,B001300
"BARRAGÁN, Nanette Diaz",21703,D,CA,House,118-H-617,Nay,B001300
"BARRAGÁN, Nanette Diaz",21703,D,CA,House,118-H-671,Yea,B001300
"BARRAGÁN, Nanette Diaz",21703,D,CA,House,118-H-672,Yea,B001300
"BARRAGÁN, Nanette Diaz",21703,D,CA,House,118-H-692,Present,B001300
"BARRAGÁN, Nanette Diaz",21703,D,CA,House,118-H-716,Nay,B001300
"BARRAGÁN, Nanette Diaz",21703,D,CA,House,118-H-746,Yea,B001300
"BARRAGÁN, Nanette Diaz",21703,D,CA,House,118-H-756,Nay,B001300
"BARRAGÁN, Nanette Diaz",21703,D,CA,House,118-H-762,Yea,B001300
"BARRAGÁN, Nanette Diaz",21703,D,CA,House,118-H-852,Yea,B001300
"BARRAGÁN, Nanette Diaz",21703,D,CA,House,118-H-859,Yea,B001300
"BARRAGÁN, Nanette Diaz",21703,D,CA,House,118-H-870,Yea,B001300
"BARRAGÁN, Nanette Diaz",21703,D,CA,House,118-H-890,Yea,B001300
"BARRAGÁN, Nanette Diaz",21703,D,CA,House,118-H-935,Nay,B001300
"BARRAGÁN, Nanette Diaz",21703,D,CA,House,119-H-128,Yea,B001300
"BARRAGÁN, Nanette Diaz",21703,D,CA,House,119-H-158,Yea,B001300
"BARRAGÁN, Nanette Diaz",21703,D,CA,House,119-H-526,Yea,B001300
"BARRAGÁN, Nanette Diaz",21703,D,CA,House,119-H-655,Nay,B001300
"BARRETT, Tom",22501,R,MI,House,119-H-128,Yea,B001321
"BARRETT, Tom",22501,R,MI,House,119-H-158,Yea,B001321
"BARRETT, Tom",22501,R,MI,House,119-H-526,Yea,B001321
"BARRETT, Tom",22501,R,MI,House,119-H-655,Yea,B001321
"BASS, Karen",21110,D,CA,House,116-H-107,Yea,B001270
"BASS, Karen",21110,D,CA,House,116-H-28,Yea,B001270
"BASS, Karen",21110,D,CA,House,116-H-496,Present,B001270
"BASS, Karen",21110,D,CA,House,116-H-651,Not voting,B001270
"BASS, Karen",21110,D,CA,House,117-H-274,Yea,B001270
"BASS, Karen",21110,D,CA,House,117-H-660,Yea,B001270
"BAUMGARTNER, Michael",22502,R,WA,House,119-H-128,Yea,B001322
"BAUMGARTNER, Michael",22502,R,WA,House,119-H-158,Yea,B001322
"BAUMGARTNER, Michael",22502,R,WA,House,119-H-526,Yea,B001322
"BAUMGARTNER, Michael",22502,R,WA,House,119-H-655,Yea,B001322
"BEAN, Aaron",22302,R,FL,House,118-H-1146,Yea,B001314
"BEAN, Aaron",22302,R,FL,House,118-H-1194,Yea,B001314
"BEAN, Aaron",22302,R,FL,House,118-H-193,Yea,B001314
"BEAN, Aaron",22302,R,FL,House,118-H-241,Yea,B001314
"BEAN, Aaron",22302,R,FL,House,118-H-337,Yea,B001314
"BEAN, Aaron",22302,R,FL,House,118-H-523,Yea,B001314
"BEAN, Aaron",22302,R,FL,House,118-H-556,Yea,B001314
"BEAN, Aaron",22302,R,FL,House,118-H-572,Yea,B001314
"BEAN, Aaron",22302,R,FL,House,118-H-573,Yea,B001314
"BEAN, Aaron",22302,R,FL,House,118-H-617,Yea,B001314
"BEAN, Aaron",22302,R,FL,House,118-H-671,Yea,B001314
"BEAN, Aaron",22302,R,FL,House,118-H-672,Yea,B001314
"BEAN, Aaron",22302,R,FL,House,118-H-692,Yea,B001314
"BEAN, Aaron",22302,R,FL,House,118-H-716,Yea,B001314
"BEAN, Aaron",22302,R,FL,House,118-H-746,Yea,B001314
"BEAN, Aaron",22302,R,FL,House,118-H-756,Nay,B001314
"BEAN, Aaron",22302,R,FL,House,118-H-762,Yea,B001314
"BEAN, Aaron",22302,R,FL,House,118-H-852,Yea,B001314
"BEAN, Aaron",22302,R,FL,House,118-H-859,Yea,B001314
"BEAN, Aaron",22302,R,FL,House,118-H-870,Yea,B001314
"BEAN, Aaron",22302,R,FL,House,118-H-890,Yea,B001314
"BEAN, Aaron",22302,R,FL,House,118-H-935,Yea,B001314
"BEAN, Aaron",22302,R,FL,House,119-H-128,Yea,B001314
"BEAN, Aaron",22302,R,FL,House,119-H-158,Yea,B001314
"BEAN, Aaron",22302,R,FL,House,119-H-526,Yea,B001314
"BEAN, Aaron",22302,R,FL,House,119-H-655,Yea,B001314
"BEATTY, Joyce",21352,D,OH,House,116-H-107,Yea,B001281
"BEATTY, Joyce",21352,D,OH,House,116-H-28,Yea,B001281
"BEATTY, Joyce",21352,D,OH,House,116-H-496,Yea,B001281
"BEATTY, Joyce",21352,D,OH,House,116-H-651,Yea,B001281
"BEATTY, Joyce",21352,D,OH,House,117-H-274,Yea,B001281
"BEATTY, Joyce",21352,D,OH,House,117-H-660,Yea,B001281
"BEATTY, Joyce",21352,D,OH,House,118-H-1146,Nay,B001281
"BEATTY, Joyce",21352,D,OH,House,118-H-1194,Yea,B001281
"BEATTY, Joyce",21352,D,OH,House,118-H-193,Yea,B001281
"BEATTY, Joyce",21352,D,OH,House,118-H-241,Yea,B001281
"BEATTY, Joyce",21352,D,OH,House,118-H-337,Yea,B001281
"BEATTY, Joyce",21352,D,OH,House,118-H-523,Yea,B001281
"BEATTY, Joyce",21352,D,OH,House,118-H-556,Yea,B001281
"BEATTY, Joyce",21352,D,OH,House,118-H-572,Nay,B001281
"BEATTY, Joyce",21352,D,OH,House,118-H-573,Yea,B001281
"BEATTY, Joyce",21352,D,OH,House,118-H-617,Nay,B001281
"BEATTY, Joyce",21352,D,OH,House,118-H-671,Yea,B001281
"BEATTY, Joyce",21352,D,OH,House,118-H-672,Yea,B001281
"BEATTY, Joyce",21352,D,OH,House,118-H-692,Present,B001281
"BEATTY, Joyce",21352,D,OH,House,118-H-716,Nay,B001281
"BEATTY, Joyce",21352,D,OH,House,118-H-746,Yea,B001281
"BEATTY, Joyce",21352,D,OH,House,118-H-756,Nay,B001281
"BEATTY, Joyce",21352,D,OH,House,118-H-762,Yea,B001281
"BEATTY, Joyce",21352,D,OH,House,118-H-852,Yea,B001281
"BEATTY, Joyce",21352,D,OH,House,118-H-859,Yea,B001281
"BEATTY, Joyce",21352,D,OH,House,118-H-870,Yea,B001281
"BEATTY, Joyce",21352,D,OH,House,118-H-890,Yea,B001281
"BEATTY, Joyce",21352,D,OH,House,118-H-935,Nay,B001281
"BEATTY, Joyce",21352,D,OH,House,119-H-128,Yea,B001281
"BEATTY, Joyce",21352,D,OH,House,119-H-158,Yea,B001281
"BEATTY, Joyce",21352,D,OH,House,119-H-526,Yea,B001281
"BEATTY, Joyce",21352,D,OH,House,119-H-655,Nay,B001281
"BEGICH, Nicholas J., III",22503,R,AK,House,119-H-128,Yea,B001323
"BEGICH, Nicholas J., III",22503,R,AK,House,119-H-158,Yea,B001323
"BEGICH, Nicholas J., III",22503,R,AK,House,119-H-526,Yea,B001323
"BEGICH, Nicholas J., III",22503,R,AK,House,119-H-655,Yea,B001323
"BELL, Wesley",22504,D,MO,House,119-H-128,Yea,B001324
"BELL, Wesley",22504,D,MO,House,119-H-158,Yea,B001324
"BELL, Wesley",22504,D,MO,House,119-H-526,Yea,B001324
"BELL, Wesley",22504,D,MO,House,119-H-655,Not voting,B001324
"BENTZ, Cliff",22101,R,OR,House,117-H-274,Yea,B000668
"BENTZ, Cliff",22101,R,OR,House,117-H-660,Yea,B000668
"BENTZ, Cliff",22101,R,OR,House,118-H-1146,Yea,B000668
"BENTZ, Cliff",22101,R,OR,House,118-H-1194,Yea,B000668
"BENTZ, Cliff",22101,R,OR,House,118-H-193,Yea,B000668
"BENTZ, Cliff",22101,R,OR,House,118-H-241,Yea,B000668
"BENTZ, Cliff",22101,R,OR,House,118-H-337,Yea,B000668
"BENTZ, Cliff",22101,R,OR,House,118-H-523,Yea,B000668
"BENTZ, Cliff",22101,R,OR,House,118-H-556,Yea,B000668
"BENTZ, Cliff",22101,R,OR,House,118-H-572,Yea,B000668
"BENTZ, Cliff",22101,R,OR,House,118-H-573,Yea,B000668
"BENTZ, Cliff",22101,R,OR,House,118-H-617,Yea,B000668
"BENTZ, Cliff",22101,R,OR,House,118-H-671,Yea,B000668
"BENTZ, Cliff",22101,R,OR,House,118-H-672,Yea,B000668
"BENTZ, Cliff",22101,R,OR,House,118-H-692,Yea,B000668
"BENTZ, Cliff",22101,R,OR,House,118-H-716,Yea,B000668
"BENTZ, Cliff",22101,R,OR,House,118-H-746,Yea,B000668
"BENTZ, Cliff",22101,R,OR,House,118-H-756,Yea,B000668
"BENTZ, Cliff",22101,R,OR,House,118-H-762,Yea,B000668
"BENTZ, Cliff",22101,R,OR,House,118-H-852,Yea,B000668
"BENTZ, Cliff",22101,R,OR,House,118-H-859,Yea,B000668
"BENTZ, Cliff",22101,R,OR,House,118-H-870,Yea,B000668
"BENTZ, Cliff",22101,R,OR,House,118-H-890,Yea,B000668
"BENTZ, Cliff",22101,R,OR,House,118-H-935,Yea,B000668
"BENTZ, Cliff",22101,R,OR,House,119-H-128,Yea,B000668
"BENTZ, Cliff",22101,R,OR,House,119-H-158,Yea,B000668
"BENTZ, Cliff",22101,R,OR,House,119-H-526,Yea,B000668
"BENTZ, Cliff",22101,R,OR,House,119-H-655,Yea,B000668
"BERA, Ami",21304,D,CA,House,116-H-107,Yea,B001287
"BERA, Ami",21304,D,CA,House,116-H-28,Yea,B001287
"BERA, Ami",21304,D,CA,House,116-H-496,Yea,B001287
"BERA, Ami",21304,D,CA,House,116-H-651,Yea,B001287
"BERA, Ami",21304,D,CA,House,117-H-274,Yea,B001287
"BERA, Ami",21304,D,CA,House,117-H-660,Yea,B001287
"BERA, Ami",21304,D,CA,House,118-H-1146,Nay,B001287
"BERA, Ami",21304,D,CA,House,118-H-1194,Yea,B001287
"BERA, Ami",21304,D,CA,House,118-H-193,Yea,B001287
"BERA, Ami",21304,D,CA,House,118-H-241,Yea,B001287
"BERA, Ami",21304,D,CA,House,118-H-337,Yea,B001287
"BERA, Ami",21304,D,CA,House,118-H-523,Yea,B001287
"BERA, Ami",21304,D,CA,House,118-H-556,Yea,B001287
"BERA, Ami",21304,D,CA,House,118-H-572,Nay,B001287
"BERA, Ami",21304,D,CA,House,118-H-573,Yea,B001287
"BERA, Ami",21304,D,CA,House,118-H-617,Nay,B001287
"BERA, Ami",21304,D,CA,House,118-H-671,Yea,B001287
"BERA, Ami",21304,D,CA,House,118-H-672,Yea,B001287
"BERA, Ami",21304,D,CA,House,118-H-692,Yea,B001287
"BERA, Ami",21304,D,CA,House,118-H-716,Nay,B001287
"BERA, Ami",21304,D,CA,House,118-H-746,Yea,B001287
"BERA, Ami",21304,D,CA,House,118-H-756,Nay,B001287
"BERA, Ami",21304,D,CA,House,118-H-762,Yea,B001287
"BERA, Ami",21304,D,CA,House,118-H-852,Yea,B001287
"BERA, Ami",21304,D,CA,House,118-H-859,Yea,B001287
"BERA, Ami",21304,D,CA,House,118-H-870,Yea,B001287
"BERA, Ami",21304,D,CA,House,118-H-890,Yea,B001287
"BERA, Ami",21304,D,CA,House,118-H-935,Nay,B001287
"BERA, Ami",21304,D,CA,House,119-H-128,Yea,B001287
"BERA, Ami",21304,D,CA,House,119-H-158,Yea,B001287
"BERA, Ami",21304,D,CA,House,119-H-526,Yea,B001287
"BERA, Ami",21304,D,CA,House,119-H-655,Nay,B001287
"BERGMAN, John",21704,R,MI,House,116-H-107,Yea,B001301
"BERGMAN, John",21704,R,MI,House,116-H-28,Yea,B001301
"BERGMAN, John",21704,R,MI,House,116-H-496,Yea,B001301
"BERGMAN, John",21704,R,MI,House,116-H-651,Nay,B001301
"BERGMAN, John",21704,R,MI,House,117-H-274,Yea,B001301
"BERGMAN, John",21704,R,MI,House,117-H-660,Yea,B001301
"BERGMAN, John",21704,R,MI,House,118-H-1146,Yea,B001301
"BERGMAN, John",21704,R,MI,House,118-H-1194,Yea,B001301
"BERGMAN, John",21704,R,MI,House,118-H-193,Yea,B001301
"BERGMAN, John",21704,R,MI,House,118-H-241,Yea,B001301
"BERGMAN, John",21704,R,MI,House,118-H-337,Yea,B001301
"BERGMAN, John",21704,R,MI,House,118-H-523,Yea,B001301
"BERGMAN, John",21704,R,MI,House,118-H-556,Yea,B001301
"BERGMAN, John",21704,R,MI,House,118-H-572,Yea,B001301
"BERGMAN, John",21704,R,MI,House,118-H-573,Yea,B001301
"BERGMAN, John",21704,R,MI,House,118-H-617,Yea,B001301
"BERGMAN, John",21704,R,MI,House,118-H-671,Yea,B001301
"BERGMAN, John",21704,R,MI,House,118-H-672,Yea,B001301
"BERGMAN, John",21704,R,MI,House,118-H-692,Yea,B001301
"BERGMAN, John",21704,R,MI,House,118-H-716,Yea,B001301
"BERGMAN, John",21704,R,MI,House,118-H-746,Yea,B001301
"BERGMAN, John",21704,R,MI,House,118-H-756,Yea,B001301
"BERGMAN, John",21704,R,MI,House,118-H-762,Yea,B001301
"BERGMAN, John",21704,R,MI,House,118-H-852,Yea,B001301
"BERGMAN, John",21704,R,MI,House,118-H-859,Yea,B001301
"BERGMAN, John",21704,R,MI,House,118-H-870,Yea,B001301
"BERGMAN, John",21704,R,MI,House,118-H-890,Yea,B001301
"BERGMAN, John",21704,R,MI,House,118-H-935,Yea,B001301
"BERGMAN, John",21704,R,MI,House,119-H-128,Yea,B001301
"BERGMAN, John",21704,R,MI,House,119-H-158,Yea,B001301
"BERGMAN, John",21704,R,MI,House,119-H-526,Yea,B001301
"BERGMAN, John",21704,R,MI,House,119-H-655,Yea,B001301
"BEYER, Donald Sternoff Jr.",21554,D,VA,House,116-H-107,Yea,B001292
"BEYER, Donald Sternoff Jr.",21554,D,VA,House,116-H-28,Yea,B001292
"BEYER, Donald Sternoff Jr.",21554,D,VA,House,116-H-496,Yea,B001292
"BEYER, Donald Sternoff Jr.",21554,D,VA,House,116-H-651,Yea,B001292
"BEYER, Donald Sternoff Jr.",21554,D,VA,House,117-H-274,Yea,B001292
"BEYER, Donald Sternoff Jr.",21554,D,VA,House,117-H-660,Yea,B001292
"BEYER, Donald Sternoff Jr.",21554,D,VA,House,118-H-1146,Nay,B001292
"BEYER, Donald Sternoff Jr.",21554,D,VA,House,118-H-1194,Not voting,B001292
"BEYER, Donald Sternoff Jr.",21554,D,VA,House,118-H-193,Yea,B001292
"BEYER, Donald Sternoff Jr.",21554,D,VA,House,118-H-241,Yea,B001292
"BEYER, Donald Sternoff Jr.",21554,D,VA,House,118-H-337,Yea,B001292
"BEYER, Donald Sternoff Jr.",21554,D,VA,House,118-H-523,Yea,B001292
"BEYER, Donald Sternoff Jr.",21554,D,VA,House,118-H-556,Yea,B001292
"BEYER, Donald Sternoff Jr.",21554,D,VA,House,118-H-572,Nay,B001292
"BEYER, Donald Sternoff Jr.",21554,D,VA,House,118-H-573,Yea,B001292
"BEYER, Donald Sternoff Jr.",21554,D,VA,House,118-H-617,Nay,B001292
"BEYER, Donald Sternoff Jr.",21554,D,VA,House,118-H-671,Yea,B001292
"BEYER, Donald Sternoff Jr.",21554,D,VA,House,118-H-672,Yea,B001292
"BEYER, Donald Sternoff Jr.",21554,D,VA,House,118-H-692,Present,B001292
"BEYER, Donald Sternoff Jr.",21554,D,VA,House,118-H-716,Nay,B001292
"BEYER, Donald Sternoff Jr.",21554,D,VA,House,118-H-746,Yea,B001292
"BEYER, Donald Sternoff Jr.",21554,D,VA,House,118-H-756,Nay,B001292
"BEYER, Donald Sternoff Jr.",21554,D,VA,House,118-H-762,Yea,B001292
"BEYER, Donald Sternoff Jr.",21554,D,VA,House,118-H-852,Nay,B001292
"BEYER, Donald Sternoff Jr.",21554,D,VA,House,118-H-859,Yea,B001292
"BEYER, Donald Sternoff Jr.",21554,D,VA,House,118-H-870,Nay,B001292
"BEYER, Donald Sternoff Jr.",21554,D,VA,House,118-H-890,Nay,B001292
"BEYER, Donald Sternoff Jr.",21554,D,VA,House,118-H-935,Nay,B001292
"BEYER, Donald Sternoff Jr.",21554,D,VA,House,119-H-128,Yea,B001292
"BEYER, Donald Sternoff Jr.",21554,D,VA,House,119-H-158,Yea,B001292
"BEYER, Donald Sternoff Jr.",21554,D,VA,House,119-H-526,Yea,B001292
"BEYER, Donald Sternoff Jr.",21554,D,VA,House,119-H-655,Nay,B001292
"BICE, Stephanie I.",22102,R,OK,House,117-H-274,Yea,B000740
"BICE, Stephanie I.",22102,R,OK,House,117-H-660,Yea,B000740
"BICE, Stephanie I.",22102,R,OK,House,118-H-1146,Yea,B000740
"BICE, Stephanie I.",22102,R,OK,House,118-H-1194,Yea,B000740
"BICE, Stephanie I.",22102,R,OK,House,118-H-193,Yea,B000740
"BICE, Stephanie I.",22102,R,OK,House,118-H-241,Yea,B000740
"BICE, Stephanie I.",22102,R,OK,House,118-H-337,Yea,B000740
"BICE, Stephanie I.",22102,R,OK,House,118-H-523,Yea,B000740
"BICE, Stephanie I.",22102,R,OK,House,118-H-556,Yea,B000740
"BICE, Stephanie I.",22102,R,OK,House,118-H-572,Yea,B000740
"BICE, Stephanie I.",22102,R,OK,House,118-H-573,Yea,B000740
"BICE, Stephanie I.",22102,R,OK,House,118-H-617,Yea,B000740
"BICE, Stephanie I.",22102,R,OK,House,118-H-671,Yea,B000740
"BICE, Stephanie I.",22102,R,OK,House,118-H-672,Yea,B000740
"BICE, Stephanie I.",22102,R,OK,House,118-H-692,Yea,B000740
"BICE, Stephanie I.",22102,R,OK,House,118-H-716,Yea,B000740
"BICE, Stephanie I.",22102,R,OK,House,118-H-746,Yea,B000740
"BICE, Stephanie I.",22102,R,OK,House,118-H-756,Yea,B000740
"BICE, Stephanie I.",22102,R,OK,House,118-H-762,Yea,B000740
"BICE, Stephanie I.",22102,R,OK,House,118-H-852,Yea,B000740
"BICE, Stephanie I.",22102,R,OK,House,118-H-859,Yea,B000740
"BICE, Stephanie I.",22102,R,OK,House,118-H-870,Yea,B000740
"BICE, Stephanie I.",22102,R,OK,House,118-H-890,Yea,B000740
"BICE, Stephanie I.",22102,R,OK,House,118-H-935,Yea,B000740
"BICE, Stephanie I.",22102,R,OK,House,119-H-128,Yea,B000740
"BICE, Stephanie I.",22102,R,OK,House,119-H-158,Yea,B000740
"BICE, Stephanie I.",22102,R,OK,House,119-H-526,Yea,B000740
"BICE, Stephanie I.",22102,R,OK,House,119-H-655,Yea,B000740
"BIGGS, Andrew S.",21705,R,AZ,House,116-H-107,Nay,B001302
"BIGGS, Andrew S.",21705,R,AZ,House,116-H-28,Yea,B001302
"BIGGS, Andrew S.",21705,R,AZ,House,116-H-496,Yea,B001302
"BIGGS, Andrew S.",21705,R,AZ,House,116-H-651,Nay,B001302
"BIGGS, Andrew S.",21705,R,AZ,House,117-H-274,Yea,B001302
"BIGGS, Andrew S.",21705,R,AZ,House,117-H-660,Yea,B001302
"BIGGS, Andrew S.",21705,R,AZ,House,118-H-1146,Yea,B001302
"BIGGS, Andrew S.",21705,R,AZ,House,118-H-1194,Nay,B001302
"BIGGS, Andrew S.",21705,R,AZ,House,118-H-193,Yea,B001302
"BIGGS, Andrew S.",21705,R,AZ,House,118-H-241,Yea,B001302
"BIGGS, Andrew S.",21705,R,AZ,House,118-H-337,Yea,B001302
"BIGGS, Andrew S.",21705,R,AZ,House,118-H-523,Yea,B001302
"BIGGS, Andrew S.",21705,R,AZ,House,118-H-556,Yea,B001302
"BIGGS, Andrew S.",21705,R,AZ,House,118-H-572,Yea,B001302
"BIGGS, Andrew S.",21705,R,AZ,House,118-H-573,Yea,B001302
"BIGGS, Andrew S.",21705,R,AZ,House,118-H-617,Yea,B001302
"BIGGS, Andrew S.",21705,R,AZ,House,118-H-671,Yea,B001302
"BIGGS, Andrew S.",21705,R,AZ,House,118-H-672,Yea,B001302
"BIGGS, Andrew S.",21705,R,AZ,House,118-H-692,Yea,B001302
"BIGGS, Andrew S.",21705,R,AZ,House,118-H-716,Yea,B001302
"BIGGS, Andrew S.",21705,R,AZ,House,118-H-746,Yea,B001302
"BIGGS, Andrew S.",21705,R,AZ,House,118-H-756,Nay,B001302
"BIGGS, Andrew S.",21705,R,AZ,House,118-H-762,Yea,B001302
"BIGGS, Andrew S.",21705,R,AZ,House,118-H-852,Yea,B001302
"BIGGS, Andrew S.",21705,R,AZ,House,118-H-859,Yea,B001302
"BIGGS, Andrew S.",21705,R,AZ,House,118-H-870,Nay,B001302
"BIGGS, Andrew S.",21705,R,AZ,House,118-H-890,Nay,B001302
"BIGGS, Andrew S.",21705,R,AZ,House,118-H-935,Yea,B001302
"BIGGS, Andrew S.",21705,R,AZ,House,119-H-128,Yea,B001302
"BIGGS, Andrew S.",21705,R,AZ,House,119-H-158,Yea,B001302
"BIGGS, Andrew S.",21705,R,AZ,House,119-H-526,Yea,B001302
"BIGGS, Andrew S.",21705,R,AZ,House,119-H-655,Yea,B001302
"BIGGS, Sheri",22505,R,SC,House,119-H-128,Yea,B001325
"BIGGS, Sheri",22505,R,SC,House,119-H-158,Yea,B001325
"BIGGS, Sheri",22505,R,SC,House,119-H-526,Yea,B001325
"BIGGS, Sheri",22505,R,SC,House,119-H-655,Yea,B001325
"BILIRAKIS, Gus",20758,R,FL,House,116-H-107,Yea,B001257
"BILIRAKIS, Gus",20758,R,FL,House,116-H-28,Yea,B001257
"BILIRAKIS, Gus",20758,R,FL,House,116-H-496,Yea,B001257
"BILIRAKIS, Gus",20758,R,FL,House,116-H-651,Nay,B001257
"BILIRAKIS, Gus",20758,R,FL,House,117-H-274,Yea,B001257
"BILIRAKIS, Gus",20758,R,FL,House,117-H-660,Yea,B001257
"BILIRAKIS, Gus",20758,R,FL,House,118-H-1146,Yea,B001257
"BILIRAKIS, Gus",20758,R,FL,House,118-H-1194,Yea,B001257
"BILIRAKIS, Gus",20758,R,FL,House,118-H-193,Yea,B001257
"BILIRAKIS, Gus",20758,R,FL,House,118-H-241,Yea,B001257
"BILIRAKIS, Gus",20758,R,FL,House,118-H-337,Yea,B001257
"BILIRAKIS, Gus",20758,R,FL,House,118-H-523,Yea,B001257
"BILIRAKIS, Gus",20758,R,FL,House,118-H-556,Yea,B001257
"BILIRAKIS, Gus",20758,R,FL,House,118-H-572,Yea,B001257
"BILIRAKIS, Gus",20758,R,FL,House,118-H-573,Yea,B001257
"BILIRAKIS, Gus",20758,R,FL,House,118-H-617,Yea,B001257
"BILIRAKIS, Gus",20758,R,FL,House,118-H-671,Yea,B001257
"BILIRAKIS, Gus",20758,R,FL,House,118-H-672,Yea,B001257
"BILIRAKIS, Gus",20758,R,FL,House,118-H-692,Yea,B001257
"BILIRAKIS, Gus",20758,R,FL,House,118-H-716,Yea,B001257
"BILIRAKIS, Gus",20758,R,FL,House,118-H-746,Yea,B001257
"BILIRAKIS, Gus",20758,R,FL,House,118-H-756,Yea,B001257
"BILIRAKIS, Gus",20758,R,FL,House,118-H-762,Yea,B001257
"BILIRAKIS, Gus",20758,R,FL,House,118-H-852,Yea,B001257
"BILIRAKIS, Gus",20758,R,FL,House,118-H-859,Yea,B001257
"BILIRAKIS, Gus",20758,R,FL,House,118-H-870,Yea,B001257
"BILIRAKIS, Gus",20758,R,FL,House,118-H-890,Yea,B001257
"BILIRAKIS, Gus",20758,R,FL,House,118-H-935,Yea,B001257
"BILIRAKIS, Gus",20758,R,FL,House,119-H-128,Yea,B001257
"BILIRAKIS, Gus",20758,R,FL,House,119-H-158,Yea,B001257
"BILIRAKIS, Gus",20758,R,FL,House,119-H-526,Yea,B001257
"BILIRAKIS, Gus",20758,R,FL,House,119-H-655,Yea,B001257
"BISHOP, Dan",21986,R,NC,House,116-H-651,Nay,B001311
"BISHOP, Dan",21986,R,NC,House,117-H-274,Yea,B001311
"BISHOP, Dan",21986,R,NC,House,117-H-660,Yea,B001311
"BISHOP, Dan",21986,R,NC,House,118-H-1146,Yea,B001311
"BISHOP, Dan",21986,R,NC,House,118-H-1194,Yea,B001311
"BISHOP, Dan",21986,R,NC,House,118-H-193,Yea,B001311
"BISHOP, Dan",21986,R,NC,House,118-H-241,Yea,B001311
"BISHOP, Dan",21986,R,NC,House,118-H-337,Yea,B001311
"BISHOP, Dan",21986,R,NC,House,118-H-523,Yea,B001311
"BISHOP, Dan",21986,R,NC,House,118-H-556,Yea,B001311
"BISHOP, Dan",21986,R,NC,House,118-H-572,Yea,B001311
"BISHOP, Dan",21986,R,NC,House,118-H-573,Yea,B001311
"BISHOP, Dan",21986,R,NC,House,118-H-617,Yea,B001311
"BISHOP, Dan",21986,R,NC,House,118-H-671,Yea,B001311
"BISHOP, Dan",21986,R,NC,House,118-H-672,Yea,B001311
"BISHOP, Dan",21986,R,NC,House,118-H-692,Yea,B001311
"BISHOP, Dan",21986,R,NC,House,118-H-716,Yea,B001311
"BISHOP, Dan",21986,R,NC,House,118-H-746,Yea,B001311
"BISHOP, Dan",21986,R,NC,House,118-H-756,Yea,B001311
"BISHOP, Dan",21986,R,NC,House,118-H-762,Yea,B001311
"BISHOP, Dan",21986,R,NC,House,118-H-852,Yea,B001311
"BISHOP, Dan",21986,R,NC,House,118-H-859,Yea,B001311
"BISHOP, Dan",21986,R,NC,House,118-H-870,Yea,B001311
"BISHOP, Dan",21986,R,NC,House,118-H-890,Yea,B001311
"BISHOP, Dan",21986,R,NC,House,118-H-935,Yea,B001311
"BISHOP, Robert (Rob)",20357,R,UT,House,116-H-107,Yea,B001250
"BISHOP, Robert (Rob)",20357,R,UT,House,116-H-28,Yea,B001250
"BISHOP, Robert (Rob)",20357,R,UT,House,116-H-496,Yea,B001250
"BISHOP, Robert (Rob)",20357,R,UT,House,116-H-651,Nay,B001250
"BISHOP, Sanford Dixon, Jr.",29339,D,GA,House,116-H-107,Yea,B000490
"BISHOP, Sanford Dixon, Jr.",29339,D,GA,House,116-H-28,Yea,B000490
"BISHOP, Sanford Dixon, Jr.",29339,D,GA,House,116-H-496,Yea,B000490
"BISHOP, Sanford Dixon, Jr.",29339,D,GA,House,116-H-651,Yea,B000490
"BISHOP, Sanford Dixon, Jr.",29339,D,GA,House,117-H-274,Yea,B000490
"BISHOP, Sanford Dixon, Jr.",29339,D,GA,House,117-H-660,Yea,B000490
"BISHOP, Sanford Dixon, Jr.",29339,D,GA,House,118-H-1146,Nay,B000490
"BISHOP, Sanford Dixon, Jr.",29339,D,GA,House,118-H-1194,Yea,B000490
"BISHOP, Sanford Dixon, Jr.",29339,D,GA,House,118-H-193,Yea,B000490
"BISHOP, Sanford Dixon, Jr.",29339,D,GA,House,118-H-241,Yea,B000490
"BISHOP, Sanford Dixon, Jr.",29339,D,GA,House,118-H-337,Yea,B000490
"BISHOP, Sanford Dixon, Jr.",29339,D,GA,House,118-H-523,Yea,B000490
"BISHOP, Sanford Dixon, Jr.",29339,D,GA,House,118-H-556,Yea,B000490
"BISHOP, Sanford Dixon, Jr.",29339,D,GA,House,118-H-572,Nay,B000490
"BISHOP, Sanford Dixon, Jr.",29339,D,GA,House,118-H-573,Yea,B000490
"BISHOP, Sanford Dixon, Jr.",29339,D,GA,House,118-H-617,Nay,B000490
"BISHOP, Sanford Dixon, Jr.",29339,D,GA,House,118-H-671,Not voting,B000490
"BISHOP, Sanford Dixon, Jr.",29339,D,GA,House,118-H-672,Not voting,B000490
"BISHOP, Sanford Dixon, Jr.",29339,D,GA,House,118-H-692,Yea,B000490
"BISHOP, Sanford Dixon, Jr.",29339,D,GA,House,118-H-716,Nay,B000490
"BISHOP, Sanford Dixon, Jr.",29339,D,GA,House,118-H-746,Yea,B000490
"BISHOP, Sanford Dixon, Jr.",29339,D,GA,House,118-H-756,Nay,B000490
"BISHOP, Sanford Dixon, Jr.",29339,D,GA,House,118-H-762,Yea,B000490
"BISHOP, Sanford Dixon, Jr.",29339,D,GA,House,118-H-852,Yea,B000490
"BISHOP, Sanford Dixon, Jr.",29339,D,GA,House,118-H-859,Yea,B000490
"BISHOP, Sanford Dixon, Jr.",29339,D,GA,House,118-H-870,Yea,B000490
"BISHOP, Sanford Dixon, Jr.",29339,D,GA,House,118-H-890,Yea,B000490
"BISHOP, Sanford Dixon, Jr.",29339,D,GA,House,118-H-935,Nay,B000490
"BISHOP, Sanford Dixon, Jr.",29339,D,GA,House,119-H-128,Yea,B000490
"BISHOP, Sanford Dixon, Jr.",29339,D,GA,House,119-H-158,Yea,B000490
"BISHOP, Sanford Dixon, Jr.",29339,D,GA,House,119-H-526,Yea,B000490
"BISHOP, Sanford Dixon, Jr.",29339,D,GA,House,119-H-655,Nay,B000490
"BLUMENAUER, Earl",29588,D,OR,House,116-H-107,Yea,B000574
"BLUMENAUER, Earl",29588,D,OR,House,116-H-28,Yea,B000574
"BLUMENAUER, Earl",29588,D,OR,House,116-H-496,Nay,B000574
"BLUMENAUER, Earl",29588,D,OR,House,116-H-651,Yea,B000574
"BLUMENAUER, Earl",29588,D,OR,House,117-H-274,Yea,B000574
"BLUMENAUER, Earl",29588,D,OR,House,117-H-660,Yea,B000574
"BLUMENAUER, Earl",29588,D,OR,House,118-H-1146,Nay,B000574
"BLUMENAUER, Earl",29588,D,OR,House,118-H-1194,Not voting,B000574
"BLUMENAUER, Earl",29588,D,OR,House,118-H-193,Yea,B000574
"BLUMENAUER, Earl",29588,D,OR,House,118-H-241,Yea,B000574
"BLUMENAUER, Earl",29588,D,OR,House,118-H-337,Yea,B000574
"BLUMENAUER, Earl",29588,D,OR,House,118-H-523,Yea,B000574
"BLUMENAUER, Earl",29588,D,OR,House,118-H-556,Nay,B000574
"BLUMENAUER, Earl",29588,D,OR,House,118-H-572,Nay,B000574
"BLUMENAUER, Earl",29588,D,OR,House,118-H-573,Nay,B000574
"BLUMENAUER, Earl",29588,D,OR,House,118-H-617,Nay,B000574
"BLUMENAUER, Earl",29588,D,OR,House,118-H-671,Yea,B000574
"BLUMENAUER, Earl",29588,D,OR,House,118-H-672,Yea,B000574
"BLUMENAUER, Earl",29588,D,OR,House,118-H-692,Present,B000574
"BLUMENAUER, Earl",29588,D,OR,House,118-H-716,Nay,B000574
"BLUMENAUER, Earl",29588,D,OR,House,118-H-746,Yea,B000574
"BLUMENAUER, Earl",29588,D,OR,House,118-H-756,Nay,B000574
"BLUMENAUER, Earl",29588,D,OR,House,118-H-762,Yea,B000574
"BLUMENAUER, Earl",29588,D,OR,House,118-H-852,Yea,B000574
"BLUMENAUER, Earl",29588,D,OR,House,118-H-859,Yea,B000574
"BLUMENAUER, Earl",29588,D,OR,House,118-H-870,Nay,B000574
"BLUMENAUER, Earl",29588,D,OR,House,118-H-890,Nay,B000574
"BLUMENAUER, Earl",29588,D,OR,House,118-H-935,Nay,B000574
"BLUNT ROCHESTER, Lisa",21706,D,DE,House,116-H-107,Yea,B001303
"BLUNT ROCHESTER, Lisa",21706,D,DE,House,116-H-28,Yea,B001303
"BLUNT ROCHESTER, Lisa",21706,D,DE,House,116-H-496,Yea,B001303
"BLUNT ROCHESTER, Lisa",21706,D,DE,House,116-H-651,Yea,B001303
"BLUNT ROCHESTER, Lisa",21706,D,DE,House,117-H-274,Yea,B001303
"BLUNT ROCHESTER, Lisa",21706,D,DE,House,117-H-660,Yea,B001303
"BLUNT ROCHESTER, Lisa",21706,D,DE,House,118-H-1146,Nay,B001303
"BLUNT ROCHESTER, Lisa",21706,D,DE,House,118-H-1194,Yea,B001303
"BLUNT ROCHESTER, Lisa",21706,D,DE,House,118-H-193,Yea,B001303
"BLUNT ROCHESTER, Lisa",21706,D,DE,House,118-H-241,Yea,B001303
"BLUNT ROCHESTER, Lisa",21706,D,DE,House,118-H-337,Yea,B001303
"BLUNT ROCHESTER, Lisa",21706,D,DE,House,118-H-523,Yea,B001303
"BLUNT ROCHESTER, Lisa",21706,D,DE,House,118-H-556,Yea,B001303
"BLUNT ROCHESTER, Lisa",21706,D,DE,House,118-H-572,Nay,B001303
"BLUNT ROCHESTER, Lisa",21706,D,DE,House,118-H-573,Yea,B001303
"BLUNT ROCHESTER, Lisa",21706,D,DE,House,118-H-617,Nay,B001303
"BLUNT ROCHESTER, Lisa",21706,D,DE,House,118-H-671,Yea,B001303
"BLUNT ROCHESTER, Lisa",21706,D,DE,House,118-H-672,Yea,B001303
"BLUNT ROCHESTER, Lisa",21706,D,DE,House,118-H-692,Yea,B001303
"BLUNT ROCHESTER, Lisa",21706,D,DE,House,118-H-716,Nay,B001303
"BLUNT ROCHESTER, Lisa",21706,D,DE,House,118-H-746,Yea,B001303
"BLUNT ROCHESTER, Lisa",21706,D,DE,House,118-H-756,Nay,B001303
"BLUNT ROCHESTER, Lisa",21706,D,DE,House,118-H-762,Yea,B001303
"BLUNT ROCHESTER, Lisa",21706,D,DE,House,118-H-852,Yea,B001303
"BLUNT ROCHESTER, Lisa",21706,D,DE,House,118-H-859,Yea,B001303
"BLUNT ROCHESTER, Lisa",21706,D,DE,House,118-H-870,Yea,B001303
"BLUNT ROCHESTER, Lisa",21706,D,DE,House,118-H-890,Yea,B001303
"BLUNT ROCHESTER, Lisa",21706,D,DE,House,118-H-935,Nay,B001303
"BOEBERT, Lauren",22103,R,CO,House,117-H-274,Yea,B000825
"BOEBERT, Lauren",22103,R,CO,House,117-H-660,Yea,B000825
"BOEBERT, Lauren",22103,R,CO,House,118-H-1146,Yea,B000825
"BOEBERT, Lauren",22103,R,CO,House,118-H-1194,Nay,B000825
"BOEBERT, Lauren",22103,R,CO,House,118-H-193,Yea,B000825
"BOEBERT, Lauren",22103,R,CO,House,118-H-241,Yea,B000825
"BOEBERT, Lauren",22103,R,CO,House,118-H-337,Yea,B000825
"BOEBERT, Lauren",22103,R,CO,House,118-H-523,Yea,B000825
"BOEBERT, Lauren",22103,R,CO,House,118-H-556,Yea,B000825
"BOEBERT, Lauren",22103,R,CO,House,118-H-572,Yea,B000825
"BOEBERT, Lauren",22103,R,CO,House,118-H-573,Not voting,B000825
"BOEBERT, Lauren",22103,R,CO,House,118-H-617,Yea,B000825
"BOEBERT, Lauren",22103,R,CO,House,118-H-671,Yea,B000825
"BOEBERT, Lauren",22103,R,CO,House,118-H-672,Yea,B000825
"BOEBERT, Lauren",22103,R,CO,House,118-H-692,Yea,B000825
"BOEBERT, Lauren",22103,R,CO,House,118-H-716,Yea,B000825
"BOEBERT, Lauren",22103,R,CO,House,118-H-746,Yea,B000825
"BOEBERT, Lauren",22103,R,CO,House,118-H-756,Nay,B000825
"BOEBERT, Lauren",22103,R,CO,House,118-H-762,Yea,B000825
"BOEBERT, Lauren",22103,R,CO,House,118-H-852,Yea,B000825
"BOEBERT, Lauren",22103,R,CO,House,118-H-859,Yea,B000825
"BOEBERT, Lauren",22103,R,CO,House,118-H-870,Nay,B000825
"BOEBERT, Lauren",22103,R,CO,House,118-H-890,Nay,B000825
"BOEBERT, Lauren",22103,R,CO,House,118-H-935,Not voting,B000825
"BOEBERT, Lauren",22103,R,CO,House,119-H-128,Yea,B000825
"BOEBERT, Lauren",22103,R,CO,House,119-H-158,Not voting,B000825
"BOEBERT, Lauren",22103,R,CO,House,119-H-526,Yea,B000825
"BOEBERT, Lauren",22103,R,CO,House,119-H-655,Yea,B000825
"BONAMICI, Suzanne",21198,D,OR,House,116-H-107,Yea,B001278
"BONAMICI, Suzanne",21198,D,OR,House,116-H-28,Yea,B001278
"BONAMICI, Suzanne",21198,D,OR,House,116-H-496,Yea,B001278
"BONAMICI, Suzanne",21198,D,OR,House,116-H-651,Yea,B001278
"BONAMICI, Suzanne",21198,D,OR,House,117-H-274,Yea,B001278
"BONAMICI, Suzanne",21198,D,OR,House,117-H-660,Yea,B001278
"BONAMICI, Suzanne",21198,D,OR,House,118-H-1146,Nay,B001278
"BONAMICI, Suzanne",21198,D,OR,House,118-H-1194,Yea,B001278
"BONAMICI, Suzanne",21198,D,OR,House,118-H-193,Yea,B001278
"BONAMICI, Suzanne",21198,D,OR,House,118-H-241,Yea,B001278
"BONAMICI, Suzanne",21198,D,OR,House,118-H-337,Yea,B001278
"BONAMICI, Suzanne",21198,D,OR,House,118-H-523,Yea,B001278
"BONAMICI, Suzanne",21198,D,OR,House,118-H-556,Yea,B001278
"BONAMICI, Suzanne",21198,D,OR,House,118-H-572,Nay,B001278
"BONAMICI, Suzanne",21198,D,OR,House,118-H-573,Yea,B001278
"BONAMICI, Suzanne",21198,D,OR,House,118-H-617,Nay,B001278
"BONAMICI, Suzanne",21198,D,OR,House,118-H-671,Yea,B001278
"BONAMICI, Suzanne",21198,D,OR,House,118-H-672,Yea,B001278
"BONAMICI, Suzanne",21198,D,OR,House,118-H-692,Present,B001278
"BONAMICI, Suzanne",21198,D,OR,House,118-H-716,Nay,B001278
"BONAMICI, Suzanne",21198,D,OR,House,118-H-746,Yea,B001278
"BONAMICI, Suzanne",21198,D,OR,House,118-H-756,Nay,B001278
"BONAMICI, Suzanne",21198,D,OR,House,118-H-762,Yea,B001278
"BONAMICI, Suzanne",21198,D,OR,House,118-H-852,Nay,B001278
"BONAMICI, Suzanne",21198,D,OR,House,118-H-859,Yea,B001278
"BONAMICI, Suzanne",21198,D,OR,House,118-H-870,Yea,B001278
"BONAMICI, Suzanne",21198,D,OR,House,118-H-890,Nay,B001278
"BONAMICI, Suzanne",21198,D,OR,House,118-H-935,Nay,B001278
"BONAMICI, Suzanne",21198,D,OR,House,119-H-128,Yea,B001278
"BONAMICI, Suzanne",21198,D,OR,House,119-H-158,Yea,B001278
"BONAMICI, Suzanne",21198,D,OR,House,119-H-526,Yea,B001278
"BONAMICI, Suzanne",21198,D,OR,House,119-H-655,Nay,B001278
"BOST, Mike",21519,R,IL,House,116-H-107,Yea,B001295
"BOST, Mike",21519,R,IL,House,116-H-28,Yea,B001295
"BOST, Mike",21519,R,IL,House,116-H-496,Yea,B001295
"BOST, Mike",21519,R,IL,House,116-H-651,Nay,B001295
"BOST, Mike",21519,R,IL,House,117-H-274,Yea,B001295
"BOST, Mike",21519,R,IL,House,117-H-660,Yea,B001295
"BOST, Mike",21519,R,IL,House,118-H-1146,Yea,B001295
"BOST, Mike",21519,R,IL,House,118-H-1194,Yea,B001295
"BOST, Mike",21519,R,IL,House,118-H-193,Yea,B001295
"BOST, Mike",21519,R,IL,House,118-H-241,Yea,B001295
"BOST, Mike",21519,R,IL,House,118-H-337,Yea,B001295
"BOST, Mike",21519,R,IL,House,118-H-523,Yea,B001295
"BOST, Mike",21519,R,IL,House,118-H-556,Yea,B001295
"BOST, Mike",21519,R,IL,House,118-H-572,Yea,B001295
"BOST, Mike",21519,R,IL,House,118-H-573,Yea,B001295
"BOST, Mike",21519,R,IL,House,118-H-617,Yea,B001295
"BOST, Mike",21519,R,IL,House,118-H-671,Yea,B001295
"BOST, Mike",21519,R,IL,House,118-H-672,Yea,B001295
"BOST, Mike",21519,R,IL,House,118-H-692,Yea,B001295
"BOST, Mike",21519,R,IL,House,118-H-716,Yea,B001295
"BOST, Mike",21519,R,IL,House,118-H-746,Yea,B001295
"BOST, Mike",21519,R,IL,House,118-H-756,Yea,B001295
"BOST, Mike",21519,R,IL,House,118-H-762,Yea,B001295
"BOST, Mike",21519,R,IL,House,118-H-852,Yea,B001295
"BOST, Mike",21519,R,IL,House,118-H-859,Yea,B001295
"BOST, Mike",21519,R,IL,House,118-H-870,Yea,B001295
"BOST, Mike",21519,R,IL,House,118-H-890,Yea,B001295
"BOST, Mike",21519,R,IL,House,118-H-935,Yea,B001295
"BOST, Mike",21519,R,IL,House,119-H-128,Yea,B001295
"BOST, Mike",21519,R,IL,House,119-H-158,Yea,B001295
"BOST, Mike",21519,R,IL,House,119-H-526,Yea,B001295
"BOST, Mike",21519,R,IL,House,119-H-655,Yea,B001295
"BOWMAN, Jamaal",22105,D,NY,House,117-H-274,Yea,B001223
"BOWMAN, Jamaal",22105,D,NY,House,117-H-660,Yea,B001223
"BOWMAN, Jamaal",22105,D,NY,House,118-H-1146,Nay,B001223
"BOWMAN, Jamaal",22105,D,NY,House,118-H-1194,Yea,B001223
"BOWMAN, Jamaal",22105,D,NY,House,118-H-193,Nay,B001223
"BOWMAN, Jamaal",22105,D,NY,House,118-H-241,Yea,B001223
"BOWMAN, Jamaal",22105,D,NY,House,118-H-337,Nay,B001223
"BOWMAN, Jamaal",22105,D,NY,House,118-H-523,Nay,B001223
"BOWMAN, Jamaal",22105,D,NY,House,118-H-556,Nay,B001223
"BOWMAN, Jamaal",22105,D,NY,House,118-H-572,Nay,B001223
"BOWMAN, Jamaal",22105,D,NY,House,118-H-573,Nay,B001223
"BOWMAN, Jamaal",22105,D,NY,House,118-H-617,Nay,B001223
"BOWMAN, Jamaal",22105,D,NY,House,118-H-671,Yea,B001223
"BOWMAN, Jamaal",22105,D,NY,House,118-H-672,Yea,B001223
"BOWMAN, Jamaal",22105,D,NY,House,118-H-692,Nay,B001223
"BOWMAN, Jamaal",22105,D,NY,House,118-H-716,Nay,B001223
"BOWMAN, Jamaal",22105,D,NY,House,118-H-746,Yea,B001223
"BOWMAN, Jamaal",22105,D,NY,House,118-H-756,Nay,B001223
"BOWMAN, Jamaal",22105,D,NY,House,118-H-762,Yea,B001223
"BOWMAN, Jamaal",22105,D,NY,House,118-H-852,Nay,B001223
"BOWMAN, Jamaal",22105,D,NY,House,118-H-859,Nay,B001223
"BOWMAN, Jamaal",22105,D,NY,House,118-H-870,Nay,B001223
"BOWMAN, Jamaal",22105,D,NY,House,118-H-890,Nay,B001223
"BOWMAN, Jamaal",22105,D,NY,House,118-H-935,Nay,B001223
"BOYLE, Brendan Francis",21548,D,PA,House,116-H-107,Yea,B001296
"BOYLE, Brendan Francis",21548,D,PA,House,116-H-28,Yea,B001296
"BOYLE, Brendan Francis",21548,D,PA,House,116-H-496,Yea,B001296
"BOYLE, Brendan Francis",21548,D,PA,House,116-H-651,Yea,B001296
"BOYLE, Brendan Francis",21548,D,PA,House,117-H-274,Yea,B001296
"BOYLE, Brendan Francis",21548,D,PA,House,117-H-660,Yea,B001296
"BOYLE, Brendan Francis",21548,D,PA,House,118-H-1146,Nay,B001296
"BOYLE, Brendan Francis",21548,D,PA,House,118-H-1194,Yea,B001296
"BOYLE, Brendan Francis",21548,D,PA,House,118-H-193,Yea,B001296
"BOYLE, Brendan Francis",21548,D,PA,House,118-H-241,Yea,B001296
"BOYLE, Brendan Francis",21548,D,PA,House,118-H-337,Yea,B001296
"BOYLE, Brendan Francis",21548,D,PA,House,118-H-523,Yea,B001296
"BOYLE, Brendan Francis",21548,D,PA,House,118-H-556,Yea,B001296
"BOYLE, Brendan Francis",21548,D,PA,House,118-H-572,Nay,B001296
"BOYLE, Brendan Francis",21548,D,PA,House,118-H-573,Yea,B001296
"BOYLE, Brendan Francis",21548,D,PA,House,118-H-617,Nay,B001296
"BOYLE, Brendan Francis",21548,D,PA,House,118-H-671,Yea,B001296
"BOYLE, Brendan Francis",21548,D,PA,House,118-H-672,Yea,B001296
"BOYLE, Brendan Francis",21548,D,PA,House,118-H-692,Not voting,B001296
"BOYLE, Brendan Francis",21548,D,PA,House,118-H-716,Nay,B001296
"BOYLE, Brendan Francis",21548,D,PA,House,118-H-746,Yea,B001296
"BOYLE, Brendan Francis",21548,D,PA,House,118-H-756,Nay,B001296
"BOYLE, Brendan Francis",21548,D,PA,House,118-H-762,Yea,B001296
"BOYLE, Brendan Francis",21548,D,PA,House,118-H-852,Yea,B001296
"BOYLE, Brendan Francis",21548,D,PA,House,118-H-859,Yea,B001296
"BOYLE, Brendan Francis",21548,D,PA,House,118-H-870,Yea,B001296
"BOYLE, Brendan Francis",21548,D,PA,House,118-H-890,Yea,B001296
"BOYLE, Brendan Francis",21548,D,PA,House,118-H-935,Nay,B001296
"BOYLE, Brendan Francis",21548,D,PA,House,119-H-128,Yea,B001296
"BOYLE, Brendan Francis",21548,D,PA,House,119-H-158,Not voting,B001296
"BOYLE, Brendan Francis",21548,D,PA,House,119-H-526,Not voting,B001296
"BOYLE, Brendan Francis",21548,D,PA,House,119-H-655,Nay,B001296
"BRADY, Kevin Patrick",29760,R,TX,House,116-H-107,Yea,B000755
"BRADY, Kevin Patrick",29760,R,TX,House,116-H-28,Yea,B000755
"BRADY, Kevin Patrick",29760,R,TX,House,116-H-496,Yea,B000755
"BRADY, Kevin Patrick",29760,R,TX,House,116-H-651,Nay,B000755
"BRADY, Kevin Patrick",29760,R,TX,House,117-H-274,Yea,B000755
"BRADY, Kevin Patrick",29760,R,TX,House,117-H-660,Yea,B000755
"BRECHEEN, Josh",22303,R,OK,House,118-H-1146,Yea,B001317
"BRECHEEN, Josh",22303,R,OK,House,118-H-1194,Nay,B001317
"BRECHEEN, Josh",22303,R,OK,House,118-H-193,Yea,B001317
"BRECHEEN, Josh",22303,R,OK,House,118-H-241,Yea,B001317
"BRECHEEN, Josh",22303,R,OK,House,118-H-337,Yea,B001317
"BRECHEEN, Josh",22303,R,OK,House,118-H-523,Yea,B001317
"BRECHEEN, Josh",22303,R,OK,House,118-H-556,Yea,B001317
"BRECHEEN, Josh",22303,R,OK,House,118-H-572,Yea,B001317
"BRECHEEN, Josh",22303,R,OK,House,118-H-573,Yea,B001317
"BRECHEEN, Josh",22303,R,OK,House,118-H-617,Yea,B001317
"BRECHEEN, Josh",22303,R,OK,House,118-H-671,Yea,B001317
"BRECHEEN, Josh",22303,R,OK,House,118-H-672,Yea,B001317
"BRECHEEN, Josh",22303,R,OK,House,118-H-692,Yea,B001317
"BRECHEEN, Josh",22303,R,OK,House,118-H-716,Yea,B001317
"BRECHEEN, Josh",22303,R,OK,House,118-H-746,Yea,B001317
"BRECHEEN, Josh",22303,R,OK,House,118-H-756,Yea,B001317
"BRECHEEN, Josh",22303,R,OK,House,118-H-762,Yea,B001317
"BRECHEEN, Josh",22303,R,OK,House,118-H-852,Yea,B001317
"BRECHEEN, Josh",22303,R,OK,House,118-H-859,Yea,B001317
"BRECHEEN, Josh",22303,R,OK,House,118-H-870,Yea,B001317
"BRECHEEN, Josh",22303,R,OK,House,118-H-890,Nay,B001317
"BRECHEEN, Josh",22303,R,OK,House,118-H-935,Yea,B001317
"BRECHEEN, Josh",22303,R,OK,House,119-H-128,Yea,B001317
"BRECHEEN, Josh",22303,R,OK,House,119-H-158,Yea,B001317
"BRECHEEN, Josh",22303,R,OK,House,119-H-526,Yea,B001317
"BRECHEEN, Josh",22303,R,OK,House,119-H-655,Yea,B001317
"BRESNAHAN, Robert P., Jr.",22506,R,PA,House,119-H-128,Yea,B001327
"BRESNAHAN, Robert P., Jr.",22506,R,PA,House,119-H-158,Yea,B001327
"BRESNAHAN, Robert P., Jr.",22506,R,PA,House,119-H-526,Yea,B001327
"BRESNAHAN, Robert P., Jr.",22506,R,PA,House,119-H-655,Yea,B001327
"BRINDISI, Anthony",21904,D,NY,House,116-H-107,Yea,B001308
"BRINDISI, Anthony",21904,D,NY,House,116-H-28,Yea,B001308
"BRINDISI, Anthony",21904,D,NY,House,116-H-496,Yea,B001308
"BRINDISI, Anthony",21904,D,NY,House,116-H-651,Yea,B001308
"BROOKS, Mo",21193,R,AL,House,116-H-107,Nay,B001274
"BROOKS, Mo",21193,R,AL,House,116-H-28,Yea,B001274
"BROOKS, Mo",21193,R,AL,House,116-H-496,Yea,B001274
"BROOKS, Mo",21193,R,AL,House,116-H-651,Nay,B001274
"BROOKS, Mo",21193,R,AL,House,117-H-274,Yea,B001274
"BROOKS, Mo",21193,R,AL,House,117-H-660,Yea,B001274
"BROOKS, Susan",21331,R,IN,House,116-H-107,Yea,B001284
"BROOKS, Susan",21331,R,IN,House,116-H-28,Yea,B001284
"BROOKS, Susan",21331,R,IN,House,116-H-496,Yea,B001284
"BROOKS, Susan",21331,R,IN,House,116-H-651,Nay,B001284
"BROWN, Anthony Gregory",21707,D,MD,House,116-H-107,Yea,B001304
"BROWN, Anthony Gregory",21707,D,MD,House,116-H-28,Yea,B001304
"BROWN, Anthony Gregory",21707,D,MD,House,116-H-496,Yea,B001304
"BROWN, Anthony Gregory",21707,D,MD,House,116-H-651,Yea,B001304
"BROWN, Anthony Gregory",21707,D,MD,House,117-H-274,Yea,B001304
"BROWN, Anthony Gregory",21707,D,MD,House,117-H-660,Yea,B001304
"BROWN, Shontel M.",22161,D,OH,House,117-H-660,Yea,B001313
"BROWN, Shontel M.",22161,D,OH,House,118-H-1146,Nay,B001313
"BROWN, Shontel M.",22161,D,OH,House,118-H-1194,Yea,B001313
"BROWN, Shontel M.",22161,D,OH,House,118-H-193,Yea,B001313
"BROWN, Shontel M.",22161,D,OH,House,118-H-241,Yea,B001313
"BROWN, Shontel M.",22161,D,OH,House,118-H-337,Yea,B001313
"BROWN, Shontel M.",22161,D,OH,House,118-H-523,Yea,B001313
"BROWN, Shontel M.",22161,D,OH,House,118-H-556,Yea,B001313
"BROWN, Shontel M.",22161,D,OH,House,118-H-572,Nay,B001313
"BROWN, Shontel M.",22161,D,OH,House,118-H-573,Yea,B001313
"BROWN, Shontel M.",22161,D,OH,House,118-H-617,Nay,B001313
"BROWN, Shontel M.",22161,D,OH,House,118-H-671,Yea,B001313
"BROWN, Shontel M.",22161,D,OH,House,118-H-672,Yea,B001313
"BROWN, Shontel M.",22161,D,OH,House,118-H-692,Present,B001313
"BROWN, Shontel M.",22161,D,OH,House,118-H-716,Nay,B001313
"BROWN, Shontel M.",22161,D,OH,House,118-H-746,Yea,B001313
"BROWN, Shontel M.",22161,D,OH,House,118-H-756,Nay,B001313
"BROWN, Shontel M.",22161,D,OH,House,118-H-762,Yea,B001313
"BROWN, Shontel M.",22161,D,OH,House,118-H-852,Yea,B001313
"BROWN, Shontel M.",22161,D,OH,House,118-H-859,Yea,B001313
"BROWN, Shontel M.",22161,D,OH,House,118-H-870,Yea,B001313
"BROWN, Shontel M.",22161,D,OH,House,118-H-890,Yea,B001313
"BROWN, Shontel M.",22161,D,OH,House,118-H-935,Nay,B001313
"BROWN, Shontel M.",22161,D,OH,House,119-H-128,Yea,B001313
"BROWN, Shontel M.",22161,D,OH,House,119-H-158,Yea,B001313
"BROWN, Shontel M.",22161,D,OH,House,119-H-526,Yea,B001313
"BROWN, Shontel M.",22161,D,OH,House,119-H-655,Nay,B001313
"BROWNLEY, Julia",21308,D,CA,House,116-H-107,Yea,B001285
"BROWNLEY, Julia",21308,D,CA,House,116-H-28,Yea,B001285
"BROWNLEY, Julia",21308,D,CA,House,116-H-496,Yea,B001285
"BROWNLEY, Julia",21308,D,CA,House,116-H-651,Yea,B001285
"BROWNLEY, Julia",21308,D,CA,House,117-H-274,Yea,B001285
"BROWNLEY, Julia",21308,D,CA,House,117-H-660,Yea,B001285
"BROWNLEY, Julia",21308,D,CA,House,118-H-1146,Nay,B001285
"BROWNLEY, Julia",21308,D,CA,House,118-H-1194,Yea,B001285
"BROWNLEY, Julia",21308,D,CA,House,118-H-193,Yea,B001285
"BROWNLEY, Julia",21308,D,CA,House,118-H-241,Yea,B001285
"BROWNLEY, Julia",21308,D,CA,House,118-H-337,Yea,B001285
"BROWNLEY, Julia",21308,D,CA,House,118-H-523,Yea,B001285
"BROWNLEY, Julia",21308,D,CA,House,118-H-556,Yea,B001285
"BROWNLEY, Julia",21308,D,CA,House,118-H-572,Nay,B001285
"BROWNLEY, Julia",21308,D,CA,House,118-H-573,Yea,B001285
"BROWNLEY, Julia",21308,D,CA,House,118-H-617,Nay,B001285
"BROWNLEY, Julia",21308,D,CA,House,118-H-671,Yea,B001285
"BROWNLEY, Julia",21308,D,CA,House,118-H-672,Yea,B001285
"BROWNLEY, Julia",21308,D,CA,House,118-H-692,Yea,B001285
"BROWNLEY, Julia",21308,D,CA,House,118-H-716,Present,B001285
"BROWNLEY, Julia",21308,D,CA,House,118-H-746,Yea,B001285
"BROWNLEY, Julia",21308,D,CA,House,118-H-756,Nay,B001285
"BROWNLEY, Julia",21308,D,CA,House,118-H-762,Yea,B001285
"BROWNLEY, Julia",21308,D,CA,House,118-H-852,Yea,B001285
"BROWNLEY, Julia",21308,D,CA,House,118-H-859,Yea,B001285
"BROWNLEY, Julia",21308,D,CA,House,118-H-870,Yea,B001285
"BROWNLEY, Julia",21308,D,CA,House,118-H-890,Yea,B001285
"BROWNLEY, Julia",21308,D,CA,House,118-H-935,Nay,B001285
"BROWNLEY, Julia",21308,D,CA,House,119-H-128,Yea,B001285
"BROWNLEY, Julia",21308,D,CA,House,119-H-158,Yea,B001285
"BROWNLEY, Julia",21308,D,CA,House,119-H-526,Yea,B001285
"BROWNLEY, Julia",21308,D,CA,House,119-H-655,Nay,B001285
"BUCHANAN, Vernon G.",20709,R,FL,House,116-H-107,Yea,B001260
"BUCHANAN, Vernon G.",20709,R,FL,House,116-H-28,Yea,B001260
"BUCHANAN, Vernon G.",20709,R,FL,House,116-H-496,Yea,B001260
"BUCHANAN, Vernon G.",20709,R,FL,House,116-H-651,Nay,B001260
"BUCHANAN, Vernon G.",20709,R,FL,House,117-H-274,Yea,B001260
"BUCHANAN, Vernon G.",20709,R,FL,House,117-H-660,Yea,B001260
"BUCHANAN, Vernon G.",20709,R,FL,House,118-H-1146,Yea,B001260
"BUCHANAN, Vernon G.",20709,R,FL,House,118-H-1194,Yea,B001260
"BUCHANAN, Vernon G.",20709,R,FL,House,118-H-193,Yea,B001260
"BUCHANAN, Vernon G.",20709,R,FL,House,118-H-241,Yea,B001260
"BUCHANAN, Vernon G.",20709,R,FL,House,118-H-337,Yea,B001260
"BUCHANAN, Vernon G.",20709,R,FL,House,118-H-523,Yea,B001260
"BUCHANAN, Vernon G.",20709,R,FL,House,118-H-556,Yea,B001260
"BUCHANAN, Vernon G.",20709,R,FL,House,118-H-572,Yea,B001260
"BUCHANAN, Vernon G.",20709,R,FL,House,118-H-573,Yea,B001260
"BUCHANAN, Vernon G.",20709,R,FL,House,118-H-617,Yea,B001260
"BUCHANAN, Vernon G.",20709,R,FL,House,118-H-671,Yea,B001260
"BUCHANAN, Vernon G.",20709,R,FL,House,118-H-672,Yea,B001260
"BUCHANAN, Vernon G.",20709,R,FL,House,118-H-692,Yea,B001260
"BUCHANAN, Vernon G.",20709,R,FL,House,118-H-716,Yea,B001260
"BUCHANAN, Vernon G.",20709,R,FL,House,118-H-746,Yea,B001260
"BUCHANAN, Vernon G.",20709,R,FL,House,118-H-756,Yea,B001260
"BUCHANAN, Vernon G.",20709,R,FL,House,118-H-762,Yea,B001260
"BUCHANAN, Vernon G.",20709,R,FL,House,118-H-852,Yea,B001260
"BUCHANAN, Vernon G.",20709,R,FL,House,118-H-859,Yea,B001260
"BUCHANAN, Vernon G.",20709,R,FL,House,118-H-870,Yea,B001260
"BUCHANAN, Vernon G.",20709,R,FL,House,118-H-890,Yea,B001260
"BUCHANAN, Vernon G.",20709,R,FL,House,118-H-935,Yea,B001260
"BUCHANAN, Vernon G.",20709,R,FL,House,119-H-128,Yea,B001260
"BUCHANAN, Vernon G.",20709,R,FL,House,119-H-158,Yea,B001260
"BUCHANAN, Vernon G.",20709,R,FL,House,119-H-526,Yea,B001260
"BUCHANAN, Vernon G.",20709,R,FL,House,119-H-655,Yea,B001260
"BUCK, Kenneth Robert",21510,R,CO,House,116-H-107,Nay,B001297
"BUCK, Kenneth Robert",21510,R,CO,House,116-H-28,Yea,B001297
"BUCK, Kenneth Robert",21510,R,CO,House,116-H-496,Yea,B001297
"BUCK, Kenneth Robert",21510,R,CO,House,116-H-651,Nay,B001297
"BUCK, Kenneth Robert",21510,R,CO,House,117-H-274,Yea,B001297
"BUCK, Kenneth Robert",21510,R,CO,House,117-H-660,Yea,B001297
"BUCK, Kenneth Robert",21510,R,CO,House,118-H-193,Yea,B001297
"BUCK, Kenneth Robert",21510,R,CO,House,118-H-241,Yea,B001297
"BUCK, Kenneth Robert",21510,R,CO,House,118-H-337,Yea,B001297
"BUCK, Kenneth Robert",21510,R,CO,House,118-H-523,Yea,B001297
"BUCK, Kenneth Robert",21510,R,CO,House,118-H-556,Yea,B001297
"BUCK, Kenneth Robert",21510,R,CO,House,118-H-572,Yea,B001297
"BUCK, Kenneth Robert",21510,R,CO,House,118-H-573,Yea,B001297
"BUCK, Kenneth Robert",21510,R,CO,House,118-H-617,Nay,B001297
"BUCK, Kenneth Robert",21510,R,CO,House,118-H-671,Yea,B001297
"BUCK, Kenneth Robert",21510,R,CO,House,118-H-672,Not voting,B001297
"BUCK, Kenneth Robert",21510,R,CO,House,118-H-692,Yea,B001297
"BUCK, Kenneth Robert",21510,R,CO,House,118-H-716,Yea,B001297
"BUCK, Kenneth Robert",21510,R,CO,House,118-H-746,Yea,B001297
"BUCK, Kenneth Robert",21510,R,CO,House,118-H-756,Yea,B001297
"BUCK, Kenneth Robert",21510,R,CO,House,118-H-762,Yea,B001297
"BUCSHON, Larry",21132,R,IN,House,116-H-107,Yea,B001275
"BUCSHON, Larry",21132,R,IN,House,116-H-28,Not voting,B001275
"BUCSHON, Larry",21132,R,IN,House,116-H-496,Yea,B001275
"BUCSHON, Larry",21132,R,IN,House,116-H-651,Nay,B001275
"BUCSHON, Larry",21132,R,IN,House,117-H-274,Yea,B001275
"BUCSHON, Larry",21132,R,IN,House,117-H-660,Yea,B001275
"BUCSHON, Larry",21132,R,IN,House,118-H-1146,Yea,B001275
"BUCSHON, Larry",21132,R,IN,House,118-H-1194,Yea,B001275
"BUCSHON, Larry",21132,R,IN,House,118-H-193,Yea,B001275
"BUCSHON, Larry",21132,R,IN,House,118-H-241,Yea,B001275
"BUCSHON, Larry",21132,R,IN,House,118-H-337,Yea,B001275
"BUCSHON, Larry",21132,R,IN,House,118-H-523,Yea,B001275
"BUCSHON, Larry",21132,R,IN,House,118-H-556,Yea,B001275
"BUCSHON, Larry",21132,R,IN,House,118-H-572,Yea,B001275
"BUCSHON, Larry",21132,R,IN,House,118-H-573,Yea,B001275
"BUCSHON, Larry",21132,R,IN,House,118-H-617,Yea,B001275
"BUCSHON, Larry",21132,R,IN,House,118-H-671,Yea,B001275
"BUCSHON, Larry",21132,R,IN,House,118-H-672,Yea,B001275
"BUCSHON, Larry",21132,R,IN,House,118-H-692,Yea,B001275
"BUCSHON, Larry",21132,R,IN,House,118-H-716,Yea,B001275
"BUCSHON, Larry",21132,R,IN,House,118-H-746,Yea,B001275
"BUCSHON, Larry",21132,R,IN,House,118-H-756,Yea,B001275
"BUCSHON, Larry",21132,R,IN,House,118-H-762,Yea,B001275
"BUCSHON, Larry",21132,R,IN,House,118-H-852,Yea,B001275
"BUCSHON, Larry",21132,R,IN,House,118-H-859,Yea,B001275
"BUCSHON, Larry",21132,R,IN,House,118-H-870,Yea,B001275
"BUCSHON, Larry",21132,R,IN,House,118-H-890,Yea,B001275
"BUCSHON, Larry",21132,R,IN,House,118-H-935,Yea,B001275
"BUDD, Theodore Paul",21708,R,NC,House,116-H-107,Nay,B001305
"BUDD, Theodore Paul",21708,R,NC,House,116-H-28,Yea,B001305
"BUDD, Theodore Paul",21708,R,NC,House,116-H-496,Yea,B001305
"BUDD, Theodore Paul",21708,R,NC,House,116-H-651,Nay,B001305
"BUDD, Theodore Paul",21708,R,NC,House,117-H-274,Yea,B001305
"BUDD, Theodore Paul",21708,R,NC,House,117-H-660,Not voting,B001305
"BUDD, Theodore Paul",21708,R,NC,Senate,118-S-261,Yea,B001305
"BUDZINSKI, Nikki",22304,D,IL,House,118-H-1146,Nay,B001315
"BUDZINSKI, Nikki",22304,D,IL,House,118-H-1194,Yea,B001315
"BUDZINSKI, Nikki",22304,D,IL,House,118-H-193,Yea,B001315
"BUDZINSKI, Nikki",22304,D,IL,House,118-H-241,Yea,B001315
"BUDZINSKI, Nikki",22304,D,IL,House,118-H-337,Yea,B001315
"BUDZINSKI, Nikki",22304,D,IL,House,118-H-523,Yea,B001315
"BUDZINSKI, Nikki",22304,D,IL,House,118-H-556,Yea,B001315
"BUDZINSKI, Nikki",22304,D,IL,House,118-H-572,Nay,B001315
"BUDZINSKI, Nikki",22304,D,IL,House,118-H-573,Yea,B001315
"BUDZINSKI, Nikki",22304,D,IL,House,118-H-617,Nay,B001315
"BUDZINSKI, Nikki",22304,D,IL,House,118-H-671,Yea,B001315
"BUDZINSKI, Nikki",22304,D,IL,House,118-H-672,Yea,B001315
"BUDZINSKI, Nikki",22304,D,IL,House,118-H-692,Yea,B001315
"BUDZINSKI, Nikki",22304,D,IL,House,118-H-716,Yea,B001315
"BUDZINSKI, Nikki",22304,D,IL,House,118-H-746,Yea,B001315
"BUDZINSKI, Nikki",22304,D,IL,House,118-H-756,Nay,B001315
"BUDZINSKI, Nikki",22304,D,IL,House,118-H-762,Yea,B001315
"BUDZINSKI, Nikki",22304,D,IL,House,118-H-852,Yea,B001315
"BUDZINSKI, Nikki",22304,D,IL,House,118-H-859,Yea,B001315
"BUDZINSKI, Nikki",22304,D,IL,House,118-H-870,Yea,B001315
"BUDZINSKI, Nikki",22304,D,IL,House,118-H-890,Yea,B001315
"BUDZINSKI, Nikki",22304,D,IL,House,118-H-935,Nay,B001315
"BUDZINSKI, Nikki",22304,D,IL,House,119-H-128,Yea,B001315
"BUDZINSKI, Nikki",22304,D,IL,House,119-H-158,Yea,B001315
"BUDZINSKI, Nikki",22304,D,IL,House,119-H-526,Yea,B001315
"BUDZINSKI, Nikki",22304,D,IL,House,119-H-655,Nay,B001315
"BURCHETT, Timothy",21905,R,TN,House,116-H-107,Yea,B001309
"BURCHETT, Timothy",21905,R,TN,House,116-H-28,Yea,B001309
"BURCHETT, Timothy",21905,R,TN,House,116-H-496,Yea,B001309
"BURCHETT, Timothy",21905,R,TN,House,116-H-651,Nay,B001309
"BURCHETT, Timothy",21905,R,TN,House,117-H-274,Yea,B001309
"BURCHETT, Timothy",21905,R,TN,House,117-H-660,Yea,B001309
"BURCHETT, Timothy",21905,R,TN,House,118-H-1146,Yea,B001309
"BURCHETT, Timothy",21905,R,TN,House,118-H-1194,Yea,B001309
"BURCHETT, Timothy",21905,R,TN,House,118-H-193,Yea,B001309
"BURCHETT, Timothy",21905,R,TN,House,118-H-241,Yea,B001309
"BURCHETT, Timothy",21905,R,TN,House,118-H-337,Yea,B001309
"BURCHETT, Timothy",21905,R,TN,House,118-H-523,Yea,B001309
"BURCHETT, Timothy",21905,R,TN,House,118-H-556,Yea,B001309
"BURCHETT, Timothy",21905,R,TN,House,118-H-572,Yea,B001309
"BURCHETT, Timothy",21905,R,TN,House,118-H-573,Yea,B001309
"BURCHETT, Timothy",21905,R,TN,House,118-H-617,Yea,B001309
"BURCHETT, Timothy",21905,R,TN,House,118-H-671,Yea,B001309
"BURCHETT, Timothy",21905,R,TN,House,118-H-672,Yea,B001309
"BURCHETT, Timothy",21905,R,TN,House,118-H-692,Yea,B001309
"BURCHETT, Timothy",21905,R,TN,House,118-H-716,Yea,B001309
"BURCHETT, Timothy",21905,R,TN,House,118-H-746,Yea,B001309
"BURCHETT, Timothy",21905,R,TN,House,118-H-756,Yea,B001309
"BURCHETT, Timothy",21905,R,TN,House,118-H-762,Yea,B001309
"BURCHETT, Timothy",21905,R,TN,House,118-H-852,Yea,B001309
"BURCHETT, Timothy",21905,R,TN,House,118-H-859,Yea,B001309
"BURCHETT, Timothy",21905,R,TN,House,118-H-870,Nay,B001309
"BURCHETT, Timothy",21905,R,TN,House,118-H-890,Yea,B001309
"BURCHETT, Timothy",21905,R,TN,House,118-H-935,Yea,B001309
"BURCHETT, Timothy",21905,R,TN,House,119-H-128,Yea,B001309
"BURCHETT, Timothy",21905,R,TN,House,119-H-158,Yea,B001309
"BURCHETT, Timothy",21905,R,TN,House,119-H-526,Yea,B001309
"BURCHETT, Timothy",21905,R,TN,House,119-H-655,Yea,B001309
"BURGESS, Michael C.",20355,R,TX,House,116-H-107,Nay,B001248
"BURGESS, Michael C.",20355,R,TX,House,116-H-28,Yea,B001248
"BURGESS, Michael C.",20355,R,TX,House,116-H-496,Yea,B001248
"BURGESS, Michael C.",20355,R,TX,House,116-H-651,Nay,B001248
"BURGESS, Michael C.",20355,R,TX,House,117-H-274,Yea,B001248
"BURGESS, Michael C.",20355,R,TX,House,117-H-660,Yea,B001248
"BURGESS, Michael C.",20355,R,TX,House,118-H-1146,Yea,B001248
"BURGESS, Michael C.",20355,R,TX,House,118-H-1194,Yea,B001248
"BURGESS, Michael C.",20355,R,TX,House,118-H-193,Yea,B001248
"BURGESS, Michael C.",20355,R,TX,House,118-H-241,Yea,B001248
"BURGESS, Michael C.",20355,R,TX,House,118-H-337,Yea,B001248
"BURGESS, Michael C.",20355,R,TX,House,118-H-523,Yea,B001248
"BURGESS, Michael C.",20355,R,TX,House,118-H-556,Yea,B001248
"BURGESS, Michael C.",20355,R,TX,House,118-H-572,Yea,B001248
"BURGESS, Michael C.",20355,R,TX,House,118-H-573,Yea,B001248
"BURGESS, Michael C.",20355,R,TX,House,118-H-617,Yea,B001248
"BURGESS, Michael C.",20355,R,TX,House,118-H-671,Yea,B001248
"BURGESS, Michael C.",20355,R,TX,House,118-H-672,Yea,B001248
"BURGESS, Michael C.",20355,R,TX,House,118-H-692,Yea,B001248
"BURGESS, Michael C.",20355,R,TX,House,118-H-716,Yea,B001248
"BURGESS, Michael C.",20355,R,TX,House,118-H-746,Yea,B001248
"BURGESS, Michael C.",20355,R,TX,House,118-H-756,Yea,B001248
"BURGESS, Michael C.",20355,R,TX,House,118-H-762,Yea,B001248
"BURGESS, Michael C.",20355,R,TX,House,118-H-852,Yea,B001248
"BURGESS, Michael C.",20355,R,TX,House,118-H-859,Yea,B001248
"BURGESS, Michael C.",20355,R,TX,House,118-H-870,Yea,B001248
"BURGESS, Michael C.",20355,R,TX,House,118-H-890,Yea,B001248
"BURGESS, Michael C.",20355,R,TX,House,118-H-935,Yea,B001248
"BURLISON, Eric",22305,R,MO,House,118-H-1146,Yea,B001316
"BURLISON, Eric",22305,R,MO,House,118-H-1194,Nay,B001316
"BURLISON, Eric",22305,R,MO,House,118-H-193,Yea,B001316
"BURLISON, Eric",22305,R,MO,House,118-H-241,Yea,B001316
"BURLISON, Eric",22305,R,MO,House,118-H-337,Yea,B001316
"BURLISON, Eric",22305,R,MO,House,118-H-523,Yea,B001316
"BURLISON, Eric",22305,R,MO,House,118-H-556,Yea,B001316
"BURLISON, Eric",22305,R,MO,House,118-H-572,Yea,B001316
"BURLISON, Eric",22305,R,MO,House,118-H-573,Yea,B001316
"BURLISON, Eric",22305,R,MO,House,118-H-617,Yea,B001316
"BURLISON, Eric",22305,R,MO,House,118-H-671,Yea,B001316
"BURLISON, Eric",22305,R,MO,House,118-H-672,Yea,B001316
"BURLISON, Eric",22305,R,MO,House,118-H-692,Yea,B001316
"BURLISON, Eric",22305,R,MO,House,118-H-716,Yea,B001316
"BURLISON, Eric",22305,R,MO,House,118-H-746,Yea,B001316
"BURLISON, Eric",22305,R,MO,House,118-H-756,Yea,B001316
"BURLISON, Eric",22305,R,MO,House,118-H-762,Yea,B001316
"BURLISON, Eric",22305,R,MO,House,118-H-852,Yea,B001316
"BURLISON, Eric",22305,R,MO,House,118-H-859,Yea,B001316
"BURLISON, Eric",22305,R,MO,House,118-H-870,Yea,B001316
"BURLISON, Eric",22305,R,MO,House,118-H-890,Nay,B001316
"BURLISON, Eric",22305,R,MO,House,118-H-935,Yea,B001316
"BURLISON, Eric",22305,R,MO,House,119-H-128,Yea,B001316
"BURLISON, Eric",22305,R,MO,House,119-H-158,Yea,B001316
"BURLISON, Eric",22305,R,MO,House,119-H-526,Yea,B001316
"BURLISON, Eric",22305,R,MO,House,119-H-655,Yea,B001316
"BUSH, Cori",22106,D,MO,House,117-H-274,Nay,B001224
"BUSH, Cori",22106,D,MO,House,117-H-660,Yea,B001224
"BUSH, Cori",22106,D,MO,House,118-H-1146,Nay,B001224
"BUSH, Cori",22106,D,MO,House,118-H-1194,Nay,B001224
"BUSH, Cori",22106,D,MO,House,118-H-193,Nay,B001224
"BUSH, Cori",22106,D,MO,House,118-H-241,Yea,B001224
"BUSH, Cori",22106,D,MO,House,118-H-337,Nay,B001224
"BUSH, Cori",22106,D,MO,House,118-H-523,Nay,B001224
"BUSH, Cori",22106,D,MO,House,118-H-556,Nay,B001224
"BUSH, Cori",22106,D,MO,House,118-H-572,Nay,B001224
"BUSH, Cori",22106,D,MO,House,118-H-573,Nay,B001224
"BUSH, Cori",22106,D,MO,House,118-H-617,Nay,B001224
"BUSH, Cori",22106,D,MO,House,118-H-671,Not voting,B001224
"BUSH, Cori",22106,D,MO,House,118-H-672,Not voting,B001224
"BUSH, Cori",22106,D,MO,House,118-H-692,Nay,B001224
"BUSH, Cori",22106,D,MO,House,118-H-716,Nay,B001224
"BUSH, Cori",22106,D,MO,House,118-H-746,Nay,B001224
"BUSH, Cori",22106,D,MO,House,118-H-756,Nay,B001224
"BUSH, Cori",22106,D,MO,House,118-H-762,Yea,B001224
"BUSH, Cori",22106,D,MO,House,118-H-852,Nay,B001224
"BUSH, Cori",22106,D,MO,House,118-H-859,Nay,B001224
"BUSH, Cori",22106,D,MO,House,118-H-870,Nay,B001224
"BUSH, Cori",22106,D,MO,House,118-H-890,Nay,B001224
"BUSH, Cori",22106,D,MO,House,118-H-935,Nay,B001224
"BUSTOS, Cheri",21329,D,IL,House,116-H-107,Yea,B001286
"BUSTOS, Cheri",21329,D,IL,House,116-H-28,Yea,B001286
"BUSTOS, Cheri",21329,D,IL,House,116-H-496,Yea,B001286
"BUSTOS, Cheri",21329,D,IL,House,116-H-651,Yea,B001286
"BUSTOS, Cheri",21329,D,IL,House,117-H-274,Yea,B001286
"BUSTOS, Cheri",21329,D,IL,House,117-H-660,Yea,B001286
"BUTTERFIELD, George Kenneth, Jr. (G.K.)",20340,D,NC,House,116-H-107,Yea,B001251
"BUTTERFIELD, George Kenneth, Jr. (G.K.)",20340,D,NC,House,116-H-28,Yea,B001251
"BUTTERFIELD, George Kenneth, Jr. (G.K.)",20340,D,NC,House,116-H-496,Yea,B001251
"BUTTERFIELD, George Kenneth, Jr. (G.K.)",20340,D,NC,House,116-H-651,Yea,B001251
"BUTTERFIELD, George Kenneth, Jr. (G.K.)",20340,D,NC,House,117-H-274,Yea,B001251
"BUTTERFIELD, George Kenneth, Jr. (G.K.)",20340,D,NC,House,117-H-660,Yea,B001251
"BYNUM, Janelle S.",22507,D,OR,House,119-H-128,Yea,B001326
"BYNUM, Janelle S.",22507,D,OR,House,119-H-158,Yea,B001326
"BYNUM, Janelle S.",22507,D,OR,House,119-H-526,Yea,B001326
"BYNUM, Janelle S.",22507,D,OR,House,119-H-655,Nay,B001326
"BYRNE, Bradley",21376,R,AL,House,116-H-107,Yea,B001289
"BYRNE, Bradley",21376,R,AL,House,116-H-28,Yea,B001289
"BYRNE, Bradley",21376,R,AL,House,116-H-496,Yea,B001289
"BYRNE, Bradley",21376,R,AL,House,116-H-651,Not voting,B001289
"CALVERT, Ken",29323,R,CA,House,116-H-107,Yea,C000059
"CALVERT, Ken",29323,R,CA,House,116-H-28,Yea,C000059
"CALVERT, Ken",29323,R,CA,House,116-H-496,Yea,C000059
"CALVERT, Ken",29323,R,CA,House,116-H-651,Nay,C000059
"CALVERT, Ken",29323,R,CA,House,117-H-274,Yea,C000059
"CALVERT, Ken",29323,R,CA,House,117-H-660,Yea,C000059
"CALVERT, Ken",29323,R,CA,House,118-H-1146,Yea,C000059
"CALVERT, Ken",29323,R,CA,House,118-H-1194,Yea,C000059
"CALVERT, Ken",29323,R,CA,House,118-H-193,Yea,C000059
"CALVERT, Ken",29323,R,CA,House,118-H-241,Yea,C000059
"CALVERT, Ken",29323,R,CA,House,118-H-337,Yea,C000059
"CALVERT, Ken",29323,R,CA,House,118-H-523,Yea,C000059
"CALVERT, Ken",29323,R,CA,House,118-H-556,Yea,C000059
"CALVERT, Ken",29323,R,CA,House,118-H-572,Yea,C000059
"CALVERT, Ken",29323,R,CA,House,118-H-573,Yea,C000059
"CALVERT, Ken",29323,R,CA,House,118-H-617,Yea,C000059
"CALVERT, Ken",29323,R,CA,House,118-H-671,Yea,C000059
"CALVERT, Ken",29323,R,CA,House,118-H-672,Yea,C000059
"CALVERT, Ken",29323,R,CA,House,118-H-692,Yea,C000059
"CALVERT, Ken",29323,R,CA,House,118-H-716,Yea,C000059
"CALVERT, Ken",29323,R,CA,House,118-H-746,Yea,C000059
"CALVERT, Ken",29323,R,CA,House,118-H-756,Yea,C000059
"CALVERT, Ken",29323,R,CA,House,118-H-762,Yea,C000059
"CALVERT, Ken",29323,R,CA,House,118-H-852,Yea,C000059
"CALVERT, Ken",29323,R,CA,House,118-H-859,Yea,C000059
"CALVERT, Ken",29323,R,CA,House,118-H-870,Yea,C000059
"CALVERT, Ken",29323,R,CA,House,118-H-890,Yea,C000059
"CALVERT, Ken",29323,R,CA,House,118-H-935,Yea,C000059
"CALVERT, Ken",29323,R,CA,House,119-H-128,Yea,C000059
"CALVERT, Ken",29323,R,CA,House,119-H-158,Yea,C000059
"CALVERT, Ken",29323,R,CA,House,119-H-526,Yea,C000059
"CALVERT, Ken",29323,R,CA,House,119-H-655,Yea,C000059
"CAMMACK, Kat",22107,R,FL,House,117-H-274,Yea,C001039
"CAMMACK, Kat",22107,R,FL,House,117-H-660,Yea,C001039
"CAMMACK, Kat",22107,R,FL,House,118-H-1146,Yea,C001039
"CAMMACK, Kat",22107,R,FL,House,118-H-1194,Yea,C001039
"CAMMACK, Kat",22107,R,FL,House,118-H-193,Yea,C001039
"CAMMACK, Kat",22107,R,FL,House,118-H-241,Yea,C001039
"CAMMACK, Kat",22107,R,FL,House,118-H-337,Yea,C001039
"CAMMACK, Kat",22107,R,FL,House,118-H-523,Yea,C001039
"CAMMACK, Kat",22107,R,FL,House,118-H-556,Yea,C001039
"CAMMACK, Kat",22107,R,FL,House,118-H-572,Yea,C001039
"CAMMACK, Kat",22107,R,FL,House,118-H-573,Yea,C001039
"CAMMACK, Kat",22107,R,FL,House,118-H-617,Yea,C001039
"CAMMACK, Kat",22107,R,FL,House,118-H-671,Yea,C001039
"CAMMACK, Kat",22107,R,FL,House,118-H-672,Yea,C001039
"CAMMACK, Kat",22107,R,FL,House,118-H-692,Yea,C001039
"CAMMACK, Kat",22107,R,FL,House,118-H-716,Yea,C001039
"CAMMACK, Kat",22107,R,FL,House,118-H-746,Yea,C001039
"CAMMACK, Kat",22107,R,FL,House,118-H-756,Yea,C001039
"CAMMACK, Kat",22107,R,FL,House,118-H-762,Yea,C001039
"CAMMACK, Kat",22107,R,FL,House,118-H-852,Yea,C001039
"CAMMACK, Kat",22107,R,FL,House,118-H-859,Yea,C001039
"CAMMACK, Kat",22107,R,FL,House,118-H-870,Yea,C001039
"CAMMACK, Kat",22107,R,FL,House,118-H-890,Yea,C001039
"CAMMACK, Kat",22107,R,FL,House,118-H-935,Yea,C001039
"CAMMACK, Kat",22107,R,FL,House,119-H-128,Yea,C001039
"CAMMACK, Kat",22107,R,FL,House,119-H-158,Yea,C001039
"CAMMACK, Kat",22107,R,FL,House,119-H-526,Yea,C001039
"CAMMACK, Kat",22107,R,FL,House,119-H-655,Yea,C001039
"CARAVEO, Yadira",22306,D,CO,House,118-H-1146,Nay,C001134
"CARAVEO, Yadira",22306,D,CO,House,118-H-1194,Yea,C001134
"CARAVEO, Yadira",22306,D,CO,House,118-H-193,Yea,C001134
"CARAVEO, Yadira",22306,D,CO,House,118-H-241,Yea,C001134
"CARAVEO, Yadira",22306,D,CO,House,118-H-337,Yea,C001134
"CARAVEO, Yadira",22306,D,CO,House,118-H-523,Yea,C001134
"CARAVEO, Yadira",22306,D,CO,House,118-H-556,Yea,C001134
"CARAVEO, Yadira",22306,D,CO,House,118-H-572,Nay,C001134
"CARAVEO, Yadira",22306,D,CO,House,118-H-573,Yea,C001134
"CARAVEO, Yadira",22306,D,CO,House,118-H-617,Nay,C001134
"CARAVEO, Yadira",22306,D,CO,House,118-H-671,Yea,C001134
"CARAVEO, Yadira",22306,D,CO,House,118-H-672,Yea,C001134
"CARAVEO, Yadira",22306,D,CO,House,118-H-692,Yea,C001134
"CARAVEO, Yadira",22306,D,CO,House,118-H-716,Yea,C001134
"CARAVEO, Yadira",22306,D,CO,House,118-H-746,Yea,C001134
"CARAVEO, Yadira",22306,D,CO,House,118-H-756,Nay,C001134
"CARAVEO, Yadira",22306,D,CO,House,118-H-762,Yea,C001134
"CARAVEO, Yadira",22306,D,CO,House,118-H-852,Not voting,C001134
"CARAVEO, Yadira",22306,D,CO,House,118-H-859,Not voting,C001134
"CARAVEO, Yadira",22306,D,CO,House,118-H-870,Yea,C001134
"CARAVEO, Yadira",22306,D,CO,House,118-H-890,Yea,C001134
"CARAVEO, Yadira",22306,D,CO,House,118-H-935,Nay,C001134
"CARBAJAL, Salud",21709,D,CA,House,116-H-107,Yea,C001112
"CARBAJAL, Salud",21709,D,CA,House,116-H-28,Yea,C001112
"CARBAJAL, Salud",21709,D,CA,House,116-H-496,Yea,C001112
"CARBAJAL, Salud",21709,D,CA,House,116-H-651,Yea,C001112
"CARBAJAL, Salud",21709,D,CA,House,117-H-274,Yea,C001112
"CARBAJAL, Salud",21709,D,CA,House,117-H-660,Yea,C001112
"CARBAJAL, Salud",21709,D,CA,House,118-H-1146,Nay,C001112
"CARBAJAL, Salud",21709,D,CA,House,118-H-1194,Yea,C001112
"CARBAJAL, Salud",21709,D,CA,House,118-H-193,Yea,C001112
"CARBAJAL, Salud",21709,D,CA,House,118-H-241,Yea,C001112
"CARBAJAL, Salud",21709,D,CA,House,118-H-337,Yea,C001112
"CARBAJAL, Salud",21709,D,CA,House,118-H-523,Yea,C001112
"CARBAJAL, Salud",21709,D,CA,House,118-H-556,Yea,C001112
"CARBAJAL, Salud",21709,D,CA,House,118-H-572,Nay,C001112
"CARBAJAL, Salud",21709,D,CA,House,118-H-573,Yea,C001112
"CARBAJAL, Salud",21709,D,CA,House,118-H-617,Nay,C001112
"CARBAJAL, Salud",21709,D,CA,House,118-H-671,Yea,C001112
"CARBAJAL, Salud",21709,D,CA,House,118-H-672,Yea,C001112
"CARBAJAL, Salud",21709,D,CA,House,118-H-692,Yea,C001112
"CARBAJAL, Salud",21709,D,CA,House,118-H-716,Nay,C001112
"CARBAJAL, Salud",21709,D,CA,House,118-H-746,Yea,C001112
"CARBAJAL, Salud",21709,D,CA,House,118-H-756,Nay,C001112
"CARBAJAL, Salud",21709,D,CA,House,118-H-762,Yea,C001112
"CARBAJAL, Salud",21709,D,CA,House,118-H-852,Yea,C001112
"CARBAJAL, Salud",21709,D,CA,House,118-H-859,Yea,C001112
"CARBAJAL, Salud",21709,D,CA,House,118-H-870,Yea,C001112
"CARBAJAL, Salud",21709,D,CA,House,118-H-890,Yea,C001112
"CARBAJAL, Salud",21709,D,CA,House,118-H-935,Nay,C001112
"CARBAJAL, Salud",21709,D,CA,House,119-H-128,Yea,C001112
"CARBAJAL, Salud",21709,D,CA,House,119-H-158,Yea,C001112
"CARBAJAL, Salud",21709,D,CA,House,119-H-526,Yea,C001112
"CARBAJAL, Salud",21709,D,CA,House,119-H-655,Nay,C001112
"CAREY, Mike",22162,R,OH,House,117-H-660,Yea,C001126
"CAREY, Mike",22162,R,OH,House,118-H-1146,Yea,C001126
"CAREY, Mike",22162,R,OH,House,118-H-1194,Yea,C001126
"CAREY, Mike",22162,R,OH,House,118-H-193,Yea,C001126
"CAREY, Mike",22162,R,OH,House,118-H-241,Yea,C001126
"CAREY, Mike",22162,R,OH,House,118-H-337,Yea,C001126
"CAREY, Mike",22162,R,OH,House,118-H-523,Yea,C001126
"CAREY, Mike",22162,R,OH,House,118-H-556,Yea,C001126
"CAREY, Mike",22162,R,OH,House,118-H-572,Yea,C001126
"CAREY, Mike",22162,R,OH,House,118-H-573,Yea,C001126
"CAREY, Mike",22162,R,OH,House,118-H-617,Yea,C001126
"CAREY, Mike",22162,R,OH,House,118-H-671,Yea,C001126
"CAREY, Mike",22162,R,OH,House,118-H-672,Yea,C001126
"CAREY, Mike",22162,R,OH,House,118-H-692,Yea,C001126
"CAREY, Mike",22162,R,OH,House,118-H-716,Yea,C001126
"CAREY, Mike",22162,R,OH,House,118-H-746,Yea,C001126
"CAREY, Mike",22162,R,OH,House,118-H-756,Yea,C001126
"CAREY, Mike",22162,R,OH,House,118-H-762,Yea,C001126
"CAREY, Mike",22162,R,OH,House,118-H-852,Yea,C001126
"CAREY, Mike",22162,R,OH,House,118-H-859,Yea,C001126
"CAREY, Mike",22162,R,OH,House,118-H-870,Yea,C001126
"CAREY, Mike",22162,R,OH,House,118-H-890,Yea,C001126
"CAREY, Mike",22162,R,OH,House,118-H-935,Yea,C001126
"CAREY, Mike",22162,R,OH,House,119-H-128,Yea,C001126
"CAREY, Mike",22162,R,OH,House,119-H-158,Yea,C001126
"CAREY, Mike",22162,R,OH,House,119-H-526,Yea,C001126
"CAREY, Mike",22162,R,OH,House,119-H-655,Yea,C001126
"CARL, Jerry L.",22108,R,AL,House,117-H-274,Yea,C001054
"CARL, Jerry L.",22108,R,AL,House,117-H-660,Yea,C001054
"CARL, Jerry L.",22108,R,AL,House,118-H-1146,Yea,C001054
"CARL, Jerry L.",22108,R,AL,House,118-H-1194,Yea,C001054
"CARL, Jerry L.",22108,R,AL,House,118-H-193,Yea,C001054
"CARL, Jerry L.",22108,R,AL,House,118-H-241,Yea,C001054
"CARL, Jerry L.",22108,R,AL,House,118-H-337,Yea,C001054
"CARL, Jerry L.",22108,R,AL,House,118-H-523,Yea,C001054
"CARL, Jerry L.",22108,R,AL,House,118-H-556,Yea,C001054
"CARL, Jerry L.",22108,R,AL,House,118-H-572,Yea,C001054
"CARL, Jerry L.",22108,R,AL,House,118-H-573,Yea,C001054
"CARL, Jerry L.",22108,R,AL,House,118-H-617,Yea,C001054
"CARL, Jerry L.",22108,R,AL,House,118-H-671,Yea,C001054
"CARL, Jerry L.",22108,R,AL,House,118-H-672,Yea,C001054
"CARL, Jerry L.",22108,R,AL,House,118-H-692,Yea,C001054
"CARL, Jerry L.",22108,R,AL,House,118-H-716,Yea,C001054
"CARL, Jerry L.",22108,R,AL,House,118-H-746,Yea,C001054
"CARL, Jerry L.",22108,R,AL,House,118-H-756,Yea,C001054
"CARL, Jerry L.",22108,R,AL,House,118-H-762,Yea,C001054
"CARL, Jerry L.",22108,R,AL,House,118-H-852,Yea,C001054
"CARL, Jerry L.",22108,R,AL,House,118-H-859,Yea,C001054
"CARL, Jerry L.",22108,R,AL,House,118-H-870,Yea,C001054
"CARL, Jerry L.",22108,R,AL,House,118-H-890,Yea,C001054
"CARL, Jerry L.",22108,R,AL,House,118-H-935,Yea,C001054
"CARSON, André",20757,D,IN,House,116-H-107,Yea,C001072
"CARSON, André",20757,D,IN,House,116-H-28,Yea,C001072
"CARSON, André",20757,D,IN,House,116-H-496,Nay,C001072
"CARSON, André",20757,D,IN,House,116-H-651,Yea,C001072
"CARSON, André",20757,D,IN,House,117-H-274,Nay,C001072
"CARSON, André",20757,D,IN,House,117-H-660,Yea,C001072
"CARSON, André",20757,D,IN,House,118-H-1146,Nay,C001072
"CARSON, André",20757,D,IN,House,118-H-1194,Yea,C001072
"CARSON, André",20757,D,IN,House,118-H-193,Nay,C001072
"CARSON, André",20757,D,IN,House,118-H-241,Yea,C001072
"CARSON, André",20757,D,IN,House,118-H-337,Nay,C001072
"CARSON, André",20757,D,IN,House,118-H-523,Nay,C001072
"CARSON, André",20757,D,IN,House,118-H-556,Nay,C001072
"CARSON, André",20757,D,IN,House,118-H-572,Nay,C001072
"CARSON, André",20757,D,IN,House,118-H-573,Nay,C001072
"CARSON, André",20757,D,IN,House,118-H-617,Nay,C001072
"CARSON, André",20757,D,IN,House,118-H-671,Yea,C001072
"CARSON, André",20757,D,IN,House,118-H-672,Yea,C001072
"CARSON, André",20757,D,IN,House,118-H-692,Present,C001072
"CARSON, André",20757,D,IN,House,118-H-716,Nay,C001072
"CARSON, André",20757,D,IN,House,118-H-746,Yea,C001072
"CARSON, André",20757,D,IN,House,118-H-756,Nay,C001072
"CARSON, André",20757,D,IN,House,118-H-762,Yea,C001072
"CARSON, André",20757,D,IN,House,118-H-852,Nay,C001072
"CARSON, André",20757,D,IN,House,118-H-859,Yea,C001072
"CARSON, André",20757,D,IN,House,118-H-870,Nay,C001072
"CARSON, André",20757,D,IN,House,118-H-890,Nay,C001072
"CARSON, André",20757,D,IN,House,118-H-935,Not voting,C001072
"CARSON, André",20757,D,IN,House,119-H-128,Yea,C001072
"CARSON, André",20757,D,IN,House,119-H-158,Yea,C001072
"CARSON, André",20757,D,IN,House,119-H-526,Yea,C001072
"CARSON, André",20757,D,IN,House,119-H-655,Nay,C001072
"CARTER, Buddy",21513,R,GA,House,116-H-107,Yea,C001103
"CARTER, Buddy",21513,R,GA,House,116-H-28,Yea,C001103
"CARTER, Buddy",21513,R,GA,House,116-H-496,Yea,C001103
"CARTER, Buddy",21513,R,GA,House,116-H-651,Nay,C001103
"CARTER, Buddy",21513,R,GA,House,117-H-274,Yea,C001103
"CARTER, Buddy",21513,R,GA,House,117-H-660,Yea,C001103
"CARTER, Buddy",21513,R,GA,House,118-H-1146,Yea,C001103
"CARTER, Buddy",21513,R,GA,House,118-H-1194,Yea,C001103
"CARTER, Buddy",21513,R,GA,House,118-H-193,Yea,C001103
"CARTER, Buddy",21513,R,GA,House,118-H-241,Yea,C001103
"CARTER, Buddy",21513,R,GA,House,118-H-337,Yea,C001103
"CARTER, Buddy",21513,R,GA,House,118-H-523,Yea,C001103
"CARTER, Buddy",21513,R,GA,House,118-H-556,Yea,C001103
"CARTER, Buddy",21513,R,GA,House,118-H-572,Yea,C001103
"CARTER, Buddy",21513,R,GA,House,118-H-573,Yea,C001103
"CARTER, Buddy",21513,R,GA,House,118-H-617,Yea,C001103
"CARTER, Buddy",21513,R,GA,House,118-H-671,Yea,C001103
"CARTER, Buddy",21513,R,GA,House,118-H-672,Yea,C001103
"CARTER, Buddy",21513,R,GA,House,118-H-692,Yea,C001103
"CARTER, Buddy",21513,R,GA,House,118-H-716,Yea,C001103
"CARTER, Buddy",21513,R,GA,House,118-H-746,Yea,C001103
"CARTER, Buddy",21513,R,GA,House,118-H-756,Yea,C001103
"CARTER, Buddy",21513,R,GA,House,118-H-762,Yea,C001103
"CARTER, Buddy",21513,R,GA,House,118-H-852,Yea,C001103
"CARTER, Buddy",21513,R,GA,House,118-H-859,Yea,C001103
"CARTER, Buddy",21513,R,GA,House,118-H-870,Yea,C001103
"CARTER, Buddy",21513,R,GA,House,118-H-890,Yea,C001103
"CARTER, Buddy",21513,R,GA,House,118-H-935,Yea,C001103
"CARTER, Buddy",21513,R,GA,House,119-H-128,Yea,C001103
"CARTER, Buddy",21513,R,GA,House,119-H-158,Yea,C001103
"CARTER, Buddy",21513,R,GA,House,119-H-526,Yea,C001103
"CARTER, Buddy",21513,R,GA,House,119-H-655,Yea,C001103
"CARTER, John R.",20356,R,TX,House,116-H-107,Yea,C001051
"CARTER, John R.",20356,R,TX,House,116-H-28,Not voting,C001051
"CARTER, John R.",20356,R,TX,House,116-H-496,Yea,C001051
"CARTER, John R.",20356,R,TX,House,116-H-651,Nay,C001051
"CARTER, John R.",20356,R,TX,House,117-H-274,Yea,C001051
"CARTER, John R.",20356,R,TX,House,117-H-660,Yea,C001051
"CARTER, John R.",20356,R,TX,House,118-H-1146,Yea,C001051
"CARTER, John R.",20356,R,TX,House,118-H-1194,Yea,C001051
"CARTER, John R.",20356,R,TX,House,118-H-193,Yea,C001051
"CARTER, John R.",20356,R,TX,House,118-H-241,Yea,C001051
"CARTER, John R.",20356,R,TX,House,118-H-337,Yea,C001051
"CARTER, John R.",20356,R,TX,House,118-H-523,Yea,C001051
"CARTER, John R.",20356,R,TX,House,118-H-556,Yea,C001051
"CARTER, John R.",20356,R,TX,House,118-H-572,Yea,C001051
"CARTER, John R.",20356,R,TX,House,118-H-573,Yea,C001051
"CARTER, John R.",20356,R,TX,House,118-H-617,Yea,C001051
"CARTER, John R.",20356,R,TX,House,118-H-671,Yea,C001051
"CARTER, John R.",20356,R,TX,House,118-H-672,Yea,C001051
"CARTER, John R.",20356,R,TX,House,118-H-692,Yea,C001051
"CARTER, John R.",20356,R,TX,House,118-H-716,Yea,C001051
"CARTER, John R.",20356,R,TX,House,118-H-746,Yea,C001051
"CARTER, John R.",20356,R,TX,House,118-H-756,Yea,C001051
"CARTER, John R.",20356,R,TX,House,118-H-762,Yea,C001051
"CARTER, John R.",20356,R,TX,House,118-H-852,Yea,C001051
"CARTER, John R.",20356,R,TX,House,118-H-859,Yea,C001051
"CARTER, John R.",20356,R,TX,House,118-H-870,Yea,C001051
"CARTER, John R.",20356,R,TX,House,118-H-890,Yea,C001051
"CARTER, John R.",20356,R,TX,House,118-H-935,Yea,C001051
"CARTER, John R.",20356,R,TX,House,119-H-128,Yea,C001051
"CARTER, John R.",20356,R,TX,House,119-H-158,Yea,C001051
"CARTER, John R.",20356,R,TX,House,119-H-526,Yea,C001051
"CARTER, John R.",20356,R,TX,House,119-H-655,Yea,C001051
"CARTER, Troy",22158,D,LA,House,117-H-274,Yea,C001125
"CARTER, Troy",22158,D,LA,House,117-H-660,Yea,C001125
"CARTER, Troy",22158,D,LA,House,118-H-1146,Nay,C001125
"CARTER, Troy",22158,D,LA,House,118-H-1194,Yea,C001125
"CARTER, Troy",22158,D,LA,House,118-H-193,Yea,C001125
"CARTER, Troy",22158,D,LA,House,118-H-241,Yea,C001125
"CARTER, Troy",22158,D,LA,House,118-H-337,Yea,C001125
"CARTER, Troy",22158,D,LA,House,118-H-523,Yea,C001125
"CARTER, Troy",22158,D,LA,House,118-H-556,Yea,C001125
"CARTER, Troy",22158,D,LA,House,118-H-572,Nay,C001125
"CARTER, Troy",22158,D,LA,House,118-H-573,Yea,C001125
"CARTER, Troy",22158,D,LA,House,118-H-617,Nay,C001125
"CARTER, Troy",22158,D,LA,House,118-H-671,Yea,C001125
"CARTER, Troy",22158,D,LA,House,118-H-672,Yea,C001125
"CARTER, Troy",22158,D,LA,House,118-H-692,Present,C001125
"CARTER, Troy",22158,D,LA,House,118-H-716,Nay,C001125
"CARTER, Troy",22158,D,LA,House,118-H-746,Yea,C001125
"CARTER, Troy",22158,D,LA,House,118-H-756,Nay,C001125
"CARTER, Troy",22158,D,LA,House,118-H-762,Yea,C001125
"CARTER, Troy",22158,D,LA,House,118-H-852,Yea,C001125
"CARTER, Troy",22158,D,LA,House,118-H-859,Yea,C001125
"CARTER, Troy",22158,D,LA,House,118-H-870,Yea,C001125
"CARTER, Troy",22158,D,LA,House,118-H-890,Nay,C001125
"CARTER, Troy",22158,D,LA,House,118-H-935,Nay,C001125
"CARTER, Troy",22158,D,LA,House,119-H-128,Yea,C001125
"CARTER, Troy",22158,D,LA,House,119-H-158,Yea,C001125
"CARTER, Troy",22158,D,LA,House,119-H-526,Yea,C001125
"CARTER, Troy",22158,D,LA,House,119-H-655,Nay,C001125
"CARTWRIGHT, Matt",21358,D,PA,House,116-H-107,Yea,C001090
"CARTWRIGHT, Matt",21358,D,PA,House,116-H-28,Yea,C001090
"CARTWRIGHT, Matt",21358,D,PA,House,116-H-496,Yea,C001090
"CARTWRIGHT, Matt",21358,D,PA,House,116-H-651,Not voting,C001090
"CARTWRIGHT, Matt",21358,D,PA,House,117-H-274,Yea,C001090
"CARTWRIGHT, Matt",21358,D,PA,House,117-H-660,Yea,C001090
"CARTWRIGHT, Matt",21358,D,PA,House,118-H-1146,Nay,C001090
"CARTWRIGHT, Matt",21358,D,PA,House,118-H-1194,Yea,C001090
"CARTWRIGHT, Matt",21358,D,PA,House,118-H-193,Yea,C001090
"CARTWRIGHT, Matt",21358,D,PA,House,118-H-241,Yea,C001090
"CARTWRIGHT, Matt",21358,D,PA,House,118-H-337,Yea,C001090
"CARTWRIGHT, Matt",21358,D,PA,House,118-H-523,Yea,C001090
"CARTWRIGHT, Matt",21358,D,PA,House,118-H-556,Yea,C001090
"CARTWRIGHT, Matt",21358,D,PA,House,118-H-572,Nay,C001090
"CARTWRIGHT, Matt",21358,D,PA,House,118-H-573,Yea,C001090
"CARTWRIGHT, Matt",21358,D,PA,House,118-H-617,Nay,C001090
"CARTWRIGHT, Matt",21358,D,PA,House,118-H-671,Yea,C001090
"CARTWRIGHT, Matt",21358,D,PA,House,118-H-672,Yea,C001090
"CARTWRIGHT, Matt",21358,D,PA,House,118-H-692,Yea,C001090
"CARTWRIGHT, Matt",21358,D,PA,House,118-H-716,Yea,C001090
"CARTWRIGHT, Matt",21358,D,PA,House,118-H-746,Yea,C001090
"CARTWRIGHT, Matt",21358,D,PA,House,118-H-756,Yea,C001090
"CARTWRIGHT, Matt",21358,D,PA,House,118-H-762,Yea,C001090
"CARTWRIGHT, Matt",21358,D,PA,House,118-H-852,Yea,C001090
"CARTWRIGHT, Matt",21358,D,PA,House,118-H-859,Yea,C001090
"CARTWRIGHT, Matt",21358,D,PA,House,118-H-870,Yea,C001090
"CARTWRIGHT, Matt",21358,D,PA,House,118-H-890,Yea,C001090
"CARTWRIGHT, Matt",21358,D,PA,House,118-H-935,Yea,C001090
"CASAR, Greg",22307,D,TX,House,118-H-1146,Nay,C001131
"CASAR, Greg",22307,D,TX,House,118-H-1194,Yea,C001131
"CASAR, Greg",22307,D,TX,House,118-H-193,Yea,C001131
"CASAR, Greg",22307,D,TX,House,118-H-241,Yea,C001131
"CASAR, Greg",22307,D,TX,House,118-H-337,Yea,C001131
"CASAR, Greg",22307,D,TX,House,118-H-523,Present,C001131
"CASAR, Greg",22307,D,TX,House,118-H-556,Nay,C001131
"CASAR, Greg",22307,D,TX,House,118-H-572,Nay,C001131
"CASAR, Greg",22307,D,TX,House,118-H-573,Yea,C001131
"CASAR, Greg",22307,D,TX,House,118-H-617,Nay,C001131
"CASAR, Greg",22307,D,TX,House,118-H-671,Yea,C001131
"CASAR, Greg",22307,D,TX,House,118-H-672,Yea,C001131
"CASAR, Greg",22307,D,TX,House,118-H-692,Present,C001131
"CASAR, Greg",22307,D,TX,House,118-H-716,Nay,C001131
"CASAR, Greg",22307,D,TX,House,118-H-746,Yea,C001131
"CASAR, Greg",22307,D,TX,House,118-H-756,Nay,C001131
"CASAR, Greg",22307,D,TX,House,118-H-762,Yea,C001131
"CASAR, Greg",22307,D,TX,House,118-H-852,Nay,C001131
"CASAR, Greg",22307,D,TX,House,118-H-859,Nay,C001131
"CASAR, Greg",22307,D,TX,House,118-H-870,Nay,C001131
"CASAR, Greg",22307,D,TX,House,118-H-890,Nay,C001131
"CASAR, Greg",22307,D,TX,House,118-H-935,Nay,C001131
"CASAR, Greg",22307,D,TX,House,119-H-128,Yea,C001131
"CASAR, Greg",22307,D,TX,House,119-H-158,Yea,C001131
"CASAR, Greg",22307,D,TX,House,119-H-526,Yea,C001131
"CASAR, Greg",22307,D,TX,House,119-H-655,Nay,C001131
"CASE, Ed",20322,D,HI,House,116-H-107,Yea,C001055
"CASE, Ed",20322,D,HI,House,116-H-28,Yea,C001055
"CASE, Ed",20322,D,HI,House,116-H-496,Yea,C001055
"CASE, Ed",20322,D,HI,House,116-H-651,Yea,C001055
"CASE, Ed",20322,D,HI,House,117-H-274,Yea,C001055
"CASE, Ed",20322,D,HI,House,117-H-660,Yea,C001055
"CASE, Ed",20322,D,HI,House,118-H-1146,Nay,C001055
"CASE, Ed",20322,D,HI,House,118-H-1194,Yea,C001055
"CASE, Ed",20322,D,HI,House,118-H-193,Yea,C001055
"CASE, Ed",20322,D,HI,House,118-H-241,Yea,C001055
"CASE, Ed",20322,D,HI,House,118-H-337,Yea,C001055
"CASE, Ed",20322,D,HI,House,118-H-523,Yea,C001055
"CASE, Ed",20322,D,HI,House,118-H-556,Yea,C001055
"CASE, Ed",20322,D,HI,House,118-H-572,Nay,C001055
"CASE, Ed",20322,D,HI,House,118-H-573,Yea,C001055
"CASE, Ed",20322,D,HI,House,118-H-617,Nay,C001055
"CASE, Ed",20322,D,HI,House,118-H-671,Yea,C001055
"CASE, Ed",20322,D,HI,House,118-H-672,Yea,C001055
"CASE, Ed",20322,D,HI,House,118-H-692,Present,C001055
"CASE, Ed",20322,D,HI,House,118-H-716,Nay,C001055
"CASE, Ed",20322,D,HI,House,118-H-746,Yea,C001055
"CASE, Ed",20322,D,HI,House,118-H-756,Nay,C001055
"CASE, Ed",20322,D,HI,House,118-H-762,Yea,C001055
"CASE, Ed",20322,D,HI,House,118-H-852,Yea,C001055
"CASE, Ed",20322,D,HI,House,118-H-859,Yea,C001055
"CASE, Ed",20322,D,HI,House,118-H-870,Yea,C001055
"CASE, Ed",20322,D,HI,House,118-H-890,Nay,C001055
"CASE, Ed",20322,D,HI,House,118-H-935,Nay,C001055
"CASE, Ed",20322,D,HI,House,119-H-128,Yea,C001055
"CASE, Ed",20322,D,HI,House,119-H-158,Yea,C001055
"CASE, Ed",20322,D,HI,House,119-H-526,Yea,C001055
"CASE, Ed",20322,D,HI,House,119-H-655,Nay,C001055
"CASTEN, Sean",21906,D,IL,House,116-H-107,Yea,C001117
"CASTEN, Sean",21906,D,IL,House,116-H-28,Yea,C001117
"CASTEN, Sean",21906,D,IL,House,116-H-496,Yea,C001117
"CASTEN, Sean",21906,D,IL,House,116-H-651,Yea,C001117
"CASTEN, Sean",21906,D,IL,House,117-H-274,Yea,C001117
"CASTEN, Sean",21906,D,IL,House,117-H-660,Yea,C001117
"CASTEN, Sean",21906,D,IL,House,118-H-1146,Nay,C001117
"CASTEN, Sean",21906,D,IL,House,118-H-1194,Yea,C001117
"CASTEN, Sean",21906,D,IL,House,118-H-193,Yea,C001117
"CASTEN, Sean",21906,D,IL,House,118-H-241,Yea,C001117
"CASTEN, Sean",21906,D,IL,House,118-H-337,Yea,C001117
"CASTEN, Sean",21906,D,IL,House,118-H-523,Yea,C001117
"CASTEN, Sean",21906,D,IL,House,118-H-556,Yea,C001117
"CASTEN, Sean",21906,D,IL,House,118-H-572,Nay,C001117
"CASTEN, Sean",21906,D,IL,House,118-H-573,Yea,C001117
"CASTEN, Sean",21906,D,IL,House,118-H-617,Nay,C001117
"CASTEN, Sean",21906,D,IL,House,118-H-671,Yea,C001117
"CASTEN, Sean",21906,D,IL,House,118-H-672,Yea,C001117
"CASTEN, Sean",21906,D,IL,House,118-H-692,Present,C001117
"CASTEN, Sean",21906,D,IL,House,118-H-716,Nay,C001117
"CASTEN, Sean",21906,D,IL,House,118-H-746,Yea,C001117
"CASTEN, Sean",21906,D,IL,House,118-H-756,Nay,C001117
"CASTEN, Sean",21906,D,IL,House,118-H-762,Yea,C001117
"CASTEN, Sean",21906,D,IL,House,118-H-852,Yea,C001117
"CASTEN, Sean",21906,D,IL,House,118-H-859,Yea,C001117
"CASTEN, Sean",21906,D,IL,House,118-H-870,Yea,C001117
"CASTEN, Sean",21906,D,IL,House,118-H-890,Nay,C001117
"CASTEN, Sean",21906,D,IL,House,118-H-935,Nay,C001117
"CASTEN, Sean",21906,D,IL,House,119-H-128,Yea,C001117
"CASTEN, Sean",21906,D,IL,House,119-H-158,Yea,C001117
"CASTEN, Sean",21906,D,IL,House,119-H-526,Yea,C001117
"CASTEN, Sean",21906,D,IL,House,119-H-655,Nay,C001117
"CASTOR, Kathy",20708,D,FL,House,116-H-107,Yea,C001066
"CASTOR, Kathy",20708,D,FL,House,116-H-28,Yea,C001066
"CASTOR, Kathy",20708,D,FL,House,116-H-496,Yea,C001066
"CASTOR, Kathy",20708,D,FL,House,116-H-651,Yea,C001066
"CASTOR, Kathy",20708,D,FL,House,117-H-274,Yea,C001066
"CASTOR, Kathy",20708,D,FL,House,117-H-660,Yea,C001066
"CASTOR, Kathy",20708,D,FL,House,118-H-1146,Nay,C001066
"CASTOR, Kathy",20708,D,FL,House,118-H-1194,Not voting,C001066
"CASTOR, Kathy",20708,D,FL,House,118-H-193,Yea,C001066
"CASTOR, Kathy",20708,D,FL,House,118-H-241,Yea,C001066
"CASTOR, Kathy",20708,D,FL,House,118-H-337,Yea,C001066
"CASTOR, Kathy",20708,D,FL,House,118-H-523,Yea,C001066
"CASTOR, Kathy",20708,D,FL,House,118-H-556,Yea,C001066
"CASTOR, Kathy",20708,D,FL,House,118-H-572,Nay,C001066
"CASTOR, Kathy",20708,D,FL,House,118-H-573,Yea,C001066
"CASTOR, Kathy",20708,D,FL,House,118-H-617,Nay,C001066
"CASTOR, Kathy",20708,D,FL,House,118-H-671,Yea,C001066
"CASTOR, Kathy",20708,D,FL,House,118-H-672,Yea,C001066
"CASTOR, Kathy",20708,D,FL,House,118-H-692,Yea,C001066
"CASTOR, Kathy",20708,D,FL,House,118-H-716,Nay,C001066
"CASTOR, Kathy",20708,D,FL,House,118-H-746,Yea,C001066
"CASTOR, Kathy",20708,D,FL,House,118-H-756,Yea,C001066
"CASTOR, Kathy",20708,D,FL,House,118-H-762,Yea,C001066
"CASTOR, Kathy",20708,D,FL,House,118-H-852,Yea,C001066
"CASTOR, Kathy",20708,D,FL,House,118-H-859,Yea,C001066
"CASTOR, Kathy",20708,D,FL,House,118-H-870,Yea,C001066
"CASTOR, Kathy",20708,D,FL,House,118-H-890,Yea,C001066
"CASTOR, Kathy",20708,D,FL,House,118-H-935,Nay,C001066
"CASTOR, Kathy",20708,D,FL,House,119-H-128,Yea,C001066
"CASTOR, Kathy",20708,D,FL,House,119-H-158,Yea,C001066
"CASTOR, Kathy",20708,D,FL,House,119-H-526,Yea,C001066
"CASTOR, Kathy",20708,D,FL,House,119-H-655,Yea,C001066
"CASTRO, Joaquin",21362,D,TX,House,116-H-107,Yea,C001091
"CASTRO, Joaquin",21362,D,TX,House,116-H-28,Yea,C001091
"CASTRO, Joaquin",21362,D,TX,House,116-H-496,Yea,C001091
"CASTRO, Joaquin",21362,D,TX,House,116-H-651,Yea,C001091
"CASTRO, Joaquin",21362,D,TX,House,117-H-274,Yea,C001091
"CASTRO, Joaquin",21362,D,TX,House,117-H-660,Yea,C001091
"CASTRO, Joaquin",21362,D,TX,House,118-H-1146,Nay,C001091
"CASTRO, Joaquin",21362,D,TX,House,118-H-1194,Yea,C001091
"CASTRO, Joaquin",21362,D,TX,House,118-H-193,Yea,C001091
"CASTRO, Joaquin",21362,D,TX,House,118-H-241,Yea,C001091
"CASTRO, Joaquin",21362,D,TX,House,118-H-337,Yea,C001091
"CASTRO, Joaquin",21362,D,TX,House,118-H-523,Present,C001091
"CASTRO, Joaquin",21362,D,TX,House,118-H-556,Nay,C001091
"CASTRO, Joaquin",21362,D,TX,House,118-H-572,Nay,C001091
"CASTRO, Joaquin",21362,D,TX,House,118-H-573,Not voting,C001091
"CASTRO, Joaquin",21362,D,TX,House,118-H-617,Nay,C001091
"CASTRO, Joaquin",21362,D,TX,House,118-H-671,Yea,C001091
"CASTRO, Joaquin",21362,D,TX,House,118-H-672,Yea,C001091
"CASTRO, Joaquin",21362,D,TX,House,118-H-692,Present,C001091
"CASTRO, Joaquin",21362,D,TX,House,118-H-716,Nay,C001091
"CASTRO, Joaquin",21362,D,TX,House,118-H-746,Yea,C001091
"CASTRO, Joaquin",21362,D,TX,House,118-H-756,Nay,C001091
"CASTRO, Joaquin",21362,D,TX,House,118-H-762,Yea,C001091
"CASTRO, Joaquin",21362,D,TX,House,118-H-852,Not voting,C001091
"CASTRO, Joaquin",21362,D,TX,House,118-H-859,Yea,C001091
"CASTRO, Joaquin",21362,D,TX,House,118-H-870,Nay,C001091
"CASTRO, Joaquin",21362,D,TX,House,118-H-890,Nay,C001091
"CASTRO, Joaquin",21362,D,TX,House,118-H-935,Nay,C001091
"CASTRO, Joaquin",21362,D,TX,House,119-H-128,Yea,C001091
"CASTRO, Joaquin",21362,D,TX,House,119-H-158,Yea,C001091
"CASTRO, Joaquin",21362,D,TX,House,119-H-526,Yea,C001091
"CASTRO, Joaquin",21362,D,TX,House,119-H-655,Nay,C001091
"CHABOT, Steve",29550,R,OH,House,116-H-107,Yea,C000266
"CHABOT, Steve",29550,R,OH,House,116-H-28,Yea,C000266
"CHABOT, Steve",29550,R,OH,House,116-H-496,Yea,C000266
"CHABOT, Steve",29550,R,OH,House,116-H-651,Nay,C000266
"CHABOT, Steve",29550,R,OH,House,117-H-274,Yea,C000266
"CHABOT, Steve",29550,R,OH,House,117-H-660,Yea,C000266
"CHAVEZ-DEREMER, Lori",22308,R,OR,House,118-H-1146,Yea,C001135
"CHAVEZ-DEREMER, Lori",22308,R,OR,House,118-H-1194,Yea,C001135
"CHAVEZ-DEREMER, Lori",22308,R,OR,House,118-H-193,Yea,C001135
"CHAVEZ-DEREMER, Lori",22308,R,OR,House,118-H-241,Yea,C001135
"CHAVEZ-DEREMER, Lori",22308,R,OR,House,118-H-337,Yea,C001135
"CHAVEZ-DEREMER, Lori",22308,R,OR,House,118-H-523,Yea,C001135
"CHAVEZ-DEREMER, Lori",22308,R,OR,House,118-H-556,Yea,C001135
"CHAVEZ-DEREMER, Lori",22308,R,OR,House,118-H-572,Yea,C001135
"CHAVEZ-DEREMER, Lori",22308,R,OR,House,118-H-573,Yea,C001135
"CHAVEZ-DEREMER, Lori",22308,R,OR,House,118-H-617,Yea,C001135
"CHAVEZ-DEREMER, Lori",22308,R,OR,House,118-H-671,Yea,C001135
"CHAVEZ-DEREMER, Lori",22308,R,OR,House,118-H-672,Yea,C001135
"CHAVEZ-DEREMER, Lori",22308,R,OR,House,118-H-692,Yea,C001135
"CHAVEZ-DEREMER, Lori",22308,R,OR,House,118-H-716,Yea,C001135
"CHAVEZ-DEREMER, Lori",22308,R,OR,House,118-H-746,Yea,C001135
"CHAVEZ-DEREMER, Lori",22308,R,OR,House,118-H-756,Yea,C001135
"CHAVEZ-DEREMER, Lori",22308,R,OR,House,118-H-762,Yea,C001135
"CHAVEZ-DEREMER, Lori",22308,R,OR,House,118-H-852,Yea,C001135
"CHAVEZ-DEREMER, Lori",22308,R,OR,House,118-H-859,Yea,C001135
"CHAVEZ-DEREMER, Lori",22308,R,OR,House,118-H-870,Yea,C001135
"CHAVEZ-DEREMER, Lori",22308,R,OR,House,118-H-890,Yea,C001135
"CHAVEZ-DEREMER, Lori",22308,R,OR,House,118-H-935,Yea,C001135
"CHENEY, Liz",21710,R,WY,House,116-H-107,Nay,C001109
"CHENEY, Liz",21710,R,WY,House,116-H-28,Yea,C001109
"CHENEY, Liz",21710,R,WY,House,116-H-496,Yea,C001109
"CHENEY, Liz",21710,R,WY,House,116-H-651,Nay,C001109
"CHENEY, Liz",21710,R,WY,House,117-H-274,Yea,C001109
"CHENEY, Liz",21710,R,WY,House,117-H-660,Yea,C001109
"CHERFILUS-MCCORMICK, Sheila",22163,D,FL,House,117-H-660,Yea,C001127
"CHERFILUS-MCCORMICK, Sheila",22163,D,FL,House,118-H-1146,Nay,C001127
"CHERFILUS-MCCORMICK, Sheila",22163,D,FL,House,118-H-1194,Yea,C001127
"CHERFILUS-MCCORMICK, Sheila",22163,D,FL,House,118-H-193,Yea,C001127
"CHERFILUS-MCCORMICK, Sheila",22163,D,FL,House,118-H-241,Yea,C001127
"CHERFILUS-MCCORMICK, Sheila",22163,D,FL,House,118-H-337,Yea,C001127
"CHERFILUS-MCCORMICK, Sheila",22163,D,FL,House,118-H-523,Yea,C001127
"CHERFILUS-MCCORMICK, Sheila",22163,D,FL,House,118-H-556,Yea,C001127
"CHERFILUS-MCCORMICK, Sheila",22163,D,FL,House,118-H-572,Nay,C001127
"CHERFILUS-MCCORMICK, Sheila",22163,D,FL,House,118-H-573,Yea,C001127
"CHERFILUS-MCCORMICK, Sheila",22163,D,FL,House,118-H-617,Nay,C001127
"CHERFILUS-MCCORMICK, Sheila",22163,D,FL,House,118-H-671,Yea,C001127
"CHERFILUS-MCCORMICK, Sheila",22163,D,FL,House,118-H-672,Yea,C001127
"CHERFILUS-MCCORMICK, Sheila",22163,D,FL,House,118-H-692,Yea,C001127
"CHERFILUS-MCCORMICK, Sheila",22163,D,FL,House,118-H-716,Nay,C001127
"CHERFILUS-MCCORMICK, Sheila",22163,D,FL,House,118-H-746,Yea,C001127
"CHERFILUS-MCCORMICK, Sheila",22163,D,FL,House,118-H-756,Yea,C001127
"CHERFILUS-MCCORMICK, Sheila",22163,D,FL,House,118-H-762,Yea,C001127
"CHERFILUS-MCCORMICK, Sheila",22163,D,FL,House,118-H-852,Yea,C001127
"CHERFILUS-MCCORMICK, Sheila",22163,D,FL,House,118-H-859,Yea,C001127
"CHERFILUS-MCCORMICK, Sheila",22163,D,FL,House,118-H-870,Yea,C001127
"CHERFILUS-MCCORMICK, Sheila",22163,D,FL,House,118-H-890,Yea,C001127
"CHERFILUS-MCCORMICK, Sheila",22163,D,FL,House,118-H-935,Nay,C001127
"CHERFILUS-MCCORMICK, Sheila",22163,D,FL,House,119-H-128,Yea,C001127
"CHERFILUS-MCCORMICK, Sheila",22163,D,FL,House,119-H-158,Yea,C001127
"CHU, Judy",20955,D,CA,House,116-H-107,Yea,C001080
"CHU, Judy",20955,D,CA,House,116-H-28,Yea,C001080
"CHU, Judy",20955,D,CA,House,116-H-496,Yea,C001080
"CHU, Judy",20955,D,CA,House,116-H-651,Yea,C001080
"CHU, Judy",20955,D,CA,House,117-H-274,Yea,C001080
"CHU, Judy",20955,D,CA,House,117-H-660,Yea,C001080
"CHU, Judy",20955,D,CA,House,118-H-1146,Nay,C001080
"CHU, Judy",20955,D,CA,House,118-H-1194,Yea,C001080
"CHU, Judy",20955,D,CA,House,118-H-193,Yea,C001080
"CHU, Judy",20955,D,CA,House,118-H-241,Yea,C001080
"CHU, Judy",20955,D,CA,House,118-H-337,Yea,C001080
"CHU, Judy",20955,D,CA,House,118-H-523,Yea,C001080
"CHU, Judy",20955,D,CA,House,118-H-556,Nay,C001080
"CHU, Judy",20955,D,CA,House,118-H-572,Nay,C001080
"CHU, Judy",20955,D,CA,House,118-H-573,Yea,C001080
"CHU, Judy",20955,D,CA,House,118-H-617,Nay,C001080
"CHU, Judy",20955,D,CA,House,118-H-671,Yea,C001080
"CHU, Judy",20955,D,CA,House,118-H-672,Yea,C001080
"CHU, Judy",20955,D,CA,House,118-H-692,Present,C001080
"CHU, Judy",20955,D,CA,House,118-H-716,Nay,C001080
"CHU, Judy",20955,D,CA,House,118-H-746,Yea,C001080
"CHU, Judy",20955,D,CA,House,118-H-756,Nay,C001080
"CHU, Judy",20955,D,CA,House,118-H-762,Not voting,C001080
"CHU, Judy",20955,D,CA,House,118-H-852,Nay,C001080
"CHU, Judy",20955,D,CA,House,118-H-859,Yea,C001080
"CHU, Judy",20955,D,CA,House,118-H-870,Nay,C001080
"CHU, Judy",20955,D,CA,House,118-H-890,Yea,C001080
"CHU, Judy",20955,D,CA,House,118-H-935,Nay,C001080
"CHU, Judy",20955,D,CA,House,119-H-128,Yea,C001080
"CHU, Judy",20955,D,CA,House,119-H-158,Yea,C001080
"CHU, Judy",20955,D,CA,House,119-H-526,Yea,C001080
"CHU, Judy",20955,D,CA,House,119-H-655,Nay,C001080
"CICILLINE, David N.",21172,D,RI,House,116-H-107,Yea,C001084
"CICILLINE, David N.",21172,D,RI,House,116-H-28,Yea,C001084
"CICILLINE, David N.",21172,D,RI,House,116-H-496,Yea,C001084
"CICILLINE, David N.",21172,D,RI,House,116-H-651,Yea,C001084
"CICILLINE, David N.",21172,D,RI,House,117-H-274,Yea,C001084
"CICILLINE, David N.",21172,D,RI,House,117-H-660,Yea,C001084
"CICILLINE, David N.",21172,D,RI,House,118-H-193,Yea,C001084
"CICILLINE, David N.",21172,D,RI,House,118-H-241,Yea,C001084
"CISCOMANI, Juan",22309,R,AZ,House,118-H-1146,Yea,C001133
"CISCOMANI, Juan",22309,R,AZ,House,118-H-1194,Yea,C001133
"CISCOMANI, Juan",22309,R,AZ,House,118-H-193,Yea,C001133
"CISCOMANI, Juan",22309,R,AZ,House,118-H-241,Yea,C001133
"CISCOMANI, Juan",22309,R,AZ,House,118-H-337,Yea,C001133
"CISCOMANI, Juan",22309,R,AZ,House,118-H-523,Yea,C001133
"CISCOMANI, Juan",22309,R,AZ,House,118-H-556,Yea,C001133
"CISCOMANI, Juan",22309,R,AZ,House,118-H-572,Yea,C001133
"CISCOMANI, Juan",22309,R,AZ,House,118-H-573,Yea,C001133
"CISCOMANI, Juan",22309,R,AZ,House,118-H-617,Yea,C001133
"CISCOMANI, Juan",22309,R,AZ,House,118-H-671,Yea,C001133
"CISCOMANI, Juan",22309,R,AZ,House,118-H-672,Yea,C001133
"CISCOMANI, Juan",22309,R,AZ,House,118-H-692,Yea,C001133
"CISCOMANI, Juan",22309,R,AZ,House,118-H-716,Yea,C001133
"CISCOMANI, Juan",22309,R,AZ,House,118-H-746,Yea,C001133
"CISCOMANI, Juan",22309,R,AZ,House,118-H-756,Yea,C001133
"CISCOMANI, Juan",22309,R,AZ,House,118-H-762,Yea,C001133
"CISCOMANI, Juan",22309,R,AZ,House,118-H-852,Yea,C001133
"CISCOMANI, Juan",22309,R,AZ,House,118-H-859,Yea,C001133
"CISCOMANI, Juan",22309,R,AZ,House,118-H-870,Yea,C001133
"CISCOMANI, Juan",22309,R,AZ,House,118-H-890,Yea,C001133
"CISCOMANI, Juan",22309,R,AZ,House,118-H-935,Yea,C001133
"CISCOMANI, Juan",22309,R,AZ,House,119-H-128,Yea,C001133
"CISCOMANI, Juan",22309,R,AZ,House,119-H-158,Yea,C001133
"CISCOMANI, Juan",22309,R,AZ,House,119-H-526,Yea,C001133
"CISCOMANI, Juan",22309,R,AZ,House,119-H-655,Not voting,C001133
"CISNEROS, Gil",21907,D,CA,House,116-H-107,Yea,C001123
"CISNEROS, Gil",21907,D,CA,House,116-H-28,Yea,C001123
"CISNEROS, Gil",21907,D,CA,House,116-H-496,Yea,C001123
"CISNEROS, Gil",21907,D,CA,House,116-H-651,Yea,C001123
"CISNEROS, Gil",21907,D,CA,House,119-H-128,Yea,C001123
"CISNEROS, Gil",21907,D,CA,House,119-H-158,Yea,C001123
"CISNEROS, Gil",21907,D,CA,House,119-H-526,Yea,C001123
"CISNEROS, Gil",21907,D,CA,House,119-H-655,Yea,C001123
"CLARK, Katherine M.",21375,D,MA,House,116-H-107,Yea,C001101
"CLARK, Katherine M.",21375,D,MA,House,116-H-28,Yea,C001101
"CLARK, Katherine M.",21375,D,MA,House,116-H-496,Yea,C001101
"CLARK, Katherine M.",21375,D,MA,House,116-H-651,Yea,C001101
"CLARK, Katherine M.",21375,D,MA,House,117-H-274,Yea,C001101
"CLARK, Katherine M.",21375,D,MA,House,117-H-660,Yea,C001101
"CLARK, Katherine M.",21375,D,MA,House,118-H-1146,Nay,C001101
"CLARK, Katherine M.",21375,D,MA,House,118-H-1194,Yea,C001101
"CLARK, Katherine M.",21375,D,MA,House,118-H-193,Yea,C001101
"CLARK, Katherine M.",21375,D,MA,House,118-H-241,Yea,C001101
"CLARK, Katherine M.",21375,D,MA,House,118-H-337,Yea,C001101
"CLARK, Katherine M.",21375,D,MA,House,118-H-523,Yea,C001101
"CLARK, Katherine M.",21375,D,MA,House,118-H-556,Yea,C001101
"CLARK, Katherine M.",21375,D,MA,House,118-H-572,Nay,C001101
"CLARK, Katherine M.",21375,D,MA,House,118-H-573,Yea,C001101
"CLARK, Katherine M.",21375,D,MA,House,118-H-617,Nay,C001101
"CLARK, Katherine M.",21375,D,MA,House,118-H-671,Yea,C001101
"CLARK, Katherine M.",21375,D,MA,House,118-H-672,Yea,C001101
"CLARK, Katherine M.",21375,D,MA,House,118-H-692,Present,C001101
"CLARK, Katherine M.",21375,D,MA,House,118-H-716,Nay,C001101
"CLARK, Katherine M.",21375,D,MA,House,118-H-746,Yea,C001101
"CLARK, Katherine M.",21375,D,MA,House,118-H-756,Nay,C001101
"CLARK, Katherine M.",21375,D,MA,House,118-H-762,Yea,C001101
"CLARK, Katherine M.",21375,D,MA,House,118-H-852,Yea,C001101
"CLARK, Katherine M.",21375,D,MA,House,118-H-859,Yea,C001101
"CLARK, Katherine M.",21375,D,MA,House,118-H-870,Yea,C001101
"CLARK, Katherine M.",21375,D,MA,House,118-H-890,Yea,C001101
"CLARK, Katherine M.",21375,D,MA,House,118-H-935,Nay,C001101
"CLARK, Katherine M.",21375,D,MA,House,119-H-128,Yea,C001101
"CLARK, Katherine M.",21375,D,MA,House,119-H-158,Yea,C001101
"CLARK, Katherine M.",21375,D,MA,House,119-H-526,Yea,C001101
"CLARK, Katherine M.",21375,D,MA,House,119-H-655,Nay,C001101
"CLARKE, Yvette Diane",20733,D,NY,House,116-H-107,Yea,C001067
"CLARKE, Yvette Diane",20733,D,NY,House,116-H-28,Yea,C001067
"CLARKE, Yvette Diane",20733,D,NY,House,116-H-496,Yea,C001067
"CLARKE, Yvette Diane",20733,D,NY,House,116-H-651,Yea,C001067
"CLARKE, Yvette Diane",20733,D,NY,House,117-H-274,Yea,C001067
"CLARKE, Yvette Diane",20733,D,NY,House,117-H-660,Yea,C001067
"CLARKE, Yvette Diane",20733,D,NY,House,118-H-1146,Nay,C001067
"CLARKE, Yvette Diane",20733,D,NY,House,118-H-1194,Yea,C001067
"CLARKE, Yvette Diane",20733,D,NY,House,118-H-193,Yea,C001067
"CLARKE, Yvette Diane",20733,D,NY,House,118-H-241,Yea,C001067
"CLARKE, Yvette Diane",20733,D,NY,House,118-H-337,Yea,C001067
"CLARKE, Yvette Diane",20733,D,NY,House,118-H-523,Yea,C001067
"CLARKE, Yvette Diane",20733,D,NY,House,118-H-556,Nay,C001067
"CLARKE, Yvette Diane",20733,D,NY,House,118-H-572,Nay,C001067
"CLARKE, Yvette Diane",20733,D,NY,House,118-H-573,Yea,C001067
"CLARKE, Yvette Diane",20733,D,NY,House,118-H-617,Nay,C001067
"CLARKE, Yvette Diane",20733,D,NY,House,118-H-671,Yea,C001067
"CLARKE, Yvette Diane",20733,D,NY,House,118-H-672,Yea,C001067
"CLARKE, Yvette Diane",20733,D,NY,House,118-H-692,Present,C001067
"CLARKE, Yvette Diane",20733,D,NY,House,118-H-716,Nay,C001067
"CLARKE, Yvette Diane",20733,D,NY,House,118-H-746,Yea,C001067
"CLARKE, Yvette Diane",20733,D,NY,House,118-H-756,Nay,C001067
"CLARKE, Yvette Diane",20733,D,NY,House,118-H-762,Yea,C001067
"CLARKE, Yvette Diane",20733,D,NY,House,118-H-852,Nay,C001067
"CLARKE, Yvette Diane",20733,D,NY,House,118-H-859,Yea,C001067
"CLARKE, Yvette Diane",20733,D,NY,House,118-H-870,Yea,C001067
"CLARKE, Yvette Diane",20733,D,NY,House,118-H-890,Nay,C001067
"CLARKE, Yvette Diane",20733,D,NY,House,118-H-935,Nay,C001067
"CLARKE, Yvette Diane",20733,D,NY,House,119-H-128,Yea,C001067
"CLARKE, Yvette Diane",20733,D,NY,House,119-H-158,Yea,C001067
"CLARKE, Yvette Diane",20733,D,NY,House,119-H-526,Yea,C001067
"CLARKE, Yvette Diane",20733,D,NY,House,119-H-655,Nay,C001067
"CLAY, William Lacy, Jr.",20147,D,MO,House,116-H-107,Not voting,C001049
"CLAY, William Lacy, Jr.",20147,D,MO,House,116-H-28,Yea,C001049
"CLAY, William Lacy, Jr.",20147,D,MO,House,116-H-496,Yea,C001049
"CLAY, William Lacy, Jr.",20147,D,MO,House,116-H-651,Yea,C001049
"CLEAVER, Emanuel, II",20517,D,MO,House,116-H-107,Yea,C001061
"CLEAVER, Emanuel, II",20517,D,MO,House,116-H-28,Yea,C001061
"CLEAVER, Emanuel, II",20517,D,MO,House,116-H-496,Yea,C001061
"CLEAVER, Emanuel, II",20517,D,MO,House,116-H-651,Yea,C001061
"CLEAVER, Emanuel, II",20517,D,MO,House,117-H-274,Yea,C001061
"CLEAVER, Emanuel, II",20517,D,MO,House,117-H-660,Yea,C001061
"CLEAVER, Emanuel, II",20517,D,MO,House,118-H-1146,Nay,C001061
"CLEAVER, Emanuel, II",20517,D,MO,House,118-H-1194,Yea,C001061
"CLEAVER, Emanuel, II",20517,D,MO,House,118-H-193,Yea,C001061
"CLEAVER, Emanuel, II",20517,D,MO,House,118-H-241,Yea,C001061
"CLEAVER, Emanuel, II",20517,D,MO,House,118-H-337,Yea,C001061
"CLEAVER, Emanuel, II",20517,D,MO,House,118-H-523,Yea,C001061
"CLEAVER, Emanuel, II",20517,D,MO,House,118-H-556,Yea,C001061
"CLEAVER, Emanuel, II",20517,D,MO,House,118-H-572,Nay,C001061
"CLEAVER, Emanuel, II",20517,D,MO,House,118-H-573,Yea,C001061
"CLEAVER, Emanuel, II",20517,D,MO,House,118-H-617,Nay,C001061
"CLEAVER, Emanuel, II",20517,D,MO,House,118-H-671,Yea,C001061
"CLEAVER, Emanuel, II",20517,D,MO,House,118-H-672,Yea,C001061
"CLEAVER, Emanuel, II",20517,D,MO,House,118-H-692,Present,C001061
"CLEAVER, Emanuel, II",20517,D,MO,House,118-H-716,Yea,C001061
"CLEAVER, Emanuel, II",20517,D,MO,House,118-H-746,Yea,C001061
"CLEAVER, Emanuel, II",20517,D,MO,House,118-H-756,Nay,C001061
"CLEAVER, Emanuel, II",20517,D,MO,House,118-H-762,Yea,C001061
"CLEAVER, Emanuel, II",20517,D,MO,House,118-H-852,Yea,C001061
"CLEAVER, Emanuel, II",20517,D,MO,House,118-H-859,Yea,C001061
"CLEAVER, Emanuel, II",20517,D,MO,House,118-H-870,Yea,C001061
"CLEAVER, Emanuel, II",20517,D,MO,House,118-H-890,Not voting,C001061
"CLEAVER, Emanuel, II",20517,D,MO,House,118-H-935,Not voting,C001061
"CLEAVER, Emanuel, II",20517,D,MO,House,119-H-128,Yea,C001061
"CLEAVER, Emanuel, II",20517,D,MO,House,119-H-158,Yea,C001061
"CLEAVER, Emanuel, II",20517,D,MO,House,119-H-526,Yea,C001061
"CLEAVER, Emanuel, II",20517,D,MO,House,119-H-655,Not voting,C001061
"CLINE, Benjamin",21908,R,VA,House,116-H-107,Yea,C001118
"CLINE, Benjamin",21908,R,VA,House,116-H-28,Yea,C001118
"CLINE, Benjamin",21908,R,VA,House,116-H-496,Yea,C001118
"CLINE, Benjamin",21908,R,VA,House,116-H-651,Nay,C001118
"CLINE, Benjamin",21908,R,VA,House,117-H-274,Yea,C001118
"CLINE, Benjamin",21908,R,VA,House,117-H-660,Yea,C001118
"CLINE, Benjamin",21908,R,VA,House,118-H-1146,Yea,C001118
"CLINE, Benjamin",21908,R,VA,House,118-H-1194,Yea,C001118
"CLINE, Benjamin",21908,R,VA,House,118-H-193,Yea,C001118
"CLINE, Benjamin",21908,R,VA,House,118-H-241,Yea,C001118
"CLINE, Benjamin",21908,R,VA,House,118-H-337,Yea,C001118
"CLINE, Benjamin",21908,R,VA,House,118-H-523,Yea,C001118
"CLINE, Benjamin",21908,R,VA,House,118-H-556,Yea,C001118
"CLINE, Benjamin",21908,R,VA,House,118-H-572,Yea,C001118
"CLINE, Benjamin",21908,R,VA,House,118-H-573,Yea,C001118
"CLINE, Benjamin",21908,R,VA,House,118-H-617,Yea,C001118
"CLINE, Benjamin",21908,R,VA,House,118-H-671,Yea,C001118
"CLINE, Benjamin",21908,R,VA,House,118-H-672,Yea,C001118
"CLINE, Benjamin",21908,R,VA,House,118-H-692,Yea,C001118
"CLINE, Benjamin",21908,R,VA,House,118-H-716,Yea,C001118
"CLINE, Benjamin",21908,R,VA,House,118-H-746,Yea,C001118
"CLINE, Benjamin",21908,R,VA,House,118-H-756,Yea,C001118
"CLINE, Benjamin",21908,R,VA,House,118-H-762,Yea,C001118
"CLINE, Benjamin",21908,R,VA,House,118-H-852,Yea,C001118
"CLINE, Benjamin",21908,R,VA,House,118-H-859,Yea,C001118
"CLINE, Benjamin",21908,R,VA,House,118-H-870,Yea,C001118
"CLINE, Benjamin",21908,R,VA,House,118-H-890,Yea,C001118
"CLINE, Benjamin",21908,R,VA,House,118-H-935,Yea,C001118
"CLINE, Benjamin",21908,R,VA,House,119-H-128,Yea,C001118
"CLINE, Benjamin",21908,R,VA,House,119-H-158,Yea,C001118
"CLINE, Benjamin",21908,R,VA,House,119-H-526,Yea,C001118
"CLINE, Benjamin",21908,R,VA,House,119-H-655,Yea,C001118
"CLOUD, Michael",21758,R,TX,House,116-H-107,Yea,C001115
"CLOUD, Michael",21758,R,TX,House,116-H-28,Yea,C001115
"CLOUD, Michael",21758,R,TX,House,116-H-496,Yea,C001115
"CLOUD, Michael",21758,R,TX,House,116-H-651,Nay,C001115
"CLOUD, Michael",21758,R,TX,House,117-H-274,Yea,C001115
"CLOUD, Michael",21758,R,TX,House,117-H-660,Yea,C001115
"CLOUD, Michael",21758,R,TX,House,118-H-1146,Yea,C001115
"CLOUD, Michael",21758,R,TX,House,118-H-1194,Nay,C001115
"CLOUD, Michael",21758,R,TX,House,118-H-193,Yea,C001115
"CLOUD, Michael",21758,R,TX,House,118-H-241,Yea,C001115
"CLOUD, Michael",21758,R,TX,House,118-H-337,Yea,C001115
"CLOUD, Michael",21758,R,TX,House,118-H-523,Yea,C001115
"CLOUD, Michael",21758,R,TX,House,118-H-556,Yea,C001115
"CLOUD, Michael",21758,R,TX,House,118-H-572,Yea,C001115
"CLOUD, Michael",21758,R,TX,House,118-H-573,Yea,C001115
"CLOUD, Michael",21758,R,TX,House,118-H-617,Yea,C001115
"CLOUD, Michael",21758,R,TX,House,118-H-671,Yea,C001115
"CLOUD, Michael",21758,R,TX,House,118-H-672,Yea,C001115
"CLOUD, Michael",21758,R,TX,House,118-H-692,Yea,C001115
"CLOUD, Michael",21758,R,TX,House,118-H-716,Yea,C001115
"CLOUD, Michael",21758,R,TX,House,118-H-746,Yea,C001115
"CLOUD, Michael",21758,R,TX,House,118-H-756,Yea,C001115
"CLOUD, Michael",21758,R,TX,House,118-H-762,Yea,C001115
"CLOUD, Michael",21758,R,TX,House,118-H-852,Yea,C001115
"CLOUD, Michael",21758,R,TX,House,118-H-859,Yea,C001115
"CLOUD, Michael",21758,R,TX,House,118-H-870,Yea,C001115
"CLOUD, Michael",21758,R,TX,House,118-H-890,Nay,C001115
"CLOUD, Michael",21758,R,TX,House,118-H-935,Yea,C001115
"CLOUD, Michael",21758,R,TX,House,119-H-128,Yea,C001115
"CLOUD, Michael",21758,R,TX,House,119-H-158,Yea,C001115
"CLOUD, Michael",21758,R,TX,House,119-H-526,Yea,C001115
"CLOUD, Michael",21758,R,TX,House,119-H-655,Yea,C001115
"CLYBURN, James Enos",39301,D,SC,House,116-H-107,Yea,C000537
"CLYBURN, James Enos",39301,D,SC,House,116-H-28,Yea,C000537
"CLYBURN, James Enos",39301,D,SC,House,116-H-496,Yea,C000537
"CLYBURN, James Enos",39301,D,SC,House,116-H-651,Yea,C000537
"CLYBURN, James Enos",39301,D,SC,House,117-H-274,Yea,C000537
"CLYBURN, James Enos",39301,D,SC,House,117-H-660,Yea,C000537
"CLYBURN, James Enos",39301,D,SC,House,118-H-1146,Nay,C000537
"CLYBURN, James Enos",39301,D,SC,House,118-H-1194,Yea,C000537
"CLYBURN, James Enos",39301,D,SC,House,118-H-193,Yea,C000537
"CLYBURN, James Enos",39301,D,SC,House,118-H-241,Yea,C000537
"CLYBURN, James Enos",39301,D,SC,House,118-H-337,Yea,C000537
"CLYBURN, James Enos",39301,D,SC,House,118-H-523,Yea,C000537
"CLYBURN, James Enos",39301,D,SC,House,118-H-556,Yea,C000537
"CLYBURN, James Enos",39301,D,SC,House,118-H-572,Nay,C000537
"CLYBURN, James Enos",39301,D,SC,House,118-H-573,Yea,C000537
"CLYBURN, James Enos",39301,D,SC,House,118-H-617,Nay,C000537
"CLYBURN, James Enos",39301,D,SC,House,118-H-671,Yea,C000537
"CLYBURN, James Enos",39301,D,SC,House,118-H-672,Yea,C000537
"CLYBURN, James Enos",39301,D,SC,House,118-H-692,Present,C000537
"CLYBURN, James Enos",39301,D,SC,House,118-H-716,Nay,C000537
"CLYBURN, James Enos",39301,D,SC,House,118-H-746,Yea,C000537
"CLYBURN, James Enos",39301,D,SC,House,118-H-756,Nay,C000537
"CLYBURN, James Enos",39301,D,SC,House,118-H-762,Yea,C000537
"CLYBURN, James Enos",39301,D,SC,House,118-H-852,Yea,C000537
"CLYBURN, James Enos",39301,D,SC,House,118-H-859,Yea,C000537
"CLYBURN, James Enos",39301,D,SC,House,118-H-870,Yea,C000537
"CLYBURN, James Enos",39301,D,SC,House,118-H-890,Nay,C000537
"CLYBURN, James Enos",39301,D,SC,House,118-H-935,Nay,C000537
"CLYBURN, James Enos",39301,D,SC,House,119-H-128,Yea,C000537
"CLYBURN, James Enos",39301,D,SC,House,119-H-158,Yea,C000537
"CLYBURN, James Enos",39301,D,SC,House,119-H-526,Yea,C000537
"CLYBURN, James Enos",39301,D,SC,House,119-H-655,Nay,C000537
"CLYDE, Andrew S.",22110,R,GA,House,117-H-274,Yea,C001116
"CLYDE, Andrew S.",22110,R,GA,House,117-H-660,Yea,C001116
"CLYDE, Andrew S.",22110,R,GA,House,118-H-1146,Yea,C001116
"CLYDE, Andrew S.",22110,R,GA,House,118-H-1194,Nay,C001116
"CLYDE, Andrew S.",22110,R,GA,House,118-H-193,Yea,C001116
"CLYDE, Andrew S.",22110,R,GA,House,118-H-241,Yea,C001116
"CLYDE, Andrew S.",22110,R,GA,House,118-H-337,Yea,C001116
"CLYDE, Andrew S.",22110,R,GA,House,118-H-523,Yea,C001116
"CLYDE, Andrew S.",22110,R,GA,House,118-H-556,Yea,C001116
"CLYDE, Andrew S.",22110,R,GA,House,118-H-572,Yea,C001116
"CLYDE, Andrew S.",22110,R,GA,House,118-H-573,Yea,C001116
"CLYDE, Andrew S.",22110,R,GA,House,118-H-617,Yea,C001116
"CLYDE, Andrew S.",22110,R,GA,House,118-H-671,Yea,C001116
"CLYDE, Andrew S.",22110,R,GA,House,118-H-672,Yea,C001116
"CLYDE, Andrew S.",22110,R,GA,House,118-H-692,Yea,C001116
"CLYDE, Andrew S.",22110,R,GA,House,118-H-716,Yea,C001116
"CLYDE, Andrew S.",22110,R,GA,House,118-H-746,Yea,C001116
"CLYDE, Andrew S.",22110,R,GA,House,118-H-756,Nay,C001116
"CLYDE, Andrew S.",22110,R,GA,House,118-H-762,Yea,C001116
"CLYDE, Andrew S.",22110,R,GA,House,118-H-852,Yea,C001116
"CLYDE, Andrew S.",22110,R,GA,House,118-H-859,Yea,C001116
"CLYDE, Andrew S.",22110,R,GA,House,118-H-870,Nay,C001116
"CLYDE, Andrew S.",22110,R,GA,House,118-H-890,Nay,C001116
"CLYDE, Andrew S.",22110,R,GA,House,118-H-935,Yea,C001116
"CLYDE, Andrew S.",22110,R,GA,House,119-H-128,Yea,C001116
"CLYDE, Andrew S.",22110,R,GA,House,119-H-158,Yea,C001116
"CLYDE, Andrew S.",22110,R,GA,House,119-H-526,Yea,C001116
"CLYDE, Andrew S.",22110,R,GA,House,119-H-655,Yea,C001116
"COHEN, Stephen",20748,D,TN,House,116-H-107,Yea,C001068
"COHEN, Stephen",20748,D,TN,House,116-H-28,Yea,C001068
"COHEN, Stephen",20748,D,TN,House,116-H-496,Yea,C001068
"COHEN, Stephen",20748,D,TN,House,116-H-651,Yea,C001068
"COHEN, Stephen",20748,D,TN,House,117-H-274,Yea,C001068
"COHEN, Stephen",20748,D,TN,House,117-H-660,Yea,C001068
"COHEN, Stephen",20748,D,TN,House,118-H-1146,Nay,C001068
"COHEN, Stephen",20748,D,TN,House,118-H-1194,Yea,C001068
"COHEN, Stephen",20748,D,TN,House,118-H-193,Yea,C001068
"COHEN, Stephen",20748,D,TN,House,118-H-241,Yea,C001068
"COHEN, Stephen",20748,D,TN,House,118-H-337,Yea,C001068
"COHEN, Stephen",20748,D,TN,House,118-H-523,Yea,C001068
"COHEN, Stephen",20748,D,TN,House,118-H-556,Yea,C001068
"COHEN, Stephen",20748,D,TN,House,118-H-572,Nay,C001068
"COHEN, Stephen",20748,D,TN,House,118-H-573,Yea,C001068
"COHEN, Stephen",20748,D,TN,House,118-H-617,Yea,C001068
"COHEN, Stephen",20748,D,TN,House,118-H-671,Yea,C001068
"COHEN, Stephen",20748,D,TN,House,118-H-672,Yea,C001068
"COHEN, Stephen",20748,D,TN,House,118-H-692,Yea,C001068
"COHEN, Stephen",20748,D,TN,House,118-H-716,Yea,C001068
"COHEN, Stephen",20748,D,TN,House,118-H-746,Yea,C001068
"COHEN, Stephen",20748,D,TN,House,118-H-756,Nay,C001068
"COHEN, Stephen",20748,D,TN,House,118-H-762,Yea,C001068
"COHEN, Stephen",20748,D,TN,House,118-H-852,Yea,C001068
"COHEN, Stephen",20748,D,TN,House,118-H-859,Yea,C001068
"COHEN, Stephen",20748,D,TN,House,118-H-870,Yea,C001068
"COHEN, Stephen",20748,D,TN,House,118-H-890,Yea,C001068
"COHEN, Stephen",20748,D,TN,House,118-H-935,Nay,C001068
"COHEN, Stephen",20748,D,TN,House,119-H-128,Yea,C001068
"COHEN, Stephen",20748,D,TN,House,119-H-158,Yea,C001068
"COHEN, Stephen",20748,D,TN,House,119-H-526,Yea,C001068
"COHEN, Stephen",20748,D,TN,House,119-H-655,Nay,C001068
"COLE, Tom",20344,R,OK,House,116-H-107,Yea,C001053
"COLE, Tom",20344,R,OK,House,116-H-28,Yea,C001053
"COLE, Tom",20344,R,OK,House,116-H-496,Yea,C001053
"COLE, Tom",20344,R,OK,House,116-H-651,Nay,C001053
"COLE, Tom",20344,R,OK,House,117-H-274,Yea,C001053
"COLE, Tom",20344,R,OK,House,117-H-660,Yea,C001053
"COLE, Tom",20344,R,OK,House,118-H-1146,Yea,C001053
"COLE, Tom",20344,R,OK,House,118-H-1194,Yea,C001053
"COLE, Tom",20344,R,OK,House,118-H-193,Yea,C001053
"COLE, Tom",20344,R,OK,House,118-H-241,Yea,C001053
"COLE, Tom",20344,R,OK,House,118-H-337,Yea,C001053
"COLE, Tom",20344,R,OK,House,118-H-523,Yea,C001053
"COLE, Tom",20344,R,OK,House,118-H-556,Yea,C001053
"COLE, Tom",20344,R,OK,House,118-H-572,Yea,C001053
"COLE, Tom",20344,R,OK,House,118-H-573,Yea,C001053
"COLE, Tom",20344,R,OK,House,118-H-617,Yea,C001053
"COLE, Tom",20344,R,OK,House,118-H-671,Yea,C001053
"COLE, Tom",20344,R,OK,House,118-H-672,Yea,C001053
"COLE, Tom",20344,R,OK,House,118-H-692,Yea,C001053
"COLE, Tom",20344,R,OK,House,118-H-716,Yea,C001053
"COLE, Tom",20344,R,OK,House,118-H-746,Yea,C001053
"COLE, Tom",20344,R,OK,House,118-H-756,Yea,C001053
"COLE, Tom",20344,R,OK,House,118-H-762,Yea,C001053
"COLE, Tom",20344,R,OK,House,118-H-852,Yea,C001053
"COLE, Tom",20344,R,OK,House,118-H-859,Yea,C001053
"COLE, Tom",20344,R,OK,House,118-H-870,Yea,C001053
"COLE, Tom",20344,R,OK,House,118-H-890,Not voting,C001053
"COLE, Tom",20344,R,OK,House,118-H-935,Yea,C001053
"COLE, Tom",20344,R,OK,House,119-H-128,Yea,C001053
"COLE, Tom",20344,R,OK,House,119-H-158,Yea,C001053
"COLE, Tom",20344,R,OK,House,119-H-526,Yea,C001053
"COLE, Tom",20344,R,OK,House,119-H-655,Yea,C001053
"COLLINS, Chris",21345,R,NY,House,116-H-107,Nay,C001092
"COLLINS, Chris",21345,R,NY,House,116-H-28,Yea,C001092
"COLLINS, Chris",21345,R,NY,House,116-H-496,Yea,C001092
"COLLINS, Doug",21323,R,GA,House,116-H-107,Yea,C001093
"COLLINS, Doug",21323,R,GA,House,116-H-28,Yea,C001093
"COLLINS, Doug",21323,R,GA,House,116-H-496,Yea,C001093
"COLLINS, Doug",21323,R,GA,House,116-H-651,Nay,C001093
"COLLINS, Mike",22310,R,GA,House,118-H-1146,Yea,C001129
"COLLINS, Mike",22310,R,GA,House,118-H-1194,Yea,C001129
"COLLINS, Mike",22310,R,GA,House,118-H-193,Yea,C001129
"COLLINS, Mike",22310,R,GA,House,118-H-241,Yea,C001129
"COLLINS, Mike",22310,R,GA,House,118-H-337,Yea,C001129
"COLLINS, Mike",22310,R,GA,House,118-H-523,Yea,C001129
"COLLINS, Mike",22310,R,GA,House,118-H-556,Yea,C001129
"COLLINS, Mike",22310,R,GA,House,118-H-572,Yea,C001129
"COLLINS, Mike",22310,R,GA,House,118-H-573,Yea,C001129
"COLLINS, Mike",22310,R,GA,House,118-H-617,Yea,C001129
"COLLINS, Mike",22310,R,GA,House,118-H-671,Yea,C001129
"COLLINS, Mike",22310,R,GA,House,118-H-672,Yea,C001129
"COLLINS, Mike",22310,R,GA,House,118-H-692,Yea,C001129
"COLLINS, Mike",22310,R,GA,House,118-H-716,Yea,C001129
"COLLINS, Mike",22310,R,GA,House,118-H-746,Yea,C001129
"COLLINS, Mike",22310,R,GA,House,118-H-756,Yea,C001129
"COLLINS, Mike",22310,R,GA,House,118-H-762,Yea,C001129
"COLLINS, Mike",22310,R,GA,House,118-H-852,Yea,C001129
"COLLINS, Mike",22310,R,GA,House,118-H-859,Yea,C001129
"COLLINS, Mike",22310,R,GA,House,118-H-870,Yea,C001129
"COLLINS, Mike",22310,R,GA,House,118-H-890,Nay,C001129
"COLLINS, Mike",22310,R,GA,House,118-H-935,Yea,C001129
"COLLINS, Mike",22310,R,GA,House,119-H-128,Yea,C001129
"COLLINS, Mike",22310,R,GA,House,119-H-158,Yea,C001129
"COLLINS, Mike",22310,R,GA,House,119-H-526,Yea,C001129
"COLLINS, Mike",22310,R,GA,House,119-H-655,Yea,C001129
"COMER, James",21565,R,KY,House,116-H-107,Yea,C001108
"COMER, James",21565,R,KY,House,116-H-28,Yea,C001108
"COMER, James",21565,R,KY,House,116-H-496,Yea,C001108
"COMER, James",21565,R,KY,House,116-H-651,Nay,C001108
"COMER, James",21565,R,KY,House,117-H-274,Yea,C001108
"COMER, James",21565,R,KY,House,117-H-660,Yea,C001108
"COMER, James",21565,R,KY,House,118-H-1146,Yea,C001108
"COMER, James",21565,R,KY,House,118-H-1194,Yea,C001108
"COMER, James",21565,R,KY,House,118-H-193,Yea,C001108
"COMER, James",21565,R,KY,House,118-H-241,Yea,C001108
"COMER, James",21565,R,KY,House,118-H-337,Yea,C001108
"COMER, James",21565,R,KY,House,118-H-523,Yea,C001108
"COMER, James",21565,R,KY,House,118-H-556,Yea,C001108
"COMER, James",21565,R,KY,House,118-H-572,Yea,C001108
"COMER, James",21565,R,KY,House,118-H-573,Yea,C001108
"COMER, James",21565,R,KY,House,118-H-617,Yea,C001108
"COMER, James",21565,R,KY,House,118-H-671,Yea,C001108
"COMER, James",21565,R,KY,House,118-H-672,Yea,C001108
"COMER, James",21565,R,KY,House,118-H-692,Yea,C001108
"COMER, James",21565,R,KY,House,118-H-716,Yea,C001108
"COMER, James",21565,R,KY,House,118-H-746,Yea,C001108
"COMER, James",21565,R,KY,House,118-H-756,Yea,C001108
"COMER, James",21565,R,KY,House,118-H-762,Yea,C001108
"COMER, James",21565,R,KY,House,118-H-852,Yea,C001108
"COMER, James",21565,R,KY,House,118-H-859,Yea,C001108
"COMER, James",21565,R,KY,House,118-H-870,Yea,C001108
"COMER, James",21565,R,KY,House,118-H-890,Yea,C001108
"COMER, James",21565,R,KY,House,118-H-935,Yea,C001108
"COMER, James",21565,R,KY,House,119-H-128,Yea,C001108
"COMER, James",21565,R,KY,House,119-H-158,Yea,C001108
"COMER, James",21565,R,KY,House,119-H-526,Yea,C001108
"COMER, James",21565,R,KY,House,119-H-655,Yea,C001108
"CONAWAY, Herbert C., Jr.",22508,D,NJ,House,119-H-128,Yea,C001136
"CONAWAY, Herbert C., Jr.",22508,D,NJ,House,119-H-158,Yea,C001136
"CONAWAY, Herbert C., Jr.",22508,D,NJ,House,119-H-526,Yea,C001136
"CONAWAY, Herbert C., Jr.",22508,D,NJ,House,119-H-655,Nay,C001136
"CONAWAY, K. Michael",20531,R,TX,House,116-H-107,Nay,C001062
"CONAWAY, K. Michael",20531,R,TX,House,116-H-28,Yea,C001062
"CONAWAY, K. Michael",20531,R,TX,House,116-H-496,Yea,C001062
"CONAWAY, K. Michael",20531,R,TX,House,116-H-651,Nay,C001062
"CONNOLLY, Gerald E. (Gerry)",20952,D,VA,House,116-H-107,Yea,C001078
"CONNOLLY, Gerald E. (Gerry)",20952,D,VA,House,116-H-28,Yea,C001078
"CONNOLLY, Gerald E. (Gerry)",20952,D,VA,House,116-H-496,Yea,C001078
"CONNOLLY, Gerald E. (Gerry)",20952,D,VA,House,116-H-651,Yea,C001078
"CONNOLLY, Gerald E. (Gerry)",20952,D,VA,House,117-H-274,Yea,C001078
"CONNOLLY, Gerald E. (Gerry)",20952,D,VA,House,117-H-660,Yea,C001078
"CONNOLLY, Gerald E. (Gerry)",20952,D,VA,House,118-H-1146,Nay,C001078
"CONNOLLY, Gerald E. (Gerry)",20952,D,VA,House,118-H-1194,Not voting,C001078
"CONNOLLY, Gerald E. (Gerry)",20952,D,VA,House,118-H-193,Yea,C001078
"CONNOLLY, Gerald E. (Gerry)",20952,D,VA,House,118-H-241,Yea,C001078
"CONNOLLY, Gerald E. (Gerry)",20952,D,VA,House,118-H-337,Yea,C001078
"CONNOLLY, Gerald E. (Gerry)",20952,D,VA,House,118-H-523,Yea,C001078
"CONNOLLY, Gerald E. (Gerry)",20952,D,VA,House,118-H-556,Yea,C001078
"CONNOLLY, Gerald E. (Gerry)",20952,D,VA,House,118-H-572,Nay,C001078
"CONNOLLY, Gerald E. (Gerry)",20952,D,VA,House,118-H-573,Yea,C001078
"CONNOLLY, Gerald E. (Gerry)",20952,D,VA,House,118-H-617,Nay,C001078
"CONNOLLY, Gerald E. (Gerry)",20952,D,VA,House,118-H-671,Yea,C001078
"CONNOLLY, Gerald E. (Gerry)",20952,D,VA,House,118-H-672,Yea,C001078
"CONNOLLY, Gerald E. (Gerry)",20952,D,VA,House,118-H-692,Nay,C001078
"CONNOLLY, Gerald E. (Gerry)",20952,D,VA,House,118-H-716,Yea,C001078
"CONNOLLY, Gerald E. (Gerry)",20952,D,VA,House,118-H-746,Yea,C001078
"CONNOLLY, Gerald E. (Gerry)",20952,D,VA,House,118-H-756,Nay,C001078
"CONNOLLY, Gerald E. (Gerry)",20952,D,VA,House,118-H-762,Yea,C001078
"CONNOLLY, Gerald E. (Gerry)",20952,D,VA,House,118-H-852,Yea,C001078
"CONNOLLY, Gerald E. (Gerry)",20952,D,VA,House,118-H-859,Yea,C001078
"CONNOLLY, Gerald E. (Gerry)",20952,D,VA,House,118-H-870,Yea,C001078
"CONNOLLY, Gerald E. (Gerry)",20952,D,VA,House,118-H-890,Yea,C001078
"CONNOLLY, Gerald E. (Gerry)",20952,D,VA,House,118-H-935,Nay,C001078
"CONNOLLY, Gerald E. (Gerry)",20952,D,VA,House,119-H-128,Not voting,C001078
"COOK, Paul",21305,R,CA,House,116-H-107,Yea,C001094
"COOK, Paul",21305,R,CA,House,116-H-28,Yea,C001094
"COOK, Paul",21305,R,CA,House,116-H-496,Yea,C001094
"COOK, Paul",21305,R,CA,House,116-H-651,Nay,C001094
"COOPER, James Hayes Shofner",15019,D,TN,House,116-H-107,Yea,C000754
"COOPER, James Hayes Shofner",15019,D,TN,House,116-H-28,Yea,C000754
"COOPER, James Hayes Shofner",15019,D,TN,House,116-H-496,Yea,C000754
"COOPER, James Hayes Shofner",15019,D,TN,House,116-H-651,Yea,C000754
"COOPER, James Hayes Shofner",15019,D,TN,House,117-H-274,Yea,C000754
"COOPER, James Hayes Shofner",15019,D,TN,House,117-H-660,Yea,C000754
"CORREA, Jose Luis",21711,D,CA,House,116-H-107,Yea,C001110
"CORREA, Jose Luis",21711,D,CA,House,116-H-28,Yea,C001110
"CORREA, Jose Luis",21711,D,CA,House,116-H-496,Yea,C001110
"CORREA, Jose Luis",21711,D,CA,House,116-H-651,Yea,C001110
"CORREA, Jose Luis",21711,D,CA,House,117-H-274,Yea,C001110
"CORREA, Jose Luis",21711,D,CA,House,117-H-660,Yea,C001110
"CORREA, Jose Luis",21711,D,CA,House,118-H-1146,Nay,C001110
"CORREA, Jose Luis",21711,D,CA,House,118-H-1194,Yea,C001110
"CORREA, Jose Luis",21711,D,CA,House,118-H-193,Yea,C001110
"CORREA, Jose Luis",21711,D,CA,House,118-H-241,Yea,C001110
"CORREA, Jose Luis",21711,D,CA,House,118-H-337,Yea,C001110
"CORREA, Jose Luis",21711,D,CA,House,118-H-523,Not voting,C001110
"CORREA, Jose Luis",21711,D,CA,House,118-H-556,Not voting,C001110
"CORREA, Jose Luis",21711,D,CA,House,118-H-572,Nay,C001110
"CORREA, Jose Luis",21711,D,CA,House,118-H-573,Yea,C001110
"CORREA, Jose Luis",21711,D,CA,House,118-H-617,Nay,C001110
"CORREA, Jose Luis",21711,D,CA,House,118-H-671,Yea,C001110
"CORREA, Jose Luis",21711,D,CA,House,118-H-672,Yea,C001110
"CORREA, Jose Luis",21711,D,CA,House,118-H-692,Present,C001110
"CORREA, Jose Luis",21711,D,CA,House,118-H-716,Nay,C001110
"CORREA, Jose Luis",21711,D,CA,House,118-H-746,Yea,C001110
"CORREA, Jose Luis",21711,D,CA,House,118-H-756,Yea,C001110
"CORREA, Jose Luis",21711,D,CA,House,118-H-762,Yea,C001110
"CORREA, Jose Luis",21711,D,CA,House,118-H-852,Yea,C001110
"CORREA, Jose Luis",21711,D,CA,House,118-H-859,Yea,C001110
"CORREA, Jose Luis",21711,D,CA,House,118-H-870,Yea,C001110
"CORREA, Jose Luis",21711,D,CA,House,118-H-890,Yea,C001110
"CORREA, Jose Luis",21711,D,CA,House,118-H-935,Nay,C001110
"CORREA, Jose Luis",21711,D,CA,House,119-H-128,Yea,C001110
"CORREA, Jose Luis",21711,D,CA,House,119-H-158,Yea,C001110
"CORREA, Jose Luis",21711,D,CA,House,119-H-526,Yea,C001110
"CORREA, Jose Luis",21711,D,CA,House,119-H-655,Nay,C001110
"COSTA, Jim",20501,D,CA,House,116-H-107,Yea,C001059
"COSTA, Jim",20501,D,CA,House,116-H-28,Yea,C001059
"COSTA, Jim",20501,D,CA,House,116-H-496,Yea,C001059
"COSTA, Jim",20501,D,CA,House,116-H-651,Yea,C001059
"COSTA, Jim",20501,D,CA,House,117-H-274,Yea,C001059
"COSTA, Jim",20501,D,CA,House,117-H-660,Yea,C001059
"COSTA, Jim",20501,D,CA,House,118-H-1146,Nay,C001059
"COSTA, Jim",20501,D,CA,House,118-H-1194,Yea,C001059
"COSTA, Jim",20501,D,CA,House,118-H-193,Yea,C001059
"COSTA, Jim",20501,D,CA,House,118-H-241,Yea,C001059
"COSTA, Jim",20501,D,CA,House,118-H-337,Yea,C001059
"COSTA, Jim",20501,D,CA,House,118-H-523,Yea,C001059
"COSTA, Jim",20501,D,CA,House,118-H-556,Not voting,C001059
"COSTA, Jim",20501,D,CA,House,118-H-572,Nay,C001059
"COSTA, Jim",20501,D,CA,House,118-H-573,Yea,C001059
"COSTA, Jim",20501,D,CA,House,118-H-617,Yea,C001059
"COSTA, Jim",20501,D,CA,House,118-H-671,Yea,C001059
"COSTA, Jim",20501,D,CA,House,118-H-672,Yea,C001059
"COSTA, Jim",20501,D,CA,House,118-H-692,Yea,C001059
"COSTA, Jim",20501,D,CA,House,118-H-716,Yea,C001059
"COSTA, Jim",20501,D,CA,House,118-H-746,Yea,C001059
"COSTA, Jim",20501,D,CA,House,118-H-756,Yea,C001059
"COSTA, Jim",20501,D,CA,House,118-H-762,Yea,C001059
"COSTA, Jim",20501,D,CA,House,118-H-852,Yea,C001059
"COSTA, Jim",20501,D,CA,House,118-H-859,Yea,C001059
"COSTA, Jim",20501,D,CA,House,118-H-870,Yea,C001059
"COSTA, Jim",20501,D,CA,House,118-H-890,Yea,C001059
"COSTA, Jim",20501,D,CA,House,118-H-935,Nay,C001059
"COSTA, Jim",20501,D,CA,House,119-H-128,Yea,C001059
"COSTA, Jim",20501,D,CA,House,119-H-158,Not voting,C001059
"COSTA, Jim",20501,D,CA,House,119-H-526,Yea,C001059
"COSTA, Jim",20501,D,CA,House,119-H-655,Yea,C001059
"COURTNEY, Joe",20706,D,CT,House,116-H-107,Yea,C001069
"COURTNEY, Joe",20706,D,CT,House,116-H-28,Yea,C001069
"COURTNEY, Joe",20706,D,CT,House,116-H-496,Yea,C001069
"COURTNEY, Joe",20706,D,CT,House,116-H-651,Yea,C001069
"COURTNEY, Joe",20706,D,CT,House,117-H-274,Yea,C001069
"COURTNEY, Joe",20706,D,CT,House,117-H-660,Yea,C001069
"COURTNEY, Joe",20706,D,CT,House,118-H-1146,Nay,C001069
"COURTNEY, Joe",20706,D,CT,House,118-H-1194,Yea,C001069
"COURTNEY, Joe",20706,D,CT,House,118-H-193,Yea,C001069
"COURTNEY, Joe",20706,D,CT,House,118-H-241,Yea,C001069
"COURTNEY, Joe",20706,D,CT,House,118-H-337,Yea,C001069
"COURTNEY, Joe",20706,D,CT,House,118-H-523,Yea,C001069
"COURTNEY, Joe",20706,D,CT,House,118-H-556,Yea,C001069
"COURTNEY, Joe",20706,D,CT,House,118-H-572,Nay,C001069
"COURTNEY, Joe",20706,D,CT,House,118-H-573,Yea,C001069
"COURTNEY, Joe",20706,D,CT,House,118-H-617,Nay,C001069
"COURTNEY, Joe",20706,D,CT,House,118-H-671,Yea,C001069
"COURTNEY, Joe",20706,D,CT,House,118-H-672,Yea,C001069
"COURTNEY, Joe",20706,D,CT,House,118-H-692,Yea,C001069
"COURTNEY, Joe",20706,D,CT,House,118-H-716,Yea,C001069
"COURTNEY, Joe",20706,D,CT,House,118-H-746,Yea,C001069
"COURTNEY, Joe",20706,D,CT,House,118-H-756,Nay,C001069
"COURTNEY, Joe",20706,D,CT,House,118-H-762,Yea,C001069
"COURTNEY, Joe",20706,D,CT,House,118-H-852,Yea,C001069
"COURTNEY, Joe",20706,D,CT,House,118-H-859,Yea,C001069
"COURTNEY, Joe",20706,D,CT,House,118-H-870,Yea,C001069
"COURTNEY, Joe",20706,D,CT,House,118-H-890,Yea,C001069
"COURTNEY, Joe",20706,D,CT,House,118-H-935,Nay,C001069
"COURTNEY, Joe",20706,D,CT,House,119-H-128,Yea,C001069
"COURTNEY, Joe",20706,D,CT,House,119-H-158,Yea,C001069
"COURTNEY, Joe",20706,D,CT,House,119-H-526,Yea,C001069
"COURTNEY, Joe",20706,D,CT,House,119-H-655,Yea,C001069
"COX, TJ",21909,D,CA,House,116-H-107,Yea,C001124
"COX, TJ",21909,D,CA,House,116-H-28,Yea,C001124
"COX, TJ",21909,D,CA,House,116-H-496,Yea,C001124
"COX, TJ",21909,D,CA,House,116-H-651,Yea,C001124
"CRAIG, Angela",21910,D,MN,House,116-H-107,Yea,C001119
"CRAIG, Angela",21910,D,MN,House,116-H-28,Yea,C001119
"CRAIG, Angela",21910,D,MN,House,116-H-496,Yea,C001119
"CRAIG, Angela",21910,D,MN,House,116-H-651,Yea,C001119
"CRAIG, Angela",21910,D,MN,House,117-H-274,Yea,C001119
"CRAIG, Angela",21910,D,MN,House,117-H-660,Yea,C001119
"CRAIG, Angela",21910,D,MN,House,118-H-1146,Nay,C001119
"CRAIG, Angela",21910,D,MN,House,118-H-1194,Yea,C001119
"CRAIG, Angela",21910,D,MN,House,118-H-193,Yea,C001119
"CRAIG, Angela",21910,D,MN,House,118-H-241,Not voting,C001119
"CRAIG, Angela",21910,D,MN,House,118-H-337,Yea,C001119
"CRAIG, Angela",21910,D,MN,House,118-H-523,Yea,C001119
"CRAIG, Angela",21910,D,MN,House,118-H-556,Yea,C001119
"CRAIG, Angela",21910,D,MN,House,118-H-572,Yea,C001119
"CRAIG, Angela",21910,D,MN,House,118-H-573,Yea,C001119
"CRAIG, Angela",21910,D,MN,House,118-H-617,Yea,C001119
"CRAIG, Angela",21910,D,MN,House,118-H-671,Yea,C001119
"CRAIG, Angela",21910,D,MN,House,118-H-672,Yea,C001119
"CRAIG, Angela",21910,D,MN,House,118-H-692,Yea,C001119
"CRAIG, Angela",21910,D,MN,House,118-H-716,Yea,C001119
"CRAIG, Angela",21910,D,MN,House,118-H-746,Yea,C001119
"CRAIG, Angela",21910,D,MN,House,118-H-756,Yea,C001119
"CRAIG, Angela",21910,D,MN,House,118-H-762,Yea,C001119
"CRAIG, Angela",21910,D,MN,House,118-H-852,Yea,C001119
"CRAIG, Angela",21910,D,MN,House,118-H-859,Yea,C001119
"CRAIG, Angela",21910,D,MN,House,118-H-870,Yea,C001119
"CRAIG, Angela",21910,D,MN,House,118-H-890,Yea,C001119
"CRAIG, Angela",21910,D,MN,House,118-H-935,Yea,C001119
"CRAIG, Angela",21910,D,MN,House,119-H-128,Yea,C001119
"CRAIG, Angela",21910,D,MN,House,119-H-158,Not voting,C001119
"CRAIG, Angela",21910,D,MN,House,119-H-526,Yea,C001119
"CRAIG, Angela",21910,D,MN,House,119-H-655,Nay,C001119
"CRANE, Eli",22311,R,AZ,House,118-H-1146,Yea,C001132
"CRANE, Eli",22311,R,AZ,House,118-H-1194,Nay,C001132
"CRANE, Eli",22311,R,AZ,House,118-H-193,Yea,C001132
"CRANE, Eli",22311,R,AZ,House,118-H-241,Yea,C001132
"CRANE, Eli",22311,R,AZ,House,118-H-337,Yea,C001132
"CRANE, Eli",22311,R,AZ,House,118-H-523,Yea,C001132
"CRANE, Eli",22311,R,AZ,House,118-H-556,Yea,C001132
"CRANE, Eli",22311,R,AZ,House,118-H-572,Yea,C001132
"CRANE, Eli",22311,R,AZ,House,118-H-573,Yea,C001132
"CRANE, Eli",22311,R,AZ,House,118-H-617,Yea,C001132
"CRANE, Eli",22311,R,AZ,House,118-H-671,Yea,C001132
"CRANE, Eli",22311,R,AZ,House,118-H-672,Yea,C001132
"CRANE, Eli",22311,R,AZ,House,118-H-692,Yea,C001132
"CRANE, Eli",22311,R,AZ,House,118-H-716,Yea,C001132
"CRANE, Eli",22311,R,AZ,House,118-H-746,Yea,C001132
"CRANE, Eli",22311,R,AZ,House,118-H-756,Nay,C001132
"CRANE, Eli",22311,R,AZ,House,118-H-762,Yea,C001132
"CRANE, Eli",22311,R,AZ,House,118-H-852,Yea,C001132
"CRANE, Eli",22311,R,AZ,House,118-H-859,Yea,C001132
"CRANE, Eli",22311,R,AZ,House,118-H-870,Nay,C001132
"CRANE, Eli",22311,R,AZ,House,118-H-890,Nay,C001132
"CRANE, Eli",22311,R,AZ,House,118-H-935,Yea,C001132
"CRANE, Eli",22311,R,AZ,House,119-H-128,Yea,C001132
"CRANE, Eli",22311,R,AZ,House,119-H-158,Yea,C001132
"CRANE, Eli",22311,R,AZ,House,119-H-526,Yea,C001132
"CRANE, Eli",22311,R,AZ,House,119-H-655,Yea,C001132
"CRANK, Jeff",22509,R,CO,House,119-H-128,Yea,C001137
"CRANK, Jeff",22509,R,CO,House,119-H-158,Yea,C001137
"CRANK, Jeff",22509,R,CO,House,119-H-526,Yea,C001137
"CRANK, Jeff",22509,R,CO,House,119-H-655,Yea,C001137
"CRAWFORD, Rick",21106,R,AR,House,116-H-107,Nay,C001087
"CRAWFORD, Rick",21106,R,AR,House,116-H-28,Yea,C001087
"CRAWFORD, Rick",21106,R,AR,House,116-H-496,Yea,C001087
"CRAWFORD, Rick",21106,R,AR,House,116-H-651,Nay,C001087
"CRAWFORD, Rick",21106,R,AR,House,117-H-274,Yea,C001087
"CRAWFORD, Rick",21106,R,AR,House,117-H-660,Yea,C001087
"CRAWFORD, Rick",21106,R,AR,House,118-H-1146,Yea,C001087
"CRAWFORD, Rick",21106,R,AR,House,118-H-1194,Yea,C001087
"CRAWFORD, Rick",21106,R,AR,House,118-H-193,Yea,C001087
"CRAWFORD, Rick",21106,R,AR,House,118-H-241,Yea,C001087
"CRAWFORD, Rick",21106,R,AR,House,118-H-337,Yea,C001087
"CRAWFORD, Rick",21106,R,AR,House,118-H-523,Yea,C001087
"CRAWFORD, Rick",21106,R,AR,House,118-H-556,Yea,C001087
"CRAWFORD, Rick",21106,R,AR,House,118-H-572,Yea,C001087
"CRAWFORD, Rick",21106,R,AR,House,118-H-573,Yea,C001087
"CRAWFORD, Rick",21106,R,AR,House,118-H-617,Yea,C001087
"CRAWFORD, Rick",21106,R,AR,House,118-H-671,Yea,C001087
"CRAWFORD, Rick",21106,R,AR,House,118-H-672,Yea,C001087
"CRAWFORD, Rick",21106,R,AR,House,118-H-692,Yea,C001087
"CRAWFORD, Rick",21106,R,AR,House,118-H-716,Yea,C001087
"CRAWFORD, Rick",21106,R,AR,House,118-H-746,Yea,C001087
"CRAWFORD, Rick",21106,R,AR,House,118-H-756,Yea,C001087
"CRAWFORD, Rick",21106,R,AR,House,118-H-762,Yea,C001087
"CRAWFORD, Rick",21106,R,AR,House,118-H-852,Yea,C001087
"CRAWFORD, Rick",21106,R,AR,House,118-H-859,Yea,C001087
"CRAWFORD, Rick",21106,R,AR,House,118-H-870,Yea,C001087
"CRAWFORD, Rick",21106,R,AR,House,118-H-890,Yea,C001087
"CRAWFORD, Rick",21106,R,AR,House,118-H-935,Yea,C001087
"CRAWFORD, Rick",21106,R,AR,House,119-H-128,Yea,C001087
"CRAWFORD, Rick",21106,R,AR,House,119-H-158,Yea,C001087
"CRAWFORD, Rick",21106,R,AR,House,119-H-526,Yea,C001087
"CRAWFORD, Rick",21106,R,AR,House,119-H-655,Yea,C001087
"CRENSHAW, Daniel",21911,R,TX,House,116-H-107,Yea,C001120
"CRENSHAW, Daniel",21911,R,TX,House,116-H-28,Yea,C001120
"CRENSHAW, Daniel",21911,R,TX,House,116-H-496,Yea,C001120
"CRENSHAW, Daniel",21911,R,TX,House,116-H-651,Nay,C001120
"CRENSHAW, Daniel",21911,R,TX,House,117-H-274,Yea,C001120
"CRENSHAW, Daniel",21911,R,TX,House,117-H-660,Yea,C001120
"CRENSHAW, Daniel",21911,R,TX,House,118-H-1146,Yea,C001120
"CRENSHAW, Daniel",21911,R,TX,House,118-H-1194,Yea,C001120
"CRENSHAW, Daniel",21911,R,TX,House,118-H-193,Yea,C001120
"CRENSHAW, Daniel",21911,R,TX,House,118-H-241,Yea,C001120
"CRENSHAW, Daniel",21911,R,TX,House,118-H-337,Yea,C001120
"CRENSHAW, Daniel",21911,R,TX,House,118-H-523,Yea,C001120
"CRENSHAW, Daniel",21911,R,TX,House,118-H-556,Yea,C001120
"CRENSHAW, Daniel",21911,R,TX,House,118-H-572,Yea,C001120
"CRENSHAW, Daniel",21911,R,TX,House,118-H-573,Yea,C001120
"CRENSHAW, Daniel",21911,R,TX,House,118-H-617,Yea,C001120
"CRENSHAW, Daniel",21911,R,TX,House,118-H-671,Yea,C001120
"CRENSHAW, Daniel",21911,R,TX,House,118-H-672,Yea,C001120
"CRENSHAW, Daniel",21911,R,TX,House,118-H-692,Yea,C001120
"CRENSHAW, Daniel",21911,R,TX,House,118-H-716,Not voting,C001120
"CRENSHAW, Daniel",21911,R,TX,House,118-H-746,Yea,C001120
"CRENSHAW, Daniel",21911,R,TX,House,118-H-756,Yea,C001120
"CRENSHAW, Daniel",21911,R,TX,House,118-H-762,Yea,C001120
"CRENSHAW, Daniel",21911,R,TX,House,118-H-852,Yea,C001120
"CRENSHAW, Daniel",21911,R,TX,House,118-H-859,Yea,C001120
"CRENSHAW, Daniel",21911,R,TX,House,118-H-870,Yea,C001120
"CRENSHAW, Daniel",21911,R,TX,House,118-H-890,Not voting,C001120
"CRENSHAW, Daniel",21911,R,TX,House,118-H-935,Yea,C001120
"CRENSHAW, Daniel",21911,R,TX,House,119-H-128,Yea,C001120
"CRENSHAW, Daniel",21911,R,TX,House,119-H-158,Yea,C001120
"CRENSHAW, Daniel",21911,R,TX,House,119-H-526,Yea,C001120
"CRENSHAW, Daniel",21911,R,TX,House,119-H-655,Yea,C001120
"CRIST, Charlie Joseph, Jr.",21712,D,FL,House,116-H-107,Yea,C001111
"CRIST, Charlie Joseph, Jr.",21712,D,FL,House,116-H-28,Yea,C001111
"CRIST, Charlie Joseph, Jr.",21712,D,FL,House,116-H-496,Yea,C001111
"CRIST, Charlie Joseph, Jr.",21712,D,FL,House,116-H-651,Yea,C001111
"CRIST, Charlie Joseph, Jr.",21712,D,FL,House,117-H-274,Yea,C001111
"CRIST, Charlie Joseph, Jr.",21712,D,FL,House,117-H-660,Yea,C001111
"CROCKETT, Jasmine",22312,D,TX,House,118-H-1146,Nay,C001130
"CROCKETT, Jasmine",22312,D,TX,House,118-H-1194,Yea,C001130
"CROCKETT, Jasmine",22312,D,TX,House,118-H-193,Yea,C001130
"CROCKETT, Jasmine",22312,D,TX,House,118-H-241,Yea,C001130
"CROCKETT, Jasmine",22312,D,TX,House,118-H-337,Yea,C001130
"CROCKETT, Jasmine",22312,D,TX,House,118-H-523,Yea,C001130
"CROCKETT, Jasmine",22312,D,TX,House,118-H-556,Yea,C001130
"CROCKETT, Jasmine",22312,D,TX,House,118-H-572,Nay,C001130
"CROCKETT, Jasmine",22312,D,TX,House,118-H-573,Yea,C001130
"CROCKETT, Jasmine",22312,D,TX,House,118-H-617,Nay,C001130
"CROCKETT, Jasmine",22312,D,TX,House,118-H-671,Yea,C001130
"CROCKETT, Jasmine",22312,D,TX,House,118-H-672,Yea,C001130
"CROCKETT, Jasmine",22312,D,TX,House,118-H-692,Present,C001130
"CROCKETT, Jasmine",22312,D,TX,House,118-H-716,Nay,C001130
"CROCKETT, Jasmine",22312,D,TX,House,118-H-746,Yea,C001130
"CROCKETT, Jasmine",22312,D,TX,House,118-H-756,Nay,C001130
"CROCKETT, Jasmine",22312,D,TX,House,118-H-762,Yea,C001130
"CROCKETT, Jasmine",22312,D,TX,House,118-H-852,Yea,C001130
"CROCKETT, Jasmine",22312,D,TX,House,118-H-859,Yea,C001130
"CROCKETT, Jasmine",22312,D,TX,House,118-H-870,Yea,C001130
"CROCKETT, Jasmine",22312,D,TX,House,118-H-890,Nay,C001130
"CROCKETT, Jasmine",22312,D,TX,House,118-H-935,Nay,C001130
"CROCKETT, Jasmine",22312,D,TX,House,119-H-128,Yea,C001130
"CROCKETT, Jasmine",22312,D,TX,House,119-H-158,Not voting,C001130
"CROCKETT, Jasmine",22312,D,TX,House,119-H-526,Yea,C001130
"CROCKETT, Jasmine",22312,D,TX,House,119-H-655,Nay,C001130
"CROW, Jason",21912,D,CO,House,116-H-107,Yea,C001121
"CROW, Jason",21912,D,CO,House,116-H-28,Not voting,C001121
"CROW, Jason",21912,D,CO,House,116-H-496,Yea,C001121
"CROW, Jason",21912,D,CO,House,116-H-651,Yea,C001121
"CROW, Jason",21912,D,CO,House,117-H-274,Yea,C001121
"CROW, Jason",21912,D,CO,House,117-H-660,Yea,C001121
"CROW, Jason",21912,D,CO,House,118-H-1146,Nay,C001121
"CROW, Jason",21912,D,CO,House,118-H-1194,Yea,C001121
"CROW, Jason",21912,D,CO,House,118-H-193,Not voting,C001121
"CROW, Jason",21912,D,CO,House,118-H-241,Yea,C001121
"CROW, Jason",21912,D,CO,House,118-H-337,Yea,C001121
"CROW, Jason",21912,D,CO,House,118-H-523,Yea,C001121
"CROW, Jason",21912,D,CO,House,118-H-556,Yea,C001121
"CROW, Jason",21912,D,CO,House,118-H-572,Nay,C001121
"CROW, Jason",21912,D,CO,House,118-H-573,Yea,C001121
"CROW, Jason",21912,D,CO,House,118-H-617,Nay,C001121
"CROW, Jason",21912,D,CO,House,118-H-671,Yea,C001121
"CROW, Jason",21912,D,CO,House,118-H-672,Yea,C001121
"CROW, Jason",21912,D,CO,House,118-H-692,Yea,C001121
"CROW, Jason",21912,D,CO,House,118-H-716,Nay,C001121
"CROW, Jason",21912,D,CO,House,118-H-746,Yea,C001121
"CROW, Jason",21912,D,CO,House,118-H-756,Nay,C001121
"CROW, Jason",21912,D,CO,House,118-H-762,Yea,C001121
"CROW, Jason",21912,D,CO,House,118-H-852,Yea,C001121
"CROW, Jason",21912,D,CO,House,118-H-859,Yea,C001121
"CROW, Jason",21912,D,CO,House,118-H-870,Yea,C001121
"CROW, Jason",21912,D,CO,House,118-H-890,Yea,C001121
"CROW, Jason",21912,D,CO,House,118-H-935,Nay,C001121
"CROW, Jason",21912,D,CO,House,119-H-128,Yea,C001121
"CROW, Jason",21912,D,CO,House,119-H-158,Yea,C001121
"CROW, Jason",21912,D,CO,House,119-H-526,Yea,C001121
"CROW, Jason",21912,D,CO,House,119-H-655,Nay,C001121
"CUELLAR, Henry",20533,D,TX,House,116-H-107,Yea,C001063
"CUELLAR, Henry",20533,D,TX,House,116-H-28,Yea,C001063
"CUELLAR, Henry",20533,D,TX,House,116-H-496,Yea,C001063
"CUELLAR, Henry",20533,D,TX,House,116-H-651,Yea,C001063
"CUELLAR, Henry",20533,D,TX,House,117-H-274,Yea,C001063
"CUELLAR, Henry",20533,D,TX,House,117-H-660,Yea,C001063
"CUELLAR, Henry",20533,D,TX,House,118-H-1146,Yea,C001063
"CUELLAR, Henry",20533,D,TX,House,118-H-1194,Yea,C001063
"CUELLAR, Henry",20533,D,TX,House,118-H-193,Yea,C001063
"CUELLAR, Henry",20533,D,TX,House,118-H-241,Yea,C001063
"CUELLAR, Henry",20533,D,TX,House,118-H-337,Yea,C001063
"CUELLAR, Henry",20533,D,TX,House,118-H-523,Yea,C001063
"CUELLAR, Henry",20533,D,TX,House,118-H-556,Yea,C001063
"CUELLAR, Henry",20533,D,TX,House,118-H-572,Nay,C001063
"CUELLAR, Henry",20533,D,TX,House,118-H-573,Yea,C001063
"CUELLAR, Henry",20533,D,TX,House,118-H-617,Nay,C001063
"CUELLAR, Henry",20533,D,TX,House,118-H-671,Yea,C001063
"CUELLAR, Henry",20533,D,TX,House,118-H-672,Yea,C001063
"CUELLAR, Henry",20533,D,TX,House,118-H-692,Yea,C001063
"CUELLAR, Henry",20533,D,TX,House,118-H-716,Yea,C001063
"CUELLAR, Henry",20533,D,TX,House,118-H-746,Yea,C001063
"CUELLAR, Henry",20533,D,TX,House,118-H-756,Yea,C001063
"CUELLAR, Henry",20533,D,TX,House,118-H-762,Yea,C001063
"CUELLAR, Henry",20533,D,TX,House,118-H-852,Yea,C001063
"CUELLAR, Henry",20533,D,TX,House,118-H-859,Yea,C001063
"CUELLAR, Henry",20533,D,TX,House,118-H-870,Yea,C001063
"CUELLAR, Henry",20533,D,TX,House,118-H-890,Yea,C001063
"CUELLAR, Henry",20533,D,TX,House,118-H-935,Yea,C001063
"CUELLAR, Henry",20533,D,TX,House,119-H-128,Yea,C001063
"CUELLAR, Henry",20533,D,TX,House,119-H-158,Yea,C001063
"CUELLAR, Henry",20533,D,TX,House,119-H-526,Yea,C001063
"CUELLAR, Henry",20533,D,TX,House,119-H-655,Yea,C001063
"CUMMINGS, Elijah Eugene",29587,D,MD,House,116-H-107,Yea,C000984
"CUMMINGS, Elijah Eugene",29587,D,MD,House,116-H-28,Yea,C000984
"CUMMINGS, Elijah Eugene",29587,D,MD,House,116-H-496,Yea,C000984
"CUNNINGHAM, Joe",21913,D,SC,House,116-H-107,Yea,C001122
"CUNNINGHAM, Joe",21913,D,SC,House,116-H-28,Yea,C001122
"CUNNINGHAM, Joe",21913,D,SC,House,116-H-496,Yea,C001122
"CUNNINGHAM, Joe",21913,D,SC,House,116-H-651,Yea,C001122
"CURTIS, John R.",21755,R,UT,House,116-H-107,Yea,C001114
"CURTIS, John R.",21755,R,UT,House,116-H-28,Yea,C001114
"CURTIS, John R.",21755,R,UT,House,116-H-496,Yea,C001114
"CURTIS, John R.",21755,R,UT,House,116-H-651,Nay,C001114
"CURTIS, John R.",21755,R,UT,House,117-H-274,Yea,C001114
"CURTIS, John R.",21755,R,UT,House,117-H-660,Yea,C001114
"CURTIS, John R.",21755,R,UT,House,118-H-1146,Yea,C001114
"CURTIS, John R.",21755,R,UT,House,118-H-1194,Yea,C001114
"CURTIS, John R.",21755,R,UT,House,118-H-193,Yea,C001114
"CURTIS, John R.",21755,R,UT,House,118-H-241,Yea,C001114
"CURTIS, John R.",21755,R,UT,House,118-H-337,Yea,C001114
"CURTIS, John R.",21755,R,UT,House,118-H-523,Yea,C001114
"CURTIS, John R.",21755,R,UT,House,118-H-556,Not voting,C001114
"CURTIS, John R.",21755,R,UT,House,118-H-572,Yea,C001114
"CURTIS, John R.",21755,R,UT,House,118-H-573,Yea,C001114
"CURTIS, John R.",21755,R,UT,House,118-H-617,Yea,C001114
"CURTIS, John R.",21755,R,UT,House,118-H-671,Yea,C001114
"CURTIS, John R.",21755,R,UT,House,118-H-672,Yea,C001114
"CURTIS, John R.",21755,R,UT,House,118-H-692,Yea,C001114
"CURTIS, John R.",21755,R,UT,House,118-H-716,Yea,C001114
"CURTIS, John R.",21755,R,UT,House,118-H-746,Yea,C001114
"CURTIS, John R.",21755,R,UT,House,118-H-756,Yea,C001114
"CURTIS, John R.",21755,R,UT,House,118-H-762,Yea,C001114
"CURTIS, John R.",21755,R,UT,House,118-H-852,Yea,C001114
"CURTIS, John R.",21755,R,UT,House,118-H-859,Yea,C001114
"CURTIS, John R.",21755,R,UT,House,118-H-870,Yea,C001114
"CURTIS, John R.",21755,R,UT,House,118-H-890,Yea,C001114
"CURTIS, John R.",21755,R,UT,House,118-H-935,Yea,C001114
"CÁRDENAS, Tony",21309,D,CA,House,116-H-107,Yea,C001097
"CÁRDENAS, Tony",21309,D,CA,House,116-H-28,Yea,C001097
"CÁRDENAS, Tony",21309,D,CA,House,116-H-496,Yea,C001097
"CÁRDENAS, Tony",21309,D,CA,House,116-H-651,Yea,C001097
"CÁRDENAS, Tony",21309,D,CA,House,117-H-274,Yea,C001097
"CÁRDENAS, Tony",21309,D,CA,House,117-H-660,Yea,C001097
"CÁRDENAS, Tony",21309,D,CA,House,118-H-1146,Nay,C001097
"CÁRDENAS, Tony",21309,D,CA,House,118-H-1194,Not voting,C001097
"CÁRDENAS, Tony",21309,D,CA,House,118-H-193,Yea,C001097
"CÁRDENAS, Tony",21309,D,CA,House,118-H-241,Yea,C001097
"CÁRDENAS, Tony",21309,D,CA,House,118-H-337,Yea,C001097
"CÁRDENAS, Tony",21309,D,CA,House,118-H-523,Yea,C001097
"CÁRDENAS, Tony",21309,D,CA,House,118-H-556,Nay,C001097
"CÁRDENAS, Tony",21309,D,CA,House,118-H-572,Nay,C001097
"CÁRDENAS, Tony",21309,D,CA,House,118-H-573,Yea,C001097
"CÁRDENAS, Tony",21309,D,CA,House,118-H-617,Nay,C001097
"CÁRDENAS, Tony",21309,D,CA,House,118-H-671,Yea,C001097
"CÁRDENAS, Tony",21309,D,CA,House,118-H-672,Yea,C001097
"CÁRDENAS, Tony",21309,D,CA,House,118-H-692,Present,C001097
"CÁRDENAS, Tony",21309,D,CA,House,118-H-716,Nay,C001097
"CÁRDENAS, Tony",21309,D,CA,House,118-H-746,Yea,C001097
"CÁRDENAS, Tony",21309,D,CA,House,118-H-756,Nay,C001097
"CÁRDENAS, Tony",21309,D,CA,House,118-H-762,Yea,C001097
"CÁRDENAS, Tony",21309,D,CA,House,118-H-852,Not voting,C001097
"CÁRDENAS, Tony",21309,D,CA,House,118-H-859,Yea,C001097
"CÁRDENAS, Tony",21309,D,CA,House,118-H-870,Yea,C001097
"CÁRDENAS, Tony",21309,D,CA,House,118-H-890,Nay,C001097
"CÁRDENAS, Tony",21309,D,CA,House,118-H-935,Nay,C001097
"D'ESPOSITO, Anthony",22313,R,NY,House,118-H-1146,Not voting,D000632
"D'ESPOSITO, Anthony",22313,R,NY,House,118-H-1194,Yea,D000632
"D'ESPOSITO, Anthony",22313,R,NY,House,118-H-193,Yea,D000632
"D'ESPOSITO, Anthony",22313,R,NY,House,118-H-241,Yea,D000632
"D'ESPOSITO, Anthony",22313,R,NY,House,118-H-337,Yea,D000632
"D'ESPOSITO, Anthony",22313,R,NY,House,118-H-523,Yea,D000632
"D'ESPOSITO, Anthony",22313,R,NY,House,118-H-556,Yea,D000632
"D'ESPOSITO, Anthony",22313,R,NY,House,118-H-572,Yea,D000632
"D'ESPOSITO, Anthony",22313,R,NY,House,118-H-573,Yea,D000632
"D'ESPOSITO, Anthony",22313,R,NY,House,118-H-617,Not voting,D000632
"D'ESPOSITO, Anthony",22313,R,NY,House,118-H-671,Yea,D000632
"D'ESPOSITO, Anthony",22313,R,NY,House,118-H-672,Yea,D000632
"D'ESPOSITO, Anthony",22313,R,NY,House,118-H-692,Yea,D000632
"D'ESPOSITO, Anthony",22313,R,NY,House,118-H-716,Yea,D000632
"D'ESPOSITO, Anthony",22313,R,NY,House,118-H-746,Yea,D000632
"D'ESPOSITO, Anthony",22313,R,NY,House,118-H-756,Yea,D000632
"D'ESPOSITO, Anthony",22313,R,NY,House,118-H-762,Yea,D000632
"D'ESPOSITO, Anthony",22313,R,NY,House,118-H-852,Yea,D000632
"D'ESPOSITO, Anthony",22313,R,NY,House,118-H-859,Yea,D000632
"D'ESPOSITO, Anthony",22313,R,NY,House,118-H-870,Yea,D000632
"D'ESPOSITO, Anthony",22313,R,NY,House,118-H-890,Yea,D000632
"D'ESPOSITO, Anthony",22313,R,NY,House,118-H-935,Yea,D000632
"DAVIDS, Sharice",21914,D,KS,House,116-H-107,Yea,D000629
"DAVIDS, Sharice",21914,D,KS,House,116-H-28,Yea,D000629
"DAVIDS, Sharice",21914,D,KS,House,116-H-496,Yea,D000629
"DAVIDS, Sharice",21914,D,KS,House,116-H-651,Yea,D000629
"DAVIDS, Sharice",21914,D,KS,House,117-H-274,Yea,D000629
"DAVIDS, Sharice",21914,D,KS,House,117-H-660,Yea,D000629
"DAVIDS, Sharice",21914,D,KS,House,118-H-1146,Nay,D000629
"DAVIDS, Sharice",21914,D,KS,House,118-H-1194,Yea,D000629
"DAVIDS, Sharice",21914,D,KS,House,118-H-193,Yea,D000629
"DAVIDS, Sharice",21914,D,KS,House,118-H-241,Yea,D000629
"DAVIDS, Sharice",21914,D,KS,House,118-H-337,Yea,D000629
"DAVIDS, Sharice",21914,D,KS,House,118-H-523,Yea,D000629
"DAVIDS, Sharice",21914,D,KS,House,118-H-556,Yea,D000629
"DAVIDS, Sharice",21914,D,KS,House,118-H-572,Nay,D000629
"DAVIDS, Sharice",21914,D,KS,House,118-H-573,Yea,D000629
"DAVIDS, Sharice",21914,D,KS,House,118-H-617,Nay,D000629
"DAVIDS, Sharice",21914,D,KS,House,118-H-671,Yea,D000629
"DAVIDS, Sharice",21914,D,KS,House,118-H-672,Yea,D000629
"DAVIDS, Sharice",21914,D,KS,House,118-H-692,Present,D000629
"DAVIDS, Sharice",21914,D,KS,House,118-H-716,Yea,D000629
"DAVIDS, Sharice",21914,D,KS,House,118-H-746,Yea,D000629
"DAVIDS, Sharice",21914,D,KS,House,118-H-756,Nay,D000629
"DAVIDS, Sharice",21914,D,KS,House,118-H-762,Yea,D000629
"DAVIDS, Sharice",21914,D,KS,House,118-H-852,Yea,D000629
"DAVIDS, Sharice",21914,D,KS,House,118-H-859,Yea,D000629
"DAVIDS, Sharice",21914,D,KS,House,118-H-870,Yea,D000629
"DAVIDS, Sharice",21914,D,KS,House,118-H-890,Yea,D000629
"DAVIDS, Sharice",21914,D,KS,House,118-H-935,Nay,D000629
"DAVIDS, Sharice",21914,D,KS,House,119-H-128,Yea,D000629
"DAVIDS, Sharice",21914,D,KS,House,119-H-158,Yea,D000629
"DAVIDS, Sharice",21914,D,KS,House,119-H-526,Yea,D000629
"DAVIDS, Sharice",21914,D,KS,House,119-H-655,Nay,D000629
"DAVIDSON, Warren",21564,R,OH,House,116-H-107,Yea,D000626
"DAVIDSON, Warren",21564,R,OH,House,116-H-28,Not voting,D000626
"DAVIDSON, Warren",21564,R,OH,House,116-H-496,Yea,D000626
"DAVIDSON, Warren",21564,R,OH,House,116-H-651,Nay,D000626
"DAVIDSON, Warren",21564,R,OH,House,117-H-274,Yea,D000626
"DAVIDSON, Warren",21564,R,OH,House,117-H-660,Yea,D000626
"DAVIDSON, Warren",21564,R,OH,House,118-H-1146,Yea,D000626
"DAVIDSON, Warren",21564,R,OH,House,118-H-1194,Yea,D000626
"DAVIDSON, Warren",21564,R,OH,House,118-H-193,Yea,D000626
"DAVIDSON, Warren",21564,R,OH,House,118-H-241,Yea,D000626
"DAVIDSON, Warren",21564,R,OH,House,118-H-337,Yea,D000626
"DAVIDSON, Warren",21564,R,OH,House,118-H-523,Yea,D000626
"DAVIDSON, Warren",21564,R,OH,House,118-H-556,Yea,D000626
"DAVIDSON, Warren",21564,R,OH,House,118-H-572,Yea,D000626
"DAVIDSON, Warren",21564,R,OH,House,118-H-573,Yea,D000626
"DAVIDSON, Warren",21564,R,OH,House,118-H-617,Yea,D000626
"DAVIDSON, Warren",21564,R,OH,House,118-H-671,Yea,D000626
"DAVIDSON, Warren",21564,R,OH,House,118-H-672,Yea,D000626
"DAVIDSON, Warren",21564,R,OH,House,118-H-692,Yea,D000626
"DAVIDSON, Warren",21564,R,OH,House,118-H-716,Yea,D000626
"DAVIDSON, Warren",21564,R,OH,House,118-H-746,Yea,D000626
"DAVIDSON, Warren",21564,R,OH,House,118-H-756,Nay,D000626
"DAVIDSON, Warren",21564,R,OH,House,118-H-762,Yea,D000626
"DAVIDSON, Warren",21564,R,OH,House,118-H-852,Yea,D000626
"DAVIDSON, Warren",21564,R,OH,House,118-H-859,Yea,D000626
"DAVIDSON, Warren",21564,R,OH,House,118-H-870,Nay,D000626
"DAVIDSON, Warren",21564,R,OH,House,118-H-890,Nay,D000626
"DAVIDSON, Warren",21564,R,OH,House,118-H-935,Nay,D000626
"DAVIDSON, Warren",21564,R,OH,House,119-H-128,Yea,D000626
"DAVIDSON, Warren",21564,R,OH,House,119-H-158,Yea,D000626
"DAVIDSON, Warren",21564,R,OH,House,119-H-526,Yea,D000626
"DAVIDSON, Warren",21564,R,OH,House,119-H-655,Nay,D000626
"DAVIS, Danny K.",29717,D,IL,House,116-H-107,Yea,D000096
"DAVIS, Danny K.",29717,D,IL,House,116-H-28,Yea,D000096
"DAVIS, Danny K.",29717,D,IL,House,116-H-496,Present,D000096
"DAVIS, Danny K.",29717,D,IL,House,116-H-651,Yea,D000096
"DAVIS, Danny K.",29717,D,IL,House,117-H-274,Yea,D000096
"DAVIS, Danny K.",29717,D,IL,House,117-H-660,Yea,D000096
"DAVIS, Danny K.",29717,D,IL,House,118-H-1146,Nay,D000096
"DAVIS, Danny K.",29717,D,IL,House,118-H-1194,Yea,D000096
"DAVIS, Danny K.",29717,D,IL,House,118-H-193,Yea,D000096
"DAVIS, Danny K.",29717,D,IL,House,118-H-241,Yea,D000096
"DAVIS, Danny K.",29717,D,IL,House,118-H-337,Yea,D000096
"DAVIS, Danny K.",29717,D,IL,House,118-H-523,Yea,D000096
"DAVIS, Danny K.",29717,D,IL,House,118-H-556,Yea,D000096
"DAVIS, Danny K.",29717,D,IL,House,118-H-572,Nay,D000096
"DAVIS, Danny K.",29717,D,IL,House,118-H-573,Yea,D000096
"DAVIS, Danny K.",29717,D,IL,House,118-H-617,Nay,D000096
"DAVIS, Danny K.",29717,D,IL,House,118-H-671,Yea,D000096
"DAVIS, Danny K.",29717,D,IL,House,118-H-672,Yea,D000096
"DAVIS, Danny K.",29717,D,IL,House,118-H-692,Present,D000096
"DAVIS, Danny K.",29717,D,IL,House,118-H-716,Nay,D000096
"DAVIS, Danny K.",29717,D,IL,House,118-H-746,Yea,D000096
"DAVIS, Danny K.",29717,D,IL,House,118-H-756,Nay,D000096
"DAVIS, Danny K.",29717,D,IL,House,118-H-762,Yea,D000096
"DAVIS, Danny K.",29717,D,IL,House,118-H-852,Nay,D000096
"DAVIS, Danny K.",29717,D,IL,House,118-H-859,Yea,D000096
"DAVIS, Danny K.",29717,D,IL,House,118-H-870,Yea,D000096
"DAVIS, Danny K.",29717,D,IL,House,118-H-890,Nay,D000096
"DAVIS, Danny K.",29717,D,IL,House,118-H-935,Not voting,D000096
"DAVIS, Danny K.",29717,D,IL,House,119-H-128,Yea,D000096
"DAVIS, Danny K.",29717,D,IL,House,119-H-158,Not voting,D000096
"DAVIS, Danny K.",29717,D,IL,House,119-H-526,Yea,D000096
"DAVIS, Danny K.",29717,D,IL,House,119-H-655,Nay,D000096
"DAVIS, Don",22314,D,NC,House,118-H-1146,Yea,D000230
"DAVIS, Don",22314,D,NC,House,118-H-1194,Yea,D000230
"DAVIS, Don",22314,D,NC,House,118-H-193,Yea,D000230
"DAVIS, Don",22314,D,NC,House,118-H-241,Yea,D000230
"DAVIS, Don",22314,D,NC,House,118-H-337,Not voting,D000230
"DAVIS, Don",22314,D,NC,House,118-H-523,Yea,D000230
"DAVIS, Don",22314,D,NC,House,118-H-556,Yea,D000230
"DAVIS, Don",22314,D,NC,House,118-H-572,Yea,D000230
"DAVIS, Don",22314,D,NC,House,118-H-573,Yea,D000230
"DAVIS, Don",22314,D,NC,House,118-H-617,Yea,D000230
"DAVIS, Don",22314,D,NC,House,118-H-671,Yea,D000230
"DAVIS, Don",22314,D,NC,House,118-H-672,Yea,D000230
"DAVIS, Don",22314,D,NC,House,118-H-692,Yea,D000230
"DAVIS, Don",22314,D,NC,House,118-H-716,Yea,D000230
"DAVIS, Don",22314,D,NC,House,118-H-746,Yea,D000230
"DAVIS, Don",22314,D,NC,House,118-H-756,Yea,D000230
"DAVIS, Don",22314,D,NC,House,118-H-762,Yea,D000230
"DAVIS, Don",22314,D,NC,House,118-H-852,Yea,D000230
"DAVIS, Don",22314,D,NC,House,118-H-859,Yea,D000230
"DAVIS, Don",22314,D,NC,House,118-H-870,Yea,D000230
"DAVIS, Don",22314,D,NC,House,118-H-890,Yea,D000230
"DAVIS, Don",22314,D,NC,House,118-H-935,Yea,D000230
"DAVIS, Don",22314,D,NC,House,119-H-128,Yea,D000230
"DAVIS, Don",22314,D,NC,House,119-H-158,Yea,D000230
"DAVIS, Don",22314,D,NC,House,119-H-526,Yea,D000230
"DAVIS, Don",22314,D,NC,House,119-H-655,Yea,D000230
"DAVIS, Rodney",21328,R,IL,House,116-H-107,Yea,D000619
"DAVIS, Rodney",21328,R,IL,House,116-H-28,Yea,D000619
"DAVIS, Rodney",21328,R,IL,House,116-H-496,Yea,D000619
"DAVIS, Rodney",21328,R,IL,House,116-H-651,Nay,D000619
"DAVIS, Rodney",21328,R,IL,House,117-H-274,Yea,D000619
"DAVIS, Rodney",21328,R,IL,House,117-H-660,Yea,D000619
"DAVIS, Susan A.",20108,D,CA,House,116-H-107,Yea,D000598
"DAVIS, Susan A.",20108,D,CA,House,116-H-28,Yea,D000598
"DAVIS, Susan A.",20108,D,CA,House,116-H-496,Yea,D000598
"DAVIS, Susan A.",20108,D,CA,House,116-H-651,Yea,D000598
"DE LA CRUZ, Monica",22315,R,TX,House,118-H-1146,Yea,D000594
"DE LA CRUZ, Monica",22315,R,TX,House,118-H-1194,Yea,D000594
"DE LA CRUZ, Monica",22315,R,TX,House,118-H-193,Yea,D000594
"DE LA CRUZ, Monica",22315,R,TX,House,118-H-241,Yea,D000594
"DE LA CRUZ, Monica",22315,R,TX,House,118-H-337,Yea,D000594
"DE LA CRUZ, Monica",22315,R,TX,House,118-H-523,Yea,D000594
"DE LA CRUZ, Monica",22315,R,TX,House,118-H-556,Yea,D000594
"DE LA CRUZ, Monica",22315,R,TX,House,118-H-572,Yea,D000594
"DE LA CRUZ, Monica",22315,R,TX,House,118-H-573,Yea,D000594
"DE LA CRUZ, Monica",22315,R,TX,House,118-H-617,Yea,D000594
"DE LA CRUZ, Monica",22315,R,TX,House,118-H-671,Yea,D000594
"DE LA CRUZ, Monica",22315,R,TX,House,118-H-672,Yea,D000594
"DE LA CRUZ, Monica",22315,R,TX,House,118-H-692,Yea,D000594
"DE LA CRUZ, Monica",22315,R,TX,House,118-H-716,Yea,D000594
"DE LA CRUZ, Monica",22315,R,TX,House,118-H-746,Yea,D000594
"DE LA CRUZ, Monica",22315,R,TX,House,118-H-756,Yea,D000594
"DE LA CRUZ, Monica",22315,R,TX,House,118-H-762,Yea,D000594
"DE LA CRUZ, Monica",22315,R,TX,House,118-H-852,Yea,D000594
"DE LA CRUZ, Monica",22315,R,TX,House,118-H-859,Yea,D000594
"DE LA CRUZ, Monica",22315,R,TX,House,118-H-870,Yea,D000594
"DE LA CRUZ, Monica",22315,R,TX,House,118-H-890,Not voting,D000594
"DE LA CRUZ, Monica",22315,R,TX,House,118-H-935,Yea,D000594
"DE LA CRUZ, Monica",22315,R,TX,House,119-H-128,Yea,D000594
"DE LA CRUZ, Monica",22315,R,TX,House,119-H-158,Yea,D000594
"DE LA CRUZ, Monica",22315,R,TX,House,119-H-526,Yea,D000594
"DE LA CRUZ, Monica",22315,R,TX,House,119-H-655,Yea,D000594
"DEAN, Madeleine",21915,D,PA,House,116-H-107,Yea,D000631
"DEAN, Madeleine",21915,D,PA,House,116-H-28,Yea,D000631
"DEAN, Madeleine",21915,D,PA,House,116-H-496,Yea,D000631
"DEAN, Madeleine",21915,D,PA,House,116-H-651,Yea,D000631
"DEAN, Madeleine",21915,D,PA,House,117-H-274,Yea,D000631
"DEAN, Madeleine",21915,D,PA,House,117-H-660,Yea,D000631
"DEAN, Madeleine",21915,D,PA,House,118-H-1146,Nay,D000631
"DEAN, Madeleine",21915,D,PA,House,118-H-1194,Yea,D000631
"DEAN, Madeleine",21915,D,PA,House,118-H-193,Yea,D000631
"DEAN, Madeleine",21915,D,PA,House,118-H-241,Yea,D000631
"DEAN, Madeleine",21915,D,PA,House,118-H-337,Yea,D000631
"DEAN, Madeleine",21915,D,PA,House,118-H-523,Yea,D000631
"DEAN, Madeleine",21915,D,PA,House,118-H-556,Yea,D000631
"DEAN, Madeleine",21915,D,PA,House,118-H-572,Nay,D000631
"DEAN, Madeleine",21915,D,PA,House,118-H-573,Yea,D000631
"DEAN, Madeleine",21915,D,PA,House,118-H-617,Nay,D000631
"DEAN, Madeleine",21915,D,PA,House,118-H-671,Yea,D000631
"DEAN, Madeleine",21915,D,PA,House,118-H-672,Yea,D000631
"DEAN, Madeleine",21915,D,PA,House,118-H-692,Present,D000631
"DEAN, Madeleine",21915,D,PA,House,118-H-716,Nay,D000631
"DEAN, Madeleine",21915,D,PA,House,118-H-746,Yea,D000631
"DEAN, Madeleine",21915,D,PA,House,118-H-756,Nay,D000631
"DEAN, Madeleine",21915,D,PA,House,118-H-762,Yea,D000631
"DEAN, Madeleine",21915,D,PA,House,118-H-852,Present,D000631
"DEAN, Madeleine",21915,D,PA,House,118-H-859,Yea,D000631
"DEAN, Madeleine",21915,D,PA,House,118-H-870,Yea,D000631
"DEAN, Madeleine",21915,D,PA,House,118-H-890,Yea,D000631
"DEAN, Madeleine",21915,D,PA,House,118-H-935,Nay,D000631
"DEAN, Madeleine",21915,D,PA,House,119-H-128,Yea,D000631
"DEAN, Madeleine",21915,D,PA,House,119-H-158,Not voting,D000631
"DEAN, Madeleine",21915,D,PA,House,119-H-526,Yea,D000631
"DEAN, Madeleine",21915,D,PA,House,119-H-655,Nay,D000631
"DEGETTE, Diana",29710,D,CO,House,116-H-107,Yea,D000197
"DEGETTE, Diana",29710,D,CO,House,116-H-28,Yea,D000197
"DEGETTE, Diana",29710,D,CO,House,116-H-496,Yea,D000197
"DEGETTE, Diana",29710,D,CO,House,116-H-651,Yea,D000197
"DEGETTE, Diana",29710,D,CO,House,117-H-274,Yea,D000197
"DEGETTE, Diana",29710,D,CO,House,117-H-660,Yea,D000197
"DEGETTE, Diana",29710,D,CO,House,118-H-1146,Nay,D000197
"DEGETTE, Diana",29710,D,CO,House,118-H-1194,Yea,D000197
"DEGETTE, Diana",29710,D,CO,House,118-H-193,Yea,D000197
"DEGETTE, Diana",29710,D,CO,House,118-H-241,Yea,D000197
"DEGETTE, Diana",29710,D,CO,House,118-H-337,Yea,D000197
"DEGETTE, Diana",29710,D,CO,House,118-H-523,Yea,D000197
"DEGETTE, Diana",29710,D,CO,House,118-H-556,Yea,D000197
"DEGETTE, Diana",29710,D,CO,House,118-H-572,Nay,D000197
"DEGETTE, Diana",29710,D,CO,House,118-H-573,Yea,D000197
"DEGETTE, Diana",29710,D,CO,House,118-H-617,Nay,D000197
"DEGETTE, Diana",29710,D,CO,House,118-H-671,Yea,D000197
"DEGETTE, Diana",29710,D,CO,House,118-H-672,Yea,D000197
"DEGETTE, Diana",29710,D,CO,House,118-H-692,Present,D000197
"DEGETTE, Diana",29710,D,CO,House,118-H-716,Nay,D000197
"DEGETTE, Diana",29710,D,CO,House,118-H-746,Yea,D000197
"DEGETTE, Diana",29710,D,CO,House,118-H-756,Nay,D000197
"DEGETTE, Diana",29710,D,CO,House,118-H-762,Yea,D000197
"DEGETTE, Diana",29710,D,CO,House,118-H-852,Yea,D000197
"DEGETTE, Diana",29710,D,CO,House,118-H-859,Yea,D000197
"DEGETTE, Diana",29710,D,CO,House,118-H-870,Yea,D000197
"DEGETTE, Diana",29710,D,CO,House,118-H-890,Nay,D000197
"DEGETTE, Diana",29710,D,CO,House,118-H-935,Nay,D000197
"DEGETTE, Diana",29710,D,CO,House,119-H-128,Yea,D000197
"DEGETTE, Diana",29710,D,CO,House,119-H-158,Yea,D000197
"DEGETTE, Diana",29710,D,CO,House,119-H-526,Yea,D000197
"DEGETTE, Diana",29710,D,CO,House,119-H-655,Nay,D000197
"DELBENE, Suzan K.",31101,D,WA,House,116-H-107,Yea,D000617
"DELBENE, Suzan K.",31101,D,WA,House,116-H-28,Yea,D000617
"DELBENE, Suzan K.",31101,D,WA,House,116-H-496,Yea,D000617
"DELBENE, Suzan K.",31101,D,WA,House,116-H-651,Yea,D000617
"DELBENE, Suzan K.",31101,D,WA,House,117-H-274,Yea,D000617
"DELBENE, Suzan K.",31101,D,WA,House,117-H-660,Yea,D000617
"DELBENE, Suzan K.",31101,D,WA,House,118-H-1146,Nay,D000617
"DELBENE, Suzan K.",31101,D,WA,House,118-H-1194,Yea,D000617
"DELBENE, Suzan K.",31101,D,WA,House,118-H-193,Yea,D000617
"DELBENE, Suzan K.",31101,D,WA,House,118-H-241,Yea,D000617
"DELBENE, Suzan K.",31101,D,WA,House,118-H-337,Yea,D000617
"DELBENE, Suzan K.",31101,D,WA,House,118-H-523,Yea,D000617
"DELBENE, Suzan K.",31101,D,WA,House,118-H-556,Yea,D000617
"DELBENE, Suzan K.",31101,D,WA,House,118-H-572,Nay,D000617
"DELBENE, Suzan K.",31101,D,WA,House,118-H-573,Yea,D000617
"DELBENE, Suzan K.",31101,D,WA,House,118-H-617,Nay,D000617
"DELBENE, Suzan K.",31101,D,WA,House,118-H-671,Yea,D000617
"DELBENE, Suzan K.",31101,D,WA,House,118-H-672,Yea,D000617
"DELBENE, Suzan K.",31101,D,WA,House,118-H-692,Present,D000617
"DELBENE, Suzan K.",31101,D,WA,House,118-H-716,Nay,D000617
"DELBENE, Suzan K.",31101,D,WA,House,118-H-746,Yea,D000617
"DELBENE, Suzan K.",31101,D,WA,House,118-H-756,Nay,D000617
"DELBENE, Suzan K.",31101,D,WA,House,118-H-762,Yea,D000617
"DELBENE, Suzan K.",31101,D,WA,House,118-H-852,Yea,D000617
"DELBENE, Suzan K.",31101,D,WA,House,118-H-859,Yea,D000617
"DELBENE, Suzan K.",31101,D,WA,House,118-H-870,Yea,D000617
"DELBENE, Suzan K.",31101,D,WA,House,118-H-890,Yea,D000617
"DELBENE, Suzan K.",31101,D,WA,House,118-H-935,Nay,D000617
"DELBENE, Suzan K.",31101,D,WA,House,119-H-128,Yea,D000617
"DELBENE, Suzan K.",31101,D,WA,House,119-H-158,Yea,D000617
"DELBENE, Suzan K.",31101,D,WA,House,119-H-526,Yea,D000617
"DELBENE, Suzan K.",31101,D,WA,House,119-H-655,Nay,D000617
"DELGADO, Antonio",21916,D,NY,House,116-H-107,Yea,D000630
"DELGADO, Antonio",21916,D,NY,House,116-H-28,Yea,D000630
"DELGADO, Antonio",21916,D,NY,House,116-H-496,Yea,D000630
"DELGADO, Antonio",21916,D,NY,House,116-H-651,Yea,D000630
"DELGADO, Antonio",21916,D,NY,House,117-H-274,Yea,D000630
"DELGADO, Antonio",21916,D,NY,House,117-H-660,Yea,D000630
"DELUZIO, Chris",22316,D,PA,House,118-H-1146,Nay,D000530
"DELUZIO, Chris",22316,D,PA,House,118-H-1194,Yea,D000530
"DELUZIO, Chris",22316,D,PA,House,118-H-193,Yea,D000530
"DELUZIO, Chris",22316,D,PA,House,118-H-241,Yea,D000530
"DELUZIO, Chris",22316,D,PA,House,118-H-337,Not voting,D000530
"DELUZIO, Chris",22316,D,PA,House,118-H-523,Yea,D000530
"DELUZIO, Chris",22316,D,PA,House,118-H-556,Yea,D000530
"DELUZIO, Chris",22316,D,PA,House,118-H-572,Nay,D000530
"DELUZIO, Chris",22316,D,PA,House,118-H-573,Yea,D000530
"DELUZIO, Chris",22316,D,PA,House,118-H-617,Nay,D000530
"DELUZIO, Chris",22316,D,PA,House,118-H-671,Yea,D000530
"DELUZIO, Chris",22316,D,PA,House,118-H-672,Yea,D000530
"DELUZIO, Chris",22316,D,PA,House,118-H-692,Yea,D000530
"DELUZIO, Chris",22316,D,PA,House,118-H-716,Yea,D000530
"DELUZIO, Chris",22316,D,PA,House,118-H-746,Yea,D000530
"DELUZIO, Chris",22316,D,PA,House,118-H-756,Nay,D000530
"DELUZIO, Chris",22316,D,PA,House,118-H-762,Yea,D000530
"DELUZIO, Chris",22316,D,PA,House,118-H-852,Yea,D000530
"DELUZIO, Chris",22316,D,PA,House,118-H-859,Yea,D000530
"DELUZIO, Chris",22316,D,PA,House,118-H-870,Yea,D000530
"DELUZIO, Chris",22316,D,PA,House,118-H-890,Yea,D000530
"DELUZIO, Chris",22316,D,PA,House,118-H-935,Nay,D000530
"DELUZIO, Chris",22316,D,PA,House,119-H-128,Yea,D000530
"DELUZIO, Chris",22316,D,PA,House,119-H-158,Yea,D000530
"DELUZIO, Chris",22316,D,PA,House,119-H-526,Yea,D000530
"DELUZIO, Chris",22316,D,PA,House,119-H-655,Nay,D000530
"DEMINGS, Valdez",21713,D,FL,House,116-H-107,Yea,D000627
"DEMINGS, Valdez",21713,D,FL,House,116-H-28,Yea,D000627
"DEMINGS, Valdez",21713,D,FL,House,116-H-496,Yea,D000627
"DEMINGS, Valdez",21713,D,FL,House,116-H-651,Yea,D000627
"DEMINGS, Valdez",21713,D,FL,House,117-H-274,Yea,D000627
"DEMINGS, Valdez",21713,D,FL,House,117-H-660,Yea,D000627
"DESAULNIER, Mark James",21504,D,CA,House,116-H-107,Yea,D000623
"DESAULNIER, Mark James",21504,D,CA,House,116-H-28,Yea,D000623
"DESAULNIER, Mark James",21504,D,CA,House,116-H-496,Yea,D000623
"DESAULNIER, Mark James",21504,D,CA,House,116-H-651,Yea,D000623
"DESAULNIER, Mark James",21504,D,CA,House,117-H-274,Yea,D000623
"DESAULNIER, Mark James",21504,D,CA,House,117-H-660,Yea,D000623
"DESAULNIER, Mark James",21504,D,CA,House,118-H-1146,Nay,D000623
"DESAULNIER, Mark James",21504,D,CA,House,118-H-1194,Yea,D000623
"DESAULNIER, Mark James",21504,D,CA,House,118-H-193,Nay,D000623
"DESAULNIER, Mark James",21504,D,CA,House,118-H-241,Yea,D000623
"DESAULNIER, Mark James",21504,D,CA,House,118-H-337,Yea,D000623
"DESAULNIER, Mark James",21504,D,CA,House,118-H-523,Yea,D000623
"DESAULNIER, Mark James",21504,D,CA,House,118-H-556,Nay,D000623
"DESAULNIER, Mark James",21504,D,CA,House,118-H-572,Not voting,D000623
"DESAULNIER, Mark James",21504,D,CA,House,118-H-573,Not voting,D000623
"DESAULNIER, Mark James",21504,D,CA,House,118-H-617,Nay,D000623
"DESAULNIER, Mark James",21504,D,CA,House,118-H-671,Yea,D000623
"DESAULNIER, Mark James",21504,D,CA,House,118-H-672,Yea,D000623
"DESAULNIER, Mark James",21504,D,CA,House,118-H-692,Present,D000623
"DESAULNIER, Mark James",21504,D,CA,House,118-H-716,Nay,D000623
"DESAULNIER, Mark James",21504,D,CA,House,118-H-746,Yea,D000623
"DESAULNIER, Mark James",21504,D,CA,House,118-H-756,Nay,D000623
"DESAULNIER, Mark James",21504,D,CA,House,118-H-762,Yea,D000623
"DESAULNIER, Mark James",21504,D,CA,House,118-H-852,Nay,D000623
"DESAULNIER, Mark James",21504,D,CA,House,118-H-859,Yea,D000623
"DESAULNIER, Mark James",21504,D,CA,House,118-H-870,Nay,D000623
"DESAULNIER, Mark James",21504,D,CA,House,118-H-890,Nay,D000623
"DESAULNIER, Mark James",21504,D,CA,House,118-H-935,Nay,D000623
"DESAULNIER, Mark James",21504,D,CA,House,119-H-128,Yea,D000623
"DESAULNIER, Mark James",21504,D,CA,House,119-H-158,Yea,D000623
"DESAULNIER, Mark James",21504,D,CA,House,119-H-526,Yea,D000623
"DESAULNIER, Mark James",21504,D,CA,House,119-H-655,Nay,D000623
"DESJARLAIS, Scott",21179,R,TN,House,116-H-107,Yea,D000616
"DESJARLAIS, Scott",21179,R,TN,House,116-H-28,Yea,D000616
"DESJARLAIS, Scott",21179,R,TN,House,116-H-496,Yea,D000616
"DESJARLAIS, Scott",21179,R,TN,House,116-H-651,Nay,D000616
"DESJARLAIS, Scott",21179,R,TN,House,117-H-274,Yea,D000616
"DESJARLAIS, Scott",21179,R,TN,House,117-H-660,Yea,D000616
"DESJARLAIS, Scott",21179,R,TN,House,118-H-1146,Yea,D000616
"DESJARLAIS, Scott",21179,R,TN,House,118-H-1194,Not voting,D000616
"DESJARLAIS, Scott",21179,R,TN,House,118-H-193,Yea,D000616
"DESJARLAIS, Scott",21179,R,TN,House,118-H-241,Not voting,D000616
"DESJARLAIS, Scott",21179,R,TN,House,118-H-337,Yea,D000616
"DESJARLAIS, Scott",21179,R,TN,House,118-H-523,Yea,D000616
"DESJARLAIS, Scott",21179,R,TN,House,118-H-556,Yea,D000616
"DESJARLAIS, Scott",21179,R,TN,House,118-H-572,Yea,D000616
"DESJARLAIS, Scott",21179,R,TN,House,118-H-573,Yea,D000616
"DESJARLAIS, Scott",21179,R,TN,House,118-H-617,Yea,D000616
"DESJARLAIS, Scott",21179,R,TN,House,118-H-671,Not voting,D000616
"DESJARLAIS, Scott",21179,R,TN,House,118-H-672,Not voting,D000616
"DESJARLAIS, Scott",21179,R,TN,House,118-H-692,Yea,D000616
"DESJARLAIS, Scott",21179,R,TN,House,118-H-716,Yea,D000616
"DESJARLAIS, Scott",21179,R,TN,House,118-H-746,Yea,D000616
"DESJARLAIS, Scott",21179,R,TN,House,118-H-756,Yea,D000616
"DESJARLAIS, Scott",21179,R,TN,House,118-H-762,Yea,D000616
"DESJARLAIS, Scott",21179,R,TN,House,118-H-852,Yea,D000616
"DESJARLAIS, Scott",21179,R,TN,House,118-H-859,Yea,D000616
"DESJARLAIS, Scott",21179,R,TN,House,118-H-870,Nay,D000616
"DESJARLAIS, Scott",21179,R,TN,House,118-H-890,Yea,D000616
"DESJARLAIS, Scott",21179,R,TN,House,118-H-935,Yea,D000616
"DESJARLAIS, Scott",21179,R,TN,House,119-H-128,Yea,D000616
"DESJARLAIS, Scott",21179,R,TN,House,119-H-158,Yea,D000616
"DESJARLAIS, Scott",21179,R,TN,House,119-H-526,Yea,D000616
"DESJARLAIS, Scott",21179,R,TN,House,119-H-655,Yea,D000616
"DEUTCH, Theodore E. (Ted)",20959,D,FL,House,116-H-107,Yea,D000610
"DEUTCH, Theodore E. (Ted)",20959,D,FL,House,116-H-28,Yea,D000610
"DEUTCH, Theodore E. (Ted)",20959,D,FL,House,116-H-496,Yea,D000610
"DEUTCH, Theodore E. (Ted)",20959,D,FL,House,116-H-651,Yea,D000610
"DEUTCH, Theodore E. (Ted)",20959,D,FL,House,117-H-274,Yea,D000610
"DEUTCH, Theodore E. (Ted)",20959,D,FL,House,117-H-660,Yea,D000610
"DEXTER, Maxine",22510,D,OR,House,119-H-128,Yea,D000635
"DEXTER, Maxine",22510,D,OR,House,119-H-158,Yea,D000635
"DEXTER, Maxine",22510,D,OR,House,119-H-526,Yea,D000635
"DEXTER, Maxine",22510,D,OR,House,119-H-655,Nay,D000635
"DIAZ-BALART, Mario",20316,R,FL,House,116-H-107,Yea,D000600
"DIAZ-BALART, Mario",20316,R,FL,House,116-H-28,Yea,D000600
"DIAZ-BALART, Mario",20316,R,FL,House,116-H-496,Yea,D000600
"DIAZ-BALART, Mario",20316,R,FL,House,116-H-651,Nay,D000600
"DIAZ-BALART, Mario",20316,R,FL,House,117-H-274,Yea,D000600
"DIAZ-BALART, Mario",20316,R,FL,House,117-H-660,Not voting,D000600
"DIAZ-BALART, Mario",20316,R,FL,House,118-H-1146,Yea,D000600
"DIAZ-BALART, Mario",20316,R,FL,House,118-H-1194,Yea,D000600
"DIAZ-BALART, Mario",20316,R,FL,House,118-H-193,Yea,D000600
"DIAZ-BALART, Mario",20316,R,FL,House,118-H-241,Yea,D000600
"DIAZ-BALART, Mario",20316,R,FL,House,118-H-337,Yea,D000600
"DIAZ-BALART, Mario",20316,R,FL,House,118-H-523,Yea,D000600
"DIAZ-BALART, Mario",20316,R,FL,House,118-H-556,Yea,D000600
"DIAZ-BALART, Mario",20316,R,FL,House,118-H-572,Yea,D000600
"DIAZ-BALART, Mario",20316,R,FL,House,118-H-573,Yea,D000600
"DIAZ-BALART, Mario",20316,R,FL,House,118-H-617,Yea,D000600
"DIAZ-BALART, Mario",20316,R,FL,House,118-H-671,Yea,D000600
"DIAZ-BALART, Mario",20316,R,FL,House,118-H-672,Yea,D000600
"DIAZ-BALART, Mario",20316,R,FL,House,118-H-692,Yea,D000600
"DIAZ-BALART, Mario",20316,R,FL,House,118-H-716,Yea,D000600
"DIAZ-BALART, Mario",20316,R,FL,House,118-H-746,Yea,D000600
"DIAZ-BALART, Mario",20316,R,FL,House,118-H-756,Yea,D000600
"DIAZ-BALART, Mario",20316,R,FL,House,118-H-762,Yea,D000600
"DIAZ-BALART, Mario",20316,R,FL,House,118-H-852,Yea,D000600
"DIAZ-BALART, Mario",20316,R,FL,House,118-H-859,Yea,D000600
"DIAZ-BALART, Mario",20316,R,FL,House,118-H-870,Yea,D000600
"DIAZ-BALART, Mario",20316,R,FL,House,118-H-890,Not voting,D000600
"DIAZ-BALART, Mario",20316,R,FL,House,118-H-935,Yea,D000600
"DIAZ-BALART, Mario",20316,R,FL,House,119-H-128,Yea,D000600
"DIAZ-BALART, Mario",20316,R,FL,House,119-H-158,Yea,D000600
"DIAZ-BALART, Mario",20316,R,FL,House,119-H-526,Yea,D000600
"DIAZ-BALART, Mario",20316,R,FL,House,119-H-655,Yea,D000600
"DINGELL, Debbie",21529,D,MI,House,116-H-107,Yea,D000624
"DINGELL, Debbie",21529,D,MI,House,116-H-28,Yea,D000624
"DINGELL, Debbie",21529,D,MI,House,116-H-496,Nay,D000624
"DINGELL, Debbie",21529,D,MI,House,116-H-651,Yea,D000624
"DINGELL, Debbie",21529,D,MI,House,117-H-274,Yea,D000624
"DINGELL, Debbie",21529,D,MI,House,117-H-660,Yea,D000624
"DINGELL, Debbie",21529,D,MI,House,118-H-1146,Nay,D000624
"DINGELL, Debbie",21529,D,MI,House,118-H-1194,Yea,D000624
"DINGELL, Debbie",21529,D,MI,House,118-H-193,Yea,D000624
"DINGELL, Debbie",21529,D,MI,House,118-H-241,Yea,D000624
"DINGELL, Debbie",21529,D,MI,House,118-H-337,Yea,D000624
"DINGELL, Debbie",21529,D,MI,House,118-H-523,Yea,D000624
"DINGELL, Debbie",21529,D,MI,House,118-H-556,Yea,D000624
"DINGELL, Debbie",21529,D,MI,House,118-H-572,Nay,D000624
"DINGELL, Debbie",21529,D,MI,House,118-H-573,Yea,D000624
"DINGELL, Debbie",21529,D,MI,House,118-H-617,Nay,D000624
"DINGELL, Debbie",21529,D,MI,House,118-H-671,Yea,D000624
"DINGELL, Debbie",21529,D,MI,House,118-H-672,Yea,D000624
"DINGELL, Debbie",21529,D,MI,House,118-H-692,Present,D000624
"DINGELL, Debbie",21529,D,MI,House,118-H-716,Nay,D000624
"DINGELL, Debbie",21529,D,MI,House,118-H-746,Yea,D000624
"DINGELL, Debbie",21529,D,MI,House,118-H-756,Nay,D000624
"DINGELL, Debbie",21529,D,MI,House,118-H-762,Yea,D000624
"DINGELL, Debbie",21529,D,MI,House,118-H-852,Nay,D000624
"DINGELL, Debbie",21529,D,MI,House,118-H-859,Yea,D000624
"DINGELL, Debbie",21529,D,MI,House,118-H-870,Not voting,D000624
"DINGELL, Debbie",21529,D,MI,House,118-H-890,Yea,D000624
"DINGELL, Debbie",21529,D,MI,House,118-H-935,Nay,D000624
"DINGELL, Debbie",21529,D,MI,House,119-H-128,Yea,D000624
"DINGELL, Debbie",21529,D,MI,House,119-H-158,Yea,D000624
"DINGELL, Debbie",21529,D,MI,House,119-H-526,Yea,D000624
"DINGELL, Debbie",21529,D,MI,House,119-H-655,Nay,D000624
"DOGGETT, Lloyd Alton, II",29571,D,TX,House,116-H-107,Yea,D000399
"DOGGETT, Lloyd Alton, II",29571,D,TX,House,116-H-28,Yea,D000399
"DOGGETT, Lloyd Alton, II",29571,D,TX,House,116-H-496,Yea,D000399
"DOGGETT, Lloyd Alton, II",29571,D,TX,House,116-H-651,Yea,D000399
"DOGGETT, Lloyd Alton, II",29571,D,TX,House,117-H-274,Yea,D000399
"DOGGETT, Lloyd Alton, II",29571,D,TX,House,117-H-660,Yea,D000399
"DOGGETT, Lloyd Alton, II",29571,D,TX,House,118-H-1146,Nay,D000399
"DOGGETT, Lloyd Alton, II",29571,D,TX,House,118-H-1194,Yea,D000399
"DOGGETT, Lloyd Alton, II",29571,D,TX,House,118-H-193,Yea,D000399
"DOGGETT, Lloyd Alton, II",29571,D,TX,House,118-H-241,Yea,D000399
"DOGGETT, Lloyd Alton, II",29571,D,TX,House,118-H-337,Yea,D000399
"DOGGETT, Lloyd Alton, II",29571,D,TX,House,118-H-523,Yea,D000399
"DOGGETT, Lloyd Alton, II",29571,D,TX,House,118-H-556,Yea,D000399
"DOGGETT, Lloyd Alton, II",29571,D,TX,House,118-H-572,Nay,D000399
"DOGGETT, Lloyd Alton, II",29571,D,TX,House,118-H-573,Yea,D000399
"DOGGETT, Lloyd Alton, II",29571,D,TX,House,118-H-617,Nay,D000399
"DOGGETT, Lloyd Alton, II",29571,D,TX,House,118-H-671,Yea,D000399
"DOGGETT, Lloyd Alton, II",29571,D,TX,House,118-H-672,Yea,D000399
"DOGGETT, Lloyd Alton, II",29571,D,TX,House,118-H-692,Present,D000399
"DOGGETT, Lloyd Alton, II",29571,D,TX,House,118-H-716,Nay,D000399
"DOGGETT, Lloyd Alton, II",29571,D,TX,House,118-H-746,Yea,D000399
"DOGGETT, Lloyd Alton, II",29571,D,TX,House,118-H-756,Nay,D000399
"DOGGETT, Lloyd Alton, II",29571,D,TX,House,118-H-762,Yea,D000399
"DOGGETT, Lloyd Alton, II",29571,D,TX,House,118-H-852,Yea,D000399
"DOGGETT, Lloyd Alton, II",29571,D,TX,House,118-H-859,Yea,D000399
"DOGGETT, Lloyd Alton, II",29571,D,TX,House,118-H-870,Nay,D000399
"DOGGETT, Lloyd Alton, II",29571,D,TX,House,118-H-890,Nay,D000399
"DOGGETT, Lloyd Alton, II",29571,D,TX,House,118-H-935,Nay,D000399
"DOGGETT, Lloyd Alton, II",29571,D,TX,House,119-H-128,Yea,D000399
"DOGGETT, Lloyd Alton, II",29571,D,TX,House,119-H-158,Yea,D000399
"DOGGETT, Lloyd Alton, II",29571,D,TX,House,119-H-526,Yea,D000399
"DOGGETT, Lloyd Alton, II",29571,D,TX,House,119-H-655,Nay,D000399
"DONALDS, Byron",22111,R,FL,House,117-H-274,Yea,D000032
"DONALDS, Byron",22111,R,FL,House,117-H-660,Yea,D000032
"DONALDS, Byron",22111,R,FL,House,118-H-1146,Yea,D000032
"DONALDS, Byron",22111,R,FL,House,118-H-1194,Yea,D000032
"DONALDS, Byron",22111,R,FL,House,118-H-193,Yea,D000032
"DONALDS, Byron",22111,R,FL,House,118-H-241,Yea,D000032
"DONALDS, Byron",22111,R,FL,House,118-H-337,Yea,D000032
"DONALDS, Byron",22111,R,FL,House,118-H-523,Yea,D000032
"DONALDS, Byron",22111,R,FL,House,118-H-556,Yea,D000032
"DONALDS, Byron",22111,R,FL,House,118-H-572,Yea,D000032
"DONALDS, Byron",22111,R,FL,House,118-H-573,Yea,D000032
"DONALDS, Byron",22111,R,FL,House,118-H-617,Yea,D000032
"DONALDS, Byron",22111,R,FL,House,118-H-671,Yea,D000032
"DONALDS, Byron",22111,R,FL,House,118-H-672,Yea,D000032
"DONALDS, Byron",22111,R,FL,House,118-H-692,Yea,D000032
"DONALDS, Byron",22111,R,FL,House,118-H-716,Yea,D000032
"DONALDS, Byron",22111,R,FL,House,118-H-746,Yea,D000032
"DONALDS, Byron",22111,R,FL,House,118-H-756,Yea,D000032
"DONALDS, Byron",22111,R,FL,House,118-H-762,Yea,D000032
"DONALDS, Byron",22111,R,FL,House,118-H-852,Yea,D000032
"DONALDS, Byron",22111,R,FL,House,118-H-859,Yea,D000032
"DONALDS, Byron",22111,R,FL,House,118-H-870,Yea,D000032
"DONALDS, Byron",22111,R,FL,House,118-H-890,Nay,D000032
"DONALDS, Byron",22111,R,FL,House,118-H-935,Yea,D000032
"DONALDS, Byron",22111,R,FL,House,119-H-128,Yea,D000032
"DONALDS, Byron",22111,R,FL,House,119-H-158,Yea,D000032
"DONALDS, Byron",22111,R,FL,House,119-H-526,Yea,D000032
"DONALDS, Byron",22111,R,FL,House,119-H-655,Not voting,D000032
"DOWNING, Troy",22511,R,MT,House,119-H-128,Yea,D000634
"DOWNING, Troy",22511,R,MT,House,119-H-158,Yea,D000634
"DOWNING, Troy",22511,R,MT,House,119-H-526,Yea,D000634
"DOWNING, Troy",22511,R,MT,House,119-H-655,Yea,D000634
"DOYLE, Michael F.",29561,D,PA,House,116-H-107,Yea,D000482
"DOYLE, Michael F.",29561,D,PA,House,116-H-28,Yea,D000482
"DOYLE, Michael F.",29561,D,PA,House,116-H-496,Yea,D000482
"DOYLE, Michael F.",29561,D,PA,House,116-H-651,Yea,D000482
"DOYLE, Michael F.",29561,D,PA,House,117-H-274,Yea,D000482
"DOYLE, Michael F.",29561,D,PA,House,117-H-660,Yea,D000482
"DUARTE, John",22317,R,CA,House,118-H-1146,Yea,D000633
"DUARTE, John",22317,R,CA,House,118-H-1194,Yea,D000633
"DUARTE, John",22317,R,CA,House,118-H-193,Yea,D000633
"DUARTE, John",22317,R,CA,House,118-H-241,Yea,D000633
"DUARTE, John",22317,R,CA,House,118-H-337,Yea,D000633
"DUARTE, John",22317,R,CA,House,118-H-523,Yea,D000633
"DUARTE, John",22317,R,CA,House,118-H-556,Yea,D000633
"DUARTE, John",22317,R,CA,House,118-H-572,Yea,D000633
"DUARTE, John",22317,R,CA,House,118-H-573,Yea,D000633
"DUARTE, John",22317,R,CA,House,118-H-617,Nay,D000633
"DUARTE, John",22317,R,CA,House,118-H-671,Yea,D000633
"DUARTE, John",22317,R,CA,House,118-H-672,Yea,D000633
"DUARTE, John",22317,R,CA,House,118-H-692,Yea,D000633
"DUARTE, John",22317,R,CA,House,118-H-716,Yea,D000633
"DUARTE, John",22317,R,CA,House,118-H-746,Yea,D000633
"DUARTE, John",22317,R,CA,House,118-H-756,Yea,D000633
"DUARTE, John",22317,R,CA,House,118-H-762,Yea,D000633
"DUARTE, John",22317,R,CA,House,118-H-852,Yea,D000633
"DUARTE, John",22317,R,CA,House,118-H-859,Yea,D000633
"DUARTE, John",22317,R,CA,House,118-H-870,Yea,D000633
"DUARTE, John",22317,R,CA,House,118-H-890,Yea,D000633
"DUARTE, John",22317,R,CA,House,118-H-935,Yea,D000633
"DUFFY, Sean",21189,R,WI,House,116-H-107,Yea,D000614
"DUFFY, Sean",21189,R,WI,House,116-H-28,Yea,D000614
"DUFFY, Sean",21189,R,WI,House,116-H-496,Yea,D000614
"DUNCAN, Jeff",21174,R,SC,House,116-H-107,Nay,D000615
"DUNCAN, Jeff",21174,R,SC,House,116-H-28,Yea,D000615
"DUNCAN, Jeff",21174,R,SC,House,116-H-496,Yea,D000615
"DUNCAN, Jeff",21174,R,SC,House,116-H-651,Nay,D000615
"DUNCAN, Jeff",21174,R,SC,House,117-H-274,Yea,D000615
"DUNCAN, Jeff",21174,R,SC,House,117-H-660,Yea,D000615
"DUNCAN, Jeff",21174,R,SC,House,118-H-1146,Yea,D000615
"DUNCAN, Jeff",21174,R,SC,House,118-H-1194,Yea,D000615
"DUNCAN, Jeff",21174,R,SC,House,118-H-193,Yea,D000615
"DUNCAN, Jeff",21174,R,SC,House,118-H-241,Yea,D000615
"DUNCAN, Jeff",21174,R,SC,House,118-H-337,Yea,D000615
"DUNCAN, Jeff",21174,R,SC,House,118-H-523,Yea,D000615
"DUNCAN, Jeff",21174,R,SC,House,118-H-556,Yea,D000615
"DUNCAN, Jeff",21174,R,SC,House,118-H-572,Yea,D000615
"DUNCAN, Jeff",21174,R,SC,House,118-H-573,Yea,D000615
"DUNCAN, Jeff",21174,R,SC,House,118-H-617,Yea,D000615
"DUNCAN, Jeff",21174,R,SC,House,118-H-671,Yea,D000615
"DUNCAN, Jeff",21174,R,SC,House,118-H-672,Yea,D000615
"DUNCAN, Jeff",21174,R,SC,House,118-H-692,Yea,D000615
"DUNCAN, Jeff",21174,R,SC,House,118-H-716,Yea,D000615
"DUNCAN, Jeff",21174,R,SC,House,118-H-746,Yea,D000615
"DUNCAN, Jeff",21174,R,SC,House,118-H-756,Yea,D000615
"DUNCAN, Jeff",21174,R,SC,House,118-H-762,Yea,D000615
"DUNCAN, Jeff",21174,R,SC,House,118-H-852,Yea,D000615
"DUNCAN, Jeff",21174,R,SC,House,118-H-859,Yea,D000615
"DUNCAN, Jeff",21174,R,SC,House,118-H-870,Yea,D000615
"DUNCAN, Jeff",21174,R,SC,House,118-H-890,Yea,D000615
"DUNCAN, Jeff",21174,R,SC,House,118-H-935,Yea,D000615
"DUNN, Neal Patrick",21714,R,FL,House,116-H-107,Yea,D000628
"DUNN, Neal Patrick",21714,R,FL,House,116-H-28,Yea,D000628
"DUNN, Neal Patrick",21714,R,FL,House,116-H-496,Yea,D000628
"DUNN, Neal Patrick",21714,R,FL,House,116-H-651,Nay,D000628
"DUNN, Neal Patrick",21714,R,FL,House,117-H-274,Yea,D000628
"DUNN, Neal Patrick",21714,R,FL,House,117-H-660,Yea,D000628
"DUNN, Neal Patrick",21714,R,FL,House,118-H-1146,Not voting,D000628
"DUNN, Neal Patrick",21714,R,FL,House,118-H-1194,Yea,D000628
"DUNN, Neal Patrick",21714,R,FL,House,118-H-193,Yea,D000628
"DUNN, Neal Patrick",21714,R,FL,House,118-H-241,Yea,D000628
"DUNN, Neal Patrick",21714,R,FL,House,118-H-337,Yea,D000628
"DUNN, Neal Patrick",21714,R,FL,House,118-H-523,Yea,D000628
"DUNN, Neal Patrick",21714,R,FL,House,118-H-556,Yea,D000628
"DUNN, Neal Patrick",21714,R,FL,House,118-H-572,Yea,D000628
"DUNN, Neal Patrick",21714,R,FL,House,118-H-573,Yea,D000628
"DUNN, Neal Patrick",21714,R,FL,House,118-H-617,Yea,D000628
"DUNN, Neal Patrick",21714,R,FL,House,118-H-671,Yea,D000628
"DUNN, Neal Patrick",21714,R,FL,House,118-H-672,Yea,D000628
"DUNN, Neal Patrick",21714,R,FL,House,118-H-692,Not voting,D000628
"DUNN, Neal Patrick",21714,R,FL,House,118-H-716,Yea,D000628
"DUNN, Neal Patrick",21714,R,FL,House,118-H-746,Yea,D000628
"DUNN, Neal Patrick",21714,R,FL,House,118-H-756,Yea,D000628
"DUNN, Neal Patrick",21714,R,FL,House,118-H-762,Yea,D000628
"DUNN, Neal Patrick",21714,R,FL,House,118-H-852,Yea,D000628
"DUNN, Neal Patrick",21714,R,FL,House,118-H-859,Yea,D000628
"DUNN, Neal Patrick",21714,R,FL,House,118-H-870,Yea,D000628
"DUNN, Neal Patrick",21714,R,FL,House,118-H-890,Yea,D000628
"DUNN, Neal Patrick",21714,R,FL,House,118-H-935,Yea,D000628
"DUNN, Neal Patrick",21714,R,FL,House,119-H-128,Yea,D000628
"DUNN, Neal Patrick",21714,R,FL,House,119-H-158,Yea,D000628
"DUNN, Neal Patrick",21714,R,FL,House,119-H-526,Not voting,D000628
"DUNN, Neal Patrick",21714,R,FL,House,119-H-655,Not voting,D000628
"DeFAZIO, Peter Anthony",15410,D,OR,House,116-H-107,Yea,D000191
"DeFAZIO, Peter Anthony",15410,D,OR,House,116-H-28,Yea,D000191
"DeFAZIO, Peter Anthony",15410,D,OR,House,116-H-496,Yea,D000191
"DeFAZIO, Peter Anthony",15410,D,OR,House,116-H-651,Yea,D000191
"DeFAZIO, Peter Anthony",15410,D,OR,House,117-H-274,Yea,D000191
"DeFAZIO, Peter Anthony",15410,D,OR,House,117-H-660,Yea,D000191
"DeLAURO, Rosa L.",29109,D,CT,House,116-H-107,Yea,D000216
"DeLAURO, Rosa L.",29109,D,CT,House,116-H-28,Yea,D000216
"DeLAURO, Rosa L.",29109,D,CT,House,116-H-496,Yea,D000216
"DeLAURO, Rosa L.",29109,D,CT,House,116-H-651,Yea,D000216
"DeLAURO, Rosa L.",29109,D,CT,House,117-H-274,Yea,D000216
"DeLAURO, Rosa L.",29109,D,CT,House,117-H-660,Yea,D000216
"DeLAURO, Rosa L.",29109,D,CT,House,118-H-1146,Nay,D000216
"DeLAURO, Rosa L.",29109,D,CT,House,118-H-1194,Yea,D000216
"DeLAURO, Rosa L.",29109,D,CT,House,118-H-193,Yea,D000216
"DeLAURO, Rosa L.",29109,D,CT,House,118-H-241,Yea,D000216
"DeLAURO, Rosa L.",29109,D,CT,House,118-H-337,Yea,D000216
"DeLAURO, Rosa L.",29109,D,CT,House,118-H-523,Yea,D000216
"DeLAURO, Rosa L.",29109,D,CT,House,118-H-556,Yea,D000216
"DeLAURO, Rosa L.",29109,D,CT,House,118-H-572,Nay,D000216
"DeLAURO, Rosa L.",29109,D,CT,House,118-H-573,Yea,D000216
"DeLAURO, Rosa L.",29109,D,CT,House,118-H-617,Nay,D000216
"DeLAURO, Rosa L.",29109,D,CT,House,118-H-671,Yea,D000216
"DeLAURO, Rosa L.",29109,D,CT,House,118-H-672,Yea,D000216
"DeLAURO, Rosa L.",29109,D,CT,House,118-H-692,Yea,D000216
"DeLAURO, Rosa L.",29109,D,CT,House,118-H-716,Nay,D000216
"DeLAURO, Rosa L.",29109,D,CT,House,118-H-746,Yea,D000216
"DeLAURO, Rosa L.",29109,D,CT,House,118-H-756,Nay,D000216
"DeLAURO, Rosa L.",29109,D,CT,House,118-H-762,Yea,D000216
"DeLAURO, Rosa L.",29109,D,CT,House,118-H-852,Yea,D000216
"DeLAURO, Rosa L.",29109,D,CT,House,118-H-859,Yea,D000216
"DeLAURO, Rosa L.",29109,D,CT,House,118-H-870,Yea,D000216
"DeLAURO, Rosa L.",29109,D,CT,House,118-H-890,Yea,D000216
"DeLAURO, Rosa L.",29109,D,CT,House,118-H-935,Nay,D000216
"DeLAURO, Rosa L.",29109,D,CT,House,119-H-128,Yea,D000216
"DeLAURO, Rosa L.",29109,D,CT,House,119-H-158,Yea,D000216
"DeLAURO, Rosa L.",29109,D,CT,House,119-H-526,Yea,D000216
"DeLAURO, Rosa L.",29109,D,CT,House,119-H-655,Nay,D000216
"EDWARDS, Chuck",22318,R,NC,House,118-H-1146,Yea,E000246
"EDWARDS, Chuck",22318,R,NC,House,118-H-1194,Yea,E000246
"EDWARDS, Chuck",22318,R,NC,House,118-H-193,Yea,E000246
"EDWARDS, Chuck",22318,R,NC,House,118-H-241,Yea,E000246
"EDWARDS, Chuck",22318,R,NC,House,118-H-337,Yea,E000246
"EDWARDS, Chuck",22318,R,NC,House,118-H-523,Yea,E000246
"EDWARDS, Chuck",22318,R,NC,House,118-H-556,Yea,E000246
"EDWARDS, Chuck",22318,R,NC,House,118-H-572,Yea,E000246
"EDWARDS, Chuck",22318,R,NC,House,118-H-573,Yea,E000246
"EDWARDS, Chuck",22318,R,NC,House,118-H-617,Yea,E000246
"EDWARDS, Chuck",22318,R,NC,House,118-H-671,Yea,E000246
"EDWARDS, Chuck",22318,R,NC,House,118-H-672,Yea,E000246
"EDWARDS, Chuck",22318,R,NC,House,118-H-692,Yea,E000246
"EDWARDS, Chuck",22318,R,NC,House,118-H-716,Yea,E000246
"EDWARDS, Chuck",22318,R,NC,House,118-H-746,Yea,E000246
"EDWARDS, Chuck",22318,R,NC,House,118-H-756,Yea,E000246
"EDWARDS, Chuck",22318,R,NC,House,118-H-762,Yea,E000246
"EDWARDS, Chuck",22318,R,NC,House,118-H-852,Yea,E000246
"EDWARDS, Chuck",22318,R,NC,House,118-H-859,Yea,E000246
"EDWARDS, Chuck",22318,R,NC,House,118-H-870,Yea,E000246
"EDWARDS, Chuck",22318,R,NC,House,118-H-890,Yea,E000246
"EDWARDS, Chuck",22318,R,NC,House,118-H-935,Yea,E000246
"EDWARDS, Chuck",22318,R,NC,House,119-H-128,Yea,E000246
"EDWARDS, Chuck",22318,R,NC,House,119-H-158,Yea,E000246
"EDWARDS, Chuck",22318,R,NC,House,119-H-526,Yea,E000246
"EDWARDS, Chuck",22318,R,NC,House,119-H-655,Yea,E000246
"ELFRETH, Sarah",22512,D,MD,House,119-H-128,Yea,E000301
"ELFRETH, Sarah",22512,D,MD,House,119-H-158,Yea,E000301
"ELFRETH, Sarah",22512,D,MD,House,119-H-526,Yea,E000301
"ELFRETH, Sarah",22512,D,MD,House,119-H-655,Nay,E000301
"ELLZEY, Jake",22160,R,TX,House,117-H-274,Yea,E000071
"ELLZEY, Jake",22160,R,TX,House,117-H-660,Yea,E000071
"ELLZEY, Jake",22160,R,TX,House,118-H-1146,Yea,E000071
"ELLZEY, Jake",22160,R,TX,House,118-H-1194,Yea,E000071
"ELLZEY, Jake",22160,R,TX,House,118-H-193,Yea,E000071
"ELLZEY, Jake",22160,R,TX,House,118-H-241,Yea,E000071
"ELLZEY, Jake",22160,R,TX,House,118-H-337,Yea,E000071
"ELLZEY, Jake",22160,R,TX,House,118-H-523,Yea,E000071
"ELLZEY, Jake",22160,R,TX,House,118-H-556,Yea,E000071
"ELLZEY, Jake",22160,R,TX,House,118-H-572,Yea,E000071
"ELLZEY, Jake",22160,R,TX,House,118-H-573,Yea,E000071
"ELLZEY, Jake",22160,R,TX,House,118-H-617,Yea,E000071
"ELLZEY, Jake",22160,R,TX,House,118-H-671,Yea,E000071
"ELLZEY, Jake",22160,R,TX,House,118-H-672,Yea,E000071
"ELLZEY, Jake",22160,R,TX,House,118-H-692,Yea,E000071
"ELLZEY, Jake",22160,R,TX,House,118-H-716,Yea,E000071
"ELLZEY, Jake",22160,R,TX,House,118-H-746,Yea,E000071
"ELLZEY, Jake",22160,R,TX,House,118-H-756,Yea,E000071
"ELLZEY, Jake",22160,R,TX,House,118-H-762,Yea,E000071
"ELLZEY, Jake",22160,R,TX,House,118-H-852,Yea,E000071
"ELLZEY, Jake",22160,R,TX,House,118-H-859,Yea,E000071
"ELLZEY, Jake",22160,R,TX,House,118-H-870,Yea,E000071
"ELLZEY, Jake",22160,R,TX,House,118-H-890,Yea,E000071
"ELLZEY, Jake",22160,R,TX,House,118-H-935,Yea,E000071
"ELLZEY, Jake",22160,R,TX,House,119-H-128,Yea,E000071
"ELLZEY, Jake",22160,R,TX,House,119-H-158,Yea,E000071
"ELLZEY, Jake",22160,R,TX,House,119-H-526,Yea,E000071
"ELLZEY, Jake",22160,R,TX,House,119-H-655,Yea,E000071
"EMMER, Thomas Earl, II",21531,R,MN,House,116-H-107,Yea,E000294
"EMMER, Thomas Earl, II",21531,R,MN,House,116-H-28,Yea,E000294
"EMMER, Thomas Earl, II",21531,R,MN,House,116-H-496,Yea,E000294
"EMMER, Thomas Earl, II",21531,R,MN,House,116-H-651,Not voting,E000294
"EMMER, Thomas Earl, II",21531,R,MN,House,117-H-274,Yea,E000294
"EMMER, Thomas Earl, II",21531,R,MN,House,117-H-660,Yea,E000294
"EMMER, Thomas Earl, II",21531,R,MN,House,118-H-1146,Yea,E000294
"EMMER, Thomas Earl, II",21531,R,MN,House,118-H-1194,Yea,E000294
"EMMER, Thomas Earl, II",21531,R,MN,House,118-H-193,Yea,E000294
"EMMER, Thomas Earl, II",21531,R,MN,House,118-H-241,Yea,E000294
"EMMER, Thomas Earl, II",21531,R,MN,House,118-H-337,Yea,E000294
"EMMER, Thomas Earl, II",21531,R,MN,House,118-H-523,Yea,E000294
"EMMER, Thomas Earl, II",21531,R,MN,House,118-H-556,Yea,E000294
"EMMER, Thomas Earl, II",21531,R,MN,House,118-H-572,Yea,E000294
"EMMER, Thomas Earl, II",21531,R,MN,House,118-H-573,Yea,E000294
"EMMER, Thomas Earl, II",21531,R,MN,House,118-H-617,Yea,E000294
"EMMER, Thomas Earl, II",21531,R,MN,House,118-H-671,Yea,E000294
"EMMER, Thomas Earl, II",21531,R,MN,House,118-H-672,Yea,E000294
"EMMER, Thomas Earl, II",21531,R,MN,House,118-H-692,Yea,E000294
"EMMER, Thomas Earl, II",21531,R,MN,House,118-H-716,Yea,E000294
"EMMER, Thomas Earl, II",21531,R,MN,House,118-H-746,Yea,E000294
"EMMER, Thomas Earl, II",21531,R,MN,House,118-H-756,Yea,E000294
"EMMER, Thomas Earl, II",21531,R,MN,House,118-H-762,Yea,E000294
"EMMER, Thomas Earl, II",21531,R,MN,House,118-H-852,Yea,E000294
"EMMER, Thomas Earl, II",21531,R,MN,House,118-H-859,Yea,E000294
"EMMER, Thomas Earl, II",21531,R,MN,House,118-H-870,Yea,E000294
"EMMER, Thomas Earl, II",21531,R,MN,House,118-H-890,Yea,E000294
"EMMER, Thomas Earl, II",21531,R,MN,House,118-H-935,Yea,E000294
"EMMER, Thomas Earl, II",21531,R,MN,House,119-H-128,Yea,E000294
"EMMER, Thomas Earl, II",21531,R,MN,House,119-H-158,Yea,E000294
"EMMER, Thomas Earl, II",21531,R,MN,House,119-H-526,Yea,E000294
"EMMER, Thomas Earl, II",21531,R,MN,House,119-H-655,Yea,E000294
"ENGEL, Eliot Lance",15603,D,NY,House,116-H-107,Yea,E000179
"ENGEL, Eliot Lance",15603,D,NY,House,116-H-28,Yea,E000179
"ENGEL, Eliot Lance",15603,D,NY,House,116-H-496,Yea,E000179
"ENGEL, Eliot Lance",15603,D,NY,House,116-H-651,Yea,E000179
"ESCOBAR, Veronica",21917,D,TX,House,116-H-107,Yea,E000299
"ESCOBAR, Veronica",21917,D,TX,House,116-H-28,Yea,E000299
"ESCOBAR, Veronica",21917,D,TX,House,116-H-496,Yea,E000299
"ESCOBAR, Veronica",21917,D,TX,House,116-H-651,Yea,E000299
"ESCOBAR, Veronica",21917,D,TX,House,117-H-274,Yea,E000299
"ESCOBAR, Veronica",21917,D,TX,House,117-H-660,Yea,E000299
"ESCOBAR, Veronica",21917,D,TX,House,118-H-1146,Nay,E000299
"ESCOBAR, Veronica",21917,D,TX,House,118-H-1194,Yea,E000299
"ESCOBAR, Veronica",21917,D,TX,House,118-H-193,Yea,E000299
"ESCOBAR, Veronica",21917,D,TX,House,118-H-241,Yea,E000299
"ESCOBAR, Veronica",21917,D,TX,House,118-H-337,Yea,E000299
"ESCOBAR, Veronica",21917,D,TX,House,118-H-523,Yea,E000299
"ESCOBAR, Veronica",21917,D,TX,House,118-H-556,Nay,E000299
"ESCOBAR, Veronica",21917,D,TX,House,118-H-572,Nay,E000299
"ESCOBAR, Veronica",21917,D,TX,House,118-H-573,Yea,E000299
"ESCOBAR, Veronica",21917,D,TX,House,118-H-617,Nay,E000299
"ESCOBAR, Veronica",21917,D,TX,House,118-H-671,Yea,E000299
"ESCOBAR, Veronica",21917,D,TX,House,118-H-672,Yea,E000299
"ESCOBAR, Veronica",21917,D,TX,House,118-H-692,Present,E000299
"ESCOBAR, Veronica",21917,D,TX,House,118-H-716,Nay,E000299
"ESCOBAR, Veronica",21917,D,TX,House,118-H-746,Yea,E000299
"ESCOBAR, Veronica",21917,D,TX,House,118-H-756,Nay,E000299
"ESCOBAR, Veronica",21917,D,TX,House,118-H-762,Yea,E000299
"ESCOBAR, Veronica",21917,D,TX,House,118-H-852,Nay,E000299
"ESCOBAR, Veronica",21917,D,TX,House,118-H-859,Yea,E000299
"ESCOBAR, Veronica",21917,D,TX,House,118-H-870,Yea,E000299
"ESCOBAR, Veronica",21917,D,TX,House,118-H-890,Yea,E000299
"ESCOBAR, Veronica",21917,D,TX,House,118-H-935,Nay,E000299
"ESCOBAR, Veronica",21917,D,TX,House,119-H-128,Yea,E000299
"ESCOBAR, Veronica",21917,D,TX,House,119-H-158,Not voting,E000299
"ESCOBAR, Veronica",21917,D,TX,House,119-H-526,Yea,E000299
"ESCOBAR, Veronica",21917,D,TX,House,119-H-655,Nay,E000299
"ESHOO, Anna Georges",29312,D,CA,House,116-H-107,Yea,E000215
"ESHOO, Anna Georges",29312,D,CA,House,116-H-28,Yea,E000215
"ESHOO, Anna Georges",29312,D,CA,House,116-H-496,Yea,E000215
"ESHOO, Anna Georges",29312,D,CA,House,116-H-651,Yea,E000215
"ESHOO, Anna Georges",29312,D,CA,House,117-H-274,Yea,E000215
"ESHOO, Anna Georges",29312,D,CA,House,117-H-660,Yea,E000215
"ESHOO, Anna Georges",29312,D,CA,House,118-H-1146,Nay,E000215
"ESHOO, Anna Georges",29312,D,CA,House,118-H-1194,Yea,E000215
"ESHOO, Anna Georges",29312,D,CA,House,118-H-193,Yea,E000215
"ESHOO, Anna Georges",29312,D,CA,House,118-H-241,Yea,E000215
"ESHOO, Anna Georges",29312,D,CA,House,118-H-337,Yea,E000215
"ESHOO, Anna Georges",29312,D,CA,House,118-H-523,Yea,E000215
"ESHOO, Anna Georges",29312,D,CA,House,118-H-556,Yea,E000215
"ESHOO, Anna Georges",29312,D,CA,House,118-H-572,Nay,E000215
"ESHOO, Anna Georges",29312,D,CA,House,118-H-573,Yea,E000215
"ESHOO, Anna Georges",29312,D,CA,House,118-H-617,Nay,E000215
"ESHOO, Anna Georges",29312,D,CA,House,118-H-671,Yea,E000215
"ESHOO, Anna Georges",29312,D,CA,House,118-H-672,Yea,E000215
"ESHOO, Anna Georges",29312,D,CA,House,118-H-692,Yea,E000215
"ESHOO, Anna Georges",29312,D,CA,House,118-H-716,Nay,E000215
"ESHOO, Anna Georges",29312,D,CA,House,118-H-746,Yea,E000215
"ESHOO, Anna Georges",29312,D,CA,House,118-H-756,Nay,E000215
"ESHOO, Anna Georges",29312,D,CA,House,118-H-762,Yea,E000215
"ESHOO, Anna Georges",29312,D,CA,House,118-H-852,Yea,E000215
"ESHOO, Anna Georges",29312,D,CA,House,118-H-859,Yea,E000215
"ESHOO, Anna Georges",29312,D,CA,House,118-H-870,Yea,E000215
"ESHOO, Anna Georges",29312,D,CA,House,118-H-890,Yea,E000215
"ESHOO, Anna Georges",29312,D,CA,House,118-H-935,Nay,E000215
"ESPAILLAT, Adriano J.",21715,D,NY,House,116-H-107,Yea,E000297
"ESPAILLAT, Adriano J.",21715,D,NY,House,116-H-28,Yea,E000297
"ESPAILLAT, Adriano J.",21715,D,NY,House,116-H-496,Yea,E000297
"ESPAILLAT, Adriano J.",21715,D,NY,House,116-H-651,Yea,E000297
"ESPAILLAT, Adriano J.",21715,D,NY,House,117-H-274,Yea,E000297
"ESPAILLAT, Adriano J.",21715,D,NY,House,117-H-660,Yea,E000297
"ESPAILLAT, Adriano J.",21715,D,NY,House,118-H-1146,Nay,E000297
"ESPAILLAT, Adriano J.",21715,D,NY,House,118-H-1194,Yea,E000297
"ESPAILLAT, Adriano J.",21715,D,NY,House,118-H-193,Yea,E000297
"ESPAILLAT, Adriano J.",21715,D,NY,House,118-H-241,Yea,E000297
"ESPAILLAT, Adriano J.",21715,D,NY,House,118-H-337,Yea,E000297
"ESPAILLAT, Adriano J.",21715,D,NY,House,118-H-523,Yea,E000297
"ESPAILLAT, Adriano J.",21715,D,NY,House,118-H-556,Yea,E000297
"ESPAILLAT, Adriano J.",21715,D,NY,House,118-H-572,Nay,E000297
"ESPAILLAT, Adriano J.",21715,D,NY,House,118-H-573,Yea,E000297
"ESPAILLAT, Adriano J.",21715,D,NY,House,118-H-617,Nay,E000297
"ESPAILLAT, Adriano J.",21715,D,NY,House,118-H-671,Yea,E000297
"ESPAILLAT, Adriano J.",21715,D,NY,House,118-H-672,Yea,E000297
"ESPAILLAT, Adriano J.",21715,D,NY,House,118-H-692,Present,E000297
"ESPAILLAT, Adriano J.",21715,D,NY,House,118-H-716,Yea,E000297
"ESPAILLAT, Adriano J.",21715,D,NY,House,118-H-746,Yea,E000297
"ESPAILLAT, Adriano J.",21715,D,NY,House,118-H-756,Yea,E000297
"ESPAILLAT, Adriano J.",21715,D,NY,House,118-H-762,Yea,E000297
"ESPAILLAT, Adriano J.",21715,D,NY,House,118-H-852,Yea,E000297
"ESPAILLAT, Adriano J.",21715,D,NY,House,118-H-859,Yea,E000297
"ESPAILLAT, Adriano J.",21715,D,NY,House,118-H-870,Yea,E000297
"ESPAILLAT, Adriano J.",21715,D,NY,House,118-H-890,Yea,E000297
"ESPAILLAT, Adriano J.",21715,D,NY,House,118-H-935,Nay,E000297
"ESPAILLAT, Adriano J.",21715,D,NY,House,119-H-128,Yea,E000297
"ESPAILLAT, Adriano J.",21715,D,NY,House,119-H-158,Yea,E000297
"ESPAILLAT, Adriano J.",21715,D,NY,House,119-H-526,Yea,E000297
"ESPAILLAT, Adriano J.",21715,D,NY,House,119-H-655,Nay,E000297
"ESTES, Ron",21750,R,KS,House,116-H-107,Yea,E000298
"ESTES, Ron",21750,R,KS,House,116-H-28,Yea,E000298
"ESTES, Ron",21750,R,KS,House,116-H-496,Yea,E000298
"ESTES, Ron",21750,R,KS,House,116-H-651,Nay,E000298
"ESTES, Ron",21750,R,KS,House,117-H-274,Yea,E000298
"ESTES, Ron",21750,R,KS,House,117-H-660,Not voting,E000298
"ESTES, Ron",21750,R,KS,House,118-H-1146,Yea,E000298
"ESTES, Ron",21750,R,KS,House,118-H-1194,Yea,E000298
"ESTES, Ron",21750,R,KS,House,118-H-193,Not voting,E000298
"ESTES, Ron",21750,R,KS,House,118-H-241,Yea,E000298
"ESTES, Ron",21750,R,KS,House,118-H-337,Yea,E000298
"ESTES, Ron",21750,R,KS,House,118-H-523,Yea,E000298
"ESTES, Ron",21750,R,KS,House,118-H-556,Yea,E000298
"ESTES, Ron",21750,R,KS,House,118-H-572,Yea,E000298
"ESTES, Ron",21750,R,KS,House,118-H-573,Yea,E000298
"ESTES, Ron",21750,R,KS,House,118-H-617,Yea,E000298
"ESTES, Ron",21750,R,KS,House,118-H-671,Yea,E000298
"ESTES, Ron",21750,R,KS,House,118-H-672,Yea,E000298
"ESTES, Ron",21750,R,KS,House,118-H-692,Yea,E000298
"ESTES, Ron",21750,R,KS,House,118-H-716,Yea,E000298
"ESTES, Ron",21750,R,KS,House,118-H-746,Yea,E000298
"ESTES, Ron",21750,R,KS,House,118-H-756,Yea,E000298
"ESTES, Ron",21750,R,KS,House,118-H-762,Yea,E000298
"ESTES, Ron",21750,R,KS,House,118-H-852,Yea,E000298
"ESTES, Ron",21750,R,KS,House,118-H-859,Yea,E000298
"ESTES, Ron",21750,R,KS,House,118-H-870,Yea,E000298
"ESTES, Ron",21750,R,KS,House,118-H-890,Yea,E000298
"ESTES, Ron",21750,R,KS,House,118-H-935,Yea,E000298
"ESTES, Ron",21750,R,KS,House,119-H-128,Yea,E000298
"ESTES, Ron",21750,R,KS,House,119-H-158,Yea,E000298
"ESTES, Ron",21750,R,KS,House,119-H-526,Yea,E000298
"ESTES, Ron",21750,R,KS,House,119-H-655,Yea,E000298
"EVANS, Dwight",21566,D,PA,House,116-H-107,Yea,E000296
"EVANS, Dwight",21566,D,PA,House,116-H-28,Yea,E000296
"EVANS, Dwight",21566,D,PA,House,116-H-496,Yea,E000296
"EVANS, Dwight",21566,D,PA,House,116-H-651,Yea,E000296
"EVANS, Dwight",21566,D,PA,House,117-H-274,Yea,E000296
"EVANS, Dwight",21566,D,PA,House,117-H-660,Yea,E000296
"EVANS, Dwight",21566,D,PA,House,118-H-1146,Not voting,E000296
"EVANS, Dwight",21566,D,PA,House,118-H-1194,Not voting,E000296
"EVANS, Dwight",21566,D,PA,House,118-H-193,Yea,E000296
"EVANS, Dwight",21566,D,PA,House,118-H-241,Yea,E000296
"EVANS, Dwight",21566,D,PA,House,118-H-337,Yea,E000296
"EVANS, Dwight",21566,D,PA,House,118-H-523,Yea,E000296
"EVANS, Dwight",21566,D,PA,House,118-H-556,Not voting,E000296
"EVANS, Dwight",21566,D,PA,House,118-H-572,Nay,E000296
"EVANS, Dwight",21566,D,PA,House,118-H-573,Yea,E000296
"EVANS, Dwight",21566,D,PA,House,118-H-617,Nay,E000296
"EVANS, Dwight",21566,D,PA,House,118-H-671,Not voting,E000296
"EVANS, Dwight",21566,D,PA,House,118-H-672,Not voting,E000296
"EVANS, Dwight",21566,D,PA,House,118-H-692,Present,E000296
"EVANS, Dwight",21566,D,PA,House,118-H-716,Nay,E000296
"EVANS, Dwight",21566,D,PA,House,118-H-746,Yea,E000296
"EVANS, Dwight",21566,D,PA,House,118-H-756,Nay,E000296
"EVANS, Dwight",21566,D,PA,House,118-H-762,Yea,E000296
"EVANS, Dwight",21566,D,PA,House,118-H-852,Yea,E000296
"EVANS, Dwight",21566,D,PA,House,118-H-859,Yea,E000296
"EVANS, Dwight",21566,D,PA,House,118-H-870,Yea,E000296
"EVANS, Dwight",21566,D,PA,House,118-H-890,Nay,E000296
"EVANS, Dwight",21566,D,PA,House,118-H-935,Not voting,E000296
"EVANS, Dwight",21566,D,PA,House,119-H-128,Not voting,E000296
"EVANS, Dwight",21566,D,PA,House,119-H-158,Yea,E000296
"EVANS, Dwight",21566,D,PA,House,119-H-526,Yea,E000296
"EVANS, Dwight",21566,D,PA,House,119-H-655,Nay,E000296
"EVANS, Gabe",22513,R,CO,House,119-H-128,Yea,E000300
"EVANS, Gabe",22513,R,CO,House,119-H-158,Yea,E000300
"EVANS, Gabe",22513,R,CO,House,119-H-526,Yea,E000300
"EVANS, Gabe",22513,R,CO,House,119-H-655,Yea,E000300
"EZELL, Mike",22319,R,MS,House,118-H-1146,Yea,E000235
"EZELL, Mike",22319,R,MS,House,118-H-1194,Yea,E000235
"EZELL, Mike",22319,R,MS,House,118-H-193,Yea,E000235
"EZELL, Mike",22319,R,MS,House,118-H-241,Yea,E000235
"EZELL, Mike",22319,R,MS,House,118-H-337,Yea,E000235
"EZELL, Mike",22319,R,MS,House,118-H-523,Yea,E000235
"EZELL, Mike",22319,R,MS,House,118-H-556,Yea,E000235
"EZELL, Mike",22319,R,MS,House,118-H-572,Yea,E000235
"EZELL, Mike",22319,R,MS,House,118-H-573,Yea,E000235
"EZELL, Mike",22319,R,MS,House,118-H-617,Yea,E000235
"EZELL, Mike",22319,R,MS,House,118-H-671,Yea,E000235
"EZELL, Mike",22319,R,MS,House,118-H-672,Yea,E000235
"EZELL, Mike",22319,R,MS,House,118-H-692,Yea,E000235
"EZELL, Mike",22319,R,MS,House,118-H-716,Yea,E000235
"EZELL, Mike",22319,R,MS,House,118-H-746,Yea,E000235
"EZELL, Mike",22319,R,MS,House,118-H-756,Yea,E000235
"EZELL, Mike",22319,R,MS,House,118-H-762,Yea,E000235
"EZELL, Mike",22319,R,MS,House,118-H-852,Yea,E000235
"EZELL, Mike",22319,R,MS,House,118-H-859,Yea,E000235
"EZELL, Mike",22319,R,MS,House,118-H-870,Yea,E000235
"EZELL, Mike",22319,R,MS,House,118-H-890,Yea,E000235
"EZELL, Mike",22319,R,MS,House,118-H-935,Yea,E000235
"EZELL, Mike",22319,R,MS,House,119-H-128,Yea,E000235
"EZELL, Mike",22319,R,MS,House,119-H-158,Yea,E000235
"EZELL, Mike",22319,R,MS,House,119-H-526,Yea,E000235
"EZELL, Mike",22319,R,MS,House,119-H-655,Yea,E000235
"FALLON, Pat",22112,R,TX,House,117-H-274,Yea,F000246
"FALLON, Pat",22112,R,TX,House,117-H-660,Yea,F000246
"FALLON, Pat",22112,R,TX,House,118-H-1146,Yea,F000246
"FALLON, Pat",22112,R,TX,House,118-H-1194,Yea,F000246
"FALLON, Pat",22112,R,TX,House,118-H-193,Yea,F000246
"FALLON, Pat",22112,R,TX,House,118-H-241,Yea,F000246
"FALLON, Pat",22112,R,TX,House,118-H-337,Yea,F000246
"FALLON, Pat",22112,R,TX,House,118-H-523,Yea,F000246
"FALLON, Pat",22112,R,TX,House,118-H-556,Yea,F000246
"FALLON, Pat",22112,R,TX,House,118-H-572,Yea,F000246
"FALLON, Pat",22112,R,TX,House,118-H-573,Yea,F000246
"FALLON, Pat",22112,R,TX,House,118-H-617,Yea,F000246
"FALLON, Pat",22112,R,TX,House,118-H-671,Yea,F000246
"FALLON, Pat",22112,R,TX,House,118-H-672,Yea,F000246
"FALLON, Pat",22112,R,TX,House,118-H-692,Yea,F000246
"FALLON, Pat",22112,R,TX,House,118-H-716,Yea,F000246
"FALLON, Pat",22112,R,TX,House,118-H-746,Yea,F000246
"FALLON, Pat",22112,R,TX,House,118-H-756,Yea,F000246
"FALLON, Pat",22112,R,TX,House,118-H-762,Yea,F000246
"FALLON, Pat",22112,R,TX,House,118-H-852,Yea,F000246
"FALLON, Pat",22112,R,TX,House,118-H-859,Yea,F000246
"FALLON, Pat",22112,R,TX,House,118-H-870,Yea,F000246
"FALLON, Pat",22112,R,TX,House,118-H-890,Yea,F000246
"FALLON, Pat",22112,R,TX,House,118-H-935,Yea,F000246
"FALLON, Pat",22112,R,TX,House,119-H-128,Yea,F000246
"FALLON, Pat",22112,R,TX,House,119-H-158,Yea,F000246
"FALLON, Pat",22112,R,TX,House,119-H-526,Yea,F000246
"FALLON, Pat",22112,R,TX,House,119-H-655,Yea,F000246
"FEDORCHAK, Julie",22514,R,ND,House,119-H-128,Yea,F000482
"FEDORCHAK, Julie",22514,R,ND,House,119-H-158,Yea,F000482
"FEDORCHAK, Julie",22514,R,ND,House,119-H-526,Yea,F000482
"FEDORCHAK, Julie",22514,R,ND,House,119-H-655,Yea,F000482
"FEENSTRA, Randy",22113,R,IA,House,117-H-274,Yea,F000446
"FEENSTRA, Randy",22113,R,IA,House,117-H-660,Yea,F000446
"FEENSTRA, Randy",22113,R,IA,House,118-H-1146,Yea,F000446
"FEENSTRA, Randy",22113,R,IA,House,118-H-1194,Yea,F000446
"FEENSTRA, Randy",22113,R,IA,House,118-H-193,Yea,F000446
"FEENSTRA, Randy",22113,R,IA,House,118-H-241,Yea,F000446
"FEENSTRA, Randy",22113,R,IA,House,118-H-337,Yea,F000446
"FEENSTRA, Randy",22113,R,IA,House,118-H-523,Yea,F000446
"FEENSTRA, Randy",22113,R,IA,House,118-H-556,Yea,F000446
"FEENSTRA, Randy",22113,R,IA,House,118-H-572,Yea,F000446
"FEENSTRA, Randy",22113,R,IA,House,118-H-573,Yea,F000446
"FEENSTRA, Randy",22113,R,IA,House,118-H-617,Yea,F000446
"FEENSTRA, Randy",22113,R,IA,House,118-H-671,Yea,F000446
"FEENSTRA, Randy",22113,R,IA,House,118-H-672,Yea,F000446
"FEENSTRA, Randy",22113,R,IA,House,118-H-692,Yea,F000446
"FEENSTRA, Randy",22113,R,IA,House,118-H-716,Yea,F000446
"FEENSTRA, Randy",22113,R,IA,House,118-H-746,Yea,F000446
"FEENSTRA, Randy",22113,R,IA,House,118-H-756,Yea,F000446
"FEENSTRA, Randy",22113,R,IA,House,118-H-762,Yea,F000446
"FEENSTRA, Randy",22113,R,IA,House,118-H-852,Yea,F000446
"FEENSTRA, Randy",22113,R,IA,House,118-H-859,Yea,F000446
"FEENSTRA, Randy",22113,R,IA,House,118-H-870,Yea,F000446
"FEENSTRA, Randy",22113,R,IA,House,118-H-890,Yea,F000446
"FEENSTRA, Randy",22113,R,IA,House,118-H-935,Yea,F000446
"FEENSTRA, Randy",22113,R,IA,House,119-H-128,Yea,F000446
"FEENSTRA, Randy",22113,R,IA,House,119-H-158,Yea,F000446
"FEENSTRA, Randy",22113,R,IA,House,119-H-526,Yea,F000446
"FEENSTRA, Randy",22113,R,IA,House,119-H-655,Yea,F000446
"FERGUSON, Anderson Drew IV",21717,R,GA,House,116-H-107,Yea,F000465
"FERGUSON, Anderson Drew IV",21717,R,GA,House,116-H-28,Yea,F000465
"FERGUSON, Anderson Drew IV",21717,R,GA,House,116-H-496,Yea,F000465
"FERGUSON, Anderson Drew IV",21717,R,GA,House,116-H-651,Nay,F000465
"FERGUSON, Anderson Drew IV",21717,R,GA,House,117-H-274,Yea,F000465
"FERGUSON, Anderson Drew IV",21717,R,GA,House,117-H-660,Yea,F000465
"FERGUSON, Anderson Drew IV",21717,R,GA,House,118-H-1146,Yea,F000465
"FERGUSON, Anderson Drew IV",21717,R,GA,House,118-H-1194,Yea,F000465
"FERGUSON, Anderson Drew IV",21717,R,GA,House,118-H-193,Yea,F000465
"FERGUSON, Anderson Drew IV",21717,R,GA,House,118-H-241,Yea,F000465
"FERGUSON, Anderson Drew IV",21717,R,GA,House,118-H-337,Yea,F000465
"FERGUSON, Anderson Drew IV",21717,R,GA,House,118-H-523,Yea,F000465
"FERGUSON, Anderson Drew IV",21717,R,GA,House,118-H-556,Yea,F000465
"FERGUSON, Anderson Drew IV",21717,R,GA,House,118-H-572,Yea,F000465
"FERGUSON, Anderson Drew IV",21717,R,GA,House,118-H-573,Yea,F000465
"FERGUSON, Anderson Drew IV",21717,R,GA,House,118-H-617,Yea,F000465
"FERGUSON, Anderson Drew IV",21717,R,GA,House,118-H-671,Yea,F000465
"FERGUSON, Anderson Drew IV",21717,R,GA,House,118-H-672,Yea,F000465
"FERGUSON, Anderson Drew IV",21717,R,GA,House,118-H-692,Yea,F000465
"FERGUSON, Anderson Drew IV",21717,R,GA,House,118-H-716,Yea,F000465
"FERGUSON, Anderson Drew IV",21717,R,GA,House,118-H-746,Yea,F000465
"FERGUSON, Anderson Drew IV",21717,R,GA,House,118-H-756,Yea,F000465
"FERGUSON, Anderson Drew IV",21717,R,GA,House,118-H-762,Yea,F000465
"FERGUSON, Anderson Drew IV",21717,R,GA,House,118-H-852,Yea,F000465
"FERGUSON, Anderson Drew IV",21717,R,GA,House,118-H-859,Yea,F000465
"FERGUSON, Anderson Drew IV",21717,R,GA,House,118-H-870,Yea,F000465
"FERGUSON, Anderson Drew IV",21717,R,GA,House,118-H-890,Yea,F000465
"FERGUSON, Anderson Drew IV",21717,R,GA,House,118-H-935,Not voting,F000465
"FIELDS, Cleo",29354,D,LA,House,119-H-128,Yea,F000110
"FIELDS, Cleo",29354,D,LA,House,119-H-158,Yea,F000110
"FIELDS, Cleo",29354,D,LA,House,119-H-526,Yea,F000110
"FIELDS, Cleo",29354,D,LA,House,119-H-655,Nay,F000110
"FIGURES, Shomari",22515,D,AL,House,119-H-128,Yea,F000481
"FIGURES, Shomari",22515,D,AL,House,119-H-158,Yea,F000481
"FIGURES, Shomari",22515,D,AL,House,119-H-526,Yea,F000481
"FIGURES, Shomari",22515,D,AL,House,119-H-655,Nay,F000481
"FINE, Randy",22562,R,FL,House,119-H-128,Yea,F000484
"FINE, Randy",22562,R,FL,House,119-H-158,Yea,F000484
"FINE, Randy",22562,R,FL,House,119-H-526,Yea,F000484
"FINE, Randy",22562,R,FL,House,119-H-655,Yea,F000484
"FINKENAUER, Abby",21918,D,IA,House,116-H-107,Yea,F000467
"FINKENAUER, Abby",21918,D,IA,House,116-H-28,Yea,F000467
"FINKENAUER, Abby",21918,D,IA,House,116-H-496,Yea,F000467
"FINKENAUER, Abby",21918,D,IA,House,116-H-651,Yea,F000467
"FINSTAD, Brad",22167,R,MN,House,118-H-1146,Yea,F000475
"FINSTAD, Brad",22167,R,MN,House,118-H-1194,Yea,F000475
"FINSTAD, Brad",22167,R,MN,House,118-H-193,Yea,F000475
"FINSTAD, Brad",22167,R,MN,House,118-H-241,Yea,F000475
"FINSTAD, Brad",22167,R,MN,House,118-H-337,Yea,F000475
"FINSTAD, Brad",22167,R,MN,House,118-H-523,Yea,F000475
"FINSTAD, Brad",22167,R,MN,House,118-H-556,Yea,F000475
"FINSTAD, Brad",22167,R,MN,House,118-H-572,Yea,F000475
"FINSTAD, Brad",22167,R,MN,House,118-H-573,Yea,F000475
"FINSTAD, Brad",22167,R,MN,House,118-H-617,Yea,F000475
"FINSTAD, Brad",22167,R,MN,House,118-H-671,Yea,F000475
"FINSTAD, Brad",22167,R,MN,House,118-H-672,Yea,F000475
"FINSTAD, Brad",22167,R,MN,House,118-H-692,Yea,F000475
"FINSTAD, Brad",22167,R,MN,House,118-H-716,Yea,F000475
"FINSTAD, Brad",22167,R,MN,House,118-H-746,Yea,F000475
"FINSTAD, Brad",22167,R,MN,House,118-H-756,Yea,F000475
"FINSTAD, Brad",22167,R,MN,House,118-H-762,Yea,F000475
"FINSTAD, Brad",22167,R,MN,House,118-H-852,Yea,F000475
"FINSTAD, Brad",22167,R,MN,House,118-H-859,Yea,F000475
"FINSTAD, Brad",22167,R,MN,House,118-H-870,Yea,F000475
"FINSTAD, Brad",22167,R,MN,House,118-H-890,Yea,F000475
"FINSTAD, Brad",22167,R,MN,House,118-H-935,Yea,F000475
"FINSTAD, Brad",22167,R,MN,House,119-H-128,Yea,F000475
"FINSTAD, Brad",22167,R,MN,House,119-H-158,Yea,F000475
"FINSTAD, Brad",22167,R,MN,House,119-H-526,Yea,F000475
"FINSTAD, Brad",22167,R,MN,House,119-H-655,Yea,F000475
"FISCHBACH, Michelle",22114,R,MN,House,117-H-274,Yea,F000470
"FISCHBACH, Michelle",22114,R,MN,House,117-H-660,Yea,F000470
"FISCHBACH, Michelle",22114,R,MN,House,118-H-1146,Yea,F000470
"FISCHBACH, Michelle",22114,R,MN,House,118-H-1194,Yea,F000470
"FISCHBACH, Michelle",22114,R,MN,House,118-H-193,Yea,F000470
"FISCHBACH, Michelle",22114,R,MN,House,118-H-241,Yea,F000470
"FISCHBACH, Michelle",22114,R,MN,House,118-H-337,Yea,F000470
"FISCHBACH, Michelle",22114,R,MN,House,118-H-523,Yea,F000470
"FISCHBACH, Michelle",22114,R,MN,House,118-H-556,Yea,F000470
"FISCHBACH, Michelle",22114,R,MN,House,118-H-572,Yea,F000470
"FISCHBACH, Michelle",22114,R,MN,House,118-H-573,Yea,F000470
"FISCHBACH, Michelle",22114,R,MN,House,118-H-617,Yea,F000470
"FISCHBACH, Michelle",22114,R,MN,House,118-H-671,Yea,F000470
"FISCHBACH, Michelle",22114,R,MN,House,118-H-672,Yea,F000470
"FISCHBACH, Michelle",22114,R,MN,House,118-H-692,Yea,F000470
"FISCHBACH, Michelle",22114,R,MN,House,118-H-716,Yea,F000470
"FISCHBACH, Michelle",22114,R,MN,House,118-H-746,Yea,F000470
"FISCHBACH, Michelle",22114,R,MN,House,118-H-756,Yea,F000470
"FISCHBACH, Michelle",22114,R,MN,House,118-H-762,Yea,F000470
"FISCHBACH, Michelle",22114,R,MN,House,118-H-852,Yea,F000470
"FISCHBACH, Michelle",22114,R,MN,House,118-H-859,Yea,F000470
"FISCHBACH, Michelle",22114,R,MN,House,118-H-870,Yea,F000470
"FISCHBACH, Michelle",22114,R,MN,House,118-H-890,Yea,F000470
"FISCHBACH, Michelle",22114,R,MN,House,118-H-935,Yea,F000470
"FISCHBACH, Michelle",22114,R,MN,House,119-H-128,Yea,F000470
"FISCHBACH, Michelle",22114,R,MN,House,119-H-158,Yea,F000470
"FISCHBACH, Michelle",22114,R,MN,House,119-H-526,Yea,F000470
"FISCHBACH, Michelle",22114,R,MN,House,119-H-655,Yea,F000470
"FITZGERALD, Scott",22115,R,WI,House,117-H-274,Yea,F000471
"FITZGERALD, Scott",22115,R,WI,House,117-H-660,Yea,F000471
"FITZGERALD, Scott",22115,R,WI,House,118-H-1146,Yea,F000471
"FITZGERALD, Scott",22115,R,WI,House,118-H-1194,Yea,F000471
"FITZGERALD, Scott",22115,R,WI,House,118-H-193,Yea,F000471
"FITZGERALD, Scott",22115,R,WI,House,118-H-241,Yea,F000471
"FITZGERALD, Scott",22115,R,WI,House,118-H-337,Yea,F000471
"FITZGERALD, Scott",22115,R,WI,House,118-H-523,Yea,F000471
"FITZGERALD, Scott",22115,R,WI,House,118-H-556,Yea,F000471
"FITZGERALD, Scott",22115,R,WI,House,118-H-572,Yea,F000471
"FITZGERALD, Scott",22115,R,WI,House,118-H-573,Yea,F000471
"FITZGERALD, Scott",22115,R,WI,House,118-H-617,Yea,F000471
"FITZGERALD, Scott",22115,R,WI,House,118-H-671,Yea,F000471
"FITZGERALD, Scott",22115,R,WI,House,118-H-672,Yea,F000471
"FITZGERALD, Scott",22115,R,WI,House,118-H-692,Yea,F000471
"FITZGERALD, Scott",22115,R,WI,House,118-H-716,Yea,F000471
"FITZGERALD, Scott",22115,R,WI,House,118-H-746,Yea,F000471
"FITZGERALD, Scott",22115,R,WI,House,118-H-756,Yea,F000471
"FITZGERALD, Scott",22115,R,WI,House,118-H-762,Yea,F000471
"FITZGERALD, Scott",22115,R,WI,House,118-H-852,Yea,F000471
"FITZGERALD, Scott",22115,R,WI,House,118-H-859,Yea,F000471
"FITZGERALD, Scott",22115,R,WI,House,118-H-870,Yea,F000471
"FITZGERALD, Scott",22115,R,WI,House,118-H-890,Yea,F000471
"FITZGERALD, Scott",22115,R,WI,House,118-H-935,Yea,F000471
"FITZGERALD, Scott",22115,R,WI,House,119-H-128,Yea,F000471
"FITZGERALD, Scott",22115,R,WI,House,119-H-158,Yea,F000471
"FITZGERALD, Scott",22115,R,WI,House,119-H-526,Yea,F000471
"FITZGERALD, Scott",22115,R,WI,House,119-H-655,Yea,F000471
"FITZPATRICK, Brian K.",21718,R,PA,House,116-H-107,Yea,F000466
"FITZPATRICK, Brian K.",21718,R,PA,House,116-H-28,Yea,F000466
"FITZPATRICK, Brian K.",21718,R,PA,House,116-H-496,Yea,F000466
"FITZPATRICK, Brian K.",21718,R,PA,House,116-H-651,Nay,F000466
"FITZPATRICK, Brian K.",21718,R,PA,House,117-H-274,Yea,F000466
"FITZPATRICK, Brian K.",21718,R,PA,House,117-H-660,Yea,F000466
"FITZPATRICK, Brian K.",21718,R,PA,House,118-H-1146,Yea,F000466
"FITZPATRICK, Brian K.",21718,R,PA,House,118-H-1194,Yea,F000466
"FITZPATRICK, Brian K.",21718,R,PA,House,118-H-193,Yea,F000466
"FITZPATRICK, Brian K.",21718,R,PA,House,118-H-241,Yea,F000466
"FITZPATRICK, Brian K.",21718,R,PA,House,118-H-337,Yea,F000466
"FITZPATRICK, Brian K.",21718,R,PA,House,118-H-523,Yea,F000466
"FITZPATRICK, Brian K.",21718,R,PA,House,118-H-556,Yea,F000466
"FITZPATRICK, Brian K.",21718,R,PA,House,118-H-572,Yea,F000466
"FITZPATRICK, Brian K.",21718,R,PA,House,118-H-573,Yea,F000466
"FITZPATRICK, Brian K.",21718,R,PA,House,118-H-617,Yea,F000466
"FITZPATRICK, Brian K.",21718,R,PA,House,118-H-671,Yea,F000466
"FITZPATRICK, Brian K.",21718,R,PA,House,118-H-672,Yea,F000466
"FITZPATRICK, Brian K.",21718,R,PA,House,118-H-692,Yea,F000466
"FITZPATRICK, Brian K.",21718,R,PA,House,118-H-716,Yea,F000466
"FITZPATRICK, Brian K.",21718,R,PA,House,118-H-746,Yea,F000466
"FITZPATRICK, Brian K.",21718,R,PA,House,118-H-756,Yea,F000466
"FITZPATRICK, Brian K.",21718,R,PA,House,118-H-762,Yea,F000466
"FITZPATRICK, Brian K.",21718,R,PA,House,118-H-852,Yea,F000466
"FITZPATRICK, Brian K.",21718,R,PA,House,118-H-859,Yea,F000466
"FITZPATRICK, Brian K.",21718,R,PA,House,118-H-870,Yea,F000466
"FITZPATRICK, Brian K.",21718,R,PA,House,118-H-890,Yea,F000466
"FITZPATRICK, Brian K.",21718,R,PA,House,118-H-935,Yea,F000466
"FITZPATRICK, Brian K.",21718,R,PA,House,119-H-128,Yea,F000466
"FITZPATRICK, Brian K.",21718,R,PA,House,119-H-158,Yea,F000466
"FITZPATRICK, Brian K.",21718,R,PA,House,119-H-526,Yea,F000466
"FITZPATRICK, Brian K.",21718,R,PA,House,119-H-655,Yea,F000466
"FLEISCHMANN, Chuck",21178,R,TN,House,116-H-107,Yea,F000459
"FLEISCHMANN, Chuck",21178,R,TN,House,116-H-28,Yea,F000459
"FLEISCHMANN, Chuck",21178,R,TN,House,116-H-496,Yea,F000459
"FLEISCHMANN, Chuck",21178,R,TN,House,116-H-651,Nay,F000459
"FLEISCHMANN, Chuck",21178,R,TN,House,117-H-274,Yea,F000459
"FLEISCHMANN, Chuck",21178,R,TN,House,117-H-660,Yea,F000459
"FLEISCHMANN, Chuck",21178,R,TN,House,118-H-1146,Yea,F000459
"FLEISCHMANN, Chuck",21178,R,TN,House,118-H-1194,Yea,F000459
"FLEISCHMANN, Chuck",21178,R,TN,House,118-H-193,Yea,F000459
"FLEISCHMANN, Chuck",21178,R,TN,House,118-H-241,Yea,F000459
"FLEISCHMANN, Chuck",21178,R,TN,House,118-H-337,Yea,F000459
"FLEISCHMANN, Chuck",21178,R,TN,House,118-H-523,Yea,F000459
"FLEISCHMANN, Chuck",21178,R,TN,House,118-H-556,Yea,F000459
"FLEISCHMANN, Chuck",21178,R,TN,House,118-H-572,Yea,F000459
"FLEISCHMANN, Chuck",21178,R,TN,House,118-H-573,Yea,F000459
"FLEISCHMANN, Chuck",21178,R,TN,House,118-H-617,Yea,F000459
"FLEISCHMANN, Chuck",21178,R,TN,House,118-H-671,Yea,F000459
"FLEISCHMANN, Chuck",21178,R,TN,House,118-H-672,Yea,F000459
"FLEISCHMANN, Chuck",21178,R,TN,House,118-H-692,Yea,F000459
"FLEISCHMANN, Chuck",21178,R,TN,House,118-H-716,Yea,F000459
"FLEISCHMANN, Chuck",21178,R,TN,House,118-H-746,Yea,F000459
"FLEISCHMANN, Chuck",21178,R,TN,House,118-H-756,Yea,F000459
"FLEISCHMANN, Chuck",21178,R,TN,House,118-H-762,Yea,F000459
"FLEISCHMANN, Chuck",21178,R,TN,House,118-H-852,Yea,F000459
"FLEISCHMANN, Chuck",21178,R,TN,House,118-H-859,Yea,F000459
"FLEISCHMANN, Chuck",21178,R,TN,House,118-H-870,Yea,F000459
"FLEISCHMANN, Chuck",21178,R,TN,House,118-H-890,Yea,F000459
"FLEISCHMANN, Chuck",21178,R,TN,House,118-H-935,Yea,F000459
"FLEISCHMANN, Chuck",21178,R,TN,House,119-H-128,Yea,F000459
"FLEISCHMANN, Chuck",21178,R,TN,House,119-H-158,Yea,F000459
"FLEISCHMANN, Chuck",21178,R,TN,House,119-H-526,Yea,F000459
"FLEISCHMANN, Chuck",21178,R,TN,House,119-H-655,Yea,F000459
"FLETCHER, Elizabeth",21919,D,TX,House,116-H-107,Yea,F000468
"FLETCHER, Elizabeth",21919,D,TX,House,116-H-28,Yea,F000468
"FLETCHER, Elizabeth",21919,D,TX,House,116-H-496,Yea,F000468
"FLETCHER, Elizabeth",21919,D,TX,House,116-H-651,Yea,F000468
"FLETCHER, Elizabeth",21919,D,TX,House,117-H-274,Yea,F000468
"FLETCHER, Elizabeth",21919,D,TX,House,117-H-660,Yea,F000468
"FLETCHER, Elizabeth",21919,D,TX,House,118-H-1146,Nay,F000468
"FLETCHER, Elizabeth",21919,D,TX,House,118-H-1194,Yea,F000468
"FLETCHER, Elizabeth",21919,D,TX,House,118-H-193,Yea,F000468
"FLETCHER, Elizabeth",21919,D,TX,House,118-H-241,Yea,F000468
"FLETCHER, Elizabeth",21919,D,TX,House,118-H-337,Yea,F000468
"FLETCHER, Elizabeth",21919,D,TX,House,118-H-523,Yea,F000468
"FLETCHER, Elizabeth",21919,D,TX,House,118-H-556,Yea,F000468
"FLETCHER, Elizabeth",21919,D,TX,House,118-H-572,Nay,F000468
"FLETCHER, Elizabeth",21919,D,TX,House,118-H-573,Yea,F000468
"FLETCHER, Elizabeth",21919,D,TX,House,118-H-617,Nay,F000468
"FLETCHER, Elizabeth",21919,D,TX,House,118-H-671,Yea,F000468
"FLETCHER, Elizabeth",21919,D,TX,House,118-H-672,Yea,F000468
"FLETCHER, Elizabeth",21919,D,TX,House,118-H-692,Yea,F000468
"FLETCHER, Elizabeth",21919,D,TX,House,118-H-716,Yea,F000468
"FLETCHER, Elizabeth",21919,D,TX,House,118-H-746,Yea,F000468
"FLETCHER, Elizabeth",21919,D,TX,House,118-H-756,Nay,F000468
"FLETCHER, Elizabeth",21919,D,TX,House,118-H-762,Yea,F000468
"FLETCHER, Elizabeth",21919,D,TX,House,118-H-852,Yea,F000468
"FLETCHER, Elizabeth",21919,D,TX,House,118-H-859,Yea,F000468
"FLETCHER, Elizabeth",21919,D,TX,House,118-H-870,Yea,F000468
"FLETCHER, Elizabeth",21919,D,TX,House,118-H-890,Yea,F000468
"FLETCHER, Elizabeth",21919,D,TX,House,118-H-935,Nay,F000468
"FLETCHER, Elizabeth",21919,D,TX,House,119-H-128,Yea,F000468
"FLETCHER, Elizabeth",21919,D,TX,House,119-H-158,Yea,F000468
"FLETCHER, Elizabeth",21919,D,TX,House,119-H-526,Yea,F000468
"FLETCHER, Elizabeth",21919,D,TX,House,119-H-655,Nay,F000468
"FLOOD, Mike",22166,R,NE,House,118-H-1146,Yea,F000474
"FLOOD, Mike",22166,R,NE,House,118-H-1194,Yea,F000474
"FLOOD, Mike",22166,R,NE,House,118-H-193,Yea,F000474
"FLOOD, Mike",22166,R,NE,House,118-H-241,Yea,F000474
"FLOOD, Mike",22166,R,NE,House,118-H-337,Yea,F000474
"FLOOD, Mike",22166,R,NE,House,118-H-523,Yea,F000474
"FLOOD, Mike",22166,R,NE,House,118-H-556,Yea,F000474
"FLOOD, Mike",22166,R,NE,House,118-H-572,Yea,F000474
"FLOOD, Mike",22166,R,NE,House,118-H-573,Yea,F000474
"FLOOD, Mike",22166,R,NE,House,118-H-617,Yea,F000474
"FLOOD, Mike",22166,R,NE,House,118-H-671,Yea,F000474
"FLOOD, Mike",22166,R,NE,House,118-H-672,Yea,F000474
"FLOOD, Mike",22166,R,NE,House,118-H-692,Yea,F000474
"FLOOD, Mike",22166,R,NE,House,118-H-716,Yea,F000474
"FLOOD, Mike",22166,R,NE,House,118-H-746,Yea,F000474
"FLOOD, Mike",22166,R,NE,House,118-H-756,Yea,F000474
"FLOOD, Mike",22166,R,NE,House,118-H-762,Yea,F000474
"FLOOD, Mike",22166,R,NE,House,118-H-852,Yea,F000474
"FLOOD, Mike",22166,R,NE,House,118-H-859,Yea,F000474
"FLOOD, Mike",22166,R,NE,House,118-H-870,Yea,F000474
"FLOOD, Mike",22166,R,NE,House,118-H-890,Yea,F000474
"FLOOD, Mike",22166,R,NE,House,118-H-935,Yea,F000474
"FLOOD, Mike",22166,R,NE,House,119-H-128,Yea,F000474
"FLOOD, Mike",22166,R,NE,House,119-H-158,Yea,F000474
"FLOOD, Mike",22166,R,NE,House,119-H-526,Yea,F000474
"FLOOD, Mike",22166,R,NE,House,119-H-655,Yea,F000474
"FLORES, Bill",21182,R,TX,House,116-H-107,Yea,F000461
"FLORES, Bill",21182,R,TX,House,116-H-28,Not voting,F000461
"FLORES, Bill",21182,R,TX,House,116-H-496,Yea,F000461
"FLORES, Bill",21182,R,TX,House,116-H-651,Nay,F000461
"FONG, Vince",22378,R,CA,House,118-H-1146,Yea,F000480
"FONG, Vince",22378,R,CA,House,118-H-1194,Yea,F000480
"FONG, Vince",22378,R,CA,House,119-H-128,Yea,F000480
"FONG, Vince",22378,R,CA,House,119-H-158,Yea,F000480
"FONG, Vince",22378,R,CA,House,119-H-526,Yea,F000480
"FONG, Vince",22378,R,CA,House,119-H-655,Yea,F000480
"FORTENBERRY, Jeff",20518,R,NE,House,116-H-107,Yea,F000449
"FORTENBERRY, Jeff",20518,R,NE,House,116-H-28,Yea,F000449
"FORTENBERRY, Jeff",20518,R,NE,House,116-H-496,Yea,F000449
"FORTENBERRY, Jeff",20518,R,NE,House,116-H-651,Nay,F000449
"FORTENBERRY, Jeff",20518,R,NE,House,117-H-274,Yea,F000449
"FOSTER, Bill",20749,D,IL,House,116-H-107,Yea,F000454
"FOSTER, Bill",20749,D,IL,House,116-H-28,Yea,F000454
"FOSTER, Bill",20749,D,IL,House,116-H-496,Yea,F000454
"FOSTER, Bill",20749,D,IL,House,116-H-651,Yea,F000454
"FOSTER, Bill",20749,D,IL,House,117-H-274,Yea,F000454
"FOSTER, Bill",20749,D,IL,House,117-H-660,Yea,F000454
"FOSTER, Bill",20749,D,IL,House,118-H-1146,Nay,F000454
"FOSTER, Bill",20749,D,IL,House,118-H-1194,Yea,F000454
"FOSTER, Bill",20749,D,IL,House,118-H-193,Yea,F000454
"FOSTER, Bill",20749,D,IL,House,118-H-241,Yea,F000454
"FOSTER, Bill",20749,D,IL,House,118-H-337,Yea,F000454
"FOSTER, Bill",20749,D,IL,House,118-H-523,Yea,F000454
"FOSTER, Bill",20749,D,IL,House,118-H-556,Yea,F000454
"FOSTER, Bill",20749,D,IL,House,118-H-572,Nay,F000454
"FOSTER, Bill",20749,D,IL,House,118-H-573,Yea,F000454
"FOSTER, Bill",20749,D,IL,House,118-H-617,Nay,F000454
"FOSTER, Bill",20749,D,IL,House,118-H-671,Yea,F000454
"FOSTER, Bill",20749,D,IL,House,118-H-672,Yea,F000454
"FOSTER, Bill",20749,D,IL,House,118-H-692,Present,F000454
"FOSTER, Bill",20749,D,IL,House,118-H-716,Nay,F000454
"FOSTER, Bill",20749,D,IL,House,118-H-746,Yea,F000454
"FOSTER, Bill",20749,D,IL,House,118-H-756,Nay,F000454
"FOSTER, Bill",20749,D,IL,House,118-H-762,Yea,F000454
"FOSTER, Bill",20749,D,IL,House,118-H-852,Yea,F000454
"FOSTER, Bill",20749,D,IL,House,118-H-859,Yea,F000454
"FOSTER, Bill",20749,D,IL,House,118-H-870,Yea,F000454
"FOSTER, Bill",20749,D,IL,House,118-H-890,Nay,F000454
"FOSTER, Bill",20749,D,IL,House,118-H-935,Nay,F000454
"FOSTER, Bill",20749,D,IL,House,119-H-128,Yea,F000454
"FOSTER, Bill",20749,D,IL,House,119-H-158,Yea,F000454
"FOSTER, Bill",20749,D,IL,House,119-H-526,Yea,F000454
"FOSTER, Bill",20749,D,IL,House,119-H-655,Nay,F000454
"FOUSHEE, Valerie",22320,D,NC,House,118-H-1146,Nay,F000477
"FOUSHEE, Valerie",22320,D,NC,House,118-H-1194,Yea,F000477
"FOUSHEE, Valerie",22320,D,NC,House,118-H-193,Yea,F000477
"FOUSHEE, Valerie",22320,D,NC,House,118-H-241,Yea,F000477
"FOUSHEE, Valerie",22320,D,NC,House,118-H-337,Yea,F000477
"FOUSHEE, Valerie",22320,D,NC,House,118-H-523,Yea,F000477
"FOUSHEE, Valerie",22320,D,NC,House,118-H-556,Nay,F000477
"FOUSHEE, Valerie",22320,D,NC,House,118-H-572,Nay,F000477
"FOUSHEE, Valerie",22320,D,NC,House,118-H-573,Yea,F000477
"FOUSHEE, Valerie",22320,D,NC,House,118-H-617,Nay,F000477
"FOUSHEE, Valerie",22320,D,NC,House,118-H-671,Yea,F000477
"FOUSHEE, Valerie",22320,D,NC,House,118-H-672,Yea,F000477
"FOUSHEE, Valerie",22320,D,NC,House,118-H-692,Not voting,F000477
"FOUSHEE, Valerie",22320,D,NC,House,118-H-716,Nay,F000477
"FOUSHEE, Valerie",22320,D,NC,House,118-H-746,Yea,F000477
"FOUSHEE, Valerie",22320,D,NC,House,118-H-756,Nay,F000477
"FOUSHEE, Valerie",22320,D,NC,House,118-H-762,Yea,F000477
"FOUSHEE, Valerie",22320,D,NC,House,118-H-852,Nay,F000477
"FOUSHEE, Valerie",22320,D,NC,House,118-H-859,Yea,F000477
"FOUSHEE, Valerie",22320,D,NC,House,118-H-870,Yea,F000477
"FOUSHEE, Valerie",22320,D,NC,House,118-H-890,Nay,F000477
"FOUSHEE, Valerie",22320,D,NC,House,118-H-935,Nay,F000477
"FOUSHEE, Valerie",22320,D,NC,House,119-H-128,Yea,F000477
"FOUSHEE, Valerie",22320,D,NC,House,119-H-158,Not voting,F000477
"FOUSHEE, Valerie",22320,D,NC,House,119-H-526,Yea,F000477
"FOUSHEE, Valerie",22320,D,NC,House,119-H-655,Nay,F000477
"FOXX, Virginia Ann",20521,R,NC,House,116-H-107,Yea,F000450
"FOXX, Virginia Ann",20521,R,NC,House,116-H-28,Yea,F000450
"FOXX, Virginia Ann",20521,R,NC,House,116-H-496,Yea,F000450
"FOXX, Virginia Ann",20521,R,NC,House,116-H-651,Nay,F000450
"FOXX, Virginia Ann",20521,R,NC,House,117-H-274,Yea,F000450
"FOXX, Virginia Ann",20521,R,NC,House,117-H-660,Not voting,F000450
"FOXX, Virginia Ann",20521,R,NC,House,118-H-1146,Yea,F000450
"FOXX, Virginia Ann",20521,R,NC,House,118-H-1194,Yea,F000450
"FOXX, Virginia Ann",20521,R,NC,House,118-H-193,Yea,F000450
"FOXX, Virginia Ann",20521,R,NC,House,118-H-241,Yea,F000450
"FOXX, Virginia Ann",20521,R,NC,House,118-H-337,Yea,F000450
"FOXX, Virginia Ann",20521,R,NC,House,118-H-523,Yea,F000450
"FOXX, Virginia Ann",20521,R,NC,House,118-H-556,Yea,F000450
"FOXX, Virginia Ann",20521,R,NC,House,118-H-572,Yea,F000450
"FOXX, Virginia Ann",20521,R,NC,House,118-H-573,Yea,F000450
"FOXX, Virginia Ann",20521,R,NC,House,118-H-617,Yea,F000450
"FOXX, Virginia Ann",20521,R,NC,House,118-H-671,Yea,F000450
"FOXX, Virginia Ann",20521,R,NC,House,118-H-672,Yea,F000450
"FOXX, Virginia Ann",20521,R,NC,House,118-H-692,Yea,F000450
"FOXX, Virginia Ann",20521,R,NC,House,118-H-716,Yea,F000450
"FOXX, Virginia Ann",20521,R,NC,House,118-H-746,Yea,F000450
"FOXX, Virginia Ann",20521,R,NC,House,118-H-756,Yea,F000450
"FOXX, Virginia Ann",20521,R,NC,House,118-H-762,Yea,F000450
"FOXX, Virginia Ann",20521,R,NC,House,118-H-852,Yea,F000450
"FOXX, Virginia Ann",20521,R,NC,House,118-H-859,Yea,F000450
"FOXX, Virginia Ann",20521,R,NC,House,118-H-870,Yea,F000450
"FOXX, Virginia Ann",20521,R,NC,House,118-H-890,Yea,F000450
"FOXX, Virginia Ann",20521,R,NC,House,118-H-935,Yea,F000450
"FOXX, Virginia Ann",20521,R,NC,House,119-H-128,Yea,F000450
"FOXX, Virginia Ann",20521,R,NC,House,119-H-158,Yea,F000450
"FOXX, Virginia Ann",20521,R,NC,House,119-H-526,Yea,F000450
"FOXX, Virginia Ann",20521,R,NC,House,119-H-655,Yea,F000450
"FRANKEL, Lois",21321,D,FL,House,116-H-107,Yea,F000462
"FRANKEL, Lois",21321,D,FL,House,116-H-28,Not voting,F000462
"FRANKEL, Lois",21321,D,FL,House,116-H-496,Yea,F000462
"FRANKEL, Lois",21321,D,FL,House,116-H-651,Yea,F000462
"FRANKEL, Lois",21321,D,FL,House,117-H-274,Yea,F000462
"FRANKEL, Lois",21321,D,FL,House,117-H-660,Yea,F000462
"FRANKEL, Lois",21321,D,FL,House,118-H-1146,Nay,F000462
"FRANKEL, Lois",21321,D,FL,House,118-H-1194,Yea,F000462
"FRANKEL, Lois",21321,D,FL,House,118-H-193,Not voting,F000462
"FRANKEL, Lois",21321,D,FL,House,118-H-241,Yea,F000462
"FRANKEL, Lois",21321,D,FL,House,118-H-337,Yea,F000462
"FRANKEL, Lois",21321,D,FL,House,118-H-523,Yea,F000462
"FRANKEL, Lois",21321,D,FL,House,118-H-556,Yea,F000462
"FRANKEL, Lois",21321,D,FL,House,118-H-572,Yea,F000462
"FRANKEL, Lois",21321,D,FL,House,118-H-573,Yea,F000462
"FRANKEL, Lois",21321,D,FL,House,118-H-617,Yea,F000462
"FRANKEL, Lois",21321,D,FL,House,118-H-671,Yea,F000462
"FRANKEL, Lois",21321,D,FL,House,118-H-672,Yea,F000462
"FRANKEL, Lois",21321,D,FL,House,118-H-692,Yea,F000462
"FRANKEL, Lois",21321,D,FL,House,118-H-716,Yea,F000462
"FRANKEL, Lois",21321,D,FL,House,118-H-746,Yea,F000462
"FRANKEL, Lois",21321,D,FL,House,118-H-756,Yea,F000462
"FRANKEL, Lois",21321,D,FL,House,118-H-762,Yea,F000462
"FRANKEL, Lois",21321,D,FL,House,118-H-852,Yea,F000462
"FRANKEL, Lois",21321,D,FL,House,118-H-859,Yea,F000462
"FRANKEL, Lois",21321,D,FL,House,118-H-870,Yea,F000462
"FRANKEL, Lois",21321,D,FL,House,118-H-890,Yea,F000462
"FRANKEL, Lois",21321,D,FL,House,118-H-935,Yea,F000462
"FRANKEL, Lois",21321,D,FL,House,119-H-128,Yea,F000462
"FRANKEL, Lois",21321,D,FL,House,119-H-158,Yea,F000462
"FRANKEL, Lois",21321,D,FL,House,119-H-526,Yea,F000462
"FRANKEL, Lois",21321,D,FL,House,119-H-655,Yea,F000462
"FRANKLIN, C. Scott",22116,R,FL,House,117-H-274,Yea,F000472
"FRANKLIN, C. Scott",22116,R,FL,House,117-H-660,Yea,F000472
"FRANKLIN, C. Scott",22116,R,FL,House,118-H-1146,Yea,F000472
"FRANKLIN, C. Scott",22116,R,FL,House,118-H-1194,Yea,F000472
"FRANKLIN, C. Scott",22116,R,FL,House,118-H-193,Yea,F000472
"FRANKLIN, C. Scott",22116,R,FL,House,118-H-241,Yea,F000472
"FRANKLIN, C. Scott",22116,R,FL,House,118-H-337,Yea,F000472
"FRANKLIN, C. Scott",22116,R,FL,House,118-H-523,Yea,F000472
"FRANKLIN, C. Scott",22116,R,FL,House,118-H-556,Yea,F000472
"FRANKLIN, C. Scott",22116,R,FL,House,118-H-572,Yea,F000472
"FRANKLIN, C. Scott",22116,R,FL,House,118-H-573,Yea,F000472
"FRANKLIN, C. Scott",22116,R,FL,House,118-H-617,Yea,F000472
"FRANKLIN, C. Scott",22116,R,FL,House,118-H-671,Yea,F000472
"FRANKLIN, C. Scott",22116,R,FL,House,118-H-672,Yea,F000472
"FRANKLIN, C. Scott",22116,R,FL,House,118-H-692,Yea,F000472
"FRANKLIN, C. Scott",22116,R,FL,House,118-H-716,Yea,F000472
"FRANKLIN, C. Scott",22116,R,FL,House,118-H-746,Yea,F000472
"FRANKLIN, C. Scott",22116,R,FL,House,118-H-756,Yea,F000472
"FRANKLIN, C. Scott",22116,R,FL,House,118-H-762,Yea,F000472
"FRANKLIN, C. Scott",22116,R,FL,House,118-H-852,Yea,F000472
"FRANKLIN, C. Scott",22116,R,FL,House,118-H-859,Yea,F000472
"FRANKLIN, C. Scott",22116,R,FL,House,118-H-870,Yea,F000472
"FRANKLIN, C. Scott",22116,R,FL,House,118-H-890,Yea,F000472
"FRANKLIN, C. Scott",22116,R,FL,House,118-H-935,Yea,F000472
"FRANKLIN, C. Scott",22116,R,FL,House,119-H-128,Yea,F000472
"FRANKLIN, C. Scott",22116,R,FL,House,119-H-158,Yea,F000472
"FRANKLIN, C. Scott",22116,R,FL,House,119-H-526,Yea,F000472
"FRANKLIN, C. Scott",22116,R,FL,House,119-H-655,Yea,F000472
"FRIEDMAN, Laura",22516,D,CA,House,119-H-128,Yea,F000483
"FRIEDMAN, Laura",22516,D,CA,House,119-H-158,Yea,F000483
"FRIEDMAN, Laura",22516,D,CA,House,119-H-526,Yea,F000483
"FRIEDMAN, Laura",22516,D,CA,House,119-H-655,Nay,F000483
"FROST, Maxwell",22321,D,FL,House,118-H-1146,Nay,F000476
"FROST, Maxwell",22321,D,FL,House,118-H-1194,Yea,F000476
"FROST, Maxwell",22321,D,FL,House,118-H-193,Yea,F000476
"FROST, Maxwell",22321,D,FL,House,118-H-241,Yea,F000476
"FROST, Maxwell",22321,D,FL,House,118-H-337,Yea,F000476
"FROST, Maxwell",22321,D,FL,House,118-H-523,Yea,F000476
"FROST, Maxwell",22321,D,FL,House,118-H-556,Nay,F000476
"FROST, Maxwell",22321,D,FL,House,118-H-572,Nay,F000476
"FROST, Maxwell",22321,D,FL,House,118-H-573,Nay,F000476
"FROST, Maxwell",22321,D,FL,House,118-H-617,Nay,F000476
"FROST, Maxwell",22321,D,FL,House,118-H-671,Yea,F000476
"FROST, Maxwell",22321,D,FL,House,118-H-672,Yea,F000476
"FROST, Maxwell",22321,D,FL,House,118-H-692,Yea,F000476
"FROST, Maxwell",22321,D,FL,House,118-H-716,Nay,F000476
"FROST, Maxwell",22321,D,FL,House,118-H-746,Yea,F000476
"FROST, Maxwell",22321,D,FL,House,118-H-756,Nay,F000476
"FROST, Maxwell",22321,D,FL,House,118-H-762,Yea,F000476
"FROST, Maxwell",22321,D,FL,House,118-H-852,Nay,F000476
"FROST, Maxwell",22321,D,FL,House,118-H-859,Yea,F000476
"FROST, Maxwell",22321,D,FL,House,118-H-870,Nay,F000476
"FROST, Maxwell",22321,D,FL,House,118-H-890,Nay,F000476
"FROST, Maxwell",22321,D,FL,House,118-H-935,Nay,F000476
"FROST, Maxwell",22321,D,FL,House,119-H-128,Yea,F000476
"FROST, Maxwell",22321,D,FL,House,119-H-158,Yea,F000476
"FROST, Maxwell",22321,D,FL,House,119-H-526,Yea,F000476
"FROST, Maxwell",22321,D,FL,House,119-H-655,Nay,F000476
"FRY, Russell",22322,R,SC,House,118-H-1146,Yea,F000478
"FRY, Russell",22322,R,SC,House,118-H-1194,Yea,F000478
"FRY, Russell",22322,R,SC,House,118-H-193,Yea,F000478
"FRY, Russell",22322,R,SC,House,118-H-241,Yea,F000478
"FRY, Russell",22322,R,SC,House,118-H-337,Yea,F000478
"FRY, Russell",22322,R,SC,House,118-H-523,Yea,F000478
"FRY, Russell",22322,R,SC,House,118-H-556,Yea,F000478
"FRY, Russell",22322,R,SC,House,118-H-572,Yea,F000478
"FRY, Russell",22322,R,SC,House,118-H-573,Yea,F000478
"FRY, Russell",22322,R,SC,House,118-H-617,Yea,F000478
"FRY, Russell",22322,R,SC,House,118-H-671,Yea,F000478
"FRY, Russell",22322,R,SC,House,118-H-672,Yea,F000478
"FRY, Russell",22322,R,SC,House,118-H-692,Yea,F000478
"FRY, Russell",22322,R,SC,House,118-H-716,Yea,F000478
"FRY, Russell",22322,R,SC,House,118-H-746,Yea,F000478
"FRY, Russell",22322,R,SC,House,118-H-756,Yea,F000478
"FRY, Russell",22322,R,SC,House,118-H-762,Yea,F000478
"FRY, Russell",22322,R,SC,House,118-H-852,Yea,F000478
"FRY, Russell",22322,R,SC,House,118-H-859,Yea,F000478
"FRY, Russell",22322,R,SC,House,118-H-870,Yea,F000478
"FRY, Russell",22322,R,SC,House,118-H-890,Yea,F000478
"FRY, Russell",22322,R,SC,House,118-H-935,Yea,F000478
"FRY, Russell",22322,R,SC,House,119-H-128,Yea,F000478
"FRY, Russell",22322,R,SC,House,119-H-158,Yea,F000478
"FRY, Russell",22322,R,SC,House,119-H-526,Yea,F000478
"FRY, Russell",22322,R,SC,House,119-H-655,Yea,F000478
"FUDGE, Marcia L.",20941,D,OH,House,116-H-107,Yea,F000455
"FUDGE, Marcia L.",20941,D,OH,House,116-H-28,Yea,F000455
"FUDGE, Marcia L.",20941,D,OH,House,116-H-496,Yea,F000455
"FUDGE, Marcia L.",20941,D,OH,House,116-H-651,Yea,F000455
"FULCHER, Russell",21920,R,ID,House,116-H-107,Yea,F000469
"FULCHER, Russell",21920,R,ID,House,116-H-28,Yea,F000469
"FULCHER, Russell",21920,R,ID,House,116-H-496,Yea,F000469
"FULCHER, Russell",21920,R,ID,House,116-H-651,Nay,F000469
"FULCHER, Russell",21920,R,ID,House,117-H-274,Yea,F000469
"FULCHER, Russell",21920,R,ID,House,117-H-660,Yea,F000469
"FULCHER, Russell",21920,R,ID,House,118-H-1146,Yea,F000469
"FULCHER, Russell",21920,R,ID,House,118-H-1194,Yea,F000469
"FULCHER, Russell",21920,R,ID,House,118-H-193,Yea,F000469
"FULCHER, Russell",21920,R,ID,House,118-H-241,Yea,F000469
"FULCHER, Russell",21920,R,ID,House,118-H-337,Yea,F000469
"FULCHER, Russell",21920,R,ID,House,118-H-523,Yea,F000469
"FULCHER, Russell",21920,R,ID,House,118-H-556,Yea,F000469
"FULCHER, Russell",21920,R,ID,House,118-H-572,Yea,F000469
"FULCHER, Russell",21920,R,ID,House,118-H-573,Yea,F000469
"FULCHER, Russell",21920,R,ID,House,118-H-617,Yea,F000469
"FULCHER, Russell",21920,R,ID,House,118-H-671,Yea,F000469
"FULCHER, Russell",21920,R,ID,House,118-H-672,Yea,F000469
"FULCHER, Russell",21920,R,ID,House,118-H-692,Yea,F000469
"FULCHER, Russell",21920,R,ID,House,118-H-716,Yea,F000469
"FULCHER, Russell",21920,R,ID,House,118-H-746,Yea,F000469
"FULCHER, Russell",21920,R,ID,House,118-H-756,Yea,F000469
"FULCHER, Russell",21920,R,ID,House,118-H-762,Yea,F000469
"FULCHER, Russell",21920,R,ID,House,118-H-852,Yea,F000469
"FULCHER, Russell",21920,R,ID,House,118-H-859,Yea,F000469
"FULCHER, Russell",21920,R,ID,House,118-H-870,Yea,F000469
"FULCHER, Russell",21920,R,ID,House,118-H-890,Yea,F000469
"FULCHER, Russell",21920,R,ID,House,118-H-935,Yea,F000469
"FULCHER, Russell",21920,R,ID,House,119-H-128,Yea,F000469
"FULCHER, Russell",21920,R,ID,House,119-H-158,Yea,F000469
"FULCHER, Russell",21920,R,ID,House,119-H-526,Yea,F000469
"FULCHER, Russell",21920,R,ID,House,119-H-655,Yea,F000469
"GAETZ, Matthew L. II",21719,R,FL,House,116-H-107,Yea,G000578
"GAETZ, Matthew L. II",21719,R,FL,House,116-H-28,Yea,G000578
"GAETZ, Matthew L. II",21719,R,FL,House,116-H-496,Yea,G000578
"GAETZ, Matthew L. II",21719,R,FL,House,116-H-651,Nay,G000578
"GAETZ, Matthew L. II",21719,R,FL,House,117-H-274,Yea,G000578
"GAETZ, Matthew L. II",21719,R,FL,House,117-H-660,Yea,G000578
"GAETZ, Matthew L. II",21719,R,FL,House,118-H-1146,Yea,G000578
"GAETZ, Matthew L. II",21719,R,FL,House,118-H-193,Yea,G000578
"GAETZ, Matthew L. II",21719,R,FL,House,118-H-241,Yea,G000578
"GAETZ, Matthew L. II",21719,R,FL,House,118-H-337,Yea,G000578
"GAETZ, Matthew L. II",21719,R,FL,House,118-H-523,Yea,G000578
"GAETZ, Matthew L. II",21719,R,FL,House,118-H-556,Yea,G000578
"GAETZ, Matthew L. II",21719,R,FL,House,118-H-572,Yea,G000578
"GAETZ, Matthew L. II",21719,R,FL,House,118-H-573,Yea,G000578
"GAETZ, Matthew L. II",21719,R,FL,House,118-H-617,Yea,G000578
"GAETZ, Matthew L. II",21719,R,FL,House,118-H-671,Not voting,G000578
"GAETZ, Matthew L. II",21719,R,FL,House,118-H-672,Not voting,G000578
"GAETZ, Matthew L. II",21719,R,FL,House,118-H-692,Yea,G000578
"GAETZ, Matthew L. II",21719,R,FL,House,118-H-716,Yea,G000578
"GAETZ, Matthew L. II",21719,R,FL,House,118-H-746,Yea,G000578
"GAETZ, Matthew L. II",21719,R,FL,House,118-H-756,Nay,G000578
"GAETZ, Matthew L. II",21719,R,FL,House,118-H-762,Yea,G000578
"GAETZ, Matthew L. II",21719,R,FL,House,118-H-852,Yea,G000578
"GAETZ, Matthew L. II",21719,R,FL,House,118-H-859,Yea,G000578
"GAETZ, Matthew L. II",21719,R,FL,House,118-H-870,Nay,G000578
"GAETZ, Matthew L. II",21719,R,FL,House,118-H-890,Nay,G000578
"GAETZ, Matthew L. II",21719,R,FL,House,118-H-935,Not voting,G000578
"GALLAGHER, Michael",21720,R,WI,House,116-H-107,Yea,G000579
"GALLAGHER, Michael",21720,R,WI,House,116-H-28,Yea,G000579
"GALLAGHER, Michael",21720,R,WI,House,116-H-496,Yea,G000579
"GALLAGHER, Michael",21720,R,WI,House,116-H-651,Nay,G000579
"GALLAGHER, Michael",21720,R,WI,House,117-H-274,Yea,G000579
"GALLAGHER, Michael",21720,R,WI,House,117-H-660,Yea,G000579
"GALLAGHER, Michael",21720,R,WI,House,118-H-193,Yea,G000579
"GALLAGHER, Michael",21720,R,WI,House,118-H-241,Yea,G000579
"GALLAGHER, Michael",21720,R,WI,House,118-H-337,Yea,G000579
"GALLAGHER, Michael",21720,R,WI,House,118-H-523,Yea,G000579
"GALLAGHER, Michael",21720,R,WI,House,118-H-556,Yea,G000579
"GALLAGHER, Michael",21720,R,WI,House,118-H-572,Yea,G000579
"GALLAGHER, Michael",21720,R,WI,House,118-H-573,Yea,G000579
"GALLAGHER, Michael",21720,R,WI,House,118-H-617,Yea,G000579
"GALLAGHER, Michael",21720,R,WI,House,118-H-671,Yea,G000579
"GALLAGHER, Michael",21720,R,WI,House,118-H-672,Yea,G000579
"GALLAGHER, Michael",21720,R,WI,House,118-H-692,Yea,G000579
"GALLAGHER, Michael",21720,R,WI,House,118-H-716,Yea,G000579
"GALLAGHER, Michael",21720,R,WI,House,118-H-746,Yea,G000579
"GALLAGHER, Michael",21720,R,WI,House,118-H-756,Yea,G000579
"GALLAGHER, Michael",21720,R,WI,House,118-H-762,Not voting,G000579
"GALLAGHER, Michael",21720,R,WI,House,118-H-852,Yea,G000579
"GALLAGHER, Michael",21720,R,WI,House,118-H-859,Yea,G000579
"GALLAGHER, Michael",21720,R,WI,House,118-H-870,Yea,G000579
"GALLEGO, Ruben",21502,D,AZ,House,116-H-107,Yea,G000574
"GALLEGO, Ruben",21502,D,AZ,House,116-H-28,Yea,G000574
"GALLEGO, Ruben",21502,D,AZ,House,116-H-496,Yea,G000574
"GALLEGO, Ruben",21502,D,AZ,House,116-H-651,Yea,G000574
"GALLEGO, Ruben",21502,D,AZ,House,117-H-274,Yea,G000574
"GALLEGO, Ruben",21502,D,AZ,House,117-H-660,Yea,G000574
"GALLEGO, Ruben",21502,D,AZ,House,118-H-1146,Nay,G000574
"GALLEGO, Ruben",21502,D,AZ,House,118-H-1194,Yea,G000574
"GALLEGO, Ruben",21502,D,AZ,House,118-H-193,Yea,G000574
"GALLEGO, Ruben",21502,D,AZ,House,118-H-241,Yea,G000574
"GALLEGO, Ruben",21502,D,AZ,House,118-H-337,Not voting,G000574
"GALLEGO, Ruben",21502,D,AZ,House,118-H-523,Yea,G000574
"GALLEGO, Ruben",21502,D,AZ,House,118-H-556,Yea,G000574
"GALLEGO, Ruben",21502,D,AZ,House,118-H-572,Nay,G000574
"GALLEGO, Ruben",21502,D,AZ,House,118-H-573,Yea,G000574
"GALLEGO, Ruben",21502,D,AZ,House,118-H-617,Nay,G000574
"GALLEGO, Ruben",21502,D,AZ,House,118-H-671,Yea,G000574
"GALLEGO, Ruben",21502,D,AZ,House,118-H-672,Yea,G000574
"GALLEGO, Ruben",21502,D,AZ,House,118-H-692,Yea,G000574
"GALLEGO, Ruben",21502,D,AZ,House,118-H-716,Yea,G000574
"GALLEGO, Ruben",21502,D,AZ,House,118-H-746,Yea,G000574
"GALLEGO, Ruben",21502,D,AZ,House,118-H-756,Yea,G000574
"GALLEGO, Ruben",21502,D,AZ,House,118-H-762,Yea,G000574
"GALLEGO, Ruben",21502,D,AZ,House,118-H-852,Yea,G000574
"GALLEGO, Ruben",21502,D,AZ,House,118-H-859,Yea,G000574
"GALLEGO, Ruben",21502,D,AZ,House,118-H-870,Yea,G000574
"GALLEGO, Ruben",21502,D,AZ,House,118-H-890,Not voting,G000574
"GALLEGO, Ruben",21502,D,AZ,House,118-H-935,Nay,G000574
"GARAMENDI, John",20958,D,CA,House,116-H-107,Yea,G000559
"GARAMENDI, John",20958,D,CA,House,116-H-28,Yea,G000559
"GARAMENDI, John",20958,D,CA,House,116-H-496,Yea,G000559
"GARAMENDI, John",20958,D,CA,House,116-H-651,Yea,G000559
"GARAMENDI, John",20958,D,CA,House,117-H-274,Yea,G000559
"GARAMENDI, John",20958,D,CA,House,117-H-660,Yea,G000559
"GARAMENDI, John",20958,D,CA,House,118-H-1146,Nay,G000559
"GARAMENDI, John",20958,D,CA,House,118-H-1194,Yea,G000559
"GARAMENDI, John",20958,D,CA,House,118-H-193,Yea,G000559
"GARAMENDI, John",20958,D,CA,House,118-H-241,Yea,G000559
"GARAMENDI, John",20958,D,CA,House,118-H-337,Yea,G000559
"GARAMENDI, John",20958,D,CA,House,118-H-523,Yea,G000559
"GARAMENDI, John",20958,D,CA,House,118-H-556,Yea,G000559
"GARAMENDI, John",20958,D,CA,House,118-H-572,Nay,G000559
"GARAMENDI, John",20958,D,CA,House,118-H-573,Yea,G000559
"GARAMENDI, John",20958,D,CA,House,118-H-617,Nay,G000559
"GARAMENDI, John",20958,D,CA,House,118-H-671,Yea,G000559
"GARAMENDI, John",20958,D,CA,House,118-H-672,Yea,G000559
"GARAMENDI, John",20958,D,CA,House,118-H-692,Present,G000559
"GARAMENDI, John",20958,D,CA,House,118-H-716,Yea,G000559
"GARAMENDI, John",20958,D,CA,House,118-H-746,Yea,G000559
"GARAMENDI, John",20958,D,CA,House,118-H-756,Nay,G000559
"GARAMENDI, John",20958,D,CA,House,118-H-762,Yea,G000559
"GARAMENDI, John",20958,D,CA,House,118-H-852,Yea,G000559
"GARAMENDI, John",20958,D,CA,House,118-H-859,Yea,G000559
"GARAMENDI, John",20958,D,CA,House,118-H-870,Nay,G000559
"GARAMENDI, John",20958,D,CA,House,118-H-890,Nay,G000559
"GARAMENDI, John",20958,D,CA,House,118-H-935,Nay,G000559
"GARAMENDI, John",20958,D,CA,House,119-H-128,Not voting,G000559
"GARAMENDI, John",20958,D,CA,House,119-H-158,Yea,G000559
"GARAMENDI, John",20958,D,CA,House,119-H-526,Yea,G000559
"GARAMENDI, John",20958,D,CA,House,119-H-655,Not voting,G000559
"GARBARINO, Andrew R.",22117,R,NY,House,117-H-274,Yea,G000597
"GARBARINO, Andrew R.",22117,R,NY,House,117-H-660,Yea,G000597
"GARBARINO, Andrew R.",22117,R,NY,House,118-H-1146,Yea,G000597
"GARBARINO, Andrew R.",22117,R,NY,House,118-H-1194,Yea,G000597
"GARBARINO, Andrew R.",22117,R,NY,House,118-H-193,Yea,G000597
"GARBARINO, Andrew R.",22117,R,NY,House,118-H-241,Yea,G000597
"GARBARINO, Andrew R.",22117,R,NY,House,118-H-337,Yea,G000597
"GARBARINO, Andrew R.",22117,R,NY,House,118-H-523,Yea,G000597
"GARBARINO, Andrew R.",22117,R,NY,House,118-H-556,Not voting,G000597
"GARBARINO, Andrew R.",22117,R,NY,House,118-H-572,Not voting,G000597
"GARBARINO, Andrew R.",22117,R,NY,House,118-H-573,Not voting,G000597
"GARBARINO, Andrew R.",22117,R,NY,House,118-H-617,Yea,G000597
"GARBARINO, Andrew R.",22117,R,NY,House,118-H-671,Yea,G000597
"GARBARINO, Andrew R.",22117,R,NY,House,118-H-672,Yea,G000597
"GARBARINO, Andrew R.",22117,R,NY,House,118-H-692,Yea,G000597
"GARBARINO, Andrew R.",22117,R,NY,House,118-H-716,Yea,G000597
"GARBARINO, Andrew R.",22117,R,NY,House,118-H-746,Yea,G000597
"GARBARINO, Andrew R.",22117,R,NY,House,118-H-756,Yea,G000597
"GARBARINO, Andrew R.",22117,R,NY,House,118-H-762,Yea,G000597
"GARBARINO, Andrew R.",22117,R,NY,House,118-H-852,Yea,G000597
"GARBARINO, Andrew R.",22117,R,NY,House,118-H-859,Yea,G000597
"GARBARINO, Andrew R.",22117,R,NY,House,118-H-870,Yea,G000597
"GARBARINO, Andrew R.",22117,R,NY,House,118-H-890,Yea,G000597
"GARBARINO, Andrew R.",22117,R,NY,House,118-H-935,Yea,G000597
"GARBARINO, Andrew R.",22117,R,NY,House,119-H-128,Yea,G000597
"GARBARINO, Andrew R.",22117,R,NY,House,119-H-158,Yea,G000597
"GARBARINO, Andrew R.",22117,R,NY,House,119-H-526,Not voting,G000597
"GARBARINO, Andrew R.",22117,R,NY,House,119-H-655,Yea,G000597
"GARCIA, Mike",21988,R,CA,House,117-H-274,Yea,G000061
"GARCIA, Mike",21988,R,CA,House,117-H-660,Yea,G000061
"GARCIA, Mike",21988,R,CA,House,118-H-1146,Yea,G000061
"GARCIA, Mike",21988,R,CA,House,118-H-1194,Not voting,G000061
"GARCIA, Mike",21988,R,CA,House,118-H-193,Yea,G000061
"GARCIA, Mike",21988,R,CA,House,118-H-241,Yea,G000061
"GARCIA, Mike",21988,R,CA,House,118-H-337,Yea,G000061
"GARCIA, Mike",21988,R,CA,House,118-H-523,Yea,G000061
"GARCIA, Mike",21988,R,CA,House,118-H-556,Yea,G000061
"GARCIA, Mike",21988,R,CA,House,118-H-572,Yea,G000061
"GARCIA, Mike",21988,R,CA,House,118-H-573,Yea,G000061
"GARCIA, Mike",21988,R,CA,House,118-H-617,Yea,G000061
"GARCIA, Mike",21988,R,CA,House,118-H-671,Yea,G000061
"GARCIA, Mike",21988,R,CA,House,118-H-672,Yea,G000061
"GARCIA, Mike",21988,R,CA,House,118-H-692,Yea,G000061
"GARCIA, Mike",21988,R,CA,House,118-H-716,Yea,G000061
"GARCIA, Mike",21988,R,CA,House,118-H-746,Yea,G000061
"GARCIA, Mike",21988,R,CA,House,118-H-756,Yea,G000061
"GARCIA, Mike",21988,R,CA,House,118-H-762,Yea,G000061
"GARCIA, Mike",21988,R,CA,House,118-H-852,Yea,G000061
"GARCIA, Mike",21988,R,CA,House,118-H-859,Yea,G000061
"GARCIA, Mike",21988,R,CA,House,118-H-870,Yea,G000061
"GARCIA, Mike",21988,R,CA,House,118-H-890,Yea,G000061
"GARCIA, Mike",21988,R,CA,House,118-H-935,Yea,G000061
"GARCIA, Robert",22323,D,CA,House,118-H-1146,Nay,G000598
"GARCIA, Robert",22323,D,CA,House,118-H-1194,Yea,G000598
"GARCIA, Robert",22323,D,CA,House,118-H-193,Yea,G000598
"GARCIA, Robert",22323,D,CA,House,118-H-241,Yea,G000598
"GARCIA, Robert",22323,D,CA,House,118-H-337,Yea,G000598
"GARCIA, Robert",22323,D,CA,House,118-H-523,Yea,G000598
"GARCIA, Robert",22323,D,CA,House,118-H-556,Nay,G000598
"GARCIA, Robert",22323,D,CA,House,118-H-572,Nay,G000598
"GARCIA, Robert",22323,D,CA,House,118-H-573,Yea,G000598
"GARCIA, Robert",22323,D,CA,House,118-H-617,Nay,G000598
"GARCIA, Robert",22323,D,CA,House,118-H-671,Yea,G000598
"GARCIA, Robert",22323,D,CA,House,118-H-672,Yea,G000598
"GARCIA, Robert",22323,D,CA,House,118-H-692,Present,G000598
"GARCIA, Robert",22323,D,CA,House,118-H-716,Yea,G000598
"GARCIA, Robert",22323,D,CA,House,118-H-746,Yea,G000598
"GARCIA, Robert",22323,D,CA,House,118-H-756,Nay,G000598
"GARCIA, Robert",22323,D,CA,House,118-H-762,Yea,G000598
"GARCIA, Robert",22323,D,CA,House,118-H-852,Nay,G000598
"GARCIA, Robert",22323,D,CA,House,118-H-859,Yea,G000598
"GARCIA, Robert",22323,D,CA,House,118-H-870,Yea,G000598
"GARCIA, Robert",22323,D,CA,House,118-H-890,Not voting,G000598
"GARCIA, Robert",22323,D,CA,House,118-H-935,Nay,G000598
"GARCIA, Robert",22323,D,CA,House,119-H-128,Yea,G000598
"GARCIA, Robert",22323,D,CA,House,119-H-158,Yea,G000598
"GARCIA, Robert",22323,D,CA,House,119-H-526,Yea,G000598
"GARCIA, Robert",22323,D,CA,House,119-H-655,Nay,G000598
"GARCIA, Sylvia",21922,D,TX,House,116-H-107,Yea,G000587
"GARCIA, Sylvia",21922,D,TX,House,116-H-28,Yea,G000587
"GARCIA, Sylvia",21922,D,TX,House,116-H-496,Yea,G000587
"GARCIA, Sylvia",21922,D,TX,House,116-H-651,Yea,G000587
"GARCIA, Sylvia",21922,D,TX,House,117-H-274,Yea,G000587
"GARCIA, Sylvia",21922,D,TX,House,117-H-660,Yea,G000587
"GARCIA, Sylvia",21922,D,TX,House,118-H-1146,Nay,G000587
"GARCIA, Sylvia",21922,D,TX,House,118-H-1194,Yea,G000587
"GARCIA, Sylvia",21922,D,TX,House,118-H-193,Yea,G000587
"GARCIA, Sylvia",21922,D,TX,House,118-H-241,Yea,G000587
"GARCIA, Sylvia",21922,D,TX,House,118-H-337,Yea,G000587
"GARCIA, Sylvia",21922,D,TX,House,118-H-523,Yea,G000587
"GARCIA, Sylvia",21922,D,TX,House,118-H-556,Nay,G000587
"GARCIA, Sylvia",21922,D,TX,House,118-H-572,Nay,G000587
"GARCIA, Sylvia",21922,D,TX,House,118-H-573,Yea,G000587
"GARCIA, Sylvia",21922,D,TX,House,118-H-617,Nay,G000587
"GARCIA, Sylvia",21922,D,TX,House,118-H-671,Yea,G000587
"GARCIA, Sylvia",21922,D,TX,House,118-H-672,Yea,G000587
"GARCIA, Sylvia",21922,D,TX,House,118-H-692,Not voting,G000587
"GARCIA, Sylvia",21922,D,TX,House,118-H-716,Nay,G000587
"GARCIA, Sylvia",21922,D,TX,House,118-H-746,Yea,G000587
"GARCIA, Sylvia",21922,D,TX,House,118-H-756,Nay,G000587
"GARCIA, Sylvia",21922,D,TX,House,118-H-762,Yea,G000587
"GARCIA, Sylvia",21922,D,TX,House,118-H-852,Nay,G000587
"GARCIA, Sylvia",21922,D,TX,House,118-H-859,Yea,G000587
"GARCIA, Sylvia",21922,D,TX,House,118-H-870,Yea,G000587
"GARCIA, Sylvia",21922,D,TX,House,118-H-890,Nay,G000587
"GARCIA, Sylvia",21922,D,TX,House,118-H-935,Nay,G000587
"GARCIA, Sylvia",21922,D,TX,House,119-H-128,Yea,G000587
"GARCIA, Sylvia",21922,D,TX,House,119-H-158,Yea,G000587
"GARCIA, Sylvia",21922,D,TX,House,119-H-526,Yea,G000587
"GARCIA, Sylvia",21922,D,TX,House,119-H-655,Nay,G000587
"GARCÍA, Jesús",21921,D,IL,House,116-H-107,Yea,G000586
"GARCÍA, Jesús",21921,D,IL,House,116-H-28,Yea,G000586
"GARCÍA, Jesús",21921,D,IL,House,116-H-496,Nay,G000586
"GARCÍA, Jesús",21921,D,IL,House,116-H-651,Present,G000586
"GARCÍA, Jesús",21921,D,IL,House,117-H-274,Nay,G000586
"GARCÍA, Jesús",21921,D,IL,House,117-H-660,Yea,G000586
"GARCÍA, Jesús",21921,D,IL,House,118-H-1146,Nay,G000586
"GARCÍA, Jesús",21921,D,IL,House,118-H-1194,Yea,G000586
"GARCÍA, Jesús",21921,D,IL,House,118-H-193,Nay,G000586
"GARCÍA, Jesús",21921,D,IL,House,118-H-241,Yea,G000586
"GARCÍA, Jesús",21921,D,IL,House,118-H-337,Yea,G000586
"GARCÍA, Jesús",21921,D,IL,House,118-H-523,Present,G000586
"GARCÍA, Jesús",21921,D,IL,House,118-H-556,Nay,G000586
"GARCÍA, Jesús",21921,D,IL,House,118-H-572,Nay,G000586
"GARCÍA, Jesús",21921,D,IL,House,118-H-573,Nay,G000586
"GARCÍA, Jesús",21921,D,IL,House,118-H-617,Nay,G000586
"GARCÍA, Jesús",21921,D,IL,House,118-H-671,Yea,G000586
"GARCÍA, Jesús",21921,D,IL,House,118-H-672,Yea,G000586
"GARCÍA, Jesús",21921,D,IL,House,118-H-692,Nay,G000586
"GARCÍA, Jesús",21921,D,IL,House,118-H-716,Nay,G000586
"GARCÍA, Jesús",21921,D,IL,House,118-H-746,Yea,G000586
"GARCÍA, Jesús",21921,D,IL,House,118-H-756,Nay,G000586
"GARCÍA, Jesús",21921,D,IL,House,118-H-762,Yea,G000586
"GARCÍA, Jesús",21921,D,IL,House,118-H-852,Nay,G000586
"GARCÍA, Jesús",21921,D,IL,House,118-H-859,Yea,G000586
"GARCÍA, Jesús",21921,D,IL,House,118-H-870,Nay,G000586
"GARCÍA, Jesús",21921,D,IL,House,118-H-890,Nay,G000586
"GARCÍA, Jesús",21921,D,IL,House,118-H-935,Nay,G000586
"GARCÍA, Jesús",21921,D,IL,House,119-H-128,Yea,G000586
"GARCÍA, Jesús",21921,D,IL,House,119-H-158,Yea,G000586
"GARCÍA, Jesús",21921,D,IL,House,119-H-526,Yea,G000586
"GARCÍA, Jesús",21921,D,IL,House,119-H-655,Nay,G000586
"GIANFORTE, Greg",21751,R,MT,House,116-H-107,Yea,G000584
"GIANFORTE, Greg",21751,R,MT,House,116-H-28,Yea,G000584
"GIANFORTE, Greg",21751,R,MT,House,116-H-496,Not voting,G000584
"GIANFORTE, Greg",21751,R,MT,House,116-H-651,Nay,G000584
"GIBBS, Bob",21165,R,OH,House,116-H-107,Yea,G000563
"GIBBS, Bob",21165,R,OH,House,116-H-28,Yea,G000563
"GIBBS, Bob",21165,R,OH,House,116-H-496,Yea,G000563
"GIBBS, Bob",21165,R,OH,House,116-H-651,Nay,G000563
"GIBBS, Bob",21165,R,OH,House,117-H-274,Yea,G000563
"GIBBS, Bob",21165,R,OH,House,117-H-660,Yea,G000563
"GILL, Brandon",22517,R,TX,House,119-H-128,Not voting,G000603
"GILL, Brandon",22517,R,TX,House,119-H-158,Yea,G000603
"GILL, Brandon",22517,R,TX,House,119-H-526,Yea,G000603
"GILL, Brandon",22517,R,TX,House,119-H-655,Yea,G000603
"GILLEN, Laura",22518,D,NY,House,119-H-128,Yea,G000602
"GILLEN, Laura",22518,D,NY,House,119-H-158,Yea,G000602
"GILLEN, Laura",22518,D,NY,House,119-H-526,Yea,G000602
"GILLEN, Laura",22518,D,NY,House,119-H-655,Yea,G000602
"GIMENEZ, Carlos A.",22118,R,FL,House,117-H-274,Yea,G000593
"GIMENEZ, Carlos A.",22118,R,FL,House,117-H-660,Yea,G000593
"GIMENEZ, Carlos A.",22118,R,FL,House,118-H-1146,Yea,G000593
"GIMENEZ, Carlos A.",22118,R,FL,House,118-H-1194,Yea,G000593
"GIMENEZ, Carlos A.",22118,R,FL,House,118-H-193,Yea,G000593
"GIMENEZ, Carlos A.",22118,R,FL,House,118-H-241,Yea,G000593
"GIMENEZ, Carlos A.",22118,R,FL,House,118-H-337,Yea,G000593
"GIMENEZ, Carlos A.",22118,R,FL,House,118-H-523,Yea,G000593
"GIMENEZ, Carlos A.",22118,R,FL,House,118-H-556,Yea,G000593
"GIMENEZ, Carlos A.",22118,R,FL,House,118-H-572,Yea,G000593
"GIMENEZ, Carlos A.",22118,R,FL,House,118-H-573,Yea,G000593
"GIMENEZ, Carlos A.",22118,R,FL,House,118-H-617,Yea,G000593
"GIMENEZ, Carlos A.",22118,R,FL,House,118-H-671,Yea,G000593
"GIMENEZ, Carlos A.",22118,R,FL,House,118-H-672,Yea,G000593
"GIMENEZ, Carlos A.",22118,R,FL,House,118-H-692,Yea,G000593
"GIMENEZ, Carlos A.",22118,R,FL,House,118-H-716,Yea,G000593
"GIMENEZ, Carlos A.",22118,R,FL,House,118-H-746,Yea,G000593
"GIMENEZ, Carlos A.",22118,R,FL,House,118-H-756,Yea,G000593
"GIMENEZ, Carlos A.",22118,R,FL,House,118-H-762,Yea,G000593
"GIMENEZ, Carlos A.",22118,R,FL,House,118-H-852,Yea,G000593
"GIMENEZ, Carlos A.",22118,R,FL,House,118-H-859,Yea,G000593
"GIMENEZ, Carlos A.",22118,R,FL,House,118-H-870,Yea,G000593
"GIMENEZ, Carlos A.",22118,R,FL,House,118-H-890,Yea,G000593
"GIMENEZ, Carlos A.",22118,R,FL,House,118-H-935,Not voting,G000593
"GIMENEZ, Carlos A.",22118,R,FL,House,119-H-128,Yea,G000593
"GIMENEZ, Carlos A.",22118,R,FL,House,119-H-158,Yea,G000593
"GIMENEZ, Carlos A.",22118,R,FL,House,119-H-526,Yea,G000593
"GIMENEZ, Carlos A.",22118,R,FL,House,119-H-655,Yea,G000593
"GOHMERT, Louie",20527,R,TX,House,116-H-107,Nay,G000552
"GOHMERT, Louie",20527,R,TX,House,116-H-28,Yea,G000552
"GOHMERT, Louie",20527,R,TX,House,116-H-496,Not voting,G000552
"GOHMERT, Louie",20527,R,TX,House,116-H-651,Nay,G000552
"GOHMERT, Louie",20527,R,TX,House,117-H-274,Yea,G000552
"GOHMERT, Louie",20527,R,TX,House,117-H-660,Yea,G000552
"GOLDEN, Jared",21923,D,ME,House,116-H-107,Yea,G000592
"GOLDEN, Jared",21923,D,ME,House,116-H-28,Yea,G000592
"GOLDEN, Jared",21923,D,ME,House,116-H-496,Yea,G000592
"GOLDEN, Jared",21923,D,ME,House,116-H-651,Yea,G000592
"GOLDEN, Jared",21923,D,ME,House,117-H-274,Yea,G000592
"GOLDEN, Jared",21923,D,ME,House,117-H-660,Yea,G000592
"GOLDEN, Jared",21923,D,ME,House,118-H-1146,Yea,G000592
"GOLDEN, Jared",21923,D,ME,House,118-H-1194,Yea,G000592
"GOLDEN, Jared",21923,D,ME,House,118-H-193,Yea,G000592
"GOLDEN, Jared",21923,D,ME,House,118-H-241,Yea,G000592
"GOLDEN, Jared",21923,D,ME,House,118-H-337,Yea,G000592
"GOLDEN, Jared",21923,D,ME,House,118-H-523,Yea,G000592
"GOLDEN, Jared",21923,D,ME,House,118-H-556,Yea,G000592
"GOLDEN, Jared",21923,D,ME,House,118-H-572,Yea,G000592
"GOLDEN, Jared",21923,D,ME,House,118-H-573,Yea,G000592
"GOLDEN, Jared",21923,D,ME,House,118-H-617,Yea,G000592
"GOLDEN, Jared",21923,D,ME,House,118-H-671,Yea,G000592
"GOLDEN, Jared",21923,D,ME,House,118-H-672,Yea,G000592
"GOLDEN, Jared",21923,D,ME,House,118-H-692,Yea,G000592
"GOLDEN, Jared",21923,D,ME,House,118-H-716,Yea,G000592
"GOLDEN, Jared",21923,D,ME,House,118-H-746,Yea,G000592
"GOLDEN, Jared",21923,D,ME,House,118-H-756,Yea,G000592
"GOLDEN, Jared",21923,D,ME,House,118-H-762,Yea,G000592
"GOLDEN, Jared",21923,D,ME,House,118-H-852,Yea,G000592
"GOLDEN, Jared",21923,D,ME,House,118-H-859,Yea,G000592
"GOLDEN, Jared",21923,D,ME,House,118-H-870,Yea,G000592
"GOLDEN, Jared",21923,D,ME,House,118-H-890,Yea,G000592
"GOLDEN, Jared",21923,D,ME,House,118-H-935,Yea,G000592
"GOLDEN, Jared",21923,D,ME,House,119-H-128,Yea,G000592
"GOLDEN, Jared",21923,D,ME,House,119-H-158,Yea,G000592
"GOLDEN, Jared",21923,D,ME,House,119-H-526,Yea,G000592
"GOLDEN, Jared",21923,D,ME,House,119-H-655,Yea,G000592
"GOLDMAN, Craig A.",22519,R,TX,House,119-H-128,Yea,G000601
"GOLDMAN, Craig A.",22519,R,TX,House,119-H-158,Yea,G000601
"GOLDMAN, Craig A.",22519,R,TX,House,119-H-526,Yea,G000601
"GOLDMAN, Craig A.",22519,R,TX,House,119-H-655,Yea,G000601
"GOLDMAN, Daniel",22324,D,NY,House,118-H-1146,Nay,G000599
"GOLDMAN, Daniel",22324,D,NY,House,118-H-1194,Yea,G000599
"GOLDMAN, Daniel",22324,D,NY,House,118-H-193,Yea,G000599
"GOLDMAN, Daniel",22324,D,NY,House,118-H-241,Yea,G000599
"GOLDMAN, Daniel",22324,D,NY,House,118-H-337,Yea,G000599
"GOLDMAN, Daniel",22324,D,NY,House,118-H-523,Yea,G000599
"GOLDMAN, Daniel",22324,D,NY,House,118-H-556,Yea,G000599
"GOLDMAN, Daniel",22324,D,NY,House,118-H-572,Nay,G000599
"GOLDMAN, Daniel",22324,D,NY,House,118-H-573,Yea,G000599
"GOLDMAN, Daniel",22324,D,NY,House,118-H-617,Yea,G000599
"GOLDMAN, Daniel",22324,D,NY,House,118-H-671,Yea,G000599
"GOLDMAN, Daniel",22324,D,NY,House,118-H-672,Yea,G000599
"GOLDMAN, Daniel",22324,D,NY,House,118-H-692,Present,G000599
"GOLDMAN, Daniel",22324,D,NY,House,118-H-716,Yea,G000599
"GOLDMAN, Daniel",22324,D,NY,House,118-H-746,Yea,G000599
"GOLDMAN, Daniel",22324,D,NY,House,118-H-756,Yea,G000599
"GOLDMAN, Daniel",22324,D,NY,House,118-H-762,Yea,G000599
"GOLDMAN, Daniel",22324,D,NY,House,118-H-852,Yea,G000599
"GOLDMAN, Daniel",22324,D,NY,House,118-H-859,Yea,G000599
"GOLDMAN, Daniel",22324,D,NY,House,118-H-870,Yea,G000599
"GOLDMAN, Daniel",22324,D,NY,House,118-H-890,Yea,G000599
"GOLDMAN, Daniel",22324,D,NY,House,118-H-935,Nay,G000599
"GOLDMAN, Daniel",22324,D,NY,House,119-H-128,Yea,G000599
"GOLDMAN, Daniel",22324,D,NY,House,119-H-158,Yea,G000599
"GOLDMAN, Daniel",22324,D,NY,House,119-H-526,Yea,G000599
"GOLDMAN, Daniel",22324,D,NY,House,119-H-655,Not voting,G000599
"GOMEZ, Jimmy",21754,D,CA,House,116-H-107,Yea,G000585
"GOMEZ, Jimmy",21754,D,CA,House,116-H-28,Yea,G000585
"GOMEZ, Jimmy",21754,D,CA,House,116-H-496,Yea,G000585
"GOMEZ, Jimmy",21754,D,CA,House,116-H-651,Yea,G000585
"GOMEZ, Jimmy",21754,D,CA,House,117-H-274,Yea,G000585
"GOMEZ, Jimmy",21754,D,CA,House,117-H-660,Yea,G000585
"GOMEZ, Jimmy",21754,D,CA,House,118-H-1146,Nay,G000585
"GOMEZ, Jimmy",21754,D,CA,House,118-H-1194,Yea,G000585
"GOMEZ, Jimmy",21754,D,CA,House,118-H-193,Yea,G000585
"GOMEZ, Jimmy",21754,D,CA,House,118-H-241,Yea,G000585
"GOMEZ, Jimmy",21754,D,CA,House,118-H-337,Yea,G000585
"GOMEZ, Jimmy",21754,D,CA,House,118-H-523,Yea,G000585
"GOMEZ, Jimmy",21754,D,CA,House,118-H-556,Yea,G000585
"GOMEZ, Jimmy",21754,D,CA,House,118-H-572,Nay,G000585
"GOMEZ, Jimmy",21754,D,CA,House,118-H-573,Yea,G000585
"GOMEZ, Jimmy",21754,D,CA,House,118-H-617,Nay,G000585
"GOMEZ, Jimmy",21754,D,CA,House,118-H-671,Yea,G000585
"GOMEZ, Jimmy",21754,D,CA,House,118-H-672,Yea,G000585
"GOMEZ, Jimmy",21754,D,CA,House,118-H-692,Not voting,G000585
"GOMEZ, Jimmy",21754,D,CA,House,118-H-716,Present,G000585
"GOMEZ, Jimmy",21754,D,CA,House,118-H-746,Yea,G000585
"GOMEZ, Jimmy",21754,D,CA,House,118-H-756,Nay,G000585
"GOMEZ, Jimmy",21754,D,CA,House,118-H-762,Yea,G000585
"GOMEZ, Jimmy",21754,D,CA,House,118-H-852,Not voting,G000585
"GOMEZ, Jimmy",21754,D,CA,House,118-H-859,Yea,G000585
"GOMEZ, Jimmy",21754,D,CA,House,118-H-870,Yea,G000585
"GOMEZ, Jimmy",21754,D,CA,House,118-H-890,Not voting,G000585
"GOMEZ, Jimmy",21754,D,CA,House,118-H-935,Nay,G000585
"GOMEZ, Jimmy",21754,D,CA,House,119-H-128,Yea,G000585
"GOMEZ, Jimmy",21754,D,CA,House,119-H-158,Not voting,G000585
"GOMEZ, Jimmy",21754,D,CA,House,119-H-526,Not voting,G000585
"GOMEZ, Jimmy",21754,D,CA,House,119-H-655,Not voting,G000585
"GONZALES, Tony",22119,R,TX,House,117-H-274,Yea,G000594
"GONZALES, Tony",22119,R,TX,House,117-H-660,Yea,G000594
"GONZALES, Tony",22119,R,TX,House,118-H-1146,Yea,G000594
"GONZALES, Tony",22119,R,TX,House,118-H-1194,Yea,G000594
"GONZALES, Tony",22119,R,TX,House,118-H-193,Yea,G000594
"GONZALES, Tony",22119,R,TX,House,118-H-241,Not voting,G000594
"GONZALES, Tony",22119,R,TX,House,118-H-337,Yea,G000594
"GONZALES, Tony",22119,R,TX,House,118-H-523,Yea,G000594
"GONZALES, Tony",22119,R,TX,House,118-H-556,Yea,G000594
"GONZALES, Tony",22119,R,TX,House,118-H-572,Yea,G000594
"GONZALES, Tony",22119,R,TX,House,118-H-573,Yea,G000594
"GONZALES, Tony",22119,R,TX,House,118-H-617,Yea,G000594
"GONZALES, Tony",22119,R,TX,House,118-H-671,Yea,G000594
"GONZALES, Tony",22119,R,TX,House,118-H-672,Yea,G000594
"GONZALES, Tony",22119,R,TX,House,118-H-692,Yea,G000594
"GONZALES, Tony",22119,R,TX,House,118-H-716,Yea,G000594
"GONZALES, Tony",22119,R,TX,House,118-H-746,Yea,G000594
"GONZALES, Tony",22119,R,TX,House,118-H-756,Yea,G000594
"GONZALES, Tony",22119,R,TX,House,118-H-762,Yea,G000594
"GONZALES, Tony",22119,R,TX,House,118-H-852,Yea,G000594
"GONZALES, Tony",22119,R,TX,House,118-H-859,Yea,G000594
"GONZALES, Tony",22119,R,TX,House,118-H-870,Yea,G000594
"GONZALES, Tony",22119,R,TX,House,118-H-890,Yea,G000594
"GONZALES, Tony",22119,R,TX,House,118-H-935,Yea,G000594
"GONZALES, Tony",22119,R,TX,House,119-H-128,Yea,G000594
"GONZALES, Tony",22119,R,TX,House,119-H-158,Yea,G000594
"GONZALEZ, Anthony",21924,R,OH,House,116-H-107,Yea,G000588
"GONZALEZ, Anthony",21924,R,OH,House,116-H-28,Yea,G000588
"GONZALEZ, Anthony",21924,R,OH,House,116-H-496,Yea,G000588
"GONZALEZ, Anthony",21924,R,OH,House,116-H-651,Nay,G000588
"GONZALEZ, Anthony",21924,R,OH,House,117-H-274,Yea,G000588
"GONZALEZ, Anthony",21924,R,OH,House,117-H-660,Yea,G000588
"GONZALEZ, Vicente, Jr.",21722,D,TX,House,116-H-107,Yea,G000581
"GONZALEZ, Vicente, Jr.",21722,D,TX,House,116-H-28,Yea,G000581
"GONZALEZ, Vicente, Jr.",21722,D,TX,House,116-H-496,Not voting,G000581
"GONZALEZ, Vicente, Jr.",21722,D,TX,House,116-H-651,Yea,G000581
"GONZALEZ, Vicente, Jr.",21722,D,TX,House,117-H-274,Yea,G000581
"GONZALEZ, Vicente, Jr.",21722,D,TX,House,117-H-660,Yea,G000581
"GONZALEZ, Vicente, Jr.",21722,D,TX,House,118-H-1146,Yea,G000581
"GONZALEZ, Vicente, Jr.",21722,D,TX,House,118-H-1194,Yea,G000581
"GONZALEZ, Vicente, Jr.",21722,D,TX,House,118-H-193,Yea,G000581
"GONZALEZ, Vicente, Jr.",21722,D,TX,House,118-H-241,Yea,G000581
"GONZALEZ, Vicente, Jr.",21722,D,TX,House,118-H-337,Yea,G000581
"GONZALEZ, Vicente, Jr.",21722,D,TX,House,118-H-523,Not voting,G000581
"GONZALEZ, Vicente, Jr.",21722,D,TX,House,118-H-556,Yea,G000581
"GONZALEZ, Vicente, Jr.",21722,D,TX,House,118-H-572,Nay,G000581
"GONZALEZ, Vicente, Jr.",21722,D,TX,House,118-H-573,Yea,G000581
"GONZALEZ, Vicente, Jr.",21722,D,TX,House,118-H-617,Nay,G000581
"GONZALEZ, Vicente, Jr.",21722,D,TX,House,118-H-671,Yea,G000581
"GONZALEZ, Vicente, Jr.",21722,D,TX,House,118-H-672,Yea,G000581
"GONZALEZ, Vicente, Jr.",21722,D,TX,House,118-H-692,Yea,G000581
"GONZALEZ, Vicente, Jr.",21722,D,TX,House,118-H-716,Yea,G000581
"GONZALEZ, Vicente, Jr.",21722,D,TX,House,118-H-746,Yea,G000581
"GONZALEZ, Vicente, Jr.",21722,D,TX,House,118-H-756,Yea,G000581
"GONZALEZ, Vicente, Jr.",21722,D,TX,House,118-H-762,Yea,G000581
"GONZALEZ, Vicente, Jr.",21722,D,TX,House,118-H-852,Yea,G000581
"GONZALEZ, Vicente, Jr.",21722,D,TX,House,118-H-859,Yea,G000581
"GONZALEZ, Vicente, Jr.",21722,D,TX,House,118-H-870,Yea,G000581
"GONZALEZ, Vicente, Jr.",21722,D,TX,House,118-H-890,Yea,G000581
"GONZALEZ, Vicente, Jr.",21722,D,TX,House,118-H-935,Not voting,G000581
"GONZALEZ, Vicente, Jr.",21722,D,TX,House,119-H-128,Yea,G000581
"GONZALEZ, Vicente, Jr.",21722,D,TX,House,119-H-158,Yea,G000581
"GONZALEZ, Vicente, Jr.",21722,D,TX,House,119-H-526,Yea,G000581
"GONZALEZ, Vicente, Jr.",21722,D,TX,House,119-H-655,Yea,G000581
"GOOD, Bob",22120,R,VA,House,117-H-274,Yea,G000595
"GOOD, Bob",22120,R,VA,House,117-H-660,Yea,G000595
"GOOD, Bob",22120,R,VA,House,118-H-1146,Yea,G000595
"GOOD, Bob",22120,R,VA,House,118-H-1194,Nay,G000595
"GOOD, Bob",22120,R,VA,House,118-H-193,Yea,G000595
"GOOD, Bob",22120,R,VA,House,118-H-241,Yea,G000595
"GOOD, Bob",22120,R,VA,House,118-H-337,Yea,G000595
"GOOD, Bob",22120,R,VA,House,118-H-523,Yea,G000595
"GOOD, Bob",22120,R,VA,House,118-H-556,Yea,G000595
"GOOD, Bob",22120,R,VA,House,118-H-572,Yea,G000595
"GOOD, Bob",22120,R,VA,House,118-H-573,Yea,G000595
"GOOD, Bob",22120,R,VA,House,118-H-617,Yea,G000595
"GOOD, Bob",22120,R,VA,House,118-H-671,Yea,G000595
"GOOD, Bob",22120,R,VA,House,118-H-672,Yea,G000595
"GOOD, Bob",22120,R,VA,House,118-H-692,Yea,G000595
"GOOD, Bob",22120,R,VA,House,118-H-716,Yea,G000595
"GOOD, Bob",22120,R,VA,House,118-H-746,Yea,G000595
"GOOD, Bob",22120,R,VA,House,118-H-756,Nay,G000595
"GOOD, Bob",22120,R,VA,House,118-H-762,Yea,G000595
"GOOD, Bob",22120,R,VA,House,118-H-852,Yea,G000595
"GOOD, Bob",22120,R,VA,House,118-H-859,Yea,G000595
"GOOD, Bob",22120,R,VA,House,118-H-870,Nay,G000595
"GOOD, Bob",22120,R,VA,House,118-H-890,Yea,G000595
"GOOD, Bob",22120,R,VA,House,118-H-935,Yea,G000595
"GOODEN, Lance",21925,R,TX,House,116-H-107,Yea,G000589
"GOODEN, Lance",21925,R,TX,House,116-H-28,Yea,G000589
"GOODEN, Lance",21925,R,TX,House,116-H-496,Yea,G000589
"GOODEN, Lance",21925,R,TX,House,116-H-651,Nay,G000589
"GOODEN, Lance",21925,R,TX,House,117-H-274,Yea,G000589
"GOODEN, Lance",21925,R,TX,House,117-H-660,Yea,G000589
"GOODEN, Lance",21925,R,TX,House,118-H-1146,Yea,G000589
"GOODEN, Lance",21925,R,TX,House,118-H-1194,Yea,G000589
"GOODEN, Lance",21925,R,TX,House,118-H-193,Yea,G000589
"GOODEN, Lance",21925,R,TX,House,118-H-241,Yea,G000589
"GOODEN, Lance",21925,R,TX,House,118-H-337,Yea,G000589
"GOODEN, Lance",21925,R,TX,House,118-H-523,Yea,G000589
"GOODEN, Lance",21925,R,TX,House,118-H-556,Yea,G000589
"GOODEN, Lance",21925,R,TX,House,118-H-572,Yea,G000589
"GOODEN, Lance",21925,R,TX,House,118-H-573,Yea,G000589
"GOODEN, Lance",21925,R,TX,House,118-H-617,Yea,G000589
"GOODEN, Lance",21925,R,TX,House,118-H-671,Yea,G000589
"GOODEN, Lance",21925,R,TX,House,118-H-672,Yea,G000589
"GOODEN, Lance",21925,R,TX,House,118-H-692,Yea,G000589
"GOODEN, Lance",21925,R,TX,House,118-H-716,Yea,G000589
"GOODEN, Lance",21925,R,TX,House,118-H-746,Yea,G000589
"GOODEN, Lance",21925,R,TX,House,118-H-756,Yea,G000589
"GOODEN, Lance",21925,R,TX,House,118-H-762,Not voting,G000589
"GOODEN, Lance",21925,R,TX,House,118-H-852,Yea,G000589
"GOODEN, Lance",21925,R,TX,House,118-H-859,Yea,G000589
"GOODEN, Lance",21925,R,TX,House,118-H-870,Yea,G000589
"GOODEN, Lance",21925,R,TX,House,118-H-890,Yea,G000589
"GOODEN, Lance",21925,R,TX,House,118-H-935,Yea,G000589
"GOODEN, Lance",21925,R,TX,House,119-H-128,Yea,G000589
"GOODEN, Lance",21925,R,TX,House,119-H-158,Yea,G000589
"GOODEN, Lance",21925,R,TX,House,119-H-526,Yea,G000589
"GOODEN, Lance",21925,R,TX,House,119-H-655,Yea,G000589
"GOODLANDER, Maggie",22520,D,NH,House,119-H-128,Yea,G000604
"GOODLANDER, Maggie",22520,D,NH,House,119-H-158,Yea,G000604
"GOODLANDER, Maggie",22520,D,NH,House,119-H-526,Yea,G000604
"GOODLANDER, Maggie",22520,D,NH,House,119-H-655,Nay,G000604
"GOSAR, Paul",21103,R,AZ,House,116-H-107,Nay,G000565
"GOSAR, Paul",21103,R,AZ,House,116-H-28,Not voting,G000565
"GOSAR, Paul",21103,R,AZ,House,116-H-496,Yea,G000565
"GOSAR, Paul",21103,R,AZ,House,116-H-651,Not voting,G000565
"GOSAR, Paul",21103,R,AZ,House,117-H-274,Yea,G000565
"GOSAR, Paul",21103,R,AZ,House,117-H-660,Yea,G000565
"GOSAR, Paul",21103,R,AZ,House,118-H-1146,Yea,G000565
"GOSAR, Paul",21103,R,AZ,House,118-H-1194,Nay,G000565
"GOSAR, Paul",21103,R,AZ,House,118-H-193,Yea,G000565
"GOSAR, Paul",21103,R,AZ,House,118-H-241,Yea,G000565
"GOSAR, Paul",21103,R,AZ,House,118-H-337,Yea,G000565
"GOSAR, Paul",21103,R,AZ,House,118-H-523,Yea,G000565
"GOSAR, Paul",21103,R,AZ,House,118-H-556,Yea,G000565
"GOSAR, Paul",21103,R,AZ,House,118-H-572,Yea,G000565
"GOSAR, Paul",21103,R,AZ,House,118-H-573,Yea,G000565
"GOSAR, Paul",21103,R,AZ,House,118-H-617,Yea,G000565
"GOSAR, Paul",21103,R,AZ,House,118-H-671,Yea,G000565
"GOSAR, Paul",21103,R,AZ,House,118-H-672,Yea,G000565
"GOSAR, Paul",21103,R,AZ,House,118-H-692,Yea,G000565
"GOSAR, Paul",21103,R,AZ,House,118-H-716,Yea,G000565
"GOSAR, Paul",21103,R,AZ,House,118-H-746,Yea,G000565
"GOSAR, Paul",21103,R,AZ,House,118-H-756,Nay,G000565
"GOSAR, Paul",21103,R,AZ,House,118-H-762,Yea,G000565
"GOSAR, Paul",21103,R,AZ,House,118-H-852,Yea,G000565
"GOSAR, Paul",21103,R,AZ,House,118-H-859,Yea,G000565
"GOSAR, Paul",21103,R,AZ,House,118-H-870,Nay,G000565
"GOSAR, Paul",21103,R,AZ,House,118-H-890,Nay,G000565
"GOSAR, Paul",21103,R,AZ,House,118-H-935,Yea,G000565
"GOSAR, Paul",21103,R,AZ,House,119-H-128,Yea,G000565
"GOSAR, Paul",21103,R,AZ,House,119-H-158,Yea,G000565
"GOSAR, Paul",21103,R,AZ,House,119-H-526,Yea,G000565
"GOSAR, Paul",21103,R,AZ,House,119-H-655,Yea,G000565
"GOTTHEIMER, Josh S.",21723,D,NJ,House,116-H-107,Yea,G000583
"GOTTHEIMER, Josh S.",21723,D,NJ,House,116-H-28,Yea,G000583
"GOTTHEIMER, Josh S.",21723,D,NJ,House,116-H-496,Yea,G000583
"GOTTHEIMER, Josh S.",21723,D,NJ,House,116-H-651,Yea,G000583
"GOTTHEIMER, Josh S.",21723,D,NJ,House,117-H-274,Yea,G000583
"GOTTHEIMER, Josh S.",21723,D,NJ,House,117-H-660,Yea,G000583
"GOTTHEIMER, Josh S.",21723,D,NJ,House,118-H-1146,Yea,G000583
"GOTTHEIMER, Josh S.",21723,D,NJ,House,118-H-1194,Not voting,G000583
"GOTTHEIMER, Josh S.",21723,D,NJ,House,118-H-193,Yea,G000583
"GOTTHEIMER, Josh S.",21723,D,NJ,House,118-H-241,Yea,G000583
"GOTTHEIMER, Josh S.",21723,D,NJ,House,118-H-337,Yea,G000583
"GOTTHEIMER, Josh S.",21723,D,NJ,House,118-H-523,Yea,G000583
"GOTTHEIMER, Josh S.",21723,D,NJ,House,118-H-556,Not voting,G000583
"GOTTHEIMER, Josh S.",21723,D,NJ,House,118-H-572,Yea,G000583
"GOTTHEIMER, Josh S.",21723,D,NJ,House,118-H-573,Yea,G000583
"GOTTHEIMER, Josh S.",21723,D,NJ,House,118-H-617,Yea,G000583
"GOTTHEIMER, Josh S.",21723,D,NJ,House,118-H-671,Yea,G000583
"GOTTHEIMER, Josh S.",21723,D,NJ,House,118-H-672,Yea,G000583
"GOTTHEIMER, Josh S.",21723,D,NJ,House,118-H-692,Yea,G000583
"GOTTHEIMER, Josh S.",21723,D,NJ,House,118-H-716,Yea,G000583
"GOTTHEIMER, Josh S.",21723,D,NJ,House,118-H-746,Yea,G000583
"GOTTHEIMER, Josh S.",21723,D,NJ,House,118-H-756,Yea,G000583
"GOTTHEIMER, Josh S.",21723,D,NJ,House,118-H-762,Yea,G000583
"GOTTHEIMER, Josh S.",21723,D,NJ,House,118-H-852,Yea,G000583
"GOTTHEIMER, Josh S.",21723,D,NJ,House,118-H-859,Yea,G000583
"GOTTHEIMER, Josh S.",21723,D,NJ,House,118-H-870,Yea,G000583
"GOTTHEIMER, Josh S.",21723,D,NJ,House,118-H-890,Yea,G000583
"GOTTHEIMER, Josh S.",21723,D,NJ,House,118-H-935,Yea,G000583
"GOTTHEIMER, Josh S.",21723,D,NJ,House,119-H-128,Yea,G000583
"GOTTHEIMER, Josh S.",21723,D,NJ,House,119-H-158,Not voting,G000583
"GOTTHEIMER, Josh S.",21723,D,NJ,House,119-H-526,Yea,G000583
"GOTTHEIMER, Josh S.",21723,D,NJ,House,119-H-655,Not voting,G000583
"GRANGER, Kay",29762,R,TX,House,116-H-107,Yea,G000377
"GRANGER, Kay",29762,R,TX,House,116-H-28,Yea,G000377
"GRANGER, Kay",29762,R,TX,House,116-H-496,Yea,G000377
"GRANGER, Kay",29762,R,TX,House,116-H-651,Nay,G000377
"GRANGER, Kay",29762,R,TX,House,117-H-274,Yea,G000377
"GRANGER, Kay",29762,R,TX,House,117-H-660,Yea,G000377
"GRANGER, Kay",29762,R,TX,House,118-H-1146,Not voting,G000377
"GRANGER, Kay",29762,R,TX,House,118-H-1194,Not voting,G000377
"GRANGER, Kay",29762,R,TX,House,118-H-193,Yea,G000377
"GRANGER, Kay",29762,R,TX,House,118-H-241,Yea,G000377
"GRANGER, Kay",29762,R,TX,House,118-H-337,Yea,G000377
"GRANGER, Kay",29762,R,TX,House,118-H-523,Yea,G000377
"GRANGER, Kay",29762,R,TX,House,118-H-556,Yea,G000377
"GRANGER, Kay",29762,R,TX,House,118-H-572,Yea,G000377
"GRANGER, Kay",29762,R,TX,House,118-H-573,Yea,G000377
"GRANGER, Kay",29762,R,TX,House,118-H-617,Yea,G000377
"GRANGER, Kay",29762,R,TX,House,118-H-671,Yea,G000377
"GRANGER, Kay",29762,R,TX,House,118-H-672,Yea,G000377
"GRANGER, Kay",29762,R,TX,House,118-H-692,Yea,G000377
"GRANGER, Kay",29762,R,TX,House,118-H-716,Yea,G000377
"GRANGER, Kay",29762,R,TX,House,118-H-746,Yea,G000377
"GRANGER, Kay",29762,R,TX,House,118-H-756,Yea,G000377
"GRANGER, Kay",29762,R,TX,House,118-H-762,Yea,G000377
"GRANGER, Kay",29762,R,TX,House,118-H-852,Not voting,G000377
"GRANGER, Kay",29762,R,TX,House,118-H-859,Not voting,G000377
"GRANGER, Kay",29762,R,TX,House,118-H-870,Yea,G000377
"GRANGER, Kay",29762,R,TX,House,118-H-890,Yea,G000377
"GRANGER, Kay",29762,R,TX,House,118-H-935,Yea,G000377
"GRAVES, Garret",21523,R,LA,House,116-H-107,Yea,G000577
"GRAVES, Garret",21523,R,LA,House,116-H-28,Yea,G000577
"GRAVES, Garret",21523,R,LA,House,116-H-496,Yea,G000577
"GRAVES, Garret",21523,R,LA,House,116-H-651,Nay,G000577
"GRAVES, Garret",21523,R,LA,House,117-H-274,Yea,G000577
"GRAVES, Garret",21523,R,LA,House,117-H-660,Yea,G000577
"GRAVES, Garret",21523,R,LA,House,118-H-1146,Yea,G000577
"GRAVES, Garret",21523,R,LA,House,118-H-1194,Yea,G000577
"GRAVES, Garret",21523,R,LA,House,118-H-193,Yea,G000577
"GRAVES, Garret",21523,R,LA,House,118-H-241,Yea,G000577
"GRAVES, Garret",21523,R,LA,House,118-H-337,Yea,G000577
"GRAVES, Garret",21523,R,LA,House,118-H-523,Yea,G000577
"GRAVES, Garret",21523,R,LA,House,118-H-556,Yea,G000577
"GRAVES, Garret",21523,R,LA,House,118-H-572,Yea,G000577
"GRAVES, Garret",21523,R,LA,House,118-H-573,Yea,G000577
"GRAVES, Garret",21523,R,LA,House,118-H-617,Yea,G000577
"GRAVES, Garret",21523,R,LA,House,118-H-671,Yea,G000577
"GRAVES, Garret",21523,R,LA,House,118-H-672,Yea,G000577
"GRAVES, Garret",21523,R,LA,House,118-H-692,Yea,G000577
"GRAVES, Garret",21523,R,LA,House,118-H-716,Yea,G000577
"GRAVES, Garret",21523,R,LA,House,118-H-746,Yea,G000577
"GRAVES, Garret",21523,R,LA,House,118-H-756,Yea,G000577
"GRAVES, Garret",21523,R,LA,House,118-H-762,Yea,G000577
"GRAVES, Garret",21523,R,LA,House,118-H-852,Yea,G000577
"GRAVES, Garret",21523,R,LA,House,118-H-859,Yea,G000577
"GRAVES, Garret",21523,R,LA,House,118-H-870,Yea,G000577
"GRAVES, Garret",21523,R,LA,House,118-H-890,Yea,G000577
"GRAVES, Garret",21523,R,LA,House,118-H-935,Yea,G000577
"GRAVES, Samuel",20124,R,MO,House,116-H-107,Yea,G000546
"GRAVES, Samuel",20124,R,MO,House,116-H-28,Yea,G000546
"GRAVES, Samuel",20124,R,MO,House,116-H-496,Not voting,G000546
"GRAVES, Samuel",20124,R,MO,House,116-H-651,Nay,G000546
"GRAVES, Samuel",20124,R,MO,House,117-H-274,Yea,G000546
"GRAVES, Samuel",20124,R,MO,House,117-H-660,Yea,G000546
"GRAVES, Samuel",20124,R,MO,House,118-H-1146,Yea,G000546
"GRAVES, Samuel",20124,R,MO,House,118-H-1194,Yea,G000546
"GRAVES, Samuel",20124,R,MO,House,118-H-193,Yea,G000546
"GRAVES, Samuel",20124,R,MO,House,118-H-241,Yea,G000546
"GRAVES, Samuel",20124,R,MO,House,118-H-337,Yea,G000546
"GRAVES, Samuel",20124,R,MO,House,118-H-523,Yea,G000546
"GRAVES, Samuel",20124,R,MO,House,118-H-556,Yea,G000546
"GRAVES, Samuel",20124,R,MO,House,118-H-572,Yea,G000546
"GRAVES, Samuel",20124,R,MO,House,118-H-573,Yea,G000546
"GRAVES, Samuel",20124,R,MO,House,118-H-617,Yea,G000546
"GRAVES, Samuel",20124,R,MO,House,118-H-671,Yea,G000546
"GRAVES, Samuel",20124,R,MO,House,118-H-672,Yea,G000546
"GRAVES, Samuel",20124,R,MO,House,118-H-692,Yea,G000546
"GRAVES, Samuel",20124,R,MO,House,118-H-716,Yea,G000546
"GRAVES, Samuel",20124,R,MO,House,118-H-746,Yea,G000546
"GRAVES, Samuel",20124,R,MO,House,118-H-756,Yea,G000546
"GRAVES, Samuel",20124,R,MO,House,118-H-762,Yea,G000546
"GRAVES, Samuel",20124,R,MO,House,118-H-852,Yea,G000546
"GRAVES, Samuel",20124,R,MO,House,118-H-859,Yea,G000546
"GRAVES, Samuel",20124,R,MO,House,118-H-870,Yea,G000546
"GRAVES, Samuel",20124,R,MO,House,118-H-890,Yea,G000546
"GRAVES, Samuel",20124,R,MO,House,118-H-935,Yea,G000546
"GRAVES, Samuel",20124,R,MO,House,119-H-128,Yea,G000546
"GRAVES, Samuel",20124,R,MO,House,119-H-158,Yea,G000546
"GRAVES, Samuel",20124,R,MO,House,119-H-526,Yea,G000546
"GRAVES, Samuel",20124,R,MO,House,119-H-655,Yea,G000546
"GRAVES, Tom",20962,R,GA,House,116-H-107,Nay,G000560
"GRAVES, Tom",20962,R,GA,House,116-H-28,Yea,G000560
"GRAVES, Tom",20962,R,GA,House,116-H-496,Yea,G000560
"GRAVES, Tom",20962,R,GA,House,116-H-651,Nay,G000560
"GRAY, Adam",22521,D,CA,House,119-H-128,Yea,G000605
"GRAY, Adam",22521,D,CA,House,119-H-158,Yea,G000605
"GRAY, Adam",22521,D,CA,House,119-H-526,Yea,G000605
"GRAY, Adam",22521,D,CA,House,119-H-655,Nay,G000605
"GREEN, Al",20529,D,TX,House,116-H-107,Yea,G000553
"GREEN, Al",20529,D,TX,House,116-H-28,Yea,G000553
"GREEN, Al",20529,D,TX,House,116-H-496,Yea,G000553
"GREEN, Al",20529,D,TX,House,116-H-651,Yea,G000553
"GREEN, Al",20529,D,TX,House,117-H-274,Yea,G000553
"GREEN, Al",20529,D,TX,House,117-H-660,Yea,G000553
"GREEN, Al",20529,D,TX,House,118-H-1146,Nay,G000553
"GREEN, Al",20529,D,TX,House,118-H-1194,Yea,G000553
"GREEN, Al",20529,D,TX,House,118-H-193,Yea,G000553
"GREEN, Al",20529,D,TX,House,118-H-241,Yea,G000553
"GREEN, Al",20529,D,TX,House,118-H-337,Yea,G000553
"GREEN, Al",20529,D,TX,House,118-H-523,Nay,G000553
"GREEN, Al",20529,D,TX,House,118-H-556,Yea,G000553
"GREEN, Al",20529,D,TX,House,118-H-572,Nay,G000553
"GREEN, Al",20529,D,TX,House,118-H-573,Yea,G000553
"GREEN, Al",20529,D,TX,House,118-H-617,Nay,G000553
"GREEN, Al",20529,D,TX,House,118-H-671,Yea,G000553
"GREEN, Al",20529,D,TX,House,118-H-672,Yea,G000553
"GREEN, Al",20529,D,TX,House,118-H-692,Present,G000553
"GREEN, Al",20529,D,TX,House,118-H-716,Nay,G000553
"GREEN, Al",20529,D,TX,House,118-H-746,Yea,G000553
"GREEN, Al",20529,D,TX,House,118-H-756,Nay,G000553
"GREEN, Al",20529,D,TX,House,118-H-762,Yea,G000553
"GREEN, Al",20529,D,TX,House,118-H-852,Nay,G000553
"GREEN, Al",20529,D,TX,House,118-H-859,Yea,G000553
"GREEN, Al",20529,D,TX,House,118-H-870,Nay,G000553
"GREEN, Al",20529,D,TX,House,118-H-890,Nay,G000553
"GREEN, Al",20529,D,TX,House,118-H-935,Nay,G000553
"GREEN, Al",20529,D,TX,House,119-H-128,Yea,G000553
"GREEN, Al",20529,D,TX,House,119-H-158,Yea,G000553
"GREEN, Al",20529,D,TX,House,119-H-526,Yea,G000553
"GREEN, Al",20529,D,TX,House,119-H-655,Nay,G000553
"GREEN, Mark E.",21926,R,TN,House,116-H-107,Yea,G000590
"GREEN, Mark E.",21926,R,TN,House,116-H-28,Yea,G000590
"GREEN, Mark E.",21926,R,TN,House,116-H-496,Yea,G000590
"GREEN, Mark E.",21926,R,TN,House,116-H-651,Nay,G000590
"GREEN, Mark E.",21926,R,TN,House,117-H-274,Yea,G000590
"GREEN, Mark E.",21926,R,TN,House,117-H-660,Yea,G000590
"GREEN, Mark E.",21926,R,TN,House,118-H-1146,Yea,G000590
"GREEN, Mark E.",21926,R,TN,House,118-H-1194,Yea,G000590
"GREEN, Mark E.",21926,R,TN,House,118-H-193,Yea,G000590
"GREEN, Mark E.",21926,R,TN,House,118-H-241,Yea,G000590
"GREEN, Mark E.",21926,R,TN,House,118-H-337,Yea,G000590
"GREEN, Mark E.",21926,R,TN,House,118-H-523,Yea,G000590
"GREEN, Mark E.",21926,R,TN,House,118-H-556,Yea,G000590
"GREEN, Mark E.",21926,R,TN,House,118-H-572,Yea,G000590
"GREEN, Mark E.",21926,R,TN,House,118-H-573,Yea,G000590
"GREEN, Mark E.",21926,R,TN,House,118-H-617,Yea,G000590
"GREEN, Mark E.",21926,R,TN,House,118-H-671,Yea,G000590
"GREEN, Mark E.",21926,R,TN,House,118-H-672,Yea,G000590
"GREEN, Mark E.",21926,R,TN,House,118-H-692,Yea,G000590
"GREEN, Mark E.",21926,R,TN,House,118-H-716,Yea,G000590
"GREEN, Mark E.",21926,R,TN,House,118-H-746,Yea,G000590
"GREEN, Mark E.",21926,R,TN,House,118-H-756,Yea,G000590
"GREEN, Mark E.",21926,R,TN,House,118-H-762,Yea,G000590
"GREEN, Mark E.",21926,R,TN,House,118-H-852,Yea,G000590
"GREEN, Mark E.",21926,R,TN,House,118-H-859,Yea,G000590
"GREEN, Mark E.",21926,R,TN,House,118-H-870,Yea,G000590
"GREEN, Mark E.",21926,R,TN,House,118-H-890,Yea,G000590
"GREEN, Mark E.",21926,R,TN,House,118-H-935,Yea,G000590
"GREEN, Mark E.",21926,R,TN,House,119-H-128,Yea,G000590
"GREEN, Mark E.",21926,R,TN,House,119-H-158,Not voting,G000590
"GREENE, Marjorie Taylor",22121,R,GA,House,117-H-274,Yea,G000596
"GREENE, Marjorie Taylor",22121,R,GA,House,117-H-660,Yea,G000596
"GREENE, Marjorie Taylor",22121,R,GA,House,118-H-1146,Yea,G000596
"GREENE, Marjorie Taylor",22121,R,GA,House,118-H-1194,Not voting,G000596
"GREENE, Marjorie Taylor",22121,R,GA,House,118-H-193,Yea,G000596
"GREENE, Marjorie Taylor",22121,R,GA,House,118-H-241,Yea,G000596
"GREENE, Marjorie Taylor",22121,R,GA,House,118-H-337,Yea,G000596
"GREENE, Marjorie Taylor",22121,R,GA,House,118-H-523,Yea,G000596
"GREENE, Marjorie Taylor",22121,R,GA,House,118-H-556,Yea,G000596
"GREENE, Marjorie Taylor",22121,R,GA,House,118-H-572,Nay,G000596
"GREENE, Marjorie Taylor",22121,R,GA,House,118-H-573,Yea,G000596
"GREENE, Marjorie Taylor",22121,R,GA,House,118-H-617,Yea,G000596
"GREENE, Marjorie Taylor",22121,R,GA,House,118-H-671,Yea,G000596
"GREENE, Marjorie Taylor",22121,R,GA,House,118-H-672,Yea,G000596
"GREENE, Marjorie Taylor",22121,R,GA,House,118-H-692,Yea,G000596
"GREENE, Marjorie Taylor",22121,R,GA,House,118-H-716,Yea,G000596
"GREENE, Marjorie Taylor",22121,R,GA,House,118-H-746,Yea,G000596
"GREENE, Marjorie Taylor",22121,R,GA,House,118-H-756,Nay,G000596
"GREENE, Marjorie Taylor",22121,R,GA,House,118-H-762,Yea,G000596
"GREENE, Marjorie Taylor",22121,R,GA,House,118-H-852,Yea,G000596
"GREENE, Marjorie Taylor",22121,R,GA,House,118-H-859,Yea,G000596
"GREENE, Marjorie Taylor",22121,R,GA,House,118-H-870,Nay,G000596
"GREENE, Marjorie Taylor",22121,R,GA,House,118-H-890,Nay,G000596
"GREENE, Marjorie Taylor",22121,R,GA,House,118-H-935,Nay,G000596
"GREENE, Marjorie Taylor",22121,R,GA,House,119-H-128,Not voting,G000596
"GREENE, Marjorie Taylor",22121,R,GA,House,119-H-158,Present,G000596
"GRIFFITH, H. Morgan",21191,R,VA,House,116-H-107,Yea,G000568
"GRIFFITH, H. Morgan",21191,R,VA,House,116-H-28,Not voting,G000568
"GRIFFITH, H. Morgan",21191,R,VA,House,116-H-496,Yea,G000568
"GRIFFITH, H. Morgan",21191,R,VA,House,116-H-651,Nay,G000568
"GRIFFITH, H. Morgan",21191,R,VA,House,117-H-274,Yea,G000568
"GRIFFITH, H. Morgan",21191,R,VA,House,117-H-660,Yea,G000568
"GRIFFITH, H. Morgan",21191,R,VA,House,118-H-1146,Yea,G000568
"GRIFFITH, H. Morgan",21191,R,VA,House,118-H-1194,Yea,G000568
"GRIFFITH, H. Morgan",21191,R,VA,House,118-H-193,Yea,G000568
"GRIFFITH, H. Morgan",21191,R,VA,House,118-H-241,Yea,G000568
"GRIFFITH, H. Morgan",21191,R,VA,House,118-H-337,Yea,G000568
"GRIFFITH, H. Morgan",21191,R,VA,House,118-H-523,Yea,G000568
"GRIFFITH, H. Morgan",21191,R,VA,House,118-H-556,Yea,G000568
"GRIFFITH, H. Morgan",21191,R,VA,House,118-H-572,Yea,G000568
"GRIFFITH, H. Morgan",21191,R,VA,House,118-H-573,Yea,G000568
"GRIFFITH, H. Morgan",21191,R,VA,House,118-H-617,Yea,G000568
"GRIFFITH, H. Morgan",21191,R,VA,House,118-H-671,Yea,G000568
"GRIFFITH, H. Morgan",21191,R,VA,House,118-H-672,Yea,G000568
"GRIFFITH, H. Morgan",21191,R,VA,House,118-H-692,Yea,G000568
"GRIFFITH, H. Morgan",21191,R,VA,House,118-H-716,Yea,G000568
"GRIFFITH, H. Morgan",21191,R,VA,House,118-H-746,Yea,G000568
"GRIFFITH, H. Morgan",21191,R,VA,House,118-H-756,Yea,G000568
"GRIFFITH, H. Morgan",21191,R,VA,House,118-H-762,Yea,G000568
"GRIFFITH, H. Morgan",21191,R,VA,House,118-H-852,Yea,G000568
"GRIFFITH, H. Morgan",21191,R,VA,House,118-H-859,Yea,G000568
"GRIFFITH, H. Morgan",21191,R,VA,House,118-H-870,Yea,G000568
"GRIFFITH, H. Morgan",21191,R,VA,House,118-H-890,Yea,G000568
"GRIFFITH, H. Morgan",21191,R,VA,House,118-H-935,Yea,G000568
"GRIFFITH, H. Morgan",21191,R,VA,House,119-H-128,Yea,G000568
"GRIFFITH, H. Morgan",21191,R,VA,House,119-H-158,Yea,G000568
"GRIFFITH, H. Morgan",21191,R,VA,House,119-H-526,Yea,G000568
"GRIFFITH, H. Morgan",21191,R,VA,House,119-H-655,Yea,G000568
"GRIJALVA, Raúl M.",20305,D,AZ,House,116-H-107,Yea,G000551
"GRIJALVA, Raúl M.",20305,D,AZ,House,116-H-28,Yea,G000551
"GRIJALVA, Raúl M.",20305,D,AZ,House,116-H-496,Nay,G000551
"GRIJALVA, Raúl M.",20305,D,AZ,House,116-H-651,Yea,G000551
"GRIJALVA, Raúl M.",20305,D,AZ,House,117-H-274,Nay,G000551
"GRIJALVA, Raúl M.",20305,D,AZ,House,117-H-660,Yea,G000551
"GRIJALVA, Raúl M.",20305,D,AZ,House,118-H-1146,Not voting,G000551
"GRIJALVA, Raúl M.",20305,D,AZ,House,118-H-1194,Yea,G000551
"GRIJALVA, Raúl M.",20305,D,AZ,House,118-H-193,Nay,G000551
"GRIJALVA, Raúl M.",20305,D,AZ,House,118-H-241,Yea,G000551
"GRIJALVA, Raúl M.",20305,D,AZ,House,118-H-337,Yea,G000551
"GRIJALVA, Raúl M.",20305,D,AZ,House,118-H-523,Yea,G000551
"GRIJALVA, Raúl M.",20305,D,AZ,House,118-H-556,Nay,G000551
"GRIJALVA, Raúl M.",20305,D,AZ,House,118-H-572,Nay,G000551
"GRIJALVA, Raúl M.",20305,D,AZ,House,118-H-573,Yea,G000551
"GRIJALVA, Raúl M.",20305,D,AZ,House,118-H-617,Nay,G000551
"GRIJALVA, Raúl M.",20305,D,AZ,House,118-H-671,Yea,G000551
"GRIJALVA, Raúl M.",20305,D,AZ,House,118-H-672,Yea,G000551
"GRIJALVA, Raúl M.",20305,D,AZ,House,118-H-692,Nay,G000551
"GRIJALVA, Raúl M.",20305,D,AZ,House,118-H-716,Nay,G000551
"GRIJALVA, Raúl M.",20305,D,AZ,House,118-H-746,Yea,G000551
"GRIJALVA, Raúl M.",20305,D,AZ,House,118-H-756,Nay,G000551
"GRIJALVA, Raúl M.",20305,D,AZ,House,118-H-762,Yea,G000551
"GRIJALVA, Raúl M.",20305,D,AZ,House,118-H-852,Not voting,G000551
"GRIJALVA, Raúl M.",20305,D,AZ,House,118-H-859,Not voting,G000551
"GRIJALVA, Raúl M.",20305,D,AZ,House,118-H-870,Not voting,G000551
"GRIJALVA, Raúl M.",20305,D,AZ,House,118-H-890,Not voting,G000551
"GRIJALVA, Raúl M.",20305,D,AZ,House,118-H-935,Not voting,G000551
"GROTHMAN, Glenn",21559,R,WI,House,116-H-107,Yea,G000576
"GROTHMAN, Glenn",21559,R,WI,House,116-H-28,Yea,G000576
"GROTHMAN, Glenn",21559,R,WI,House,116-H-496,Yea,G000576
"GROTHMAN, Glenn",21559,R,WI,House,116-H-651,Nay,G000576
"GROTHMAN, Glenn",21559,R,WI,House,117-H-274,Yea,G000576
"GROTHMAN, Glenn",21559,R,WI,House,117-H-660,Yea,G000576
"GROTHMAN, Glenn",21559,R,WI,House,118-H-1146,Yea,G000576
"GROTHMAN, Glenn",21559,R,WI,House,118-H-1194,Yea,G000576
"GROTHMAN, Glenn",21559,R,WI,House,118-H-193,Yea,G000576
"GROTHMAN, Glenn",21559,R,WI,House,118-H-241,Yea,G000576
"GROTHMAN, Glenn",21559,R,WI,House,118-H-337,Yea,G000576
"GROTHMAN, Glenn",21559,R,WI,House,118-H-523,Yea,G000576
"GROTHMAN, Glenn",21559,R,WI,House,118-H-556,Yea,G000576
"GROTHMAN, Glenn",21559,R,WI,House,118-H-572,Yea,G000576
"GROTHMAN, Glenn",21559,R,WI,House,118-H-573,Yea,G000576
"GROTHMAN, Glenn",21559,R,WI,House,118-H-617,Yea,G000576
"GROTHMAN, Glenn",21559,R,WI,House,118-H-671,Yea,G000576
"GROTHMAN, Glenn",21559,R,WI,House,118-H-672,Yea,G000576
"GROTHMAN, Glenn",21559,R,WI,House,118-H-692,Yea,G000576
"GROTHMAN, Glenn",21559,R,WI,House,118-H-716,Yea,G000576
"GROTHMAN, Glenn",21559,R,WI,House,118-H-746,Yea,G000576
"GROTHMAN, Glenn",21559,R,WI,House,118-H-756,Yea,G000576
"GROTHMAN, Glenn",21559,R,WI,House,118-H-762,Not voting,G000576
"GROTHMAN, Glenn",21559,R,WI,House,118-H-852,Yea,G000576
"GROTHMAN, Glenn",21559,R,WI,House,118-H-859,Yea,G000576
"GROTHMAN, Glenn",21559,R,WI,House,118-H-870,Yea,G000576
"GROTHMAN, Glenn",21559,R,WI,House,118-H-890,Not voting,G000576
"GROTHMAN, Glenn",21559,R,WI,House,118-H-935,Yea,G000576
"GROTHMAN, Glenn",21559,R,WI,House,119-H-128,Yea,G000576
"GROTHMAN, Glenn",21559,R,WI,House,119-H-158,Yea,G000576
"GROTHMAN, Glenn",21559,R,WI,House,119-H-526,Yea,G000576
"GROTHMAN, Glenn",21559,R,WI,House,119-H-655,Yea,G000576
"GUEST, Michael",21927,R,MS,House,116-H-107,Yea,G000591
"GUEST, Michael",21927,R,MS,House,116-H-28,Yea,G000591
"GUEST, Michael",21927,R,MS,House,116-H-496,Yea,G000591
"GUEST, Michael",21927,R,MS,House,116-H-651,Nay,G000591
"GUEST, Michael",21927,R,MS,House,117-H-274,Yea,G000591
"GUEST, Michael",21927,R,MS,House,117-H-660,Yea,G000591
"GUEST, Michael",21927,R,MS,House,118-H-1146,Yea,G000591
"GUEST, Michael",21927,R,MS,House,118-H-1194,Yea,G000591
"GUEST, Michael",21927,R,MS,House,118-H-193,Yea,G000591
"GUEST, Michael",21927,R,MS,House,118-H-241,Yea,G000591
"GUEST, Michael",21927,R,MS,House,118-H-337,Yea,G000591
"GUEST, Michael",21927,R,MS,House,118-H-523,Yea,G000591
"GUEST, Michael",21927,R,MS,House,118-H-556,Yea,G000591
"GUEST, Michael",21927,R,MS,House,118-H-572,Yea,G000591
"GUEST, Michael",21927,R,MS,House,118-H-573,Yea,G000591
"GUEST, Michael",21927,R,MS,House,118-H-617,Yea,G000591
"GUEST, Michael",21927,R,MS,House,118-H-671,Yea,G000591
"GUEST, Michael",21927,R,MS,House,118-H-672,Yea,G000591
"GUEST, Michael",21927,R,MS,House,118-H-692,Yea,G000591
"GUEST, Michael",21927,R,MS,House,118-H-716,Yea,G000591
"GUEST, Michael",21927,R,MS,House,118-H-746,Yea,G000591
"GUEST, Michael",21927,R,MS,House,118-H-756,Yea,G000591
"GUEST, Michael",21927,R,MS,House,118-H-762,Yea,G000591
"GUEST, Michael",21927,R,MS,House,118-H-852,Yea,G000591
"GUEST, Michael",21927,R,MS,House,118-H-859,Yea,G000591
"GUEST, Michael",21927,R,MS,House,118-H-870,Yea,G000591
"GUEST, Michael",21927,R,MS,House,118-H-890,Yea,G000591
"GUEST, Michael",21927,R,MS,House,118-H-935,Yea,G000591
"GUEST, Michael",21927,R,MS,House,119-H-128,Yea,G000591
"GUEST, Michael",21927,R,MS,House,119-H-158,Yea,G000591
"GUEST, Michael",21927,R,MS,House,119-H-526,Yea,G000591
"GUEST, Michael",21927,R,MS,House,119-H-655,Yea,G000591
"GUTHRIE, Brett",20916,R,KY,House,116-H-107,Yea,G000558
"GUTHRIE, Brett",20916,R,KY,House,116-H-28,Yea,G000558
"GUTHRIE, Brett",20916,R,KY,House,116-H-496,Yea,G000558
"GUTHRIE, Brett",20916,R,KY,House,116-H-651,Nay,G000558
"GUTHRIE, Brett",20916,R,KY,House,117-H-274,Yea,G000558
"GUTHRIE, Brett",20916,R,KY,House,117-H-660,Yea,G000558
"GUTHRIE, Brett",20916,R,KY,House,118-H-1146,Yea,G000558
"GUTHRIE, Brett",20916,R,KY,House,118-H-1194,Yea,G000558
"GUTHRIE, Brett",20916,R,KY,House,118-H-193,Yea,G000558
"GUTHRIE, Brett",20916,R,KY,House,118-H-241,Yea,G000558
"GUTHRIE, Brett",20916,R,KY,House,118-H-337,Yea,G000558
"GUTHRIE, Brett",20916,R,KY,House,118-H-523,Yea,G000558
"GUTHRIE, Brett",20916,R,KY,House,118-H-556,Yea,G000558
"GUTHRIE, Brett",20916,R,KY,House,118-H-572,Yea,G000558
"GUTHRIE, Brett",20916,R,KY,House,118-H-573,Yea,G000558
"GUTHRIE, Brett",20916,R,KY,House,118-H-617,Yea,G000558
"GUTHRIE, Brett",20916,R,KY,House,118-H-671,Yea,G000558
"GUTHRIE, Brett",20916,R,KY,House,118-H-672,Yea,G000558
"GUTHRIE, Brett",20916,R,KY,House,118-H-692,Yea,G000558
"GUTHRIE, Brett",20916,R,KY,House,118-H-716,Yea,G000558
"GUTHRIE, Brett",20916,R,KY,House,118-H-746,Yea,G000558
"GUTHRIE, Brett",20916,R,KY,House,118-H-756,Yea,G000558
"GUTHRIE, Brett",20916,R,KY,House,118-H-762,Yea,G000558
"GUTHRIE, Brett",20916,R,KY,House,118-H-852,Yea,G000558
"GUTHRIE, Brett",20916,R,KY,House,118-H-859,Yea,G000558
"GUTHRIE, Brett",20916,R,KY,House,118-H-870,Yea,G000558
"GUTHRIE, Brett",20916,R,KY,House,118-H-890,Yea,G000558
"GUTHRIE, Brett",20916,R,KY,House,118-H-935,Yea,G000558
"GUTHRIE, Brett",20916,R,KY,House,119-H-128,Yea,G000558
"GUTHRIE, Brett",20916,R,KY,House,119-H-158,Yea,G000558
"GUTHRIE, Brett",20916,R,KY,House,119-H-526,Yea,G000558
"GUTHRIE, Brett",20916,R,KY,House,119-H-655,Yea,G000558
"HAALAND, Debra",21928,D,NM,House,116-H-107,Yea,H001080
"HAALAND, Debra",21928,D,NM,House,116-H-28,Yea,H001080
"HAALAND, Debra",21928,D,NM,House,116-H-496,Yea,H001080
"HAALAND, Debra",21928,D,NM,House,116-H-651,Yea,H001080
"HAGEDORN, Jim",21929,R,MN,House,116-H-107,Yea,H001088
"HAGEDORN, Jim",21929,R,MN,House,116-H-28,Yea,H001088
"HAGEDORN, Jim",21929,R,MN,House,116-H-496,Yea,H001088
"HAGEDORN, Jim",21929,R,MN,House,116-H-651,Nay,H001088
"HAGEDORN, Jim",21929,R,MN,House,117-H-274,Yea,H001088
"HAGEMAN, Harriet",22325,R,WY,House,118-H-1146,Yea,H001096
"HAGEMAN, Harriet",22325,R,WY,House,118-H-1194,Nay,H001096
"HAGEMAN, Harriet",22325,R,WY,House,118-H-193,Yea,H001096
"HAGEMAN, Harriet",22325,R,WY,House,118-H-241,Yea,H001096
"HAGEMAN, Harriet",22325,R,WY,House,118-H-337,Yea,H001096
"HAGEMAN, Harriet",22325,R,WY,House,118-H-523,Yea,H001096
"HAGEMAN, Harriet",22325,R,WY,House,118-H-556,Yea,H001096
"HAGEMAN, Harriet",22325,R,WY,House,118-H-572,Yea,H001096
"HAGEMAN, Harriet",22325,R,WY,House,118-H-573,Yea,H001096
"HAGEMAN, Harriet",22325,R,WY,House,118-H-617,Yea,H001096
"HAGEMAN, Harriet",22325,R,WY,House,118-H-671,Yea,H001096
"HAGEMAN, Harriet",22325,R,WY,House,118-H-672,Yea,H001096
"HAGEMAN, Harriet",22325,R,WY,House,118-H-692,Yea,H001096
"HAGEMAN, Harriet",22325,R,WY,House,118-H-716,Yea,H001096
"HAGEMAN, Harriet",22325,R,WY,House,118-H-746,Yea,H001096
"HAGEMAN, Harriet",22325,R,WY,House,118-H-756,Yea,H001096
"HAGEMAN, Harriet",22325,R,WY,House,118-H-762,Yea,H001096
"HAGEMAN, Harriet",22325,R,WY,House,118-H-852,Yea,H001096
"HAGEMAN, Harriet",22325,R,WY,House,118-H-859,Yea,H001096
"HAGEMAN, Harriet",22325,R,WY,House,118-H-870,Yea,H001096
"HAGEMAN, Harriet",22325,R,WY,House,118-H-890,Nay,H001096
"HAGEMAN, Harriet",22325,R,WY,House,118-H-935,Yea,H001096
"HAGEMAN, Harriet",22325,R,WY,House,119-H-128,Yea,H001096
"HAGEMAN, Harriet",22325,R,WY,House,119-H-158,Yea,H001096
"HAGEMAN, Harriet",22325,R,WY,House,119-H-526,Yea,H001096
"HAGEMAN, Harriet",22325,R,WY,House,119-H-655,Yea,H001096
"HAMADEH, Abraham J.",22522,R,AZ,House,119-H-128,Yea,H001098
"HAMADEH, Abraham J.",22522,R,AZ,House,119-H-158,Yea,H001098
"HAMADEH, Abraham J.",22522,R,AZ,House,119-H-526,Yea,H001098
"HAMADEH, Abraham J.",22522,R,AZ,House,119-H-655,Yea,H001098
"HARDER, Josh",21930,D,CA,House,116-H-107,Yea,H001090
"HARDER, Josh",21930,D,CA,House,116-H-28,Yea,H001090
"HARDER, Josh",21930,D,CA,House,116-H-496,Yea,H001090
"HARDER, Josh",21930,D,CA,House,116-H-651,Yea,H001090
"HARDER, Josh",21930,D,CA,House,117-H-274,Yea,H001090
"HARDER, Josh",21930,D,CA,House,117-H-660,Yea,H001090
"HARDER, Josh",21930,D,CA,House,118-H-1146,Nay,H001090
"HARDER, Josh",21930,D,CA,House,118-H-1194,Yea,H001090
"HARDER, Josh",21930,D,CA,House,118-H-193,Yea,H001090
"HARDER, Josh",21930,D,CA,House,118-H-241,Yea,H001090
"HARDER, Josh",21930,D,CA,House,118-H-337,Yea,H001090
"HARDER, Josh",21930,D,CA,House,118-H-523,Yea,H001090
"HARDER, Josh",21930,D,CA,House,118-H-556,Yea,H001090
"HARDER, Josh",21930,D,CA,House,118-H-572,Nay,H001090
"HARDER, Josh",21930,D,CA,House,118-H-573,Yea,H001090
"HARDER, Josh",21930,D,CA,House,118-H-617,Nay,H001090
"HARDER, Josh",21930,D,CA,House,118-H-671,Yea,H001090
"HARDER, Josh",21930,D,CA,House,118-H-672,Yea,H001090
"HARDER, Josh",21930,D,CA,House,118-H-692,Yea,H001090
"HARDER, Josh",21930,D,CA,House,118-H-716,Nay,H001090
"HARDER, Josh",21930,D,CA,House,118-H-746,Yea,H001090
"HARDER, Josh",21930,D,CA,House,118-H-756,Nay,H001090
"HARDER, Josh",21930,D,CA,House,118-H-762,Yea,H001090
"HARDER, Josh",21930,D,CA,House,118-H-852,Yea,H001090
"HARDER, Josh",21930,D,CA,House,118-H-859,Yea,H001090
"HARDER, Josh",21930,D,CA,House,118-H-870,Yea,H001090
"HARDER, Josh",21930,D,CA,House,118-H-890,Yea,H001090
"HARDER, Josh",21930,D,CA,House,118-H-935,Nay,H001090
"HARDER, Josh",21930,D,CA,House,119-H-128,Yea,H001090
"HARDER, Josh",21930,D,CA,House,119-H-158,Yea,H001090
"HARDER, Josh",21930,D,CA,House,119-H-526,Yea,H001090
"HARDER, Josh",21930,D,CA,House,119-H-655,Nay,H001090
"HARIDOPOLOS, Mike",22523,R,FL,House,119-H-128,Yea,H001099
"HARIDOPOLOS, Mike",22523,R,FL,House,119-H-158,Yea,H001099
"HARIDOPOLOS, Mike",22523,R,FL,House,119-H-526,Yea,H001099
"HARIDOPOLOS, Mike",22523,R,FL,House,119-H-655,Yea,H001099
"HARRIGAN, Pat",22524,R,NC,House,119-H-128,Yea,H001101
"HARRIGAN, Pat",22524,R,NC,House,119-H-158,Yea,H001101
"HARRIGAN, Pat",22524,R,NC,House,119-H-526,Yea,H001101
"HARRIGAN, Pat",22524,R,NC,House,119-H-655,Yea,H001101
"HARRIS, Andy",21139,R,MD,House,116-H-107,Yea,H001052
"HARRIS, Andy",21139,R,MD,House,116-H-28,Yea,H001052
"HARRIS, Andy",21139,R,MD,House,116-H-496,Yea,H001052
"HARRIS, Andy",21139,R,MD,House,116-H-651,Nay,H001052
"HARRIS, Andy",21139,R,MD,House,117-H-274,Yea,H001052
"HARRIS, Andy",21139,R,MD,House,117-H-660,Yea,H001052
"HARRIS, Andy",21139,R,MD,House,118-H-1146,Yea,H001052
"HARRIS, Andy",21139,R,MD,House,118-H-1194,Yea,H001052
"HARRIS, Andy",21139,R,MD,House,118-H-193,Yea,H001052
"HARRIS, Andy",21139,R,MD,House,118-H-241,Yea,H001052
"HARRIS, Andy",21139,R,MD,House,118-H-337,Yea,H001052
"HARRIS, Andy",21139,R,MD,House,118-H-523,Yea,H001052
"HARRIS, Andy",21139,R,MD,House,118-H-556,Yea,H001052
"HARRIS, Andy",21139,R,MD,House,118-H-572,Yea,H001052
"HARRIS, Andy",21139,R,MD,House,118-H-573,Yea,H001052
"HARRIS, Andy",21139,R,MD,House,118-H-617,Yea,H001052
"HARRIS, Andy",21139,R,MD,House,118-H-671,Yea,H001052
"HARRIS, Andy",21139,R,MD,House,118-H-672,Yea,H001052
"HARRIS, Andy",21139,R,MD,House,118-H-692,Yea,H001052
"HARRIS, Andy",21139,R,MD,House,118-H-716,Yea,H001052
"HARRIS, Andy",21139,R,MD,House,118-H-746,Yea,H001052
"HARRIS, Andy",21139,R,MD,House,118-H-756,Yea,H001052
"HARRIS, Andy",21139,R,MD,House,118-H-762,Yea,H001052
"HARRIS, Andy",21139,R,MD,House,118-H-852,Yea,H001052
"HARRIS, Andy",21139,R,MD,House,118-H-859,Yea,H001052
"HARRIS, Andy",21139,R,MD,House,118-H-870,Nay,H001052
"HARRIS, Andy",21139,R,MD,House,118-H-890,Yea,H001052
"HARRIS, Andy",21139,R,MD,House,118-H-935,Yea,H001052
"HARRIS, Andy",21139,R,MD,House,119-H-128,Yea,H001052
"HARRIS, Andy",21139,R,MD,House,119-H-158,Yea,H001052
"HARRIS, Andy",21139,R,MD,House,119-H-526,Yea,H001052
"HARRIS, Andy",21139,R,MD,House,119-H-655,Yea,H001052
"HARRIS, Mark",22525,R,NC,House,119-H-128,Yea,H001102
"HARRIS, Mark",22525,R,NC,House,119-H-158,Yea,H001102
"HARRIS, Mark",22525,R,NC,House,119-H-526,Yea,H001102
"HARRIS, Mark",22525,R,NC,House,119-H-655,Yea,H001102
"HARSHBARGER, Diana",22122,R,TN,House,117-H-274,Yea,H001086
"HARSHBARGER, Diana",22122,R,TN,House,117-H-660,Yea,H001086
"HARSHBARGER, Diana",22122,R,TN,House,118-H-1146,Yea,H001086
"HARSHBARGER, Diana",22122,R,TN,House,118-H-1194,Nay,H001086
"HARSHBARGER, Diana",22122,R,TN,House,118-H-193,Yea,H001086
"HARSHBARGER, Diana",22122,R,TN,House,118-H-241,Yea,H001086
"HARSHBARGER, Diana",22122,R,TN,House,118-H-337,Yea,H001086
"HARSHBARGER, Diana",22122,R,TN,House,118-H-523,Yea,H001086
"HARSHBARGER, Diana",22122,R,TN,House,118-H-556,Yea,H001086
"HARSHBARGER, Diana",22122,R,TN,House,118-H-572,Yea,H001086
"HARSHBARGER, Diana",22122,R,TN,House,118-H-573,Yea,H001086
"HARSHBARGER, Diana",22122,R,TN,House,118-H-617,Yea,H001086
"HARSHBARGER, Diana",22122,R,TN,House,118-H-671,Yea,H001086
"HARSHBARGER, Diana",22122,R,TN,House,118-H-672,Yea,H001086
"HARSHBARGER, Diana",22122,R,TN,House,118-H-692,Yea,H001086
"HARSHBARGER, Diana",22122,R,TN,House,118-H-716,Yea,H001086
"HARSHBARGER, Diana",22122,R,TN,House,118-H-746,Yea,H001086
"HARSHBARGER, Diana",22122,R,TN,House,118-H-756,Yea,H001086
"HARSHBARGER, Diana",22122,R,TN,House,118-H-762,Yea,H001086
"HARSHBARGER, Diana",22122,R,TN,House,118-H-852,Yea,H001086
"HARSHBARGER, Diana",22122,R,TN,House,118-H-859,Yea,H001086
"HARSHBARGER, Diana",22122,R,TN,House,118-H-870,Yea,H001086
"HARSHBARGER, Diana",22122,R,TN,House,118-H-890,Yea,H001086
"HARSHBARGER, Diana",22122,R,TN,House,118-H-935,Yea,H001086
"HARSHBARGER, Diana",22122,R,TN,House,119-H-128,Yea,H001086
"HARSHBARGER, Diana",22122,R,TN,House,119-H-158,Yea,H001086
"HARSHBARGER, Diana",22122,R,TN,House,119-H-526,Yea,H001086
"HARSHBARGER, Diana",22122,R,TN,House,119-H-655,Yea,H001086
"HARTZLER, Vicky",21149,R,MO,House,116-H-107,Yea,H001053
"HARTZLER, Vicky",21149,R,MO,House,116-H-28,Yea,H001053
"HARTZLER, Vicky",21149,R,MO,House,116-H-496,Yea,H001053
"HARTZLER, Vicky",21149,R,MO,House,116-H-651,Nay,H001053
"HARTZLER, Vicky",21149,R,MO,House,117-H-274,Yea,H001053
"HARTZLER, Vicky",21149,R,MO,House,117-H-660,Yea,H001053
"HASTINGS, Alcee Lamar",29337,D,FL,House,116-H-107,Yea,H000324
"HASTINGS, Alcee Lamar",29337,D,FL,House,116-H-28,Yea,H000324
"HASTINGS, Alcee Lamar",29337,D,FL,House,116-H-496,Yea,H000324
"HASTINGS, Alcee Lamar",29337,D,FL,House,116-H-651,Yea,H000324
"HAYES, Jahana",21931,D,CT,House,116-H-107,Yea,H001081
"HAYES, Jahana",21931,D,CT,House,116-H-28,Yea,H001081
"HAYES, Jahana",21931,D,CT,House,116-H-496,Yea,H001081
"HAYES, Jahana",21931,D,CT,House,116-H-651,Yea,H001081
"HAYES, Jahana",21931,D,CT,House,117-H-274,Yea,H001081
"HAYES, Jahana",21931,D,CT,House,117-H-660,Yea,H001081
"HAYES, Jahana",21931,D,CT,House,118-H-1146,Nay,H001081
"HAYES, Jahana",21931,D,CT,House,118-H-1194,Yea,H001081
"HAYES, Jahana",21931,D,CT,House,118-H-193,Yea,H001081
"HAYES, Jahana",21931,D,CT,House,118-H-241,Yea,H001081
"HAYES, Jahana",21931,D,CT,House,118-H-337,Yea,H001081
"HAYES, Jahana",21931,D,CT,House,118-H-523,Yea,H001081
"HAYES, Jahana",21931,D,CT,House,118-H-556,Yea,H001081
"HAYES, Jahana",21931,D,CT,House,118-H-572,Nay,H001081
"HAYES, Jahana",21931,D,CT,House,118-H-573,Yea,H001081
"HAYES, Jahana",21931,D,CT,House,118-H-617,Nay,H001081
"HAYES, Jahana",21931,D,CT,House,118-H-671,Yea,H001081
"HAYES, Jahana",21931,D,CT,House,118-H-672,Yea,H001081
"HAYES, Jahana",21931,D,CT,House,118-H-692,Yea,H001081
"HAYES, Jahana",21931,D,CT,House,118-H-716,Nay,H001081
"HAYES, Jahana",21931,D,CT,House,118-H-746,Yea,H001081
"HAYES, Jahana",21931,D,CT,House,118-H-756,Nay,H001081
"HAYES, Jahana",21931,D,CT,House,118-H-762,Yea,H001081
"HAYES, Jahana",21931,D,CT,House,118-H-852,Yea,H001081
"HAYES, Jahana",21931,D,CT,House,118-H-859,Yea,H001081
"HAYES, Jahana",21931,D,CT,House,118-H-870,Yea,H001081
"HAYES, Jahana",21931,D,CT,House,118-H-890,Yea,H001081
"HAYES, Jahana",21931,D,CT,House,118-H-935,Nay,H001081
"HAYES, Jahana",21931,D,CT,House,119-H-128,Yea,H001081
"HAYES, Jahana",21931,D,CT,House,119-H-158,Yea,H001081
"HAYES, Jahana",21931,D,CT,House,119-H-526,Yea,H001081
"HAYES, Jahana",21931,D,CT,House,119-H-655,Nay,H001081
"HECK, Denny",21369,D,WA,House,116-H-107,Yea,H001064
"HECK, Denny",21369,D,WA,House,116-H-28,Yea,H001064
"HECK, Denny",21369,D,WA,House,116-H-496,Yea,H001064
"HECK, Denny",21369,D,WA,House,116-H-651,Yea,H001064
"HERN, Kevin",21760,R,OK,House,116-H-107,Yea,H001082
"HERN, Kevin",21760,R,OK,House,116-H-28,Yea,H001082
"HERN, Kevin",21760,R,OK,House,116-H-496,Yea,H001082
"HERN, Kevin",21760,R,OK,House,116-H-651,Nay,H001082
"HERN, Kevin",21760,R,OK,House,117-H-274,Yea,H001082
"HERN, Kevin",21760,R,OK,House,117-H-660,Yea,H001082
"HERN, Kevin",21760,R,OK,House,118-H-1146,Yea,H001082
"HERN, Kevin",21760,R,OK,House,118-H-1194,Yea,H001082
"HERN, Kevin",21760,R,OK,House,118-H-193,Yea,H001082
"HERN, Kevin",21760,R,OK,House,118-H-241,Yea,H001082
"HERN, Kevin",21760,R,OK,House,118-H-337,Yea,H001082
"HERN, Kevin",21760,R,OK,House,118-H-523,Yea,H001082
"HERN, Kevin",21760,R,OK,House,118-H-556,Yea,H001082
"HERN, Kevin",21760,R,OK,House,118-H-572,Yea,H001082
"HERN, Kevin",21760,R,OK,House,118-H-573,Yea,H001082
"HERN, Kevin",21760,R,OK,House,118-H-617,Yea,H001082
"HERN, Kevin",21760,R,OK,House,118-H-671,Yea,H001082
"HERN, Kevin",21760,R,OK,House,118-H-672,Yea,H001082
"HERN, Kevin",21760,R,OK,House,118-H-692,Yea,H001082
"HERN, Kevin",21760,R,OK,House,118-H-716,Yea,H001082
"HERN, Kevin",21760,R,OK,House,118-H-746,Yea,H001082
"HERN, Kevin",21760,R,OK,House,118-H-756,Yea,H001082
"HERN, Kevin",21760,R,OK,House,118-H-762,Yea,H001082
"HERN, Kevin",21760,R,OK,House,118-H-852,Yea,H001082
"HERN, Kevin",21760,R,OK,House,118-H-859,Yea,H001082
"HERN, Kevin",21760,R,OK,House,118-H-870,Yea,H001082
"HERN, Kevin",21760,R,OK,House,118-H-890,Yea,H001082
"HERN, Kevin",21760,R,OK,House,118-H-935,Yea,H001082
"HERN, Kevin",21760,R,OK,House,119-H-128,Yea,H001082
"HERN, Kevin",21760,R,OK,House,119-H-158,Yea,H001082
"HERN, Kevin",21760,R,OK,House,119-H-526,Yea,H001082
"HERN, Kevin",21760,R,OK,House,119-H-655,Yea,H001082
"HERRERA BEUTLER, Jaime",21187,R,WA,House,116-H-107,Yea,H001056
"HERRERA BEUTLER, Jaime",21187,R,WA,House,116-H-28,Yea,H001056
"HERRERA BEUTLER, Jaime",21187,R,WA,House,116-H-496,Yea,H001056
"HERRERA BEUTLER, Jaime",21187,R,WA,House,116-H-651,Nay,H001056
"HERRERA BEUTLER, Jaime",21187,R,WA,House,117-H-274,Yea,H001056
"HERRERA BEUTLER, Jaime",21187,R,WA,House,117-H-660,Yea,H001056
"HICE, Jody Brownlow",21514,R,GA,House,116-H-107,Yea,H001071
"HICE, Jody Brownlow",21514,R,GA,House,116-H-28,Yea,H001071
"HICE, Jody Brownlow",21514,R,GA,House,116-H-496,Yea,H001071
"HICE, Jody Brownlow",21514,R,GA,House,116-H-651,Nay,H001071
"HICE, Jody Brownlow",21514,R,GA,House,117-H-274,Yea,H001071
"HICE, Jody Brownlow",21514,R,GA,House,117-H-660,Yea,H001071
"HIGGINS, Brian",20519,D,NY,House,116-H-107,Yea,H001038
"HIGGINS, Brian",20519,D,NY,House,116-H-28,Yea,H001038
"HIGGINS, Brian",20519,D,NY,House,116-H-496,Yea,H001038
"HIGGINS, Brian",20519,D,NY,House,116-H-651,Yea,H001038
"HIGGINS, Brian",20519,D,NY,House,117-H-274,Yea,H001038
"HIGGINS, Brian",20519,D,NY,House,117-H-660,Yea,H001038
"HIGGINS, Brian",20519,D,NY,House,118-H-193,Yea,H001038
"HIGGINS, Brian",20519,D,NY,House,118-H-241,Yea,H001038
"HIGGINS, Brian",20519,D,NY,House,118-H-337,Yea,H001038
"HIGGINS, Brian",20519,D,NY,House,118-H-523,Yea,H001038
"HIGGINS, Brian",20519,D,NY,House,118-H-556,Yea,H001038
"HIGGINS, Brian",20519,D,NY,House,118-H-572,Nay,H001038
"HIGGINS, Brian",20519,D,NY,House,118-H-573,Yea,H001038
"HIGGINS, Brian",20519,D,NY,House,118-H-617,Nay,H001038
"HIGGINS, Brian",20519,D,NY,House,118-H-671,Yea,H001038
"HIGGINS, Brian",20519,D,NY,House,118-H-672,Yea,H001038
"HIGGINS, Brian",20519,D,NY,House,118-H-692,Yea,H001038
"HIGGINS, Brian",20519,D,NY,House,118-H-716,Yea,H001038
"HIGGINS, Brian",20519,D,NY,House,118-H-746,Yea,H001038
"HIGGINS, Clay",21724,R,LA,House,116-H-107,Yea,H001077
"HIGGINS, Clay",21724,R,LA,House,116-H-28,Yea,H001077
"HIGGINS, Clay",21724,R,LA,House,116-H-496,Yea,H001077
"HIGGINS, Clay",21724,R,LA,House,116-H-651,Nay,H001077
"HIGGINS, Clay",21724,R,LA,House,117-H-274,Yea,H001077
"HIGGINS, Clay",21724,R,LA,House,117-H-660,Yea,H001077
"HIGGINS, Clay",21724,R,LA,House,118-H-1146,Yea,H001077
"HIGGINS, Clay",21724,R,LA,House,118-H-1194,Nay,H001077
"HIGGINS, Clay",21724,R,LA,House,118-H-193,Yea,H001077
"HIGGINS, Clay",21724,R,LA,House,118-H-241,Yea,H001077
"HIGGINS, Clay",21724,R,LA,House,118-H-337,Yea,H001077
"HIGGINS, Clay",21724,R,LA,House,118-H-523,Yea,H001077
"HIGGINS, Clay",21724,R,LA,House,118-H-556,Yea,H001077
"HIGGINS, Clay",21724,R,LA,House,118-H-572,Yea,H001077
"HIGGINS, Clay",21724,R,LA,House,118-H-573,Yea,H001077
"HIGGINS, Clay",21724,R,LA,House,118-H-617,Yea,H001077
"HIGGINS, Clay",21724,R,LA,House,118-H-671,Yea,H001077
"HIGGINS, Clay",21724,R,LA,House,118-H-672,Yea,H001077
"HIGGINS, Clay",21724,R,LA,House,118-H-692,Yea,H001077
"HIGGINS, Clay",21724,R,LA,House,118-H-716,Yea,H001077
"HIGGINS, Clay",21724,R,LA,House,118-H-746,Yea,H001077
"HIGGINS, Clay",21724,R,LA,House,118-H-756,Yea,H001077
"HIGGINS, Clay",21724,R,LA,House,118-H-762,Yea,H001077
"HIGGINS, Clay",21724,R,LA,House,118-H-852,Yea,H001077
"HIGGINS, Clay",21724,R,LA,House,118-H-859,Yea,H001077
"HIGGINS, Clay",21724,R,LA,House,118-H-870,Yea,H001077
"HIGGINS, Clay",21724,R,LA,House,118-H-890,Nay,H001077
"HIGGINS, Clay",21724,R,LA,House,118-H-935,Yea,H001077
"HIGGINS, Clay",21724,R,LA,House,119-H-128,Yea,H001077
"HIGGINS, Clay",21724,R,LA,House,119-H-158,Yea,H001077
"HIGGINS, Clay",21724,R,LA,House,119-H-526,Yea,H001077
"HIGGINS, Clay",21724,R,LA,House,119-H-655,Yea,H001077
"HILL, French",21503,R,AR,House,116-H-107,Yea,H001072
"HILL, French",21503,R,AR,House,116-H-28,Yea,H001072
"HILL, French",21503,R,AR,House,116-H-496,Yea,H001072
"HILL, French",21503,R,AR,House,116-H-651,Nay,H001072
"HILL, French",21503,R,AR,House,117-H-274,Yea,H001072
"HILL, French",21503,R,AR,House,117-H-660,Yea,H001072
"HILL, French",21503,R,AR,House,118-H-1146,Yea,H001072
"HILL, French",21503,R,AR,House,118-H-1194,Yea,H001072
"HILL, French",21503,R,AR,House,118-H-193,Yea,H001072
"HILL, French",21503,R,AR,House,118-H-241,Yea,H001072
"HILL, French",21503,R,AR,House,118-H-337,Yea,H001072
"HILL, French",21503,R,AR,House,118-H-523,Yea,H001072
"HILL, French",21503,R,AR,House,118-H-556,Yea,H001072
"HILL, French",21503,R,AR,House,118-H-572,Yea,H001072
"HILL, French",21503,R,AR,House,118-H-573,Yea,H001072
"HILL, French",21503,R,AR,House,118-H-617,Yea,H001072
"HILL, French",21503,R,AR,House,118-H-671,Yea,H001072
"HILL, French",21503,R,AR,House,118-H-672,Yea,H001072
"HILL, French",21503,R,AR,House,118-H-692,Yea,H001072
"HILL, French",21503,R,AR,House,118-H-716,Yea,H001072
"HILL, French",21503,R,AR,House,118-H-746,Yea,H001072
"HILL, French",21503,R,AR,House,118-H-756,Yea,H001072
"HILL, French",21503,R,AR,House,118-H-762,Yea,H001072
"HILL, French",21503,R,AR,House,118-H-852,Yea,H001072
"HILL, French",21503,R,AR,House,118-H-859,Yea,H001072
"HILL, French",21503,R,AR,House,118-H-870,Yea,H001072
"HILL, French",21503,R,AR,House,118-H-890,Yea,H001072
"HILL, French",21503,R,AR,House,118-H-935,Yea,H001072
"HILL, French",21503,R,AR,House,119-H-128,Yea,H001072
"HILL, French",21503,R,AR,House,119-H-158,Yea,H001072
"HILL, French",21503,R,AR,House,119-H-526,Yea,H001072
"HILL, French",21503,R,AR,House,119-H-655,Yea,H001072
"HILL, Katie",21932,D,CA,House,116-H-107,Yea,H001087
"HILL, Katie",21932,D,CA,House,116-H-28,Yea,H001087
"HILL, Katie",21932,D,CA,House,116-H-496,Yea,H001087
"HIMES, James A.",20907,D,CT,House,116-H-107,Yea,H001047
"HIMES, James A.",20907,D,CT,House,116-H-28,Yea,H001047
"HIMES, James A.",20907,D,CT,House,116-H-496,Yea,H001047
"HIMES, James A.",20907,D,CT,House,116-H-651,Yea,H001047
"HIMES, James A.",20907,D,CT,House,117-H-274,Yea,H001047
"HIMES, James A.",20907,D,CT,House,117-H-660,Yea,H001047
"HIMES, James A.",20907,D,CT,House,118-H-1146,Nay,H001047
"HIMES, James A.",20907,D,CT,House,118-H-1194,Yea,H001047
"HIMES, James A.",20907,D,CT,House,118-H-193,Yea,H001047
"HIMES, James A.",20907,D,CT,House,118-H-241,Yea,H001047
"HIMES, James A.",20907,D,CT,House,118-H-337,Yea,H001047
"HIMES, James A.",20907,D,CT,House,118-H-523,Yea,H001047
"HIMES, James A.",20907,D,CT,House,118-H-556,Yea,H001047
"HIMES, James A.",20907,D,CT,House,118-H-572,Nay,H001047
"HIMES, James A.",20907,D,CT,House,118-H-573,Yea,H001047
"HIMES, James A.",20907,D,CT,House,118-H-617,Nay,H001047
"HIMES, James A.",20907,D,CT,House,118-H-671,Yea,H001047
"HIMES, James A.",20907,D,CT,House,118-H-672,Yea,H001047
"HIMES, James A.",20907,D,CT,House,118-H-692,Yea,H001047
"HIMES, James A.",20907,D,CT,House,118-H-716,Nay,H001047
"HIMES, James A.",20907,D,CT,House,118-H-746,Yea,H001047
"HIMES, James A.",20907,D,CT,House,118-H-756,Nay,H001047
"HIMES, James A.",20907,D,CT,House,118-H-762,Yea,H001047
"HIMES, James A.",20907,D,CT,House,118-H-852,Yea,H001047
"HIMES, James A.",20907,D,CT,House,118-H-859,Yea,H001047
"HIMES, James A.",20907,D,CT,House,118-H-870,Yea,H001047
"HIMES, James A.",20907,D,CT,House,118-H-890,Yea,H001047
"HIMES, James A.",20907,D,CT,House,118-H-935,Nay,H001047
"HIMES, James A.",20907,D,CT,House,119-H-128,Yea,H001047
"HIMES, James A.",20907,D,CT,House,119-H-158,Yea,H001047
"HIMES, James A.",20907,D,CT,House,119-H-526,Yea,H001047
"HIMES, James A.",20907,D,CT,House,119-H-655,Nay,H001047
"HINSON, Ashley",22124,R,IA,House,117-H-274,Yea,H001091
"HINSON, Ashley",22124,R,IA,House,117-H-660,Yea,H001091
"HINSON, Ashley",22124,R,IA,House,118-H-1146,Yea,H001091
"HINSON, Ashley",22124,R,IA,House,118-H-1194,Yea,H001091
"HINSON, Ashley",22124,R,IA,House,118-H-193,Yea,H001091
"HINSON, Ashley",22124,R,IA,House,118-H-241,Yea,H001091
"HINSON, Ashley",22124,R,IA,House,118-H-337,Yea,H001091
"HINSON, Ashley",22124,R,IA,House,118-H-523,Yea,H001091
"HINSON, Ashley",22124,R,IA,House,118-H-556,Yea,H001091
"HINSON, Ashley",22124,R,IA,House,118-H-572,Yea,H001091
"HINSON, Ashley",22124,R,IA,House,118-H-573,Yea,H001091
"HINSON, Ashley",22124,R,IA,House,118-H-617,Yea,H001091
"HINSON, Ashley",22124,R,IA,House,118-H-671,Yea,H001091
"HINSON, Ashley",22124,R,IA,House,118-H-672,Yea,H001091
"HINSON, Ashley",22124,R,IA,House,118-H-692,Yea,H001091
"HINSON, Ashley",22124,R,IA,House,118-H-716,Yea,H001091
"HINSON, Ashley",22124,R,IA,House,118-H-746,Yea,H001091
"HINSON, Ashley",22124,R,IA,House,118-H-756,Yea,H001091
"HINSON, Ashley",22124,R,IA,House,118-H-762,Yea,H001091
"HINSON, Ashley",22124,R,IA,House,118-H-852,Yea,H001091
"HINSON, Ashley",22124,R,IA,House,118-H-859,Yea,H001091
"HINSON, Ashley",22124,R,IA,House,118-H-870,Yea,H001091
"HINSON, Ashley",22124,R,IA,House,118-H-890,Yea,H001091
"HINSON, Ashley",22124,R,IA,House,118-H-935,Yea,H001091
"HINSON, Ashley",22124,R,IA,House,119-H-128,Yea,H001091
"HINSON, Ashley",22124,R,IA,House,119-H-158,Yea,H001091
"HINSON, Ashley",22124,R,IA,House,119-H-526,Yea,H001091
"HINSON, Ashley",22124,R,IA,House,119-H-655,Yea,H001091
"HOLDING, George E.B.",21349,R,NC,House,116-H-107,Yea,H001065
"HOLDING, George E.B.",21349,R,NC,House,116-H-28,Yea,H001065
"HOLDING, George E.B.",21349,R,NC,House,116-H-496,Yea,H001065
"HOLDING, George E.B.",21349,R,NC,House,116-H-651,Nay,H001065
"HOLLINGSWORTH, Joseph Albert III",21725,R,IN,House,116-H-107,Yea,H001074
"HOLLINGSWORTH, Joseph Albert III",21725,R,IN,House,116-H-28,Yea,H001074
"HOLLINGSWORTH, Joseph Albert III",21725,R,IN,House,116-H-496,Yea,H001074
"HOLLINGSWORTH, Joseph Albert III",21725,R,IN,House,116-H-651,Nay,H001074
"HOLLINGSWORTH, Joseph Albert III",21725,R,IN,House,117-H-274,Yea,H001074
"HOLLINGSWORTH, Joseph Albert III",21725,R,IN,House,117-H-660,Yea,H001074
"HORN, Kendra",21933,D,OK,House,116-H-107,Yea,H001083
"HORN, Kendra",21933,D,OK,House,116-H-28,Yea,H001083
"HORN, Kendra",21933,D,OK,House,116-H-496,Yea,H001083
"HORN, Kendra",21933,D,OK,House,116-H-651,Yea,H001083
"HORSFORD, Steven",21339,D,NV,House,116-H-107,Yea,H001066
"HORSFORD, Steven",21339,D,NV,House,116-H-28,Yea,H001066
"HORSFORD, Steven",21339,D,NV,House,116-H-496,Yea,H001066
"HORSFORD, Steven",21339,D,NV,House,116-H-651,Yea,H001066
"HORSFORD, Steven",21339,D,NV,House,117-H-274,Yea,H001066
"HORSFORD, Steven",21339,D,NV,House,117-H-660,Yea,H001066
"HORSFORD, Steven",21339,D,NV,House,118-H-1146,Nay,H001066
"HORSFORD, Steven",21339,D,NV,House,118-H-1194,Yea,H001066
"HORSFORD, Steven",21339,D,NV,House,118-H-193,Yea,H001066
"HORSFORD, Steven",21339,D,NV,House,118-H-241,Yea,H001066
"HORSFORD, Steven",21339,D,NV,House,118-H-337,Yea,H001066
"HORSFORD, Steven",21339,D,NV,House,118-H-523,Yea,H001066
"HORSFORD, Steven",21339,D,NV,House,118-H-556,Yea,H001066
"HORSFORD, Steven",21339,D,NV,House,118-H-572,Nay,H001066
"HORSFORD, Steven",21339,D,NV,House,118-H-573,Yea,H001066
"HORSFORD, Steven",21339,D,NV,House,118-H-617,Nay,H001066
"HORSFORD, Steven",21339,D,NV,House,118-H-671,Yea,H001066
"HORSFORD, Steven",21339,D,NV,House,118-H-672,Yea,H001066
"HORSFORD, Steven",21339,D,NV,House,118-H-692,Yea,H001066
"HORSFORD, Steven",21339,D,NV,House,118-H-716,Yea,H001066
"HORSFORD, Steven",21339,D,NV,House,118-H-746,Yea,H001066
"HORSFORD, Steven",21339,D,NV,House,118-H-756,Nay,H001066
"HORSFORD, Steven",21339,D,NV,House,118-H-762,Yea,H001066
"HORSFORD, Steven",21339,D,NV,House,118-H-852,Yea,H001066
"HORSFORD, Steven",21339,D,NV,House,118-H-859,Yea,H001066
"HORSFORD, Steven",21339,D,NV,House,118-H-870,Yea,H001066
"HORSFORD, Steven",21339,D,NV,House,118-H-890,Yea,H001066
"HORSFORD, Steven",21339,D,NV,House,118-H-935,Nay,H001066
"HORSFORD, Steven",21339,D,NV,House,119-H-128,Yea,H001066
"HORSFORD, Steven",21339,D,NV,House,119-H-158,Yea,H001066
"HORSFORD, Steven",21339,D,NV,House,119-H-526,Yea,H001066
"HORSFORD, Steven",21339,D,NV,House,119-H-655,Nay,H001066
"HOUCHIN, Erin",22326,R,IN,House,118-H-1146,Yea,H001093
"HOUCHIN, Erin",22326,R,IN,House,118-H-1194,Yea,H001093
"HOUCHIN, Erin",22326,R,IN,House,118-H-193,Yea,H001093
"HOUCHIN, Erin",22326,R,IN,House,118-H-241,Yea,H001093
"HOUCHIN, Erin",22326,R,IN,House,118-H-337,Yea,H001093
"HOUCHIN, Erin",22326,R,IN,House,118-H-523,Yea,H001093
"HOUCHIN, Erin",22326,R,IN,House,118-H-556,Yea,H001093
"HOUCHIN, Erin",22326,R,IN,House,118-H-572,Yea,H001093
"HOUCHIN, Erin",22326,R,IN,House,118-H-573,Yea,H001093
"HOUCHIN, Erin",22326,R,IN,House,118-H-617,Yea,H001093
"HOUCHIN, Erin",22326,R,IN,House,118-H-671,Yea,H001093
"HOUCHIN, Erin",22326,R,IN,House,118-H-672,Yea,H001093
"HOUCHIN, Erin",22326,R,IN,House,118-H-692,Yea,H001093
"HOUCHIN, Erin",22326,R,IN,House,118-H-716,Yea,H001093
"HOUCHIN, Erin",22326,R,IN,House,118-H-746,Yea,H001093
"HOUCHIN, Erin",22326,R,IN,House,118-H-756,Yea,H001093
"HOUCHIN, Erin",22326,R,IN,House,118-H-762,Yea,H001093
"HOUCHIN, Erin",22326,R,IN,House,118-H-852,Yea,H001093
"HOUCHIN, Erin",22326,R,IN,House,118-H-859,Yea,H001093
"HOUCHIN, Erin",22326,R,IN,House,118-H-870,Yea,H001093
"HOUCHIN, Erin",22326,R,IN,House,118-H-890,Yea,H001093
"HOUCHIN, Erin",22326,R,IN,House,118-H-935,Yea,H001093
"HOUCHIN, Erin",22326,R,IN,House,119-H-128,Yea,H001093
"HOUCHIN, Erin",22326,R,IN,House,119-H-158,Yea,H001093
"HOUCHIN, Erin",22326,R,IN,House,119-H-526,Yea,H001093
"HOUCHIN, Erin",22326,R,IN,House,119-H-655,Yea,H001093
"HOULAHAN, Christina",21934,D,PA,House,116-H-107,Yea,H001085
"HOULAHAN, Christina",21934,D,PA,House,116-H-28,Yea,H001085
"HOULAHAN, Christina",21934,D,PA,House,116-H-496,Yea,H001085
"HOULAHAN, Christina",21934,D,PA,House,116-H-651,Yea,H001085
"HOULAHAN, Christina",21934,D,PA,House,117-H-274,Yea,H001085
"HOULAHAN, Christina",21934,D,PA,House,117-H-660,Yea,H001085
"HOULAHAN, Christina",21934,D,PA,House,118-H-1146,Nay,H001085
"HOULAHAN, Christina",21934,D,PA,House,118-H-1194,Yea,H001085
"HOULAHAN, Christina",21934,D,PA,House,118-H-193,Yea,H001085
"HOULAHAN, Christina",21934,D,PA,House,118-H-241,Not voting,H001085
"HOULAHAN, Christina",21934,D,PA,House,118-H-337,Yea,H001085
"HOULAHAN, Christina",21934,D,PA,House,118-H-523,Yea,H001085
"HOULAHAN, Christina",21934,D,PA,House,118-H-556,Yea,H001085
"HOULAHAN, Christina",21934,D,PA,House,118-H-572,Nay,H001085
"HOULAHAN, Christina",21934,D,PA,House,118-H-573,Yea,H001085
"HOULAHAN, Christina",21934,D,PA,House,118-H-617,Nay,H001085
"HOULAHAN, Christina",21934,D,PA,House,118-H-671,Yea,H001085
"HOULAHAN, Christina",21934,D,PA,House,118-H-672,Yea,H001085
"HOULAHAN, Christina",21934,D,PA,House,118-H-692,Present,H001085
"HOULAHAN, Christina",21934,D,PA,House,118-H-716,Present,H001085
"HOULAHAN, Christina",21934,D,PA,House,118-H-746,Yea,H001085
"HOULAHAN, Christina",21934,D,PA,House,118-H-756,Nay,H001085
"HOULAHAN, Christina",21934,D,PA,House,118-H-762,Yea,H001085
"HOULAHAN, Christina",21934,D,PA,House,118-H-852,Yea,H001085
"HOULAHAN, Christina",21934,D,PA,House,118-H-859,Yea,H001085
"HOULAHAN, Christina",21934,D,PA,House,118-H-870,Yea,H001085
"HOULAHAN, Christina",21934,D,PA,House,118-H-890,Yea,H001085
"HOULAHAN, Christina",21934,D,PA,House,118-H-935,Nay,H001085
"HOULAHAN, Christina",21934,D,PA,House,119-H-128,Yea,H001085
"HOULAHAN, Christina",21934,D,PA,House,119-H-158,Yea,H001085
"HOULAHAN, Christina",21934,D,PA,House,119-H-526,Yea,H001085
"HOULAHAN, Christina",21934,D,PA,House,119-H-655,Not voting,H001085
"HOYER, Steny Hamilton",14873,D,MD,House,116-H-107,Yea,H000874
"HOYER, Steny Hamilton",14873,D,MD,House,116-H-28,Yea,H000874
"HOYER, Steny Hamilton",14873,D,MD,House,116-H-496,Yea,H000874
"HOYER, Steny Hamilton",14873,D,MD,House,116-H-651,Yea,H000874
"HOYER, Steny Hamilton",14873,D,MD,House,117-H-274,Yea,H000874
"HOYER, Steny Hamilton",14873,D,MD,House,117-H-660,Yea,H000874
"HOYER, Steny Hamilton",14873,D,MD,House,118-H-1146,Nay,H000874
"HOYER, Steny Hamilton",14873,D,MD,House,118-H-1194,Yea,H000874
"HOYER, Steny Hamilton",14873,D,MD,House,118-H-193,Yea,H000874
"HOYER, Steny Hamilton",14873,D,MD,House,118-H-241,Yea,H000874
"HOYER, Steny Hamilton",14873,D,MD,House,118-H-337,Yea,H000874
"HOYER, Steny Hamilton",14873,D,MD,House,118-H-523,Yea,H000874
"HOYER, Steny Hamilton",14873,D,MD,House,118-H-556,Yea,H000874
"HOYER, Steny Hamilton",14873,D,MD,House,118-H-572,Nay,H000874
"HOYER, Steny Hamilton",14873,D,MD,House,118-H-573,Yea,H000874
"HOYER, Steny Hamilton",14873,D,MD,House,118-H-617,Nay,H000874
"HOYER, Steny Hamilton",14873,D,MD,House,118-H-671,Yea,H000874
"HOYER, Steny Hamilton",14873,D,MD,House,118-H-672,Yea,H000874
"HOYER, Steny Hamilton",14873,D,MD,House,118-H-692,Yea,H000874
"HOYER, Steny Hamilton",14873,D,MD,House,118-H-716,Yea,H000874
"HOYER, Steny Hamilton",14873,D,MD,House,118-H-746,Yea,H000874
"HOYER, Steny Hamilton",14873,D,MD,House,118-H-756,Nay,H000874
"HOYER, Steny Hamilton",14873,D,MD,House,118-H-762,Yea,H000874
"HOYER, Steny Hamilton",14873,D,MD,House,118-H-852,Yea,H000874
"HOYER, Steny Hamilton",14873,D,MD,House,118-H-859,Yea,H000874
"HOYER, Steny Hamilton",14873,D,MD,House,118-H-870,Yea,H000874
"HOYER, Steny Hamilton",14873,D,MD,House,118-H-890,Yea,H000874
"HOYER, Steny Hamilton",14873,D,MD,House,118-H-935,Nay,H000874
"HOYER, Steny Hamilton",14873,D,MD,House,119-H-128,Yea,H000874
"HOYER, Steny Hamilton",14873,D,MD,House,119-H-158,Yea,H000874
"HOYER, Steny Hamilton",14873,D,MD,House,119-H-526,Yea,H000874
"HOYER, Steny Hamilton",14873,D,MD,House,119-H-655,Nay,H000874
"HOYLE, Val",22327,D,OR,House,118-H-1146,Nay,H001094
"HOYLE, Val",22327,D,OR,House,118-H-1194,Yea,H001094
"HOYLE, Val",22327,D,OR,House,118-H-193,Yea,H001094
"HOYLE, Val",22327,D,OR,House,118-H-241,Yea,H001094
"HOYLE, Val",22327,D,OR,House,118-H-337,Yea,H001094
"HOYLE, Val",22327,D,OR,House,118-H-523,Yea,H001094
"HOYLE, Val",22327,D,OR,House,118-H-556,Yea,H001094
"HOYLE, Val",22327,D,OR,House,118-H-572,Nay,H001094
"HOYLE, Val",22327,D,OR,House,118-H-573,Yea,H001094
"HOYLE, Val",22327,D,OR,House,118-H-617,Nay,H001094
"HOYLE, Val",22327,D,OR,House,118-H-671,Yea,H001094
"HOYLE, Val",22327,D,OR,House,118-H-672,Yea,H001094
"HOYLE, Val",22327,D,OR,House,118-H-692,Present,H001094
"HOYLE, Val",22327,D,OR,House,118-H-716,Nay,H001094
"HOYLE, Val",22327,D,OR,House,118-H-746,Yea,H001094
"HOYLE, Val",22327,D,OR,House,118-H-756,Nay,H001094
"HOYLE, Val",22327,D,OR,House,118-H-762,Yea,H001094
"HOYLE, Val",22327,D,OR,House,118-H-852,Yea,H001094
"HOYLE, Val",22327,D,OR,House,118-H-859,Yea,H001094
"HOYLE, Val",22327,D,OR,House,118-H-870,Yea,H001094
"HOYLE, Val",22327,D,OR,House,118-H-890,Nay,H001094
"HOYLE, Val",22327,D,OR,House,118-H-935,Nay,H001094
"HOYLE, Val",22327,D,OR,House,119-H-128,Yea,H001094
"HOYLE, Val",22327,D,OR,House,119-H-158,Yea,H001094
"HOYLE, Val",22327,D,OR,House,119-H-526,Yea,H001094
"HOYLE, Val",22327,D,OR,House,119-H-655,Nay,H001094
"HUDSON, Richard",21346,R,NC,House,116-H-107,Yea,H001067
"HUDSON, Richard",21346,R,NC,House,116-H-28,Yea,H001067
"HUDSON, Richard",21346,R,NC,House,116-H-496,Yea,H001067
"HUDSON, Richard",21346,R,NC,House,116-H-651,Nay,H001067
"HUDSON, Richard",21346,R,NC,House,117-H-274,Yea,H001067
"HUDSON, Richard",21346,R,NC,House,117-H-660,Yea,H001067
"HUDSON, Richard",21346,R,NC,House,118-H-1146,Yea,H001067
"HUDSON, Richard",21346,R,NC,House,118-H-1194,Yea,H001067
"HUDSON, Richard",21346,R,NC,House,118-H-193,Yea,H001067
"HUDSON, Richard",21346,R,NC,House,118-H-241,Yea,H001067
"HUDSON, Richard",21346,R,NC,House,118-H-337,Yea,H001067
"HUDSON, Richard",21346,R,NC,House,118-H-523,Yea,H001067
"HUDSON, Richard",21346,R,NC,House,118-H-556,Yea,H001067
"HUDSON, Richard",21346,R,NC,House,118-H-572,Yea,H001067
"HUDSON, Richard",21346,R,NC,House,118-H-573,Yea,H001067
"HUDSON, Richard",21346,R,NC,House,118-H-617,Yea,H001067
"HUDSON, Richard",21346,R,NC,House,118-H-671,Yea,H001067
"HUDSON, Richard",21346,R,NC,House,118-H-672,Yea,H001067
"HUDSON, Richard",21346,R,NC,House,118-H-692,Yea,H001067
"HUDSON, Richard",21346,R,NC,House,118-H-716,Yea,H001067
"HUDSON, Richard",21346,R,NC,House,118-H-746,Yea,H001067
"HUDSON, Richard",21346,R,NC,House,118-H-756,Yea,H001067
"HUDSON, Richard",21346,R,NC,House,118-H-762,Yea,H001067
"HUDSON, Richard",21346,R,NC,House,118-H-852,Yea,H001067
"HUDSON, Richard",21346,R,NC,House,118-H-859,Yea,H001067
"HUDSON, Richard",21346,R,NC,House,118-H-870,Yea,H001067
"HUDSON, Richard",21346,R,NC,House,118-H-890,Yea,H001067
"HUDSON, Richard",21346,R,NC,House,118-H-935,Yea,H001067
"HUDSON, Richard",21346,R,NC,House,119-H-128,Yea,H001067
"HUDSON, Richard",21346,R,NC,House,119-H-158,Yea,H001067
"HUDSON, Richard",21346,R,NC,House,119-H-526,Yea,H001067
"HUDSON, Richard",21346,R,NC,House,119-H-655,Yea,H001067
"HUFFMAN, Jared",21303,D,CA,House,116-H-107,Yea,H001068
"HUFFMAN, Jared",21303,D,CA,House,116-H-28,Yea,H001068
"HUFFMAN, Jared",21303,D,CA,House,116-H-496,Present,H001068
"HUFFMAN, Jared",21303,D,CA,House,116-H-651,Yea,H001068
"HUFFMAN, Jared",21303,D,CA,House,117-H-274,Yea,H001068
"HUFFMAN, Jared",21303,D,CA,House,117-H-660,Yea,H001068
"HUFFMAN, Jared",21303,D,CA,House,118-H-1146,Nay,H001068
"HUFFMAN, Jared",21303,D,CA,House,118-H-1194,Yea,H001068
"HUFFMAN, Jared",21303,D,CA,House,118-H-193,Nay,H001068
"HUFFMAN, Jared",21303,D,CA,House,118-H-241,Yea,H001068
"HUFFMAN, Jared",21303,D,CA,House,118-H-337,Yea,H001068
"HUFFMAN, Jared",21303,D,CA,House,118-H-523,Yea,H001068
"HUFFMAN, Jared",21303,D,CA,House,118-H-556,Nay,H001068
"HUFFMAN, Jared",21303,D,CA,House,118-H-572,Nay,H001068
"HUFFMAN, Jared",21303,D,CA,House,118-H-573,Nay,H001068
"HUFFMAN, Jared",21303,D,CA,House,118-H-617,Nay,H001068
"HUFFMAN, Jared",21303,D,CA,House,118-H-671,Yea,H001068
"HUFFMAN, Jared",21303,D,CA,House,118-H-672,Yea,H001068
"HUFFMAN, Jared",21303,D,CA,House,118-H-692,Yea,H001068
"HUFFMAN, Jared",21303,D,CA,House,118-H-716,Nay,H001068
"HUFFMAN, Jared",21303,D,CA,House,118-H-746,Yea,H001068
"HUFFMAN, Jared",21303,D,CA,House,118-H-756,Nay,H001068
"HUFFMAN, Jared",21303,D,CA,House,118-H-762,Yea,H001068
"HUFFMAN, Jared",21303,D,CA,House,118-H-852,Nay,H001068
"HUFFMAN, Jared",21303,D,CA,House,118-H-859,Yea,H001068
"HUFFMAN, Jared",21303,D,CA,House,118-H-870,Yea,H001068
"HUFFMAN, Jared",21303,D,CA,House,118-H-890,Yea,H001068
"HUFFMAN, Jared",21303,D,CA,House,118-H-935,Nay,H001068
"HUFFMAN, Jared",21303,D,CA,House,119-H-128,Yea,H001068
"HUFFMAN, Jared",21303,D,CA,House,119-H-158,Not voting,H001068
"HUFFMAN, Jared",21303,D,CA,House,119-H-526,Yea,H001068
"HUFFMAN, Jared",21303,D,CA,House,119-H-655,Nay,H001068
"HUIZENGA, Bill",21142,R,MI,House,116-H-107,Yea,H001058
"HUIZENGA, Bill",21142,R,MI,House,116-H-28,Yea,H001058
"HUIZENGA, Bill",21142,R,MI,House,116-H-496,Yea,H001058
"HUIZENGA, Bill",21142,R,MI,House,116-H-651,Nay,H001058
"HUIZENGA, Bill",21142,R,MI,House,117-H-274,Yea,H001058
"HUIZENGA, Bill",21142,R,MI,House,117-H-660,Yea,H001058
"HUIZENGA, Bill",21142,R,MI,House,118-H-1146,Yea,H001058
"HUIZENGA, Bill",21142,R,MI,House,118-H-1194,Yea,H001058
"HUIZENGA, Bill",21142,R,MI,House,118-H-193,Yea,H001058
"HUIZENGA, Bill",21142,R,MI,House,118-H-241,Yea,H001058
"HUIZENGA, Bill",21142,R,MI,House,118-H-337,Yea,H001058
"HUIZENGA, Bill",21142,R,MI,House,118-H-523,Yea,H001058
"HUIZENGA, Bill",21142,R,MI,House,118-H-556,Yea,H001058
"HUIZENGA, Bill",21142,R,MI,House,118-H-572,Yea,H001058
"HUIZENGA, Bill",21142,R,MI,House,118-H-573,Yea,H001058
"HUIZENGA, Bill",21142,R,MI,House,118-H-617,Yea,H001058
"HUIZENGA, Bill",21142,R,MI,House,118-H-671,Yea,H001058
"HUIZENGA, Bill",21142,R,MI,House,118-H-672,Yea,H001058
"HUIZENGA, Bill",21142,R,MI,House,118-H-692,Yea,H001058
"HUIZENGA, Bill",21142,R,MI,House,118-H-716,Yea,H001058
"HUIZENGA, Bill",21142,R,MI,House,118-H-746,Yea,H001058
"HUIZENGA, Bill",21142,R,MI,House,118-H-756,Yea,H001058
"HUIZENGA, Bill",21142,R,MI,House,118-H-762,Yea,H001058
"HUIZENGA, Bill",21142,R,MI,House,118-H-852,Yea,H001058
"HUIZENGA, Bill",21142,R,MI,House,118-H-859,Yea,H001058
"HUIZENGA, Bill",21142,R,MI,House,118-H-870,Yea,H001058
"HUIZENGA, Bill",21142,R,MI,House,118-H-890,Yea,H001058
"HUIZENGA, Bill",21142,R,MI,House,118-H-935,Yea,H001058
"HUIZENGA, Bill",21142,R,MI,House,119-H-128,Not voting,H001058
"HUIZENGA, Bill",21142,R,MI,House,119-H-158,Yea,H001058
"HUIZENGA, Bill",21142,R,MI,House,119-H-526,Yea,H001058
"HUIZENGA, Bill",21142,R,MI,House,119-H-655,Yea,H001058
"HUNT, Wesley",22328,R,TX,House,118-H-1146,Yea,H001095
"HUNT, Wesley",22328,R,TX,House,118-H-1194,Nay,H001095
"HUNT, Wesley",22328,R,TX,House,118-H-193,Yea,H001095
"HUNT, Wesley",22328,R,TX,House,118-H-241,Yea,H001095
"HUNT, Wesley",22328,R,TX,House,118-H-337,Yea,H001095
"HUNT, Wesley",22328,R,TX,House,118-H-523,Yea,H001095
"HUNT, Wesley",22328,R,TX,House,118-H-556,Yea,H001095
"HUNT, Wesley",22328,R,TX,House,118-H-572,Yea,H001095
"HUNT, Wesley",22328,R,TX,House,118-H-573,Yea,H001095
"HUNT, Wesley",22328,R,TX,House,118-H-617,Yea,H001095
"HUNT, Wesley",22328,R,TX,House,118-H-671,Yea,H001095
"HUNT, Wesley",22328,R,TX,House,118-H-672,Yea,H001095
"HUNT, Wesley",22328,R,TX,House,118-H-692,Yea,H001095
"HUNT, Wesley",22328,R,TX,House,118-H-716,Yea,H001095
"HUNT, Wesley",22328,R,TX,House,118-H-746,Yea,H001095
"HUNT, Wesley",22328,R,TX,House,118-H-756,Yea,H001095
"HUNT, Wesley",22328,R,TX,House,118-H-762,Yea,H001095
"HUNT, Wesley",22328,R,TX,House,118-H-852,Yea,H001095
"HUNT, Wesley",22328,R,TX,House,118-H-859,Not voting,H001095
"HUNT, Wesley",22328,R,TX,House,118-H-870,Not voting,H001095
"HUNT, Wesley",22328,R,TX,House,118-H-890,Nay,H001095
"HUNT, Wesley",22328,R,TX,House,118-H-935,Yea,H001095
"HUNT, Wesley",22328,R,TX,House,119-H-128,Yea,H001095
"HUNT, Wesley",22328,R,TX,House,119-H-158,Not voting,H001095
"HUNT, Wesley",22328,R,TX,House,119-H-526,Yea,H001095
"HUNT, Wesley",22328,R,TX,House,119-H-655,Yea,H001095
"HUNTER, Duncan Duane",20963,R,CA,House,116-H-107,Yea,H001048
"HUNTER, Duncan Duane",20963,R,CA,House,116-H-28,Yea,H001048
"HUNTER, Duncan Duane",20963,R,CA,House,116-H-496,Yea,H001048
"HUNTER, Duncan Duane",20963,R,CA,House,116-H-651,Not voting,H001048
"HURD, Jeff",22526,R,CO,House,119-H-128,Yea,H001100
"HURD, Jeff",22526,R,CO,House,119-H-158,Yea,H001100
"HURD, Jeff",22526,R,CO,House,119-H-526,Yea,H001100
"HURD, Jeff",22526,R,CO,House,119-H-655,Yea,H001100
"HURD, William Ballard",21550,R,TX,House,116-H-107,Yea,H001073
"HURD, William Ballard",21550,R,TX,House,116-H-28,Yea,H001073
"HURD, William Ballard",21550,R,TX,House,116-H-496,Yea,H001073
"HURD, William Ballard",21550,R,TX,House,116-H-651,Nay,H001073
"ISSA, Darrell",20107,R,CA,House,117-H-274,Yea,I000056
"ISSA, Darrell",20107,R,CA,House,117-H-660,Yea,I000056
"ISSA, Darrell",20107,R,CA,House,118-H-1146,Yea,I000056
"ISSA, Darrell",20107,R,CA,House,118-H-1194,Yea,I000056
"ISSA, Darrell",20107,R,CA,House,118-H-193,Yea,I000056
"ISSA, Darrell",20107,R,CA,House,118-H-241,Yea,I000056
"ISSA, Darrell",20107,R,CA,House,118-H-337,Yea,I000056
"ISSA, Darrell",20107,R,CA,House,118-H-523,Yea,I000056
"ISSA, Darrell",20107,R,CA,House,118-H-556,Yea,I000056
"ISSA, Darrell",20107,R,CA,House,118-H-572,Yea,I000056
"ISSA, Darrell",20107,R,CA,House,118-H-573,Yea,I000056
"ISSA, Darrell",20107,R,CA,House,118-H-617,Yea,I000056
"ISSA, Darrell",20107,R,CA,House,118-H-671,Yea,I000056
"ISSA, Darrell",20107,R,CA,House,118-H-672,Yea,I000056
"ISSA, Darrell",20107,R,CA,House,118-H-692,Yea,I000056
"ISSA, Darrell",20107,R,CA,House,118-H-716,Yea,I000056
"ISSA, Darrell",20107,R,CA,House,118-H-746,Yea,I000056
"ISSA, Darrell",20107,R,CA,House,118-H-756,Yea,I000056
"ISSA, Darrell",20107,R,CA,House,118-H-762,Yea,I000056
"ISSA, Darrell",20107,R,CA,House,118-H-852,Yea,I000056
"ISSA, Darrell",20107,R,CA,House,118-H-859,Yea,I000056
"ISSA, Darrell",20107,R,CA,House,118-H-870,Yea,I000056
"ISSA, Darrell",20107,R,CA,House,118-H-890,Yea,I000056
"ISSA, Darrell",20107,R,CA,House,118-H-935,Yea,I000056
"ISSA, Darrell",20107,R,CA,House,119-H-128,Yea,I000056
"ISSA, Darrell",20107,R,CA,House,119-H-158,Yea,I000056
"ISSA, Darrell",20107,R,CA,House,119-H-526,Yea,I000056
"ISSA, Darrell",20107,R,CA,House,119-H-655,Yea,I000056
"IVEY, Glenn",22329,D,MD,House,118-H-1146,Nay,I000058
"IVEY, Glenn",22329,D,MD,House,118-H-1194,Yea,I000058
"IVEY, Glenn",22329,D,MD,House,118-H-193,Yea,I000058
"IVEY, Glenn",22329,D,MD,House,118-H-241,Yea,I000058
"IVEY, Glenn",22329,D,MD,House,118-H-337,Yea,I000058
"IVEY, Glenn",22329,D,MD,House,118-H-523,Yea,I000058
"IVEY, Glenn",22329,D,MD,House,118-H-556,Nay,I000058
"IVEY, Glenn",22329,D,MD,House,118-H-572,Nay,I000058
"IVEY, Glenn",22329,D,MD,House,118-H-573,Yea,I000058
"IVEY, Glenn",22329,D,MD,House,118-H-617,Nay,I000058
"IVEY, Glenn",22329,D,MD,House,118-H-671,Yea,I000058
"IVEY, Glenn",22329,D,MD,House,118-H-672,Yea,I000058
"IVEY, Glenn",22329,D,MD,House,118-H-692,Present,I000058
"IVEY, Glenn",22329,D,MD,House,118-H-716,Yea,I000058
"IVEY, Glenn",22329,D,MD,House,118-H-746,Yea,I000058
"IVEY, Glenn",22329,D,MD,House,118-H-756,Nay,I000058
"IVEY, Glenn",22329,D,MD,House,118-H-762,Yea,I000058
"IVEY, Glenn",22329,D,MD,House,118-H-852,Yea,I000058
"IVEY, Glenn",22329,D,MD,House,118-H-859,Yea,I000058
"IVEY, Glenn",22329,D,MD,House,118-H-870,Yea,I000058
"IVEY, Glenn",22329,D,MD,House,118-H-890,Yea,I000058
"IVEY, Glenn",22329,D,MD,House,118-H-935,Nay,I000058
"IVEY, Glenn",22329,D,MD,House,119-H-128,Yea,I000058
"IVEY, Glenn",22329,D,MD,House,119-H-158,Yea,I000058
"IVEY, Glenn",22329,D,MD,House,119-H-526,Yea,I000058
"IVEY, Glenn",22329,D,MD,House,119-H-655,Nay,I000058
"JACK, Brian",22527,R,GA,House,119-H-128,Yea,J000311
"JACK, Brian",22527,R,GA,House,119-H-158,Yea,J000311
"JACK, Brian",22527,R,GA,House,119-H-526,Yea,J000311
"JACK, Brian",22527,R,GA,House,119-H-655,Yea,J000311
"JACKSON LEE, Sheila",29573,D,TX,House,116-H-107,Yea,J000032
"JACKSON LEE, Sheila",29573,D,TX,House,116-H-28,Yea,J000032
"JACKSON LEE, Sheila",29573,D,TX,House,116-H-496,Yea,J000032
"JACKSON LEE, Sheila",29573,D,TX,House,116-H-651,Yea,J000032
"JACKSON LEE, Sheila",29573,D,TX,House,117-H-274,Yea,J000032
"JACKSON LEE, Sheila",29573,D,TX,House,117-H-660,Yea,J000032
"JACKSON LEE, Sheila",29573,D,TX,House,118-H-193,Yea,J000032
"JACKSON LEE, Sheila",29573,D,TX,House,118-H-241,Yea,J000032
"JACKSON LEE, Sheila",29573,D,TX,House,118-H-337,Yea,J000032
"JACKSON LEE, Sheila",29573,D,TX,House,118-H-523,Yea,J000032
"JACKSON LEE, Sheila",29573,D,TX,House,118-H-556,Not voting,J000032
"JACKSON LEE, Sheila",29573,D,TX,House,118-H-572,Not voting,J000032
"JACKSON LEE, Sheila",29573,D,TX,House,118-H-573,Not voting,J000032
"JACKSON LEE, Sheila",29573,D,TX,House,118-H-617,Not voting,J000032
"JACKSON LEE, Sheila",29573,D,TX,House,118-H-671,Not voting,J000032
"JACKSON LEE, Sheila",29573,D,TX,House,118-H-672,Not voting,J000032
"JACKSON LEE, Sheila",29573,D,TX,House,118-H-692,Not voting,J000032
"JACKSON LEE, Sheila",29573,D,TX,House,118-H-716,Nay,J000032
"JACKSON LEE, Sheila",29573,D,TX,House,118-H-746,Yea,J000032
"JACKSON LEE, Sheila",29573,D,TX,House,118-H-756,Nay,J000032
"JACKSON LEE, Sheila",29573,D,TX,House,118-H-762,Yea,J000032
"JACKSON LEE, Sheila",29573,D,TX,House,118-H-852,Yea,J000032
"JACKSON LEE, Sheila",29573,D,TX,House,118-H-859,Yea,J000032
"JACKSON LEE, Sheila",29573,D,TX,House,118-H-870,Yea,J000032
"JACKSON LEE, Sheila",29573,D,TX,House,118-H-890,Yea,J000032
"JACKSON LEE, Sheila",29573,D,TX,House,118-H-935,Not voting,J000032
"JACKSON, Jeff",22331,D,NC,House,118-H-1146,Nay,J000308
"JACKSON, Jeff",22331,D,NC,House,118-H-1194,Not voting,J000308
"JACKSON, Jeff",22331,D,NC,House,118-H-193,Yea,J000308
"JACKSON, Jeff",22331,D,NC,House,118-H-241,Yea,J000308
"JACKSON, Jeff",22331,D,NC,House,118-H-337,Yea,J000308
"JACKSON, Jeff",22331,D,NC,House,118-H-523,Yea,J000308
"JACKSON, Jeff",22331,D,NC,House,118-H-556,Yea,J000308
"JACKSON, Jeff",22331,D,NC,House,118-H-572,Nay,J000308
"JACKSON, Jeff",22331,D,NC,House,118-H-573,Yea,J000308
"JACKSON, Jeff",22331,D,NC,House,118-H-617,Nay,J000308
"JACKSON, Jeff",22331,D,NC,House,118-H-671,Yea,J000308
"JACKSON, Jeff",22331,D,NC,House,118-H-672,Yea,J000308
"JACKSON, Jeff",22331,D,NC,House,118-H-692,Yea,J000308
"JACKSON, Jeff",22331,D,NC,House,118-H-716,Yea,J000308
"JACKSON, Jeff",22331,D,NC,House,118-H-746,Yea,J000308
"JACKSON, Jeff",22331,D,NC,House,118-H-756,Nay,J000308
"JACKSON, Jeff",22331,D,NC,House,118-H-762,Yea,J000308
"JACKSON, Jeff",22331,D,NC,House,118-H-852,Yea,J000308
"JACKSON, Jeff",22331,D,NC,House,118-H-859,Yea,J000308
"JACKSON, Jeff",22331,D,NC,House,118-H-870,Yea,J000308
"JACKSON, Jeff",22331,D,NC,House,118-H-890,Yea,J000308
"JACKSON, Jeff",22331,D,NC,House,118-H-935,Nay,J000308
"JACKSON, Jonathan",22330,D,IL,House,118-H-1146,Nay,J000309
"JACKSON, Jonathan",22330,D,IL,House,118-H-1194,Yea,J000309
"JACKSON, Jonathan",22330,D,IL,House,118-H-193,Yea,J000309
"JACKSON, Jonathan",22330,D,IL,House,118-H-241,Yea,J000309
"JACKSON, Jonathan",22330,D,IL,House,118-H-337,Not voting,J000309
"JACKSON, Jonathan",22330,D,IL,House,118-H-523,Yea,J000309
"JACKSON, Jonathan",22330,D,IL,House,118-H-556,Nay,J000309
"JACKSON, Jonathan",22330,D,IL,House,118-H-572,Nay,J000309
"JACKSON, Jonathan",22330,D,IL,House,118-H-573,Nay,J000309
"JACKSON, Jonathan",22330,D,IL,House,118-H-617,Nay,J000309
"JACKSON, Jonathan",22330,D,IL,House,118-H-671,Yea,J000309
"JACKSON, Jonathan",22330,D,IL,House,118-H-672,Yea,J000309
"JACKSON, Jonathan",22330,D,IL,House,118-H-692,Present,J000309
"JACKSON, Jonathan",22330,D,IL,House,118-H-716,Nay,J000309
"JACKSON, Jonathan",22330,D,IL,House,118-H-746,Yea,J000309
"JACKSON, Jonathan",22330,D,IL,House,118-H-756,Nay,J000309
"JACKSON, Jonathan",22330,D,IL,House,118-H-762,Yea,J000309
"JACKSON, Jonathan",22330,D,IL,House,118-H-852,Nay,J000309
"JACKSON, Jonathan",22330,D,IL,House,118-H-859,Nay,J000309
"JACKSON, Jonathan",22330,D,IL,House,118-H-870,Nay,J000309
"JACKSON, Jonathan",22330,D,IL,House,118-H-890,Nay,J000309
"JACKSON, Jonathan",22330,D,IL,House,118-H-935,Nay,J000309
"JACKSON, Jonathan",22330,D,IL,House,119-H-128,Yea,J000309
"JACKSON, Jonathan",22330,D,IL,House,119-H-158,Yea,J000309
"JACKSON, Jonathan",22330,D,IL,House,119-H-526,Yea,J000309
"JACKSON, Jonathan",22330,D,IL,House,119-H-655,Nay,J000309
"JACKSON, Ronny",22125,R,TX,House,117-H-274,Yea,J000304
"JACKSON, Ronny",22125,R,TX,House,117-H-660,Yea,J000304
"JACKSON, Ronny",22125,R,TX,House,118-H-1146,Yea,J000304
"JACKSON, Ronny",22125,R,TX,House,118-H-1194,Nay,J000304
"JACKSON, Ronny",22125,R,TX,House,118-H-193,Yea,J000304
"JACKSON, Ronny",22125,R,TX,House,118-H-241,Not voting,J000304
"JACKSON, Ronny",22125,R,TX,House,118-H-337,Yea,J000304
"JACKSON, Ronny",22125,R,TX,House,118-H-523,Yea,J000304
"JACKSON, Ronny",22125,R,TX,House,118-H-556,Yea,J000304
"JACKSON, Ronny",22125,R,TX,House,118-H-572,Yea,J000304
"JACKSON, Ronny",22125,R,TX,House,118-H-573,Yea,J000304
"JACKSON, Ronny",22125,R,TX,House,118-H-617,Yea,J000304
"JACKSON, Ronny",22125,R,TX,House,118-H-671,Yea,J000304
"JACKSON, Ronny",22125,R,TX,House,118-H-672,Yea,J000304
"JACKSON, Ronny",22125,R,TX,House,118-H-692,Yea,J000304
"JACKSON, Ronny",22125,R,TX,House,118-H-716,Yea,J000304
"JACKSON, Ronny",22125,R,TX,House,118-H-746,Yea,J000304
"JACKSON, Ronny",22125,R,TX,House,118-H-756,Yea,J000304
"JACKSON, Ronny",22125,R,TX,House,118-H-762,Yea,J000304
"JACKSON, Ronny",22125,R,TX,House,118-H-852,Yea,J000304
"JACKSON, Ronny",22125,R,TX,House,118-H-859,Yea,J000304
"JACKSON, Ronny",22125,R,TX,House,118-H-870,Yea,J000304
"JACKSON, Ronny",22125,R,TX,House,118-H-890,Yea,J000304
"JACKSON, Ronny",22125,R,TX,House,118-H-935,Yea,J000304
"JACKSON, Ronny",22125,R,TX,House,119-H-128,Yea,J000304
"JACKSON, Ronny",22125,R,TX,House,119-H-158,Yea,J000304
"JACKSON, Ronny",22125,R,TX,House,119-H-526,Yea,J000304
"JACKSON, Ronny",22125,R,TX,House,119-H-655,Yea,J000304
"JACOBS, Sara",22126,D,CA,House,117-H-274,Yea,J000305
"JACOBS, Sara",22126,D,CA,House,117-H-660,Yea,J000305
"JACOBS, Sara",22126,D,CA,House,118-H-1146,Nay,J000305
"JACOBS, Sara",22126,D,CA,House,118-H-1194,Yea,J000305
"JACOBS, Sara",22126,D,CA,House,118-H-193,Yea,J000305
"JACOBS, Sara",22126,D,CA,House,118-H-241,Yea,J000305
"JACOBS, Sara",22126,D,CA,House,118-H-337,Yea,J000305
"JACOBS, Sara",22126,D,CA,House,118-H-523,Yea,J000305
"JACOBS, Sara",22126,D,CA,House,118-H-556,Nay,J000305
"JACOBS, Sara",22126,D,CA,House,118-H-572,Nay,J000305
"JACOBS, Sara",22126,D,CA,House,118-H-573,Yea,J000305
"JACOBS, Sara",22126,D,CA,House,118-H-617,Nay,J000305
"JACOBS, Sara",22126,D,CA,House,118-H-671,Yea,J000305
"JACOBS, Sara",22126,D,CA,House,118-H-672,Yea,J000305
"JACOBS, Sara",22126,D,CA,House,118-H-692,Present,J000305
"JACOBS, Sara",22126,D,CA,House,118-H-716,Nay,J000305
"JACOBS, Sara",22126,D,CA,House,118-H-746,Yea,J000305
"JACOBS, Sara",22126,D,CA,House,118-H-756,Nay,J000305
"JACOBS, Sara",22126,D,CA,House,118-H-762,Yea,J000305
"JACOBS, Sara",22126,D,CA,House,118-H-852,Nay,J000305
"JACOBS, Sara",22126,D,CA,House,118-H-859,Yea,J000305
"JACOBS, Sara",22126,D,CA,House,118-H-870,Yea,J000305
"JACOBS, Sara",22126,D,CA,House,118-H-890,Nay,J000305
"JACOBS, Sara",22126,D,CA,House,118-H-935,Nay,J000305
"JACOBS, Sara",22126,D,CA,House,119-H-128,Yea,J000305
"JACOBS, Sara",22126,D,CA,House,119-H-158,Yea,J000305
"JACOBS, Sara",22126,D,CA,House,119-H-526,Yea,J000305
"JACOBS, Sara",22126,D,CA,House,119-H-655,Nay,J000305
"JAMES, John",22332,R,MI,House,118-H-1146,Yea,J000307
"JAMES, John",22332,R,MI,House,118-H-1194,Yea,J000307
"JAMES, John",22332,R,MI,House,118-H-193,Yea,J000307
"JAMES, John",22332,R,MI,House,118-H-241,Yea,J000307
"JAMES, John",22332,R,MI,House,118-H-337,Yea,J000307
"JAMES, John",22332,R,MI,House,118-H-523,Yea,J000307
"JAMES, John",22332,R,MI,House,118-H-556,Yea,J000307
"JAMES, John",22332,R,MI,House,118-H-572,Yea,J000307
"JAMES, John",22332,R,MI,House,118-H-573,Yea,J000307
"JAMES, John",22332,R,MI,House,118-H-617,Yea,J000307
"JAMES, John",22332,R,MI,House,118-H-671,Yea,J000307
"JAMES, John",22332,R,MI,House,118-H-672,Yea,J000307
"JAMES, John",22332,R,MI,House,118-H-692,Yea,J000307
"JAMES, John",22332,R,MI,House,118-H-716,Yea,J000307
"JAMES, John",22332,R,MI,House,118-H-746,Yea,J000307
"JAMES, John",22332,R,MI,House,118-H-756,Yea,J000307
"JAMES, John",22332,R,MI,House,118-H-762,Yea,J000307
"JAMES, John",22332,R,MI,House,118-H-852,Yea,J000307
"JAMES, John",22332,R,MI,House,118-H-859,Yea,J000307
"JAMES, John",22332,R,MI,House,118-H-870,Yea,J000307
"JAMES, John",22332,R,MI,House,118-H-890,Yea,J000307
"JAMES, John",22332,R,MI,House,118-H-935,Yea,J000307
"JAMES, John",22332,R,MI,House,119-H-128,Yea,J000307
"JAMES, John",22332,R,MI,House,119-H-158,Not voting,J000307
"JAMES, John",22332,R,MI,House,119-H-526,Yea,J000307
"JAMES, John",22332,R,MI,House,119-H-655,Yea,J000307
"JAYAPAL, Pramila",21726,D,WA,House,116-H-107,Yea,J000298
"JAYAPAL, Pramila",21726,D,WA,House,116-H-28,Yea,J000298
"JAYAPAL, Pramila",21726,D,WA,House,116-H-496,Nay,J000298
"JAYAPAL, Pramila",21726,D,WA,House,116-H-651,Yea,J000298
"JAYAPAL, Pramila",21726,D,WA,House,117-H-274,Yea,J000298
"JAYAPAL, Pramila",21726,D,WA,House,117-H-660,Yea,J000298
"JAYAPAL, Pramila",21726,D,WA,House,118-H-1146,Nay,J000298
"JAYAPAL, Pramila",21726,D,WA,House,118-H-1194,Yea,J000298
"JAYAPAL, Pramila",21726,D,WA,House,118-H-193,Nay,J000298
"JAYAPAL, Pramila",21726,D,WA,House,118-H-241,Yea,J000298
"JAYAPAL, Pramila",21726,D,WA,House,118-H-337,Yea,J000298
"JAYAPAL, Pramila",21726,D,WA,House,118-H-523,Present,J000298
"JAYAPAL, Pramila",21726,D,WA,House,118-H-556,Nay,J000298
"JAYAPAL, Pramila",21726,D,WA,House,118-H-572,Nay,J000298
"JAYAPAL, Pramila",21726,D,WA,House,118-H-573,Nay,J000298
"JAYAPAL, Pramila",21726,D,WA,House,118-H-617,Nay,J000298
"JAYAPAL, Pramila",21726,D,WA,House,118-H-671,Yea,J000298
"JAYAPAL, Pramila",21726,D,WA,House,118-H-672,Yea,J000298
"JAYAPAL, Pramila",21726,D,WA,House,118-H-692,Nay,J000298
"JAYAPAL, Pramila",21726,D,WA,House,118-H-716,Nay,J000298
"JAYAPAL, Pramila",21726,D,WA,House,118-H-746,Yea,J000298
"JAYAPAL, Pramila",21726,D,WA,House,118-H-756,Nay,J000298
"JAYAPAL, Pramila",21726,D,WA,House,118-H-762,Yea,J000298
"JAYAPAL, Pramila",21726,D,WA,House,118-H-852,Nay,J000298
"JAYAPAL, Pramila",21726,D,WA,House,118-H-859,Nay,J000298
"JAYAPAL, Pramila",21726,D,WA,House,118-H-870,Nay,J000298
"JAYAPAL, Pramila",21726,D,WA,House,118-H-890,Nay,J000298
"JAYAPAL, Pramila",21726,D,WA,House,118-H-935,Nay,J000298
"JAYAPAL, Pramila",21726,D,WA,House,119-H-128,Yea,J000298
"JAYAPAL, Pramila",21726,D,WA,House,119-H-158,Yea,J000298
"JAYAPAL, Pramila",21726,D,WA,House,119-H-526,Yea,J000298
"JAYAPAL, Pramila",21726,D,WA,House,119-H-655,Nay,J000298
"JEFFRIES, Hakeem",21343,D,NY,House,116-H-107,Yea,J000294
"JEFFRIES, Hakeem",21343,D,NY,House,116-H-28,Yea,J000294
"JEFFRIES, Hakeem",21343,D,NY,House,116-H-496,Yea,J000294
"JEFFRIES, Hakeem",21343,D,NY,House,116-H-651,Yea,J000294
"JEFFRIES, Hakeem",21343,D,NY,House,117-H-274,Yea,J000294
"JEFFRIES, Hakeem",21343,D,NY,House,117-H-660,Yea,J000294
"JEFFRIES, Hakeem",21343,D,NY,House,118-H-1146,Nay,J000294
"JEFFRIES, Hakeem",21343,D,NY,House,118-H-1194,Yea,J000294
"JEFFRIES, Hakeem",21343,D,NY,House,118-H-193,Yea,J000294
"JEFFRIES, Hakeem",21343,D,NY,House,118-H-241,Yea,J000294
"JEFFRIES, Hakeem",21343,D,NY,House,118-H-337,Yea,J000294
"JEFFRIES, Hakeem",21343,D,NY,House,118-H-523,Yea,J000294
"JEFFRIES, Hakeem",21343,D,NY,House,118-H-556,Yea,J000294
"JEFFRIES, Hakeem",21343,D,NY,House,118-H-572,Nay,J000294
"JEFFRIES, Hakeem",21343,D,NY,House,118-H-573,Yea,J000294
"JEFFRIES, Hakeem",21343,D,NY,House,118-H-617,Nay,J000294
"JEFFRIES, Hakeem",21343,D,NY,House,118-H-671,Yea,J000294
"JEFFRIES, Hakeem",21343,D,NY,House,118-H-672,Yea,J000294
"JEFFRIES, Hakeem",21343,D,NY,House,118-H-692,Present,J000294
"JEFFRIES, Hakeem",21343,D,NY,House,118-H-716,Yea,J000294
"JEFFRIES, Hakeem",21343,D,NY,House,118-H-746,Yea,J000294
"JEFFRIES, Hakeem",21343,D,NY,House,118-H-756,Nay,J000294
"JEFFRIES, Hakeem",21343,D,NY,House,118-H-762,Yea,J000294
"JEFFRIES, Hakeem",21343,D,NY,House,118-H-852,Yea,J000294
"JEFFRIES, Hakeem",21343,D,NY,House,118-H-859,Yea,J000294
"JEFFRIES, Hakeem",21343,D,NY,House,118-H-870,Yea,J000294
"JEFFRIES, Hakeem",21343,D,NY,House,118-H-890,Yea,J000294
"JEFFRIES, Hakeem",21343,D,NY,House,118-H-935,Nay,J000294
"JEFFRIES, Hakeem",21343,D,NY,House,119-H-128,Yea,J000294
"JEFFRIES, Hakeem",21343,D,NY,House,119-H-158,Yea,J000294
"JEFFRIES, Hakeem",21343,D,NY,House,119-H-526,Yea,J000294
"JEFFRIES, Hakeem",21343,D,NY,House,119-H-655,Nay,J000294
"JOHNSON, Bill",21162,R,OH,House,116-H-107,Yea,J000292
"JOHNSON, Bill",21162,R,OH,House,116-H-28,Yea,J000292
"JOHNSON, Bill",21162,R,OH,House,116-H-496,Yea,J000292
"JOHNSON, Bill",21162,R,OH,House,116-H-651,Nay,J000292
"JOHNSON, Bill",21162,R,OH,House,117-H-274,Yea,J000292
"JOHNSON, Bill",21162,R,OH,House,117-H-660,Yea,J000292
"JOHNSON, Bill",21162,R,OH,House,118-H-193,Yea,J000292
"JOHNSON, Bill",21162,R,OH,House,118-H-241,Yea,J000292
"JOHNSON, Bill",21162,R,OH,House,118-H-337,Yea,J000292
"JOHNSON, Bill",21162,R,OH,House,118-H-523,Yea,J000292
"JOHNSON, Bill",21162,R,OH,House,118-H-556,Yea,J000292
"JOHNSON, Bill",21162,R,OH,House,118-H-572,Yea,J000292
"JOHNSON, Bill",21162,R,OH,House,118-H-573,Yea,J000292
"JOHNSON, Bill",21162,R,OH,House,118-H-617,Yea,J000292
"JOHNSON, Bill",21162,R,OH,House,118-H-671,Yea,J000292
"JOHNSON, Bill",21162,R,OH,House,118-H-672,Yea,J000292
"JOHNSON, Bill",21162,R,OH,House,118-H-692,Yea,J000292
"JOHNSON, Bill",21162,R,OH,House,118-H-716,Yea,J000292
"JOHNSON, Dustin (Dusty)",21935,R,SD,House,116-H-107,Yea,J000301
"JOHNSON, Dustin (Dusty)",21935,R,SD,House,116-H-28,Yea,J000301
"JOHNSON, Dustin (Dusty)",21935,R,SD,House,116-H-496,Yea,J000301
"JOHNSON, Dustin (Dusty)",21935,R,SD,House,116-H-651,Nay,J000301
"JOHNSON, Dustin (Dusty)",21935,R,SD,House,117-H-274,Yea,J000301
"JOHNSON, Dustin (Dusty)",21935,R,SD,House,117-H-660,Yea,J000301
"JOHNSON, Dustin (Dusty)",21935,R,SD,House,118-H-1146,Yea,J000301
"JOHNSON, Dustin (Dusty)",21935,R,SD,House,118-H-1194,Yea,J000301
"JOHNSON, Dustin (Dusty)",21935,R,SD,House,118-H-193,Yea,J000301
"JOHNSON, Dustin (Dusty)",21935,R,SD,House,118-H-241,Yea,J000301
"JOHNSON, Dustin (Dusty)",21935,R,SD,House,118-H-337,Yea,J000301
"JOHNSON, Dustin (Dusty)",21935,R,SD,House,118-H-523,Yea,J000301
"JOHNSON, Dustin (Dusty)",21935,R,SD,House,118-H-556,Yea,J000301
"JOHNSON, Dustin (Dusty)",21935,R,SD,House,118-H-572,Yea,J000301
"JOHNSON, Dustin (Dusty)",21935,R,SD,House,118-H-573,Yea,J000301
"JOHNSON, Dustin (Dusty)",21935,R,SD,House,118-H-617,Yea,J000301
"JOHNSON, Dustin (Dusty)",21935,R,SD,House,118-H-671,Yea,J000301
"JOHNSON, Dustin (Dusty)",21935,R,SD,House,118-H-672,Yea,J000301
"JOHNSON, Dustin (Dusty)",21935,R,SD,House,118-H-692,Yea,J000301
"JOHNSON, Dustin (Dusty)",21935,R,SD,House,118-H-716,Yea,J000301
"JOHNSON, Dustin (Dusty)",21935,R,SD,House,118-H-746,Yea,J000301
"JOHNSON, Dustin (Dusty)",21935,R,SD,House,118-H-756,Yea,J000301
"JOHNSON, Dustin (Dusty)",21935,R,SD,House,118-H-762,Yea,J000301
"JOHNSON, Dustin (Dusty)",21935,R,SD,House,118-H-852,Yea,J000301
"JOHNSON, Dustin (Dusty)",21935,R,SD,House,118-H-859,Yea,J000301
"JOHNSON, Dustin (Dusty)",21935,R,SD,House,118-H-870,Yea,J000301
"JOHNSON, Dustin (Dusty)",21935,R,SD,House,118-H-890,Yea,J000301
"JOHNSON, Dustin (Dusty)",21935,R,SD,House,118-H-935,Yea,J000301
"JOHNSON, Dustin (Dusty)",21935,R,SD,House,119-H-128,Yea,J000301
"JOHNSON, Dustin (Dusty)",21935,R,SD,House,119-H-158,Yea,J000301
"JOHNSON, Dustin (Dusty)",21935,R,SD,House,119-H-526,Yea,J000301
"JOHNSON, Dustin (Dusty)",21935,R,SD,House,119-H-655,Yea,J000301
"JOHNSON, Eddie Bernice",39305,D,TX,House,116-H-107,Yea,J000126
"JOHNSON, Eddie Bernice",39305,D,TX,House,116-H-28,Yea,J000126
"JOHNSON, Eddie Bernice",39305,D,TX,House,116-H-496,Yea,J000126
"JOHNSON, Eddie Bernice",39305,D,TX,House,116-H-651,Yea,J000126
"JOHNSON, Eddie Bernice",39305,D,TX,House,117-H-274,Yea,J000126
"JOHNSON, Eddie Bernice",39305,D,TX,House,117-H-660,Yea,J000126
"JOHNSON, Hank",20712,D,GA,House,116-H-107,Yea,J000288
"JOHNSON, Hank",20712,D,GA,House,116-H-28,Yea,J000288
"JOHNSON, Hank",20712,D,GA,House,116-H-496,Present,J000288
"JOHNSON, Hank",20712,D,GA,House,116-H-651,Yea,J000288
"JOHNSON, Hank",20712,D,GA,House,117-H-274,Present,J000288
"JOHNSON, Hank",20712,D,GA,House,117-H-660,Yea,J000288
"JOHNSON, Hank",20712,D,GA,House,118-H-1146,Nay,J000288
"JOHNSON, Hank",20712,D,GA,House,118-H-1194,Yea,J000288
"JOHNSON, Hank",20712,D,GA,House,118-H-193,Nay,J000288
"JOHNSON, Hank",20712,D,GA,House,118-H-241,Yea,J000288
"JOHNSON, Hank",20712,D,GA,House,118-H-337,Yea,J000288
"JOHNSON, Hank",20712,D,GA,House,118-H-523,Yea,J000288
"JOHNSON, Hank",20712,D,GA,House,118-H-556,Yea,J000288
"JOHNSON, Hank",20712,D,GA,House,118-H-572,Nay,J000288
"JOHNSON, Hank",20712,D,GA,House,118-H-573,Yea,J000288
"JOHNSON, Hank",20712,D,GA,House,118-H-617,Nay,J000288
"JOHNSON, Hank",20712,D,GA,House,118-H-671,Yea,J000288
"JOHNSON, Hank",20712,D,GA,House,118-H-672,Yea,J000288
"JOHNSON, Hank",20712,D,GA,House,118-H-692,Present,J000288
"JOHNSON, Hank",20712,D,GA,House,118-H-716,Nay,J000288
"JOHNSON, Hank",20712,D,GA,House,118-H-746,Yea,J000288
"JOHNSON, Hank",20712,D,GA,House,118-H-756,Nay,J000288
"JOHNSON, Hank",20712,D,GA,House,118-H-762,Yea,J000288
"JOHNSON, Hank",20712,D,GA,House,118-H-852,Nay,J000288
"JOHNSON, Hank",20712,D,GA,House,118-H-859,Nay,J000288
"JOHNSON, Hank",20712,D,GA,House,118-H-870,Nay,J000288
"JOHNSON, Hank",20712,D,GA,House,118-H-890,Nay,J000288
"JOHNSON, Hank",20712,D,GA,House,118-H-935,Nay,J000288
"JOHNSON, Hank",20712,D,GA,House,119-H-128,Yea,J000288
"JOHNSON, Hank",20712,D,GA,House,119-H-158,Yea,J000288
"JOHNSON, Hank",20712,D,GA,House,119-H-526,Yea,J000288
"JOHNSON, Hank",20712,D,GA,House,119-H-655,Nay,J000288
"JOHNSON, Julie",22528,D,TX,House,119-H-128,Yea,J000310
"JOHNSON, Julie",22528,D,TX,House,119-H-158,Yea,J000310
"JOHNSON, Julie",22528,D,TX,House,119-H-526,Yea,J000310
"JOHNSON, Julie",22528,D,TX,House,119-H-655,Nay,J000310
"JOHNSON, Mike",21727,R,LA,House,116-H-107,Yea,J000299
"JOHNSON, Mike",21727,R,LA,House,116-H-28,Yea,J000299
"JOHNSON, Mike",21727,R,LA,House,116-H-496,Yea,J000299
"JOHNSON, Mike",21727,R,LA,House,116-H-651,Nay,J000299
"JOHNSON, Mike",21727,R,LA,House,117-H-274,Yea,J000299
"JOHNSON, Mike",21727,R,LA,House,117-H-660,Yea,J000299
"JOHNSON, Mike",21727,R,LA,House,118-H-1146,Yea,J000299
"JOHNSON, Mike",21727,R,LA,House,118-H-193,Yea,J000299
"JOHNSON, Mike",21727,R,LA,House,118-H-241,Yea,J000299
"JOHNSON, Mike",21727,R,LA,House,118-H-337,Yea,J000299
"JOHNSON, Mike",21727,R,LA,House,118-H-523,Yea,J000299
"JOHNSON, Mike",21727,R,LA,House,118-H-572,Yea,J000299
"JOHNSON, Mike",21727,R,LA,House,118-H-573,Yea,J000299
"JOHNSON, Mike",21727,R,LA,House,118-H-671,Yea,J000299
"JOHNSON, Mike",21727,R,LA,House,118-H-672,Yea,J000299
"JOHNSON, Mike",21727,R,LA,House,118-H-692,Yea,J000299
"JOHNSON, Mike",21727,R,LA,House,118-H-716,Yea,J000299
"JOHNSON, Mike",21727,R,LA,House,118-H-756,Yea,J000299
"JOHNSON, Mike",21727,R,LA,House,118-H-762,Yea,J000299
"JOHNSON, Mike",21727,R,LA,House,118-H-852,Yea,J000299
"JOHNSON, Mike",21727,R,LA,House,118-H-859,Yea,J000299
"JOHNSON, Mike",21727,R,LA,House,118-H-870,Yea,J000299
"JOHNSON, Mike",21727,R,LA,House,118-H-890,Yea,J000299
"JOHNSON, Mike",21727,R,LA,House,118-H-935,Yea,J000299
"JOHNSON, Mike",21727,R,LA,House,119-H-128,Yea,J000299
"JOHNSON, Mike",21727,R,LA,House,119-H-158,Yea,J000299
"JOHNSON, Mike",21727,R,LA,House,119-H-526,Yea,J000299
"JOHNSON, Mike",21727,R,LA,House,119-H-655,Yea,J000299
"JORDAN, Jim",20738,R,OH,House,116-H-107,Yea,J000289
"JORDAN, Jim",20738,R,OH,House,116-H-28,Yea,J000289
"JORDAN, Jim",20738,R,OH,House,116-H-496,Yea,J000289
"JORDAN, Jim",20738,R,OH,House,116-H-651,Nay,J000289
"JORDAN, Jim",20738,R,OH,House,117-H-274,Yea,J000289
"JORDAN, Jim",20738,R,OH,House,117-H-660,Yea,J000289
"JORDAN, Jim",20738,R,OH,House,118-H-1146,Yea,J000289
"JORDAN, Jim",20738,R,OH,House,118-H-1194,Yea,J000289
"JORDAN, Jim",20738,R,OH,House,118-H-193,Yea,J000289
"JORDAN, Jim",20738,R,OH,House,118-H-241,Yea,J000289
"JORDAN, Jim",20738,R,OH,House,118-H-337,Yea,J000289
"JORDAN, Jim",20738,R,OH,House,118-H-523,Yea,J000289
"JORDAN, Jim",20738,R,OH,House,118-H-556,Yea,J000289
"JORDAN, Jim",20738,R,OH,House,118-H-572,Yea,J000289
"JORDAN, Jim",20738,R,OH,House,118-H-573,Yea,J000289
"JORDAN, Jim",20738,R,OH,House,118-H-617,Yea,J000289
"JORDAN, Jim",20738,R,OH,House,118-H-671,Yea,J000289
"JORDAN, Jim",20738,R,OH,House,118-H-672,Yea,J000289
"JORDAN, Jim",20738,R,OH,House,118-H-692,Yea,J000289
"JORDAN, Jim",20738,R,OH,House,118-H-716,Yea,J000289
"JORDAN, Jim",20738,R,OH,House,118-H-746,Yea,J000289
"JORDAN, Jim",20738,R,OH,House,118-H-756,Yea,J000289
"JORDAN, Jim",20738,R,OH,House,118-H-762,Yea,J000289
"JORDAN, Jim",20738,R,OH,House,118-H-852,Yea,J000289
"JORDAN, Jim",20738,R,OH,House,118-H-859,Yea,J000289
"JORDAN, Jim",20738,R,OH,House,118-H-870,Yea,J000289
"JORDAN, Jim",20738,R,OH,House,118-H-890,Yea,J000289
"JORDAN, Jim",20738,R,OH,House,118-H-935,Yea,J000289
"JORDAN, Jim",20738,R,OH,House,119-H-128,Yea,J000289
"JORDAN, Jim",20738,R,OH,House,119-H-158,Yea,J000289
"JORDAN, Jim",20738,R,OH,House,119-H-526,Yea,J000289
"JORDAN, Jim",20738,R,OH,House,119-H-655,Yea,J000289
"JOYCE, David",21353,R,OH,House,116-H-107,Yea,J000295
"JOYCE, David",21353,R,OH,House,116-H-28,Yea,J000295
"JOYCE, David",21353,R,OH,House,116-H-496,Yea,J000295
"JOYCE, David",21353,R,OH,House,116-H-651,Nay,J000295
"JOYCE, David",21353,R,OH,House,117-H-274,Yea,J000295
"JOYCE, David",21353,R,OH,House,117-H-660,Yea,J000295
"JOYCE, David",21353,R,OH,House,118-H-1146,Yea,J000295
"JOYCE, David",21353,R,OH,House,118-H-1194,Yea,J000295
"JOYCE, David",21353,R,OH,House,118-H-193,Yea,J000295
"JOYCE, David",21353,R,OH,House,118-H-241,Yea,J000295
"JOYCE, David",21353,R,OH,House,118-H-337,Yea,J000295
"JOYCE, David",21353,R,OH,House,118-H-523,Yea,J000295
"JOYCE, David",21353,R,OH,House,118-H-556,Not voting,J000295
"JOYCE, David",21353,R,OH,House,118-H-572,Not voting,J000295
"JOYCE, David",21353,R,OH,House,118-H-573,Not voting,J000295
"JOYCE, David",21353,R,OH,House,118-H-617,Present,J000295
"JOYCE, David",21353,R,OH,House,118-H-671,Yea,J000295
"JOYCE, David",21353,R,OH,House,118-H-672,Yea,J000295
"JOYCE, David",21353,R,OH,House,118-H-692,Yea,J000295
"JOYCE, David",21353,R,OH,House,118-H-716,Yea,J000295
"JOYCE, David",21353,R,OH,House,118-H-746,Yea,J000295
"JOYCE, David",21353,R,OH,House,118-H-756,Yea,J000295
"JOYCE, David",21353,R,OH,House,118-H-762,Yea,J000295
"JOYCE, David",21353,R,OH,House,118-H-852,Yea,J000295
"JOYCE, David",21353,R,OH,House,118-H-859,Yea,J000295
"JOYCE, David",21353,R,OH,House,118-H-870,Yea,J000295
"JOYCE, David",21353,R,OH,House,118-H-890,Yea,J000295
"JOYCE, David",21353,R,OH,House,118-H-935,Yea,J000295
"JOYCE, David",21353,R,OH,House,119-H-128,Yea,J000295
"JOYCE, David",21353,R,OH,House,119-H-158,Yea,J000295
"JOYCE, David",21353,R,OH,House,119-H-526,Yea,J000295
"JOYCE, David",21353,R,OH,House,119-H-655,Yea,J000295
"JOYCE, John",21936,R,PA,House,116-H-107,Yea,J000302
"JOYCE, John",21936,R,PA,House,116-H-28,Yea,J000302
"JOYCE, John",21936,R,PA,House,116-H-496,Yea,J000302
"JOYCE, John",21936,R,PA,House,116-H-651,Nay,J000302
"JOYCE, John",21936,R,PA,House,117-H-274,Yea,J000302
"JOYCE, John",21936,R,PA,House,117-H-660,Yea,J000302
"JOYCE, John",21936,R,PA,House,118-H-1146,Yea,J000302
"JOYCE, John",21936,R,PA,House,118-H-1194,Yea,J000302
"JOYCE, John",21936,R,PA,House,118-H-193,Yea,J000302
"JOYCE, John",21936,R,PA,House,118-H-241,Yea,J000302
"JOYCE, John",21936,R,PA,House,118-H-337,Yea,J000302
"JOYCE, John",21936,R,PA,House,118-H-523,Yea,J000302
"JOYCE, John",21936,R,PA,House,118-H-556,Yea,J000302
"JOYCE, John",21936,R,PA,House,118-H-572,Yea,J000302
"JOYCE, John",21936,R,PA,House,118-H-573,Yea,J000302
"JOYCE, John",21936,R,PA,House,118-H-617,Yea,J000302
"JOYCE, John",21936,R,PA,House,118-H-671,Yea,J000302
"JOYCE, John",21936,R,PA,House,118-H-672,Yea,J000302
"JOYCE, John",21936,R,PA,House,118-H-692,Yea,J000302
"JOYCE, John",21936,R,PA,House,118-H-716,Yea,J000302
"JOYCE, John",21936,R,PA,House,118-H-746,Yea,J000302
"JOYCE, John",21936,R,PA,House,118-H-756,Yea,J000302
"JOYCE, John",21936,R,PA,House,118-H-762,Yea,J000302
"JOYCE, John",21936,R,PA,House,118-H-852,Yea,J000302
"JOYCE, John",21936,R,PA,House,118-H-859,Yea,J000302
"JOYCE, John",21936,R,PA,House,118-H-870,Yea,J000302
"JOYCE, John",21936,R,PA,House,118-H-890,Yea,J000302
"JOYCE, John",21936,R,PA,House,118-H-935,Yea,J000302
"JOYCE, John",21936,R,PA,House,119-H-128,Yea,J000302
"JOYCE, John",21936,R,PA,House,119-H-158,Yea,J000302
"JOYCE, John",21936,R,PA,House,119-H-526,Yea,J000302
"JOYCE, John",21936,R,PA,House,119-H-655,Yea,J000302
"KAMLAGER-DOVE, Sydney",22333,D,CA,House,118-H-1146,Nay,K000400
"KAMLAGER-DOVE, Sydney",22333,D,CA,House,118-H-1194,Yea,K000400
"KAMLAGER-DOVE, Sydney",22333,D,CA,House,118-H-193,Yea,K000400
"KAMLAGER-DOVE, Sydney",22333,D,CA,House,118-H-241,Yea,K000400
"KAMLAGER-DOVE, Sydney",22333,D,CA,House,118-H-337,Yea,K000400
"KAMLAGER-DOVE, Sydney",22333,D,CA,House,118-H-523,Yea,K000400
"KAMLAGER-DOVE, Sydney",22333,D,CA,House,118-H-556,Nay,K000400
"KAMLAGER-DOVE, Sydney",22333,D,CA,House,118-H-572,Nay,K000400
"KAMLAGER-DOVE, Sydney",22333,D,CA,House,118-H-573,Yea,K000400
"KAMLAGER-DOVE, Sydney",22333,D,CA,House,118-H-617,Nay,K000400
"KAMLAGER-DOVE, Sydney",22333,D,CA,House,118-H-671,Yea,K000400
"KAMLAGER-DOVE, Sydney",22333,D,CA,House,118-H-672,Yea,K000400
"KAMLAGER-DOVE, Sydney",22333,D,CA,House,118-H-692,Present,K000400
"KAMLAGER-DOVE, Sydney",22333,D,CA,House,118-H-716,Nay,K000400
"KAMLAGER-DOVE, Sydney",22333,D,CA,House,118-H-746,Yea,K000400
"KAMLAGER-DOVE, Sydney",22333,D,CA,House,118-H-756,Nay,K000400
"KAMLAGER-DOVE, Sydney",22333,D,CA,House,118-H-762,Yea,K000400
"KAMLAGER-DOVE, Sydney",22333,D,CA,House,118-H-852,Nay,K000400
"KAMLAGER-DOVE, Sydney",22333,D,CA,House,118-H-859,Yea,K000400
"KAMLAGER-DOVE, Sydney",22333,D,CA,House,118-H-870,Yea,K000400
"KAMLAGER-DOVE, Sydney",22333,D,CA,House,118-H-890,Yea,K000400
"KAMLAGER-DOVE, Sydney",22333,D,CA,House,118-H-935,Nay,K000400
"KAMLAGER-DOVE, Sydney",22333,D,CA,House,119-H-128,Yea,K000400
"KAMLAGER-DOVE, Sydney",22333,D,CA,House,119-H-158,Yea,K000400
"KAMLAGER-DOVE, Sydney",22333,D,CA,House,119-H-526,Yea,K000400
"KAMLAGER-DOVE, Sydney",22333,D,CA,House,119-H-655,Nay,K000400
"KAPTUR, Marcia Carolyn (Marcy)",15029,D,OH,House,116-H-107,Yea,K000009
"KAPTUR, Marcia Carolyn (Marcy)",15029,D,OH,House,116-H-28,Yea,K000009
"KAPTUR, Marcia Carolyn (Marcy)",15029,D,OH,House,116-H-496,Yea,K000009
"KAPTUR, Marcia Carolyn (Marcy)",15029,D,OH,House,116-H-651,Yea,K000009
"KAPTUR, Marcia Carolyn (Marcy)",15029,D,OH,House,117-H-274,Yea,K000009
"KAPTUR, Marcia Carolyn (Marcy)",15029,D,OH,House,117-H-660,Yea,K000009
"KAPTUR, Marcia Carolyn (Marcy)",15029,D,OH,House,118-H-1146,Nay,K000009
"KAPTUR, Marcia Carolyn (Marcy)",15029,D,OH,House,118-H-1194,Yea,K000009
"KAPTUR, Marcia Carolyn (Marcy)",15029,D,OH,House,118-H-193,Yea,K000009
"KAPTUR, Marcia Carolyn (Marcy)",15029,D,OH,House,118-H-241,Yea,K000009
"KAPTUR, Marcia Carolyn (Marcy)",15029,D,OH,House,118-H-337,Yea,K000009
"KAPTUR, Marcia Carolyn (Marcy)",15029,D,OH,House,118-H-523,Yea,K000009
"KAPTUR, Marcia Carolyn (Marcy)",15029,D,OH,House,118-H-556,Yea,K000009
"KAPTUR, Marcia Carolyn (Marcy)",15029,D,OH,House,118-H-572,Nay,K000009
"KAPTUR, Marcia Carolyn (Marcy)",15029,D,OH,House,118-H-573,Yea,K000009
"KAPTUR, Marcia Carolyn (Marcy)",15029,D,OH,House,118-H-617,Nay,K000009
"KAPTUR, Marcia Carolyn (Marcy)",15029,D,OH,House,118-H-671,Yea,K000009
"KAPTUR, Marcia Carolyn (Marcy)",15029,D,OH,House,118-H-672,Yea,K000009
"KAPTUR, Marcia Carolyn (Marcy)",15029,D,OH,House,118-H-692,Present,K000009
"KAPTUR, Marcia Carolyn (Marcy)",15029,D,OH,House,118-H-716,Yea,K000009
"KAPTUR, Marcia Carolyn (Marcy)",15029,D,OH,House,118-H-746,Yea,K000009
"KAPTUR, Marcia Carolyn (Marcy)",15029,D,OH,House,118-H-756,Nay,K000009
"KAPTUR, Marcia Carolyn (Marcy)",15029,D,OH,House,118-H-762,Yea,K000009
"KAPTUR, Marcia Carolyn (Marcy)",15029,D,OH,House,118-H-852,Yea,K000009
"KAPTUR, Marcia Carolyn (Marcy)",15029,D,OH,House,118-H-859,Yea,K000009
"KAPTUR, Marcia Carolyn (Marcy)",15029,D,OH,House,118-H-870,Yea,K000009
"KAPTUR, Marcia Carolyn (Marcy)",15029,D,OH,House,118-H-890,Yea,K000009
"KAPTUR, Marcia Carolyn (Marcy)",15029,D,OH,House,118-H-935,Nay,K000009
"KAPTUR, Marcia Carolyn (Marcy)",15029,D,OH,House,119-H-128,Yea,K000009
"KAPTUR, Marcia Carolyn (Marcy)",15029,D,OH,House,119-H-158,Yea,K000009
"KAPTUR, Marcia Carolyn (Marcy)",15029,D,OH,House,119-H-526,Yea,K000009
"KAPTUR, Marcia Carolyn (Marcy)",15029,D,OH,House,119-H-655,Not voting,K000009
"KATKO, John",21542,R,NY,House,116-H-107,Yea,K000386
"KATKO, John",21542,R,NY,House,116-H-28,Yea,K000386
"KATKO, John",21542,R,NY,House,116-H-496,Yea,K000386
"KATKO, John",21542,R,NY,House,116-H-651,Nay,K000386
"KATKO, John",21542,R,NY,House,117-H-274,Yea,K000386
"KATKO, John",21542,R,NY,House,117-H-660,Yea,K000386
"KEAN, Thomas",22334,R,NJ,House,118-H-1146,Yea,K000398
"KEAN, Thomas",22334,R,NJ,House,118-H-1194,Yea,K000398
"KEAN, Thomas",22334,R,NJ,House,118-H-193,Yea,K000398
"KEAN, Thomas",22334,R,NJ,House,118-H-241,Yea,K000398
"KEAN, Thomas",22334,R,NJ,House,118-H-337,Yea,K000398
"KEAN, Thomas",22334,R,NJ,House,118-H-523,Yea,K000398
"KEAN, Thomas",22334,R,NJ,House,118-H-556,Yea,K000398
"KEAN, Thomas",22334,R,NJ,House,118-H-572,Yea,K000398
"KEAN, Thomas",22334,R,NJ,House,118-H-573,Yea,K000398
"KEAN, Thomas",22334,R,NJ,House,118-H-617,Yea,K000398
"KEAN, Thomas",22334,R,NJ,House,118-H-671,Yea,K000398
"KEAN, Thomas",22334,R,NJ,House,118-H-672,Yea,K000398
"KEAN, Thomas",22334,R,NJ,House,118-H-692,Yea,K000398
"KEAN, Thomas",22334,R,NJ,House,118-H-716,Yea,K000398
"KEAN, Thomas",22334,R,NJ,House,118-H-746,Yea,K000398
"KEAN, Thomas",22334,R,NJ,House,118-H-756,Yea,K000398
"KEAN, Thomas",22334,R,NJ,House,118-H-762,Yea,K000398
"KEAN, Thomas",22334,R,NJ,House,118-H-852,Yea,K000398
"KEAN, Thomas",22334,R,NJ,House,118-H-859,Yea,K000398
"KEAN, Thomas",22334,R,NJ,House,118-H-870,Yea,K000398
"KEAN, Thomas",22334,R,NJ,House,118-H-890,Yea,K000398
"KEAN, Thomas",22334,R,NJ,House,118-H-935,Yea,K000398
"KEAN, Thomas",22334,R,NJ,House,119-H-128,Yea,K000398
"KEAN, Thomas",22334,R,NJ,House,119-H-158,Yea,K000398
"KEAN, Thomas",22334,R,NJ,House,119-H-526,Not voting,K000398
"KEAN, Thomas",22334,R,NJ,House,119-H-655,Yea,K000398
"KEATING, William R.",21140,D,MA,House,116-H-107,Yea,K000375
"KEATING, William R.",21140,D,MA,House,116-H-28,Yea,K000375
"KEATING, William R.",21140,D,MA,House,116-H-496,Yea,K000375
"KEATING, William R.",21140,D,MA,House,116-H-651,Yea,K000375
"KEATING, William R.",21140,D,MA,House,117-H-274,Yea,K000375
"KEATING, William R.",21140,D,MA,House,117-H-660,Yea,K000375
"KEATING, William R.",21140,D,MA,House,118-H-1146,Nay,K000375
"KEATING, William R.",21140,D,MA,House,118-H-1194,Yea,K000375
"KEATING, William R.",21140,D,MA,House,118-H-193,Yea,K000375
"KEATING, William R.",21140,D,MA,House,118-H-241,Yea,K000375
"KEATING, William R.",21140,D,MA,House,118-H-337,Yea,K000375
"KEATING, William R.",21140,D,MA,House,118-H-523,Yea,K000375
"KEATING, William R.",21140,D,MA,House,118-H-556,Yea,K000375
"KEATING, William R.",21140,D,MA,House,118-H-572,Nay,K000375
"KEATING, William R.",21140,D,MA,House,118-H-573,Yea,K000375
"KEATING, William R.",21140,D,MA,House,118-H-617,Nay,K000375
"KEATING, William R.",21140,D,MA,House,118-H-671,Yea,K000375
"KEATING, William R.",21140,D,MA,House,118-H-672,Yea,K000375
"KEATING, William R.",21140,D,MA,House,118-H-692,Yea,K000375
"KEATING, William R.",21140,D,MA,House,118-H-716,Yea,K000375
"KEATING, William R.",21140,D,MA,House,118-H-746,Yea,K000375
"KEATING, William R.",21140,D,MA,House,118-H-756,Nay,K000375
"KEATING, William R.",21140,D,MA,House,118-H-762,Yea,K000375
"KEATING, William R.",21140,D,MA,House,118-H-852,Yea,K000375
"KEATING, William R.",21140,D,MA,House,118-H-859,Yea,K000375
"KEATING, William R.",21140,D,MA,House,118-H-870,Yea,K000375
"KEATING, William R.",21140,D,MA,House,118-H-890,Yea,K000375
"KEATING, William R.",21140,D,MA,House,118-H-935,Nay,K000375
"KEATING, William R.",21140,D,MA,House,119-H-128,Yea,K000375
"KEATING, William R.",21140,D,MA,House,119-H-158,Yea,K000375
"KEATING, William R.",21140,D,MA,House,119-H-526,Yea,K000375
"KEATING, William R.",21140,D,MA,House,119-H-655,Nay,K000375
"KELLER, Fred",21985,R,PA,House,116-H-496,Yea,K000395
"KELLER, Fred",21985,R,PA,House,116-H-651,Nay,K000395
"KELLER, Fred",21985,R,PA,House,117-H-274,Yea,K000395
"KELLER, Fred",21985,R,PA,House,117-H-660,Yea,K000395
"KELLY, Mike",21167,R,PA,House,116-H-107,Yea,K000376
"KELLY, Mike",21167,R,PA,House,116-H-28,Yea,K000376
"KELLY, Mike",21167,R,PA,House,116-H-496,Yea,K000376
"KELLY, Mike",21167,R,PA,House,116-H-651,Nay,K000376
"KELLY, Mike",21167,R,PA,House,117-H-274,Yea,K000376
"KELLY, Mike",21167,R,PA,House,117-H-660,Yea,K000376
"KELLY, Mike",21167,R,PA,House,118-H-1146,Yea,K000376
"KELLY, Mike",21167,R,PA,House,118-H-1194,Yea,K000376
"KELLY, Mike",21167,R,PA,House,118-H-193,Not voting,K000376
"KELLY, Mike",21167,R,PA,House,118-H-241,Yea,K000376
"KELLY, Mike",21167,R,PA,House,118-H-337,Not voting,K000376
"KELLY, Mike",21167,R,PA,House,118-H-523,Yea,K000376
"KELLY, Mike",21167,R,PA,House,118-H-556,Yea,K000376
"KELLY, Mike",21167,R,PA,House,118-H-572,Yea,K000376
"KELLY, Mike",21167,R,PA,House,118-H-573,Yea,K000376
"KELLY, Mike",21167,R,PA,House,118-H-617,Yea,K000376
"KELLY, Mike",21167,R,PA,House,118-H-671,Not voting,K000376
"KELLY, Mike",21167,R,PA,House,118-H-672,Not voting,K000376
"KELLY, Mike",21167,R,PA,House,118-H-692,Yea,K000376
"KELLY, Mike",21167,R,PA,House,118-H-716,Yea,K000376
"KELLY, Mike",21167,R,PA,House,118-H-746,Yea,K000376
"KELLY, Mike",21167,R,PA,House,118-H-756,Yea,K000376
"KELLY, Mike",21167,R,PA,House,118-H-762,Yea,K000376
"KELLY, Mike",21167,R,PA,House,118-H-852,Yea,K000376
"KELLY, Mike",21167,R,PA,House,118-H-859,Yea,K000376
"KELLY, Mike",21167,R,PA,House,118-H-870,Yea,K000376
"KELLY, Mike",21167,R,PA,House,118-H-890,Yea,K000376
"KELLY, Mike",21167,R,PA,House,118-H-935,Yea,K000376
"KELLY, Mike",21167,R,PA,House,119-H-128,Yea,K000376
"KELLY, Mike",21167,R,PA,House,119-H-158,Yea,K000376
"KELLY, Mike",21167,R,PA,House,119-H-526,Yea,K000376
"KELLY, Mike",21167,R,PA,House,119-H-655,Yea,K000376
"KELLY, Robin L.",21371,D,IL,House,116-H-107,Yea,K000385
"KELLY, Robin L.",21371,D,IL,House,116-H-28,Yea,K000385
"KELLY, Robin L.",21371,D,IL,House,116-H-496,Yea,K000385
"KELLY, Robin L.",21371,D,IL,House,116-H-651,Yea,K000385
"KELLY, Robin L.",21371,D,IL,House,117-H-274,Yea,K000385
"KELLY, Robin L.",21371,D,IL,House,117-H-660,Yea,K000385
"KELLY, Robin L.",21371,D,IL,House,118-H-1146,Nay,K000385
"KELLY, Robin L.",21371,D,IL,House,118-H-1194,Yea,K000385
"KELLY, Robin L.",21371,D,IL,House,118-H-193,Yea,K000385
"KELLY, Robin L.",21371,D,IL,House,118-H-241,Yea,K000385
"KELLY, Robin L.",21371,D,IL,House,118-H-337,Yea,K000385
"KELLY, Robin L.",21371,D,IL,House,118-H-523,Yea,K000385
"KELLY, Robin L.",21371,D,IL,House,118-H-556,Nay,K000385
"KELLY, Robin L.",21371,D,IL,House,118-H-572,Nay,K000385
"KELLY, Robin L.",21371,D,IL,House,118-H-573,Yea,K000385
"KELLY, Robin L.",21371,D,IL,House,118-H-617,Nay,K000385
"KELLY, Robin L.",21371,D,IL,House,118-H-671,Yea,K000385
"KELLY, Robin L.",21371,D,IL,House,118-H-672,Yea,K000385
"KELLY, Robin L.",21371,D,IL,House,118-H-692,Present,K000385
"KELLY, Robin L.",21371,D,IL,House,118-H-716,Nay,K000385
"KELLY, Robin L.",21371,D,IL,House,118-H-746,Yea,K000385
"KELLY, Robin L.",21371,D,IL,House,118-H-756,Nay,K000385
"KELLY, Robin L.",21371,D,IL,House,118-H-762,Yea,K000385
"KELLY, Robin L.",21371,D,IL,House,118-H-852,Yea,K000385
"KELLY, Robin L.",21371,D,IL,House,118-H-859,Yea,K000385
"KELLY, Robin L.",21371,D,IL,House,118-H-870,Yea,K000385
"KELLY, Robin L.",21371,D,IL,House,118-H-890,Nay,K000385
"KELLY, Robin L.",21371,D,IL,House,118-H-935,Nay,K000385
"KELLY, Robin L.",21371,D,IL,House,119-H-128,Yea,K000385
"KELLY, Robin L.",21371,D,IL,House,119-H-158,Yea,K000385
"KELLY, Robin L.",21371,D,IL,House,119-H-526,Yea,K000385
"KELLY, Robin L.",21371,D,IL,House,119-H-655,Nay,K000385
"KELLY, Trent",21561,R,MS,House,116-H-107,Yea,K000388
"KELLY, Trent",21561,R,MS,House,116-H-28,Yea,K000388
"KELLY, Trent",21561,R,MS,House,116-H-496,Yea,K000388
"KELLY, Trent",21561,R,MS,House,116-H-651,Nay,K000388
"KELLY, Trent",21561,R,MS,House,117-H-274,Yea,K000388
"KELLY, Trent",21561,R,MS,House,117-H-660,Yea,K000388
"KELLY, Trent",21561,R,MS,House,118-H-1146,Yea,K000388
"KELLY, Trent",21561,R,MS,House,118-H-1194,Yea,K000388
"KELLY, Trent",21561,R,MS,House,118-H-193,Yea,K000388
"KELLY, Trent",21561,R,MS,House,118-H-241,Yea,K000388
"KELLY, Trent",21561,R,MS,House,118-H-337,Yea,K000388
"KELLY, Trent",21561,R,MS,House,118-H-523,Yea,K000388
"KELLY, Trent",21561,R,MS,House,118-H-556,Yea,K000388
"KELLY, Trent",21561,R,MS,House,118-H-572,Yea,K000388
"KELLY, Trent",21561,R,MS,House,118-H-573,Yea,K000388
"KELLY, Trent",21561,R,MS,House,118-H-617,Yea,K000388
"KELLY, Trent",21561,R,MS,House,118-H-671,Yea,K000388
"KELLY, Trent",21561,R,MS,House,118-H-672,Yea,K000388
"KELLY, Trent",21561,R,MS,House,118-H-692,Yea,K000388
"KELLY, Trent",21561,R,MS,House,118-H-716,Yea,K000388
"KELLY, Trent",21561,R,MS,House,118-H-746,Yea,K000388
"KELLY, Trent",21561,R,MS,House,118-H-756,Yea,K000388
"KELLY, Trent",21561,R,MS,House,118-H-762,Yea,K000388
"KELLY, Trent",21561,R,MS,House,118-H-852,Yea,K000388
"KELLY, Trent",21561,R,MS,House,118-H-859,Yea,K000388
"KELLY, Trent",21561,R,MS,House,118-H-870,Yea,K000388
"KELLY, Trent",21561,R,MS,House,118-H-890,Yea,K000388
"KELLY, Trent",21561,R,MS,House,118-H-935,Yea,K000388
"KELLY, Trent",21561,R,MS,House,119-H-128,Yea,K000388
"KELLY, Trent",21561,R,MS,House,119-H-158,Yea,K000388
"KELLY, Trent",21561,R,MS,House,119-H-526,Yea,K000388
"KELLY, Trent",21561,R,MS,House,119-H-655,Yea,K000388
"KENNEDY, Joseph P. III",21335,D,MA,House,116-H-107,Yea,K000379
"KENNEDY, Joseph P. III",21335,D,MA,House,116-H-28,Yea,K000379
"KENNEDY, Joseph P. III",21335,D,MA,House,116-H-496,Yea,K000379
"KENNEDY, Joseph P. III",21335,D,MA,House,116-H-651,Yea,K000379
"KENNEDY, Mike",22529,R,UT,House,119-H-128,Yea,K000403
"KENNEDY, Mike",22529,R,UT,House,119-H-158,Yea,K000403
"KENNEDY, Mike",22529,R,UT,House,119-H-526,Yea,K000403
"KENNEDY, Mike",22529,R,UT,House,119-H-655,Yea,K000403
"KENNEDY, Timothy M.",22377,D,NY,House,118-H-1146,Nay,K000402
"KENNEDY, Timothy M.",22377,D,NY,House,118-H-1194,Yea,K000402
"KENNEDY, Timothy M.",22377,D,NY,House,118-H-935,Nay,K000402
"KENNEDY, Timothy M.",22377,D,NY,House,119-H-128,Yea,K000402
"KENNEDY, Timothy M.",22377,D,NY,House,119-H-158,Yea,K000402
"KENNEDY, Timothy M.",22377,D,NY,House,119-H-526,Yea,K000402
"KENNEDY, Timothy M.",22377,D,NY,House,119-H-655,Nay,K000402
"KHANNA, Ro",21728,D,CA,House,116-H-107,Yea,K000389
"KHANNA, Ro",21728,D,CA,House,116-H-28,Yea,K000389
"KHANNA, Ro",21728,D,CA,House,116-H-496,Yea,K000389
"KHANNA, Ro",21728,D,CA,House,116-H-651,Yea,K000389
"KHANNA, Ro",21728,D,CA,House,117-H-274,Yea,K000389
"KHANNA, Ro",21728,D,CA,House,117-H-660,Yea,K000389
"KHANNA, Ro",21728,D,CA,House,118-H-1146,Nay,K000389
"KHANNA, Ro",21728,D,CA,House,118-H-1194,Yea,K000389
"KHANNA, Ro",21728,D,CA,House,118-H-193,Yea,K000389
"KHANNA, Ro",21728,D,CA,House,118-H-241,Yea,K000389
"KHANNA, Ro",21728,D,CA,House,118-H-337,Yea,K000389
"KHANNA, Ro",21728,D,CA,House,118-H-523,Yea,K000389
"KHANNA, Ro",21728,D,CA,House,118-H-556,Yea,K000389
"KHANNA, Ro",21728,D,CA,House,118-H-572,Nay,K000389
"KHANNA, Ro",21728,D,CA,House,118-H-573,Yea,K000389
"KHANNA, Ro",21728,D,CA,House,118-H-617,Nay,K000389
"KHANNA, Ro",21728,D,CA,House,118-H-671,Yea,K000389
"KHANNA, Ro",21728,D,CA,House,118-H-672,Yea,K000389
"KHANNA, Ro",21728,D,CA,House,118-H-692,Present,K000389
"KHANNA, Ro",21728,D,CA,House,118-H-716,Nay,K000389
"KHANNA, Ro",21728,D,CA,House,118-H-746,Yea,K000389
"KHANNA, Ro",21728,D,CA,House,118-H-756,Nay,K000389
"KHANNA, Ro",21728,D,CA,House,118-H-762,Yea,K000389
"KHANNA, Ro",21728,D,CA,House,118-H-852,Yea,K000389
"KHANNA, Ro",21728,D,CA,House,118-H-859,Yea,K000389
"KHANNA, Ro",21728,D,CA,House,118-H-870,Nay,K000389
"KHANNA, Ro",21728,D,CA,House,118-H-890,Nay,K000389
"KHANNA, Ro",21728,D,CA,House,118-H-935,Not voting,K000389
"KHANNA, Ro",21728,D,CA,House,119-H-128,Yea,K000389
"KHANNA, Ro",21728,D,CA,House,119-H-158,Yea,K000389
"KHANNA, Ro",21728,D,CA,House,119-H-526,Yea,K000389
"KHANNA, Ro",21728,D,CA,House,119-H-655,Nay,K000389
"KIGGANS, Jennifer",22335,R,VA,House,118-H-1146,Yea,K000399
"KIGGANS, Jennifer",22335,R,VA,House,118-H-1194,Yea,K000399
"KIGGANS, Jennifer",22335,R,VA,House,118-H-193,Yea,K000399
"KIGGANS, Jennifer",22335,R,VA,House,118-H-241,Yea,K000399
"KIGGANS, Jennifer",22335,R,VA,House,118-H-337,Yea,K000399
"KIGGANS, Jennifer",22335,R,VA,House,118-H-523,Yea,K000399
"KIGGANS, Jennifer",22335,R,VA,House,118-H-556,Yea,K000399
"KIGGANS, Jennifer",22335,R,VA,House,118-H-572,Yea,K000399
"KIGGANS, Jennifer",22335,R,VA,House,118-H-573,Yea,K000399
"KIGGANS, Jennifer",22335,R,VA,House,118-H-617,Not voting,K000399
"KIGGANS, Jennifer",22335,R,VA,House,118-H-671,Yea,K000399
"KIGGANS, Jennifer",22335,R,VA,House,118-H-672,Yea,K000399
"KIGGANS, Jennifer",22335,R,VA,House,118-H-692,Yea,K000399
"KIGGANS, Jennifer",22335,R,VA,House,118-H-716,Yea,K000399
"KIGGANS, Jennifer",22335,R,VA,House,118-H-746,Yea,K000399
"KIGGANS, Jennifer",22335,R,VA,House,118-H-756,Yea,K000399
"KIGGANS, Jennifer",22335,R,VA,House,118-H-762,Yea,K000399
"KIGGANS, Jennifer",22335,R,VA,House,118-H-852,Yea,K000399
"KIGGANS, Jennifer",22335,R,VA,House,118-H-859,Yea,K000399
"KIGGANS, Jennifer",22335,R,VA,House,118-H-870,Yea,K000399
"KIGGANS, Jennifer",22335,R,VA,House,118-H-890,Yea,K000399
"KIGGANS, Jennifer",22335,R,VA,House,118-H-935,Yea,K000399
"KIGGANS, Jennifer",22335,R,VA,House,119-H-128,Yea,K000399
"KIGGANS, Jennifer",22335,R,VA,House,119-H-158,Yea,K000399
"KIGGANS, Jennifer",22335,R,VA,House,119-H-526,Yea,K000399
"KIGGANS, Jennifer",22335,R,VA,House,119-H-655,Yea,K000399
"KILDEE, Dan",21372,D,MI,House,116-H-107,Yea,K000380
"KILDEE, Dan",21372,D,MI,House,116-H-28,Yea,K000380
"KILDEE, Dan",21372,D,MI,House,116-H-496,Yea,K000380
"KILDEE, Dan",21372,D,MI,House,116-H-651,Yea,K000380
"KILDEE, Dan",21372,D,MI,House,117-H-274,Yea,K000380
"KILDEE, Dan",21372,D,MI,House,117-H-660,Yea,K000380
"KILDEE, Dan",21372,D,MI,House,118-H-1146,Nay,K000380
"KILDEE, Dan",21372,D,MI,House,118-H-1194,Yea,K000380
"KILDEE, Dan",21372,D,MI,House,118-H-193,Not voting,K000380
"KILDEE, Dan",21372,D,MI,House,118-H-241,Yea,K000380
"KILDEE, Dan",21372,D,MI,House,118-H-337,Yea,K000380
"KILDEE, Dan",21372,D,MI,House,118-H-523,Yea,K000380
"KILDEE, Dan",21372,D,MI,House,118-H-556,Yea,K000380
"KILDEE, Dan",21372,D,MI,House,118-H-572,Nay,K000380
"KILDEE, Dan",21372,D,MI,House,118-H-573,Yea,K000380
"KILDEE, Dan",21372,D,MI,House,118-H-617,Nay,K000380
"KILDEE, Dan",21372,D,MI,House,118-H-671,Yea,K000380
"KILDEE, Dan",21372,D,MI,House,118-H-672,Yea,K000380
"KILDEE, Dan",21372,D,MI,House,118-H-692,Present,K000380
"KILDEE, Dan",21372,D,MI,House,118-H-716,Nay,K000380
"KILDEE, Dan",21372,D,MI,House,118-H-746,Yea,K000380
"KILDEE, Dan",21372,D,MI,House,118-H-756,Nay,K000380
"KILDEE, Dan",21372,D,MI,House,118-H-762,Yea,K000380
"KILDEE, Dan",21372,D,MI,House,118-H-852,Yea,K000380
"KILDEE, Dan",21372,D,MI,House,118-H-859,Yea,K000380
"KILDEE, Dan",21372,D,MI,House,118-H-870,Nay,K000380
"KILDEE, Dan",21372,D,MI,House,118-H-890,Yea,K000380
"KILDEE, Dan",21372,D,MI,House,118-H-935,Nay,K000380
"KILEY, Kevin",22336,R,CA,House,118-H-1146,Yea,K000401
"KILEY, Kevin",22336,R,CA,House,118-H-1194,Yea,K000401
"KILEY, Kevin",22336,R,CA,House,118-H-193,Yea,K000401
"KILEY, Kevin",22336,R,CA,House,118-H-241,Yea,K000401
"KILEY, Kevin",22336,R,CA,House,118-H-337,Yea,K000401
"KILEY, Kevin",22336,R,CA,House,118-H-523,Yea,K000401
"KILEY, Kevin",22336,R,CA,House,118-H-556,Yea,K000401
"KILEY, Kevin",22336,R,CA,House,118-H-572,Yea,K000401
"KILEY, Kevin",22336,R,CA,House,118-H-573,Yea,K000401
"KILEY, Kevin",22336,R,CA,House,118-H-617,Yea,K000401
"KILEY, Kevin",22336,R,CA,House,118-H-671,Yea,K000401
"KILEY, Kevin",22336,R,CA,House,118-H-672,Yea,K000401
"KILEY, Kevin",22336,R,CA,House,118-H-692,Yea,K000401
"KILEY, Kevin",22336,R,CA,House,118-H-716,Yea,K000401
"KILEY, Kevin",22336,R,CA,House,118-H-746,Yea,K000401
"KILEY, Kevin",22336,R,CA,House,118-H-756,Yea,K000401
"KILEY, Kevin",22336,R,CA,House,118-H-762,Yea,K000401
"KILEY, Kevin",22336,R,CA,House,118-H-852,Yea,K000401
"KILEY, Kevin",22336,R,CA,House,118-H-859,Yea,K000401
"KILEY, Kevin",22336,R,CA,House,118-H-870,Yea,K000401
"KILEY, Kevin",22336,R,CA,House,118-H-890,Yea,K000401
"KILEY, Kevin",22336,R,CA,House,118-H-935,Yea,K000401
"KILEY, Kevin",22336,R,CA,House,119-H-128,Yea,K000401
"KILEY, Kevin",22336,R,CA,House,119-H-158,Not voting,K000401
"KILMER, Derek",21368,D,WA,House,116-H-107,Yea,K000381
"KILMER, Derek",21368,D,WA,House,116-H-28,Yea,K000381
"KILMER, Derek",21368,D,WA,House,116-H-496,Yea,K000381
"KILMER, Derek",21368,D,WA,House,116-H-651,Yea,K000381
"KILMER, Derek",21368,D,WA,House,117-H-274,Yea,K000381
"KILMER, Derek",21368,D,WA,House,117-H-660,Yea,K000381
"KILMER, Derek",21368,D,WA,House,118-H-1146,Nay,K000381
"KILMER, Derek",21368,D,WA,House,118-H-1194,Yea,K000381
"KILMER, Derek",21368,D,WA,House,118-H-193,Yea,K000381
"KILMER, Derek",21368,D,WA,House,118-H-241,Yea,K000381
"KILMER, Derek",21368,D,WA,House,118-H-337,Yea,K000381
"KILMER, Derek",21368,D,WA,House,118-H-523,Yea,K000381
"KILMER, Derek",21368,D,WA,House,118-H-556,Yea,K000381
"KILMER, Derek",21368,D,WA,House,118-H-572,Nay,K000381
"KILMER, Derek",21368,D,WA,House,118-H-573,Yea,K000381
"KILMER, Derek",21368,D,WA,House,118-H-617,Nay,K000381
"KILMER, Derek",21368,D,WA,House,118-H-671,Yea,K000381
"KILMER, Derek",21368,D,WA,House,118-H-672,Yea,K000381
"KILMER, Derek",21368,D,WA,House,118-H-692,Yea,K000381
"KILMER, Derek",21368,D,WA,House,118-H-716,Nay,K000381
"KILMER, Derek",21368,D,WA,House,118-H-746,Yea,K000381
"KILMER, Derek",21368,D,WA,House,118-H-756,Nay,K000381
"KILMER, Derek",21368,D,WA,House,118-H-762,Yea,K000381
"KILMER, Derek",21368,D,WA,House,118-H-852,Yea,K000381
"KILMER, Derek",21368,D,WA,House,118-H-859,Yea,K000381
"KILMER, Derek",21368,D,WA,House,118-H-870,Yea,K000381
"KILMER, Derek",21368,D,WA,House,118-H-890,Yea,K000381
"KILMER, Derek",21368,D,WA,House,118-H-935,Nay,K000381
"KIM, Andy",21937,D,NJ,House,116-H-107,Yea,K000394
"KIM, Andy",21937,D,NJ,House,116-H-28,Yea,K000394
"KIM, Andy",21937,D,NJ,House,116-H-496,Yea,K000394
"KIM, Andy",21937,D,NJ,House,116-H-651,Yea,K000394
"KIM, Andy",21937,D,NJ,House,117-H-274,Yea,K000394
"KIM, Andy",21937,D,NJ,House,117-H-660,Yea,K000394
"KIM, Andy",21937,D,NJ,House,118-H-1146,Nay,K000394
"KIM, Andy",21937,D,NJ,House,118-H-1194,Yea,K000394
"KIM, Andy",21937,D,NJ,House,118-H-193,Yea,K000394
"KIM, Andy",21937,D,NJ,House,118-H-241,Yea,K000394
"KIM, Andy",21937,D,NJ,House,118-H-337,Yea,K000394
"KIM, Andy",21937,D,NJ,House,118-H-523,Yea,K000394
"KIM, Andy",21937,D,NJ,House,118-H-556,Yea,K000394
"KIM, Andy",21937,D,NJ,House,118-H-572,Nay,K000394
"KIM, Andy",21937,D,NJ,House,118-H-573,Yea,K000394
"KIM, Andy",21937,D,NJ,House,118-H-617,Nay,K000394
"KIM, Andy",21937,D,NJ,House,118-H-671,Yea,K000394
"KIM, Andy",21937,D,NJ,House,118-H-672,Yea,K000394
"KIM, Andy",21937,D,NJ,House,118-H-692,Not voting,K000394
"KIM, Andy",21937,D,NJ,House,118-H-716,Yea,K000394
"KIM, Andy",21937,D,NJ,House,118-H-746,Yea,K000394
"KIM, Andy",21937,D,NJ,House,118-H-756,Nay,K000394
"KIM, Andy",21937,D,NJ,House,118-H-762,Yea,K000394
"KIM, Andy",21937,D,NJ,House,118-H-852,Yea,K000394
"KIM, Andy",21937,D,NJ,House,118-H-859,Yea,K000394
"KIM, Andy",21937,D,NJ,House,118-H-870,Yea,K000394
"KIM, Andy",21937,D,NJ,House,118-H-890,Nay,K000394
"KIM, Andy",21937,D,NJ,House,118-H-935,Nay,K000394
"KIM, Young",22129,R,CA,House,117-H-274,Yea,K000397
"KIM, Young",22129,R,CA,House,117-H-660,Yea,K000397
"KIM, Young",22129,R,CA,House,118-H-1146,Yea,K000397
"KIM, Young",22129,R,CA,House,118-H-1194,Yea,K000397
"KIM, Young",22129,R,CA,House,118-H-193,Yea,K000397
"KIM, Young",22129,R,CA,House,118-H-241,Yea,K000397
"KIM, Young",22129,R,CA,House,118-H-337,Yea,K000397
"KIM, Young",22129,R,CA,House,118-H-523,Yea,K000397
"KIM, Young",22129,R,CA,House,118-H-556,Yea,K000397
"KIM, Young",22129,R,CA,House,118-H-572,Yea,K000397
"KIM, Young",22129,R,CA,House,118-H-573,Yea,K000397
"KIM, Young",22129,R,CA,House,118-H-617,Yea,K000397
"KIM, Young",22129,R,CA,House,118-H-671,Yea,K000397
"KIM, Young",22129,R,CA,House,118-H-672,Yea,K000397
"KIM, Young",22129,R,CA,House,118-H-692,Yea,K000397
"KIM, Young",22129,R,CA,House,118-H-716,Yea,K000397
"KIM, Young",22129,R,CA,House,118-H-746,Yea,K000397
"KIM, Young",22129,R,CA,House,118-H-756,Yea,K000397
"KIM, Young",22129,R,CA,House,118-H-762,Yea,K000397
"KIM, Young",22129,R,CA,House,118-H-852,Yea,K000397
"KIM, Young",22129,R,CA,House,118-H-859,Yea,K000397
"KIM, Young",22129,R,CA,House,118-H-870,Yea,K000397
"KIM, Young",22129,R,CA,House,118-H-890,Yea,K000397
"KIM, Young",22129,R,CA,House,118-H-935,Yea,K000397
"KIM, Young",22129,R,CA,House,119-H-128,Yea,K000397
"KIM, Young",22129,R,CA,House,119-H-158,Yea,K000397
"KIM, Young",22129,R,CA,House,119-H-526,Yea,K000397
"KIM, Young",22129,R,CA,House,119-H-655,Yea,K000397
"KIND, Ron",29769,D,WI,House,116-H-107,Yea,K000188
"KIND, Ron",29769,D,WI,House,116-H-28,Yea,K000188
"KIND, Ron",29769,D,WI,House,116-H-496,Yea,K000188
"KIND, Ron",29769,D,WI,House,116-H-651,Yea,K000188
"KIND, Ron",29769,D,WI,House,117-H-274,Yea,K000188
"KIND, Ron",29769,D,WI,House,117-H-660,Yea,K000188
"KING, Peter T.",29375,R,NY,House,116-H-107,Nay,K000210
"KING, Peter T.",29375,R,NY,House,116-H-28,Yea,K000210
"KING, Peter T.",29375,R,NY,House,116-H-496,Yea,K000210
"KING, Peter T.",29375,R,NY,House,116-H-651,Nay,K000210
"KING, Steve",20325,R,IA,House,116-H-107,Present,K000362
"KING, Steve",20325,R,IA,House,116-H-28,Yea,K000362
"KING, Steve",20325,R,IA,House,116-H-496,Yea,K000362
"KING, Steve",20325,R,IA,House,116-H-651,Nay,K000362
"KINZINGER, Adam",21128,R,IL,House,116-H-107,Yea,K000378
"KINZINGER, Adam",21128,R,IL,House,116-H-28,Yea,K000378
"KINZINGER, Adam",21128,R,IL,House,116-H-496,Yea,K000378
"KINZINGER, Adam",21128,R,IL,House,116-H-651,Not voting,K000378
"KINZINGER, Adam",21128,R,IL,House,117-H-274,Yea,K000378
"KINZINGER, Adam",21128,R,IL,House,117-H-660,Not voting,K000378
"KIRKPATRICK, Ann",20902,D,AZ,House,116-H-107,Yea,K000368
"KIRKPATRICK, Ann",20902,D,AZ,House,116-H-28,Yea,K000368
"KIRKPATRICK, Ann",20902,D,AZ,House,116-H-496,Yea,K000368
"KIRKPATRICK, Ann",20902,D,AZ,House,116-H-651,Yea,K000368
"KIRKPATRICK, Ann",20902,D,AZ,House,117-H-274,Yea,K000368
"KIRKPATRICK, Ann",20902,D,AZ,House,117-H-660,Yea,K000368
"KNOTT, Brad",22530,R,NC,House,119-H-128,Yea,K000405
"KNOTT, Brad",22530,R,NC,House,119-H-158,Yea,K000405
"KNOTT, Brad",22530,R,NC,House,119-H-526,Yea,K000405
"KNOTT, Brad",22530,R,NC,House,119-H-655,Yea,K000405
"KRISHNAMOORTHI, S. Raja",21730,D,IL,House,116-H-107,Yea,K000391
"KRISHNAMOORTHI, S. Raja",21730,D,IL,House,116-H-28,Yea,K000391
"KRISHNAMOORTHI, S. Raja",21730,D,IL,House,116-H-496,Yea,K000391
"KRISHNAMOORTHI, S. Raja",21730,D,IL,House,116-H-651,Yea,K000391
"KRISHNAMOORTHI, S. Raja",21730,D,IL,House,117-H-274,Yea,K000391
"KRISHNAMOORTHI, S. Raja",21730,D,IL,House,117-H-660,Yea,K000391
"KRISHNAMOORTHI, S. Raja",21730,D,IL,House,118-H-1146,Nay,K000391
"KRISHNAMOORTHI, S. Raja",21730,D,IL,House,118-H-1194,Yea,K000391
"KRISHNAMOORTHI, S. Raja",21730,D,IL,House,118-H-193,Yea,K000391
"KRISHNAMOORTHI, S. Raja",21730,D,IL,House,118-H-241,Yea,K000391
"KRISHNAMOORTHI, S. Raja",21730,D,IL,House,118-H-337,Yea,K000391
"KRISHNAMOORTHI, S. Raja",21730,D,IL,House,118-H-523,Yea,K000391
"KRISHNAMOORTHI, S. Raja",21730,D,IL,House,118-H-556,Yea,K000391
"KRISHNAMOORTHI, S. Raja",21730,D,IL,House,118-H-572,Nay,K000391
"KRISHNAMOORTHI, S. Raja",21730,D,IL,House,118-H-573,Yea,K000391
"KRISHNAMOORTHI, S. Raja",21730,D,IL,House,118-H-617,Nay,K000391
"KRISHNAMOORTHI, S. Raja",21730,D,IL,House,118-H-671,Yea,K000391
"KRISHNAMOORTHI, S. Raja",21730,D,IL,House,118-H-672,Yea,K000391
"KRISHNAMOORTHI, S. Raja",21730,D,IL,House,118-H-692,Present,K000391
"KRISHNAMOORTHI, S. Raja",21730,D,IL,House,118-H-716,Nay,K000391
"KRISHNAMOORTHI, S. Raja",21730,D,IL,House,118-H-746,Yea,K000391
"KRISHNAMOORTHI, S. Raja",21730,D,IL,House,118-H-756,Nay,K000391
"KRISHNAMOORTHI, S. Raja",21730,D,IL,House,118-H-762,Yea,K000391
"KRISHNAMOORTHI, S. Raja",21730,D,IL,House,118-H-852,Yea,K000391
"KRISHNAMOORTHI, S. Raja",21730,D,IL,House,118-H-859,Yea,K000391
"KRISHNAMOORTHI, S. Raja",21730,D,IL,House,118-H-870,Yea,K000391
"KRISHNAMOORTHI, S. Raja",21730,D,IL,House,118-H-890,Yea,K000391
"KRISHNAMOORTHI, S. Raja",21730,D,IL,House,118-H-935,Nay,K000391
"KRISHNAMOORTHI, S. Raja",21730,D,IL,House,119-H-128,Yea,K000391
"KRISHNAMOORTHI, S. Raja",21730,D,IL,House,119-H-158,Yea,K000391
"KRISHNAMOORTHI, S. Raja",21730,D,IL,House,119-H-526,Yea,K000391
"KRISHNAMOORTHI, S. Raja",21730,D,IL,House,119-H-655,Nay,K000391
"KUSTER, Ann McLane",21340,D,NH,House,116-H-107,Yea,K000382
"KUSTER, Ann McLane",21340,D,NH,House,116-H-28,Yea,K000382
"KUSTER, Ann McLane",21340,D,NH,House,116-H-496,Yea,K000382
"KUSTER, Ann McLane",21340,D,NH,House,116-H-651,Yea,K000382
"KUSTER, Ann McLane",21340,D,NH,House,117-H-274,Yea,K000382
"KUSTER, Ann McLane",21340,D,NH,House,117-H-660,Yea,K000382
"KUSTER, Ann McLane",21340,D,NH,House,118-H-1146,Nay,K000382
"KUSTER, Ann McLane",21340,D,NH,House,118-H-1194,Yea,K000382
"KUSTER, Ann McLane",21340,D,NH,House,118-H-193,Yea,K000382
"KUSTER, Ann McLane",21340,D,NH,House,118-H-241,Yea,K000382
"KUSTER, Ann McLane",21340,D,NH,House,118-H-337,Yea,K000382
"KUSTER, Ann McLane",21340,D,NH,House,118-H-523,Yea,K000382
"KUSTER, Ann McLane",21340,D,NH,House,118-H-556,Yea,K000382
"KUSTER, Ann McLane",21340,D,NH,House,118-H-572,Nay,K000382
"KUSTER, Ann McLane",21340,D,NH,House,118-H-573,Yea,K000382
"KUSTER, Ann McLane",21340,D,NH,House,118-H-617,Nay,K000382
"KUSTER, Ann McLane",21340,D,NH,House,118-H-671,Yea,K000382
"KUSTER, Ann McLane",21340,D,NH,House,118-H-672,Yea,K000382
"KUSTER, Ann McLane",21340,D,NH,House,118-H-692,Yea,K000382
"KUSTER, Ann McLane",21340,D,NH,House,118-H-716,Yea,K000382
"KUSTER, Ann McLane",21340,D,NH,House,118-H-746,Yea,K000382
"KUSTER, Ann McLane",21340,D,NH,House,118-H-756,Nay,K000382
"KUSTER, Ann McLane",21340,D,NH,House,118-H-762,Yea,K000382
"KUSTER, Ann McLane",21340,D,NH,House,118-H-852,Yea,K000382
"KUSTER, Ann McLane",21340,D,NH,House,118-H-859,Yea,K000382
"KUSTER, Ann McLane",21340,D,NH,House,118-H-870,Yea,K000382
"KUSTER, Ann McLane",21340,D,NH,House,118-H-890,Yea,K000382
"KUSTER, Ann McLane",21340,D,NH,House,118-H-935,Nay,K000382
"KUSTOFF, David",21731,R,TN,House,116-H-107,Yea,K000392
"KUSTOFF, David",21731,R,TN,House,116-H-28,Yea,K000392
"KUSTOFF, David",21731,R,TN,House,116-H-496,Yea,K000392
"KUSTOFF, David",21731,R,TN,House,116-H-651,Nay,K000392
"KUSTOFF, David",21731,R,TN,House,117-H-274,Yea,K000392
"KUSTOFF, David",21731,R,TN,House,117-H-660,Yea,K000392
"KUSTOFF, David",21731,R,TN,House,118-H-1146,Yea,K000392
"KUSTOFF, David",21731,R,TN,House,118-H-1194,Yea,K000392
"KUSTOFF, David",21731,R,TN,House,118-H-193,Yea,K000392
"KUSTOFF, David",21731,R,TN,House,118-H-241,Yea,K000392
"KUSTOFF, David",21731,R,TN,House,118-H-337,Yea,K000392
"KUSTOFF, David",21731,R,TN,House,118-H-523,Yea,K000392
"KUSTOFF, David",21731,R,TN,House,118-H-556,Yea,K000392
"KUSTOFF, David",21731,R,TN,House,118-H-572,Yea,K000392
"KUSTOFF, David",21731,R,TN,House,118-H-573,Yea,K000392
"KUSTOFF, David",21731,R,TN,House,118-H-617,Yea,K000392
"KUSTOFF, David",21731,R,TN,House,118-H-671,Yea,K000392
"KUSTOFF, David",21731,R,TN,House,118-H-672,Yea,K000392
"KUSTOFF, David",21731,R,TN,House,118-H-692,Yea,K000392
"KUSTOFF, David",21731,R,TN,House,118-H-716,Yea,K000392
"KUSTOFF, David",21731,R,TN,House,118-H-746,Yea,K000392
"KUSTOFF, David",21731,R,TN,House,118-H-756,Yea,K000392
"KUSTOFF, David",21731,R,TN,House,118-H-762,Yea,K000392
"KUSTOFF, David",21731,R,TN,House,118-H-852,Yea,K000392
"KUSTOFF, David",21731,R,TN,House,118-H-859,Yea,K000392
"KUSTOFF, David",21731,R,TN,House,118-H-870,Yea,K000392
"KUSTOFF, David",21731,R,TN,House,118-H-890,Yea,K000392
"KUSTOFF, David",21731,R,TN,House,118-H-935,Yea,K000392
"KUSTOFF, David",21731,R,TN,House,119-H-128,Yea,K000392
"KUSTOFF, David",21731,R,TN,House,119-H-158,Yea,K000392
"KUSTOFF, David",21731,R,TN,House,119-H-526,Yea,K000392
"KUSTOFF, David",21731,R,TN,House,119-H-655,Yea,K000392
"LAHOOD, Darin",21562,R,IL,House,116-H-107,Yea,L000585
"LAHOOD, Darin",21562,R,IL,House,116-H-28,Yea,L000585
"LAHOOD, Darin",21562,R,IL,House,116-H-496,Yea,L000585
"LAHOOD, Darin",21562,R,IL,House,116-H-651,Nay,L000585
"LAHOOD, Darin",21562,R,IL,House,117-H-274,Yea,L000585
"LAHOOD, Darin",21562,R,IL,House,117-H-660,Yea,L000585
"LAHOOD, Darin",21562,R,IL,House,118-H-1146,Yea,L000585
"LAHOOD, Darin",21562,R,IL,House,118-H-1194,Yea,L000585
"LAHOOD, Darin",21562,R,IL,House,118-H-193,Yea,L000585
"LAHOOD, Darin",21562,R,IL,House,118-H-241,Yea,L000585
"LAHOOD, Darin",21562,R,IL,House,118-H-337,Yea,L000585
"LAHOOD, Darin",21562,R,IL,House,118-H-523,Yea,L000585
"LAHOOD, Darin",21562,R,IL,House,118-H-556,Yea,L000585
"LAHOOD, Darin",21562,R,IL,House,118-H-572,Yea,L000585
"LAHOOD, Darin",21562,R,IL,House,118-H-573,Yea,L000585
"LAHOOD, Darin",21562,R,IL,House,118-H-617,Yea,L000585
"LAHOOD, Darin",21562,R,IL,House,118-H-671,Yea,L000585
"LAHOOD, Darin",21562,R,IL,House,118-H-672,Yea,L000585
"LAHOOD, Darin",21562,R,IL,House,118-H-692,Yea,L000585
"LAHOOD, Darin",21562,R,IL,House,118-H-716,Yea,L000585
"LAHOOD, Darin",21562,R,IL,House,118-H-746,Yea,L000585
"LAHOOD, Darin",21562,R,IL,House,118-H-756,Yea,L000585
"LAHOOD, Darin",21562,R,IL,House,118-H-762,Yea,L000585
"LAHOOD, Darin",21562,R,IL,House,118-H-852,Yea,L000585
"LAHOOD, Darin",21562,R,IL,House,118-H-859,Yea,L000585
"LAHOOD, Darin",21562,R,IL,House,118-H-870,Yea,L000585
"LAHOOD, Darin",21562,R,IL,House,118-H-890,Yea,L000585
"LAHOOD, Darin",21562,R,IL,House,118-H-935,Yea,L000585
"LAHOOD, Darin",21562,R,IL,House,119-H-128,Yea,L000585
"LAHOOD, Darin",21562,R,IL,House,119-H-158,Yea,L000585
"LAHOOD, Darin",21562,R,IL,House,119-H-526,Yea,L000585
"LAHOOD, Darin",21562,R,IL,House,119-H-655,Yea,L000585
"LALOTA, Nicholas",22337,R,NY,House,118-H-1146,Not voting,L000598
"LALOTA, Nicholas",22337,R,NY,House,118-H-1194,Yea,L000598
"LALOTA, Nicholas",22337,R,NY,House,118-H-193,Yea,L000598
"LALOTA, Nicholas",22337,R,NY,House,118-H-241,Yea,L000598
"LALOTA, Nicholas",22337,R,NY,House,118-H-337,Yea,L000598
"LALOTA, Nicholas",22337,R,NY,House,118-H-523,Yea,L000598
"LALOTA, Nicholas",22337,R,NY,House,118-H-556,Yea,L000598
"LALOTA, Nicholas",22337,R,NY,House,118-H-572,Yea,L000598
"LALOTA, Nicholas",22337,R,NY,House,118-H-573,Yea,L000598
"LALOTA, Nicholas",22337,R,NY,House,118-H-617,Yea,L000598
"LALOTA, Nicholas",22337,R,NY,House,118-H-671,Yea,L000598
"LALOTA, Nicholas",22337,R,NY,House,118-H-672,Yea,L000598
"LALOTA, Nicholas",22337,R,NY,House,118-H-692,Yea,L000598
"LALOTA, Nicholas",22337,R,NY,House,118-H-716,Yea,L000598
"LALOTA, Nicholas",22337,R,NY,House,118-H-746,Yea,L000598
"LALOTA, Nicholas",22337,R,NY,House,118-H-756,Yea,L000598
"LALOTA, Nicholas",22337,R,NY,House,118-H-762,Yea,L000598
"LALOTA, Nicholas",22337,R,NY,House,118-H-852,Yea,L000598
"LALOTA, Nicholas",22337,R,NY,House,118-H-859,Yea,L000598
"LALOTA, Nicholas",22337,R,NY,House,118-H-870,Yea,L000598
"LALOTA, Nicholas",22337,R,NY,House,118-H-890,Yea,L000598
"LALOTA, Nicholas",22337,R,NY,House,118-H-935,Yea,L000598
"LALOTA, Nicholas",22337,R,NY,House,119-H-128,Yea,L000598
"LALOTA, Nicholas",22337,R,NY,House,119-H-158,Yea,L000598
"LALOTA, Nicholas",22337,R,NY,House,119-H-526,Yea,L000598
"LALOTA, Nicholas",22337,R,NY,House,119-H-655,Yea,L000598
"LAMALFA, Doug",21302,R,CA,House,116-H-107,Nay,L000578
"LAMALFA, Doug",21302,R,CA,House,116-H-28,Yea,L000578
"LAMALFA, Doug",21302,R,CA,House,116-H-496,Yea,L000578
"LAMALFA, Doug",21302,R,CA,House,116-H-651,Nay,L000578
"LAMALFA, Doug",21302,R,CA,House,117-H-274,Yea,L000578
"LAMALFA, Doug",21302,R,CA,House,117-H-660,Yea,L000578
"LAMALFA, Doug",21302,R,CA,House,118-H-1146,Yea,L000578
"LAMALFA, Doug",21302,R,CA,House,118-H-1194,Yea,L000578
"LAMALFA, Doug",21302,R,CA,House,118-H-193,Yea,L000578
"LAMALFA, Doug",21302,R,CA,House,118-H-241,Yea,L000578
"LAMALFA, Doug",21302,R,CA,House,118-H-337,Yea,L000578
"LAMALFA, Doug",21302,R,CA,House,118-H-523,Yea,L000578
"LAMALFA, Doug",21302,R,CA,House,118-H-556,Yea,L000578
"LAMALFA, Doug",21302,R,CA,House,118-H-572,Yea,L000578
"LAMALFA, Doug",21302,R,CA,House,118-H-573,Yea,L000578
"LAMALFA, Doug",21302,R,CA,House,118-H-617,Yea,L000578
"LAMALFA, Doug",21302,R,CA,House,118-H-671,Yea,L000578
"LAMALFA, Doug",21302,R,CA,House,118-H-672,Yea,L000578
"LAMALFA, Doug",21302,R,CA,House,118-H-692,Yea,L000578
"LAMALFA, Doug",21302,R,CA,House,118-H-716,Yea,L000578
"LAMALFA, Doug",21302,R,CA,House,118-H-746,Yea,L000578
"LAMALFA, Doug",21302,R,CA,House,118-H-756,Yea,L000578
"LAMALFA, Doug",21302,R,CA,House,118-H-762,Not voting,L000578
"LAMALFA, Doug",21302,R,CA,House,118-H-852,Yea,L000578
"LAMALFA, Doug",21302,R,CA,House,118-H-859,Yea,L000578
"LAMALFA, Doug",21302,R,CA,House,118-H-870,Yea,L000578
"LAMALFA, Doug",21302,R,CA,House,118-H-890,Yea,L000578
"LAMALFA, Doug",21302,R,CA,House,118-H-935,Yea,L000578
"LAMALFA, Doug",21302,R,CA,House,119-H-128,Yea,L000578
"LAMALFA, Doug",21302,R,CA,House,119-H-158,Yea,L000578
"LAMB, Conor",21756,D,PA,House,116-H-107,Yea,L000588
"LAMB, Conor",21756,D,PA,House,116-H-28,Yea,L000588
"LAMB, Conor",21756,D,PA,House,116-H-496,Yea,L000588
"LAMB, Conor",21756,D,PA,House,116-H-651,Yea,L000588
"LAMB, Conor",21756,D,PA,House,117-H-274,Yea,L000588
"LAMB, Conor",21756,D,PA,House,117-H-660,Yea,L000588
"LAMBORN, Doug",20704,R,CO,House,116-H-107,Yea,L000564
"LAMBORN, Doug",20704,R,CO,House,116-H-28,Yea,L000564
"LAMBORN, Doug",20704,R,CO,House,116-H-496,Yea,L000564
"LAMBORN, Doug",20704,R,CO,House,116-H-651,Nay,L000564
"LAMBORN, Doug",20704,R,CO,House,117-H-274,Yea,L000564
"LAMBORN, Doug",20704,R,CO,House,117-H-660,Yea,L000564
"LAMBORN, Doug",20704,R,CO,House,118-H-1146,Yea,L000564
"LAMBORN, Doug",20704,R,CO,House,118-H-1194,Yea,L000564
"LAMBORN, Doug",20704,R,CO,House,118-H-193,Yea,L000564
"LAMBORN, Doug",20704,R,CO,House,118-H-241,Yea,L000564
"LAMBORN, Doug",20704,R,CO,House,118-H-337,Yea,L000564
"LAMBORN, Doug",20704,R,CO,House,118-H-523,Yea,L000564
"LAMBORN, Doug",20704,R,CO,House,118-H-556,Yea,L000564
"LAMBORN, Doug",20704,R,CO,House,118-H-572,Yea,L000564
"LAMBORN, Doug",20704,R,CO,House,118-H-573,Yea,L000564
"LAMBORN, Doug",20704,R,CO,House,118-H-617,Yea,L000564
"LAMBORN, Doug",20704,R,CO,House,118-H-671,Yea,L000564
"LAMBORN, Doug",20704,R,CO,House,118-H-672,Yea,L000564
"LAMBORN, Doug",20704,R,CO,House,118-H-692,Yea,L000564
"LAMBORN, Doug",20704,R,CO,House,118-H-716,Yea,L000564
"LAMBORN, Doug",20704,R,CO,House,118-H-746,Yea,L000564
"LAMBORN, Doug",20704,R,CO,House,118-H-756,Yea,L000564
"LAMBORN, Doug",20704,R,CO,House,118-H-762,Yea,L000564
"LAMBORN, Doug",20704,R,CO,House,118-H-852,Yea,L000564
"LAMBORN, Doug",20704,R,CO,House,118-H-859,Yea,L000564
"LAMBORN, Doug",20704,R,CO,House,118-H-870,Yea,L000564
"LAMBORN, Doug",20704,R,CO,House,118-H-890,Yea,L000564
"LAMBORN, Doug",20704,R,CO,House,118-H-935,Yea,L000564
"LANDSMAN, Greg",22338,D,OH,House,118-H-1146,Nay,L000601
"LANDSMAN, Greg",22338,D,OH,House,118-H-1194,Yea,L000601
"LANDSMAN, Greg",22338,D,OH,House,118-H-193,Yea,L000601
"LANDSMAN, Greg",22338,D,OH,House,118-H-241,Yea,L000601
"LANDSMAN, Greg",22338,D,OH,House,118-H-337,Yea,L000601
"LANDSMAN, Greg",22338,D,OH,House,118-H-523,Yea,L000601
"LANDSMAN, Greg",22338,D,OH,House,118-H-556,Yea,L000601
"LANDSMAN, Greg",22338,D,OH,House,118-H-572,Yea,L000601
"LANDSMAN, Greg",22338,D,OH,House,118-H-573,Yea,L000601
"LANDSMAN, Greg",22338,D,OH,House,118-H-617,Yea,L000601
"LANDSMAN, Greg",22338,D,OH,House,118-H-671,Yea,L000601
"LANDSMAN, Greg",22338,D,OH,House,118-H-672,Yea,L000601
"LANDSMAN, Greg",22338,D,OH,House,118-H-692,Yea,L000601
"LANDSMAN, Greg",22338,D,OH,House,118-H-716,Yea,L000601
"LANDSMAN, Greg",22338,D,OH,House,118-H-746,Yea,L000601
"LANDSMAN, Greg",22338,D,OH,House,118-H-756,Yea,L000601
"LANDSMAN, Greg",22338,D,OH,House,118-H-762,Yea,L000601
"LANDSMAN, Greg",22338,D,OH,House,118-H-852,Yea,L000601
"LANDSMAN, Greg",22338,D,OH,House,118-H-859,Yea,L000601
"LANDSMAN, Greg",22338,D,OH,House,118-H-870,Yea,L000601
"LANDSMAN, Greg",22338,D,OH,House,118-H-890,Yea,L000601
"LANDSMAN, Greg",22338,D,OH,House,118-H-935,Yea,L000601
"LANDSMAN, Greg",22338,D,OH,House,119-H-128,Yea,L000601
"LANDSMAN, Greg",22338,D,OH,House,119-H-158,Yea,L000601
"LANDSMAN, Greg",22338,D,OH,House,119-H-526,Yea,L000601
"LANDSMAN, Greg",22338,D,OH,House,119-H-655,Yea,L000601
"LANGEVIN, James",20136,D,RI,House,116-H-107,Yea,L000559
"LANGEVIN, James",20136,D,RI,House,116-H-28,Yea,L000559
"LANGEVIN, James",20136,D,RI,House,116-H-496,Yea,L000559
"LANGEVIN, James",20136,D,RI,House,116-H-651,Yea,L000559
"LANGEVIN, James",20136,D,RI,House,117-H-274,Yea,L000559
"LANGEVIN, James",20136,D,RI,House,117-H-660,Yea,L000559
"LANGWORTHY, Nick",22339,R,NY,House,118-H-1146,Yea,L000600
"LANGWORTHY, Nick",22339,R,NY,House,118-H-1194,Yea,L000600
"LANGWORTHY, Nick",22339,R,NY,House,118-H-193,Yea,L000600
"LANGWORTHY, Nick",22339,R,NY,House,118-H-241,Yea,L000600
"LANGWORTHY, Nick",22339,R,NY,House,118-H-337,Yea,L000600
"LANGWORTHY, Nick",22339,R,NY,House,118-H-523,Yea,L000600
"LANGWORTHY, Nick",22339,R,NY,House,118-H-556,Yea,L000600
"LANGWORTHY, Nick",22339,R,NY,House,118-H-572,Yea,L000600
"LANGWORTHY, Nick",22339,R,NY,House,118-H-573,Yea,L000600
"LANGWORTHY, Nick",22339,R,NY,House,118-H-617,Yea,L000600
"LANGWORTHY, Nick",22339,R,NY,House,118-H-671,Yea,L000600
"LANGWORTHY, Nick",22339,R,NY,House,118-H-672,Yea,L000600
"LANGWORTHY, Nick",22339,R,NY,House,118-H-692,Yea,L000600
"LANGWORTHY, Nick",22339,R,NY,House,118-H-716,Yea,L000600
"LANGWORTHY, Nick",22339,R,NY,House,118-H-746,Yea,L000600
"LANGWORTHY, Nick",22339,R,NY,House,118-H-756,Yea,L000600
"LANGWORTHY, Nick",22339,R,NY,House,118-H-762,Yea,L000600
"LANGWORTHY, Nick",22339,R,NY,House,118-H-852,Yea,L000600
"LANGWORTHY, Nick",22339,R,NY,House,118-H-859,Not voting,L000600
"LANGWORTHY, Nick",22339,R,NY,House,118-H-870,Yea,L000600
"LANGWORTHY, Nick",22339,R,NY,House,118-H-890,Not voting,L000600
"LANGWORTHY, Nick",22339,R,NY,House,118-H-935,Yea,L000600
"LANGWORTHY, Nick",22339,R,NY,House,119-H-128,Yea,L000600
"LANGWORTHY, Nick",22339,R,NY,House,119-H-158,Not voting,L000600
"LANGWORTHY, Nick",22339,R,NY,House,119-H-526,Yea,L000600
"LANGWORTHY, Nick",22339,R,NY,House,119-H-655,Yea,L000600
"LARSEN, Richard Ray (Rick)",20145,D,WA,House,116-H-107,Yea,L000560
"LARSEN, Richard Ray (Rick)",20145,D,WA,House,116-H-28,Yea,L000560
"LARSEN, Richard Ray (Rick)",20145,D,WA,House,116-H-496,Yea,L000560
"LARSEN, Richard Ray (Rick)",20145,D,WA,House,116-H-651,Yea,L000560
"LARSEN, Richard Ray (Rick)",20145,D,WA,House,117-H-274,Yea,L000560
"LARSEN, Richard Ray (Rick)",20145,D,WA,House,117-H-660,Yea,L000560
"LARSEN, Richard Ray (Rick)",20145,D,WA,House,118-H-1146,Nay,L000560
"LARSEN, Richard Ray (Rick)",20145,D,WA,House,118-H-1194,Yea,L000560
"LARSEN, Richard Ray (Rick)",20145,D,WA,House,118-H-193,Yea,L000560
"LARSEN, Richard Ray (Rick)",20145,D,WA,House,118-H-241,Yea,L000560
"LARSEN, Richard Ray (Rick)",20145,D,WA,House,118-H-337,Yea,L000560
"LARSEN, Richard Ray (Rick)",20145,D,WA,House,118-H-523,Yea,L000560
"LARSEN, Richard Ray (Rick)",20145,D,WA,House,118-H-556,Yea,L000560
"LARSEN, Richard Ray (Rick)",20145,D,WA,House,118-H-572,Nay,L000560
"LARSEN, Richard Ray (Rick)",20145,D,WA,House,118-H-573,Yea,L000560
"LARSEN, Richard Ray (Rick)",20145,D,WA,House,118-H-617,Not voting,L000560
"LARSEN, Richard Ray (Rick)",20145,D,WA,House,118-H-671,Yea,L000560
"LARSEN, Richard Ray (Rick)",20145,D,WA,House,118-H-672,Yea,L000560
"LARSEN, Richard Ray (Rick)",20145,D,WA,House,118-H-692,Present,L000560
"LARSEN, Richard Ray (Rick)",20145,D,WA,House,118-H-716,Nay,L000560
"LARSEN, Richard Ray (Rick)",20145,D,WA,House,118-H-746,Yea,L000560
"LARSEN, Richard Ray (Rick)",20145,D,WA,House,118-H-756,Nay,L000560
"LARSEN, Richard Ray (Rick)",20145,D,WA,House,118-H-762,Yea,L000560
"LARSEN, Richard Ray (Rick)",20145,D,WA,House,118-H-852,Yea,L000560
"LARSEN, Richard Ray (Rick)",20145,D,WA,House,118-H-859,Yea,L000560
"LARSEN, Richard Ray (Rick)",20145,D,WA,House,118-H-870,Yea,L000560
"LARSEN, Richard Ray (Rick)",20145,D,WA,House,118-H-890,Yea,L000560
"LARSEN, Richard Ray (Rick)",20145,D,WA,House,118-H-935,Nay,L000560
"LARSEN, Richard Ray (Rick)",20145,D,WA,House,119-H-128,Yea,L000560
"LARSEN, Richard Ray (Rick)",20145,D,WA,House,119-H-158,Yea,L000560
"LARSEN, Richard Ray (Rick)",20145,D,WA,House,119-H-526,Yea,L000560
"LARSEN, Richard Ray (Rick)",20145,D,WA,House,119-H-655,Nay,L000560
"LARSON, John B.",29908,D,CT,House,116-H-107,Yea,L000557
"LARSON, John B.",29908,D,CT,House,116-H-28,Not voting,L000557
"LARSON, John B.",29908,D,CT,House,116-H-496,Yea,L000557
"LARSON, John B.",29908,D,CT,House,116-H-651,Yea,L000557
"LARSON, John B.",29908,D,CT,House,117-H-274,Yea,L000557
"LARSON, John B.",29908,D,CT,House,117-H-660,Yea,L000557
"LARSON, John B.",29908,D,CT,House,118-H-1146,Nay,L000557
"LARSON, John B.",29908,D,CT,House,118-H-1194,Yea,L000557
"LARSON, John B.",29908,D,CT,House,118-H-193,Yea,L000557
"LARSON, John B.",29908,D,CT,House,118-H-241,Yea,L000557
"LARSON, John B.",29908,D,CT,House,118-H-337,Yea,L000557
"LARSON, John B.",29908,D,CT,House,118-H-523,Yea,L000557
"LARSON, John B.",29908,D,CT,House,118-H-556,Yea,L000557
"LARSON, John B.",29908,D,CT,House,118-H-572,Nay,L000557
"LARSON, John B.",29908,D,CT,House,118-H-573,Yea,L000557
"LARSON, John B.",29908,D,CT,House,118-H-617,Nay,L000557
"LARSON, John B.",29908,D,CT,House,118-H-671,Yea,L000557
"LARSON, John B.",29908,D,CT,House,118-H-672,Yea,L000557
"LARSON, John B.",29908,D,CT,House,118-H-692,Yea,L000557
"LARSON, John B.",29908,D,CT,House,118-H-716,Nay,L000557
"LARSON, John B.",29908,D,CT,House,118-H-746,Yea,L000557
"LARSON, John B.",29908,D,CT,House,118-H-756,Nay,L000557
"LARSON, John B.",29908,D,CT,House,118-H-762,Yea,L000557
"LARSON, John B.",29908,D,CT,House,118-H-852,Yea,L000557
"LARSON, John B.",29908,D,CT,House,118-H-859,Yea,L000557
"LARSON, John B.",29908,D,CT,House,118-H-870,Yea,L000557
"LARSON, John B.",29908,D,CT,House,118-H-890,Yea,L000557
"LARSON, John B.",29908,D,CT,House,118-H-935,Nay,L000557
"LARSON, John B.",29908,D,CT,House,119-H-128,Yea,L000557
"LARSON, John B.",29908,D,CT,House,119-H-158,Yea,L000557
"LARSON, John B.",29908,D,CT,House,119-H-526,Yea,L000557
"LARSON, John B.",29908,D,CT,House,119-H-655,Nay,L000557
"LATIMER, George",22531,D,NY,House,119-H-128,Yea,L000606
"LATIMER, George",22531,D,NY,House,119-H-158,Yea,L000606
"LATIMER, George",22531,D,NY,House,119-H-526,Yea,L000606
"LATIMER, George",22531,D,NY,House,119-H-655,Yea,L000606
"LATTA, Robert E.",20755,R,OH,House,116-H-107,Yea,L000566
"LATTA, Robert E.",20755,R,OH,House,116-H-28,Yea,L000566
"LATTA, Robert E.",20755,R,OH,House,116-H-496,Yea,L000566
"LATTA, Robert E.",20755,R,OH,House,116-H-651,Nay,L000566
"LATTA, Robert E.",20755,R,OH,House,117-H-274,Yea,L000566
"LATTA, Robert E.",20755,R,OH,House,117-H-660,Yea,L000566
"LATTA, Robert E.",20755,R,OH,House,118-H-1146,Yea,L000566
"LATTA, Robert E.",20755,R,OH,House,118-H-1194,Yea,L000566
"LATTA, Robert E.",20755,R,OH,House,118-H-193,Yea,L000566
"LATTA, Robert E.",20755,R,OH,House,118-H-241,Yea,L000566
"LATTA, Robert E.",20755,R,OH,House,118-H-337,Yea,L000566
"LATTA, Robert E.",20755,R,OH,House,118-H-523,Yea,L000566
"LATTA, Robert E.",20755,R,OH,House,118-H-556,Yea,L000566
"LATTA, Robert E.",20755,R,OH,House,118-H-572,Yea,L000566
"LATTA, Robert E.",20755,R,OH,House,118-H-573,Yea,L000566
"LATTA, Robert E.",20755,R,OH,House,118-H-617,Yea,L000566
"LATTA, Robert E.",20755,R,OH,House,118-H-671,Yea,L000566
"LATTA, Robert E.",20755,R,OH,House,118-H-672,Yea,L000566
"LATTA, Robert E.",20755,R,OH,House,118-H-692,Yea,L000566
"LATTA, Robert E.",20755,R,OH,House,118-H-716,Yea,L000566
"LATTA, Robert E.",20755,R,OH,House,118-H-746,Yea,L000566
"LATTA, Robert E.",20755,R,OH,House,118-H-756,Yea,L000566
"LATTA, Robert E.",20755,R,OH,House,118-H-762,Yea,L000566
"LATTA, Robert E.",20755,R,OH,House,118-H-852,Yea,L000566
"LATTA, Robert E.",20755,R,OH,House,118-H-859,Yea,L000566
"LATTA, Robert E.",20755,R,OH,House,118-H-870,Yea,L000566
"LATTA, Robert E.",20755,R,OH,House,118-H-890,Yea,L000566
"LATTA, Robert E.",20755,R,OH,House,118-H-935,Yea,L000566
"LATTA, Robert E.",20755,R,OH,House,119-H-128,Yea,L000566
"LATTA, Robert E.",20755,R,OH,House,119-H-158,Yea,L000566
"LATTA, Robert E.",20755,R,OH,House,119-H-526,Yea,L000566
"LATTA, Robert E.",20755,R,OH,House,119-H-655,Yea,L000566
"LATURNER, Jake",22130,R,KS,House,117-H-274,Yea,L000266
"LATURNER, Jake",22130,R,KS,House,117-H-660,Yea,L000266
"LATURNER, Jake",22130,R,KS,House,118-H-1146,Yea,L000266
"LATURNER, Jake",22130,R,KS,House,118-H-1194,Yea,L000266
"LATURNER, Jake",22130,R,KS,House,118-H-193,Not voting,L000266
"LATURNER, Jake",22130,R,KS,House,118-H-241,Yea,L000266
"LATURNER, Jake",22130,R,KS,House,118-H-337,Yea,L000266
"LATURNER, Jake",22130,R,KS,House,118-H-523,Yea,L000266
"LATURNER, Jake",22130,R,KS,House,118-H-556,Yea,L000266
"LATURNER, Jake",22130,R,KS,House,118-H-572,Yea,L000266
"LATURNER, Jake",22130,R,KS,House,118-H-573,Yea,L000266
"LATURNER, Jake",22130,R,KS,House,118-H-617,Yea,L000266
"LATURNER, Jake",22130,R,KS,House,118-H-671,Yea,L000266
"LATURNER, Jake",22130,R,KS,House,118-H-672,Yea,L000266
"LATURNER, Jake",22130,R,KS,House,118-H-692,Yea,L000266
"LATURNER, Jake",22130,R,KS,House,118-H-716,Yea,L000266
"LATURNER, Jake",22130,R,KS,House,118-H-746,Yea,L000266
"LATURNER, Jake",22130,R,KS,House,118-H-756,Yea,L000266
"LATURNER, Jake",22130,R,KS,House,118-H-762,Yea,L000266
"LATURNER, Jake",22130,R,KS,House,118-H-852,Yea,L000266
"LATURNER, Jake",22130,R,KS,House,118-H-859,Yea,L000266
"LATURNER, Jake",22130,R,KS,House,118-H-870,Yea,L000266
"LATURNER, Jake",22130,R,KS,House,118-H-890,Yea,L000266
"LATURNER, Jake",22130,R,KS,House,118-H-935,Yea,L000266
"LAWLER, Michael",22340,R,NY,House,118-H-1146,Yea,L000599
"LAWLER, Michael",22340,R,NY,House,118-H-1194,Yea,L000599
"LAWLER, Michael",22340,R,NY,House,118-H-193,Yea,L000599
"LAWLER, Michael",22340,R,NY,House,118-H-241,Yea,L000599
"LAWLER, Michael",22340,R,NY,House,118-H-337,Yea,L000599
"LAWLER, Michael",22340,R,NY,House,118-H-523,Yea,L000599
"LAWLER, Michael",22340,R,NY,House,118-H-556,Yea,L000599
"LAWLER, Michael",22340,R,NY,House,118-H-572,Yea,L000599
"LAWLER, Michael",22340,R,NY,House,118-H-573,Yea,L000599
"LAWLER, Michael",22340,R,NY,House,118-H-617,Yea,L000599
"LAWLER, Michael",22340,R,NY,House,118-H-671,Yea,L000599
"LAWLER, Michael",22340,R,NY,House,118-H-672,Yea,L000599
"LAWLER, Michael",22340,R,NY,House,118-H-692,Yea,L000599
"LAWLER, Michael",22340,R,NY,House,118-H-716,Yea,L000599
"LAWLER, Michael",22340,R,NY,House,118-H-746,Yea,L000599
"LAWLER, Michael",22340,R,NY,House,118-H-756,Yea,L000599
"LAWLER, Michael",22340,R,NY,House,118-H-762,Yea,L000599
"LAWLER, Michael",22340,R,NY,House,118-H-852,Yea,L000599
"LAWLER, Michael",22340,R,NY,House,118-H-859,Yea,L000599
"LAWLER, Michael",22340,R,NY,House,118-H-870,Yea,L000599
"LAWLER, Michael",22340,R,NY,House,118-H-890,Yea,L000599
"LAWLER, Michael",22340,R,NY,House,118-H-935,Yea,L000599
"LAWLER, Michael",22340,R,NY,House,119-H-128,Yea,L000599
"LAWLER, Michael",22340,R,NY,House,119-H-158,Yea,L000599
"LAWLER, Michael",22340,R,NY,House,119-H-526,Yea,L000599
"LAWLER, Michael",22340,R,NY,House,119-H-655,Yea,L000599
"LAWRENCE, Brenda L",21530,D,MI,House,116-H-107,Yea,L000581
"LAWRENCE, Brenda L",21530,D,MI,House,116-H-28,Yea,L000581
"LAWRENCE, Brenda L",21530,D,MI,House,116-H-496,Yea,L000581
"LAWRENCE, Brenda L",21530,D,MI,House,116-H-651,Yea,L000581
"LAWRENCE, Brenda L",21530,D,MI,House,117-H-274,Yea,L000581
"LAWRENCE, Brenda L",21530,D,MI,House,117-H-660,Yea,L000581
"LAWSON, Alfred Jr.",21732,D,FL,House,116-H-107,Yea,L000586
"LAWSON, Alfred Jr.",21732,D,FL,House,116-H-28,Not voting,L000586
"LAWSON, Alfred Jr.",21732,D,FL,House,116-H-496,Yea,L000586
"LAWSON, Alfred Jr.",21732,D,FL,House,116-H-651,Yea,L000586
"LAWSON, Alfred Jr.",21732,D,FL,House,117-H-274,Yea,L000586
"LAWSON, Alfred Jr.",21732,D,FL,House,117-H-660,Yea,L000586
"LEE, Barbara",29778,D,CA,House,116-H-107,Yea,L000551
"LEE, Barbara",29778,D,CA,House,116-H-28,Yea,L000551
"LEE, Barbara",29778,D,CA,House,116-H-496,Nay,L000551
"LEE, Barbara",29778,D,CA,House,116-H-651,Yea,L000551
"LEE, Barbara",29778,D,CA,House,117-H-274,Yea,L000551
"LEE, Barbara",29778,D,CA,House,117-H-660,Yea,L000551
"LEE, Barbara",29778,D,CA,House,118-H-1146,Nay,L000551
"LEE, Barbara",29778,D,CA,House,118-H-1194,Yea,L000551
"LEE, Barbara",29778,D,CA,House,118-H-193,Not voting,L000551
"LEE, Barbara",29778,D,CA,House,118-H-241,Yea,L000551
"LEE, Barbara",29778,D,CA,House,118-H-337,Yea,L000551
"LEE, Barbara",29778,D,CA,House,118-H-523,Yea,L000551
"LEE, Barbara",29778,D,CA,House,118-H-556,Nay,L000551
"LEE, Barbara",29778,D,CA,House,118-H-572,Nay,L000551
"LEE, Barbara",29778,D,CA,House,118-H-573,Yea,L000551
"LEE, Barbara",29778,D,CA,House,118-H-617,Nay,L000551
"LEE, Barbara",29778,D,CA,House,118-H-671,Not voting,L000551
"LEE, Barbara",29778,D,CA,House,118-H-672,Not voting,L000551
"LEE, Barbara",29778,D,CA,House,118-H-692,Present,L000551
"LEE, Barbara",29778,D,CA,House,118-H-716,Nay,L000551
"LEE, Barbara",29778,D,CA,House,118-H-746,Yea,L000551
"LEE, Barbara",29778,D,CA,House,118-H-756,Nay,L000551
"LEE, Barbara",29778,D,CA,House,118-H-762,Yea,L000551
"LEE, Barbara",29778,D,CA,House,118-H-852,Nay,L000551
"LEE, Barbara",29778,D,CA,House,118-H-859,Nay,L000551
"LEE, Barbara",29778,D,CA,House,118-H-870,Nay,L000551
"LEE, Barbara",29778,D,CA,House,118-H-890,Nay,L000551
"LEE, Barbara",29778,D,CA,House,118-H-935,Nay,L000551
"LEE, Laurel",22341,R,FL,House,118-H-1146,Yea,L000597
"LEE, Laurel",22341,R,FL,House,118-H-1194,Yea,L000597
"LEE, Laurel",22341,R,FL,House,118-H-193,Yea,L000597
"LEE, Laurel",22341,R,FL,House,118-H-241,Yea,L000597
"LEE, Laurel",22341,R,FL,House,118-H-337,Yea,L000597
"LEE, Laurel",22341,R,FL,House,118-H-523,Yea,L000597
"LEE, Laurel",22341,R,FL,House,118-H-556,Yea,L000597
"LEE, Laurel",22341,R,FL,House,118-H-572,Yea,L000597
"LEE, Laurel",22341,R,FL,House,118-H-573,Yea,L000597
"LEE, Laurel",22341,R,FL,House,118-H-617,Yea,L000597
"LEE, Laurel",22341,R,FL,House,118-H-671,Yea,L000597
"LEE, Laurel",22341,R,FL,House,118-H-672,Yea,L000597
"LEE, Laurel",22341,R,FL,House,118-H-692,Yea,L000597
"LEE, Laurel",22341,R,FL,House,118-H-716,Yea,L000597
"LEE, Laurel",22341,R,FL,House,118-H-746,Yea,L000597
"LEE, Laurel",22341,R,FL,House,118-H-756,Yea,L000597
"LEE, Laurel",22341,R,FL,House,118-H-762,Yea,L000597
"LEE, Laurel",22341,R,FL,House,118-H-852,Yea,L000597
"LEE, Laurel",22341,R,FL,House,118-H-859,Yea,L000597
"LEE, Laurel",22341,R,FL,House,118-H-870,Yea,L000597
"LEE, Laurel",22341,R,FL,House,118-H-890,Yea,L000597
"LEE, Laurel",22341,R,FL,House,118-H-935,Yea,L000597
"LEE, Laurel",22341,R,FL,House,119-H-128,Yea,L000597
"LEE, Laurel",22341,R,FL,House,119-H-158,Not voting,L000597
"LEE, Laurel",22341,R,FL,House,119-H-526,Yea,L000597
"LEE, Laurel",22341,R,FL,House,119-H-655,Yea,L000597
"LEE, Summer",22342,D,PA,House,118-H-1146,Nay,L000602
"LEE, Summer",22342,D,PA,House,118-H-1194,Yea,L000602
"LEE, Summer",22342,D,PA,House,118-H-193,Nay,L000602
"LEE, Summer",22342,D,PA,House,118-H-241,Yea,L000602
"LEE, Summer",22342,D,PA,House,118-H-337,Nay,L000602
"LEE, Summer",22342,D,PA,House,118-H-523,Nay,L000602
"LEE, Summer",22342,D,PA,House,118-H-556,Nay,L000602
"LEE, Summer",22342,D,PA,House,118-H-572,Nay,L000602
"LEE, Summer",22342,D,PA,House,118-H-573,Nay,L000602
"LEE, Summer",22342,D,PA,House,118-H-617,Nay,L000602
"LEE, Summer",22342,D,PA,House,118-H-671,Yea,L000602
"LEE, Summer",22342,D,PA,House,118-H-672,Yea,L000602
"LEE, Summer",22342,D,PA,House,118-H-692,Nay,L000602
"LEE, Summer",22342,D,PA,House,118-H-716,Nay,L000602
"LEE, Summer",22342,D,PA,House,118-H-746,Yea,L000602
"LEE, Summer",22342,D,PA,House,118-H-756,Nay,L000602
"LEE, Summer",22342,D,PA,House,118-H-762,Yea,L000602
"LEE, Summer",22342,D,PA,House,118-H-852,Nay,L000602
"LEE, Summer",22342,D,PA,House,118-H-859,Nay,L000602
"LEE, Summer",22342,D,PA,House,118-H-870,Nay,L000602
"LEE, Summer",22342,D,PA,House,118-H-890,Nay,L000602
"LEE, Summer",22342,D,PA,House,118-H-935,Nay,L000602
"LEE, Summer",22342,D,PA,House,119-H-128,Yea,L000602
"LEE, Summer",22342,D,PA,House,119-H-158,Yea,L000602
"LEE, Summer",22342,D,PA,House,119-H-526,Yea,L000602
"LEE, Summer",22342,D,PA,House,119-H-655,Nay,L000602
"LEE, Susie",21938,D,NV,House,116-H-107,Yea,L000590
"LEE, Susie",21938,D,NV,House,116-H-28,Yea,L000590
"LEE, Susie",21938,D,NV,House,116-H-496,Yea,L000590
"LEE, Susie",21938,D,NV,House,116-H-651,Yea,L000590
"LEE, Susie",21938,D,NV,House,117-H-274,Yea,L000590
"LEE, Susie",21938,D,NV,House,117-H-660,Yea,L000590
"LEE, Susie",21938,D,NV,House,118-H-1146,Yea,L000590
"LEE, Susie",21938,D,NV,House,118-H-1194,Yea,L000590
"LEE, Susie",21938,D,NV,House,118-H-193,Yea,L000590
"LEE, Susie",21938,D,NV,House,118-H-241,Yea,L000590
"LEE, Susie",21938,D,NV,House,118-H-337,Yea,L000590
"LEE, Susie",21938,D,NV,House,118-H-523,Yea,L000590
"LEE, Susie",21938,D,NV,House,118-H-556,Yea,L000590
"LEE, Susie",21938,D,NV,House,118-H-572,Nay,L000590
"LEE, Susie",21938,D,NV,House,118-H-573,Yea,L000590
"LEE, Susie",21938,D,NV,House,118-H-617,Yea,L000590
"LEE, Susie",21938,D,NV,House,118-H-671,Not voting,L000590
"LEE, Susie",21938,D,NV,House,118-H-672,Not voting,L000590
"LEE, Susie",21938,D,NV,House,118-H-692,Yea,L000590
"LEE, Susie",21938,D,NV,House,118-H-716,Yea,L000590
"LEE, Susie",21938,D,NV,House,118-H-746,Yea,L000590
"LEE, Susie",21938,D,NV,House,118-H-756,Yea,L000590
"LEE, Susie",21938,D,NV,House,118-H-762,Yea,L000590
"LEE, Susie",21938,D,NV,House,118-H-852,Yea,L000590
"LEE, Susie",21938,D,NV,House,118-H-859,Not voting,L000590
"LEE, Susie",21938,D,NV,House,118-H-870,Yea,L000590
"LEE, Susie",21938,D,NV,House,118-H-890,Yea,L000590
"LEE, Susie",21938,D,NV,House,118-H-935,Nay,L000590
"LEE, Susie",21938,D,NV,House,119-H-128,Yea,L000590
"LEE, Susie",21938,D,NV,House,119-H-158,Yea,L000590
"LEE, Susie",21938,D,NV,House,119-H-526,Yea,L000590
"LEE, Susie",21938,D,NV,House,119-H-655,Yea,L000590
"LEGER FERNANDEZ, Teresa",22131,D,NM,House,117-H-274,Yea,L000273
"LEGER FERNANDEZ, Teresa",22131,D,NM,House,117-H-660,Yea,L000273
"LEGER FERNANDEZ, Teresa",22131,D,NM,House,118-H-1146,Nay,L000273
"LEGER FERNANDEZ, Teresa",22131,D,NM,House,118-H-1194,Yea,L000273
"LEGER FERNANDEZ, Teresa",22131,D,NM,House,118-H-193,Yea,L000273
"LEGER FERNANDEZ, Teresa",22131,D,NM,House,118-H-241,Yea,L000273
"LEGER FERNANDEZ, Teresa",22131,D,NM,House,118-H-337,Yea,L000273
"LEGER FERNANDEZ, Teresa",22131,D,NM,House,118-H-523,Yea,L000273
"LEGER FERNANDEZ, Teresa",22131,D,NM,House,118-H-556,Yea,L000273
"LEGER FERNANDEZ, Teresa",22131,D,NM,House,118-H-572,Nay,L000273
"LEGER FERNANDEZ, Teresa",22131,D,NM,House,118-H-573,Yea,L000273
"LEGER FERNANDEZ, Teresa",22131,D,NM,House,118-H-617,Nay,L000273
"LEGER FERNANDEZ, Teresa",22131,D,NM,House,118-H-671,Yea,L000273
"LEGER FERNANDEZ, Teresa",22131,D,NM,House,118-H-672,Yea,L000273
"LEGER FERNANDEZ, Teresa",22131,D,NM,House,118-H-692,Present,L000273
"LEGER FERNANDEZ, Teresa",22131,D,NM,House,118-H-716,Yea,L000273
"LEGER FERNANDEZ, Teresa",22131,D,NM,House,118-H-746,Yea,L000273
"LEGER FERNANDEZ, Teresa",22131,D,NM,House,118-H-756,Nay,L000273
"LEGER FERNANDEZ, Teresa",22131,D,NM,House,118-H-762,Yea,L000273
"LEGER FERNANDEZ, Teresa",22131,D,NM,House,118-H-852,Yea,L000273
"LEGER FERNANDEZ, Teresa",22131,D,NM,House,118-H-859,Yea,L000273
"LEGER FERNANDEZ, Teresa",22131,D,NM,House,118-H-870,Yea,L000273
"LEGER FERNANDEZ, Teresa",22131,D,NM,House,118-H-890,Nay,L000273
"LEGER FERNANDEZ, Teresa",22131,D,NM,House,118-H-935,Nay,L000273
"LEGER FERNANDEZ, Teresa",22131,D,NM,House,119-H-128,Yea,L000273
"LEGER FERNANDEZ, Teresa",22131,D,NM,House,119-H-158,Yea,L000273
"LEGER FERNANDEZ, Teresa",22131,D,NM,House,119-H-526,Not voting,L000273
"LEGER FERNANDEZ, Teresa",22131,D,NM,House,119-H-655,Nay,L000273
"LESKO, Debbie",21757,R,AZ,House,116-H-107,Yea,L000589
"LESKO, Debbie",21757,R,AZ,House,116-H-28,Yea,L000589
"LESKO, Debbie",21757,R,AZ,House,116-H-496,Yea,L000589
"LESKO, Debbie",21757,R,AZ,House,116-H-651,Nay,L000589
"LESKO, Debbie",21757,R,AZ,House,117-H-274,Not voting,L000589
"LESKO, Debbie",21757,R,AZ,House,117-H-660,Yea,L000589
"LESKO, Debbie",21757,R,AZ,House,118-H-1146,Yea,L000589
"LESKO, Debbie",21757,R,AZ,House,118-H-1194,Yea,L000589
"LESKO, Debbie",21757,R,AZ,House,118-H-193,Yea,L000589
"LESKO, Debbie",21757,R,AZ,House,118-H-241,Yea,L000589
"LESKO, Debbie",21757,R,AZ,House,118-H-337,Yea,L000589
"LESKO, Debbie",21757,R,AZ,House,118-H-523,Not voting,L000589
"LESKO, Debbie",21757,R,AZ,House,118-H-556,Not voting,L000589
"LESKO, Debbie",21757,R,AZ,House,118-H-572,Not voting,L000589
"LESKO, Debbie",21757,R,AZ,House,118-H-573,Not voting,L000589
"LESKO, Debbie",21757,R,AZ,House,118-H-617,Yea,L000589
"LESKO, Debbie",21757,R,AZ,House,118-H-671,Yea,L000589
"LESKO, Debbie",21757,R,AZ,House,118-H-672,Yea,L000589
"LESKO, Debbie",21757,R,AZ,House,118-H-692,Yea,L000589
"LESKO, Debbie",21757,R,AZ,House,118-H-716,Yea,L000589
"LESKO, Debbie",21757,R,AZ,House,118-H-746,Yea,L000589
"LESKO, Debbie",21757,R,AZ,House,118-H-756,Yea,L000589
"LESKO, Debbie",21757,R,AZ,House,118-H-762,Yea,L000589
"LESKO, Debbie",21757,R,AZ,House,118-H-852,Yea,L000589
"LESKO, Debbie",21757,R,AZ,House,118-H-859,Yea,L000589
"LESKO, Debbie",21757,R,AZ,House,118-H-870,Yea,L000589
"LESKO, Debbie",21757,R,AZ,House,118-H-890,Yea,L000589
"LESKO, Debbie",21757,R,AZ,House,118-H-935,Yea,L000589
"LETLOW, Julia",22157,R,LA,House,117-H-274,Yea,L000595
"LETLOW, Julia",22157,R,LA,House,117-H-660,Yea,L000595
"LETLOW, Julia",22157,R,LA,House,118-H-1146,Yea,L000595
"LETLOW, Julia",22157,R,LA,House,118-H-1194,Yea,L000595
"LETLOW, Julia",22157,R,LA,House,118-H-193,Yea,L000595
"LETLOW, Julia",22157,R,LA,House,118-H-241,Yea,L000595
"LETLOW, Julia",22157,R,LA,House,118-H-337,Yea,L000595
"LETLOW, Julia",22157,R,LA,House,118-H-523,Yea,L000595
"LETLOW, Julia",22157,R,LA,House,118-H-556,Yea,L000595
"LETLOW, Julia",22157,R,LA,House,118-H-572,Yea,L000595
"LETLOW, Julia",22157,R,LA,House,118-H-573,Yea,L000595
"LETLOW, Julia",22157,R,LA,House,118-H-617,Yea,L000595
"LETLOW, Julia",22157,R,LA,House,118-H-671,Yea,L000595
"LETLOW, Julia",22157,R,LA,House,118-H-672,Yea,L000595
"LETLOW, Julia",22157,R,LA,House,118-H-692,Yea,L000595
"LETLOW, Julia",22157,R,LA,House,118-H-716,Yea,L000595
"LETLOW, Julia",22157,R,LA,House,118-H-746,Yea,L000595
"LETLOW, Julia",22157,R,LA,House,118-H-756,Yea,L000595
"LETLOW, Julia",22157,R,LA,House,118-H-762,Yea,L000595
"LETLOW, Julia",22157,R,LA,House,118-H-852,Yea,L000595
"LETLOW, Julia",22157,R,LA,House,118-H-859,Yea,L000595
"LETLOW, Julia",22157,R,LA,House,118-H-870,Yea,L000595
"LETLOW, Julia",22157,R,LA,House,118-H-890,Yea,L000595
"LETLOW, Julia",22157,R,LA,House,118-H-935,Yea,L000595
"LETLOW, Julia",22157,R,LA,House,119-H-128,Yea,L000595
"LETLOW, Julia",22157,R,LA,House,119-H-158,Yea,L000595
"LETLOW, Julia",22157,R,LA,House,119-H-526,Not voting,L000595
"LETLOW, Julia",22157,R,LA,House,119-H-655,Yea,L000595
"LEVIN, Andy",21940,D,MI,House,116-H-107,Yea,L000592
"LEVIN, Andy",21940,D,MI,House,116-H-28,Yea,L000592
"LEVIN, Andy",21940,D,MI,House,116-H-496,Yea,L000592
"LEVIN, Andy",21940,D,MI,House,116-H-651,Yea,L000592
"LEVIN, Andy",21940,D,MI,House,117-H-274,Yea,L000592
"LEVIN, Andy",21940,D,MI,House,117-H-660,Yea,L000592
"LEVIN, Mike",21939,D,CA,House,116-H-107,Yea,L000593
"LEVIN, Mike",21939,D,CA,House,116-H-28,Yea,L000593
"LEVIN, Mike",21939,D,CA,House,116-H-496,Yea,L000593
"LEVIN, Mike",21939,D,CA,House,116-H-651,Yea,L000593
"LEVIN, Mike",21939,D,CA,House,117-H-274,Yea,L000593
"LEVIN, Mike",21939,D,CA,House,117-H-660,Yea,L000593
"LEVIN, Mike",21939,D,CA,House,118-H-1146,Nay,L000593
"LEVIN, Mike",21939,D,CA,House,118-H-1194,Yea,L000593
"LEVIN, Mike",21939,D,CA,House,118-H-193,Yea,L000593
"LEVIN, Mike",21939,D,CA,House,118-H-241,Yea,L000593
"LEVIN, Mike",21939,D,CA,House,118-H-337,Yea,L000593
"LEVIN, Mike",21939,D,CA,House,118-H-523,Yea,L000593
"LEVIN, Mike",21939,D,CA,House,118-H-556,Yea,L000593
"LEVIN, Mike",21939,D,CA,House,118-H-572,Nay,L000593
"LEVIN, Mike",21939,D,CA,House,118-H-573,Yea,L000593
"LEVIN, Mike",21939,D,CA,House,118-H-617,Nay,L000593
"LEVIN, Mike",21939,D,CA,House,118-H-671,Yea,L000593
"LEVIN, Mike",21939,D,CA,House,118-H-672,Yea,L000593
"LEVIN, Mike",21939,D,CA,House,118-H-692,Yea,L000593
"LEVIN, Mike",21939,D,CA,House,118-H-716,Yea,L000593
"LEVIN, Mike",21939,D,CA,House,118-H-746,Yea,L000593
"LEVIN, Mike",21939,D,CA,House,118-H-756,Yea,L000593
"LEVIN, Mike",21939,D,CA,House,118-H-762,Yea,L000593
"LEVIN, Mike",21939,D,CA,House,118-H-852,Yea,L000593
"LEVIN, Mike",21939,D,CA,House,118-H-859,Yea,L000593
"LEVIN, Mike",21939,D,CA,House,118-H-870,Yea,L000593
"LEVIN, Mike",21939,D,CA,House,118-H-890,Yea,L000593
"LEVIN, Mike",21939,D,CA,House,118-H-935,Nay,L000593
"LEVIN, Mike",21939,D,CA,House,119-H-128,Yea,L000593
"LEVIN, Mike",21939,D,CA,House,119-H-158,Yea,L000593
"LEVIN, Mike",21939,D,CA,House,119-H-526,Yea,L000593
"LEVIN, Mike",21939,D,CA,House,119-H-655,Nay,L000593
"LEWIS, John R.",15431,D,GA,House,116-H-107,Yea,L000287
"LEWIS, John R.",15431,D,GA,House,116-H-28,Yea,L000287
"LEWIS, John R.",15431,D,GA,House,116-H-496,Yea,L000287
"LEWIS, John R.",15431,D,GA,House,116-H-651,Yea,L000287
"LICCARDO, Sam T.",22532,D,CA,House,119-H-128,Yea,L000607
"LICCARDO, Sam T.",22532,D,CA,House,119-H-158,Yea,L000607
"LICCARDO, Sam T.",22532,D,CA,House,119-H-526,Yea,L000607
"LICCARDO, Sam T.",22532,D,CA,House,119-H-655,Nay,L000607
"LIEU, Ted",21507,D,CA,House,116-H-107,Yea,L000582
"LIEU, Ted",21507,D,CA,House,116-H-28,Yea,L000582
"LIEU, Ted",21507,D,CA,House,116-H-496,Yea,L000582
"LIEU, Ted",21507,D,CA,House,116-H-651,Yea,L000582
"LIEU, Ted",21507,D,CA,House,117-H-274,Yea,L000582
"LIEU, Ted",21507,D,CA,House,117-H-660,Yea,L000582
"LIEU, Ted",21507,D,CA,House,118-H-1146,Nay,L000582
"LIEU, Ted",21507,D,CA,House,118-H-1194,Yea,L000582
"LIEU, Ted",21507,D,CA,House,118-H-193,Yea,L000582
"LIEU, Ted",21507,D,CA,House,118-H-241,Yea,L000582
"LIEU, Ted",21507,D,CA,House,118-H-337,Yea,L000582
"LIEU, Ted",21507,D,CA,House,118-H-523,Yea,L000582
"LIEU, Ted",21507,D,CA,House,118-H-556,Yea,L000582
"LIEU, Ted",21507,D,CA,House,118-H-572,Nay,L000582
"LIEU, Ted",21507,D,CA,House,118-H-573,Yea,L000582
"LIEU, Ted",21507,D,CA,House,118-H-617,Nay,L000582
"LIEU, Ted",21507,D,CA,House,118-H-671,Yea,L000582
"LIEU, Ted",21507,D,CA,House,118-H-672,Yea,L000582
"LIEU, Ted",21507,D,CA,House,118-H-692,Present,L000582
"LIEU, Ted",21507,D,CA,House,118-H-716,Yea,L000582
"LIEU, Ted",21507,D,CA,House,118-H-746,Yea,L000582
"LIEU, Ted",21507,D,CA,House,118-H-756,Yea,L000582
"LIEU, Ted",21507,D,CA,House,118-H-762,Yea,L000582
"LIEU, Ted",21507,D,CA,House,118-H-852,Yea,L000582
"LIEU, Ted",21507,D,CA,House,118-H-859,Yea,L000582
"LIEU, Ted",21507,D,CA,House,118-H-870,Yea,L000582
"LIEU, Ted",21507,D,CA,House,118-H-890,Yea,L000582
"LIEU, Ted",21507,D,CA,House,118-H-935,Nay,L000582
"LIEU, Ted",21507,D,CA,House,119-H-128,Yea,L000582
"LIEU, Ted",21507,D,CA,House,119-H-158,Yea,L000582
"LIEU, Ted",21507,D,CA,House,119-H-526,Yea,L000582
"LIEU, Ted",21507,D,CA,House,119-H-655,Nay,L000582
"LIPINSKI, Daniel",20508,D,IL,House,116-H-107,Yea,L000563
"LIPINSKI, Daniel",20508,D,IL,House,116-H-28,Yea,L000563
"LIPINSKI, Daniel",20508,D,IL,House,116-H-496,Yea,L000563
"LIPINSKI, Daniel",20508,D,IL,House,116-H-651,Yea,L000563
"LOEBSACK, Dave",20720,D,IA,House,116-H-107,Yea,L000565
"LOEBSACK, Dave",20720,D,IA,House,116-H-28,Yea,L000565
"LOEBSACK, Dave",20720,D,IA,House,116-H-496,Yea,L000565
"LOEBSACK, Dave",20720,D,IA,House,116-H-651,Yea,L000565
"LOFGREN, Zoe",29504,D,CA,House,116-H-107,Yea,L000397
"LOFGREN, Zoe",29504,D,CA,House,116-H-28,Yea,L000397
"LOFGREN, Zoe",29504,D,CA,House,116-H-496,Yea,L000397
"LOFGREN, Zoe",29504,D,CA,House,116-H-651,Yea,L000397
"LOFGREN, Zoe",29504,D,CA,House,117-H-274,Yea,L000397
"LOFGREN, Zoe",29504,D,CA,House,117-H-660,Yea,L000397
"LOFGREN, Zoe",29504,D,CA,House,118-H-1146,Nay,L000397
"LOFGREN, Zoe",29504,D,CA,House,118-H-1194,Yea,L000397
"LOFGREN, Zoe",29504,D,CA,House,118-H-193,Yea,L000397
"LOFGREN, Zoe",29504,D,CA,House,118-H-241,Yea,L000397
"LOFGREN, Zoe",29504,D,CA,House,118-H-337,Yea,L000397
"LOFGREN, Zoe",29504,D,CA,House,118-H-523,Yea,L000397
"LOFGREN, Zoe",29504,D,CA,House,118-H-556,Nay,L000397
"LOFGREN, Zoe",29504,D,CA,House,118-H-572,Nay,L000397
"LOFGREN, Zoe",29504,D,CA,House,118-H-573,Yea,L000397
"LOFGREN, Zoe",29504,D,CA,House,118-H-617,Nay,L000397
"LOFGREN, Zoe",29504,D,CA,House,118-H-671,Yea,L000397
"LOFGREN, Zoe",29504,D,CA,House,118-H-672,Yea,L000397
"LOFGREN, Zoe",29504,D,CA,House,118-H-692,Not voting,L000397
"LOFGREN, Zoe",29504,D,CA,House,118-H-716,Nay,L000397
"LOFGREN, Zoe",29504,D,CA,House,118-H-746,Yea,L000397
"LOFGREN, Zoe",29504,D,CA,House,118-H-756,Nay,L000397
"LOFGREN, Zoe",29504,D,CA,House,118-H-762,Yea,L000397
"LOFGREN, Zoe",29504,D,CA,House,118-H-852,Yea,L000397
"LOFGREN, Zoe",29504,D,CA,House,118-H-859,Yea,L000397
"LOFGREN, Zoe",29504,D,CA,House,118-H-870,Yea,L000397
"LOFGREN, Zoe",29504,D,CA,House,118-H-890,Nay,L000397
"LOFGREN, Zoe",29504,D,CA,House,118-H-935,Nay,L000397
"LOFGREN, Zoe",29504,D,CA,House,119-H-128,Yea,L000397
"LOFGREN, Zoe",29504,D,CA,House,119-H-158,Yea,L000397
"LOFGREN, Zoe",29504,D,CA,House,119-H-526,Yea,L000397
"LOFGREN, Zoe",29504,D,CA,House,119-H-655,Nay,L000397
"LONG, Billy",21150,R,MO,House,116-H-107,Yea,L000576
"LONG, Billy",21150,R,MO,House,116-H-28,Yea,L000576
"LONG, Billy",21150,R,MO,House,116-H-496,Yea,L000576
"LONG, Billy",21150,R,MO,House,116-H-651,Nay,L000576
"LONG, Billy",21150,R,MO,House,117-H-274,Yea,L000576
"LONG, Billy",21150,R,MO,House,117-H-660,Yea,L000576
"LOUDERMILK, Barry D.",21515,R,GA,House,116-H-107,Yea,L000583
"LOUDERMILK, Barry D.",21515,R,GA,House,116-H-28,Yea,L000583
"LOUDERMILK, Barry D.",21515,R,GA,House,116-H-496,Yea,L000583
"LOUDERMILK, Barry D.",21515,R,GA,House,116-H-651,Nay,L000583
"LOUDERMILK, Barry D.",21515,R,GA,House,117-H-274,Yea,L000583
"LOUDERMILK, Barry D.",21515,R,GA,House,117-H-660,Yea,L000583
"LOUDERMILK, Barry D.",21515,R,GA,House,118-H-1146,Yea,L000583
"LOUDERMILK, Barry D.",21515,R,GA,House,118-H-1194,Yea,L000583
"LOUDERMILK, Barry D.",21515,R,GA,House,118-H-193,Yea,L000583
"LOUDERMILK, Barry D.",21515,R,GA,House,118-H-241,Yea,L000583
"LOUDERMILK, Barry D.",21515,R,GA,House,118-H-337,Yea,L000583
"LOUDERMILK, Barry D.",21515,R,GA,House,118-H-523,Yea,L000583
"LOUDERMILK, Barry D.",21515,R,GA,House,118-H-556,Yea,L000583
"LOUDERMILK, Barry D.",21515,R,GA,House,118-H-572,Yea,L000583
"LOUDERMILK, Barry D.",21515,R,GA,House,118-H-573,Yea,L000583
"LOUDERMILK, Barry D.",21515,R,GA,House,118-H-617,Yea,L000583
"LOUDERMILK, Barry D.",21515,R,GA,House,118-H-671,Yea,L000583
"LOUDERMILK, Barry D.",21515,R,GA,House,118-H-672,Yea,L000583
"LOUDERMILK, Barry D.",21515,R,GA,House,118-H-692,Yea,L000583
"LOUDERMILK, Barry D.",21515,R,GA,House,118-H-716,Yea,L000583
"LOUDERMILK, Barry D.",21515,R,GA,House,118-H-746,Yea,L000583
"LOUDERMILK, Barry D.",21515,R,GA,House,118-H-756,Yea,L000583
"LOUDERMILK, Barry D.",21515,R,GA,House,118-H-762,Yea,L000583
"LOUDERMILK, Barry D.",21515,R,GA,House,118-H-852,Yea,L000583
"LOUDERMILK, Barry D.",21515,R,GA,House,118-H-859,Yea,L000583
"LOUDERMILK, Barry D.",21515,R,GA,House,118-H-870,Yea,L000583
"LOUDERMILK, Barry D.",21515,R,GA,House,118-H-890,Yea,L000583
"LOUDERMILK, Barry D.",21515,R,GA,House,118-H-935,Yea,L000583
"LOUDERMILK, Barry D.",21515,R,GA,House,119-H-128,Yea,L000583
"LOUDERMILK, Barry D.",21515,R,GA,House,119-H-158,Yea,L000583
"LOUDERMILK, Barry D.",21515,R,GA,House,119-H-526,Yea,L000583
"LOUDERMILK, Barry D.",21515,R,GA,House,119-H-655,Not voting,L000583
"LOWENTHAL, Alan",21313,D,CA,House,116-H-107,Yea,L000579
"LOWENTHAL, Alan",21313,D,CA,House,116-H-28,Yea,L000579
"LOWENTHAL, Alan",21313,D,CA,House,116-H-496,Yea,L000579
"LOWENTHAL, Alan",21313,D,CA,House,116-H-651,Yea,L000579
"LOWENTHAL, Alan",21313,D,CA,House,117-H-274,Yea,L000579
"LOWENTHAL, Alan",21313,D,CA,House,117-H-660,Yea,L000579
"LOWEY, Nita M.",15612,D,NY,House,116-H-107,Yea,L000480
"LOWEY, Nita M.",15612,D,NY,House,116-H-28,Yea,L000480
"LOWEY, Nita M.",15612,D,NY,House,116-H-496,Yea,L000480
"LOWEY, Nita M.",15612,D,NY,House,116-H-651,Yea,L000480
"LUCAS, Frank D.",29393,R,OK,House,116-H-107,Yea,L000491
"LUCAS, Frank D.",29393,R,OK,House,116-H-28,Yea,L000491
"LUCAS, Frank D.",29393,R,OK,House,116-H-496,Yea,L000491
"LUCAS, Frank D.",29393,R,OK,House,116-H-651,Nay,L000491
"LUCAS, Frank D.",29393,R,OK,House,117-H-274,Yea,L000491
"LUCAS, Frank D.",29393,R,OK,House,117-H-660,Yea,L000491
"LUCAS, Frank D.",29393,R,OK,House,118-H-1146,Yea,L000491
"LUCAS, Frank D.",29393,R,OK,House,118-H-1194,Yea,L000491
"LUCAS, Frank D.",29393,R,OK,House,118-H-193,Yea,L000491
"LUCAS, Frank D.",29393,R,OK,House,118-H-241,Yea,L000491
"LUCAS, Frank D.",29393,R,OK,House,118-H-337,Yea,L000491
"LUCAS, Frank D.",29393,R,OK,House,118-H-523,Yea,L000491
"LUCAS, Frank D.",29393,R,OK,House,118-H-556,Not voting,L000491
"LUCAS, Frank D.",29393,R,OK,House,118-H-572,Yea,L000491
"LUCAS, Frank D.",29393,R,OK,House,118-H-573,Yea,L000491
"LUCAS, Frank D.",29393,R,OK,House,118-H-617,Yea,L000491
"LUCAS, Frank D.",29393,R,OK,House,118-H-671,Yea,L000491
"LUCAS, Frank D.",29393,R,OK,House,118-H-672,Yea,L000491
"LUCAS, Frank D.",29393,R,OK,House,118-H-692,Yea,L000491
"LUCAS, Frank D.",29393,R,OK,House,118-H-716,Yea,L000491
"LUCAS, Frank D.",29393,R,OK,House,118-H-746,Yea,L000491
"LUCAS, Frank D.",29393,R,OK,House,118-H-756,Yea,L000491
"LUCAS, Frank D.",29393,R,OK,House,118-H-762,Yea,L000491
"LUCAS, Frank D.",29393,R,OK,House,118-H-852,Yea,L000491
"LUCAS, Frank D.",29393,R,OK,House,118-H-859,Yea,L000491
"LUCAS, Frank D.",29393,R,OK,House,118-H-870,Yea,L000491
"LUCAS, Frank D.",29393,R,OK,House,118-H-890,Yea,L000491
"LUCAS, Frank D.",29393,R,OK,House,118-H-935,Yea,L000491
"LUCAS, Frank D.",29393,R,OK,House,119-H-128,Yea,L000491
"LUCAS, Frank D.",29393,R,OK,House,119-H-158,Yea,L000491
"LUCAS, Frank D.",29393,R,OK,House,119-H-526,Yea,L000491
"LUCAS, Frank D.",29393,R,OK,House,119-H-655,Yea,L000491
"LUETKEMEYER, Blaine",20926,R,MO,House,116-H-107,Yea,L000569
"LUETKEMEYER, Blaine",20926,R,MO,House,116-H-28,Yea,L000569
"LUETKEMEYER, Blaine",20926,R,MO,House,116-H-496,Yea,L000569
"LUETKEMEYER, Blaine",20926,R,MO,House,116-H-651,Nay,L000569
"LUETKEMEYER, Blaine",20926,R,MO,House,117-H-274,Yea,L000569
"LUETKEMEYER, Blaine",20926,R,MO,House,117-H-660,Yea,L000569
"LUETKEMEYER, Blaine",20926,R,MO,House,118-H-1146,Yea,L000569
"LUETKEMEYER, Blaine",20926,R,MO,House,118-H-1194,Yea,L000569
"LUETKEMEYER, Blaine",20926,R,MO,House,118-H-193,Yea,L000569
"LUETKEMEYER, Blaine",20926,R,MO,House,118-H-241,Yea,L000569
"LUETKEMEYER, Blaine",20926,R,MO,House,118-H-337,Yea,L000569
"LUETKEMEYER, Blaine",20926,R,MO,House,118-H-523,Yea,L000569
"LUETKEMEYER, Blaine",20926,R,MO,House,118-H-556,Yea,L000569
"LUETKEMEYER, Blaine",20926,R,MO,House,118-H-572,Yea,L000569
"LUETKEMEYER, Blaine",20926,R,MO,House,118-H-573,Yea,L000569
"LUETKEMEYER, Blaine",20926,R,MO,House,118-H-617,Yea,L000569
"LUETKEMEYER, Blaine",20926,R,MO,House,118-H-671,Yea,L000569
"LUETKEMEYER, Blaine",20926,R,MO,House,118-H-672,Yea,L000569
"LUETKEMEYER, Blaine",20926,R,MO,House,118-H-692,Yea,L000569
"LUETKEMEYER, Blaine",20926,R,MO,House,118-H-716,Yea,L000569
"LUETKEMEYER, Blaine",20926,R,MO,House,118-H-746,Yea,L000569
"LUETKEMEYER, Blaine",20926,R,MO,House,118-H-756,Yea,L000569
"LUETKEMEYER, Blaine",20926,R,MO,House,118-H-762,Yea,L000569
"LUETKEMEYER, Blaine",20926,R,MO,House,118-H-852,Not voting,L000569
"LUETKEMEYER, Blaine",20926,R,MO,House,118-H-859,Not voting,L000569
"LUETKEMEYER, Blaine",20926,R,MO,House,118-H-870,Not voting,L000569
"LUETKEMEYER, Blaine",20926,R,MO,House,118-H-890,Yea,L000569
"LUETKEMEYER, Blaine",20926,R,MO,House,118-H-935,Yea,L000569
"LUJÁN, Ben Ray",20932,D,NM,House,116-H-107,Yea,L000570
"LUJÁN, Ben Ray",20932,D,NM,House,116-H-28,Yea,L000570
"LUJÁN, Ben Ray",20932,D,NM,House,116-H-496,Yea,L000570
"LUJÁN, Ben Ray",20932,D,NM,House,116-H-651,Yea,L000570
"LUJÁN, Ben Ray",20932,D,NM,Senate,118-S-261,Yea,L000570
"LUNA, Anna",22343,R,FL,House,118-H-1146,Yea,L000596
"LUNA, Anna",22343,R,FL,House,118-H-1194,Yea,L000596
"LUNA, Anna",22343,R,FL,House,118-H-193,Yea,L000596
"LUNA, Anna",22343,R,FL,House,118-H-241,Yea,L000596
"LUNA, Anna",22343,R,FL,House,118-H-337,Yea,L000596
"LUNA, Anna",22343,R,FL,House,118-H-523,Yea,L000596
"LUNA, Anna",22343,R,FL,House,118-H-556,Yea,L000596
"LUNA, Anna",22343,R,FL,House,118-H-572,Yea,L000596
"LUNA, Anna",22343,R,FL,House,118-H-573,Yea,L000596
"LUNA, Anna",22343,R,FL,House,118-H-617,Yea,L000596
"LUNA, Anna",22343,R,FL,House,118-H-671,Yea,L000596
"LUNA, Anna",22343,R,FL,House,118-H-672,Yea,L000596
"LUNA, Anna",22343,R,FL,House,118-H-692,Yea,L000596
"LUNA, Anna",22343,R,FL,House,118-H-716,Yea,L000596
"LUNA, Anna",22343,R,FL,House,118-H-746,Yea,L000596
"LUNA, Anna",22343,R,FL,House,118-H-756,Yea,L000596
"LUNA, Anna",22343,R,FL,House,118-H-762,Yea,L000596
"LUNA, Anna",22343,R,FL,House,118-H-852,Yea,L000596
"LUNA, Anna",22343,R,FL,House,118-H-859,Yea,L000596
"LUNA, Anna",22343,R,FL,House,118-H-870,Yea,L000596
"LUNA, Anna",22343,R,FL,House,118-H-890,Nay,L000596
"LUNA, Anna",22343,R,FL,House,118-H-935,Not voting,L000596
"LUNA, Anna",22343,R,FL,House,119-H-128,Yea,L000596
"LUNA, Anna",22343,R,FL,House,119-H-158,Yea,L000596
"LUNA, Anna",22343,R,FL,House,119-H-526,Yea,L000596
"LUNA, Anna",22343,R,FL,House,119-H-655,Yea,L000596
"LURIA, Elaine",21941,D,VA,House,116-H-107,Yea,L000591
"LURIA, Elaine",21941,D,VA,House,116-H-28,Yea,L000591
"LURIA, Elaine",21941,D,VA,House,116-H-496,Yea,L000591
"LURIA, Elaine",21941,D,VA,House,116-H-651,Yea,L000591
"LURIA, Elaine",21941,D,VA,House,117-H-274,Yea,L000591
"LURIA, Elaine",21941,D,VA,House,117-H-660,Yea,L000591
"LUTTRELL, Morgan",22344,R,TX,House,118-H-1146,Yea,L000603
"LUTTRELL, Morgan",22344,R,TX,House,118-H-1194,Yea,L000603
"LUTTRELL, Morgan",22344,R,TX,House,118-H-193,Yea,L000603
"LUTTRELL, Morgan",22344,R,TX,House,118-H-241,Yea,L000603
"LUTTRELL, Morgan",22344,R,TX,House,118-H-337,Not voting,L000603
"LUTTRELL, Morgan",22344,R,TX,House,118-H-523,Yea,L000603
"LUTTRELL, Morgan",22344,R,TX,House,118-H-556,Yea,L000603
"LUTTRELL, Morgan",22344,R,TX,House,118-H-572,Yea,L000603
"LUTTRELL, Morgan",22344,R,TX,House,118-H-573,Yea,L000603
"LUTTRELL, Morgan",22344,R,TX,House,118-H-617,Yea,L000603
"LUTTRELL, Morgan",22344,R,TX,House,118-H-671,Yea,L000603
"LUTTRELL, Morgan",22344,R,TX,House,118-H-672,Yea,L000603
"LUTTRELL, Morgan",22344,R,TX,House,118-H-692,Yea,L000603
"LUTTRELL, Morgan",22344,R,TX,House,118-H-716,Yea,L000603
"LUTTRELL, Morgan",22344,R,TX,House,118-H-746,Yea,L000603
"LUTTRELL, Morgan",22344,R,TX,House,118-H-756,Yea,L000603
"LUTTRELL, Morgan",22344,R,TX,House,118-H-762,Yea,L000603
"LUTTRELL, Morgan",22344,R,TX,House,118-H-852,Yea,L000603
"LUTTRELL, Morgan",22344,R,TX,House,118-H-859,Yea,L000603
"LUTTRELL, Morgan",22344,R,TX,House,118-H-870,Yea,L000603
"LUTTRELL, Morgan",22344,R,TX,House,118-H-890,Yea,L000603
"LUTTRELL, Morgan",22344,R,TX,House,118-H-935,Yea,L000603
"LUTTRELL, Morgan",22344,R,TX,House,119-H-128,Yea,L000603
"LUTTRELL, Morgan",22344,R,TX,House,119-H-158,Yea,L000603
"LUTTRELL, Morgan",22344,R,TX,House,119-H-526,Yea,L000603
"LUTTRELL, Morgan",22344,R,TX,House,119-H-655,Yea,L000603
"LYNCH, Stephen F.",20119,D,MA,House,116-H-107,Yea,L000562
"LYNCH, Stephen F.",20119,D,MA,House,116-H-28,Yea,L000562
"LYNCH, Stephen F.",20119,D,MA,House,116-H-496,Yea,L000562
"LYNCH, Stephen F.",20119,D,MA,House,116-H-651,Yea,L000562
"LYNCH, Stephen F.",20119,D,MA,House,117-H-274,Yea,L000562
"LYNCH, Stephen F.",20119,D,MA,House,117-H-660,Yea,L000562
"LYNCH, Stephen F.",20119,D,MA,House,118-H-1146,Nay,L000562
"LYNCH, Stephen F.",20119,D,MA,House,118-H-1194,Not voting,L000562
"LYNCH, Stephen F.",20119,D,MA,House,118-H-193,Yea,L000562
"LYNCH, Stephen F.",20119,D,MA,House,118-H-241,Yea,L000562
"LYNCH, Stephen F.",20119,D,MA,House,118-H-337,Yea,L000562
"LYNCH, Stephen F.",20119,D,MA,House,118-H-523,Yea,L000562
"LYNCH, Stephen F.",20119,D,MA,House,118-H-556,Yea,L000562
"LYNCH, Stephen F.",20119,D,MA,House,118-H-572,Nay,L000562
"LYNCH, Stephen F.",20119,D,MA,House,118-H-573,Yea,L000562
"LYNCH, Stephen F.",20119,D,MA,House,118-H-617,Nay,L000562
"LYNCH, Stephen F.",20119,D,MA,House,118-H-671,Yea,L000562
"LYNCH, Stephen F.",20119,D,MA,House,118-H-672,Yea,L000562
"LYNCH, Stephen F.",20119,D,MA,House,118-H-692,Yea,L000562
"LYNCH, Stephen F.",20119,D,MA,House,118-H-716,Yea,L000562
"LYNCH, Stephen F.",20119,D,MA,House,118-H-746,Yea,L000562
"LYNCH, Stephen F.",20119,D,MA,House,118-H-756,Nay,L000562
"LYNCH, Stephen F.",20119,D,MA,House,118-H-762,Yea,L000562
"LYNCH, Stephen F.",20119,D,MA,House,118-H-852,Yea,L000562
"LYNCH, Stephen F.",20119,D,MA,House,118-H-859,Yea,L000562
"LYNCH, Stephen F.",20119,D,MA,House,118-H-870,Yea,L000562
"LYNCH, Stephen F.",20119,D,MA,House,118-H-890,Yea,L000562
"LYNCH, Stephen F.",20119,D,MA,House,118-H-935,Nay,L000562
"LYNCH, Stephen F.",20119,D,MA,House,119-H-128,Yea,L000562
"LYNCH, Stephen F.",20119,D,MA,House,119-H-158,Yea,L000562
"LYNCH, Stephen F.",20119,D,MA,House,119-H-526,Yea,L000562
"LYNCH, Stephen F.",20119,D,MA,House,119-H-655,Nay,L000562
"MACE, Nancy",22132,R,SC,House,117-H-274,Yea,M000194
"MACE, Nancy",22132,R,SC,House,117-H-660,Yea,M000194
"MACE, Nancy",22132,R,SC,House,118-H-1146,Yea,M000194
"MACE, Nancy",22132,R,SC,House,118-H-1194,Yea,M000194
"MACE, Nancy",22132,R,SC,House,118-H-193,Yea,M000194
"MACE, Nancy",22132,R,SC,House,118-H-241,Yea,M000194
"MACE, Nancy",22132,R,SC,House,118-H-337,Not voting,M000194
"MACE, Nancy",22132,R,SC,House,118-H-523,Yea,M000194
"MACE, Nancy",22132,R,SC,House,118-H-556,Yea,M000194
"MACE, Nancy",22132,R,SC,House,118-H-572,Yea,M000194
"MACE, Nancy",22132,R,SC,House,118-H-573,Yea,M000194
"MACE, Nancy",22132,R,SC,House,118-H-617,Yea,M000194
"MACE, Nancy",22132,R,SC,House,118-H-671,Yea,M000194
"MACE, Nancy",22132,R,SC,House,118-H-672,Yea,M000194
"MACE, Nancy",22132,R,SC,House,118-H-692,Yea,M000194
"MACE, Nancy",22132,R,SC,House,118-H-716,Yea,M000194
"MACE, Nancy",22132,R,SC,House,118-H-746,Yea,M000194
"MACE, Nancy",22132,R,SC,House,118-H-756,Yea,M000194
"MACE, Nancy",22132,R,SC,House,118-H-762,Not voting,M000194
"MACE, Nancy",22132,R,SC,House,118-H-852,Yea,M000194
"MACE, Nancy",22132,R,SC,House,118-H-859,Yea,M000194
"MACE, Nancy",22132,R,SC,House,118-H-870,Yea,M000194
"MACE, Nancy",22132,R,SC,House,118-H-890,Yea,M000194
"MACE, Nancy",22132,R,SC,House,118-H-935,Yea,M000194
"MACE, Nancy",22132,R,SC,House,119-H-128,Yea,M000194
"MACE, Nancy",22132,R,SC,House,119-H-158,Yea,M000194
"MACE, Nancy",22132,R,SC,House,119-H-526,Yea,M000194
"MACE, Nancy",22132,R,SC,House,119-H-655,Yea,M000194
"MACKENZIE, Ryan",22533,R,PA,House,119-H-128,Yea,M001230
"MACKENZIE, Ryan",22533,R,PA,House,119-H-158,Yea,M001230
"MACKENZIE, Ryan",22533,R,PA,House,119-H-526,Yea,M001230
"MACKENZIE, Ryan",22533,R,PA,House,119-H-655,Yea,M001230
"MAGAZINER, Seth",22345,D,RI,House,118-H-1146,Nay,M001223
"MAGAZINER, Seth",22345,D,RI,House,118-H-1194,Yea,M001223
"MAGAZINER, Seth",22345,D,RI,House,118-H-193,Yea,M001223
"MAGAZINER, Seth",22345,D,RI,House,118-H-241,Yea,M001223
"MAGAZINER, Seth",22345,D,RI,House,118-H-337,Yea,M001223
"MAGAZINER, Seth",22345,D,RI,House,118-H-523,Yea,M001223
"MAGAZINER, Seth",22345,D,RI,House,118-H-556,Yea,M001223
"MAGAZINER, Seth",22345,D,RI,House,118-H-572,Nay,M001223
"MAGAZINER, Seth",22345,D,RI,House,118-H-573,Yea,M001223
"MAGAZINER, Seth",22345,D,RI,House,118-H-617,Nay,M001223
"MAGAZINER, Seth",22345,D,RI,House,118-H-671,Yea,M001223
"MAGAZINER, Seth",22345,D,RI,House,118-H-672,Yea,M001223
"MAGAZINER, Seth",22345,D,RI,House,118-H-692,Present,M001223
"MAGAZINER, Seth",22345,D,RI,House,118-H-716,Nay,M001223
"MAGAZINER, Seth",22345,D,RI,House,118-H-746,Yea,M001223
"MAGAZINER, Seth",22345,D,RI,House,118-H-756,Nay,M001223
"MAGAZINER, Seth",22345,D,RI,House,118-H-762,Yea,M001223
"MAGAZINER, Seth",22345,D,RI,House,118-H-852,Yea,M001223
"MAGAZINER, Seth",22345,D,RI,House,118-H-859,Not voting,M001223
"MAGAZINER, Seth",22345,D,RI,House,118-H-870,Yea,M001223
"MAGAZINER, Seth",22345,D,RI,House,118-H-890,Not voting,M001223
"MAGAZINER, Seth",22345,D,RI,House,118-H-935,Not voting,M001223
"MAGAZINER, Seth",22345,D,RI,House,119-H-128,Yea,M001223
"MAGAZINER, Seth",22345,D,RI,House,119-H-158,Yea,M001223
"MAGAZINER, Seth",22345,D,RI,House,119-H-526,Yea,M001223
"MAGAZINER, Seth",22345,D,RI,House,119-H-655,Nay,M001223
"MALINOWSKI, Tomaz",21942,D,NJ,House,116-H-107,Yea,M001203
"MALINOWSKI, Tomaz",21942,D,NJ,House,116-H-28,Yea,M001203
"MALINOWSKI, Tomaz",21942,D,NJ,House,116-H-496,Yea,M001203
"MALINOWSKI, Tomaz",21942,D,NJ,House,116-H-651,Yea,M001203
"MALINOWSKI, Tomaz",21942,D,NJ,House,117-H-274,Yea,M001203
"MALINOWSKI, Tomaz",21942,D,NJ,House,117-H-660,Yea,M001203
"MALLIOTAKIS, Nicole",22133,R,NY,House,117-H-274,Yea,M000317
"MALLIOTAKIS, Nicole",22133,R,NY,House,117-H-660,Yea,M000317
"MALLIOTAKIS, Nicole",22133,R,NY,House,118-H-1146,Not voting,M000317
"MALLIOTAKIS, Nicole",22133,R,NY,House,118-H-1194,Yea,M000317
"MALLIOTAKIS, Nicole",22133,R,NY,House,118-H-193,Yea,M000317
"MALLIOTAKIS, Nicole",22133,R,NY,House,118-H-241,Yea,M000317
"MALLIOTAKIS, Nicole",22133,R,NY,House,118-H-337,Yea,M000317
"MALLIOTAKIS, Nicole",22133,R,NY,House,118-H-523,Yea,M000317
"MALLIOTAKIS, Nicole",22133,R,NY,House,118-H-556,Yea,M000317
"MALLIOTAKIS, Nicole",22133,R,NY,House,118-H-572,Yea,M000317
"MALLIOTAKIS, Nicole",22133,R,NY,House,118-H-573,Yea,M000317
"MALLIOTAKIS, Nicole",22133,R,NY,House,118-H-617,Yea,M000317
"MALLIOTAKIS, Nicole",22133,R,NY,House,118-H-671,Yea,M000317
"MALLIOTAKIS, Nicole",22133,R,NY,House,118-H-672,Yea,M000317
"MALLIOTAKIS, Nicole",22133,R,NY,House,118-H-692,Yea,M000317
"MALLIOTAKIS, Nicole",22133,R,NY,House,118-H-716,Yea,M000317
"MALLIOTAKIS, Nicole",22133,R,NY,House,118-H-746,Yea,M000317
"MALLIOTAKIS, Nicole",22133,R,NY,House,118-H-756,Yea,M000317
"MALLIOTAKIS, Nicole",22133,R,NY,House,118-H-762,Yea,M000317
"MALLIOTAKIS, Nicole",22133,R,NY,House,118-H-852,Yea,M000317
"MALLIOTAKIS, Nicole",22133,R,NY,House,118-H-859,Yea,M000317
"MALLIOTAKIS, Nicole",22133,R,NY,House,118-H-870,Yea,M000317
"MALLIOTAKIS, Nicole",22133,R,NY,House,118-H-890,Yea,M000317
"MALLIOTAKIS, Nicole",22133,R,NY,House,118-H-935,Yea,M000317
"MALLIOTAKIS, Nicole",22133,R,NY,House,119-H-128,Yea,M000317
"MALLIOTAKIS, Nicole",22133,R,NY,House,119-H-158,Yea,M000317
"MALLIOTAKIS, Nicole",22133,R,NY,House,119-H-526,Yea,M000317
"MALLIOTAKIS, Nicole",22133,R,NY,House,119-H-655,Yea,M000317
"MALONEY, Carolyn Bosher",29379,D,NY,House,116-H-107,Yea,M000087
"MALONEY, Carolyn Bosher",29379,D,NY,House,116-H-28,Yea,M000087
"MALONEY, Carolyn Bosher",29379,D,NY,House,116-H-496,Yea,M000087
"MALONEY, Carolyn Bosher",29379,D,NY,House,116-H-651,Yea,M000087
"MALONEY, Carolyn Bosher",29379,D,NY,House,117-H-274,Yea,M000087
"MALONEY, Carolyn Bosher",29379,D,NY,House,117-H-660,Yea,M000087
"MALONEY, Sean Patrick",21344,D,NY,House,116-H-107,Yea,M001185
"MALONEY, Sean Patrick",21344,D,NY,House,116-H-28,Yea,M001185
"MALONEY, Sean Patrick",21344,D,NY,House,116-H-496,Yea,M001185
"MALONEY, Sean Patrick",21344,D,NY,House,116-H-651,Yea,M001185
"MALONEY, Sean Patrick",21344,D,NY,House,117-H-274,Yea,M001185
"MALONEY, Sean Patrick",21344,D,NY,House,117-H-660,Yea,M001185
"MALOY, Celeste",22376,R,UT,House,118-H-1146,Yea,M001228
"MALOY, Celeste",22376,R,UT,House,118-H-1194,Yea,M001228
"MALOY, Celeste",22376,R,UT,House,118-H-672,Yea,M001228
"MALOY, Celeste",22376,R,UT,House,118-H-692,Yea,M001228
"MALOY, Celeste",22376,R,UT,House,118-H-716,Yea,M001228
"MALOY, Celeste",22376,R,UT,House,118-H-746,Yea,M001228
"MALOY, Celeste",22376,R,UT,House,118-H-756,Yea,M001228
"MALOY, Celeste",22376,R,UT,House,118-H-762,Yea,M001228
"MALOY, Celeste",22376,R,UT,House,118-H-852,Yea,M001228
"MALOY, Celeste",22376,R,UT,House,118-H-859,Yea,M001228
"MALOY, Celeste",22376,R,UT,House,118-H-870,Yea,M001228
"MALOY, Celeste",22376,R,UT,House,118-H-890,Yea,M001228
"MALOY, Celeste",22376,R,UT,House,118-H-935,Yea,M001228
"MALOY, Celeste",22376,R,UT,House,119-H-128,Yea,M001228
"MALOY, Celeste",22376,R,UT,House,119-H-158,Yea,M001228
"MALOY, Celeste",22376,R,UT,House,119-H-526,Yea,M001228
"MALOY, Celeste",22376,R,UT,House,119-H-655,Yea,M001228
"MANN, Tracey",22134,R,KS,House,117-H-274,Yea,M000871
"MANN, Tracey",22134,R,KS,House,117-H-660,Yea,M000871
"MANN, Tracey",22134,R,KS,House,118-H-1146,Yea,M000871
"MANN, Tracey",22134,R,KS,House,118-H-1194,Yea,M000871
"MANN, Tracey",22134,R,KS,House,118-H-193,Yea,M000871
"MANN, Tracey",22134,R,KS,House,118-H-241,Yea,M000871
"MANN, Tracey",22134,R,KS,House,118-H-337,Yea,M000871
"MANN, Tracey",22134,R,KS,House,118-H-523,Yea,M000871
"MANN, Tracey",22134,R,KS,House,118-H-556,Yea,M000871
"MANN, Tracey",22134,R,KS,House,118-H-572,Yea,M000871
"MANN, Tracey",22134,R,KS,House,118-H-573,Yea,M000871
"MANN, Tracey",22134,R,KS,House,118-H-617,Yea,M000871
"MANN, Tracey",22134,R,KS,House,118-H-671,Yea,M000871
"MANN, Tracey",22134,R,KS,House,118-H-672,Yea,M000871
"MANN, Tracey",22134,R,KS,House,118-H-692,Yea,M000871
"MANN, Tracey",22134,R,KS,House,118-H-716,Yea,M000871
"MANN, Tracey",22134,R,KS,House,118-H-746,Yea,M000871
"MANN, Tracey",22134,R,KS,House,118-H-756,Yea,M000871
"MANN, Tracey",22134,R,KS,House,118-H-762,Yea,M000871
"MANN, Tracey",22134,R,KS,House,118-H-852,Yea,M000871
"MANN, Tracey",22134,R,KS,House,118-H-859,Yea,M000871
"MANN, Tracey",22134,R,KS,House,118-H-870,Yea,M000871
"MANN, Tracey",22134,R,KS,House,118-H-890,Yea,M000871
"MANN, Tracey",22134,R,KS,House,118-H-935,Yea,M000871
"MANN, Tracey",22134,R,KS,House,119-H-128,Yea,M000871
"MANN, Tracey",22134,R,KS,House,119-H-158,Yea,M000871
"MANN, Tracey",22134,R,KS,House,119-H-526,Yea,M000871
"MANN, Tracey",22134,R,KS,House,119-H-655,Yea,M000871
"MANNING, Kathy E.",22135,D,NC,House,117-H-274,Yea,M001135
"MANNING, Kathy E.",22135,D,NC,House,117-H-660,Yea,M001135
"MANNING, Kathy E.",22135,D,NC,House,118-H-1146,Nay,M001135
"MANNING, Kathy E.",22135,D,NC,House,118-H-1194,Yea,M001135
"MANNING, Kathy E.",22135,D,NC,House,118-H-193,Yea,M001135
"MANNING, Kathy E.",22135,D,NC,House,118-H-241,Yea,M001135
"MANNING, Kathy E.",22135,D,NC,House,118-H-337,Yea,M001135
"MANNING, Kathy E.",22135,D,NC,House,118-H-523,Yea,M001135
"MANNING, Kathy E.",22135,D,NC,House,118-H-556,Yea,M001135
"MANNING, Kathy E.",22135,D,NC,House,118-H-572,Nay,M001135
"MANNING, Kathy E.",22135,D,NC,House,118-H-573,Yea,M001135
"MANNING, Kathy E.",22135,D,NC,House,118-H-617,Yea,M001135
"MANNING, Kathy E.",22135,D,NC,House,118-H-671,Yea,M001135
"MANNING, Kathy E.",22135,D,NC,House,118-H-672,Yea,M001135
"MANNING, Kathy E.",22135,D,NC,House,118-H-692,Yea,M001135
"MANNING, Kathy E.",22135,D,NC,House,118-H-716,Yea,M001135
"MANNING, Kathy E.",22135,D,NC,House,118-H-746,Yea,M001135
"MANNING, Kathy E.",22135,D,NC,House,118-H-756,Yea,M001135
"MANNING, Kathy E.",22135,D,NC,House,118-H-762,Yea,M001135
"MANNING, Kathy E.",22135,D,NC,House,118-H-852,Yea,M001135
"MANNING, Kathy E.",22135,D,NC,House,118-H-859,Yea,M001135
"MANNING, Kathy E.",22135,D,NC,House,118-H-870,Yea,M001135
"MANNING, Kathy E.",22135,D,NC,House,118-H-890,Yea,M001135
"MANNING, Kathy E.",22135,D,NC,House,118-H-935,Nay,M001135
"MANNION, John W.",22534,D,NY,House,119-H-128,Yea,M001231
"MANNION, John W.",22534,D,NY,House,119-H-158,Yea,M001231
"MANNION, John W.",22534,D,NY,House,119-H-526,Yea,M001231
"MANNION, John W.",22534,D,NY,House,119-H-655,Yea,M001231
"MARCHANT, Kenny",20532,R,TX,House,116-H-107,Yea,M001158
"MARCHANT, Kenny",20532,R,TX,House,116-H-28,Yea,M001158
"MARCHANT, Kenny",20532,R,TX,House,116-H-496,Yea,M001158
"MARCHANT, Kenny",20532,R,TX,House,116-H-651,Not voting,M001158
"MARSHALL, Roger Wayne",21734,R,KS,House,116-H-107,Yea,M001198
"MARSHALL, Roger Wayne",21734,R,KS,House,116-H-28,Yea,M001198
"MARSHALL, Roger Wayne",21734,R,KS,House,116-H-496,Yea,M001198
"MARSHALL, Roger Wayne",21734,R,KS,House,116-H-651,Nay,M001198
"MARSHALL, Roger Wayne",21734,R,KS,Senate,118-S-261,Yea,M001198
"MASSIE, Thomas",31102,R,KY,House,116-H-107,Nay,M001184
"MASSIE, Thomas",31102,R,KY,House,116-H-28,Yea,M001184
"MASSIE, Thomas",31102,R,KY,House,116-H-496,Nay,M001184
"MASSIE, Thomas",31102,R,KY,House,116-H-651,Nay,M001184
"MASSIE, Thomas",31102,R,KY,House,117-H-274,Nay,M001184
"MASSIE, Thomas",31102,R,KY,House,117-H-660,Nay,M001184
"MASSIE, Thomas",31102,R,KY,House,118-H-1146,Yea,M001184
"MASSIE, Thomas",31102,R,KY,House,118-H-1194,Nay,M001184
"MASSIE, Thomas",31102,R,KY,House,118-H-193,Nay,M001184
"MASSIE, Thomas",31102,R,KY,House,118-H-241,Yea,M001184
"MASSIE, Thomas",31102,R,KY,House,118-H-337,Yea,M001184
"MASSIE, Thomas",31102,R,KY,House,118-H-523,Nay,M001184
"MASSIE, Thomas",31102,R,KY,House,118-H-556,Nay,M001184
"MASSIE, Thomas",31102,R,KY,House,118-H-572,Nay,M001184
"MASSIE, Thomas",31102,R,KY,House,118-H-573,Nay,M001184
"MASSIE, Thomas",31102,R,KY,House,118-H-617,Nay,M001184
"MASSIE, Thomas",31102,R,KY,House,118-H-671,Yea,M001184
"MASSIE, Thomas",31102,R,KY,House,118-H-672,Nay,M001184
"MASSIE, Thomas",31102,R,KY,House,118-H-692,Nay,M001184
"MASSIE, Thomas",31102,R,KY,House,118-H-716,Nay,M001184
"MASSIE, Thomas",31102,R,KY,House,118-H-746,Yea,M001184
"MASSIE, Thomas",31102,R,KY,House,118-H-756,Nay,M001184
"MASSIE, Thomas",31102,R,KY,House,118-H-762,Yea,M001184
"MASSIE, Thomas",31102,R,KY,House,118-H-852,Nay,M001184
"MASSIE, Thomas",31102,R,KY,House,118-H-859,Nay,M001184
"MASSIE, Thomas",31102,R,KY,House,118-H-870,Nay,M001184
"MASSIE, Thomas",31102,R,KY,House,118-H-890,Nay,M001184
"MASSIE, Thomas",31102,R,KY,House,118-H-935,Nay,M001184
"MASSIE, Thomas",31102,R,KY,House,119-H-128,Nay,M001184
"MASSIE, Thomas",31102,R,KY,House,119-H-158,Yea,M001184
"MASSIE, Thomas",31102,R,KY,House,119-H-526,Yea,M001184
"MASSIE, Thomas",31102,R,KY,House,119-H-655,Nay,M001184
"MAST, Brian Jeffrey",21735,R,FL,House,116-H-107,Yea,M001199
"MAST, Brian Jeffrey",21735,R,FL,House,116-H-28,Not voting,M001199
"MAST, Brian Jeffrey",21735,R,FL,House,116-H-496,Yea,M001199
"MAST, Brian Jeffrey",21735,R,FL,House,116-H-651,Nay,M001199
"MAST, Brian Jeffrey",21735,R,FL,House,117-H-274,Yea,M001199
"MAST, Brian Jeffrey",21735,R,FL,House,117-H-660,Yea,M001199
"MAST, Brian Jeffrey",21735,R,FL,House,118-H-1146,Yea,M001199
"MAST, Brian Jeffrey",21735,R,FL,House,118-H-1194,Yea,M001199
"MAST, Brian Jeffrey",21735,R,FL,House,118-H-193,Yea,M001199
"MAST, Brian Jeffrey",21735,R,FL,House,118-H-241,Yea,M001199
"MAST, Brian Jeffrey",21735,R,FL,House,118-H-337,Yea,M001199
"MAST, Brian Jeffrey",21735,R,FL,House,118-H-523,Yea,M001199
"MAST, Brian Jeffrey",21735,R,FL,House,118-H-556,Yea,M001199
"MAST, Brian Jeffrey",21735,R,FL,House,118-H-572,Yea,M001199
"MAST, Brian Jeffrey",21735,R,FL,House,118-H-573,Yea,M001199
"MAST, Brian Jeffrey",21735,R,FL,House,118-H-617,Yea,M001199
"MAST, Brian Jeffrey",21735,R,FL,House,118-H-671,Yea,M001199
"MAST, Brian Jeffrey",21735,R,FL,House,118-H-672,Yea,M001199
"MAST, Brian Jeffrey",21735,R,FL,House,118-H-692,Yea,M001199
"MAST, Brian Jeffrey",21735,R,FL,House,118-H-716,Yea,M001199
"MAST, Brian Jeffrey",21735,R,FL,House,118-H-746,Yea,M001199
"MAST, Brian Jeffrey",21735,R,FL,House,118-H-756,Yea,M001199
"MAST, Brian Jeffrey",21735,R,FL,House,118-H-762,Yea,M001199
"MAST, Brian Jeffrey",21735,R,FL,House,118-H-852,Yea,M001199
"MAST, Brian Jeffrey",21735,R,FL,House,118-H-859,Yea,M001199
"MAST, Brian Jeffrey",21735,R,FL,House,118-H-870,Yea,M001199
"MAST, Brian Jeffrey",21735,R,FL,House,118-H-890,Yea,M001199
"MAST, Brian Jeffrey",21735,R,FL,House,118-H-935,Yea,M001199
"MAST, Brian Jeffrey",21735,R,FL,House,119-H-128,Yea,M001199
"MAST, Brian Jeffrey",21735,R,FL,House,119-H-158,Yea,M001199
"MAST, Brian Jeffrey",21735,R,FL,House,119-H-526,Yea,M001199
"MAST, Brian Jeffrey",21735,R,FL,House,119-H-655,Yea,M001199
"MATSUI, Doris",20538,D,CA,House,116-H-107,Yea,M001163
"MATSUI, Doris",20538,D,CA,House,116-H-28,Yea,M001163
"MATSUI, Doris",20538,D,CA,House,116-H-496,Yea,M001163
"MATSUI, Doris",20538,D,CA,House,116-H-651,Yea,M001163
"MATSUI, Doris",20538,D,CA,House,117-H-274,Yea,M001163
"MATSUI, Doris",20538,D,CA,House,117-H-660,Yea,M001163
"MATSUI, Doris",20538,D,CA,House,118-H-1146,Nay,M001163
"MATSUI, Doris",20538,D,CA,House,118-H-1194,Yea,M001163
"MATSUI, Doris",20538,D,CA,House,118-H-193,Yea,M001163
"MATSUI, Doris",20538,D,CA,House,118-H-241,Yea,M001163
"MATSUI, Doris",20538,D,CA,House,118-H-337,Yea,M001163
"MATSUI, Doris",20538,D,CA,House,118-H-523,Yea,M001163
"MATSUI, Doris",20538,D,CA,House,118-H-556,Yea,M001163
"MATSUI, Doris",20538,D,CA,House,118-H-572,Nay,M001163
"MATSUI, Doris",20538,D,CA,House,118-H-573,Yea,M001163
"MATSUI, Doris",20538,D,CA,House,118-H-617,Nay,M001163
"MATSUI, Doris",20538,D,CA,House,118-H-671,Yea,M001163
"MATSUI, Doris",20538,D,CA,House,118-H-672,Yea,M001163
"MATSUI, Doris",20538,D,CA,House,118-H-692,Yea,M001163
"MATSUI, Doris",20538,D,CA,House,118-H-716,Nay,M001163
"MATSUI, Doris",20538,D,CA,House,118-H-746,Yea,M001163
"MATSUI, Doris",20538,D,CA,House,118-H-756,Nay,M001163
"MATSUI, Doris",20538,D,CA,House,118-H-762,Yea,M001163
"MATSUI, Doris",20538,D,CA,House,118-H-852,Yea,M001163
"MATSUI, Doris",20538,D,CA,House,118-H-859,Yea,M001163
"MATSUI, Doris",20538,D,CA,House,118-H-870,Yea,M001163
"MATSUI, Doris",20538,D,CA,House,118-H-890,Yea,M001163
"MATSUI, Doris",20538,D,CA,House,118-H-935,Nay,M001163
"MATSUI, Doris",20538,D,CA,House,119-H-128,Yea,M001163
"MATSUI, Doris",20538,D,CA,House,119-H-158,Yea,M001163
"MATSUI, Doris",20538,D,CA,House,119-H-526,Yea,M001163
"MATSUI, Doris",20538,D,CA,House,119-H-655,Nay,M001163
"MCADAMS, Ben",21943,D,UT,House,116-H-107,Yea,M001209
"MCADAMS, Ben",21943,D,UT,House,116-H-28,Yea,M001209
"MCADAMS, Ben",21943,D,UT,House,116-H-496,Yea,M001209
"MCADAMS, Ben",21943,D,UT,House,116-H-651,Yea,M001209
"MCBRIDE, Sarah",22535,D,DE,House,119-H-128,Yea,M001238
"MCBRIDE, Sarah",22535,D,DE,House,119-H-158,Yea,M001238
"MCBRIDE, Sarah",22535,D,DE,House,119-H-526,Yea,M001238
"MCBRIDE, Sarah",22535,D,DE,House,119-H-655,Nay,M001238
"MCCARTHY, Kevin",20703,R,CA,House,116-H-107,Yea,M001165
"MCCARTHY, Kevin",20703,R,CA,House,116-H-28,Yea,M001165
"MCCARTHY, Kevin",20703,R,CA,House,116-H-496,Yea,M001165
"MCCARTHY, Kevin",20703,R,CA,House,116-H-651,Nay,M001165
"MCCARTHY, Kevin",20703,R,CA,House,117-H-274,Yea,M001165
"MCCARTHY, Kevin",20703,R,CA,House,117-H-660,Yea,M001165
"MCCARTHY, Kevin",20703,R,CA,House,118-H-193,Yea,M001165
"MCCARTHY, Kevin",20703,R,CA,House,118-H-241,Yea,M001165
"MCCARTHY, Kevin",20703,R,CA,House,118-H-523,Yea,M001165
"MCCARTHY, Kevin",20703,R,CA,House,118-H-556,Yea,M001165
"MCCARTHY, Kevin",20703,R,CA,House,118-H-572,Yea,M001165
"MCCARTHY, Kevin",20703,R,CA,House,118-H-573,Yea,M001165
"MCCARTHY, Kevin",20703,R,CA,House,118-H-617,Yea,M001165
"MCCARTHY, Kevin",20703,R,CA,House,118-H-671,Not voting,M001165
"MCCARTHY, Kevin",20703,R,CA,House,118-H-672,Not voting,M001165
"MCCARTHY, Kevin",20703,R,CA,House,118-H-692,Yea,M001165
"MCCARTHY, Kevin",20703,R,CA,House,118-H-716,Yea,M001165
"MCCAUL, Michael T.",20530,R,TX,House,116-H-107,Yea,M001157
"MCCAUL, Michael T.",20530,R,TX,House,116-H-28,Yea,M001157
"MCCAUL, Michael T.",20530,R,TX,House,116-H-496,Yea,M001157
"MCCAUL, Michael T.",20530,R,TX,House,116-H-651,Nay,M001157
"MCCAUL, Michael T.",20530,R,TX,House,117-H-274,Yea,M001157
"MCCAUL, Michael T.",20530,R,TX,House,117-H-660,Yea,M001157
"MCCAUL, Michael T.",20530,R,TX,House,118-H-1146,Yea,M001157
"MCCAUL, Michael T.",20530,R,TX,House,118-H-1194,Yea,M001157
"MCCAUL, Michael T.",20530,R,TX,House,118-H-193,Yea,M001157
"MCCAUL, Michael T.",20530,R,TX,House,118-H-241,Yea,M001157
"MCCAUL, Michael T.",20530,R,TX,House,118-H-337,Yea,M001157
"MCCAUL, Michael T.",20530,R,TX,House,118-H-523,Yea,M001157
"MCCAUL, Michael T.",20530,R,TX,House,118-H-556,Yea,M001157
"MCCAUL, Michael T.",20530,R,TX,House,118-H-572,Yea,M001157
"MCCAUL, Michael T.",20530,R,TX,House,118-H-573,Yea,M001157
"MCCAUL, Michael T.",20530,R,TX,House,118-H-617,Yea,M001157
"MCCAUL, Michael T.",20530,R,TX,House,118-H-671,Yea,M001157
"MCCAUL, Michael T.",20530,R,TX,House,118-H-672,Yea,M001157
"MCCAUL, Michael T.",20530,R,TX,House,118-H-692,Yea,M001157
"MCCAUL, Michael T.",20530,R,TX,House,118-H-716,Yea,M001157
"MCCAUL, Michael T.",20530,R,TX,House,118-H-746,Yea,M001157
"MCCAUL, Michael T.",20530,R,TX,House,118-H-756,Yea,M001157
"MCCAUL, Michael T.",20530,R,TX,House,118-H-762,Yea,M001157
"MCCAUL, Michael T.",20530,R,TX,House,118-H-852,Yea,M001157
"MCCAUL, Michael T.",20530,R,TX,House,118-H-859,Yea,M001157
"MCCAUL, Michael T.",20530,R,TX,House,118-H-870,Yea,M001157
"MCCAUL, Michael T.",20530,R,TX,House,118-H-890,Yea,M001157
"MCCAUL, Michael T.",20530,R,TX,House,118-H-935,Yea,M001157
"MCCAUL, Michael T.",20530,R,TX,House,119-H-128,Yea,M001157
"MCCAUL, Michael T.",20530,R,TX,House,119-H-158,Yea,M001157
"MCCAUL, Michael T.",20530,R,TX,House,119-H-526,Yea,M001157
"MCCAUL, Michael T.",20530,R,TX,House,119-H-655,Not voting,M001157
"MCCLAIN DELANEY, April",22536,D,MD,House,119-H-128,Yea,M001232
"MCCLAIN DELANEY, April",22536,D,MD,House,119-H-158,Yea,M001232
"MCCLAIN DELANEY, April",22536,D,MD,House,119-H-526,Yea,M001232
"MCCLAIN DELANEY, April",22536,D,MD,House,119-H-655,Nay,M001232
"MCCLAIN, Lisa C.",22136,R,MI,House,117-H-274,Yea,M001136
"MCCLAIN, Lisa C.",22136,R,MI,House,117-H-660,Yea,M001136
"MCCLAIN, Lisa C.",22136,R,MI,House,118-H-1146,Yea,M001136
"MCCLAIN, Lisa C.",22136,R,MI,House,118-H-1194,Yea,M001136
"MCCLAIN, Lisa C.",22136,R,MI,House,118-H-193,Yea,M001136
"MCCLAIN, Lisa C.",22136,R,MI,House,118-H-241,Yea,M001136
"MCCLAIN, Lisa C.",22136,R,MI,House,118-H-337,Yea,M001136
"MCCLAIN, Lisa C.",22136,R,MI,House,118-H-523,Yea,M001136
"MCCLAIN, Lisa C.",22136,R,MI,House,118-H-556,Yea,M001136
"MCCLAIN, Lisa C.",22136,R,MI,House,118-H-572,Yea,M001136
"MCCLAIN, Lisa C.",22136,R,MI,House,118-H-573,Yea,M001136
"MCCLAIN, Lisa C.",22136,R,MI,House,118-H-617,Yea,M001136
"MCCLAIN, Lisa C.",22136,R,MI,House,118-H-671,Yea,M001136
"MCCLAIN, Lisa C.",22136,R,MI,House,118-H-672,Yea,M001136
"MCCLAIN, Lisa C.",22136,R,MI,House,118-H-692,Yea,M001136
"MCCLAIN, Lisa C.",22136,R,MI,House,118-H-716,Yea,M001136
"MCCLAIN, Lisa C.",22136,R,MI,House,118-H-746,Yea,M001136
"MCCLAIN, Lisa C.",22136,R,MI,House,118-H-756,Yea,M001136
"MCCLAIN, Lisa C.",22136,R,MI,House,118-H-762,Yea,M001136
"MCCLAIN, Lisa C.",22136,R,MI,House,118-H-852,Yea,M001136
"MCCLAIN, Lisa C.",22136,R,MI,House,118-H-859,Yea,M001136
"MCCLAIN, Lisa C.",22136,R,MI,House,118-H-870,Yea,M001136
"MCCLAIN, Lisa C.",22136,R,MI,House,118-H-890,Yea,M001136
"MCCLAIN, Lisa C.",22136,R,MI,House,118-H-935,Not voting,M001136
"MCCLAIN, Lisa C.",22136,R,MI,House,119-H-128,Yea,M001136
"MCCLAIN, Lisa C.",22136,R,MI,House,119-H-158,Yea,M001136
"MCCLAIN, Lisa C.",22136,R,MI,House,119-H-526,Yea,M001136
"MCCLAIN, Lisa C.",22136,R,MI,House,119-H-655,Yea,M001136
"MCCLELLAN, Jennifer",22374,D,VA,House,118-H-1146,Nay,M001227
"MCCLELLAN, Jennifer",22374,D,VA,House,118-H-1194,Yea,M001227
"MCCLELLAN, Jennifer",22374,D,VA,House,118-H-193,Yea,M001227
"MCCLELLAN, Jennifer",22374,D,VA,House,118-H-241,Yea,M001227
"MCCLELLAN, Jennifer",22374,D,VA,House,118-H-337,Yea,M001227
"MCCLELLAN, Jennifer",22374,D,VA,House,118-H-523,Yea,M001227
"MCCLELLAN, Jennifer",22374,D,VA,House,118-H-556,Yea,M001227
"MCCLELLAN, Jennifer",22374,D,VA,House,118-H-572,Nay,M001227
"MCCLELLAN, Jennifer",22374,D,VA,House,118-H-573,Yea,M001227
"MCCLELLAN, Jennifer",22374,D,VA,House,118-H-617,Nay,M001227
"MCCLELLAN, Jennifer",22374,D,VA,House,118-H-671,Yea,M001227
"MCCLELLAN, Jennifer",22374,D,VA,House,118-H-672,Yea,M001227
"MCCLELLAN, Jennifer",22374,D,VA,House,118-H-692,Present,M001227
"MCCLELLAN, Jennifer",22374,D,VA,House,118-H-716,Nay,M001227
"MCCLELLAN, Jennifer",22374,D,VA,House,118-H-746,Yea,M001227
"MCCLELLAN, Jennifer",22374,D,VA,House,118-H-756,Nay,M001227
"MCCLELLAN, Jennifer",22374,D,VA,House,118-H-762,Yea,M001227
"MCCLELLAN, Jennifer",22374,D,VA,House,118-H-852,Yea,M001227
"MCCLELLAN, Jennifer",22374,D,VA,House,118-H-859,Yea,M001227
"MCCLELLAN, Jennifer",22374,D,VA,House,118-H-870,Yea,M001227
"MCCLELLAN, Jennifer",22374,D,VA,House,118-H-890,Nay,M001227
"MCCLELLAN, Jennifer",22374,D,VA,House,118-H-935,Nay,M001227
"MCCLELLAN, Jennifer",22374,D,VA,House,119-H-128,Yea,M001227
"MCCLELLAN, Jennifer",22374,D,VA,House,119-H-158,Yea,M001227
"MCCLELLAN, Jennifer",22374,D,VA,House,119-H-526,Yea,M001227
"MCCLELLAN, Jennifer",22374,D,VA,House,119-H-655,Nay,M001227
"MCCOLLUM, Betty",20122,D,MN,House,116-H-107,Yea,M001143
"MCCOLLUM, Betty",20122,D,MN,House,116-H-28,Yea,M001143
"MCCOLLUM, Betty",20122,D,MN,House,116-H-496,Nay,M001143
"MCCOLLUM, Betty",20122,D,MN,House,116-H-651,Present,M001143
"MCCOLLUM, Betty",20122,D,MN,House,117-H-274,Yea,M001143
"MCCOLLUM, Betty",20122,D,MN,House,117-H-660,Yea,M001143
"MCCOLLUM, Betty",20122,D,MN,House,118-H-1146,Nay,M001143
"MCCOLLUM, Betty",20122,D,MN,House,118-H-1194,Yea,M001143
"MCCOLLUM, Betty",20122,D,MN,House,118-H-193,Nay,M001143
"MCCOLLUM, Betty",20122,D,MN,House,118-H-241,Yea,M001143
"MCCOLLUM, Betty",20122,D,MN,House,118-H-337,Present,M001143
"MCCOLLUM, Betty",20122,D,MN,House,118-H-523,Yea,M001143
"MCCOLLUM, Betty",20122,D,MN,House,118-H-556,Nay,M001143
"MCCOLLUM, Betty",20122,D,MN,House,118-H-572,Nay,M001143
"MCCOLLUM, Betty",20122,D,MN,House,118-H-573,Yea,M001143
"MCCOLLUM, Betty",20122,D,MN,House,118-H-617,Nay,M001143
"MCCOLLUM, Betty",20122,D,MN,House,118-H-671,Yea,M001143
"MCCOLLUM, Betty",20122,D,MN,House,118-H-672,Yea,M001143
"MCCOLLUM, Betty",20122,D,MN,House,118-H-692,Present,M001143
"MCCOLLUM, Betty",20122,D,MN,House,118-H-716,Nay,M001143
"MCCOLLUM, Betty",20122,D,MN,House,118-H-746,Yea,M001143
"MCCOLLUM, Betty",20122,D,MN,House,118-H-756,Nay,M001143
"MCCOLLUM, Betty",20122,D,MN,House,118-H-762,Yea,M001143
"MCCOLLUM, Betty",20122,D,MN,House,118-H-852,Yea,M001143
"MCCOLLUM, Betty",20122,D,MN,House,118-H-859,Yea,M001143
"MCCOLLUM, Betty",20122,D,MN,House,118-H-870,Yea,M001143
"MCCOLLUM, Betty",20122,D,MN,House,118-H-890,Nay,M001143
"MCCOLLUM, Betty",20122,D,MN,House,118-H-935,Nay,M001143
"MCCOLLUM, Betty",20122,D,MN,House,119-H-128,Yea,M001143
"MCCOLLUM, Betty",20122,D,MN,House,119-H-158,Yea,M001143
"MCCOLLUM, Betty",20122,D,MN,House,119-H-526,Yea,M001143
"MCCOLLUM, Betty",20122,D,MN,House,119-H-655,Nay,M001143
"MCCORMICK, Rich",22346,R,GA,House,118-H-1146,Yea,M001218
"MCCORMICK, Rich",22346,R,GA,House,118-H-1194,Not voting,M001218
"MCCORMICK, Rich",22346,R,GA,House,118-H-193,Yea,M001218
"MCCORMICK, Rich",22346,R,GA,House,118-H-241,Yea,M001218
"MCCORMICK, Rich",22346,R,GA,House,118-H-337,Yea,M001218
"MCCORMICK, Rich",22346,R,GA,House,118-H-523,Yea,M001218
"MCCORMICK, Rich",22346,R,GA,House,118-H-556,Yea,M001218
"MCCORMICK, Rich",22346,R,GA,House,118-H-572,Yea,M001218
"MCCORMICK, Rich",22346,R,GA,House,118-H-573,Yea,M001218
"MCCORMICK, Rich",22346,R,GA,House,118-H-617,Yea,M001218
"MCCORMICK, Rich",22346,R,GA,House,118-H-671,Yea,M001218
"MCCORMICK, Rich",22346,R,GA,House,118-H-672,Yea,M001218
"MCCORMICK, Rich",22346,R,GA,House,118-H-692,Yea,M001218
"MCCORMICK, Rich",22346,R,GA,House,118-H-716,Yea,M001218
"MCCORMICK, Rich",22346,R,GA,House,118-H-746,Yea,M001218
"MCCORMICK, Rich",22346,R,GA,House,118-H-756,Yea,M001218
"MCCORMICK, Rich",22346,R,GA,House,118-H-762,Yea,M001218
"MCCORMICK, Rich",22346,R,GA,House,118-H-852,Yea,M001218
"MCCORMICK, Rich",22346,R,GA,House,118-H-859,Yea,M001218
"MCCORMICK, Rich",22346,R,GA,House,118-H-870,Yea,M001218
"MCCORMICK, Rich",22346,R,GA,House,118-H-890,Yea,M001218
"MCCORMICK, Rich",22346,R,GA,House,118-H-935,Yea,M001218
"MCCORMICK, Rich",22346,R,GA,House,119-H-128,Yea,M001218
"MCCORMICK, Rich",22346,R,GA,House,119-H-158,Yea,M001218
"MCCORMICK, Rich",22346,R,GA,House,119-H-526,Yea,M001218
"MCCORMICK, Rich",22346,R,GA,House,119-H-655,Yea,M001218
"MCDONALD RIVET, Kristen",22537,D,MI,House,119-H-128,Yea,M001237
"MCDONALD RIVET, Kristen",22537,D,MI,House,119-H-158,Yea,M001237
"MCDONALD RIVET, Kristen",22537,D,MI,House,119-H-526,Yea,M001237
"MCDONALD RIVET, Kristen",22537,D,MI,House,119-H-655,Nay,M001237
"MCDOWELL, Addison P.",22538,R,NC,House,119-H-128,Yea,M001240
"MCDOWELL, Addison P.",22538,R,NC,House,119-H-158,Yea,M001240
"MCDOWELL, Addison P.",22538,R,NC,House,119-H-526,Yea,M001240
"MCDOWELL, Addison P.",22538,R,NC,House,119-H-655,Not voting,M001240
"MCEACHIN, Aston Donald",21736,D,VA,House,116-H-107,Yea,M001200
"MCEACHIN, Aston Donald",21736,D,VA,House,116-H-28,Yea,M001200
"MCEACHIN, Aston Donald",21736,D,VA,House,116-H-496,Yea,M001200
"MCEACHIN, Aston Donald",21736,D,VA,House,116-H-651,Yea,M001200
"MCEACHIN, Aston Donald",21736,D,VA,House,117-H-274,Yea,M001200
"MCEACHIN, Aston Donald",21736,D,VA,House,117-H-660,Yea,M001200
"MCGARVEY, Morgan",22347,D,KY,House,118-H-1146,Nay,M001220
"MCGARVEY, Morgan",22347,D,KY,House,118-H-1194,Yea,M001220
"MCGARVEY, Morgan",22347,D,KY,House,118-H-193,Yea,M001220
"MCGARVEY, Morgan",22347,D,KY,House,118-H-241,Yea,M001220
"MCGARVEY, Morgan",22347,D,KY,House,118-H-337,Yea,M001220
"MCGARVEY, Morgan",22347,D,KY,House,118-H-523,Yea,M001220
"MCGARVEY, Morgan",22347,D,KY,House,118-H-556,Yea,M001220
"MCGARVEY, Morgan",22347,D,KY,House,118-H-572,Nay,M001220
"MCGARVEY, Morgan",22347,D,KY,House,118-H-573,Yea,M001220
"MCGARVEY, Morgan",22347,D,KY,House,118-H-617,Nay,M001220
"MCGARVEY, Morgan",22347,D,KY,House,118-H-671,Yea,M001220
"MCGARVEY, Morgan",22347,D,KY,House,118-H-672,Yea,M001220
"MCGARVEY, Morgan",22347,D,KY,House,118-H-692,Present,M001220
"MCGARVEY, Morgan",22347,D,KY,House,118-H-716,Nay,M001220
"MCGARVEY, Morgan",22347,D,KY,House,118-H-746,Yea,M001220
"MCGARVEY, Morgan",22347,D,KY,House,118-H-756,Nay,M001220
"MCGARVEY, Morgan",22347,D,KY,House,118-H-762,Yea,M001220
"MCGARVEY, Morgan",22347,D,KY,House,118-H-852,Yea,M001220
"MCGARVEY, Morgan",22347,D,KY,House,118-H-859,Yea,M001220
"MCGARVEY, Morgan",22347,D,KY,House,118-H-870,Yea,M001220
"MCGARVEY, Morgan",22347,D,KY,House,118-H-890,Nay,M001220
"MCGARVEY, Morgan",22347,D,KY,House,118-H-935,Nay,M001220
"MCGARVEY, Morgan",22347,D,KY,House,119-H-128,Yea,M001220
"MCGARVEY, Morgan",22347,D,KY,House,119-H-158,Yea,M001220
"MCGARVEY, Morgan",22347,D,KY,House,119-H-526,Yea,M001220
"MCGARVEY, Morgan",22347,D,KY,House,119-H-655,Nay,M001220
"MCGUIRE, John J., III",22539,R,VA,House,119-H-128,Yea,M001239
"MCGUIRE, John J., III",22539,R,VA,House,119-H-158,Yea,M001239
"MCGUIRE, John J., III",22539,R,VA,House,119-H-526,Yea,M001239
"MCGUIRE, John J., III",22539,R,VA,House,119-H-655,Yea,M001239
"MCIVER, LaMonica",22381,D,NJ,House,118-H-1194,Yea,M001229
"MCIVER, LaMonica",22381,D,NJ,House,119-H-128,Yea,M001229
"MCIVER, LaMonica",22381,D,NJ,House,119-H-158,Yea,M001229
"MCIVER, LaMonica",22381,D,NJ,House,119-H-526,Yea,M001229
"MCIVER, LaMonica",22381,D,NJ,House,119-H-655,Nay,M001229
"MCMORRIS RODGERS, Cathy",20535,R,WA,House,116-H-107,Yea,M001159
"MCMORRIS RODGERS, Cathy",20535,R,WA,House,116-H-28,Yea,M001159
"MCMORRIS RODGERS, Cathy",20535,R,WA,House,116-H-496,Yea,M001159
"MCMORRIS RODGERS, Cathy",20535,R,WA,House,116-H-651,Nay,M001159
"MCMORRIS RODGERS, Cathy",20535,R,WA,House,117-H-274,Yea,M001159
"MCMORRIS RODGERS, Cathy",20535,R,WA,House,117-H-660,Yea,M001159
"MCMORRIS RODGERS, Cathy",20535,R,WA,House,118-H-1146,Yea,M001159
"MCMORRIS RODGERS, Cathy",20535,R,WA,House,118-H-1194,Yea,M001159
"MCMORRIS RODGERS, Cathy",20535,R,WA,House,118-H-193,Yea,M001159
"MCMORRIS RODGERS, Cathy",20535,R,WA,House,118-H-241,Yea,M001159
"MCMORRIS RODGERS, Cathy",20535,R,WA,House,118-H-337,Yea,M001159
"MCMORRIS RODGERS, Cathy",20535,R,WA,House,118-H-523,Yea,M001159
"MCMORRIS RODGERS, Cathy",20535,R,WA,House,118-H-556,Yea,M001159
"MCMORRIS RODGERS, Cathy",20535,R,WA,House,118-H-572,Yea,M001159
"MCMORRIS RODGERS, Cathy",20535,R,WA,House,118-H-573,Yea,M001159
"MCMORRIS RODGERS, Cathy",20535,R,WA,House,118-H-617,Yea,M001159
"MCMORRIS RODGERS, Cathy",20535,R,WA,House,118-H-671,Yea,M001159
"MCMORRIS RODGERS, Cathy",20535,R,WA,House,118-H-672,Yea,M001159
"MCMORRIS RODGERS, Cathy",20535,R,WA,House,118-H-692,Yea,M001159
"MCMORRIS RODGERS, Cathy",20535,R,WA,House,118-H-716,Yea,M001159
"MCMORRIS RODGERS, Cathy",20535,R,WA,House,118-H-746,Yea,M001159
"MCMORRIS RODGERS, Cathy",20535,R,WA,House,118-H-756,Yea,M001159
"MCMORRIS RODGERS, Cathy",20535,R,WA,House,118-H-762,Yea,M001159
"MCMORRIS RODGERS, Cathy",20535,R,WA,House,118-H-852,Yea,M001159
"MCMORRIS RODGERS, Cathy",20535,R,WA,House,118-H-859,Yea,M001159
"MCMORRIS RODGERS, Cathy",20535,R,WA,House,118-H-870,Yea,M001159
"MCMORRIS RODGERS, Cathy",20535,R,WA,House,118-H-890,Yea,M001159
"MCMORRIS RODGERS, Cathy",20535,R,WA,House,118-H-935,Yea,M001159
"MCNERNEY, Jerry",20702,D,CA,House,116-H-107,Yea,M001166
"MCNERNEY, Jerry",20702,D,CA,House,116-H-28,Yea,M001166
"MCNERNEY, Jerry",20702,D,CA,House,116-H-496,Yea,M001166
"MCNERNEY, Jerry",20702,D,CA,House,116-H-651,Yea,M001166
"MCNERNEY, Jerry",20702,D,CA,House,117-H-274,Yea,M001166
"MCNERNEY, Jerry",20702,D,CA,House,117-H-660,Yea,M001166
"MEADOWS, Mark",21348,R,NC,House,116-H-107,Yea,M001187
"MEADOWS, Mark",21348,R,NC,House,116-H-28,Yea,M001187
"MEADOWS, Mark",21348,R,NC,House,116-H-496,Yea,M001187
"MEADOWS, Mark",21348,R,NC,House,116-H-651,Nay,M001187
"MEEKS, Gregory W.",29776,D,NY,House,116-H-107,Yea,M001137
"MEEKS, Gregory W.",29776,D,NY,House,116-H-28,Yea,M001137
"MEEKS, Gregory W.",29776,D,NY,House,116-H-496,Yea,M001137
"MEEKS, Gregory W.",29776,D,NY,House,116-H-651,Yea,M001137
"MEEKS, Gregory W.",29776,D,NY,House,117-H-274,Yea,M001137
"MEEKS, Gregory W.",29776,D,NY,House,117-H-660,Yea,M001137
"MEEKS, Gregory W.",29776,D,NY,House,118-H-1146,Nay,M001137
"MEEKS, Gregory W.",29776,D,NY,House,118-H-1194,Yea,M001137
"MEEKS, Gregory W.",29776,D,NY,House,118-H-193,Yea,M001137
"MEEKS, Gregory W.",29776,D,NY,House,118-H-241,Yea,M001137
"MEEKS, Gregory W.",29776,D,NY,House,118-H-337,Yea,M001137
"MEEKS, Gregory W.",29776,D,NY,House,118-H-523,Yea,M001137
"MEEKS, Gregory W.",29776,D,NY,House,118-H-556,Yea,M001137
"MEEKS, Gregory W.",29776,D,NY,House,118-H-572,Nay,M001137
"MEEKS, Gregory W.",29776,D,NY,House,118-H-573,Yea,M001137
"MEEKS, Gregory W.",29776,D,NY,House,118-H-617,Nay,M001137
"MEEKS, Gregory W.",29776,D,NY,House,118-H-671,Yea,M001137
"MEEKS, Gregory W.",29776,D,NY,House,118-H-672,Yea,M001137
"MEEKS, Gregory W.",29776,D,NY,House,118-H-692,Present,M001137
"MEEKS, Gregory W.",29776,D,NY,House,118-H-716,Nay,M001137
"MEEKS, Gregory W.",29776,D,NY,House,118-H-746,Yea,M001137
"MEEKS, Gregory W.",29776,D,NY,House,118-H-756,Nay,M001137
"MEEKS, Gregory W.",29776,D,NY,House,118-H-762,Yea,M001137
"MEEKS, Gregory W.",29776,D,NY,House,118-H-852,Yea,M001137
"MEEKS, Gregory W.",29776,D,NY,House,118-H-859,Yea,M001137
"MEEKS, Gregory W.",29776,D,NY,House,118-H-870,Yea,M001137
"MEEKS, Gregory W.",29776,D,NY,House,118-H-890,Yea,M001137
"MEEKS, Gregory W.",29776,D,NY,House,118-H-935,Nay,M001137
"MEEKS, Gregory W.",29776,D,NY,House,119-H-128,Yea,M001137
"MEEKS, Gregory W.",29776,D,NY,House,119-H-158,Yea,M001137
"MEEKS, Gregory W.",29776,D,NY,House,119-H-526,Yea,M001137
"MEEKS, Gregory W.",29776,D,NY,House,119-H-655,Nay,M001137
"MENENDEZ, Robert",22348,D,NJ,House,118-H-1146,Nay,M001226
"MENENDEZ, Robert",22348,D,NJ,House,118-H-1194,Yea,M001226
"MENENDEZ, Robert",22348,D,NJ,House,118-H-193,Yea,M001226
"MENENDEZ, Robert",22348,D,NJ,House,118-H-241,Yea,M001226
"MENENDEZ, Robert",22348,D,NJ,House,118-H-337,Yea,M001226
"MENENDEZ, Robert",22348,D,NJ,House,118-H-523,Yea,M001226
"MENENDEZ, Robert",22348,D,NJ,House,118-H-556,Yea,M001226
"MENENDEZ, Robert",22348,D,NJ,House,118-H-572,Nay,M001226
"MENENDEZ, Robert",22348,D,NJ,House,118-H-573,Yea,M001226
"MENENDEZ, Robert",22348,D,NJ,House,118-H-617,Nay,M001226
"MENENDEZ, Robert",22348,D,NJ,House,118-H-671,Yea,M001226
"MENENDEZ, Robert",22348,D,NJ,House,118-H-672,Yea,M001226
"MENENDEZ, Robert",22348,D,NJ,House,118-H-692,Present,M001226
"MENENDEZ, Robert",22348,D,NJ,House,118-H-716,Nay,M001226
"MENENDEZ, Robert",22348,D,NJ,House,118-H-746,Yea,M001226
"MENENDEZ, Robert",22348,D,NJ,House,118-H-756,Yea,M001226
"MENENDEZ, Robert",22348,D,NJ,House,118-H-762,Yea,M001226
"MENENDEZ, Robert",22348,D,NJ,House,118-H-852,Yea,M001226
"MENENDEZ, Robert",22348,D,NJ,House,118-H-859,Yea,M001226
"MENENDEZ, Robert",22348,D,NJ,House,118-H-870,Yea,M001226
"MENENDEZ, Robert",22348,D,NJ,House,118-H-890,Yea,M001226
"MENENDEZ, Robert",22348,D,NJ,House,118-H-935,Nay,M001226
"MENENDEZ, Robert",22348,D,NJ,House,119-H-128,Yea,M001226
"MENENDEZ, Robert",22348,D,NJ,House,119-H-158,Yea,M001226
"MENENDEZ, Robert",22348,D,NJ,House,119-H-526,Yea,M001226
"MENENDEZ, Robert",22348,D,NJ,House,119-H-655,Nay,M001226
"MENG, Grace",21342,D,NY,House,116-H-107,Yea,M001188
"MENG, Grace",21342,D,NY,House,116-H-28,Yea,M001188
"MENG, Grace",21342,D,NY,House,116-H-496,Yea,M001188
"MENG, Grace",21342,D,NY,House,116-H-651,Yea,M001188
"MENG, Grace",21342,D,NY,House,117-H-274,Yea,M001188
"MENG, Grace",21342,D,NY,House,117-H-660,Yea,M001188
"MENG, Grace",21342,D,NY,House,118-H-1146,Yea,M001188
"MENG, Grace",21342,D,NY,House,118-H-1194,Yea,M001188
"MENG, Grace",21342,D,NY,House,118-H-193,Yea,M001188
"MENG, Grace",21342,D,NY,House,118-H-241,Yea,M001188
"MENG, Grace",21342,D,NY,House,118-H-337,Yea,M001188
"MENG, Grace",21342,D,NY,House,118-H-523,Yea,M001188
"MENG, Grace",21342,D,NY,House,118-H-556,Yea,M001188
"MENG, Grace",21342,D,NY,House,118-H-572,Nay,M001188
"MENG, Grace",21342,D,NY,House,118-H-573,Yea,M001188
"MENG, Grace",21342,D,NY,House,118-H-617,Nay,M001188
"MENG, Grace",21342,D,NY,House,118-H-671,Yea,M001188
"MENG, Grace",21342,D,NY,House,118-H-672,Yea,M001188
"MENG, Grace",21342,D,NY,House,118-H-692,Present,M001188
"MENG, Grace",21342,D,NY,House,118-H-716,Yea,M001188
"MENG, Grace",21342,D,NY,House,118-H-746,Yea,M001188
"MENG, Grace",21342,D,NY,House,118-H-756,Yea,M001188
"MENG, Grace",21342,D,NY,House,118-H-762,Yea,M001188
"MENG, Grace",21342,D,NY,House,118-H-852,Yea,M001188
"MENG, Grace",21342,D,NY,House,118-H-859,Yea,M001188
"MENG, Grace",21342,D,NY,House,118-H-870,Yea,M001188
"MENG, Grace",21342,D,NY,House,118-H-890,Yea,M001188
"MENG, Grace",21342,D,NY,House,118-H-935,Nay,M001188
"MENG, Grace",21342,D,NY,House,119-H-128,Yea,M001188
"MENG, Grace",21342,D,NY,House,119-H-158,Yea,M001188
"MENG, Grace",21342,D,NY,House,119-H-526,Yea,M001188
"MENG, Grace",21342,D,NY,House,119-H-655,Nay,M001188
"MESSMER, Mark B.",22540,R,IN,House,119-H-128,Yea,M001233
"MESSMER, Mark B.",22540,R,IN,House,119-H-158,Yea,M001233
"MESSMER, Mark B.",22540,R,IN,House,119-H-526,Yea,M001233
"MESSMER, Mark B.",22540,R,IN,House,119-H-655,Yea,M001233
"MEUSER, Dan",21945,R,PA,House,116-H-107,Yea,M001204
"MEUSER, Dan",21945,R,PA,House,116-H-28,Yea,M001204
"MEUSER, Dan",21945,R,PA,House,116-H-496,Yea,M001204
"MEUSER, Dan",21945,R,PA,House,116-H-651,Nay,M001204
"MEUSER, Dan",21945,R,PA,House,117-H-274,Yea,M001204
"MEUSER, Dan",21945,R,PA,House,117-H-660,Yea,M001204
"MEUSER, Dan",21945,R,PA,House,118-H-1146,Yea,M001204
"MEUSER, Dan",21945,R,PA,House,118-H-1194,Yea,M001204
"MEUSER, Dan",21945,R,PA,House,118-H-193,Yea,M001204
"MEUSER, Dan",21945,R,PA,House,118-H-241,Yea,M001204
"MEUSER, Dan",21945,R,PA,House,118-H-337,Yea,M001204
"MEUSER, Dan",21945,R,PA,House,118-H-523,Yea,M001204
"MEUSER, Dan",21945,R,PA,House,118-H-556,Yea,M001204
"MEUSER, Dan",21945,R,PA,House,118-H-572,Yea,M001204
"MEUSER, Dan",21945,R,PA,House,118-H-573,Yea,M001204
"MEUSER, Dan",21945,R,PA,House,118-H-617,Yea,M001204
"MEUSER, Dan",21945,R,PA,House,118-H-671,Yea,M001204
"MEUSER, Dan",21945,R,PA,House,118-H-672,Yea,M001204
"MEUSER, Dan",21945,R,PA,House,118-H-692,Yea,M001204
"MEUSER, Dan",21945,R,PA,House,118-H-716,Yea,M001204
"MEUSER, Dan",21945,R,PA,House,118-H-746,Yea,M001204
"MEUSER, Dan",21945,R,PA,House,118-H-756,Yea,M001204
"MEUSER, Dan",21945,R,PA,House,118-H-762,Yea,M001204
"MEUSER, Dan",21945,R,PA,House,118-H-852,Yea,M001204
"MEUSER, Dan",21945,R,PA,House,118-H-859,Yea,M001204
"MEUSER, Dan",21945,R,PA,House,118-H-870,Yea,M001204
"MEUSER, Dan",21945,R,PA,House,118-H-890,Yea,M001204
"MEUSER, Dan",21945,R,PA,House,118-H-935,Yea,M001204
"MEUSER, Dan",21945,R,PA,House,119-H-128,Yea,M001204
"MEUSER, Dan",21945,R,PA,House,119-H-158,Yea,M001204
"MEUSER, Dan",21945,R,PA,House,119-H-526,Yea,M001204
"MEUSER, Dan",21945,R,PA,House,119-H-655,Yea,M001204
"MFUME, Kweisi",15433,D,MD,House,117-H-274,Yea,M000687
"MFUME, Kweisi",15433,D,MD,House,117-H-660,Yea,M000687
"MFUME, Kweisi",15433,D,MD,House,118-H-1146,Nay,M000687
"MFUME, Kweisi",15433,D,MD,House,118-H-1194,Yea,M000687
"MFUME, Kweisi",15433,D,MD,House,118-H-193,Yea,M000687
"MFUME, Kweisi",15433,D,MD,House,118-H-241,Yea,M000687
"MFUME, Kweisi",15433,D,MD,House,118-H-337,Yea,M000687
"MFUME, Kweisi",15433,D,MD,House,118-H-523,Yea,M000687
"MFUME, Kweisi",15433,D,MD,House,118-H-556,Yea,M000687
"MFUME, Kweisi",15433,D,MD,House,118-H-572,Nay,M000687
"MFUME, Kweisi",15433,D,MD,House,118-H-573,Yea,M000687
"MFUME, Kweisi",15433,D,MD,House,118-H-617,Nay,M000687
"MFUME, Kweisi",15433,D,MD,House,118-H-671,Yea,M000687
"MFUME, Kweisi",15433,D,MD,House,118-H-672,Yea,M000687
"MFUME, Kweisi",15433,D,MD,House,118-H-692,Yea,M000687
"MFUME, Kweisi",15433,D,MD,House,118-H-716,Nay,M000687
"MFUME, Kweisi",15433,D,MD,House,118-H-746,Yea,M000687
"MFUME, Kweisi",15433,D,MD,House,118-H-756,Nay,M000687
"MFUME, Kweisi",15433,D,MD,House,118-H-762,Yea,M000687
"MFUME, Kweisi",15433,D,MD,House,118-H-852,Yea,M000687
"MFUME, Kweisi",15433,D,MD,House,118-H-859,Yea,M000687
"MFUME, Kweisi",15433,D,MD,House,118-H-870,Yea,M000687
"MFUME, Kweisi",15433,D,MD,House,118-H-890,Yea,M000687
"MFUME, Kweisi",15433,D,MD,House,118-H-935,Nay,M000687
"MFUME, Kweisi",15433,D,MD,House,119-H-128,Yea,M000687
"MFUME, Kweisi",15433,D,MD,House,119-H-158,Yea,M000687
"MFUME, Kweisi",15433,D,MD,House,119-H-526,Yea,M000687
"MFUME, Kweisi",15433,D,MD,House,119-H-655,Nay,M000687
"MILLER, Carol",21946,R,WV,House,116-H-107,Yea,M001205
"MILLER, Carol",21946,R,WV,House,116-H-28,Yea,M001205
"MILLER, Carol",21946,R,WV,House,116-H-496,Yea,M001205
"MILLER, Carol",21946,R,WV,House,116-H-651,Nay,M001205
"MILLER, Carol",21946,R,WV,House,117-H-274,Yea,M001205
"MILLER, Carol",21946,R,WV,House,117-H-660,Yea,M001205
"MILLER, Carol",21946,R,WV,House,118-H-1146,Yea,M001205
"MILLER, Carol",21946,R,WV,House,118-H-1194,Yea,M001205
"MILLER, Carol",21946,R,WV,House,118-H-193,Yea,M001205
"MILLER, Carol",21946,R,WV,House,118-H-241,Yea,M001205
"MILLER, Carol",21946,R,WV,House,118-H-337,Yea,M001205
"MILLER, Carol",21946,R,WV,House,118-H-523,Yea,M001205
"MILLER, Carol",21946,R,WV,House,118-H-556,Yea,M001205
"MILLER, Carol",21946,R,WV,House,118-H-572,Yea,M001205
"MILLER, Carol",21946,R,WV,House,118-H-573,Yea,M001205
"MILLER, Carol",21946,R,WV,House,118-H-617,Yea,M001205
"MILLER, Carol",21946,R,WV,House,118-H-671,Yea,M001205
"MILLER, Carol",21946,R,WV,House,118-H-672,Yea,M001205
"MILLER, Carol",21946,R,WV,House,118-H-692,Not voting,M001205
"MILLER, Carol",21946,R,WV,House,118-H-716,Yea,M001205
"MILLER, Carol",21946,R,WV,House,118-H-746,Yea,M001205
"MILLER, Carol",21946,R,WV,House,118-H-756,Yea,M001205
"MILLER, Carol",21946,R,WV,House,118-H-762,Yea,M001205
"MILLER, Carol",21946,R,WV,House,118-H-852,Yea,M001205
"MILLER, Carol",21946,R,WV,House,118-H-859,Yea,M001205
"MILLER, Carol",21946,R,WV,House,118-H-870,Yea,M001205
"MILLER, Carol",21946,R,WV,House,118-H-890,Yea,M001205
"MILLER, Carol",21946,R,WV,House,118-H-935,Yea,M001205
"MILLER, Carol",21946,R,WV,House,119-H-128,Yea,M001205
"MILLER, Carol",21946,R,WV,House,119-H-158,Yea,M001205
"MILLER, Carol",21946,R,WV,House,119-H-526,Yea,M001205
"MILLER, Carol",21946,R,WV,House,119-H-655,Yea,M001205
"MILLER, Mary E.",22138,R,IL,House,117-H-274,Yea,M001211
"MILLER, Mary E.",22138,R,IL,House,117-H-660,Yea,M001211
"MILLER, Mary E.",22138,R,IL,House,118-H-1146,Yea,M001211
"MILLER, Mary E.",22138,R,IL,House,118-H-1194,Yea,M001211
"MILLER, Mary E.",22138,R,IL,House,118-H-193,Yea,M001211
"MILLER, Mary E.",22138,R,IL,House,118-H-241,Yea,M001211
"MILLER, Mary E.",22138,R,IL,House,118-H-337,Yea,M001211
"MILLER, Mary E.",22138,R,IL,House,118-H-523,Yea,M001211
"MILLER, Mary E.",22138,R,IL,House,118-H-556,Yea,M001211
"MILLER, Mary E.",22138,R,IL,House,118-H-572,Yea,M001211
"MILLER, Mary E.",22138,R,IL,House,118-H-573,Yea,M001211
"MILLER, Mary E.",22138,R,IL,House,118-H-617,Yea,M001211
"MILLER, Mary E.",22138,R,IL,House,118-H-671,Yea,M001211
"MILLER, Mary E.",22138,R,IL,House,118-H-672,Yea,M001211
"MILLER, Mary E.",22138,R,IL,House,118-H-692,Yea,M001211
"MILLER, Mary E.",22138,R,IL,House,118-H-716,Yea,M001211
"MILLER, Mary E.",22138,R,IL,House,118-H-746,Yea,M001211
"MILLER, Mary E.",22138,R,IL,House,118-H-756,Yea,M001211
"MILLER, Mary E.",22138,R,IL,House,118-H-762,Yea,M001211
"MILLER, Mary E.",22138,R,IL,House,118-H-852,Yea,M001211
"MILLER, Mary E.",22138,R,IL,House,118-H-859,Yea,M001211
"MILLER, Mary E.",22138,R,IL,House,118-H-870,Yea,M001211
"MILLER, Mary E.",22138,R,IL,House,118-H-890,Yea,M001211
"MILLER, Mary E.",22138,R,IL,House,118-H-935,Yea,M001211
"MILLER, Mary E.",22138,R,IL,House,119-H-128,Yea,M001211
"MILLER, Mary E.",22138,R,IL,House,119-H-158,Yea,M001211
"MILLER, Mary E.",22138,R,IL,House,119-H-526,Yea,M001211
"MILLER, Mary E.",22138,R,IL,House,119-H-655,Not voting,M001211
"MILLER, Max",22349,R,OH,House,118-H-1146,Yea,M001222
"MILLER, Max",22349,R,OH,House,118-H-1194,Yea,M001222
"MILLER, Max",22349,R,OH,House,118-H-193,Yea,M001222
"MILLER, Max",22349,R,OH,House,118-H-241,Yea,M001222
"MILLER, Max",22349,R,OH,House,118-H-337,Yea,M001222
"MILLER, Max",22349,R,OH,House,118-H-523,Yea,M001222
"MILLER, Max",22349,R,OH,House,118-H-556,Yea,M001222
"MILLER, Max",22349,R,OH,House,118-H-572,Yea,M001222
"MILLER, Max",22349,R,OH,House,118-H-573,Yea,M001222
"MILLER, Max",22349,R,OH,House,118-H-617,Yea,M001222
"MILLER, Max",22349,R,OH,House,118-H-671,Yea,M001222
"MILLER, Max",22349,R,OH,House,118-H-672,Yea,M001222
"MILLER, Max",22349,R,OH,House,118-H-692,Yea,M001222
"MILLER, Max",22349,R,OH,House,118-H-716,Yea,M001222
"MILLER, Max",22349,R,OH,House,118-H-746,Yea,M001222
"MILLER, Max",22349,R,OH,House,118-H-756,Yea,M001222
"MILLER, Max",22349,R,OH,House,118-H-762,Yea,M001222
"MILLER, Max",22349,R,OH,House,118-H-852,Yea,M001222
"MILLER, Max",22349,R,OH,House,118-H-859,Yea,M001222
"MILLER, Max",22349,R,OH,House,118-H-870,Yea,M001222
"MILLER, Max",22349,R,OH,House,118-H-890,Yea,M001222
"MILLER, Max",22349,R,OH,House,118-H-935,Yea,M001222
"MILLER, Max",22349,R,OH,House,119-H-128,Yea,M001222
"MILLER, Max",22349,R,OH,House,119-H-158,Yea,M001222
"MILLER, Max",22349,R,OH,House,119-H-526,Yea,M001222
"MILLER, Max",22349,R,OH,House,119-H-655,Yea,M001222
"MILLER-MEEKS, Mariannette",22139,R,IA,House,117-H-274,Yea,M001215
"MILLER-MEEKS, Mariannette",22139,R,IA,House,117-H-660,Yea,M001215
"MILLER-MEEKS, Mariannette",22139,R,IA,House,118-H-1146,Yea,M001215
"MILLER-MEEKS, Mariannette",22139,R,IA,House,118-H-1194,Yea,M001215
"MILLER-MEEKS, Mariannette",22139,R,IA,House,118-H-193,Yea,M001215
"MILLER-MEEKS, Mariannette",22139,R,IA,House,118-H-241,Yea,M001215
"MILLER-MEEKS, Mariannette",22139,R,IA,House,118-H-337,Yea,M001215
"MILLER-MEEKS, Mariannette",22139,R,IA,House,118-H-523,Yea,M001215
"MILLER-MEEKS, Mariannette",22139,R,IA,House,118-H-556,Yea,M001215
"MILLER-MEEKS, Mariannette",22139,R,IA,House,118-H-572,Yea,M001215
"MILLER-MEEKS, Mariannette",22139,R,IA,House,118-H-573,Yea,M001215
"MILLER-MEEKS, Mariannette",22139,R,IA,House,118-H-617,Yea,M001215
"MILLER-MEEKS, Mariannette",22139,R,IA,House,118-H-671,Yea,M001215
"MILLER-MEEKS, Mariannette",22139,R,IA,House,118-H-672,Yea,M001215
"MILLER-MEEKS, Mariannette",22139,R,IA,House,118-H-692,Yea,M001215
"MILLER-MEEKS, Mariannette",22139,R,IA,House,118-H-716,Yea,M001215
"MILLER-MEEKS, Mariannette",22139,R,IA,House,118-H-746,Yea,M001215
"MILLER-MEEKS, Mariannette",22139,R,IA,House,118-H-756,Yea,M001215
"MILLER-MEEKS, Mariannette",22139,R,IA,House,118-H-762,Yea,M001215
"MILLER-MEEKS, Mariannette",22139,R,IA,House,118-H-852,Yea,M001215
"MILLER-MEEKS, Mariannette",22139,R,IA,House,118-H-859,Yea,M001215
"MILLER-MEEKS, Mariannette",22139,R,IA,House,118-H-870,Yea,M001215
"MILLER-MEEKS, Mariannette",22139,R,IA,House,118-H-890,Yea,M001215
"MILLER-MEEKS, Mariannette",22139,R,IA,House,118-H-935,Yea,M001215
"MILLER-MEEKS, Mariannette",22139,R,IA,House,119-H-128,Yea,M001215
"MILLER-MEEKS, Mariannette",22139,R,IA,House,119-H-158,Yea,M001215
"MILLER-MEEKS, Mariannette",22139,R,IA,House,119-H-526,Yea,M001215
"MILLER-MEEKS, Mariannette",22139,R,IA,House,119-H-655,Not voting,M001215
"MILLS, Cory",22350,R,FL,House,118-H-1146,Yea,M001216
"MILLS, Cory",22350,R,FL,House,118-H-1194,Yea,M001216
"MILLS, Cory",22350,R,FL,House,118-H-193,Yea,M001216
"MILLS, Cory",22350,R,FL,House,118-H-241,Yea,M001216
"MILLS, Cory",22350,R,FL,House,118-H-337,Yea,M001216
"MILLS, Cory",22350,R,FL,House,118-H-523,Yea,M001216
"MILLS, Cory",22350,R,FL,House,118-H-556,Yea,M001216
"MILLS, Cory",22350,R,FL,House,118-H-572,Yea,M001216
"MILLS, Cory",22350,R,FL,House,118-H-573,Yea,M001216
"MILLS, Cory",22350,R,FL,House,118-H-617,Yea,M001216
"MILLS, Cory",22350,R,FL,House,118-H-671,Yea,M001216
"MILLS, Cory",22350,R,FL,House,118-H-672,Yea,M001216
"MILLS, Cory",22350,R,FL,House,118-H-692,Yea,M001216
"MILLS, Cory",22350,R,FL,House,118-H-716,Yea,M001216
"MILLS, Cory",22350,R,FL,House,118-H-746,Yea,M001216
"MILLS, Cory",22350,R,FL,House,118-H-756,Nay,M001216
"MILLS, Cory",22350,R,FL,House,118-H-762,Yea,M001216
"MILLS, Cory",22350,R,FL,House,118-H-852,Yea,M001216
"MILLS, Cory",22350,R,FL,House,118-H-859,Yea,M001216
"MILLS, Cory",22350,R,FL,House,118-H-870,Nay,M001216
"MILLS, Cory",22350,R,FL,House,118-H-890,Yea,M001216
"MILLS, Cory",22350,R,FL,House,118-H-935,Yea,M001216
"MILLS, Cory",22350,R,FL,House,119-H-128,Yea,M001216
"MILLS, Cory",22350,R,FL,House,119-H-158,Yea,M001216
"MILLS, Cory",22350,R,FL,House,119-H-526,Yea,M001216
"MILLS, Cory",22350,R,FL,House,119-H-655,Not voting,M001216
"MIN, Dave",22541,D,CA,House,119-H-128,Yea,M001241
"MIN, Dave",22541,D,CA,House,119-H-158,Yea,M001241
"MIN, Dave",22541,D,CA,House,119-H-526,Yea,M001241
"MIN, Dave",22541,D,CA,House,119-H-655,Not voting,M001241
"MITCHELL, Paul",21737,R,MI,House,116-H-107,Yea,M001201
"MITCHELL, Paul",21737,R,MI,House,116-H-28,Yea,M001201
"MITCHELL, Paul",21737,R,MI,House,116-H-496,Yea,M001201
"MITCHELL, Paul",21737,R,MI,House,116-H-651,Nay,M001201
"MOLINARO, Marcus",22351,R,NY,House,118-H-1146,Yea,M001221
"MOLINARO, Marcus",22351,R,NY,House,118-H-1194,Yea,M001221
"MOLINARO, Marcus",22351,R,NY,House,118-H-193,Yea,M001221
"MOLINARO, Marcus",22351,R,NY,House,118-H-241,Yea,M001221
"MOLINARO, Marcus",22351,R,NY,House,118-H-337,Yea,M001221
"MOLINARO, Marcus",22351,R,NY,House,118-H-523,Yea,M001221
"MOLINARO, Marcus",22351,R,NY,House,118-H-556,Yea,M001221
"MOLINARO, Marcus",22351,R,NY,House,118-H-572,Yea,M001221
"MOLINARO, Marcus",22351,R,NY,House,118-H-573,Yea,M001221
"MOLINARO, Marcus",22351,R,NY,House,118-H-617,Yea,M001221
"MOLINARO, Marcus",22351,R,NY,House,118-H-671,Yea,M001221
"MOLINARO, Marcus",22351,R,NY,House,118-H-672,Yea,M001221
"MOLINARO, Marcus",22351,R,NY,House,118-H-692,Yea,M001221
"MOLINARO, Marcus",22351,R,NY,House,118-H-716,Yea,M001221
"MOLINARO, Marcus",22351,R,NY,House,118-H-746,Yea,M001221
"MOLINARO, Marcus",22351,R,NY,House,118-H-756,Yea,M001221
"MOLINARO, Marcus",22351,R,NY,House,118-H-762,Yea,M001221
"MOLINARO, Marcus",22351,R,NY,House,118-H-852,Yea,M001221
"MOLINARO, Marcus",22351,R,NY,House,118-H-859,Not voting,M001221
"MOLINARO, Marcus",22351,R,NY,House,118-H-870,Yea,M001221
"MOLINARO, Marcus",22351,R,NY,House,118-H-890,Yea,M001221
"MOLINARO, Marcus",22351,R,NY,House,118-H-935,Yea,M001221
"MOOLENAAR, John",21526,R,MI,House,116-H-107,Yea,M001194
"MOOLENAAR, John",21526,R,MI,House,116-H-28,Yea,M001194
"MOOLENAAR, John",21526,R,MI,House,116-H-496,Yea,M001194
"MOOLENAAR, John",21526,R,MI,House,116-H-651,Nay,M001194
"MOOLENAAR, John",21526,R,MI,House,117-H-274,Yea,M001194
"MOOLENAAR, John",21526,R,MI,House,117-H-660,Yea,M001194
"MOOLENAAR, John",21526,R,MI,House,118-H-1146,Yea,M001194
"MOOLENAAR, John",21526,R,MI,House,118-H-1194,Yea,M001194
"MOOLENAAR, John",21526,R,MI,House,118-H-193,Yea,M001194
"MOOLENAAR, John",21526,R,MI,House,118-H-241,Yea,M001194
"MOOLENAAR, John",21526,R,MI,House,118-H-337,Yea,M001194
"MOOLENAAR, John",21526,R,MI,House,118-H-523,Yea,M001194
"MOOLENAAR, John",21526,R,MI,House,118-H-556,Yea,M001194
"MOOLENAAR, John",21526,R,MI,House,118-H-572,Yea,M001194
"MOOLENAAR, John",21526,R,MI,House,118-H-573,Yea,M001194
"MOOLENAAR, John",21526,R,MI,House,118-H-617,Yea,M001194
"MOOLENAAR, John",21526,R,MI,House,118-H-671,Yea,M001194
"MOOLENAAR, John",21526,R,MI,House,118-H-672,Yea,M001194
"MOOLENAAR, John",21526,R,MI,House,118-H-692,Yea,M001194
"MOOLENAAR, John",21526,R,MI,House,118-H-716,Yea,M001194
"MOOLENAAR, John",21526,R,MI,House,118-H-746,Yea,M001194
"MOOLENAAR, John",21526,R,MI,House,118-H-756,Yea,M001194
"MOOLENAAR, John",21526,R,MI,House,118-H-762,Yea,M001194
"MOOLENAAR, John",21526,R,MI,House,118-H-852,Yea,M001194
"MOOLENAAR, John",21526,R,MI,House,118-H-859,Yea,M001194
"MOOLENAAR, John",21526,R,MI,House,118-H-870,Yea,M001194
"MOOLENAAR, John",21526,R,MI,House,118-H-890,Yea,M001194
"MOOLENAAR, John",21526,R,MI,House,118-H-935,Yea,M001194
"MOOLENAAR, John",21526,R,MI,House,119-H-128,Yea,M001194
"MOOLENAAR, John",21526,R,MI,House,119-H-158,Yea,M001194
"MOOLENAAR, John",21526,R,MI,House,119-H-526,Yea,M001194
"MOOLENAAR, John",21526,R,MI,House,119-H-655,Yea,M001194
"MOONEY, Alex X.",21557,R,WV,House,116-H-107,Yea,M001195
"MOONEY, Alex X.",21557,R,WV,House,116-H-28,Yea,M001195
"MOONEY, Alex X.",21557,R,WV,House,116-H-496,Yea,M001195
"MOONEY, Alex X.",21557,R,WV,House,116-H-651,Nay,M001195
"MOONEY, Alex X.",21557,R,WV,House,117-H-274,Yea,M001195
"MOONEY, Alex X.",21557,R,WV,House,117-H-660,Yea,M001195
"MOONEY, Alex X.",21557,R,WV,House,118-H-1146,Yea,M001195
"MOONEY, Alex X.",21557,R,WV,House,118-H-1194,Yea,M001195
"MOONEY, Alex X.",21557,R,WV,House,118-H-193,Yea,M001195
"MOONEY, Alex X.",21557,R,WV,House,118-H-241,Yea,M001195
"MOONEY, Alex X.",21557,R,WV,House,118-H-337,Yea,M001195
"MOONEY, Alex X.",21557,R,WV,House,118-H-523,Yea,M001195
"MOONEY, Alex X.",21557,R,WV,House,118-H-556,Yea,M001195
"MOONEY, Alex X.",21557,R,WV,House,118-H-572,Yea,M001195
"MOONEY, Alex X.",21557,R,WV,House,118-H-573,Yea,M001195
"MOONEY, Alex X.",21557,R,WV,House,118-H-617,Yea,M001195
"MOONEY, Alex X.",21557,R,WV,House,118-H-671,Yea,M001195
"MOONEY, Alex X.",21557,R,WV,House,118-H-672,Yea,M001195
"MOONEY, Alex X.",21557,R,WV,House,118-H-692,Yea,M001195
"MOONEY, Alex X.",21557,R,WV,House,118-H-716,Yea,M001195
"MOONEY, Alex X.",21557,R,WV,House,118-H-746,Yea,M001195
"MOONEY, Alex X.",21557,R,WV,House,118-H-756,Yea,M001195
"MOONEY, Alex X.",21557,R,WV,House,118-H-762,Yea,M001195
"MOONEY, Alex X.",21557,R,WV,House,118-H-852,Yea,M001195
"MOONEY, Alex X.",21557,R,WV,House,118-H-859,Not voting,M001195
"MOONEY, Alex X.",21557,R,WV,House,118-H-870,Not voting,M001195
"MOONEY, Alex X.",21557,R,WV,House,118-H-890,Yea,M001195
"MOONEY, Alex X.",21557,R,WV,House,118-H-935,Yea,M001195
"MOORE, Barry",22140,R,AL,House,117-H-274,Yea,M001212
"MOORE, Barry",22140,R,AL,House,117-H-660,Yea,M001212
"MOORE, Barry",22140,R,AL,House,118-H-1146,Yea,M001212
"MOORE, Barry",22140,R,AL,House,118-H-1194,Yea,M001212
"MOORE, Barry",22140,R,AL,House,118-H-193,Yea,M001212
"MOORE, Barry",22140,R,AL,House,118-H-241,Yea,M001212
"MOORE, Barry",22140,R,AL,House,118-H-337,Yea,M001212
"MOORE, Barry",22140,R,AL,House,118-H-523,Yea,M001212
"MOORE, Barry",22140,R,AL,House,118-H-556,Yea,M001212
"MOORE, Barry",22140,R,AL,House,118-H-572,Yea,M001212
"MOORE, Barry",22140,R,AL,House,118-H-573,Yea,M001212
"MOORE, Barry",22140,R,AL,House,118-H-617,Yea,M001212
"MOORE, Barry",22140,R,AL,House,118-H-671,Yea,M001212
"MOORE, Barry",22140,R,AL,House,118-H-672,Yea,M001212
"MOORE, Barry",22140,R,AL,House,118-H-692,Yea,M001212
"MOORE, Barry",22140,R,AL,House,118-H-716,Yea,M001212
"MOORE, Barry",22140,R,AL,House,118-H-746,Yea,M001212
"MOORE, Barry",22140,R,AL,House,118-H-756,Yea,M001212
"MOORE, Barry",22140,R,AL,House,118-H-762,Yea,M001212
"MOORE, Barry",22140,R,AL,House,118-H-852,Yea,M001212
"MOORE, Barry",22140,R,AL,House,118-H-859,Yea,M001212
"MOORE, Barry",22140,R,AL,House,118-H-870,Yea,M001212
"MOORE, Barry",22140,R,AL,House,118-H-890,Yea,M001212
"MOORE, Barry",22140,R,AL,House,118-H-935,Yea,M001212
"MOORE, Barry",22140,R,AL,House,119-H-128,Yea,M001212
"MOORE, Barry",22140,R,AL,House,119-H-158,Yea,M001212
"MOORE, Barry",22140,R,AL,House,119-H-526,Yea,M001212
"MOORE, Barry",22140,R,AL,House,119-H-655,Yea,M001212
"MOORE, Blake D.",22141,R,UT,House,117-H-274,Yea,M001213
"MOORE, Blake D.",22141,R,UT,House,117-H-660,Yea,M001213
"MOORE, Blake D.",22141,R,UT,House,118-H-1146,Yea,M001213
"MOORE, Blake D.",22141,R,UT,House,118-H-1194,Yea,M001213
"MOORE, Blake D.",22141,R,UT,House,118-H-193,Yea,M001213
"MOORE, Blake D.",22141,R,UT,House,118-H-241,Yea,M001213
"MOORE, Blake D.",22141,R,UT,House,118-H-337,Yea,M001213
"MOORE, Blake D.",22141,R,UT,House,118-H-523,Yea,M001213
"MOORE, Blake D.",22141,R,UT,House,118-H-556,Yea,M001213
"MOORE, Blake D.",22141,R,UT,House,118-H-572,Yea,M001213
"MOORE, Blake D.",22141,R,UT,House,118-H-573,Yea,M001213
"MOORE, Blake D.",22141,R,UT,House,118-H-617,Yea,M001213
"MOORE, Blake D.",22141,R,UT,House,118-H-671,Yea,M001213
"MOORE, Blake D.",22141,R,UT,House,118-H-672,Yea,M001213
"MOORE, Blake D.",22141,R,UT,House,118-H-692,Yea,M001213
"MOORE, Blake D.",22141,R,UT,House,118-H-716,Yea,M001213
"MOORE, Blake D.",22141,R,UT,House,118-H-746,Yea,M001213
"MOORE, Blake D.",22141,R,UT,House,118-H-756,Yea,M001213
"MOORE, Blake D.",22141,R,UT,House,118-H-762,Yea,M001213
"MOORE, Blake D.",22141,R,UT,House,118-H-852,Yea,M001213
"MOORE, Blake D.",22141,R,UT,House,118-H-859,Yea,M001213
"MOORE, Blake D.",22141,R,UT,House,118-H-870,Yea,M001213
"MOORE, Blake D.",22141,R,UT,House,118-H-890,Yea,M001213
"MOORE, Blake D.",22141,R,UT,House,118-H-935,Yea,M001213
"MOORE, Blake D.",22141,R,UT,House,119-H-128,Yea,M001213
"MOORE, Blake D.",22141,R,UT,House,119-H-158,Yea,M001213
"MOORE, Blake D.",22141,R,UT,House,119-H-526,Yea,M001213
"MOORE, Blake D.",22141,R,UT,House,119-H-655,Yea,M001213
"MOORE, Gwendolynne S. (Gwen)",20537,D,WI,House,116-H-107,Yea,M001160
"MOORE, Gwendolynne S. (Gwen)",20537,D,WI,House,116-H-28,Yea,M001160
"MOORE, Gwendolynne S. (Gwen)",20537,D,WI,House,116-H-496,Nay,M001160
"MOORE, Gwendolynne S. (Gwen)",20537,D,WI,House,116-H-651,Yea,M001160
"MOORE, Gwendolynne S. (Gwen)",20537,D,WI,House,117-H-274,Yea,M001160
"MOORE, Gwendolynne S. (Gwen)",20537,D,WI,House,117-H-660,Yea,M001160
"MOORE, Gwendolynne S. (Gwen)",20537,D,WI,House,118-H-1146,Nay,M001160
"MOORE, Gwendolynne S. (Gwen)",20537,D,WI,House,118-H-1194,Yea,M001160
"MOORE, Gwendolynne S. (Gwen)",20537,D,WI,House,118-H-193,Yea,M001160
"MOORE, Gwendolynne S. (Gwen)",20537,D,WI,House,118-H-241,Yea,M001160
"MOORE, Gwendolynne S. (Gwen)",20537,D,WI,House,118-H-337,Yea,M001160
"MOORE, Gwendolynne S. (Gwen)",20537,D,WI,House,118-H-523,Yea,M001160
"MOORE, Gwendolynne S. (Gwen)",20537,D,WI,House,118-H-556,Nay,M001160
"MOORE, Gwendolynne S. (Gwen)",20537,D,WI,House,118-H-572,Nay,M001160
"MOORE, Gwendolynne S. (Gwen)",20537,D,WI,House,118-H-573,Yea,M001160
"MOORE, Gwendolynne S. (Gwen)",20537,D,WI,House,118-H-617,Nay,M001160
"MOORE, Gwendolynne S. (Gwen)",20537,D,WI,House,118-H-671,Yea,M001160
"MOORE, Gwendolynne S. (Gwen)",20537,D,WI,House,118-H-672,Yea,M001160
"MOORE, Gwendolynne S. (Gwen)",20537,D,WI,House,118-H-692,Present,M001160
"MOORE, Gwendolynne S. (Gwen)",20537,D,WI,House,118-H-716,Nay,M001160
"MOORE, Gwendolynne S. (Gwen)",20537,D,WI,House,118-H-746,Yea,M001160
"MOORE, Gwendolynne S. (Gwen)",20537,D,WI,House,118-H-756,Nay,M001160
"MOORE, Gwendolynne S. (Gwen)",20537,D,WI,House,118-H-762,Yea,M001160
"MOORE, Gwendolynne S. (Gwen)",20537,D,WI,House,118-H-852,Nay,M001160
"MOORE, Gwendolynne S. (Gwen)",20537,D,WI,House,118-H-859,Yea,M001160
"MOORE, Gwendolynne S. (Gwen)",20537,D,WI,House,118-H-870,Yea,M001160
"MOORE, Gwendolynne S. (Gwen)",20537,D,WI,House,118-H-890,Nay,M001160
"MOORE, Gwendolynne S. (Gwen)",20537,D,WI,House,118-H-935,Nay,M001160
"MOORE, Gwendolynne S. (Gwen)",20537,D,WI,House,119-H-128,Yea,M001160
"MOORE, Gwendolynne S. (Gwen)",20537,D,WI,House,119-H-158,Yea,M001160
"MOORE, Gwendolynne S. (Gwen)",20537,D,WI,House,119-H-526,Yea,M001160
"MOORE, Gwendolynne S. (Gwen)",20537,D,WI,House,119-H-655,Nay,M001160
"MOORE, Riley M.",22543,R,WV,House,119-H-128,Yea,M001235
"MOORE, Riley M.",22543,R,WV,House,119-H-158,Yea,M001235
"MOORE, Riley M.",22543,R,WV,House,119-H-526,Yea,M001235
"MOORE, Riley M.",22543,R,WV,House,119-H-655,Yea,M001235
"MOORE, Tim",22542,R,NC,House,119-H-128,Yea,M001236
"MOORE, Tim",22542,R,NC,House,119-H-158,Yea,M001236
"MOORE, Tim",22542,R,NC,House,119-H-526,Yea,M001236
"MOORE, Tim",22542,R,NC,House,119-H-655,Yea,M001236
"MORAN, Nathaniel",22352,R,TX,House,118-H-1146,Yea,M001224
"MORAN, Nathaniel",22352,R,TX,House,118-H-1194,Yea,M001224
"MORAN, Nathaniel",22352,R,TX,House,118-H-193,Yea,M001224
"MORAN, Nathaniel",22352,R,TX,House,118-H-241,Yea,M001224
"MORAN, Nathaniel",22352,R,TX,House,118-H-337,Yea,M001224
"MORAN, Nathaniel",22352,R,TX,House,118-H-523,Yea,M001224
"MORAN, Nathaniel",22352,R,TX,House,118-H-556,Yea,M001224
"MORAN, Nathaniel",22352,R,TX,House,118-H-572,Yea,M001224
"MORAN, Nathaniel",22352,R,TX,House,118-H-573,Yea,M001224
"MORAN, Nathaniel",22352,R,TX,House,118-H-617,Yea,M001224
"MORAN, Nathaniel",22352,R,TX,House,118-H-671,Yea,M001224
"MORAN, Nathaniel",22352,R,TX,House,118-H-672,Yea,M001224
"MORAN, Nathaniel",22352,R,TX,House,118-H-692,Yea,M001224
"MORAN, Nathaniel",22352,R,TX,House,118-H-716,Yea,M001224
"MORAN, Nathaniel",22352,R,TX,House,118-H-746,Yea,M001224
"MORAN, Nathaniel",22352,R,TX,House,118-H-756,Yea,M001224
"MORAN, Nathaniel",22352,R,TX,House,118-H-762,Yea,M001224
"MORAN, Nathaniel",22352,R,TX,House,118-H-852,Yea,M001224
"MORAN, Nathaniel",22352,R,TX,House,118-H-859,Yea,M001224
"MORAN, Nathaniel",22352,R,TX,House,118-H-870,Yea,M001224
"MORAN, Nathaniel",22352,R,TX,House,118-H-890,Yea,M001224
"MORAN, Nathaniel",22352,R,TX,House,118-H-935,Yea,M001224
"MORAN, Nathaniel",22352,R,TX,House,119-H-128,Yea,M001224
"MORAN, Nathaniel",22352,R,TX,House,119-H-158,Yea,M001224
"MORAN, Nathaniel",22352,R,TX,House,119-H-526,Yea,M001224
"MORAN, Nathaniel",22352,R,TX,House,119-H-655,Yea,M001224
"MORELLE, Joseph",21761,D,NY,House,116-H-107,Yea,M001206
"MORELLE, Joseph",21761,D,NY,House,116-H-28,Yea,M001206
"MORELLE, Joseph",21761,D,NY,House,116-H-496,Yea,M001206
"MORELLE, Joseph",21761,D,NY,House,116-H-651,Yea,M001206
"MORELLE, Joseph",21761,D,NY,House,117-H-274,Yea,M001206
"MORELLE, Joseph",21761,D,NY,House,117-H-660,Yea,M001206
"MORELLE, Joseph",21761,D,NY,House,118-H-1146,Nay,M001206
"MORELLE, Joseph",21761,D,NY,House,118-H-1194,Yea,M001206
"MORELLE, Joseph",21761,D,NY,House,118-H-193,Yea,M001206
"MORELLE, Joseph",21761,D,NY,House,118-H-241,Yea,M001206
"MORELLE, Joseph",21761,D,NY,House,118-H-337,Yea,M001206
"MORELLE, Joseph",21761,D,NY,House,118-H-523,Yea,M001206
"MORELLE, Joseph",21761,D,NY,House,118-H-556,Yea,M001206
"MORELLE, Joseph",21761,D,NY,House,118-H-572,Nay,M001206
"MORELLE, Joseph",21761,D,NY,House,118-H-573,Yea,M001206
"MORELLE, Joseph",21761,D,NY,House,118-H-617,Nay,M001206
"MORELLE, Joseph",21761,D,NY,House,118-H-671,Yea,M001206
"MORELLE, Joseph",21761,D,NY,House,118-H-672,Yea,M001206
"MORELLE, Joseph",21761,D,NY,House,118-H-692,Yea,M001206
"MORELLE, Joseph",21761,D,NY,House,118-H-716,Yea,M001206
"MORELLE, Joseph",21761,D,NY,House,118-H-746,Yea,M001206
"MORELLE, Joseph",21761,D,NY,House,118-H-756,Nay,M001206
"MORELLE, Joseph",21761,D,NY,House,118-H-762,Yea,M001206
"MORELLE, Joseph",21761,D,NY,House,118-H-852,Yea,M001206
"MORELLE, Joseph",21761,D,NY,House,118-H-859,Yea,M001206
"MORELLE, Joseph",21761,D,NY,House,118-H-870,Yea,M001206
"MORELLE, Joseph",21761,D,NY,House,118-H-890,Yea,M001206
"MORELLE, Joseph",21761,D,NY,House,118-H-935,Nay,M001206
"MORELLE, Joseph",21761,D,NY,House,119-H-128,Yea,M001206
"MORELLE, Joseph",21761,D,NY,House,119-H-158,Yea,M001206
"MORELLE, Joseph",21761,D,NY,House,119-H-526,Yea,M001206
"MORELLE, Joseph",21761,D,NY,House,119-H-655,Nay,M001206
"MORRISON, Kelly",22544,D,MN,House,119-H-128,Yea,M001234
"MORRISON, Kelly",22544,D,MN,House,119-H-158,Yea,M001234
"MORRISON, Kelly",22544,D,MN,House,119-H-526,Yea,M001234
"MORRISON, Kelly",22544,D,MN,House,119-H-655,Nay,M001234
"MOSKOWITZ, Jared",22353,D,FL,House,118-H-1146,Yea,M001217
"MOSKOWITZ, Jared",22353,D,FL,House,118-H-1194,Yea,M001217
"MOSKOWITZ, Jared",22353,D,FL,House,118-H-193,Yea,M001217
"MOSKOWITZ, Jared",22353,D,FL,House,118-H-241,Yea,M001217
"MOSKOWITZ, Jared",22353,D,FL,House,118-H-337,Yea,M001217
"MOSKOWITZ, Jared",22353,D,FL,House,118-H-523,Yea,M001217
"MOSKOWITZ, Jared",22353,D,FL,House,118-H-556,Yea,M001217
"MOSKOWITZ, Jared",22353,D,FL,House,118-H-572,Yea,M001217
"MOSKOWITZ, Jared",22353,D,FL,House,118-H-573,Yea,M001217
"MOSKOWITZ, Jared",22353,D,FL,House,118-H-617,Yea,M001217
"MOSKOWITZ, Jared",22353,D,FL,House,118-H-671,Yea,M001217
"MOSKOWITZ, Jared",22353,D,FL,House,118-H-672,Yea,M001217
"MOSKOWITZ, Jared",22353,D,FL,House,118-H-692,Yea,M001217
"MOSKOWITZ, Jared",22353,D,FL,House,118-H-716,Yea,M001217
"MOSKOWITZ, Jared",22353,D,FL,House,118-H-746,Yea,M001217
"MOSKOWITZ, Jared",22353,D,FL,House,118-H-756,Yea,M001217
"MOSKOWITZ, Jared",22353,D,FL,House,118-H-762,Yea,M001217
"MOSKOWITZ, Jared",22353,D,FL,House,118-H-852,Yea,M001217
"MOSKOWITZ, Jared",22353,D,FL,House,118-H-859,Yea,M001217
"MOSKOWITZ, Jared",22353,D,FL,House,118-H-870,Yea,M001217
"MOSKOWITZ, Jared",22353,D,FL,House,118-H-890,Yea,M001217
"MOSKOWITZ, Jared",22353,D,FL,House,118-H-935,Yea,M001217
"MOSKOWITZ, Jared",22353,D,FL,House,119-H-128,Yea,M001217
"MOSKOWITZ, Jared",22353,D,FL,House,119-H-158,Yea,M001217
"MOSKOWITZ, Jared",22353,D,FL,House,119-H-526,Yea,M001217
"MOSKOWITZ, Jared",22353,D,FL,House,119-H-655,Yea,M001217
"MOULTON, Seth",21525,D,MA,House,116-H-107,Yea,M001196
"MOULTON, Seth",21525,D,MA,House,116-H-28,Yea,M001196
"MOULTON, Seth",21525,D,MA,House,116-H-496,Not voting,M001196
"MOULTON, Seth",21525,D,MA,House,116-H-651,Yea,M001196
"MOULTON, Seth",21525,D,MA,House,117-H-274,Yea,M001196
"MOULTON, Seth",21525,D,MA,House,117-H-660,Yea,M001196
"MOULTON, Seth",21525,D,MA,House,118-H-1146,Nay,M001196
"MOULTON, Seth",21525,D,MA,House,118-H-1194,Yea,M001196
"MOULTON, Seth",21525,D,MA,House,118-H-193,Yea,M001196
"MOULTON, Seth",21525,D,MA,House,118-H-241,Yea,M001196
"MOULTON, Seth",21525,D,MA,House,118-H-337,Yea,M001196
"MOULTON, Seth",21525,D,MA,House,118-H-523,Yea,M001196
"MOULTON, Seth",21525,D,MA,House,118-H-556,Yea,M001196
"MOULTON, Seth",21525,D,MA,House,118-H-572,Nay,M001196
"MOULTON, Seth",21525,D,MA,House,118-H-573,Yea,M001196
"MOULTON, Seth",21525,D,MA,House,118-H-617,Nay,M001196
"MOULTON, Seth",21525,D,MA,House,118-H-671,Yea,M001196
"MOULTON, Seth",21525,D,MA,House,118-H-672,Yea,M001196
"MOULTON, Seth",21525,D,MA,House,118-H-692,Yea,M001196
"MOULTON, Seth",21525,D,MA,House,118-H-716,Yea,M001196
"MOULTON, Seth",21525,D,MA,House,118-H-746,Yea,M001196
"MOULTON, Seth",21525,D,MA,House,118-H-756,Nay,M001196
"MOULTON, Seth",21525,D,MA,House,118-H-762,Yea,M001196
"MOULTON, Seth",21525,D,MA,House,118-H-852,Yea,M001196
"MOULTON, Seth",21525,D,MA,House,118-H-859,Yea,M001196
"MOULTON, Seth",21525,D,MA,House,118-H-870,Yea,M001196
"MOULTON, Seth",21525,D,MA,House,118-H-890,Yea,M001196
"MOULTON, Seth",21525,D,MA,House,118-H-935,Nay,M001196
"MOULTON, Seth",21525,D,MA,House,119-H-128,Yea,M001196
"MOULTON, Seth",21525,D,MA,House,119-H-158,Yea,M001196
"MOULTON, Seth",21525,D,MA,House,119-H-526,Not voting,M001196
"MOULTON, Seth",21525,D,MA,House,119-H-655,Not voting,M001196
"MRVAN, Frank J.",22142,D,IN,House,117-H-274,Yea,M001214
"MRVAN, Frank J.",22142,D,IN,House,117-H-660,Yea,M001214
"MRVAN, Frank J.",22142,D,IN,House,118-H-1146,Nay,M001214
"MRVAN, Frank J.",22142,D,IN,House,118-H-1194,Yea,M001214
"MRVAN, Frank J.",22142,D,IN,House,118-H-193,Yea,M001214
"MRVAN, Frank J.",22142,D,IN,House,118-H-241,Yea,M001214
"MRVAN, Frank J.",22142,D,IN,House,118-H-337,Yea,M001214
"MRVAN, Frank J.",22142,D,IN,House,118-H-523,Yea,M001214
"MRVAN, Frank J.",22142,D,IN,House,118-H-556,Yea,M001214
"MRVAN, Frank J.",22142,D,IN,House,118-H-572,Nay,M001214
"MRVAN, Frank J.",22142,D,IN,House,118-H-573,Yea,M001214
"MRVAN, Frank J.",22142,D,IN,House,118-H-617,Nay,M001214
"MRVAN, Frank J.",22142,D,IN,House,118-H-671,Yea,M001214
"MRVAN, Frank J.",22142,D,IN,House,118-H-672,Yea,M001214
"MRVAN, Frank J.",22142,D,IN,House,118-H-692,Yea,M001214
"MRVAN, Frank J.",22142,D,IN,House,118-H-716,Yea,M001214
"MRVAN, Frank J.",22142,D,IN,House,118-H-746,Yea,M001214
"MRVAN, Frank J.",22142,D,IN,House,118-H-756,Yea,M001214
"MRVAN, Frank J.",22142,D,IN,House,118-H-762,Yea,M001214
"MRVAN, Frank J.",22142,D,IN,House,118-H-852,Yea,M001214
"MRVAN, Frank J.",22142,D,IN,House,118-H-859,Yea,M001214
"MRVAN, Frank J.",22142,D,IN,House,118-H-870,Yea,M001214
"MRVAN, Frank J.",22142,D,IN,House,118-H-890,Yea,M001214
"MRVAN, Frank J.",22142,D,IN,House,118-H-935,Nay,M001214
"MRVAN, Frank J.",22142,D,IN,House,119-H-128,Yea,M001214
"MRVAN, Frank J.",22142,D,IN,House,119-H-158,Yea,M001214
"MRVAN, Frank J.",22142,D,IN,House,119-H-526,Yea,M001214
"MRVAN, Frank J.",22142,D,IN,House,119-H-655,Nay,M001214
"MUCARSEL-POWELL, Debbie",21947,D,FL,House,116-H-107,Yea,M001207
"MUCARSEL-POWELL, Debbie",21947,D,FL,House,116-H-28,Yea,M001207
"MUCARSEL-POWELL, Debbie",21947,D,FL,House,116-H-496,Yea,M001207
"MUCARSEL-POWELL, Debbie",21947,D,FL,House,116-H-651,Yea,M001207
"MULLIN, Kevin",22354,D,CA,House,118-H-1146,Nay,M001225
"MULLIN, Kevin",22354,D,CA,House,118-H-1194,Yea,M001225
"MULLIN, Kevin",22354,D,CA,House,118-H-193,Yea,M001225
"MULLIN, Kevin",22354,D,CA,House,118-H-241,Yea,M001225
"MULLIN, Kevin",22354,D,CA,House,118-H-337,Yea,M001225
"MULLIN, Kevin",22354,D,CA,House,118-H-523,Yea,M001225
"MULLIN, Kevin",22354,D,CA,House,118-H-556,Yea,M001225
"MULLIN, Kevin",22354,D,CA,House,118-H-572,Nay,M001225
"MULLIN, Kevin",22354,D,CA,House,118-H-573,Yea,M001225
"MULLIN, Kevin",22354,D,CA,House,118-H-617,Nay,M001225
"MULLIN, Kevin",22354,D,CA,House,118-H-671,Yea,M001225
"MULLIN, Kevin",22354,D,CA,House,118-H-672,Yea,M001225
"MULLIN, Kevin",22354,D,CA,House,118-H-692,Not voting,M001225
"MULLIN, Kevin",22354,D,CA,House,118-H-716,Nay,M001225
"MULLIN, Kevin",22354,D,CA,House,118-H-746,Yea,M001225
"MULLIN, Kevin",22354,D,CA,House,118-H-756,Nay,M001225
"MULLIN, Kevin",22354,D,CA,House,118-H-762,Yea,M001225
"MULLIN, Kevin",22354,D,CA,House,118-H-852,Yea,M001225
"MULLIN, Kevin",22354,D,CA,House,118-H-859,Yea,M001225
"MULLIN, Kevin",22354,D,CA,House,118-H-870,Yea,M001225
"MULLIN, Kevin",22354,D,CA,House,118-H-890,Yea,M001225
"MULLIN, Kevin",22354,D,CA,House,118-H-935,Nay,M001225
"MULLIN, Kevin",22354,D,CA,House,119-H-128,Yea,M001225
"MULLIN, Kevin",22354,D,CA,House,119-H-158,Yea,M001225
"MULLIN, Kevin",22354,D,CA,House,119-H-526,Yea,M001225
"MULLIN, Kevin",22354,D,CA,House,119-H-655,Nay,M001225
"MULLIN, Markwayne",21355,R,OK,House,116-H-107,Yea,M001190
"MULLIN, Markwayne",21355,R,OK,House,116-H-28,Yea,M001190
"MULLIN, Markwayne",21355,R,OK,House,116-H-496,Yea,M001190
"MULLIN, Markwayne",21355,R,OK,House,116-H-651,Nay,M001190
"MULLIN, Markwayne",21355,R,OK,House,117-H-274,Yea,M001190
"MULLIN, Markwayne",21355,R,OK,House,117-H-660,Yea,M001190
"MULLIN, Markwayne",21355,R,OK,Senate,118-S-261,Yea,M001190
"MURPHY, Gregory Francis",21987,R,NC,House,116-H-651,Nay,M001210
"MURPHY, Gregory Francis",21987,R,NC,House,117-H-274,Yea,M001210
"MURPHY, Gregory Francis",21987,R,NC,House,117-H-660,Yea,M001210
"MURPHY, Gregory Francis",21987,R,NC,House,118-H-1146,Yea,M001210
"MURPHY, Gregory Francis",21987,R,NC,House,118-H-1194,Yea,M001210
"MURPHY, Gregory Francis",21987,R,NC,House,118-H-193,Not voting,M001210
"MURPHY, Gregory Francis",21987,R,NC,House,118-H-241,Yea,M001210
"MURPHY, Gregory Francis",21987,R,NC,House,118-H-337,Yea,M001210
"MURPHY, Gregory Francis",21987,R,NC,House,118-H-523,Yea,M001210
"MURPHY, Gregory Francis",21987,R,NC,House,118-H-556,Yea,M001210
"MURPHY, Gregory Francis",21987,R,NC,House,118-H-572,Yea,M001210
"MURPHY, Gregory Francis",21987,R,NC,House,118-H-573,Yea,M001210
"MURPHY, Gregory Francis",21987,R,NC,House,118-H-617,Yea,M001210
"MURPHY, Gregory Francis",21987,R,NC,House,118-H-671,Yea,M001210
"MURPHY, Gregory Francis",21987,R,NC,House,118-H-672,Yea,M001210
"MURPHY, Gregory Francis",21987,R,NC,House,118-H-692,Yea,M001210
"MURPHY, Gregory Francis",21987,R,NC,House,118-H-716,Yea,M001210
"MURPHY, Gregory Francis",21987,R,NC,House,118-H-746,Not voting,M001210
"MURPHY, Gregory Francis",21987,R,NC,House,118-H-756,Yea,M001210
"MURPHY, Gregory Francis",21987,R,NC,House,118-H-762,Yea,M001210
"MURPHY, Gregory Francis",21987,R,NC,House,118-H-852,Yea,M001210
"MURPHY, Gregory Francis",21987,R,NC,House,118-H-859,Yea,M001210
"MURPHY, Gregory Francis",21987,R,NC,House,118-H-870,Yea,M001210
"MURPHY, Gregory Francis",21987,R,NC,House,118-H-890,Not voting,M001210
"MURPHY, Gregory Francis",21987,R,NC,House,118-H-935,Yea,M001210
"MURPHY, Gregory Francis",21987,R,NC,House,119-H-128,Yea,M001210
"MURPHY, Gregory Francis",21987,R,NC,House,119-H-158,Not voting,M001210
"MURPHY, Gregory Francis",21987,R,NC,House,119-H-526,Yea,M001210
"MURPHY, Gregory Francis",21987,R,NC,House,119-H-655,Yea,M001210
"MURPHY, Stephanie",21738,D,FL,House,116-H-107,Yea,M001202
"MURPHY, Stephanie",21738,D,FL,House,116-H-28,Yea,M001202
"MURPHY, Stephanie",21738,D,FL,House,116-H-496,Yea,M001202
"MURPHY, Stephanie",21738,D,FL,House,116-H-651,Yea,M001202
"MURPHY, Stephanie",21738,D,FL,House,117-H-274,Yea,M001202
"MURPHY, Stephanie",21738,D,FL,House,117-H-660,Yea,M001202
"McBATH, Lucy",21944,D,GA,House,116-H-107,Yea,M001208
"McBATH, Lucy",21944,D,GA,House,116-H-28,Yea,M001208
"McBATH, Lucy",21944,D,GA,House,116-H-496,Yea,M001208
"McBATH, Lucy",21944,D,GA,House,116-H-651,Yea,M001208
"McBATH, Lucy",21944,D,GA,House,117-H-274,Yea,M001208
"McBATH, Lucy",21944,D,GA,House,117-H-660,Yea,M001208
"McBATH, Lucy",21944,D,GA,House,118-H-1146,Nay,M001208
"McBATH, Lucy",21944,D,GA,House,118-H-1194,Yea,M001208
"McBATH, Lucy",21944,D,GA,House,118-H-193,Yea,M001208
"McBATH, Lucy",21944,D,GA,House,118-H-241,Yea,M001208
"McBATH, Lucy",21944,D,GA,House,118-H-337,Not voting,M001208
"McBATH, Lucy",21944,D,GA,House,118-H-523,Yea,M001208
"McBATH, Lucy",21944,D,GA,House,118-H-556,Yea,M001208
"McBATH, Lucy",21944,D,GA,House,118-H-572,Nay,M001208
"McBATH, Lucy",21944,D,GA,House,118-H-573,Yea,M001208
"McBATH, Lucy",21944,D,GA,House,118-H-617,Nay,M001208
"McBATH, Lucy",21944,D,GA,House,118-H-671,Yea,M001208
"McBATH, Lucy",21944,D,GA,House,118-H-672,Yea,M001208
"McBATH, Lucy",21944,D,GA,House,118-H-692,Present,M001208
"McBATH, Lucy",21944,D,GA,House,118-H-716,Yea,M001208
"McBATH, Lucy",21944,D,GA,House,118-H-746,Yea,M001208
"McBATH, Lucy",21944,D,GA,House,118-H-756,Yea,M001208
"McBATH, Lucy",21944,D,GA,House,118-H-762,Yea,M001208
"McBATH, Lucy",21944,D,GA,House,118-H-852,Yea,M001208
"McBATH, Lucy",21944,D,GA,House,118-H-859,Yea,M001208
"McBATH, Lucy",21944,D,GA,House,118-H-870,Yea,M001208
"McBATH, Lucy",21944,D,GA,House,118-H-890,Yea,M001208
"McBATH, Lucy",21944,D,GA,House,118-H-935,Nay,M001208
"McBATH, Lucy",21944,D,GA,House,119-H-128,Yea,M001208
"McBATH, Lucy",21944,D,GA,House,119-H-158,Yea,M001208
"McBATH, Lucy",21944,D,GA,House,119-H-526,Yea,M001208
"McBATH, Lucy",21944,D,GA,House,119-H-655,Nay,M001208
"McCLINTOCK, Tom",20903,R,CA,House,116-H-107,Yea,M001177
"McCLINTOCK, Tom",20903,R,CA,House,116-H-28,Yea,M001177
"McCLINTOCK, Tom",20903,R,CA,House,116-H-496,Yea,M001177
"McCLINTOCK, Tom",20903,R,CA,House,116-H-651,Nay,M001177
"McCLINTOCK, Tom",20903,R,CA,House,117-H-274,Yea,M001177
"McCLINTOCK, Tom",20903,R,CA,House,117-H-660,Yea,M001177
"McCLINTOCK, Tom",20903,R,CA,House,118-H-1146,Yea,M001177
"McCLINTOCK, Tom",20903,R,CA,House,118-H-1194,Yea,M001177
"McCLINTOCK, Tom",20903,R,CA,House,118-H-193,Yea,M001177
"McCLINTOCK, Tom",20903,R,CA,House,118-H-241,Yea,M001177
"McCLINTOCK, Tom",20903,R,CA,House,118-H-337,Yea,M001177
"McCLINTOCK, Tom",20903,R,CA,House,118-H-523,Yea,M001177
"McCLINTOCK, Tom",20903,R,CA,House,118-H-556,Yea,M001177
"McCLINTOCK, Tom",20903,R,CA,House,118-H-572,Yea,M001177
"McCLINTOCK, Tom",20903,R,CA,House,118-H-573,Yea,M001177
"McCLINTOCK, Tom",20903,R,CA,House,118-H-617,Nay,M001177
"McCLINTOCK, Tom",20903,R,CA,House,118-H-671,Yea,M001177
"McCLINTOCK, Tom",20903,R,CA,House,118-H-672,Yea,M001177
"McCLINTOCK, Tom",20903,R,CA,House,118-H-692,Yea,M001177
"McCLINTOCK, Tom",20903,R,CA,House,118-H-716,Yea,M001177
"McCLINTOCK, Tom",20903,R,CA,House,118-H-746,Yea,M001177
"McCLINTOCK, Tom",20903,R,CA,House,118-H-756,Yea,M001177
"McCLINTOCK, Tom",20903,R,CA,House,118-H-762,Yea,M001177
"McCLINTOCK, Tom",20903,R,CA,House,118-H-852,Yea,M001177
"McCLINTOCK, Tom",20903,R,CA,House,118-H-859,Yea,M001177
"McCLINTOCK, Tom",20903,R,CA,House,118-H-870,Yea,M001177
"McCLINTOCK, Tom",20903,R,CA,House,118-H-890,Yea,M001177
"McCLINTOCK, Tom",20903,R,CA,House,118-H-935,Yea,M001177
"McCLINTOCK, Tom",20903,R,CA,House,119-H-128,Yea,M001177
"McCLINTOCK, Tom",20903,R,CA,House,119-H-158,Yea,M001177
"McCLINTOCK, Tom",20903,R,CA,House,119-H-526,Yea,M001177
"McCLINTOCK, Tom",20903,R,CA,House,119-H-655,Yea,M001177
"McGOVERN, James P.",29729,D,MA,House,116-H-107,Yea,M000312
"McGOVERN, James P.",29729,D,MA,House,116-H-28,Yea,M000312
"McGOVERN, James P.",29729,D,MA,House,116-H-496,Yea,M000312
"McGOVERN, James P.",29729,D,MA,House,116-H-651,Yea,M000312
"McGOVERN, James P.",29729,D,MA,House,117-H-274,Yea,M000312
"McGOVERN, James P.",29729,D,MA,House,117-H-660,Yea,M000312
"McGOVERN, James P.",29729,D,MA,House,118-H-1146,Nay,M000312
"McGOVERN, James P.",29729,D,MA,House,118-H-1194,Yea,M000312
"McGOVERN, James P.",29729,D,MA,House,118-H-193,Yea,M000312
"McGOVERN, James P.",29729,D,MA,House,118-H-241,Yea,M000312
"McGOVERN, James P.",29729,D,MA,House,118-H-337,Yea,M000312
"McGOVERN, James P.",29729,D,MA,House,118-H-523,Yea,M000312
"McGOVERN, James P.",29729,D,MA,House,118-H-556,Nay,M000312
"McGOVERN, James P.",29729,D,MA,House,118-H-572,Nay,M000312
"McGOVERN, James P.",29729,D,MA,House,118-H-573,Nay,M000312
"McGOVERN, James P.",29729,D,MA,House,118-H-617,Nay,M000312
"McGOVERN, James P.",29729,D,MA,House,118-H-671,Yea,M000312
"McGOVERN, James P.",29729,D,MA,House,118-H-672,Yea,M000312
"McGOVERN, James P.",29729,D,MA,House,118-H-692,Present,M000312
"McGOVERN, James P.",29729,D,MA,House,118-H-716,Nay,M000312
"McGOVERN, James P.",29729,D,MA,House,118-H-746,Yea,M000312
"McGOVERN, James P.",29729,D,MA,House,118-H-756,Nay,M000312
"McGOVERN, James P.",29729,D,MA,House,118-H-762,Yea,M000312
"McGOVERN, James P.",29729,D,MA,House,118-H-852,Nay,M000312
"McGOVERN, James P.",29729,D,MA,House,118-H-859,Yea,M000312
"McGOVERN, James P.",29729,D,MA,House,118-H-870,Nay,M000312
"McGOVERN, James P.",29729,D,MA,House,118-H-890,Nay,M000312
"McGOVERN, James P.",29729,D,MA,House,118-H-935,Nay,M000312
"McGOVERN, James P.",29729,D,MA,House,119-H-128,Yea,M000312
"McGOVERN, James P.",29729,D,MA,House,119-H-158,Yea,M000312
"McGOVERN, James P.",29729,D,MA,House,119-H-526,Yea,M000312
"McGOVERN, James P.",29729,D,MA,House,119-H-655,Nay,M000312
"McHENRY, Patrick T.",20522,R,NC,House,116-H-107,Yea,M001156
"McHENRY, Patrick T.",20522,R,NC,House,116-H-28,Yea,M001156
"McHENRY, Patrick T.",20522,R,NC,House,116-H-496,Yea,M001156
"McHENRY, Patrick T.",20522,R,NC,House,116-H-651,Nay,M001156
"McHENRY, Patrick T.",20522,R,NC,House,117-H-274,Yea,M001156
"McHENRY, Patrick T.",20522,R,NC,House,117-H-660,Yea,M001156
"McHENRY, Patrick T.",20522,R,NC,House,118-H-1146,Yea,M001156
"McHENRY, Patrick T.",20522,R,NC,House,118-H-1194,Yea,M001156
"McHENRY, Patrick T.",20522,R,NC,House,118-H-193,Yea,M001156
"McHENRY, Patrick T.",20522,R,NC,House,118-H-241,Yea,M001156
"McHENRY, Patrick T.",20522,R,NC,House,118-H-337,Yea,M001156
"McHENRY, Patrick T.",20522,R,NC,House,118-H-523,Yea,M001156
"McHENRY, Patrick T.",20522,R,NC,House,118-H-556,Yea,M001156
"McHENRY, Patrick T.",20522,R,NC,House,118-H-572,Yea,M001156
"McHENRY, Patrick T.",20522,R,NC,House,118-H-573,Yea,M001156
"McHENRY, Patrick T.",20522,R,NC,House,118-H-617,Yea,M001156
"McHENRY, Patrick T.",20522,R,NC,House,118-H-671,Not voting,M001156
"McHENRY, Patrick T.",20522,R,NC,House,118-H-672,Not voting,M001156
"McHENRY, Patrick T.",20522,R,NC,House,118-H-692,Yea,M001156
"McHENRY, Patrick T.",20522,R,NC,House,118-H-716,Yea,M001156
"McHENRY, Patrick T.",20522,R,NC,House,118-H-746,Yea,M001156
"McHENRY, Patrick T.",20522,R,NC,House,118-H-756,Yea,M001156
"McHENRY, Patrick T.",20522,R,NC,House,118-H-762,Yea,M001156
"McHENRY, Patrick T.",20522,R,NC,House,118-H-852,Yea,M001156
"McHENRY, Patrick T.",20522,R,NC,House,118-H-859,Yea,M001156
"McHENRY, Patrick T.",20522,R,NC,House,118-H-870,Yea,M001156
"McHENRY, Patrick T.",20522,R,NC,House,118-H-890,Yea,M001156
"McHENRY, Patrick T.",20522,R,NC,House,118-H-935,Yea,M001156
"McKINLEY, David",21188,R,WV,House,116-H-107,Yea,M001180
"McKINLEY, David",21188,R,WV,House,116-H-28,Yea,M001180
"McKINLEY, David",21188,R,WV,House,116-H-496,Yea,M001180
"McKINLEY, David",21188,R,WV,House,116-H-651,Nay,M001180
"McKINLEY, David",21188,R,WV,House,117-H-274,Yea,M001180
"McKINLEY, David",21188,R,WV,House,117-H-660,Yea,M001180
"NADLER, Jerrold Lewis",29377,D,NY,House,116-H-107,Yea,N000002
"NADLER, Jerrold Lewis",29377,D,NY,House,116-H-28,Yea,N000002
"NADLER, Jerrold Lewis",29377,D,NY,House,116-H-496,Yea,N000002
"NADLER, Jerrold Lewis",29377,D,NY,House,116-H-651,Yea,N000002
"NADLER, Jerrold Lewis",29377,D,NY,House,117-H-274,Yea,N000002
"NADLER, Jerrold Lewis",29377,D,NY,House,117-H-660,Yea,N000002
"NADLER, Jerrold Lewis",29377,D,NY,House,118-H-1146,Nay,N000002
"NADLER, Jerrold Lewis",29377,D,NY,House,118-H-1194,Yea,N000002
"NADLER, Jerrold Lewis",29377,D,NY,House,118-H-193,Yea,N000002
"NADLER, Jerrold Lewis",29377,D,NY,House,118-H-241,Yea,N000002
"NADLER, Jerrold Lewis",29377,D,NY,House,118-H-337,Yea,N000002
"NADLER, Jerrold Lewis",29377,D,NY,House,118-H-523,Yea,N000002
"NADLER, Jerrold Lewis",29377,D,NY,House,118-H-556,Yea,N000002
"NADLER, Jerrold Lewis",29377,D,NY,House,118-H-572,Nay,N000002
"NADLER, Jerrold Lewis",29377,D,NY,House,118-H-573,Yea,N000002
"NADLER, Jerrold Lewis",29377,D,NY,House,118-H-617,Nay,N000002
"NADLER, Jerrold Lewis",29377,D,NY,House,118-H-671,Yea,N000002
"NADLER, Jerrold Lewis",29377,D,NY,House,118-H-672,Yea,N000002
"NADLER, Jerrold Lewis",29377,D,NY,House,118-H-692,Present,N000002
"NADLER, Jerrold Lewis",29377,D,NY,House,118-H-716,Nay,N000002
"NADLER, Jerrold Lewis",29377,D,NY,House,118-H-746,Yea,N000002
"NADLER, Jerrold Lewis",29377,D,NY,House,118-H-756,Nay,N000002
"NADLER, Jerrold Lewis",29377,D,NY,House,118-H-762,Yea,N000002
"NADLER, Jerrold Lewis",29377,D,NY,House,118-H-852,Yea,N000002
"NADLER, Jerrold Lewis",29377,D,NY,House,118-H-859,Yea,N000002
"NADLER, Jerrold Lewis",29377,D,NY,House,118-H-870,Yea,N000002
"NADLER, Jerrold Lewis",29377,D,NY,House,118-H-890,Nay,N000002
"NADLER, Jerrold Lewis",29377,D,NY,House,118-H-935,Nay,N000002
"NADLER, Jerrold Lewis",29377,D,NY,House,119-H-128,Yea,N000002
"NADLER, Jerrold Lewis",29377,D,NY,House,119-H-158,Yea,N000002
"NADLER, Jerrold Lewis",29377,D,NY,House,119-H-526,Yea,N000002
"NADLER, Jerrold Lewis",29377,D,NY,House,119-H-655,Nay,N000002
"NAPOLITANO, Grace Flores",29903,D,CA,House,116-H-107,Yea,N000179
"NAPOLITANO, Grace Flores",29903,D,CA,House,116-H-28,Yea,N000179
"NAPOLITANO, Grace Flores",29903,D,CA,House,116-H-496,Yea,N000179
"NAPOLITANO, Grace Flores",29903,D,CA,House,116-H-651,Yea,N000179
"NAPOLITANO, Grace Flores",29903,D,CA,House,117-H-274,Yea,N000179
"NAPOLITANO, Grace Flores",29903,D,CA,House,117-H-660,Yea,N000179
"NAPOLITANO, Grace Flores",29903,D,CA,House,118-H-1146,Nay,N000179
"NAPOLITANO, Grace Flores",29903,D,CA,House,118-H-1194,Yea,N000179
"NAPOLITANO, Grace Flores",29903,D,CA,House,118-H-193,Yea,N000179
"NAPOLITANO, Grace Flores",29903,D,CA,House,118-H-241,Yea,N000179
"NAPOLITANO, Grace Flores",29903,D,CA,House,118-H-337,Yea,N000179
"NAPOLITANO, Grace Flores",29903,D,CA,House,118-H-523,Yea,N000179
"NAPOLITANO, Grace Flores",29903,D,CA,House,118-H-556,Not voting,N000179
"NAPOLITANO, Grace Flores",29903,D,CA,House,118-H-572,Not voting,N000179
"NAPOLITANO, Grace Flores",29903,D,CA,House,118-H-573,Not voting,N000179
"NAPOLITANO, Grace Flores",29903,D,CA,House,118-H-617,Nay,N000179
"NAPOLITANO, Grace Flores",29903,D,CA,House,118-H-671,Yea,N000179
"NAPOLITANO, Grace Flores",29903,D,CA,House,118-H-672,Yea,N000179
"NAPOLITANO, Grace Flores",29903,D,CA,House,118-H-692,Present,N000179
"NAPOLITANO, Grace Flores",29903,D,CA,House,118-H-716,Nay,N000179
"NAPOLITANO, Grace Flores",29903,D,CA,House,118-H-746,Yea,N000179
"NAPOLITANO, Grace Flores",29903,D,CA,House,118-H-756,Nay,N000179
"NAPOLITANO, Grace Flores",29903,D,CA,House,118-H-762,Yea,N000179
"NAPOLITANO, Grace Flores",29903,D,CA,House,118-H-852,Yea,N000179
"NAPOLITANO, Grace Flores",29903,D,CA,House,118-H-859,Yea,N000179
"NAPOLITANO, Grace Flores",29903,D,CA,House,118-H-870,Yea,N000179
"NAPOLITANO, Grace Flores",29903,D,CA,House,118-H-890,Yea,N000179
"NAPOLITANO, Grace Flores",29903,D,CA,House,118-H-935,Nay,N000179
"NEAL, Richard Edmund",15616,D,MA,House,116-H-107,Yea,N000015
"NEAL, Richard Edmund",15616,D,MA,House,116-H-28,Yea,N000015
"NEAL, Richard Edmund",15616,D,MA,House,116-H-496,Yea,N000015
"NEAL, Richard Edmund",15616,D,MA,House,116-H-651,Yea,N000015
"NEAL, Richard Edmund",15616,D,MA,House,117-H-274,Yea,N000015
"NEAL, Richard Edmund",15616,D,MA,House,117-H-660,Yea,N000015
"NEAL, Richard Edmund",15616,D,MA,House,118-H-1146,Nay,N000015
"NEAL, Richard Edmund",15616,D,MA,House,118-H-1194,Yea,N000015
"NEAL, Richard Edmund",15616,D,MA,House,118-H-193,Yea,N000015
"NEAL, Richard Edmund",15616,D,MA,House,118-H-241,Yea,N000015
"NEAL, Richard Edmund",15616,D,MA,House,118-H-337,Yea,N000015
"NEAL, Richard Edmund",15616,D,MA,House,118-H-523,Yea,N000015
"NEAL, Richard Edmund",15616,D,MA,House,118-H-556,Yea,N000015
"NEAL, Richard Edmund",15616,D,MA,House,118-H-572,Nay,N000015
"NEAL, Richard Edmund",15616,D,MA,House,118-H-573,Yea,N000015
"NEAL, Richard Edmund",15616,D,MA,House,118-H-617,Nay,N000015
"NEAL, Richard Edmund",15616,D,MA,House,118-H-671,Yea,N000015
"NEAL, Richard Edmund",15616,D,MA,House,118-H-672,Yea,N000015
"NEAL, Richard Edmund",15616,D,MA,House,118-H-692,Yea,N000015
"NEAL, Richard Edmund",15616,D,MA,House,118-H-716,Nay,N000015
"NEAL, Richard Edmund",15616,D,MA,House,118-H-746,Yea,N000015
"NEAL, Richard Edmund",15616,D,MA,House,118-H-756,Nay,N000015
"NEAL, Richard Edmund",15616,D,MA,House,118-H-762,Yea,N000015
"NEAL, Richard Edmund",15616,D,MA,House,118-H-852,Yea,N000015
"NEAL, Richard Edmund",15616,D,MA,House,118-H-859,Yea,N000015
"NEAL, Richard Edmund",15616,D,MA,House,118-H-870,Yea,N000015
"NEAL, Richard Edmund",15616,D,MA,House,118-H-890,Yea,N000015
"NEAL, Richard Edmund",15616,D,MA,House,118-H-935,Nay,N000015
"NEAL, Richard Edmund",15616,D,MA,House,119-H-128,Yea,N000015
"NEAL, Richard Edmund",15616,D,MA,House,119-H-158,Yea,N000015
"NEAL, Richard Edmund",15616,D,MA,House,119-H-526,Yea,N000015
"NEAL, Richard Edmund",15616,D,MA,House,119-H-655,Nay,N000015
"NEGUSE, Joseph",21948,D,CO,House,116-H-107,Yea,N000191
"NEGUSE, Joseph",21948,D,CO,House,116-H-28,Yea,N000191
"NEGUSE, Joseph",21948,D,CO,House,116-H-496,Yea,N000191
"NEGUSE, Joseph",21948,D,CO,House,116-H-651,Yea,N000191
"NEGUSE, Joseph",21948,D,CO,House,117-H-274,Yea,N000191
"NEGUSE, Joseph",21948,D,CO,House,117-H-660,Yea,N000191
"NEGUSE, Joseph",21948,D,CO,House,118-H-1146,Nay,N000191
"NEGUSE, Joseph",21948,D,CO,House,118-H-1194,Yea,N000191
"NEGUSE, Joseph",21948,D,CO,House,118-H-193,Yea,N000191
"NEGUSE, Joseph",21948,D,CO,House,118-H-241,Yea,N000191
"NEGUSE, Joseph",21948,D,CO,House,118-H-337,Yea,N000191
"NEGUSE, Joseph",21948,D,CO,House,118-H-523,Yea,N000191
"NEGUSE, Joseph",21948,D,CO,House,118-H-556,Yea,N000191
"NEGUSE, Joseph",21948,D,CO,House,118-H-572,Nay,N000191
"NEGUSE, Joseph",21948,D,CO,House,118-H-573,Yea,N000191
"NEGUSE, Joseph",21948,D,CO,House,118-H-617,Nay,N000191
"NEGUSE, Joseph",21948,D,CO,House,118-H-671,Yea,N000191
"NEGUSE, Joseph",21948,D,CO,House,118-H-672,Yea,N000191
"NEGUSE, Joseph",21948,D,CO,House,118-H-692,Yea,N000191
"NEGUSE, Joseph",21948,D,CO,House,118-H-716,Nay,N000191
"NEGUSE, Joseph",21948,D,CO,House,118-H-746,Yea,N000191
"NEGUSE, Joseph",21948,D,CO,House,118-H-756,Nay,N000191
"NEGUSE, Joseph",21948,D,CO,House,118-H-762,Yea,N000191
"NEGUSE, Joseph",21948,D,CO,House,118-H-852,Yea,N000191
"NEGUSE, Joseph",21948,D,CO,House,118-H-859,Yea,N000191
"NEGUSE, Joseph",21948,D,CO,House,118-H-870,Yea,N000191
"NEGUSE, Joseph",21948,D,CO,House,118-H-890,Yea,N000191
"NEGUSE, Joseph",21948,D,CO,House,118-H-935,Nay,N000191
"NEGUSE, Joseph",21948,D,CO,House,119-H-128,Yea,N000191
"NEGUSE, Joseph",21948,D,CO,House,119-H-158,Yea,N000191
"NEGUSE, Joseph",21948,D,CO,House,119-H-526,Yea,N000191
"NEGUSE, Joseph",21948,D,CO,House,119-H-655,Nay,N000191
"NEHLS, Troy E.",22143,R,TX,House,117-H-274,Yea,N000026
"NEHLS, Troy E.",22143,R,TX,House,117-H-660,Yea,N000026
"NEHLS, Troy E.",22143,R,TX,House,118-H-1146,Yea,N000026
"NEHLS, Troy E.",22143,R,TX,House,118-H-1194,Yea,N000026
"NEHLS, Troy E.",22143,R,TX,House,118-H-193,Yea,N000026
"NEHLS, Troy E.",22143,R,TX,House,118-H-241,Yea,N000026
"NEHLS, Troy E.",22143,R,TX,House,118-H-337,Yea,N000026
"NEHLS, Troy E.",22143,R,TX,House,118-H-523,Yea,N000026
"NEHLS, Troy E.",22143,R,TX,House,118-H-556,Not voting,N000026
"NEHLS, Troy E.",22143,R,TX,House,118-H-572,Yea,N000026
"NEHLS, Troy E.",22143,R,TX,House,118-H-573,Yea,N000026
"NEHLS, Troy E.",22143,R,TX,House,118-H-617,Yea,N000026
"NEHLS, Troy E.",22143,R,TX,House,118-H-671,Not voting,N000026
"NEHLS, Troy E.",22143,R,TX,House,118-H-672,Not voting,N000026
"NEHLS, Troy E.",22143,R,TX,House,118-H-692,Yea,N000026
"NEHLS, Troy E.",22143,R,TX,House,118-H-716,Yea,N000026
"NEHLS, Troy E.",22143,R,TX,House,118-H-746,Yea,N000026
"NEHLS, Troy E.",22143,R,TX,House,118-H-756,Yea,N000026
"NEHLS, Troy E.",22143,R,TX,House,118-H-762,Yea,N000026
"NEHLS, Troy E.",22143,R,TX,House,118-H-852,Yea,N000026
"NEHLS, Troy E.",22143,R,TX,House,118-H-859,Yea,N000026
"NEHLS, Troy E.",22143,R,TX,House,118-H-870,Nay,N000026
"NEHLS, Troy E.",22143,R,TX,House,118-H-890,Yea,N000026
"NEHLS, Troy E.",22143,R,TX,House,118-H-935,Yea,N000026
"NEHLS, Troy E.",22143,R,TX,House,119-H-128,Yea,N000026
"NEHLS, Troy E.",22143,R,TX,House,119-H-158,Yea,N000026
"NEHLS, Troy E.",22143,R,TX,House,119-H-526,Yea,N000026
"NEHLS, Troy E.",22143,R,TX,House,119-H-655,Yea,N000026
"NEWHOUSE, Daniel Milton",21556,R,WA,House,116-H-107,Yea,N000189
"NEWHOUSE, Daniel Milton",21556,R,WA,House,116-H-28,Yea,N000189
"NEWHOUSE, Daniel Milton",21556,R,WA,House,116-H-496,Yea,N000189
"NEWHOUSE, Daniel Milton",21556,R,WA,House,116-H-651,Nay,N000189
"NEWHOUSE, Daniel Milton",21556,R,WA,House,117-H-274,Yea,N000189
"NEWHOUSE, Daniel Milton",21556,R,WA,House,117-H-660,Yea,N000189
"NEWHOUSE, Daniel Milton",21556,R,WA,House,118-H-1146,Yea,N000189
"NEWHOUSE, Daniel Milton",21556,R,WA,House,118-H-1194,Yea,N000189
"NEWHOUSE, Daniel Milton",21556,R,WA,House,118-H-193,Yea,N000189
"NEWHOUSE, Daniel Milton",21556,R,WA,House,118-H-241,Yea,N000189
"NEWHOUSE, Daniel Milton",21556,R,WA,House,118-H-337,Yea,N000189
"NEWHOUSE, Daniel Milton",21556,R,WA,House,118-H-523,Yea,N000189
"NEWHOUSE, Daniel Milton",21556,R,WA,House,118-H-556,Not voting,N000189
"NEWHOUSE, Daniel Milton",21556,R,WA,House,118-H-572,Not voting,N000189
"NEWHOUSE, Daniel Milton",21556,R,WA,House,118-H-573,Not voting,N000189
"NEWHOUSE, Daniel Milton",21556,R,WA,House,118-H-617,Yea,N000189
"NEWHOUSE, Daniel Milton",21556,R,WA,House,118-H-671,Yea,N000189
"NEWHOUSE, Daniel Milton",21556,R,WA,House,118-H-672,Yea,N000189
"NEWHOUSE, Daniel Milton",21556,R,WA,House,118-H-692,Yea,N000189
"NEWHOUSE, Daniel Milton",21556,R,WA,House,118-H-716,Yea,N000189
"NEWHOUSE, Daniel Milton",21556,R,WA,House,118-H-746,Yea,N000189
"NEWHOUSE, Daniel Milton",21556,R,WA,House,118-H-756,Yea,N000189
"NEWHOUSE, Daniel Milton",21556,R,WA,House,118-H-762,Yea,N000189
"NEWHOUSE, Daniel Milton",21556,R,WA,House,118-H-852,Yea,N000189
"NEWHOUSE, Daniel Milton",21556,R,WA,House,118-H-859,Yea,N000189
"NEWHOUSE, Daniel Milton",21556,R,WA,House,118-H-870,Yea,N000189
"NEWHOUSE, Daniel Milton",21556,R,WA,House,118-H-890,Yea,N000189
"NEWHOUSE, Daniel Milton",21556,R,WA,House,118-H-935,Yea,N000189
"NEWHOUSE, Daniel Milton",21556,R,WA,House,119-H-128,Yea,N000189
"NEWHOUSE, Daniel Milton",21556,R,WA,House,119-H-158,Yea,N000189
"NEWHOUSE, Daniel Milton",21556,R,WA,House,119-H-526,Yea,N000189
"NEWHOUSE, Daniel Milton",21556,R,WA,House,119-H-655,Yea,N000189
"NICKEL, Wiley",22355,D,NC,House,118-H-1146,Not voting,N000194
"NICKEL, Wiley",22355,D,NC,House,118-H-1194,Yea,N000194
"NICKEL, Wiley",22355,D,NC,House,118-H-193,Yea,N000194
"NICKEL, Wiley",22355,D,NC,House,118-H-241,Yea,N000194
"NICKEL, Wiley",22355,D,NC,House,118-H-337,Yea,N000194
"NICKEL, Wiley",22355,D,NC,House,118-H-523,Yea,N000194
"NICKEL, Wiley",22355,D,NC,House,118-H-556,Yea,N000194
"NICKEL, Wiley",22355,D,NC,House,118-H-572,Nay,N000194
"NICKEL, Wiley",22355,D,NC,House,118-H-573,Yea,N000194
"NICKEL, Wiley",22355,D,NC,House,118-H-617,Yea,N000194
"NICKEL, Wiley",22355,D,NC,House,118-H-671,Yea,N000194
"NICKEL, Wiley",22355,D,NC,House,118-H-672,Yea,N000194
"NICKEL, Wiley",22355,D,NC,House,118-H-692,Yea,N000194
"NICKEL, Wiley",22355,D,NC,House,118-H-716,Yea,N000194
"NICKEL, Wiley",22355,D,NC,House,118-H-746,Yea,N000194
"NICKEL, Wiley",22355,D,NC,House,118-H-756,Yea,N000194
"NICKEL, Wiley",22355,D,NC,House,118-H-762,Yea,N000194
"NICKEL, Wiley",22355,D,NC,House,118-H-852,Yea,N000194
"NICKEL, Wiley",22355,D,NC,House,118-H-859,Yea,N000194
"NICKEL, Wiley",22355,D,NC,House,118-H-870,Yea,N000194
"NICKEL, Wiley",22355,D,NC,House,118-H-890,Not voting,N000194
"NICKEL, Wiley",22355,D,NC,House,118-H-935,Nay,N000194
"NORCROSS, Donald",21536,D,NJ,House,116-H-107,Yea,N000188
"NORCROSS, Donald",21536,D,NJ,House,116-H-28,Yea,N000188
"NORCROSS, Donald",21536,D,NJ,House,116-H-496,Yea,N000188
"NORCROSS, Donald",21536,D,NJ,House,116-H-651,Yea,N000188
"NORCROSS, Donald",21536,D,NJ,House,117-H-274,Yea,N000188
"NORCROSS, Donald",21536,D,NJ,House,117-H-660,Yea,N000188
"NORCROSS, Donald",21536,D,NJ,House,118-H-1146,Yea,N000188
"NORCROSS, Donald",21536,D,NJ,House,118-H-1194,Yea,N000188
"NORCROSS, Donald",21536,D,NJ,House,118-H-193,Yea,N000188
"NORCROSS, Donald",21536,D,NJ,House,118-H-241,Yea,N000188
"NORCROSS, Donald",21536,D,NJ,House,118-H-337,Yea,N000188
"NORCROSS, Donald",21536,D,NJ,House,118-H-523,Yea,N000188
"NORCROSS, Donald",21536,D,NJ,House,118-H-556,Yea,N000188
"NORCROSS, Donald",21536,D,NJ,House,118-H-572,Nay,N000188
"NORCROSS, Donald",21536,D,NJ,House,118-H-573,Yea,N000188
"NORCROSS, Donald",21536,D,NJ,House,118-H-617,Present,N000188
"NORCROSS, Donald",21536,D,NJ,House,118-H-671,Yea,N000188
"NORCROSS, Donald",21536,D,NJ,House,118-H-672,Yea,N000188
"NORCROSS, Donald",21536,D,NJ,House,118-H-692,Yea,N000188
"NORCROSS, Donald",21536,D,NJ,House,118-H-716,Yea,N000188
"NORCROSS, Donald",21536,D,NJ,House,118-H-746,Not voting,N000188
"NORCROSS, Donald",21536,D,NJ,House,118-H-756,Yea,N000188
"NORCROSS, Donald",21536,D,NJ,House,118-H-762,Yea,N000188
"NORCROSS, Donald",21536,D,NJ,House,118-H-852,Yea,N000188
"NORCROSS, Donald",21536,D,NJ,House,118-H-859,Yea,N000188
"NORCROSS, Donald",21536,D,NJ,House,118-H-870,Yea,N000188
"NORCROSS, Donald",21536,D,NJ,House,118-H-890,Yea,N000188
"NORCROSS, Donald",21536,D,NJ,House,118-H-935,Not voting,N000188
"NORCROSS, Donald",21536,D,NJ,House,119-H-128,Not voting,N000188
"NORCROSS, Donald",21536,D,NJ,House,119-H-158,Not voting,N000188
"NORCROSS, Donald",21536,D,NJ,House,119-H-526,Yea,N000188
"NORCROSS, Donald",21536,D,NJ,House,119-H-655,Yea,N000188
"NORMAN, Ralph",21753,R,SC,House,116-H-107,Yea,N000190
"NORMAN, Ralph",21753,R,SC,House,116-H-28,Yea,N000190
"NORMAN, Ralph",21753,R,SC,House,116-H-496,Yea,N000190
"NORMAN, Ralph",21753,R,SC,House,116-H-651,Not voting,N000190
"NORMAN, Ralph",21753,R,SC,House,117-H-274,Yea,N000190
"NORMAN, Ralph",21753,R,SC,House,117-H-660,Yea,N000190
"NORMAN, Ralph",21753,R,SC,House,118-H-1146,Yea,N000190
"NORMAN, Ralph",21753,R,SC,House,118-H-1194,Yea,N000190
"NORMAN, Ralph",21753,R,SC,House,118-H-193,Yea,N000190
"NORMAN, Ralph",21753,R,SC,House,118-H-241,Yea,N000190
"NORMAN, Ralph",21753,R,SC,House,118-H-337,Yea,N000190
"NORMAN, Ralph",21753,R,SC,House,118-H-523,Yea,N000190
"NORMAN, Ralph",21753,R,SC,House,118-H-556,Yea,N000190
"NORMAN, Ralph",21753,R,SC,House,118-H-572,Yea,N000190
"NORMAN, Ralph",21753,R,SC,House,118-H-573,Yea,N000190
"NORMAN, Ralph",21753,R,SC,House,118-H-617,Yea,N000190
"NORMAN, Ralph",21753,R,SC,House,118-H-671,Yea,N000190
"NORMAN, Ralph",21753,R,SC,House,118-H-672,Yea,N000190
"NORMAN, Ralph",21753,R,SC,House,118-H-692,Yea,N000190
"NORMAN, Ralph",21753,R,SC,House,118-H-716,Yea,N000190
"NORMAN, Ralph",21753,R,SC,House,118-H-746,Yea,N000190
"NORMAN, Ralph",21753,R,SC,House,118-H-756,Nay,N000190
"NORMAN, Ralph",21753,R,SC,House,118-H-762,Yea,N000190
"NORMAN, Ralph",21753,R,SC,House,118-H-852,Yea,N000190
"NORMAN, Ralph",21753,R,SC,House,118-H-859,Yea,N000190
"NORMAN, Ralph",21753,R,SC,House,118-H-870,Nay,N000190
"NORMAN, Ralph",21753,R,SC,House,118-H-890,Nay,N000190
"NORMAN, Ralph",21753,R,SC,House,118-H-935,Yea,N000190
"NORMAN, Ralph",21753,R,SC,House,119-H-128,Yea,N000190
"NORMAN, Ralph",21753,R,SC,House,119-H-158,Yea,N000190
"NORMAN, Ralph",21753,R,SC,House,119-H-526,Yea,N000190
"NORMAN, Ralph",21753,R,SC,House,119-H-655,Yea,N000190
"NUNES, Devin",20307,R,CA,House,116-H-107,Yea,N000181
"NUNES, Devin",20307,R,CA,House,116-H-28,Yea,N000181
"NUNES, Devin",20307,R,CA,House,116-H-496,Yea,N000181
"NUNES, Devin",20307,R,CA,House,116-H-651,Nay,N000181
"NUNES, Devin",20307,R,CA,House,117-H-274,Yea,N000181
"NUNN, Zach",22356,R,IA,House,118-H-1146,Yea,N000193
"NUNN, Zach",22356,R,IA,House,118-H-1194,Yea,N000193
"NUNN, Zach",22356,R,IA,House,118-H-193,Yea,N000193
"NUNN, Zach",22356,R,IA,House,118-H-241,Yea,N000193
"NUNN, Zach",22356,R,IA,House,118-H-337,Yea,N000193
"NUNN, Zach",22356,R,IA,House,118-H-523,Yea,N000193
"NUNN, Zach",22356,R,IA,House,118-H-556,Yea,N000193
"NUNN, Zach",22356,R,IA,House,118-H-572,Yea,N000193
"NUNN, Zach",22356,R,IA,House,118-H-573,Yea,N000193
"NUNN, Zach",22356,R,IA,House,118-H-617,Yea,N000193
"NUNN, Zach",22356,R,IA,House,118-H-671,Yea,N000193
"NUNN, Zach",22356,R,IA,House,118-H-672,Yea,N000193
"NUNN, Zach",22356,R,IA,House,118-H-692,Yea,N000193
"NUNN, Zach",22356,R,IA,House,118-H-716,Yea,N000193
"NUNN, Zach",22356,R,IA,House,118-H-746,Yea,N000193
"NUNN, Zach",22356,R,IA,House,118-H-756,Yea,N000193
"NUNN, Zach",22356,R,IA,House,118-H-762,Yea,N000193
"NUNN, Zach",22356,R,IA,House,118-H-852,Yea,N000193
"NUNN, Zach",22356,R,IA,House,118-H-859,Yea,N000193
"NUNN, Zach",22356,R,IA,House,118-H-870,Yea,N000193
"NUNN, Zach",22356,R,IA,House,118-H-890,Yea,N000193
"NUNN, Zach",22356,R,IA,House,118-H-935,Yea,N000193
"NUNN, Zach",22356,R,IA,House,119-H-128,Yea,N000193
"NUNN, Zach",22356,R,IA,House,119-H-158,Yea,N000193
"NUNN, Zach",22356,R,IA,House,119-H-526,Yea,N000193
"NUNN, Zach",22356,R,IA,House,119-H-655,Yea,N000193
"O'HALLERAN, Thomas C.",21739,D,AZ,House,116-H-107,Yea,O000171
"O'HALLERAN, Thomas C.",21739,D,AZ,House,116-H-28,Yea,O000171
"O'HALLERAN, Thomas C.",21739,D,AZ,House,116-H-496,Yea,O000171
"O'HALLERAN, Thomas C.",21739,D,AZ,House,116-H-651,Yea,O000171
"O'HALLERAN, Thomas C.",21739,D,AZ,House,117-H-274,Yea,O000171
"O'HALLERAN, Thomas C.",21739,D,AZ,House,117-H-660,Yea,O000171
"OBERNOLTE, Jay",22145,R,CA,House,117-H-274,Yea,O000019
"OBERNOLTE, Jay",22145,R,CA,House,117-H-660,Yea,O000019
"OBERNOLTE, Jay",22145,R,CA,House,118-H-1146,Yea,O000019
"OBERNOLTE, Jay",22145,R,CA,House,118-H-1194,Yea,O000019
"OBERNOLTE, Jay",22145,R,CA,House,118-H-193,Yea,O000019
"OBERNOLTE, Jay",22145,R,CA,House,118-H-241,Yea,O000019
"OBERNOLTE, Jay",22145,R,CA,House,118-H-337,Yea,O000019
"OBERNOLTE, Jay",22145,R,CA,House,118-H-523,Yea,O000019
"OBERNOLTE, Jay",22145,R,CA,House,118-H-556,Yea,O000019
"OBERNOLTE, Jay",22145,R,CA,House,118-H-572,Yea,O000019
"OBERNOLTE, Jay",22145,R,CA,House,118-H-573,Yea,O000019
"OBERNOLTE, Jay",22145,R,CA,House,118-H-617,Yea,O000019
"OBERNOLTE, Jay",22145,R,CA,House,118-H-671,Yea,O000019
"OBERNOLTE, Jay",22145,R,CA,House,118-H-672,Yea,O000019
"OBERNOLTE, Jay",22145,R,CA,House,118-H-692,Yea,O000019
"OBERNOLTE, Jay",22145,R,CA,House,118-H-716,Yea,O000019
"OBERNOLTE, Jay",22145,R,CA,House,118-H-746,Yea,O000019
"OBERNOLTE, Jay",22145,R,CA,House,118-H-756,Yea,O000019
"OBERNOLTE, Jay",22145,R,CA,House,118-H-762,Yea,O000019
"OBERNOLTE, Jay",22145,R,CA,House,118-H-852,Yea,O000019
"OBERNOLTE, Jay",22145,R,CA,House,118-H-859,Yea,O000019
"OBERNOLTE, Jay",22145,R,CA,House,118-H-870,Yea,O000019
"OBERNOLTE, Jay",22145,R,CA,House,118-H-890,Yea,O000019
"OBERNOLTE, Jay",22145,R,CA,House,118-H-935,Yea,O000019
"OBERNOLTE, Jay",22145,R,CA,House,119-H-128,Yea,O000019
"OBERNOLTE, Jay",22145,R,CA,House,119-H-158,Yea,O000019
"OBERNOLTE, Jay",22145,R,CA,House,119-H-526,Yea,O000019
"OBERNOLTE, Jay",22145,R,CA,House,119-H-655,Not voting,O000019
"OCASIO-CORTEZ, Alexandria",21949,D,NY,House,116-H-107,Yea,O000172
"OCASIO-CORTEZ, Alexandria",21949,D,NY,House,116-H-28,Yea,O000172
"OCASIO-CORTEZ, Alexandria",21949,D,NY,House,116-H-496,Nay,O000172
"OCASIO-CORTEZ, Alexandria",21949,D,NY,House,116-H-651,Nay,O000172
"OCASIO-CORTEZ, Alexandria",21949,D,NY,House,117-H-274,Present,O000172
"OCASIO-CORTEZ, Alexandria",21949,D,NY,House,117-H-660,Yea,O000172
"OCASIO-CORTEZ, Alexandria",21949,D,NY,House,118-H-1146,Nay,O000172
"OCASIO-CORTEZ, Alexandria",21949,D,NY,House,118-H-1194,Yea,O000172
"OCASIO-CORTEZ, Alexandria",21949,D,NY,House,118-H-193,Nay,O000172
"OCASIO-CORTEZ, Alexandria",21949,D,NY,House,118-H-241,Yea,O000172
"OCASIO-CORTEZ, Alexandria",21949,D,NY,House,118-H-337,Nay,O000172
"OCASIO-CORTEZ, Alexandria",21949,D,NY,House,118-H-523,Nay,O000172
"OCASIO-CORTEZ, Alexandria",21949,D,NY,House,118-H-556,Nay,O000172
"OCASIO-CORTEZ, Alexandria",21949,D,NY,House,118-H-572,Nay,O000172
"OCASIO-CORTEZ, Alexandria",21949,D,NY,House,118-H-573,Nay,O000172
"OCASIO-CORTEZ, Alexandria",21949,D,NY,House,118-H-617,Nay,O000172
"OCASIO-CORTEZ, Alexandria",21949,D,NY,House,118-H-671,Yea,O000172
"OCASIO-CORTEZ, Alexandria",21949,D,NY,House,118-H-672,Yea,O000172
"OCASIO-CORTEZ, Alexandria",21949,D,NY,House,118-H-692,Nay,O000172
"OCASIO-CORTEZ, Alexandria",21949,D,NY,House,118-H-716,Nay,O000172
"OCASIO-CORTEZ, Alexandria",21949,D,NY,House,118-H-746,Yea,O000172
"OCASIO-CORTEZ, Alexandria",21949,D,NY,House,118-H-756,Nay,O000172
"OCASIO-CORTEZ, Alexandria",21949,D,NY,House,118-H-762,Yea,O000172
"OCASIO-CORTEZ, Alexandria",21949,D,NY,House,118-H-852,Nay,O000172
"OCASIO-CORTEZ, Alexandria",21949,D,NY,House,118-H-859,Nay,O000172
"OCASIO-CORTEZ, Alexandria",21949,D,NY,House,118-H-870,Nay,O000172
"OCASIO-CORTEZ, Alexandria",21949,D,NY,House,118-H-890,Nay,O000172
"OCASIO-CORTEZ, Alexandria",21949,D,NY,House,118-H-935,Nay,O000172
"OCASIO-CORTEZ, Alexandria",21949,D,NY,House,119-H-128,Yea,O000172
"OCASIO-CORTEZ, Alexandria",21949,D,NY,House,119-H-158,Yea,O000172
"OCASIO-CORTEZ, Alexandria",21949,D,NY,House,119-H-526,Yea,O000172
"OCASIO-CORTEZ, Alexandria",21949,D,NY,House,119-H-655,Nay,O000172
"OGLES, Andy",22357,R,TN,House,118-H-1146,Yea,O000175
"OGLES, Andy",22357,R,TN,House,118-H-1194,Yea,O000175
"OGLES, Andy",22357,R,TN,House,118-H-193,Yea,O000175
"OGLES, Andy",22357,R,TN,House,118-H-241,Yea,O000175
"OGLES, Andy",22357,R,TN,House,118-H-337,Yea,O000175
"OGLES, Andy",22357,R,TN,House,118-H-523,Yea,O000175
"OGLES, Andy",22357,R,TN,House,118-H-556,Yea,O000175
"OGLES, Andy",22357,R,TN,House,118-H-572,Yea,O000175
"OGLES, Andy",22357,R,TN,House,118-H-573,Yea,O000175
"OGLES, Andy",22357,R,TN,House,118-H-617,Yea,O000175
"OGLES, Andy",22357,R,TN,House,118-H-671,Yea,O000175
"OGLES, Andy",22357,R,TN,House,118-H-672,Yea,O000175
"OGLES, Andy",22357,R,TN,House,118-H-692,Yea,O000175
"OGLES, Andy",22357,R,TN,House,118-H-716,Yea,O000175
"OGLES, Andy",22357,R,TN,House,118-H-746,Yea,O000175
"OGLES, Andy",22357,R,TN,House,118-H-756,Yea,O000175
"OGLES, Andy",22357,R,TN,House,118-H-762,Yea,O000175
"OGLES, Andy",22357,R,TN,House,118-H-852,Yea,O000175
"OGLES, Andy",22357,R,TN,House,118-H-859,Yea,O000175
"OGLES, Andy",22357,R,TN,House,118-H-870,Yea,O000175
"OGLES, Andy",22357,R,TN,House,118-H-890,Yea,O000175
"OGLES, Andy",22357,R,TN,House,118-H-935,Yea,O000175
"OGLES, Andy",22357,R,TN,House,119-H-128,Yea,O000175
"OGLES, Andy",22357,R,TN,House,119-H-158,Yea,O000175
"OGLES, Andy",22357,R,TN,House,119-H-526,Yea,O000175
"OGLES, Andy",22357,R,TN,House,119-H-655,Not voting,O000175
"OLSON, Pete",20948,R,TX,House,116-H-107,Yea,O000168
"OLSON, Pete",20948,R,TX,House,116-H-28,Yea,O000168
"OLSON, Pete",20948,R,TX,House,116-H-496,Yea,O000168
"OLSON, Pete",20948,R,TX,House,116-H-651,Nay,O000168
"OLSZEWSKI, Johnny, Jr.",22545,D,MD,House,119-H-128,Yea,O000176
"OLSZEWSKI, Johnny, Jr.",22545,D,MD,House,119-H-158,Yea,O000176
"OLSZEWSKI, Johnny, Jr.",22545,D,MD,House,119-H-526,Yea,O000176
"OLSZEWSKI, Johnny, Jr.",22545,D,MD,House,119-H-655,Nay,O000176
"OMAR, Ilhan",21950,D,MN,House,116-H-107,Yea,O000173
"OMAR, Ilhan",21950,D,MN,House,116-H-28,Yea,O000173
"OMAR, Ilhan",21950,D,MN,House,116-H-496,Nay,O000173
"OMAR, Ilhan",21950,D,MN,House,116-H-651,Nay,O000173
"OMAR, Ilhan",21950,D,MN,House,117-H-274,Nay,O000173
"OMAR, Ilhan",21950,D,MN,House,117-H-660,Yea,O000173
"OMAR, Ilhan",21950,D,MN,House,118-H-1146,Nay,O000173
"OMAR, Ilhan",21950,D,MN,House,118-H-1194,Nay,O000173
"OMAR, Ilhan",21950,D,MN,House,118-H-193,Nay,O000173
"OMAR, Ilhan",21950,D,MN,House,118-H-241,Yea,O000173
"OMAR, Ilhan",21950,D,MN,House,118-H-337,Nay,O000173
"OMAR, Ilhan",21950,D,MN,House,118-H-523,Nay,O000173
"OMAR, Ilhan",21950,D,MN,House,118-H-556,Nay,O000173
"OMAR, Ilhan",21950,D,MN,House,118-H-572,Nay,O000173
"OMAR, Ilhan",21950,D,MN,House,118-H-573,Nay,O000173
"OMAR, Ilhan",21950,D,MN,House,118-H-617,Nay,O000173
"OMAR, Ilhan",21950,D,MN,House,118-H-671,Yea,O000173
"OMAR, Ilhan",21950,D,MN,House,118-H-672,Yea,O000173
"OMAR, Ilhan",21950,D,MN,House,118-H-692,Nay,O000173
"OMAR, Ilhan",21950,D,MN,House,118-H-716,Nay,O000173
"OMAR, Ilhan",21950,D,MN,House,118-H-746,Yea,O000173
"OMAR, Ilhan",21950,D,MN,House,118-H-756,Nay,O000173
"OMAR, Ilhan",21950,D,MN,House,118-H-762,Not voting,O000173
"OMAR, Ilhan",21950,D,MN,House,118-H-852,Nay,O000173
"OMAR, Ilhan",21950,D,MN,House,118-H-859,Nay,O000173
"OMAR, Ilhan",21950,D,MN,House,118-H-870,Nay,O000173
"OMAR, Ilhan",21950,D,MN,House,118-H-890,Nay,O000173
"OMAR, Ilhan",21950,D,MN,House,118-H-935,Nay,O000173
"OMAR, Ilhan",21950,D,MN,House,119-H-128,Yea,O000173
"OMAR, Ilhan",21950,D,MN,House,119-H-158,Yea,O000173
"OMAR, Ilhan",21950,D,MN,House,119-H-526,Yea,O000173
"OMAR, Ilhan",21950,D,MN,House,119-H-655,Nay,O000173
"ONDER, Robert F., Jr.",22546,R,MO,House,119-H-128,Yea,O000177
"ONDER, Robert F., Jr.",22546,R,MO,House,119-H-158,Yea,O000177
"ONDER, Robert F., Jr.",22546,R,MO,House,119-H-526,Yea,O000177
"ONDER, Robert F., Jr.",22546,R,MO,House,119-H-655,Yea,O000177
"OWENS, Burgess",22146,R,UT,House,117-H-274,Yea,O000086
"OWENS, Burgess",22146,R,UT,House,117-H-660,Yea,O000086
"OWENS, Burgess",22146,R,UT,House,118-H-1146,Yea,O000086
"OWENS, Burgess",22146,R,UT,House,118-H-1194,Yea,O000086
"OWENS, Burgess",22146,R,UT,House,118-H-193,Yea,O000086
"OWENS, Burgess",22146,R,UT,House,118-H-241,Yea,O000086
"OWENS, Burgess",22146,R,UT,House,118-H-337,Yea,O000086
"OWENS, Burgess",22146,R,UT,House,118-H-523,Yea,O000086
"OWENS, Burgess",22146,R,UT,House,118-H-556,Yea,O000086
"OWENS, Burgess",22146,R,UT,House,118-H-572,Yea,O000086
"OWENS, Burgess",22146,R,UT,House,118-H-573,Yea,O000086
"OWENS, Burgess",22146,R,UT,House,118-H-617,Yea,O000086
"OWENS, Burgess",22146,R,UT,House,118-H-671,Yea,O000086
"OWENS, Burgess",22146,R,UT,House,118-H-672,Yea,O000086
"OWENS, Burgess",22146,R,UT,House,118-H-692,Yea,O000086
"OWENS, Burgess",22146,R,UT,House,118-H-716,Yea,O000086
"OWENS, Burgess",22146,R,UT,House,118-H-746,Yea,O000086
"OWENS, Burgess",22146,R,UT,House,118-H-756,Yea,O000086
"OWENS, Burgess",22146,R,UT,House,118-H-762,Yea,O000086
"OWENS, Burgess",22146,R,UT,House,118-H-852,Yea,O000086
"OWENS, Burgess",22146,R,UT,House,118-H-859,Yea,O000086
"OWENS, Burgess",22146,R,UT,House,118-H-870,Yea,O000086
"OWENS, Burgess",22146,R,UT,House,118-H-890,Yea,O000086
"OWENS, Burgess",22146,R,UT,House,118-H-935,Yea,O000086
"OWENS, Burgess",22146,R,UT,House,119-H-128,Yea,O000086
"OWENS, Burgess",22146,R,UT,House,119-H-158,Yea,O000086
"OWENS, Burgess",22146,R,UT,House,119-H-526,Yea,O000086
"OWENS, Burgess",22146,R,UT,House,119-H-655,Yea,O000086
"PALAZZO, Steven",21148,R,MS,House,116-H-107,Nay,P000601
"PALAZZO, Steven",21148,R,MS,House,116-H-28,Yea,P000601
"PALAZZO, Steven",21148,R,MS,House,116-H-496,Yea,P000601
"PALAZZO, Steven",21148,R,MS,House,116-H-651,Nay,P000601
"PALAZZO, Steven",21148,R,MS,House,117-H-274,Yea,P000601
"PALAZZO, Steven",21148,R,MS,House,117-H-660,Not voting,P000601
"PALLONE, Frank, Jr.",15454,D,NJ,House,116-H-107,Yea,P000034
"PALLONE, Frank, Jr.",15454,D,NJ,House,116-H-28,Yea,P000034
"PALLONE, Frank, Jr.",15454,D,NJ,House,116-H-496,Yea,P000034
"PALLONE, Frank, Jr.",15454,D,NJ,House,116-H-651,Yea,P000034
"PALLONE, Frank, Jr.",15454,D,NJ,House,117-H-274,Yea,P000034
"PALLONE, Frank, Jr.",15454,D,NJ,House,117-H-660,Yea,P000034
"PALLONE, Frank, Jr.",15454,D,NJ,House,118-H-1146,Yea,P000034
"PALLONE, Frank, Jr.",15454,D,NJ,House,118-H-1194,Yea,P000034
"PALLONE, Frank, Jr.",15454,D,NJ,House,118-H-193,Yea,P000034
"PALLONE, Frank, Jr.",15454,D,NJ,House,118-H-241,Yea,P000034
"PALLONE, Frank, Jr.",15454,D,NJ,House,118-H-337,Yea,P000034
"PALLONE, Frank, Jr.",15454,D,NJ,House,118-H-523,Yea,P000034
"PALLONE, Frank, Jr.",15454,D,NJ,House,118-H-556,Yea,P000034
"PALLONE, Frank, Jr.",15454,D,NJ,House,118-H-572,Nay,P000034
"PALLONE, Frank, Jr.",15454,D,NJ,House,118-H-573,Yea,P000034
"PALLONE, Frank, Jr.",15454,D,NJ,House,118-H-617,Nay,P000034
"PALLONE, Frank, Jr.",15454,D,NJ,House,118-H-671,Yea,P000034
"PALLONE, Frank, Jr.",15454,D,NJ,House,118-H-672,Yea,P000034
"PALLONE, Frank, Jr.",15454,D,NJ,House,118-H-692,Yea,P000034
"PALLONE, Frank, Jr.",15454,D,NJ,House,118-H-716,Yea,P000034
"PALLONE, Frank, Jr.",15454,D,NJ,House,118-H-746,Yea,P000034
"PALLONE, Frank, Jr.",15454,D,NJ,House,118-H-756,Yea,P000034
"PALLONE, Frank, Jr.",15454,D,NJ,House,118-H-762,Yea,P000034
"PALLONE, Frank, Jr.",15454,D,NJ,House,118-H-852,Yea,P000034
"PALLONE, Frank, Jr.",15454,D,NJ,House,118-H-859,Yea,P000034
"PALLONE, Frank, Jr.",15454,D,NJ,House,118-H-870,Yea,P000034
"PALLONE, Frank, Jr.",15454,D,NJ,House,118-H-890,Yea,P000034
"PALLONE, Frank, Jr.",15454,D,NJ,House,118-H-935,Yea,P000034
"PALLONE, Frank, Jr.",15454,D,NJ,House,119-H-128,Yea,P000034
"PALLONE, Frank, Jr.",15454,D,NJ,House,119-H-158,Yea,P000034
"PALLONE, Frank, Jr.",15454,D,NJ,House,119-H-526,Yea,P000034
"PALLONE, Frank, Jr.",15454,D,NJ,House,119-H-655,Nay,P000034
"PALMER, Gary James",21500,R,AL,House,116-H-107,Yea,P000609
"PALMER, Gary James",21500,R,AL,House,116-H-28,Yea,P000609
"PALMER, Gary James",21500,R,AL,House,116-H-496,Yea,P000609
"PALMER, Gary James",21500,R,AL,House,116-H-651,Nay,P000609
"PALMER, Gary James",21500,R,AL,House,117-H-274,Yea,P000609
"PALMER, Gary James",21500,R,AL,House,117-H-660,Yea,P000609
"PALMER, Gary James",21500,R,AL,House,118-H-1146,Yea,P000609
"PALMER, Gary James",21500,R,AL,House,118-H-1194,Yea,P000609
"PALMER, Gary James",21500,R,AL,House,118-H-193,Yea,P000609
"PALMER, Gary James",21500,R,AL,House,118-H-241,Yea,P000609
"PALMER, Gary James",21500,R,AL,House,118-H-337,Yea,P000609
"PALMER, Gary James",21500,R,AL,House,118-H-523,Yea,P000609
"PALMER, Gary James",21500,R,AL,House,118-H-556,Yea,P000609
"PALMER, Gary James",21500,R,AL,House,118-H-572,Yea,P000609
"PALMER, Gary James",21500,R,AL,House,118-H-573,Yea,P000609
"PALMER, Gary James",21500,R,AL,House,118-H-617,Yea,P000609
"PALMER, Gary James",21500,R,AL,House,118-H-671,Yea,P000609
"PALMER, Gary James",21500,R,AL,House,118-H-672,Yea,P000609
"PALMER, Gary James",21500,R,AL,House,118-H-692,Yea,P000609
"PALMER, Gary James",21500,R,AL,House,118-H-716,Yea,P000609
"PALMER, Gary James",21500,R,AL,House,118-H-746,Yea,P000609
"PALMER, Gary James",21500,R,AL,House,118-H-756,Yea,P000609
"PALMER, Gary James",21500,R,AL,House,118-H-762,Yea,P000609
"PALMER, Gary James",21500,R,AL,House,118-H-852,Yea,P000609
"PALMER, Gary James",21500,R,AL,House,118-H-859,Yea,P000609
"PALMER, Gary James",21500,R,AL,House,118-H-870,Yea,P000609
"PALMER, Gary James",21500,R,AL,House,118-H-890,Yea,P000609
"PALMER, Gary James",21500,R,AL,House,118-H-935,Yea,P000609
"PALMER, Gary James",21500,R,AL,House,119-H-128,Yea,P000609
"PALMER, Gary James",21500,R,AL,House,119-H-158,Yea,P000609
"PALMER, Gary James",21500,R,AL,House,119-H-526,Yea,P000609
"PALMER, Gary James",21500,R,AL,House,119-H-655,Yea,P000609
"PANETTA, James Varni",21740,D,CA,House,116-H-107,Yea,P000613
"PANETTA, James Varni",21740,D,CA,House,116-H-28,Yea,P000613
"PANETTA, James Varni",21740,D,CA,House,116-H-496,Yea,P000613
"PANETTA, James Varni",21740,D,CA,House,116-H-651,Yea,P000613
"PANETTA, James Varni",21740,D,CA,House,117-H-274,Yea,P000613
"PANETTA, James Varni",21740,D,CA,House,117-H-660,Yea,P000613
"PANETTA, James Varni",21740,D,CA,House,118-H-1146,Nay,P000613
"PANETTA, James Varni",21740,D,CA,House,118-H-1194,Yea,P000613
"PANETTA, James Varni",21740,D,CA,House,118-H-193,Yea,P000613
"PANETTA, James Varni",21740,D,CA,House,118-H-241,Yea,P000613
"PANETTA, James Varni",21740,D,CA,House,118-H-337,Yea,P000613
"PANETTA, James Varni",21740,D,CA,House,118-H-523,Yea,P000613
"PANETTA, James Varni",21740,D,CA,House,118-H-556,Yea,P000613
"PANETTA, James Varni",21740,D,CA,House,118-H-572,Nay,P000613
"PANETTA, James Varni",21740,D,CA,House,118-H-573,Yea,P000613
"PANETTA, James Varni",21740,D,CA,House,118-H-617,Nay,P000613
"PANETTA, James Varni",21740,D,CA,House,118-H-671,Yea,P000613
"PANETTA, James Varni",21740,D,CA,House,118-H-672,Yea,P000613
"PANETTA, James Varni",21740,D,CA,House,118-H-692,Yea,P000613
"PANETTA, James Varni",21740,D,CA,House,118-H-716,Nay,P000613
"PANETTA, James Varni",21740,D,CA,House,118-H-746,Yea,P000613
"PANETTA, James Varni",21740,D,CA,House,118-H-756,Nay,P000613
"PANETTA, James Varni",21740,D,CA,House,118-H-762,Yea,P000613
"PANETTA, James Varni",21740,D,CA,House,118-H-852,Yea,P000613
"PANETTA, James Varni",21740,D,CA,House,118-H-859,Yea,P000613
"PANETTA, James Varni",21740,D,CA,House,118-H-870,Yea,P000613
"PANETTA, James Varni",21740,D,CA,House,118-H-890,Yea,P000613
"PANETTA, James Varni",21740,D,CA,House,118-H-935,Nay,P000613
"PANETTA, James Varni",21740,D,CA,House,119-H-128,Yea,P000613
"PANETTA, James Varni",21740,D,CA,House,119-H-158,Yea,P000613
"PANETTA, James Varni",21740,D,CA,House,119-H-526,Yea,P000613
"PANETTA, James Varni",21740,D,CA,House,119-H-655,Yea,P000613
"PAPPAS, Chris",21951,D,NH,House,116-H-107,Yea,P000614
"PAPPAS, Chris",21951,D,NH,House,116-H-28,Yea,P000614
"PAPPAS, Chris",21951,D,NH,House,116-H-496,Yea,P000614
"PAPPAS, Chris",21951,D,NH,House,116-H-651,Yea,P000614
"PAPPAS, Chris",21951,D,NH,House,117-H-274,Yea,P000614
"PAPPAS, Chris",21951,D,NH,House,117-H-660,Yea,P000614
"PAPPAS, Chris",21951,D,NH,House,118-H-1146,Yea,P000614
"PAPPAS, Chris",21951,D,NH,House,118-H-1194,Yea,P000614
"PAPPAS, Chris",21951,D,NH,House,118-H-193,Yea,P000614
"PAPPAS, Chris",21951,D,NH,House,118-H-241,Yea,P000614
"PAPPAS, Chris",21951,D,NH,House,118-H-337,Yea,P000614
"PAPPAS, Chris",21951,D,NH,House,118-H-523,Yea,P000614
"PAPPAS, Chris",21951,D,NH,House,118-H-556,Yea,P000614
"PAPPAS, Chris",21951,D,NH,House,118-H-572,Nay,P000614
"PAPPAS, Chris",21951,D,NH,House,118-H-573,Yea,P000614
"PAPPAS, Chris",21951,D,NH,House,118-H-617,Yea,P000614
"PAPPAS, Chris",21951,D,NH,House,118-H-671,Yea,P000614
"PAPPAS, Chris",21951,D,NH,House,118-H-672,Yea,P000614
"PAPPAS, Chris",21951,D,NH,House,118-H-692,Yea,P000614
"PAPPAS, Chris",21951,D,NH,House,118-H-716,Yea,P000614
"PAPPAS, Chris",21951,D,NH,House,118-H-746,Yea,P000614
"PAPPAS, Chris",21951,D,NH,House,118-H-756,Yea,P000614
"PAPPAS, Chris",21951,D,NH,House,118-H-762,Yea,P000614
"PAPPAS, Chris",21951,D,NH,House,118-H-852,Yea,P000614
"PAPPAS, Chris",21951,D,NH,House,118-H-859,Yea,P000614
"PAPPAS, Chris",21951,D,NH,House,118-H-870,Yea,P000614
"PAPPAS, Chris",21951,D,NH,House,118-H-890,Yea,P000614
"PAPPAS, Chris",21951,D,NH,House,118-H-935,Nay,P000614
"PAPPAS, Chris",21951,D,NH,House,119-H-128,Yea,P000614
"PAPPAS, Chris",21951,D,NH,House,119-H-158,Yea,P000614
"PAPPAS, Chris",21951,D,NH,House,119-H-526,Yea,P000614
"PAPPAS, Chris",21951,D,NH,House,119-H-655,Nay,P000614
"PASCRELL, William J., Jr.",29741,D,NJ,House,116-H-107,Yea,P000096
"PASCRELL, William J., Jr.",29741,D,NJ,House,116-H-28,Yea,P000096
"PASCRELL, William J., Jr.",29741,D,NJ,House,116-H-496,Yea,P000096
"PASCRELL, William J., Jr.",29741,D,NJ,House,116-H-651,Yea,P000096
"PASCRELL, William J., Jr.",29741,D,NJ,House,117-H-274,Yea,P000096
"PASCRELL, William J., Jr.",29741,D,NJ,House,117-H-660,Yea,P000096
"PASCRELL, William J., Jr.",29741,D,NJ,House,118-H-193,Yea,P000096
"PASCRELL, William J., Jr.",29741,D,NJ,House,118-H-241,Yea,P000096
"PASCRELL, William J., Jr.",29741,D,NJ,House,118-H-337,Yea,P000096
"PASCRELL, William J., Jr.",29741,D,NJ,House,118-H-523,Yea,P000096
"PASCRELL, William J., Jr.",29741,D,NJ,House,118-H-556,Yea,P000096
"PASCRELL, William J., Jr.",29741,D,NJ,House,118-H-572,Nay,P000096
"PASCRELL, William J., Jr.",29741,D,NJ,House,118-H-573,Yea,P000096
"PASCRELL, William J., Jr.",29741,D,NJ,House,118-H-617,Nay,P000096
"PASCRELL, William J., Jr.",29741,D,NJ,House,118-H-671,Yea,P000096
"PASCRELL, William J., Jr.",29741,D,NJ,House,118-H-672,Yea,P000096
"PASCRELL, William J., Jr.",29741,D,NJ,House,118-H-692,Yea,P000096
"PASCRELL, William J., Jr.",29741,D,NJ,House,118-H-716,Nay,P000096
"PASCRELL, William J., Jr.",29741,D,NJ,House,118-H-746,Yea,P000096
"PASCRELL, William J., Jr.",29741,D,NJ,House,118-H-756,Nay,P000096
"PASCRELL, William J., Jr.",29741,D,NJ,House,118-H-762,Yea,P000096
"PASCRELL, William J., Jr.",29741,D,NJ,House,118-H-852,Yea,P000096
"PASCRELL, William J., Jr.",29741,D,NJ,House,118-H-859,Yea,P000096
"PASCRELL, William J., Jr.",29741,D,NJ,House,118-H-870,Yea,P000096
"PASCRELL, William J., Jr.",29741,D,NJ,House,118-H-890,Yea,P000096
"PASCRELL, William J., Jr.",29741,D,NJ,House,118-H-935,Nay,P000096
"PATRONIS, Jimmy",22563,R,FL,House,119-H-128,Yea,P000622
"PATRONIS, Jimmy",22563,R,FL,House,119-H-158,Yea,P000622
"PATRONIS, Jimmy",22563,R,FL,House,119-H-526,Yea,P000622
"PATRONIS, Jimmy",22563,R,FL,House,119-H-655,Yea,P000622
"PAYNE, Donald, Jr.",31103,D,NJ,House,116-H-107,Yea,P000604
"PAYNE, Donald, Jr.",31103,D,NJ,House,116-H-28,Not voting,P000604
"PAYNE, Donald, Jr.",31103,D,NJ,House,116-H-496,Yea,P000604
"PAYNE, Donald, Jr.",31103,D,NJ,House,116-H-651,Yea,P000604
"PAYNE, Donald, Jr.",31103,D,NJ,House,117-H-274,Yea,P000604
"PAYNE, Donald, Jr.",31103,D,NJ,House,117-H-660,Yea,P000604
"PAYNE, Donald, Jr.",31103,D,NJ,House,118-H-193,Yea,P000604
"PAYNE, Donald, Jr.",31103,D,NJ,House,118-H-241,Yea,P000604
"PAYNE, Donald, Jr.",31103,D,NJ,House,118-H-337,Not voting,P000604
"PAYNE, Donald, Jr.",31103,D,NJ,House,118-H-523,Not voting,P000604
"PAYNE, Donald, Jr.",31103,D,NJ,House,118-H-556,Yea,P000604
"PAYNE, Donald, Jr.",31103,D,NJ,House,118-H-572,Nay,P000604
"PAYNE, Donald, Jr.",31103,D,NJ,House,118-H-573,Yea,P000604
"PAYNE, Donald, Jr.",31103,D,NJ,House,118-H-617,Nay,P000604
"PAYNE, Donald, Jr.",31103,D,NJ,House,118-H-671,Yea,P000604
"PAYNE, Donald, Jr.",31103,D,NJ,House,118-H-672,Yea,P000604
"PAYNE, Donald, Jr.",31103,D,NJ,House,118-H-692,Present,P000604
"PAYNE, Donald, Jr.",31103,D,NJ,House,118-H-716,Nay,P000604
"PAYNE, Donald, Jr.",31103,D,NJ,House,118-H-746,Yea,P000604
"PAYNE, Donald, Jr.",31103,D,NJ,House,118-H-756,Nay,P000604
"PAYNE, Donald, Jr.",31103,D,NJ,House,118-H-762,Yea,P000604
"PAYNE, Donald, Jr.",31103,D,NJ,House,118-H-852,Not voting,P000604
"PAYNE, Donald, Jr.",31103,D,NJ,House,118-H-859,Not voting,P000604
"PAYNE, Donald, Jr.",31103,D,NJ,House,118-H-870,Not voting,P000604
"PELOSI, Nancy",15448,D,CA,House,116-H-107,Yea,P000197
"PELOSI, Nancy",15448,D,CA,House,117-H-274,Yea,P000197
"PELOSI, Nancy",15448,D,CA,House,117-H-660,Yea,P000197
"PELOSI, Nancy",15448,D,CA,House,118-H-1146,Nay,P000197
"PELOSI, Nancy",15448,D,CA,House,118-H-1194,Yea,P000197
"PELOSI, Nancy",15448,D,CA,House,118-H-193,Yea,P000197
"PELOSI, Nancy",15448,D,CA,House,118-H-241,Yea,P000197
"PELOSI, Nancy",15448,D,CA,House,118-H-337,Yea,P000197
"PELOSI, Nancy",15448,D,CA,House,118-H-523,Yea,P000197
"PELOSI, Nancy",15448,D,CA,House,118-H-556,Yea,P000197
"PELOSI, Nancy",15448,D,CA,House,118-H-572,Nay,P000197
"PELOSI, Nancy",15448,D,CA,House,118-H-573,Yea,P000197
"PELOSI, Nancy",15448,D,CA,House,118-H-617,Nay,P000197
"PELOSI, Nancy",15448,D,CA,House,118-H-671,Not voting,P000197
"PELOSI, Nancy",15448,D,CA,House,118-H-672,Not voting,P000197
"PELOSI, Nancy",15448,D,CA,House,118-H-692,Not voting,P000197
"PELOSI, Nancy",15448,D,CA,House,118-H-716,Nay,P000197
"PELOSI, Nancy",15448,D,CA,House,118-H-746,Yea,P000197
"PELOSI, Nancy",15448,D,CA,House,118-H-756,Nay,P000197
"PELOSI, Nancy",15448,D,CA,House,118-H-762,Yea,P000197
"PELOSI, Nancy",15448,D,CA,House,118-H-852,Yea,P000197
"PELOSI, Nancy",15448,D,CA,House,118-H-859,Yea,P000197
"PELOSI, Nancy",15448,D,CA,House,118-H-870,Yea,P000197
"PELOSI, Nancy",15448,D,CA,House,118-H-890,Yea,P000197
"PELOSI, Nancy",15448,D,CA,House,118-H-935,Nay,P000197
"PELOSI, Nancy",15448,D,CA,House,119-H-128,Yea,P000197
"PELOSI, Nancy",15448,D,CA,House,119-H-158,Yea,P000197
"PELOSI, Nancy",15448,D,CA,House,119-H-526,Yea,P000197
"PELOSI, Nancy",15448,D,CA,House,119-H-655,Nay,P000197
"PELTOLA, Mary Sattler",22168,D,AK,House,118-H-1146,Not voting,P000619
"PELTOLA, Mary Sattler",22168,D,AK,House,118-H-1194,Yea,P000619
"PELTOLA, Mary Sattler",22168,D,AK,House,118-H-193,Yea,P000619
"PELTOLA, Mary Sattler",22168,D,AK,House,118-H-241,Yea,P000619
"PELTOLA, Mary Sattler",22168,D,AK,House,118-H-337,Yea,P000619
"PELTOLA, Mary Sattler",22168,D,AK,House,118-H-523,Yea,P000619
"PELTOLA, Mary Sattler",22168,D,AK,House,118-H-556,Yea,P000619
"PELTOLA, Mary Sattler",22168,D,AK,House,118-H-572,Nay,P000619
"PELTOLA, Mary Sattler",22168,D,AK,House,118-H-573,Yea,P000619
"PELTOLA, Mary Sattler",22168,D,AK,House,118-H-617,Nay,P000619
"PELTOLA, Mary Sattler",22168,D,AK,House,118-H-671,Yea,P000619
"PELTOLA, Mary Sattler",22168,D,AK,House,118-H-672,Yea,P000619
"PELTOLA, Mary Sattler",22168,D,AK,House,118-H-692,Yea,P000619
"PELTOLA, Mary Sattler",22168,D,AK,House,118-H-716,Yea,P000619
"PELTOLA, Mary Sattler",22168,D,AK,House,118-H-746,Yea,P000619
"PELTOLA, Mary Sattler",22168,D,AK,House,118-H-756,Yea,P000619
"PELTOLA, Mary Sattler",22168,D,AK,House,118-H-762,Yea,P000619
"PELTOLA, Mary Sattler",22168,D,AK,House,118-H-852,Yea,P000619
"PELTOLA, Mary Sattler",22168,D,AK,House,118-H-859,Yea,P000619
"PELTOLA, Mary Sattler",22168,D,AK,House,118-H-870,Yea,P000619
"PELTOLA, Mary Sattler",22168,D,AK,House,118-H-890,Yea,P000619
"PELTOLA, Mary Sattler",22168,D,AK,House,118-H-935,Yea,P000619
"PENCE, Gregory",21952,R,IN,House,116-H-107,Yea,P000615
"PENCE, Gregory",21952,R,IN,House,116-H-28,Yea,P000615
"PENCE, Gregory",21952,R,IN,House,116-H-496,Yea,P000615
"PENCE, Gregory",21952,R,IN,House,116-H-651,Nay,P000615
"PENCE, Gregory",21952,R,IN,House,117-H-274,Yea,P000615
"PENCE, Gregory",21952,R,IN,House,117-H-660,Yea,P000615
"PENCE, Gregory",21952,R,IN,House,118-H-1146,Yea,P000615
"PENCE, Gregory",21952,R,IN,House,118-H-1194,Yea,P000615
"PENCE, Gregory",21952,R,IN,House,118-H-193,Yea,P000615
"PENCE, Gregory",21952,R,IN,House,118-H-241,Yea,P000615
"PENCE, Gregory",21952,R,IN,House,118-H-337,Yea,P000615
"PENCE, Gregory",21952,R,IN,House,118-H-523,Yea,P000615
"PENCE, Gregory",21952,R,IN,House,118-H-556,Yea,P000615
"PENCE, Gregory",21952,R,IN,House,118-H-572,Yea,P000615
"PENCE, Gregory",21952,R,IN,House,118-H-573,Yea,P000615
"PENCE, Gregory",21952,R,IN,House,118-H-617,Yea,P000615
"PENCE, Gregory",21952,R,IN,House,118-H-671,Yea,P000615
"PENCE, Gregory",21952,R,IN,House,118-H-672,Yea,P000615
"PENCE, Gregory",21952,R,IN,House,118-H-692,Yea,P000615
"PENCE, Gregory",21952,R,IN,House,118-H-716,Yea,P000615
"PENCE, Gregory",21952,R,IN,House,118-H-746,Yea,P000615
"PENCE, Gregory",21952,R,IN,House,118-H-756,Yea,P000615
"PENCE, Gregory",21952,R,IN,House,118-H-762,Yea,P000615
"PENCE, Gregory",21952,R,IN,House,118-H-852,Yea,P000615
"PENCE, Gregory",21952,R,IN,House,118-H-859,Yea,P000615
"PENCE, Gregory",21952,R,IN,House,118-H-870,Yea,P000615
"PENCE, Gregory",21952,R,IN,House,118-H-890,Yea,P000615
"PENCE, Gregory",21952,R,IN,House,118-H-935,Yea,P000615
"PEREZ, Marie Gluesenkamp",22358,D,WA,House,118-H-1146,Yea,G000600
"PEREZ, Marie Gluesenkamp",22358,D,WA,House,118-H-1194,Yea,G000600
"PEREZ, Marie Gluesenkamp",22358,D,WA,House,118-H-193,Yea,G000600
"PEREZ, Marie Gluesenkamp",22358,D,WA,House,118-H-241,Yea,G000600
"PEREZ, Marie Gluesenkamp",22358,D,WA,House,118-H-337,Yea,G000600
"PEREZ, Marie Gluesenkamp",22358,D,WA,House,118-H-523,Yea,G000600
"PEREZ, Marie Gluesenkamp",22358,D,WA,House,118-H-556,Yea,G000600
"PEREZ, Marie Gluesenkamp",22358,D,WA,House,118-H-572,Nay,G000600
"PEREZ, Marie Gluesenkamp",22358,D,WA,House,118-H-573,Yea,G000600
"PEREZ, Marie Gluesenkamp",22358,D,WA,House,118-H-617,Yea,G000600
"PEREZ, Marie Gluesenkamp",22358,D,WA,House,118-H-671,Yea,G000600
"PEREZ, Marie Gluesenkamp",22358,D,WA,House,118-H-672,Yea,G000600
"PEREZ, Marie Gluesenkamp",22358,D,WA,House,118-H-692,Yea,G000600
"PEREZ, Marie Gluesenkamp",22358,D,WA,House,118-H-716,Yea,G000600
"PEREZ, Marie Gluesenkamp",22358,D,WA,House,118-H-746,Yea,G000600
"PEREZ, Marie Gluesenkamp",22358,D,WA,House,118-H-756,Yea,G000600
"PEREZ, Marie Gluesenkamp",22358,D,WA,House,118-H-762,Yea,G000600
"PEREZ, Marie Gluesenkamp",22358,D,WA,House,118-H-852,Yea,G000600
"PEREZ, Marie Gluesenkamp",22358,D,WA,House,118-H-859,Yea,G000600
"PEREZ, Marie Gluesenkamp",22358,D,WA,House,118-H-870,Yea,G000600
"PEREZ, Marie Gluesenkamp",22358,D,WA,House,118-H-890,Yea,G000600
"PEREZ, Marie Gluesenkamp",22358,D,WA,House,118-H-935,Yea,G000600
"PEREZ, Marie Gluesenkamp",22358,D,WA,House,119-H-128,Yea,G000600
"PEREZ, Marie Gluesenkamp",22358,D,WA,House,119-H-158,Yea,G000600
"PEREZ, Marie Gluesenkamp",22358,D,WA,House,119-H-526,Yea,G000600
"PEREZ, Marie Gluesenkamp",22358,D,WA,House,119-H-655,Yea,G000600
"PERLMUTTER, Ed",20705,D,CO,House,116-H-107,Yea,P000593
"PERLMUTTER, Ed",20705,D,CO,House,116-H-28,Yea,P000593
"PERLMUTTER, Ed",20705,D,CO,House,116-H-496,Yea,P000593
"PERLMUTTER, Ed",20705,D,CO,House,116-H-651,Yea,P000593
"PERLMUTTER, Ed",20705,D,CO,House,117-H-274,Yea,P000593
"PERLMUTTER, Ed",20705,D,CO,House,117-H-660,Yea,P000593
"PERRY, Scott",21356,R,PA,House,116-H-107,Yea,P000605
"PERRY, Scott",21356,R,PA,House,116-H-28,Yea,P000605
"PERRY, Scott",21356,R,PA,House,116-H-496,Yea,P000605
"PERRY, Scott",21356,R,PA,House,116-H-651,Nay,P000605
"PERRY, Scott",21356,R,PA,House,117-H-274,Yea,P000605
"PERRY, Scott",21356,R,PA,House,117-H-660,Yea,P000605
"PERRY, Scott",21356,R,PA,House,118-H-1146,Yea,P000605
"PERRY, Scott",21356,R,PA,House,118-H-1194,Yea,P000605
"PERRY, Scott",21356,R,PA,House,118-H-193,Yea,P000605
"PERRY, Scott",21356,R,PA,House,118-H-241,Yea,P000605
"PERRY, Scott",21356,R,PA,House,118-H-337,Yea,P000605
"PERRY, Scott",21356,R,PA,House,118-H-523,Yea,P000605
"PERRY, Scott",21356,R,PA,House,118-H-556,Yea,P000605
"PERRY, Scott",21356,R,PA,House,118-H-572,Yea,P000605
"PERRY, Scott",21356,R,PA,House,118-H-573,Yea,P000605
"PERRY, Scott",21356,R,PA,House,118-H-617,Yea,P000605
"PERRY, Scott",21356,R,PA,House,118-H-671,Yea,P000605
"PERRY, Scott",21356,R,PA,House,118-H-672,Yea,P000605
"PERRY, Scott",21356,R,PA,House,118-H-692,Yea,P000605
"PERRY, Scott",21356,R,PA,House,118-H-716,Yea,P000605
"PERRY, Scott",21356,R,PA,House,118-H-746,Yea,P000605
"PERRY, Scott",21356,R,PA,House,118-H-756,Yea,P000605
"PERRY, Scott",21356,R,PA,House,118-H-762,Yea,P000605
"PERRY, Scott",21356,R,PA,House,118-H-852,Yea,P000605
"PERRY, Scott",21356,R,PA,House,118-H-859,Yea,P000605
"PERRY, Scott",21356,R,PA,House,118-H-870,Nay,P000605
"PERRY, Scott",21356,R,PA,House,118-H-890,Yea,P000605
"PERRY, Scott",21356,R,PA,House,118-H-935,Yea,P000605
"PERRY, Scott",21356,R,PA,House,119-H-128,Yea,P000605
"PERRY, Scott",21356,R,PA,House,119-H-158,Yea,P000605
"PERRY, Scott",21356,R,PA,House,119-H-526,Yea,P000605
"PERRY, Scott",21356,R,PA,House,119-H-655,Yea,P000605
"PETERS, Scott",21315,D,CA,House,116-H-107,Yea,P000608
"PETERS, Scott",21315,D,CA,House,116-H-28,Yea,P000608
"PETERS, Scott",21315,D,CA,House,116-H-496,Yea,P000608
"PETERS, Scott",21315,D,CA,House,116-H-651,Yea,P000608
"PETERS, Scott",21315,D,CA,House,117-H-274,Yea,P000608
"PETERS, Scott",21315,D,CA,House,117-H-660,Yea,P000608
"PETERS, Scott",21315,D,CA,House,118-H-1146,Nay,P000608
"PETERS, Scott",21315,D,CA,House,118-H-1194,Yea,P000608
"PETERS, Scott",21315,D,CA,House,118-H-193,Not voting,P000608
"PETERS, Scott",21315,D,CA,House,118-H-241,Yea,P000608
"PETERS, Scott",21315,D,CA,House,118-H-337,Not voting,P000608
"PETERS, Scott",21315,D,CA,House,118-H-523,Yea,P000608
"PETERS, Scott",21315,D,CA,House,118-H-556,Yea,P000608
"PETERS, Scott",21315,D,CA,House,118-H-572,Nay,P000608
"PETERS, Scott",21315,D,CA,House,118-H-573,Yea,P000608
"PETERS, Scott",21315,D,CA,House,118-H-617,Nay,P000608
"PETERS, Scott",21315,D,CA,House,118-H-671,Yea,P000608
"PETERS, Scott",21315,D,CA,House,118-H-672,Yea,P000608
"PETERS, Scott",21315,D,CA,House,118-H-692,Yea,P000608
"PETERS, Scott",21315,D,CA,House,118-H-716,Yea,P000608
"PETERS, Scott",21315,D,CA,House,118-H-746,Yea,P000608
"PETERS, Scott",21315,D,CA,House,118-H-756,Nay,P000608
"PETERS, Scott",21315,D,CA,House,118-H-762,Yea,P000608
"PETERS, Scott",21315,D,CA,House,118-H-852,Yea,P000608
"PETERS, Scott",21315,D,CA,House,118-H-859,Yea,P000608
"PETERS, Scott",21315,D,CA,House,118-H-870,Yea,P000608
"PETERS, Scott",21315,D,CA,House,118-H-890,Yea,P000608
"PETERS, Scott",21315,D,CA,House,118-H-935,Nay,P000608
"PETERS, Scott",21315,D,CA,House,119-H-128,Yea,P000608
"PETERS, Scott",21315,D,CA,House,119-H-158,Yea,P000608
"PETERS, Scott",21315,D,CA,House,119-H-526,Yea,P000608
"PETERS, Scott",21315,D,CA,House,119-H-655,Nay,P000608
"PETERSON, Collin Clark",29127,D,MN,House,116-H-107,Yea,P000258
"PETERSON, Collin Clark",29127,D,MN,House,116-H-28,Yea,P000258
"PETERSON, Collin Clark",29127,D,MN,House,116-H-496,Yea,P000258
"PETERSON, Collin Clark",29127,D,MN,House,116-H-651,Yea,P000258
"PETTERSEN, Brittany",22359,D,CO,House,118-H-1146,Nay,P000620
"PETTERSEN, Brittany",22359,D,CO,House,118-H-1194,Yea,P000620
"PETTERSEN, Brittany",22359,D,CO,House,118-H-193,Yea,P000620
"PETTERSEN, Brittany",22359,D,CO,House,118-H-241,Yea,P000620
"PETTERSEN, Brittany",22359,D,CO,House,118-H-337,Yea,P000620
"PETTERSEN, Brittany",22359,D,CO,House,118-H-523,Yea,P000620
"PETTERSEN, Brittany",22359,D,CO,House,118-H-556,Yea,P000620
"PETTERSEN, Brittany",22359,D,CO,House,118-H-572,Nay,P000620
"PETTERSEN, Brittany",22359,D,CO,House,118-H-573,Yea,P000620
"PETTERSEN, Brittany",22359,D,CO,House,118-H-617,Nay,P000620
"PETTERSEN, Brittany",22359,D,CO,House,118-H-671,Yea,P000620
"PETTERSEN, Brittany",22359,D,CO,House,118-H-672,Yea,P000620
"PETTERSEN, Brittany",22359,D,CO,House,118-H-692,Yea,P000620
"PETTERSEN, Brittany",22359,D,CO,House,118-H-716,Yea,P000620
"PETTERSEN, Brittany",22359,D,CO,House,118-H-746,Yea,P000620
"PETTERSEN, Brittany",22359,D,CO,House,118-H-756,Nay,P000620
"PETTERSEN, Brittany",22359,D,CO,House,118-H-762,Yea,P000620
"PETTERSEN, Brittany",22359,D,CO,House,118-H-852,Yea,P000620
"PETTERSEN, Brittany",22359,D,CO,House,118-H-859,Yea,P000620
"PETTERSEN, Brittany",22359,D,CO,House,118-H-870,Yea,P000620
"PETTERSEN, Brittany",22359,D,CO,House,118-H-890,Yea,P000620
"PETTERSEN, Brittany",22359,D,CO,House,118-H-935,Nay,P000620
"PETTERSEN, Brittany",22359,D,CO,House,119-H-128,Not voting,P000620
"PETTERSEN, Brittany",22359,D,CO,House,119-H-158,Yea,P000620
"PETTERSEN, Brittany",22359,D,CO,House,119-H-526,Yea,P000620
"PETTERSEN, Brittany",22359,D,CO,House,119-H-655,Nay,P000620
"PFLUGER, August",22147,R,TX,House,117-H-274,Yea,P000048
"PFLUGER, August",22147,R,TX,House,117-H-660,Not voting,P000048
"PFLUGER, August",22147,R,TX,House,118-H-1146,Yea,P000048
"PFLUGER, August",22147,R,TX,House,118-H-1194,Yea,P000048
"PFLUGER, August",22147,R,TX,House,118-H-193,Yea,P000048
"PFLUGER, August",22147,R,TX,House,118-H-241,Yea,P000048
"PFLUGER, August",22147,R,TX,House,118-H-337,Yea,P000048
"PFLUGER, August",22147,R,TX,House,118-H-523,Yea,P000048
"PFLUGER, August",22147,R,TX,House,118-H-556,Yea,P000048
"PFLUGER, August",22147,R,TX,House,118-H-572,Yea,P000048
"PFLUGER, August",22147,R,TX,House,118-H-573,Yea,P000048
"PFLUGER, August",22147,R,TX,House,118-H-617,Yea,P000048
"PFLUGER, August",22147,R,TX,House,118-H-671,Yea,P000048
"PFLUGER, August",22147,R,TX,House,118-H-672,Yea,P000048
"PFLUGER, August",22147,R,TX,House,118-H-692,Yea,P000048
"PFLUGER, August",22147,R,TX,House,118-H-716,Yea,P000048
"PFLUGER, August",22147,R,TX,House,118-H-746,Yea,P000048
"PFLUGER, August",22147,R,TX,House,118-H-756,Yea,P000048
"PFLUGER, August",22147,R,TX,House,118-H-762,Yea,P000048
"PFLUGER, August",22147,R,TX,House,118-H-852,Yea,P000048
"PFLUGER, August",22147,R,TX,House,118-H-859,Yea,P000048
"PFLUGER, August",22147,R,TX,House,118-H-870,Yea,P000048
"PFLUGER, August",22147,R,TX,House,118-H-890,Yea,P000048
"PFLUGER, August",22147,R,TX,House,118-H-935,Yea,P000048
"PFLUGER, August",22147,R,TX,House,119-H-128,Yea,P000048
"PFLUGER, August",22147,R,TX,House,119-H-158,Yea,P000048
"PFLUGER, August",22147,R,TX,House,119-H-526,Yea,P000048
"PFLUGER, August",22147,R,TX,House,119-H-655,Yea,P000048
"PHILLIPS, Dean",21953,D,MN,House,116-H-107,Yea,P000616
"PHILLIPS, Dean",21953,D,MN,House,116-H-28,Yea,P000616
"PHILLIPS, Dean",21953,D,MN,House,116-H-496,Yea,P000616
"PHILLIPS, Dean",21953,D,MN,House,116-H-651,Yea,P000616
"PHILLIPS, Dean",21953,D,MN,House,117-H-274,Yea,P000616
"PHILLIPS, Dean",21953,D,MN,House,117-H-660,Yea,P000616
"PHILLIPS, Dean",21953,D,MN,House,118-H-1146,Nay,P000616
"PHILLIPS, Dean",21953,D,MN,House,118-H-1194,Not voting,P000616
"PHILLIPS, Dean",21953,D,MN,House,118-H-193,Yea,P000616
"PHILLIPS, Dean",21953,D,MN,House,118-H-241,Yea,P000616
"PHILLIPS, Dean",21953,D,MN,House,118-H-337,Yea,P000616
"PHILLIPS, Dean",21953,D,MN,House,118-H-523,Yea,P000616
"PHILLIPS, Dean",21953,D,MN,House,118-H-556,Not voting,P000616
"PHILLIPS, Dean",21953,D,MN,House,118-H-572,Not voting,P000616
"PHILLIPS, Dean",21953,D,MN,House,118-H-573,Not voting,P000616
"PHILLIPS, Dean",21953,D,MN,House,118-H-617,Not voting,P000616
"PHILLIPS, Dean",21953,D,MN,House,118-H-671,Not voting,P000616
"PHILLIPS, Dean",21953,D,MN,House,118-H-672,Not voting,P000616
"PHILLIPS, Dean",21953,D,MN,House,118-H-692,Not voting,P000616
"PHILLIPS, Dean",21953,D,MN,House,118-H-716,Yea,P000616
"PHILLIPS, Dean",21953,D,MN,House,118-H-746,Not voting,P000616
"PHILLIPS, Dean",21953,D,MN,House,118-H-756,Nay,P000616
"PHILLIPS, Dean",21953,D,MN,House,118-H-762,Not voting,P000616
"PHILLIPS, Dean",21953,D,MN,House,118-H-852,Yea,P000616
"PHILLIPS, Dean",21953,D,MN,House,118-H-859,Not voting,P000616
"PHILLIPS, Dean",21953,D,MN,House,118-H-870,Yea,P000616
"PHILLIPS, Dean",21953,D,MN,House,118-H-890,Yea,P000616
"PHILLIPS, Dean",21953,D,MN,House,118-H-935,Nay,P000616
"PINGREE, Chellie",20920,D,ME,House,116-H-107,Yea,P000597
"PINGREE, Chellie",20920,D,ME,House,116-H-28,Yea,P000597
"PINGREE, Chellie",20920,D,ME,House,116-H-496,Nay,P000597
"PINGREE, Chellie",20920,D,ME,House,116-H-651,Yea,P000597
"PINGREE, Chellie",20920,D,ME,House,117-H-274,Yea,P000597
"PINGREE, Chellie",20920,D,ME,House,117-H-660,Yea,P000597
"PINGREE, Chellie",20920,D,ME,House,118-H-1146,Nay,P000597
"PINGREE, Chellie",20920,D,ME,House,118-H-1194,Yea,P000597
"PINGREE, Chellie",20920,D,ME,House,118-H-193,Yea,P000597
"PINGREE, Chellie",20920,D,ME,House,118-H-241,Yea,P000597
"PINGREE, Chellie",20920,D,ME,House,118-H-337,Yea,P000597
"PINGREE, Chellie",20920,D,ME,House,118-H-523,Yea,P000597
"PINGREE, Chellie",20920,D,ME,House,118-H-556,Yea,P000597
"PINGREE, Chellie",20920,D,ME,House,118-H-572,Nay,P000597
"PINGREE, Chellie",20920,D,ME,House,118-H-573,Yea,P000597
"PINGREE, Chellie",20920,D,ME,House,118-H-617,Nay,P000597
"PINGREE, Chellie",20920,D,ME,House,118-H-671,Yea,P000597
"PINGREE, Chellie",20920,D,ME,House,118-H-672,Yea,P000597
"PINGREE, Chellie",20920,D,ME,House,118-H-692,Present,P000597
"PINGREE, Chellie",20920,D,ME,House,118-H-716,Nay,P000597
"PINGREE, Chellie",20920,D,ME,House,118-H-746,Yea,P000597
"PINGREE, Chellie",20920,D,ME,House,118-H-756,Nay,P000597
"PINGREE, Chellie",20920,D,ME,House,118-H-762,Yea,P000597
"PINGREE, Chellie",20920,D,ME,House,118-H-852,Nay,P000597
"PINGREE, Chellie",20920,D,ME,House,118-H-859,Yea,P000597
"PINGREE, Chellie",20920,D,ME,House,118-H-870,Nay,P000597
"PINGREE, Chellie",20920,D,ME,House,118-H-890,Nay,P000597
"PINGREE, Chellie",20920,D,ME,House,118-H-935,Nay,P000597
"PINGREE, Chellie",20920,D,ME,House,119-H-128,Yea,P000597
"PINGREE, Chellie",20920,D,ME,House,119-H-158,Not voting,P000597
"PINGREE, Chellie",20920,D,ME,House,119-H-526,Yea,P000597
"PINGREE, Chellie",20920,D,ME,House,119-H-655,Nay,P000597
"POCAN, Mark",21370,D,WI,House,116-H-107,Yea,P000607
"POCAN, Mark",21370,D,WI,House,116-H-28,Yea,P000607
"POCAN, Mark",21370,D,WI,House,116-H-496,Nay,P000607
"POCAN, Mark",21370,D,WI,House,116-H-651,Yea,P000607
"POCAN, Mark",21370,D,WI,House,117-H-274,Yea,P000607
"POCAN, Mark",21370,D,WI,House,117-H-660,Yea,P000607
"POCAN, Mark",21370,D,WI,House,118-H-1146,Nay,P000607
"POCAN, Mark",21370,D,WI,House,118-H-1194,Yea,P000607
"POCAN, Mark",21370,D,WI,House,118-H-193,Nay,P000607
"POCAN, Mark",21370,D,WI,House,118-H-241,Yea,P000607
"POCAN, Mark",21370,D,WI,House,118-H-337,Yea,P000607
"POCAN, Mark",21370,D,WI,House,118-H-523,Yea,P000607
"POCAN, Mark",21370,D,WI,House,118-H-556,Nay,P000607
"POCAN, Mark",21370,D,WI,House,118-H-572,Nay,P000607
"POCAN, Mark",21370,D,WI,House,118-H-573,Yea,P000607
"POCAN, Mark",21370,D,WI,House,118-H-617,Nay,P000607
"POCAN, Mark",21370,D,WI,House,118-H-671,Yea,P000607
"POCAN, Mark",21370,D,WI,House,118-H-672,Yea,P000607
"POCAN, Mark",21370,D,WI,House,118-H-692,Present,P000607
"POCAN, Mark",21370,D,WI,House,118-H-716,Nay,P000607
"POCAN, Mark",21370,D,WI,House,118-H-746,Yea,P000607
"POCAN, Mark",21370,D,WI,House,118-H-756,Nay,P000607
"POCAN, Mark",21370,D,WI,House,118-H-762,Yea,P000607
"POCAN, Mark",21370,D,WI,House,118-H-852,Nay,P000607
"POCAN, Mark",21370,D,WI,House,118-H-859,Yea,P000607
"POCAN, Mark",21370,D,WI,House,118-H-870,Nay,P000607
"POCAN, Mark",21370,D,WI,House,118-H-890,Nay,P000607
"POCAN, Mark",21370,D,WI,House,118-H-935,Nay,P000607
"POCAN, Mark",21370,D,WI,House,119-H-128,Yea,P000607
"POCAN, Mark",21370,D,WI,House,119-H-158,Yea,P000607
"POCAN, Mark",21370,D,WI,House,119-H-526,Yea,P000607
"POCAN, Mark",21370,D,WI,House,119-H-655,Nay,P000607
"PORTER, Katie",21954,D,CA,House,116-H-107,Yea,P000618
"PORTER, Katie",21954,D,CA,House,116-H-28,Yea,P000618
"PORTER, Katie",21954,D,CA,House,116-H-496,Yea,P000618
"PORTER, Katie",21954,D,CA,House,116-H-651,Not voting,P000618
"PORTER, Katie",21954,D,CA,House,117-H-274,Yea,P000618
"PORTER, Katie",21954,D,CA,House,117-H-660,Yea,P000618
"PORTER, Katie",21954,D,CA,House,118-H-1146,Nay,P000618
"PORTER, Katie",21954,D,CA,House,118-H-1194,Not voting,P000618
"PORTER, Katie",21954,D,CA,House,118-H-193,Not voting,P000618
"PORTER, Katie",21954,D,CA,House,118-H-241,Yea,P000618
"PORTER, Katie",21954,D,CA,House,118-H-337,Yea,P000618
"PORTER, Katie",21954,D,CA,House,118-H-523,Yea,P000618
"PORTER, Katie",21954,D,CA,House,118-H-556,Yea,P000618
"PORTER, Katie",21954,D,CA,House,118-H-572,Nay,P000618
"PORTER, Katie",21954,D,CA,House,118-H-573,Yea,P000618
"PORTER, Katie",21954,D,CA,House,118-H-617,Nay,P000618
"PORTER, Katie",21954,D,CA,House,118-H-671,Yea,P000618
"PORTER, Katie",21954,D,CA,House,118-H-672,Yea,P000618
"PORTER, Katie",21954,D,CA,House,118-H-692,Not voting,P000618
"PORTER, Katie",21954,D,CA,House,118-H-716,Nay,P000618
"PORTER, Katie",21954,D,CA,House,118-H-746,Yea,P000618
"PORTER, Katie",21954,D,CA,House,118-H-756,Nay,P000618
"PORTER, Katie",21954,D,CA,House,118-H-762,Yea,P000618
"PORTER, Katie",21954,D,CA,House,118-H-852,Nay,P000618
"PORTER, Katie",21954,D,CA,House,118-H-859,Not voting,P000618
"PORTER, Katie",21954,D,CA,House,118-H-870,Yea,P000618
"PORTER, Katie",21954,D,CA,House,118-H-890,Nay,P000618
"PORTER, Katie",21954,D,CA,House,118-H-935,Nay,P000618
"POSEY, Bill",20909,R,FL,House,116-H-107,Yea,P000599
"POSEY, Bill",20909,R,FL,House,116-H-28,Yea,P000599
"POSEY, Bill",20909,R,FL,House,116-H-496,Yea,P000599
"POSEY, Bill",20909,R,FL,House,116-H-651,Yea,P000599
"POSEY, Bill",20909,R,FL,House,117-H-274,Yea,P000599
"POSEY, Bill",20909,R,FL,House,117-H-660,Yea,P000599
"POSEY, Bill",20909,R,FL,House,118-H-1146,Yea,P000599
"POSEY, Bill",20909,R,FL,House,118-H-1194,Yea,P000599
"POSEY, Bill",20909,R,FL,House,118-H-193,Yea,P000599
"POSEY, Bill",20909,R,FL,House,118-H-241,Yea,P000599
"POSEY, Bill",20909,R,FL,House,118-H-337,Yea,P000599
"POSEY, Bill",20909,R,FL,House,118-H-523,Yea,P000599
"POSEY, Bill",20909,R,FL,House,118-H-556,Yea,P000599
"POSEY, Bill",20909,R,FL,House,118-H-572,Yea,P000599
"POSEY, Bill",20909,R,FL,House,118-H-573,Yea,P000599
"POSEY, Bill",20909,R,FL,House,118-H-617,Yea,P000599
"POSEY, Bill",20909,R,FL,House,118-H-671,Not voting,P000599
"POSEY, Bill",20909,R,FL,House,118-H-672,Not voting,P000599
"POSEY, Bill",20909,R,FL,House,118-H-692,Yea,P000599
"POSEY, Bill",20909,R,FL,House,118-H-716,Yea,P000599
"POSEY, Bill",20909,R,FL,House,118-H-746,Yea,P000599
"POSEY, Bill",20909,R,FL,House,118-H-756,Yea,P000599
"POSEY, Bill",20909,R,FL,House,118-H-762,Yea,P000599
"POSEY, Bill",20909,R,FL,House,118-H-852,Yea,P000599
"POSEY, Bill",20909,R,FL,House,118-H-859,Yea,P000599
"POSEY, Bill",20909,R,FL,House,118-H-870,Yea,P000599
"POSEY, Bill",20909,R,FL,House,118-H-890,Yea,P000599
"POSEY, Bill",20909,R,FL,House,118-H-935,Yea,P000599
"POU, Nellie",22547,D,NJ,House,119-H-128,Yea,P000621
"POU, Nellie",22547,D,NJ,House,119-H-158,Yea,P000621
"POU, Nellie",22547,D,NJ,House,119-H-526,Yea,P000621
"POU, Nellie",22547,D,NJ,House,119-H-655,Nay,P000621
"PRESSLEY, Ayanna",21955,D,MA,House,116-H-107,Yea,P000617
"PRESSLEY, Ayanna",21955,D,MA,House,116-H-28,Yea,P000617
"PRESSLEY, Ayanna",21955,D,MA,House,116-H-496,Yea,P000617
"PRESSLEY, Ayanna",21955,D,MA,House,116-H-651,Nay,P000617
"PRESSLEY, Ayanna",21955,D,MA,House,117-H-274,Nay,P000617
"PRESSLEY, Ayanna",21955,D,MA,House,117-H-660,Yea,P000617
"PRESSLEY, Ayanna",21955,D,MA,House,118-H-1146,Nay,P000617
"PRESSLEY, Ayanna",21955,D,MA,House,118-H-1194,Yea,P000617
"PRESSLEY, Ayanna",21955,D,MA,House,118-H-193,Nay,P000617
"PRESSLEY, Ayanna",21955,D,MA,House,118-H-241,Yea,P000617
"PRESSLEY, Ayanna",21955,D,MA,House,118-H-337,Nay,P000617
"PRESSLEY, Ayanna",21955,D,MA,House,118-H-523,Present,P000617
"PRESSLEY, Ayanna",21955,D,MA,House,118-H-556,Nay,P000617
"PRESSLEY, Ayanna",21955,D,MA,House,118-H-572,Nay,P000617
"PRESSLEY, Ayanna",21955,D,MA,House,118-H-573,Nay,P000617
"PRESSLEY, Ayanna",21955,D,MA,House,118-H-617,Nay,P000617
"PRESSLEY, Ayanna",21955,D,MA,House,118-H-671,Yea,P000617
"PRESSLEY, Ayanna",21955,D,MA,House,118-H-672,Yea,P000617
"PRESSLEY, Ayanna",21955,D,MA,House,118-H-692,Nay,P000617
"PRESSLEY, Ayanna",21955,D,MA,House,118-H-716,Nay,P000617
"PRESSLEY, Ayanna",21955,D,MA,House,118-H-746,Yea,P000617
"PRESSLEY, Ayanna",21955,D,MA,House,118-H-756,Nay,P000617
"PRESSLEY, Ayanna",21955,D,MA,House,118-H-762,Yea,P000617
"PRESSLEY, Ayanna",21955,D,MA,House,118-H-852,Nay,P000617
"PRESSLEY, Ayanna",21955,D,MA,House,118-H-859,Nay,P000617
"PRESSLEY, Ayanna",21955,D,MA,House,118-H-870,Nay,P000617
"PRESSLEY, Ayanna",21955,D,MA,House,118-H-890,Nay,P000617
"PRESSLEY, Ayanna",21955,D,MA,House,118-H-935,Nay,P000617
"PRESSLEY, Ayanna",21955,D,MA,House,119-H-128,Yea,P000617
"PRESSLEY, Ayanna",21955,D,MA,House,119-H-158,Yea,P000617
"PRESSLEY, Ayanna",21955,D,MA,House,119-H-526,Yea,P000617
"PRESSLEY, Ayanna",21955,D,MA,House,119-H-655,Nay,P000617
"PRICE, David Eugene",15438,D,NC,House,116-H-107,Yea,P000523
"PRICE, David Eugene",15438,D,NC,House,116-H-28,Yea,P000523
"PRICE, David Eugene",15438,D,NC,House,116-H-496,Yea,P000523
"PRICE, David Eugene",15438,D,NC,House,116-H-651,Yea,P000523
"PRICE, David Eugene",15438,D,NC,House,117-H-274,Yea,P000523
"PRICE, David Eugene",15438,D,NC,House,117-H-660,Yea,P000523
"QUIGLEY, Mike",20954,D,IL,House,116-H-107,Yea,Q000023
"QUIGLEY, Mike",20954,D,IL,House,116-H-28,Yea,Q000023
"QUIGLEY, Mike",20954,D,IL,House,116-H-496,Yea,Q000023
"QUIGLEY, Mike",20954,D,IL,House,116-H-651,Yea,Q000023
"QUIGLEY, Mike",20954,D,IL,House,117-H-274,Yea,Q000023
"QUIGLEY, Mike",20954,D,IL,House,117-H-660,Yea,Q000023
"QUIGLEY, Mike",20954,D,IL,House,118-H-1146,Nay,Q000023
"QUIGLEY, Mike",20954,D,IL,House,118-H-1194,Yea,Q000023
"QUIGLEY, Mike",20954,D,IL,House,118-H-193,Yea,Q000023
"QUIGLEY, Mike",20954,D,IL,House,118-H-241,Yea,Q000023
"QUIGLEY, Mike",20954,D,IL,House,118-H-337,Yea,Q000023
"QUIGLEY, Mike",20954,D,IL,House,118-H-523,Yea,Q000023
"QUIGLEY, Mike",20954,D,IL,House,118-H-556,Yea,Q000023
"QUIGLEY, Mike",20954,D,IL,House,118-H-572,Nay,Q000023
"QUIGLEY, Mike",20954,D,IL,House,118-H-573,Yea,Q000023
"QUIGLEY, Mike",20954,D,IL,House,118-H-617,Nay,Q000023
"QUIGLEY, Mike",20954,D,IL,House,118-H-671,Yea,Q000023
"QUIGLEY, Mike",20954,D,IL,House,118-H-672,Yea,Q000023
"QUIGLEY, Mike",20954,D,IL,House,118-H-692,Yea,Q000023
"QUIGLEY, Mike",20954,D,IL,House,118-H-716,Nay,Q000023
"QUIGLEY, Mike",20954,D,IL,House,118-H-746,Yea,Q000023
"QUIGLEY, Mike",20954,D,IL,House,118-H-756,Nay,Q000023
"QUIGLEY, Mike",20954,D,IL,House,118-H-762,Yea,Q000023
"QUIGLEY, Mike",20954,D,IL,House,118-H-852,Yea,Q000023
"QUIGLEY, Mike",20954,D,IL,House,118-H-859,Yea,Q000023
"QUIGLEY, Mike",20954,D,IL,House,118-H-870,Yea,Q000023
"QUIGLEY, Mike",20954,D,IL,House,118-H-890,Yea,Q000023
"QUIGLEY, Mike",20954,D,IL,House,118-H-935,Nay,Q000023
"QUIGLEY, Mike",20954,D,IL,House,119-H-128,Yea,Q000023
"QUIGLEY, Mike",20954,D,IL,House,119-H-158,Yea,Q000023
"QUIGLEY, Mike",20954,D,IL,House,119-H-526,Yea,Q000023
"QUIGLEY, Mike",20954,D,IL,House,119-H-655,Nay,Q000023
"RAMIREZ, Delia",22360,D,IL,House,118-H-1146,Nay,R000617
"RAMIREZ, Delia",22360,D,IL,House,118-H-1194,Yea,R000617
"RAMIREZ, Delia",22360,D,IL,House,118-H-193,Nay,R000617
"RAMIREZ, Delia",22360,D,IL,House,118-H-241,Yea,R000617
"RAMIREZ, Delia",22360,D,IL,House,118-H-337,Nay,R000617
"RAMIREZ, Delia",22360,D,IL,House,118-H-523,Nay,R000617
"RAMIREZ, Delia",22360,D,IL,House,118-H-556,Nay,R000617
"RAMIREZ, Delia",22360,D,IL,House,118-H-572,Nay,R000617
"RAMIREZ, Delia",22360,D,IL,House,118-H-573,Nay,R000617
"RAMIREZ, Delia",22360,D,IL,House,118-H-617,Nay,R000617
"RAMIREZ, Delia",22360,D,IL,House,118-H-671,Yea,R000617
"RAMIREZ, Delia",22360,D,IL,House,118-H-672,Yea,R000617
"RAMIREZ, Delia",22360,D,IL,House,118-H-692,Nay,R000617
"RAMIREZ, Delia",22360,D,IL,House,118-H-716,Nay,R000617
"RAMIREZ, Delia",22360,D,IL,House,118-H-746,Present,R000617
"RAMIREZ, Delia",22360,D,IL,House,118-H-756,Nay,R000617
"RAMIREZ, Delia",22360,D,IL,House,118-H-762,Yea,R000617
"RAMIREZ, Delia",22360,D,IL,House,118-H-852,Nay,R000617
"RAMIREZ, Delia",22360,D,IL,House,118-H-859,Nay,R000617
"RAMIREZ, Delia",22360,D,IL,House,118-H-870,Nay,R000617
"RAMIREZ, Delia",22360,D,IL,House,118-H-890,Nay,R000617
"RAMIREZ, Delia",22360,D,IL,House,118-H-935,Nay,R000617
"RAMIREZ, Delia",22360,D,IL,House,119-H-128,Yea,R000617
"RAMIREZ, Delia",22360,D,IL,House,119-H-158,Yea,R000617
"RAMIREZ, Delia",22360,D,IL,House,119-H-526,Yea,R000617
"RAMIREZ, Delia",22360,D,IL,House,119-H-655,Nay,R000617
"RANDALL, Emily",22548,D,WA,House,119-H-128,Yea,R000621
"RANDALL, Emily",22548,D,WA,House,119-H-158,Yea,R000621
"RANDALL, Emily",22548,D,WA,House,119-H-526,Yea,R000621
"RANDALL, Emily",22548,D,WA,House,119-H-655,Nay,R000621
"RASKIN, Jamie Ben",21741,D,MD,House,116-H-107,Yea,R000606
"RASKIN, Jamie Ben",21741,D,MD,House,116-H-28,Yea,R000606
"RASKIN, Jamie Ben",21741,D,MD,House,116-H-496,Yea,R000606
"RASKIN, Jamie Ben",21741,D,MD,House,116-H-651,Yea,R000606
"RASKIN, Jamie Ben",21741,D,MD,House,117-H-274,Yea,R000606
"RASKIN, Jamie Ben",21741,D,MD,House,117-H-660,Yea,R000606
"RASKIN, Jamie Ben",21741,D,MD,House,118-H-1146,Nay,R000606
"RASKIN, Jamie Ben",21741,D,MD,House,118-H-1194,Yea,R000606
"RASKIN, Jamie Ben",21741,D,MD,House,118-H-193,Yea,R000606
"RASKIN, Jamie Ben",21741,D,MD,House,118-H-241,Yea,R000606
"RASKIN, Jamie Ben",21741,D,MD,House,118-H-337,Yea,R000606
"RASKIN, Jamie Ben",21741,D,MD,House,118-H-523,Yea,R000606
"RASKIN, Jamie Ben",21741,D,MD,House,118-H-556,Yea,R000606
"RASKIN, Jamie Ben",21741,D,MD,House,118-H-572,Nay,R000606
"RASKIN, Jamie Ben",21741,D,MD,House,118-H-573,Yea,R000606
"RASKIN, Jamie Ben",21741,D,MD,House,118-H-617,Nay,R000606
"RASKIN, Jamie Ben",21741,D,MD,House,118-H-671,Yea,R000606
"RASKIN, Jamie Ben",21741,D,MD,House,118-H-672,Yea,R000606
"RASKIN, Jamie Ben",21741,D,MD,House,118-H-692,Present,R000606
"RASKIN, Jamie Ben",21741,D,MD,House,118-H-716,Nay,R000606
"RASKIN, Jamie Ben",21741,D,MD,House,118-H-746,Yea,R000606
"RASKIN, Jamie Ben",21741,D,MD,House,118-H-756,Nay,R000606
"RASKIN, Jamie Ben",21741,D,MD,House,118-H-762,Yea,R000606
"RASKIN, Jamie Ben",21741,D,MD,House,118-H-852,Yea,R000606
"RASKIN, Jamie Ben",21741,D,MD,House,118-H-859,Yea,R000606
"RASKIN, Jamie Ben",21741,D,MD,House,118-H-870,Nay,R000606
"RASKIN, Jamie Ben",21741,D,MD,House,118-H-890,Yea,R000606
"RASKIN, Jamie Ben",21741,D,MD,House,118-H-935,Nay,R000606
"RASKIN, Jamie Ben",21741,D,MD,House,119-H-128,Yea,R000606
"RASKIN, Jamie Ben",21741,D,MD,House,119-H-158,Yea,R000606
"RASKIN, Jamie Ben",21741,D,MD,House,119-H-526,Yea,R000606
"RASKIN, Jamie Ben",21741,D,MD,House,119-H-655,Nay,R000606
"RATCLIFFE, John",21549,R,TX,House,116-H-107,Yea,R000601
"RATCLIFFE, John",21549,R,TX,House,116-H-28,Not voting,R000601
"RATCLIFFE, John",21549,R,TX,House,116-H-496,Yea,R000601
"RATCLIFFE, John",21549,R,TX,House,116-H-651,Nay,R000601
"REED, Thomas W., II",21101,R,NY,House,116-H-107,Yea,R000585
"REED, Thomas W., II",21101,R,NY,House,116-H-28,Yea,R000585
"REED, Thomas W., II",21101,R,NY,House,116-H-496,Yea,R000585
"REED, Thomas W., II",21101,R,NY,House,116-H-651,Yea,R000585
"REED, Thomas W., II",21101,R,NY,House,117-H-274,Yea,R000585
"RESCHENTHALER, Guy",21956,R,PA,House,116-H-107,Yea,R000610
"RESCHENTHALER, Guy",21956,R,PA,House,116-H-28,Yea,R000610
"RESCHENTHALER, Guy",21956,R,PA,House,116-H-496,Yea,R000610
"RESCHENTHALER, Guy",21956,R,PA,House,116-H-651,Nay,R000610
"RESCHENTHALER, Guy",21956,R,PA,House,117-H-274,Yea,R000610
"RESCHENTHALER, Guy",21956,R,PA,House,117-H-660,Yea,R000610
"RESCHENTHALER, Guy",21956,R,PA,House,118-H-1146,Yea,R000610
"RESCHENTHALER, Guy",21956,R,PA,House,118-H-1194,Yea,R000610
"RESCHENTHALER, Guy",21956,R,PA,House,118-H-193,Yea,R000610
"RESCHENTHALER, Guy",21956,R,PA,House,118-H-241,Yea,R000610
"RESCHENTHALER, Guy",21956,R,PA,House,118-H-337,Yea,R000610
"RESCHENTHALER, Guy",21956,R,PA,House,118-H-523,Yea,R000610
"RESCHENTHALER, Guy",21956,R,PA,House,118-H-556,Yea,R000610
"RESCHENTHALER, Guy",21956,R,PA,House,118-H-572,Yea,R000610
"RESCHENTHALER, Guy",21956,R,PA,House,118-H-573,Yea,R000610
"RESCHENTHALER, Guy",21956,R,PA,House,118-H-617,Yea,R000610
"RESCHENTHALER, Guy",21956,R,PA,House,118-H-671,Yea,R000610
"RESCHENTHALER, Guy",21956,R,PA,House,118-H-672,Yea,R000610
"RESCHENTHALER, Guy",21956,R,PA,House,118-H-692,Yea,R000610
"RESCHENTHALER, Guy",21956,R,PA,House,118-H-716,Yea,R000610
"RESCHENTHALER, Guy",21956,R,PA,House,118-H-746,Yea,R000610
"RESCHENTHALER, Guy",21956,R,PA,House,118-H-756,Yea,R000610
"RESCHENTHALER, Guy",21956,R,PA,House,118-H-762,Yea,R000610
"RESCHENTHALER, Guy",21956,R,PA,House,118-H-852,Yea,R000610
"RESCHENTHALER, Guy",21956,R,PA,House,118-H-859,Yea,R000610
"RESCHENTHALER, Guy",21956,R,PA,House,118-H-870,Yea,R000610
"RESCHENTHALER, Guy",21956,R,PA,House,118-H-890,Yea,R000610
"RESCHENTHALER, Guy",21956,R,PA,House,118-H-935,Yea,R000610
"RESCHENTHALER, Guy",21956,R,PA,House,119-H-128,Yea,R000610
"RESCHENTHALER, Guy",21956,R,PA,House,119-H-158,Yea,R000610
"RESCHENTHALER, Guy",21956,R,PA,House,119-H-526,Yea,R000610
"RESCHENTHALER, Guy",21956,R,PA,House,119-H-655,Yea,R000610
"RICE, Kathleen Maura",21540,D,NY,House,116-H-107,Yea,R000602
"RICE, Kathleen Maura",21540,D,NY,House,116-H-28,Yea,R000602
"RICE, Kathleen Maura",21540,D,NY,House,116-H-496,Yea,R000602
"RICE, Kathleen Maura",21540,D,NY,House,116-H-651,Yea,R000602
"RICE, Kathleen Maura",21540,D,NY,House,117-H-274,Yea,R000602
"RICE, Kathleen Maura",21540,D,NY,House,117-H-660,Yea,R000602
"RICE, Tom",21359,R,SC,House,116-H-107,Yea,R000597
"RICE, Tom",21359,R,SC,House,116-H-28,Yea,R000597
"RICE, Tom",21359,R,SC,House,116-H-496,Yea,R000597
"RICE, Tom",21359,R,SC,House,116-H-651,Nay,R000597
"RICE, Tom",21359,R,SC,House,117-H-274,Yea,R000597
"RICE, Tom",21359,R,SC,House,117-H-660,Yea,R000597
"RICHMOND, Cedric",21137,D,LA,House,116-H-107,Yea,R000588
"RICHMOND, Cedric",21137,D,LA,House,116-H-28,Yea,R000588
"RICHMOND, Cedric",21137,D,LA,House,116-H-496,Not voting,R000588
"RICHMOND, Cedric",21137,D,LA,House,116-H-651,Yea,R000588
"RIGGLEMAN, Denver",21957,R,VA,House,116-H-107,Yea,R000611
"RIGGLEMAN, Denver",21957,R,VA,House,116-H-28,Yea,R000611
"RIGGLEMAN, Denver",21957,R,VA,House,116-H-496,Yea,R000611
"RIGGLEMAN, Denver",21957,R,VA,House,116-H-651,Nay,R000611
"RILEY, Josh",22549,D,NY,House,119-H-128,Yea,R000622
"RILEY, Josh",22549,D,NY,House,119-H-158,Yea,R000622
"RILEY, Josh",22549,D,NY,House,119-H-526,Yea,R000622
"RILEY, Josh",22549,D,NY,House,119-H-655,Yea,R000622
"RIVAS, Luz M.",22550,D,CA,House,119-H-128,Yea,R000620
"RIVAS, Luz M.",22550,D,CA,House,119-H-158,Yea,R000620
"RIVAS, Luz M.",22550,D,CA,House,119-H-526,Yea,R000620
"RIVAS, Luz M.",22550,D,CA,House,119-H-655,Nay,R000620
"ROBY, Martha",21192,R,AL,House,116-H-107,Yea,R000591
"ROBY, Martha",21192,R,AL,House,116-H-28,Yea,R000591
"ROBY, Martha",21192,R,AL,House,116-H-496,Not voting,R000591
"ROBY, Martha",21192,R,AL,House,116-H-651,Nay,R000591
"ROE, David P. (Phil)",20947,R,TN,House,116-H-107,Yea,R000582
"ROE, David P. (Phil)",20947,R,TN,House,116-H-28,Yea,R000582
"ROE, David P. (Phil)",20947,R,TN,House,116-H-496,Yea,R000582
"ROE, David P. (Phil)",20947,R,TN,House,116-H-651,Nay,R000582
"ROGERS, Harold Dallas (Hal)",14854,R,KY,House,116-H-107,Yea,R000395
"ROGERS, Harold Dallas (Hal)",14854,R,KY,House,116-H-28,Yea,R000395
"ROGERS, Harold Dallas (Hal)",14854,R,KY,House,116-H-496,Yea,R000395
"ROGERS, Harold Dallas (Hal)",14854,R,KY,House,116-H-651,Nay,R000395
"ROGERS, Harold Dallas (Hal)",14854,R,KY,House,117-H-274,Yea,R000395
"ROGERS, Harold Dallas (Hal)",14854,R,KY,House,117-H-660,Yea,R000395
"ROGERS, Harold Dallas (Hal)",14854,R,KY,House,118-H-1146,Yea,R000395
"ROGERS, Harold Dallas (Hal)",14854,R,KY,House,118-H-1194,Yea,R000395
"ROGERS, Harold Dallas (Hal)",14854,R,KY,House,118-H-193,Yea,R000395
"ROGERS, Harold Dallas (Hal)",14854,R,KY,House,118-H-241,Yea,R000395
"ROGERS, Harold Dallas (Hal)",14854,R,KY,House,118-H-337,Yea,R000395
"ROGERS, Harold Dallas (Hal)",14854,R,KY,House,118-H-523,Yea,R000395
"ROGERS, Harold Dallas (Hal)",14854,R,KY,House,118-H-556,Yea,R000395
"ROGERS, Harold Dallas (Hal)",14854,R,KY,House,118-H-572,Yea,R000395
"ROGERS, Harold Dallas (Hal)",14854,R,KY,House,118-H-573,Yea,R000395
"ROGERS, Harold Dallas (Hal)",14854,R,KY,House,118-H-617,Yea,R000395
"ROGERS, Harold Dallas (Hal)",14854,R,KY,House,118-H-671,Yea,R000395
"ROGERS, Harold Dallas (Hal)",14854,R,KY,House,118-H-672,Yea,R000395
"ROGERS, Harold Dallas (Hal)",14854,R,KY,House,118-H-692,Yea,R000395
"ROGERS, Harold Dallas (Hal)",14854,R,KY,House,118-H-716,Yea,R000395
"ROGERS, Harold Dallas (Hal)",14854,R,KY,House,118-H-746,Not voting,R000395
"ROGERS, Harold Dallas (Hal)",14854,R,KY,House,118-H-756,Yea,R000395
"ROGERS, Harold Dallas (Hal)",14854,R,KY,House,118-H-762,Not voting,R000395
"ROGERS, Harold Dallas (Hal)",14854,R,KY,House,118-H-852,Yea,R000395
"ROGERS, Harold Dallas (Hal)",14854,R,KY,House,118-H-859,Yea,R000395
"ROGERS, Harold Dallas (Hal)",14854,R,KY,House,118-H-870,Yea,R000395
"ROGERS, Harold Dallas (Hal)",14854,R,KY,House,118-H-890,Yea,R000395
"ROGERS, Harold Dallas (Hal)",14854,R,KY,House,118-H-935,Yea,R000395
"ROGERS, Harold Dallas (Hal)",14854,R,KY,House,119-H-128,Yea,R000395
"ROGERS, Harold Dallas (Hal)",14854,R,KY,House,119-H-158,Yea,R000395
"ROGERS, Harold Dallas (Hal)",14854,R,KY,House,119-H-526,Yea,R000395
"ROGERS, Harold Dallas (Hal)",14854,R,KY,House,119-H-655,Yea,R000395
"ROGERS, Mike Dennis",20301,R,AL,House,116-H-107,Nay,R000575
"ROGERS, Mike Dennis",20301,R,AL,House,116-H-28,Yea,R000575
"ROGERS, Mike Dennis",20301,R,AL,House,116-H-496,Yea,R000575
"ROGERS, Mike Dennis",20301,R,AL,House,116-H-651,Nay,R000575
"ROGERS, Mike Dennis",20301,R,AL,House,117-H-274,Yea,R000575
"ROGERS, Mike Dennis",20301,R,AL,House,117-H-660,Yea,R000575
"ROGERS, Mike Dennis",20301,R,AL,House,118-H-1146,Yea,R000575
"ROGERS, Mike Dennis",20301,R,AL,House,118-H-1194,Yea,R000575
"ROGERS, Mike Dennis",20301,R,AL,House,118-H-193,Yea,R000575
"ROGERS, Mike Dennis",20301,R,AL,House,118-H-241,Yea,R000575
"ROGERS, Mike Dennis",20301,R,AL,House,118-H-337,Yea,R000575
"ROGERS, Mike Dennis",20301,R,AL,House,118-H-523,Yea,R000575
"ROGERS, Mike Dennis",20301,R,AL,House,118-H-556,Yea,R000575
"ROGERS, Mike Dennis",20301,R,AL,House,118-H-572,Yea,R000575
"ROGERS, Mike Dennis",20301,R,AL,House,118-H-573,Yea,R000575
"ROGERS, Mike Dennis",20301,R,AL,House,118-H-617,Yea,R000575
"ROGERS, Mike Dennis",20301,R,AL,House,118-H-671,Yea,R000575
"ROGERS, Mike Dennis",20301,R,AL,House,118-H-672,Yea,R000575
"ROGERS, Mike Dennis",20301,R,AL,House,118-H-692,Yea,R000575
"ROGERS, Mike Dennis",20301,R,AL,House,118-H-716,Yea,R000575
"ROGERS, Mike Dennis",20301,R,AL,House,118-H-746,Yea,R000575
"ROGERS, Mike Dennis",20301,R,AL,House,118-H-756,Yea,R000575
"ROGERS, Mike Dennis",20301,R,AL,House,118-H-762,Yea,R000575
"ROGERS, Mike Dennis",20301,R,AL,House,118-H-852,Yea,R000575
"ROGERS, Mike Dennis",20301,R,AL,House,118-H-859,Yea,R000575
"ROGERS, Mike Dennis",20301,R,AL,House,118-H-870,Yea,R000575
"ROGERS, Mike Dennis",20301,R,AL,House,118-H-890,Yea,R000575
"ROGERS, Mike Dennis",20301,R,AL,House,118-H-935,Yea,R000575
"ROGERS, Mike Dennis",20301,R,AL,House,119-H-128,Yea,R000575
"ROGERS, Mike Dennis",20301,R,AL,House,119-H-158,Yea,R000575
"ROGERS, Mike Dennis",20301,R,AL,House,119-H-526,Yea,R000575
"ROGERS, Mike Dennis",20301,R,AL,House,119-H-655,Yea,R000575
"ROONEY, Francis",21742,R,FL,House,116-H-107,Yea,R000607
"ROONEY, Francis",21742,R,FL,House,116-H-28,Yea,R000607
"ROONEY, Francis",21742,R,FL,House,116-H-496,Yea,R000607
"ROONEY, Francis",21742,R,FL,House,116-H-651,Yea,R000607
"ROSE, John",21959,R,TN,House,116-H-107,Yea,R000612
"ROSE, John",21959,R,TN,House,116-H-28,Yea,R000612
"ROSE, John",21959,R,TN,House,116-H-496,Yea,R000612
"ROSE, John",21959,R,TN,House,116-H-651,Nay,R000612
"ROSE, John",21959,R,TN,House,117-H-274,Yea,R000612
"ROSE, John",21959,R,TN,House,117-H-660,Yea,R000612
"ROSE, John",21959,R,TN,House,118-H-1146,Yea,R000612
"ROSE, John",21959,R,TN,House,118-H-1194,Yea,R000612
"ROSE, John",21959,R,TN,House,118-H-193,Yea,R000612
"ROSE, John",21959,R,TN,House,118-H-241,Yea,R000612
"ROSE, John",21959,R,TN,House,118-H-337,Yea,R000612
"ROSE, John",21959,R,TN,House,118-H-523,Yea,R000612
"ROSE, John",21959,R,TN,House,118-H-556,Yea,R000612
"ROSE, John",21959,R,TN,House,118-H-572,Yea,R000612
"ROSE, John",21959,R,TN,House,118-H-573,Yea,R000612
"ROSE, John",21959,R,TN,House,118-H-617,Yea,R000612
"ROSE, John",21959,R,TN,House,118-H-671,Yea,R000612
"ROSE, John",21959,R,TN,House,118-H-672,Yea,R000612
"ROSE, John",21959,R,TN,House,118-H-692,Yea,R000612
"ROSE, John",21959,R,TN,House,118-H-716,Yea,R000612
"ROSE, John",21959,R,TN,House,118-H-746,Yea,R000612
"ROSE, John",21959,R,TN,House,118-H-756,Yea,R000612
"ROSE, John",21959,R,TN,House,118-H-762,Yea,R000612
"ROSE, John",21959,R,TN,House,118-H-852,Yea,R000612
"ROSE, John",21959,R,TN,House,118-H-859,Yea,R000612
"ROSE, John",21959,R,TN,House,118-H-870,Yea,R000612
"ROSE, John",21959,R,TN,House,118-H-890,Yea,R000612
"ROSE, John",21959,R,TN,House,118-H-935,Yea,R000612
"ROSE, John",21959,R,TN,House,119-H-128,Yea,R000612
"ROSE, John",21959,R,TN,House,119-H-158,Yea,R000612
"ROSE, John",21959,R,TN,House,119-H-526,Yea,R000612
"ROSE, John",21959,R,TN,House,119-H-655,Yea,R000612
"ROSE, Max",21958,D,NY,House,116-H-107,Yea,R000613
"ROSE, Max",21958,D,NY,House,116-H-28,Yea,R000613
"ROSE, Max",21958,D,NY,House,116-H-496,Yea,R000613
"ROSE, Max",21958,D,NY,House,116-H-651,Yea,R000613
"ROSENDALE, Matthew M., Sr.",22148,R,MT,House,117-H-274,Yea,R000103
"ROSENDALE, Matthew M., Sr.",22148,R,MT,House,117-H-660,Yea,R000103
"ROSENDALE, Matthew M., Sr.",22148,R,MT,House,118-H-1146,Yea,R000103
"ROSENDALE, Matthew M., Sr.",22148,R,MT,House,118-H-1194,Nay,R000103
"ROSENDALE, Matthew M., Sr.",22148,R,MT,House,118-H-193,Yea,R000103
"ROSENDALE, Matthew M., Sr.",22148,R,MT,House,118-H-241,Yea,R000103
"ROSENDALE, Matthew M., Sr.",22148,R,MT,House,118-H-337,Yea,R000103
"ROSENDALE, Matthew M., Sr.",22148,R,MT,House,118-H-523,Yea,R000103
"ROSENDALE, Matthew M., Sr.",22148,R,MT,House,118-H-556,Yea,R000103
"ROSENDALE, Matthew M., Sr.",22148,R,MT,House,118-H-572,Yea,R000103
"ROSENDALE, Matthew M., Sr.",22148,R,MT,House,118-H-573,Yea,R000103
"ROSENDALE, Matthew M., Sr.",22148,R,MT,House,118-H-617,Yea,R000103
"ROSENDALE, Matthew M., Sr.",22148,R,MT,House,118-H-671,Yea,R000103
"ROSENDALE, Matthew M., Sr.",22148,R,MT,House,118-H-672,Yea,R000103
"ROSENDALE, Matthew M., Sr.",22148,R,MT,House,118-H-692,Yea,R000103
"ROSENDALE, Matthew M., Sr.",22148,R,MT,House,118-H-716,Yea,R000103
"ROSENDALE, Matthew M., Sr.",22148,R,MT,House,118-H-746,Yea,R000103
"ROSENDALE, Matthew M., Sr.",22148,R,MT,House,118-H-756,Yea,R000103
"ROSENDALE, Matthew M., Sr.",22148,R,MT,House,118-H-762,Yea,R000103
"ROSENDALE, Matthew M., Sr.",22148,R,MT,House,118-H-852,Yea,R000103
"ROSENDALE, Matthew M., Sr.",22148,R,MT,House,118-H-859,Yea,R000103
"ROSENDALE, Matthew M., Sr.",22148,R,MT,House,118-H-870,Nay,R000103
"ROSENDALE, Matthew M., Sr.",22148,R,MT,House,118-H-890,Nay,R000103
"ROSENDALE, Matthew M., Sr.",22148,R,MT,House,118-H-935,Yea,R000103
"ROSS, Deborah K.",22149,D,NC,House,117-H-274,Yea,R000305
"ROSS, Deborah K.",22149,D,NC,House,117-H-660,Yea,R000305
"ROSS, Deborah K.",22149,D,NC,House,118-H-1146,Nay,R000305
"ROSS, Deborah K.",22149,D,NC,House,118-H-1194,Yea,R000305
"ROSS, Deborah K.",22149,D,NC,House,118-H-193,Not voting,R000305
"ROSS, Deborah K.",22149,D,NC,House,118-H-241,Not voting,R000305
"ROSS, Deborah K.",22149,D,NC,House,118-H-337,Yea,R000305
"ROSS, Deborah K.",22149,D,NC,House,118-H-523,Yea,R000305
"ROSS, Deborah K.",22149,D,NC,House,118-H-556,Yea,R000305
"ROSS, Deborah K.",22149,D,NC,House,118-H-572,Nay,R000305
"ROSS, Deborah K.",22149,D,NC,House,118-H-573,Yea,R000305
"ROSS, Deborah K.",22149,D,NC,House,118-H-617,Nay,R000305
"ROSS, Deborah K.",22149,D,NC,House,118-H-671,Yea,R000305
"ROSS, Deborah K.",22149,D,NC,House,118-H-672,Yea,R000305
"ROSS, Deborah K.",22149,D,NC,House,118-H-692,Present,R000305
"ROSS, Deborah K.",22149,D,NC,House,118-H-716,Nay,R000305
"ROSS, Deborah K.",22149,D,NC,House,118-H-746,Yea,R000305
"ROSS, Deborah K.",22149,D,NC,House,118-H-756,Nay,R000305
"ROSS, Deborah K.",22149,D,NC,House,118-H-762,Yea,R000305
"ROSS, Deborah K.",22149,D,NC,House,118-H-852,Yea,R000305
"ROSS, Deborah K.",22149,D,NC,House,118-H-859,Yea,R000305
"ROSS, Deborah K.",22149,D,NC,House,118-H-870,Yea,R000305
"ROSS, Deborah K.",22149,D,NC,House,118-H-890,Yea,R000305
"ROSS, Deborah K.",22149,D,NC,House,118-H-935,Nay,R000305
"ROSS, Deborah K.",22149,D,NC,House,119-H-128,Yea,R000305
"ROSS, Deborah K.",22149,D,NC,House,119-H-158,Yea,R000305
"ROSS, Deborah K.",22149,D,NC,House,119-H-526,Yea,R000305
"ROSS, Deborah K.",22149,D,NC,House,119-H-655,Nay,R000305
"ROUDA, Harley",21960,D,CA,House,116-H-107,Yea,R000616
"ROUDA, Harley",21960,D,CA,House,116-H-28,Yea,R000616
"ROUDA, Harley",21960,D,CA,House,116-H-496,Yea,R000616
"ROUDA, Harley",21960,D,CA,House,116-H-651,Yea,R000616
"ROUZER, David",21544,R,NC,House,116-H-107,Yea,R000603
"ROUZER, David",21544,R,NC,House,116-H-28,Yea,R000603
"ROUZER, David",21544,R,NC,House,116-H-496,Yea,R000603
"ROUZER, David",21544,R,NC,House,116-H-651,Nay,R000603
"ROUZER, David",21544,R,NC,House,117-H-274,Yea,R000603
"ROUZER, David",21544,R,NC,House,117-H-660,Yea,R000603
"ROUZER, David",21544,R,NC,House,118-H-1146,Yea,R000603
"ROUZER, David",21544,R,NC,House,118-H-1194,Yea,R000603
"ROUZER, David",21544,R,NC,House,118-H-193,Yea,R000603
"ROUZER, David",21544,R,NC,House,118-H-241,Yea,R000603
"ROUZER, David",21544,R,NC,House,118-H-337,Yea,R000603
"ROUZER, David",21544,R,NC,House,118-H-523,Yea,R000603
"ROUZER, David",21544,R,NC,House,118-H-556,Yea,R000603
"ROUZER, David",21544,R,NC,House,118-H-572,Yea,R000603
"ROUZER, David",21544,R,NC,House,118-H-573,Yea,R000603
"ROUZER, David",21544,R,NC,House,118-H-617,Yea,R000603
"ROUZER, David",21544,R,NC,House,118-H-671,Yea,R000603
"ROUZER, David",21544,R,NC,House,118-H-672,Yea,R000603
"ROUZER, David",21544,R,NC,House,118-H-692,Yea,R000603
"ROUZER, David",21544,R,NC,House,118-H-716,Yea,R000603
"ROUZER, David",21544,R,NC,House,118-H-746,Yea,R000603
"ROUZER, David",21544,R,NC,House,118-H-756,Yea,R000603
"ROUZER, David",21544,R,NC,House,118-H-762,Yea,R000603
"ROUZER, David",21544,R,NC,House,118-H-852,Yea,R000603
"ROUZER, David",21544,R,NC,House,118-H-859,Yea,R000603
"ROUZER, David",21544,R,NC,House,118-H-870,Yea,R000603
"ROUZER, David",21544,R,NC,House,118-H-890,Yea,R000603
"ROUZER, David",21544,R,NC,House,118-H-935,Yea,R000603
"ROUZER, David",21544,R,NC,House,119-H-128,Yea,R000603
"ROUZER, David",21544,R,NC,House,119-H-158,Yea,R000603
"ROUZER, David",21544,R,NC,House,119-H-526,Yea,R000603
"ROUZER, David",21544,R,NC,House,119-H-655,Yea,R000603
"ROY, Charles",21961,R,TX,House,116-H-107,Nay,R000614
"ROY, Charles",21961,R,TX,House,116-H-28,Yea,R000614
"ROY, Charles",21961,R,TX,House,116-H-496,Yea,R000614
"ROY, Charles",21961,R,TX,House,116-H-651,Nay,R000614
"ROY, Charles",21961,R,TX,House,117-H-274,Yea,R000614
"ROY, Charles",21961,R,TX,House,117-H-660,Yea,R000614
"ROY, Charles",21961,R,TX,House,118-H-1146,Yea,R000614
"ROY, Charles",21961,R,TX,House,118-H-1194,Nay,R000614
"ROY, Charles",21961,R,TX,House,118-H-193,Yea,R000614
"ROY, Charles",21961,R,TX,House,118-H-241,Yea,R000614
"ROY, Charles",21961,R,TX,House,118-H-337,Yea,R000614
"ROY, Charles",21961,R,TX,House,118-H-523,Yea,R000614
"ROY, Charles",21961,R,TX,House,118-H-556,Yea,R000614
"ROY, Charles",21961,R,TX,House,118-H-572,Yea,R000614
"ROY, Charles",21961,R,TX,House,118-H-573,Yea,R000614
"ROY, Charles",21961,R,TX,House,118-H-617,Yea,R000614
"ROY, Charles",21961,R,TX,House,118-H-671,Yea,R000614
"ROY, Charles",21961,R,TX,House,118-H-672,Yea,R000614
"ROY, Charles",21961,R,TX,House,118-H-692,Yea,R000614
"ROY, Charles",21961,R,TX,House,118-H-716,Yea,R000614
"ROY, Charles",21961,R,TX,House,118-H-746,Yea,R000614
"ROY, Charles",21961,R,TX,House,118-H-756,Nay,R000614
"ROY, Charles",21961,R,TX,House,118-H-762,Yea,R000614
"ROY, Charles",21961,R,TX,House,118-H-852,Yea,R000614
"ROY, Charles",21961,R,TX,House,118-H-859,Yea,R000614
"ROY, Charles",21961,R,TX,House,118-H-870,Nay,R000614
"ROY, Charles",21961,R,TX,House,118-H-890,Nay,R000614
"ROY, Charles",21961,R,TX,House,118-H-935,Yea,R000614
"ROY, Charles",21961,R,TX,House,119-H-128,Yea,R000614
"ROY, Charles",21961,R,TX,House,119-H-158,Yea,R000614
"ROY, Charles",21961,R,TX,House,119-H-526,Yea,R000614
"ROY, Charles",21961,R,TX,House,119-H-655,Yea,R000614
"ROYBAL-ALLARD, Lucille",29317,D,CA,House,116-H-107,Yea,R000486
"ROYBAL-ALLARD, Lucille",29317,D,CA,House,116-H-28,Yea,R000486
"ROYBAL-ALLARD, Lucille",29317,D,CA,House,116-H-496,Yea,R000486
"ROYBAL-ALLARD, Lucille",29317,D,CA,House,116-H-651,Yea,R000486
"ROYBAL-ALLARD, Lucille",29317,D,CA,House,117-H-274,Yea,R000486
"ROYBAL-ALLARD, Lucille",29317,D,CA,House,117-H-660,Yea,R000486
"RUIZ, Raul",21311,D,CA,House,116-H-107,Yea,R000599
"RUIZ, Raul",21311,D,CA,House,116-H-28,Yea,R000599
"RUIZ, Raul",21311,D,CA,House,116-H-496,Yea,R000599
"RUIZ, Raul",21311,D,CA,House,116-H-651,Yea,R000599
"RUIZ, Raul",21311,D,CA,House,117-H-274,Yea,R000599
"RUIZ, Raul",21311,D,CA,House,117-H-660,Yea,R000599
"RUIZ, Raul",21311,D,CA,House,118-H-1146,Nay,R000599
"RUIZ, Raul",21311,D,CA,House,118-H-1194,Yea,R000599
"RUIZ, Raul",21311,D,CA,House,118-H-193,Yea,R000599
"RUIZ, Raul",21311,D,CA,House,118-H-241,Yea,R000599
"RUIZ, Raul",21311,D,CA,House,118-H-337,Yea,R000599
"RUIZ, Raul",21311,D,CA,House,118-H-523,Yea,R000599
"RUIZ, Raul",21311,D,CA,House,118-H-556,Yea,R000599
"RUIZ, Raul",21311,D,CA,House,118-H-572,Nay,R000599
"RUIZ, Raul",21311,D,CA,House,118-H-573,Yea,R000599
"RUIZ, Raul",21311,D,CA,House,118-H-617,Nay,R000599
"RUIZ, Raul",21311,D,CA,House,118-H-671,Yea,R000599
"RUIZ, Raul",21311,D,CA,House,118-H-672,Yea,R000599
"RUIZ, Raul",21311,D,CA,House,118-H-692,Present,R000599
"RUIZ, Raul",21311,D,CA,House,118-H-716,Yea,R000599
"RUIZ, Raul",21311,D,CA,House,118-H-746,Yea,R000599
"RUIZ, Raul",21311,D,CA,House,118-H-756,Nay,R000599
"RUIZ, Raul",21311,D,CA,House,118-H-762,Yea,R000599
"RUIZ, Raul",21311,D,CA,House,118-H-852,Yea,R000599
"RUIZ, Raul",21311,D,CA,House,118-H-859,Yea,R000599
"RUIZ, Raul",21311,D,CA,House,118-H-870,Yea,R000599
"RUIZ, Raul",21311,D,CA,House,118-H-890,Yea,R000599
"RUIZ, Raul",21311,D,CA,House,118-H-935,Nay,R000599
"RUIZ, Raul",21311,D,CA,House,119-H-128,Yea,R000599
"RUIZ, Raul",21311,D,CA,House,119-H-158,Yea,R000599
"RUIZ, Raul",21311,D,CA,House,119-H-526,Yea,R000599
"RUIZ, Raul",21311,D,CA,House,119-H-655,Nay,R000599
"RULLI, Michael A.",22379,R,OH,House,118-H-1146,Yea,R000619
"RULLI, Michael A.",22379,R,OH,House,118-H-1194,Yea,R000619
"RULLI, Michael A.",22379,R,OH,House,119-H-128,Yea,R000619
"RULLI, Michael A.",22379,R,OH,House,119-H-158,Yea,R000619
"RULLI, Michael A.",22379,R,OH,House,119-H-526,Yea,R000619
"RULLI, Michael A.",22379,R,OH,House,119-H-655,Yea,R000619
"RUPPERSBERGER, C. A. Dutch",20329,D,MD,House,116-H-107,Yea,R000576
"RUPPERSBERGER, C. A. Dutch",20329,D,MD,House,116-H-28,Yea,R000576
"RUPPERSBERGER, C. A. Dutch",20329,D,MD,House,116-H-496,Yea,R000576
"RUPPERSBERGER, C. A. Dutch",20329,D,MD,House,116-H-651,Yea,R000576
"RUPPERSBERGER, C. A. Dutch",20329,D,MD,House,117-H-274,Yea,R000576
"RUPPERSBERGER, C. A. Dutch",20329,D,MD,House,117-H-660,Yea,R000576
"RUPPERSBERGER, C. A. Dutch",20329,D,MD,House,118-H-1146,Nay,R000576
"RUPPERSBERGER, C. A. Dutch",20329,D,MD,House,118-H-1194,Yea,R000576
"RUPPERSBERGER, C. A. Dutch",20329,D,MD,House,118-H-193,Yea,R000576
"RUPPERSBERGER, C. A. Dutch",20329,D,MD,House,118-H-241,Yea,R000576
"RUPPERSBERGER, C. A. Dutch",20329,D,MD,House,118-H-337,Yea,R000576
"RUPPERSBERGER, C. A. Dutch",20329,D,MD,House,118-H-523,Yea,R000576
"RUPPERSBERGER, C. A. Dutch",20329,D,MD,House,118-H-556,Yea,R000576
"RUPPERSBERGER, C. A. Dutch",20329,D,MD,House,118-H-572,Nay,R000576
"RUPPERSBERGER, C. A. Dutch",20329,D,MD,House,118-H-573,Yea,R000576
"RUPPERSBERGER, C. A. Dutch",20329,D,MD,House,118-H-617,Nay,R000576
"RUPPERSBERGER, C. A. Dutch",20329,D,MD,House,118-H-671,Yea,R000576
"RUPPERSBERGER, C. A. Dutch",20329,D,MD,House,118-H-672,Yea,R000576
"RUPPERSBERGER, C. A. Dutch",20329,D,MD,House,118-H-692,Yea,R000576
"RUPPERSBERGER, C. A. Dutch",20329,D,MD,House,118-H-716,Yea,R000576
"RUPPERSBERGER, C. A. Dutch",20329,D,MD,House,118-H-746,Yea,R000576
"RUPPERSBERGER, C. A. Dutch",20329,D,MD,House,118-H-756,Nay,R000576
"RUPPERSBERGER, C. A. Dutch",20329,D,MD,House,118-H-762,Yea,R000576
"RUPPERSBERGER, C. A. Dutch",20329,D,MD,House,118-H-852,Yea,R000576
"RUPPERSBERGER, C. A. Dutch",20329,D,MD,House,118-H-859,Yea,R000576
"RUPPERSBERGER, C. A. Dutch",20329,D,MD,House,118-H-870,Yea,R000576
"RUPPERSBERGER, C. A. Dutch",20329,D,MD,House,118-H-890,Yea,R000576
"RUPPERSBERGER, C. A. Dutch",20329,D,MD,House,118-H-935,Nay,R000576
"RUSH, Bobby L.",29346,D,IL,House,116-H-107,Yea,R000515
"RUSH, Bobby L.",29346,D,IL,House,116-H-28,Yea,R000515
"RUSH, Bobby L.",29346,D,IL,House,116-H-496,Nay,R000515
"RUSH, Bobby L.",29346,D,IL,House,116-H-651,Yea,R000515
"RUSH, Bobby L.",29346,D,IL,House,117-H-274,Yea,R000515
"RUSH, Bobby L.",29346,D,IL,House,117-H-660,Yea,R000515
"RUTHERFORD, John Henry",21744,R,FL,House,116-H-107,Yea,R000609
"RUTHERFORD, John Henry",21744,R,FL,House,116-H-28,Yea,R000609
"RUTHERFORD, John Henry",21744,R,FL,House,116-H-496,Yea,R000609
"RUTHERFORD, John Henry",21744,R,FL,House,116-H-651,Nay,R000609
"RUTHERFORD, John Henry",21744,R,FL,House,117-H-274,Yea,R000609
"RUTHERFORD, John Henry",21744,R,FL,House,117-H-660,Yea,R000609
"RUTHERFORD, John Henry",21744,R,FL,House,118-H-1146,Yea,R000609
"RUTHERFORD, John Henry",21744,R,FL,House,118-H-1194,Yea,R000609
"RUTHERFORD, John Henry",21744,R,FL,House,118-H-193,Yea,R000609
"RUTHERFORD, John Henry",21744,R,FL,House,118-H-241,Yea,R000609
"RUTHERFORD, John Henry",21744,R,FL,House,118-H-337,Yea,R000609
"RUTHERFORD, John Henry",21744,R,FL,House,118-H-523,Yea,R000609
"RUTHERFORD, John Henry",21744,R,FL,House,118-H-556,Yea,R000609
"RUTHERFORD, John Henry",21744,R,FL,House,118-H-572,Yea,R000609
"RUTHERFORD, John Henry",21744,R,FL,House,118-H-573,Yea,R000609
"RUTHERFORD, John Henry",21744,R,FL,House,118-H-617,Yea,R000609
"RUTHERFORD, John Henry",21744,R,FL,House,118-H-671,Yea,R000609
"RUTHERFORD, John Henry",21744,R,FL,House,118-H-672,Yea,R000609
"RUTHERFORD, John Henry",21744,R,FL,House,118-H-692,Yea,R000609
"RUTHERFORD, John Henry",21744,R,FL,House,118-H-716,Yea,R000609
"RUTHERFORD, John Henry",21744,R,FL,House,118-H-746,Yea,R000609
"RUTHERFORD, John Henry",21744,R,FL,House,118-H-756,Yea,R000609
"RUTHERFORD, John Henry",21744,R,FL,House,118-H-762,Yea,R000609
"RUTHERFORD, John Henry",21744,R,FL,House,118-H-852,Yea,R000609
"RUTHERFORD, John Henry",21744,R,FL,House,118-H-859,Yea,R000609
"RUTHERFORD, John Henry",21744,R,FL,House,118-H-870,Yea,R000609
"RUTHERFORD, John Henry",21744,R,FL,House,118-H-890,Yea,R000609
"RUTHERFORD, John Henry",21744,R,FL,House,118-H-935,Yea,R000609
"RUTHERFORD, John Henry",21744,R,FL,House,119-H-128,Yea,R000609
"RUTHERFORD, John Henry",21744,R,FL,House,119-H-158,Yea,R000609
"RUTHERFORD, John Henry",21744,R,FL,House,119-H-526,Yea,R000609
"RUTHERFORD, John Henry",21744,R,FL,House,119-H-655,Yea,R000609
"RYAN, Patrick",22169,D,NY,House,118-H-1146,Nay,R000579
"RYAN, Patrick",22169,D,NY,House,118-H-1194,Yea,R000579
"RYAN, Patrick",22169,D,NY,House,118-H-193,Yea,R000579
"RYAN, Patrick",22169,D,NY,House,118-H-241,Yea,R000579
"RYAN, Patrick",22169,D,NY,House,118-H-337,Yea,R000579
"RYAN, Patrick",22169,D,NY,House,118-H-523,Yea,R000579
"RYAN, Patrick",22169,D,NY,House,118-H-556,Yea,R000579
"RYAN, Patrick",22169,D,NY,House,118-H-572,Nay,R000579
"RYAN, Patrick",22169,D,NY,House,118-H-573,Yea,R000579
"RYAN, Patrick",22169,D,NY,House,118-H-617,Yea,R000579
"RYAN, Patrick",22169,D,NY,House,118-H-671,Yea,R000579
"RYAN, Patrick",22169,D,NY,House,118-H-672,Yea,R000579
"RYAN, Patrick",22169,D,NY,House,118-H-692,Present,R000579
"RYAN, Patrick",22169,D,NY,House,118-H-716,Yea,R000579
"RYAN, Patrick",22169,D,NY,House,118-H-746,Yea,R000579
"RYAN, Patrick",22169,D,NY,House,118-H-756,Nay,R000579
"RYAN, Patrick",22169,D,NY,House,118-H-762,Yea,R000579
"RYAN, Patrick",22169,D,NY,House,118-H-852,Yea,R000579
"RYAN, Patrick",22169,D,NY,House,118-H-859,Yea,R000579
"RYAN, Patrick",22169,D,NY,House,118-H-870,Yea,R000579
"RYAN, Patrick",22169,D,NY,House,118-H-890,Yea,R000579
"RYAN, Patrick",22169,D,NY,House,118-H-935,Nay,R000579
"RYAN, Patrick",22169,D,NY,House,119-H-128,Yea,R000579
"RYAN, Patrick",22169,D,NY,House,119-H-158,Yea,R000579
"RYAN, Patrick",22169,D,NY,House,119-H-526,Yea,R000579
"RYAN, Patrick",22169,D,NY,House,119-H-655,Nay,R000579
"RYAN, Timothy J.",20343,D,OH,House,116-H-107,Yea,R000577
"RYAN, Timothy J.",20343,D,OH,House,116-H-28,Yea,R000577
"RYAN, Timothy J.",20343,D,OH,House,116-H-496,Not voting,R000577
"RYAN, Timothy J.",20343,D,OH,House,116-H-651,Yea,R000577
"RYAN, Timothy J.",20343,D,OH,House,117-H-274,Yea,R000577
"RYAN, Timothy J.",20343,D,OH,House,117-H-660,Yea,R000577
"SALAZAR, Maria Elvira",22150,R,FL,House,117-H-274,Yea,S000168
"SALAZAR, Maria Elvira",22150,R,FL,House,117-H-660,Yea,S000168
"SALAZAR, Maria Elvira",22150,R,FL,House,118-H-1146,Yea,S000168
"SALAZAR, Maria Elvira",22150,R,FL,House,118-H-1194,Yea,S000168
"SALAZAR, Maria Elvira",22150,R,FL,House,118-H-193,Yea,S000168
"SALAZAR, Maria Elvira",22150,R,FL,House,118-H-241,Yea,S000168
"SALAZAR, Maria Elvira",22150,R,FL,House,118-H-337,Yea,S000168
"SALAZAR, Maria Elvira",22150,R,FL,House,118-H-523,Yea,S000168
"SALAZAR, Maria Elvira",22150,R,FL,House,118-H-556,Not voting,S000168
"SALAZAR, Maria Elvira",22150,R,FL,House,118-H-572,Yea,S000168
"SALAZAR, Maria Elvira",22150,R,FL,House,118-H-573,Yea,S000168
"SALAZAR, Maria Elvira",22150,R,FL,House,118-H-617,Yea,S000168
"SALAZAR, Maria Elvira",22150,R,FL,House,118-H-671,Yea,S000168
"SALAZAR, Maria Elvira",22150,R,FL,House,118-H-672,Yea,S000168
"SALAZAR, Maria Elvira",22150,R,FL,House,118-H-692,Yea,S000168
"SALAZAR, Maria Elvira",22150,R,FL,House,118-H-716,Yea,S000168
"SALAZAR, Maria Elvira",22150,R,FL,House,118-H-746,Yea,S000168
"SALAZAR, Maria Elvira",22150,R,FL,House,118-H-756,Yea,S000168
"SALAZAR, Maria Elvira",22150,R,FL,House,118-H-762,Not voting,S000168
"SALAZAR, Maria Elvira",22150,R,FL,House,118-H-852,Yea,S000168
"SALAZAR, Maria Elvira",22150,R,FL,House,118-H-859,Yea,S000168
"SALAZAR, Maria Elvira",22150,R,FL,House,118-H-870,Yea,S000168
"SALAZAR, Maria Elvira",22150,R,FL,House,118-H-890,Yea,S000168
"SALAZAR, Maria Elvira",22150,R,FL,House,118-H-935,Yea,S000168
"SALAZAR, Maria Elvira",22150,R,FL,House,119-H-128,Yea,S000168
"SALAZAR, Maria Elvira",22150,R,FL,House,119-H-158,Yea,S000168
"SALAZAR, Maria Elvira",22150,R,FL,House,119-H-526,Yea,S000168
"SALAZAR, Maria Elvira",22150,R,FL,House,119-H-655,Yea,S000168
"SALINAS, Andrea",22361,D,OR,House,118-H-1146,Nay,S001226
"SALINAS, Andrea",22361,D,OR,House,118-H-1194,Yea,S001226
"SALINAS, Andrea",22361,D,OR,House,118-H-193,Yea,S001226
"SALINAS, Andrea",22361,D,OR,House,118-H-241,Yea,S001226
"SALINAS, Andrea",22361,D,OR,House,118-H-337,Yea,S001226
"SALINAS, Andrea",22361,D,OR,House,118-H-523,Yea,S001226
"SALINAS, Andrea",22361,D,OR,House,118-H-556,Not voting,S001226
"SALINAS, Andrea",22361,D,OR,House,118-H-572,Nay,S001226
"SALINAS, Andrea",22361,D,OR,House,118-H-573,Yea,S001226
"SALINAS, Andrea",22361,D,OR,House,118-H-617,Nay,S001226
"SALINAS, Andrea",22361,D,OR,House,118-H-671,Yea,S001226
"SALINAS, Andrea",22361,D,OR,House,118-H-672,Yea,S001226
"SALINAS, Andrea",22361,D,OR,House,118-H-692,Present,S001226
"SALINAS, Andrea",22361,D,OR,House,118-H-716,Yea,S001226
"SALINAS, Andrea",22361,D,OR,House,118-H-746,Yea,S001226
"SALINAS, Andrea",22361,D,OR,House,118-H-756,Nay,S001226
"SALINAS, Andrea",22361,D,OR,House,118-H-762,Yea,S001226
"SALINAS, Andrea",22361,D,OR,House,118-H-852,Yea,S001226
"SALINAS, Andrea",22361,D,OR,House,118-H-859,Yea,S001226
"SALINAS, Andrea",22361,D,OR,House,118-H-870,Yea,S001226
"SALINAS, Andrea",22361,D,OR,House,118-H-890,Yea,S001226
"SALINAS, Andrea",22361,D,OR,House,118-H-935,Nay,S001226
"SALINAS, Andrea",22361,D,OR,House,119-H-128,Yea,S001226
"SALINAS, Andrea",22361,D,OR,House,119-H-158,Yea,S001226
"SALINAS, Andrea",22361,D,OR,House,119-H-526,Yea,S001226
"SALINAS, Andrea",22361,D,OR,House,119-H-655,Nay,S001226
"SANTOS, George",22362,R,NY,House,118-H-193,Yea,S001222
"SANTOS, George",22362,R,NY,House,118-H-241,Yea,S001222
"SANTOS, George",22362,R,NY,House,118-H-337,Yea,S001222
"SANTOS, George",22362,R,NY,House,118-H-523,Yea,S001222
"SANTOS, George",22362,R,NY,House,118-H-556,Yea,S001222
"SANTOS, George",22362,R,NY,House,118-H-572,Yea,S001222
"SANTOS, George",22362,R,NY,House,118-H-573,Yea,S001222
"SANTOS, George",22362,R,NY,House,118-H-617,Yea,S001222
"SANTOS, George",22362,R,NY,House,118-H-671,Yea,S001222
"SANTOS, George",22362,R,NY,House,118-H-672,Yea,S001222
"SARBANES, John",20724,D,MD,House,116-H-107,Yea,S001168
"SARBANES, John",20724,D,MD,House,116-H-28,Yea,S001168
"SARBANES, John",20724,D,MD,House,116-H-496,Yea,S001168
"SARBANES, John",20724,D,MD,House,116-H-651,Yea,S001168
"SARBANES, John",20724,D,MD,House,117-H-274,Yea,S001168
"SARBANES, John",20724,D,MD,House,117-H-660,Yea,S001168
"SARBANES, John",20724,D,MD,House,118-H-1146,Nay,S001168
"SARBANES, John",20724,D,MD,House,118-H-1194,Yea,S001168
"SARBANES, John",20724,D,MD,House,118-H-193,Yea,S001168
"SARBANES, John",20724,D,MD,House,118-H-241,Yea,S001168
"SARBANES, John",20724,D,MD,House,118-H-337,Yea,S001168
"SARBANES, John",20724,D,MD,House,118-H-523,Yea,S001168
"SARBANES, John",20724,D,MD,House,118-H-556,Yea,S001168
"SARBANES, John",20724,D,MD,House,118-H-572,Nay,S001168
"SARBANES, John",20724,D,MD,House,118-H-573,Yea,S001168
"SARBANES, John",20724,D,MD,House,118-H-617,Nay,S001168
"SARBANES, John",20724,D,MD,House,118-H-671,Yea,S001168
"SARBANES, John",20724,D,MD,House,118-H-672,Yea,S001168
"SARBANES, John",20724,D,MD,House,118-H-692,Present,S001168
"SARBANES, John",20724,D,MD,House,118-H-716,Yea,S001168
"SARBANES, John",20724,D,MD,House,118-H-746,Yea,S001168
"SARBANES, John",20724,D,MD,House,118-H-756,Nay,S001168
"SARBANES, John",20724,D,MD,House,118-H-762,Yea,S001168
"SARBANES, John",20724,D,MD,House,118-H-852,Yea,S001168
"SARBANES, John",20724,D,MD,House,118-H-859,Yea,S001168
"SARBANES, John",20724,D,MD,House,118-H-870,Yea,S001168
"SARBANES, John",20724,D,MD,House,118-H-890,Yea,S001168
"SARBANES, John",20724,D,MD,House,118-H-935,Nay,S001168
"SCALISE, Steve",20759,R,LA,House,116-H-107,Yea,S001176
"SCALISE, Steve",20759,R,LA,House,116-H-28,Yea,S001176
"SCALISE, Steve",20759,R,LA,House,116-H-496,Yea,S001176
"SCALISE, Steve",20759,R,LA,House,116-H-651,Nay,S001176
"SCALISE, Steve",20759,R,LA,House,117-H-274,Yea,S001176
"SCALISE, Steve",20759,R,LA,House,117-H-660,Yea,S001176
"SCALISE, Steve",20759,R,LA,House,118-H-1146,Yea,S001176
"SCALISE, Steve",20759,R,LA,House,118-H-1194,Yea,S001176
"SCALISE, Steve",20759,R,LA,House,118-H-193,Yea,S001176
"SCALISE, Steve",20759,R,LA,House,118-H-241,Yea,S001176
"SCALISE, Steve",20759,R,LA,House,118-H-337,Yea,S001176
"SCALISE, Steve",20759,R,LA,House,118-H-523,Yea,S001176
"SCALISE, Steve",20759,R,LA,House,118-H-556,Yea,S001176
"SCALISE, Steve",20759,R,LA,House,118-H-572,Yea,S001176
"SCALISE, Steve",20759,R,LA,House,118-H-573,Yea,S001176
"SCALISE, Steve",20759,R,LA,House,118-H-617,Yea,S001176
"SCALISE, Steve",20759,R,LA,House,118-H-671,Yea,S001176
"SCALISE, Steve",20759,R,LA,House,118-H-672,Yea,S001176
"SCALISE, Steve",20759,R,LA,House,118-H-692,Yea,S001176
"SCALISE, Steve",20759,R,LA,House,118-H-716,Yea,S001176
"SCALISE, Steve",20759,R,LA,House,118-H-746,Not voting,S001176
"SCALISE, Steve",20759,R,LA,House,118-H-756,Not voting,S001176
"SCALISE, Steve",20759,R,LA,House,118-H-762,Yea,S001176
"SCALISE, Steve",20759,R,LA,House,118-H-852,Yea,S001176
"SCALISE, Steve",20759,R,LA,House,118-H-859,Yea,S001176
"SCALISE, Steve",20759,R,LA,House,118-H-870,Yea,S001176
"SCALISE, Steve",20759,R,LA,House,118-H-890,Yea,S001176
"SCALISE, Steve",20759,R,LA,House,118-H-935,Yea,S001176
"SCALISE, Steve",20759,R,LA,House,119-H-128,Yea,S001176
"SCALISE, Steve",20759,R,LA,House,119-H-158,Yea,S001176
"SCALISE, Steve",20759,R,LA,House,119-H-526,Yea,S001176
"SCALISE, Steve",20759,R,LA,House,119-H-655,Yea,S001176
"SCANLON, Mary Gay",21762,D,PA,House,116-H-107,Yea,S001205
"SCANLON, Mary Gay",21762,D,PA,House,116-H-28,Yea,S001205
"SCANLON, Mary Gay",21762,D,PA,House,116-H-496,Yea,S001205
"SCANLON, Mary Gay",21762,D,PA,House,116-H-651,Yea,S001205
"SCANLON, Mary Gay",21762,D,PA,House,117-H-274,Yea,S001205
"SCANLON, Mary Gay",21762,D,PA,House,117-H-660,Yea,S001205
"SCANLON, Mary Gay",21762,D,PA,House,118-H-1146,Nay,S001205
"SCANLON, Mary Gay",21762,D,PA,House,118-H-1194,Yea,S001205
"SCANLON, Mary Gay",21762,D,PA,House,118-H-193,Yea,S001205
"SCANLON, Mary Gay",21762,D,PA,House,118-H-241,Yea,S001205
"SCANLON, Mary Gay",21762,D,PA,House,118-H-337,Yea,S001205
"SCANLON, Mary Gay",21762,D,PA,House,118-H-523,Yea,S001205
"SCANLON, Mary Gay",21762,D,PA,House,118-H-556,Nay,S001205
"SCANLON, Mary Gay",21762,D,PA,House,118-H-572,Not voting,S001205
"SCANLON, Mary Gay",21762,D,PA,House,118-H-573,Not voting,S001205
"SCANLON, Mary Gay",21762,D,PA,House,118-H-617,Nay,S001205
"SCANLON, Mary Gay",21762,D,PA,House,118-H-671,Yea,S001205
"SCANLON, Mary Gay",21762,D,PA,House,118-H-672,Yea,S001205
"SCANLON, Mary Gay",21762,D,PA,House,118-H-692,Present,S001205
"SCANLON, Mary Gay",21762,D,PA,House,118-H-716,Nay,S001205
"SCANLON, Mary Gay",21762,D,PA,House,118-H-746,Yea,S001205
"SCANLON, Mary Gay",21762,D,PA,House,118-H-756,Nay,S001205
"SCANLON, Mary Gay",21762,D,PA,House,118-H-762,Yea,S001205
"SCANLON, Mary Gay",21762,D,PA,House,118-H-852,Yea,S001205
"SCANLON, Mary Gay",21762,D,PA,House,118-H-859,Yea,S001205
"SCANLON, Mary Gay",21762,D,PA,House,118-H-870,Yea,S001205
"SCANLON, Mary Gay",21762,D,PA,House,118-H-890,Nay,S001205
"SCANLON, Mary Gay",21762,D,PA,House,118-H-935,Nay,S001205
"SCANLON, Mary Gay",21762,D,PA,House,119-H-128,Yea,S001205
"SCANLON, Mary Gay",21762,D,PA,House,119-H-158,Yea,S001205
"SCANLON, Mary Gay",21762,D,PA,House,119-H-526,Yea,S001205
"SCANLON, Mary Gay",21762,D,PA,House,119-H-655,Nay,S001205
"SCHAKOWSKY, Janice D.",29911,D,IL,House,116-H-107,Yea,S001145
"SCHAKOWSKY, Janice D.",29911,D,IL,House,116-H-28,Yea,S001145
"SCHAKOWSKY, Janice D.",29911,D,IL,House,116-H-496,Yea,S001145
"SCHAKOWSKY, Janice D.",29911,D,IL,House,116-H-651,Yea,S001145
"SCHAKOWSKY, Janice D.",29911,D,IL,House,117-H-274,Yea,S001145
"SCHAKOWSKY, Janice D.",29911,D,IL,House,117-H-660,Yea,S001145
"SCHAKOWSKY, Janice D.",29911,D,IL,House,118-H-1146,Nay,S001145
"SCHAKOWSKY, Janice D.",29911,D,IL,House,118-H-1194,Yea,S001145
"SCHAKOWSKY, Janice D.",29911,D,IL,House,118-H-193,Yea,S001145
"SCHAKOWSKY, Janice D.",29911,D,IL,House,118-H-241,Yea,S001145
"SCHAKOWSKY, Janice D.",29911,D,IL,House,118-H-337,Yea,S001145
"SCHAKOWSKY, Janice D.",29911,D,IL,House,118-H-523,Yea,S001145
"SCHAKOWSKY, Janice D.",29911,D,IL,House,118-H-556,Nay,S001145
"SCHAKOWSKY, Janice D.",29911,D,IL,House,118-H-572,Nay,S001145
"SCHAKOWSKY, Janice D.",29911,D,IL,House,118-H-573,Yea,S001145
"SCHAKOWSKY, Janice D.",29911,D,IL,House,118-H-617,Nay,S001145
"SCHAKOWSKY, Janice D.",29911,D,IL,House,118-H-671,Yea,S001145
"SCHAKOWSKY, Janice D.",29911,D,IL,House,118-H-672,Yea,S001145
"SCHAKOWSKY, Janice D.",29911,D,IL,House,118-H-692,Present,S001145
"SCHAKOWSKY, Janice D.",29911,D,IL,House,118-H-716,Nay,S001145
"SCHAKOWSKY, Janice D.",29911,D,IL,House,118-H-746,Yea,S001145
"SCHAKOWSKY, Janice D.",29911,D,IL,House,118-H-756,Nay,S001145
"SCHAKOWSKY, Janice D.",29911,D,IL,House,118-H-762,Yea,S001145
"SCHAKOWSKY, Janice D.",29911,D,IL,House,118-H-852,Nay,S001145
"SCHAKOWSKY, Janice D.",29911,D,IL,House,118-H-859,Yea,S001145
"SCHAKOWSKY, Janice D.",29911,D,IL,House,118-H-870,Yea,S001145
"SCHAKOWSKY, Janice D.",29911,D,IL,House,118-H-890,Nay,S001145
"SCHAKOWSKY, Janice D.",29911,D,IL,House,118-H-935,Nay,S001145
"SCHAKOWSKY, Janice D.",29911,D,IL,House,119-H-128,Yea,S001145
"SCHAKOWSKY, Janice D.",29911,D,IL,House,119-H-158,Yea,S001145
"SCHAKOWSKY, Janice D.",29911,D,IL,House,119-H-526,Yea,S001145
"SCHAKOWSKY, Janice D.",29911,D,IL,House,119-H-655,Not voting,S001145
"SCHIFF, Adam",20104,D,CA,House,116-H-107,Yea,S001150
"SCHIFF, Adam",20104,D,CA,House,116-H-28,Yea,S001150
"SCHIFF, Adam",20104,D,CA,House,116-H-496,Yea,S001150
"SCHIFF, Adam",20104,D,CA,House,116-H-651,Yea,S001150
"SCHIFF, Adam",20104,D,CA,House,117-H-274,Yea,S001150
"SCHIFF, Adam",20104,D,CA,House,117-H-660,Yea,S001150
"SCHIFF, Adam",20104,D,CA,House,118-H-1146,Nay,S001150
"SCHIFF, Adam",20104,D,CA,House,118-H-1194,Yea,S001150
"SCHIFF, Adam",20104,D,CA,House,118-H-193,Yea,S001150
"SCHIFF, Adam",20104,D,CA,House,118-H-241,Yea,S001150
"SCHIFF, Adam",20104,D,CA,House,118-H-337,Yea,S001150
"SCHIFF, Adam",20104,D,CA,House,118-H-523,Yea,S001150
"SCHIFF, Adam",20104,D,CA,House,118-H-556,Not voting,S001150
"SCHIFF, Adam",20104,D,CA,House,118-H-572,Nay,S001150
"SCHIFF, Adam",20104,D,CA,House,118-H-573,Yea,S001150
"SCHIFF, Adam",20104,D,CA,House,118-H-617,Nay,S001150
"SCHIFF, Adam",20104,D,CA,House,118-H-671,Yea,S001150
"SCHIFF, Adam",20104,D,CA,House,118-H-672,Yea,S001150
"SCHIFF, Adam",20104,D,CA,House,118-H-692,Yea,S001150
"SCHIFF, Adam",20104,D,CA,House,118-H-716,Yea,S001150
"SCHIFF, Adam",20104,D,CA,House,118-H-746,Yea,S001150
"SCHIFF, Adam",20104,D,CA,House,118-H-756,Yea,S001150
"SCHIFF, Adam",20104,D,CA,House,118-H-762,Yea,S001150
"SCHIFF, Adam",20104,D,CA,House,118-H-852,Yea,S001150
"SCHIFF, Adam",20104,D,CA,House,118-H-859,Yea,S001150
"SCHIFF, Adam",20104,D,CA,House,118-H-870,Yea,S001150
"SCHIFF, Adam",20104,D,CA,House,118-H-890,Yea,S001150
"SCHIFF, Adam",20104,D,CA,House,118-H-935,Nay,S001150
"SCHMIDT, Derek",22551,R,KS,House,119-H-128,Yea,S001228
"SCHMIDT, Derek",22551,R,KS,House,119-H-158,Yea,S001228
"SCHMIDT, Derek",22551,R,KS,House,119-H-526,Yea,S001228
"SCHMIDT, Derek",22551,R,KS,House,119-H-655,Yea,S001228
"SCHNEIDER, Brad",21326,D,IL,House,116-H-107,Yea,S001190
"SCHNEIDER, Brad",21326,D,IL,House,116-H-28,Yea,S001190
"SCHNEIDER, Brad",21326,D,IL,House,116-H-496,Yea,S001190
"SCHNEIDER, Brad",21326,D,IL,House,116-H-651,Yea,S001190
"SCHNEIDER, Brad",21326,D,IL,House,117-H-274,Yea,S001190
"SCHNEIDER, Brad",21326,D,IL,House,117-H-660,Yea,S001190
"SCHNEIDER, Brad",21326,D,IL,House,118-H-1146,Nay,S001190
"SCHNEIDER, Brad",21326,D,IL,House,118-H-1194,Yea,S001190
"SCHNEIDER, Brad",21326,D,IL,House,118-H-193,Yea,S001190
"SCHNEIDER, Brad",21326,D,IL,House,118-H-241,Yea,S001190
"SCHNEIDER, Brad",21326,D,IL,House,118-H-337,Yea,S001190
"SCHNEIDER, Brad",21326,D,IL,House,118-H-523,Yea,S001190
"SCHNEIDER, Brad",21326,D,IL,House,118-H-556,Yea,S001190
"SCHNEIDER, Brad",21326,D,IL,House,118-H-572,Nay,S001190
"SCHNEIDER, Brad",21326,D,IL,House,118-H-573,Yea,S001190
"SCHNEIDER, Brad",21326,D,IL,House,118-H-617,Yea,S001190
"SCHNEIDER, Brad",21326,D,IL,House,118-H-671,Yea,S001190
"SCHNEIDER, Brad",21326,D,IL,House,118-H-672,Yea,S001190
"SCHNEIDER, Brad",21326,D,IL,House,118-H-692,Yea,S001190
"SCHNEIDER, Brad",21326,D,IL,House,118-H-716,Not voting,S001190
"SCHNEIDER, Brad",21326,D,IL,House,118-H-746,Yea,S001190
"SCHNEIDER, Brad",21326,D,IL,House,118-H-756,Yea,S001190
"SCHNEIDER, Brad",21326,D,IL,House,118-H-762,Yea,S001190
"SCHNEIDER, Brad",21326,D,IL,House,118-H-852,Yea,S001190
"SCHNEIDER, Brad",21326,D,IL,House,118-H-859,Yea,S001190
"SCHNEIDER, Brad",21326,D,IL,House,118-H-870,Yea,S001190
"SCHNEIDER, Brad",21326,D,IL,House,118-H-890,Yea,S001190
"SCHNEIDER, Brad",21326,D,IL,House,118-H-935,Nay,S001190
"SCHNEIDER, Brad",21326,D,IL,House,119-H-128,Yea,S001190
"SCHNEIDER, Brad",21326,D,IL,House,119-H-158,Yea,S001190
"SCHNEIDER, Brad",21326,D,IL,House,119-H-526,Yea,S001190
"SCHNEIDER, Brad",21326,D,IL,House,119-H-655,Yea,S001190
"SCHOLTEN, Hillary",22363,D,MI,House,118-H-1146,Nay,S001221
"SCHOLTEN, Hillary",22363,D,MI,House,118-H-1194,Yea,S001221
"SCHOLTEN, Hillary",22363,D,MI,House,118-H-193,Yea,S001221
"SCHOLTEN, Hillary",22363,D,MI,House,118-H-241,Yea,S001221
"SCHOLTEN, Hillary",22363,D,MI,House,118-H-337,Yea,S001221
"SCHOLTEN, Hillary",22363,D,MI,House,118-H-523,Yea,S001221
"SCHOLTEN, Hillary",22363,D,MI,House,118-H-556,Yea,S001221
"SCHOLTEN, Hillary",22363,D,MI,House,118-H-572,Nay,S001221
"SCHOLTEN, Hillary",22363,D,MI,House,118-H-573,Yea,S001221
"SCHOLTEN, Hillary",22363,D,MI,House,118-H-617,Nay,S001221
"SCHOLTEN, Hillary",22363,D,MI,House,118-H-671,Yea,S001221
"SCHOLTEN, Hillary",22363,D,MI,House,118-H-672,Yea,S001221
"SCHOLTEN, Hillary",22363,D,MI,House,118-H-692,Yea,S001221
"SCHOLTEN, Hillary",22363,D,MI,House,118-H-716,Yea,S001221
"SCHOLTEN, Hillary",22363,D,MI,House,118-H-746,Yea,S001221
"SCHOLTEN, Hillary",22363,D,MI,House,118-H-756,Nay,S001221
"SCHOLTEN, Hillary",22363,D,MI,House,118-H-762,Yea,S001221
"SCHOLTEN, Hillary",22363,D,MI,House,118-H-852,Yea,S001221
"SCHOLTEN, Hillary",22363,D,MI,House,118-H-859,Yea,S001221
"SCHOLTEN, Hillary",22363,D,MI,House,118-H-870,Yea,S001221
"SCHOLTEN, Hillary",22363,D,MI,House,118-H-890,Yea,S001221
"SCHOLTEN, Hillary",22363,D,MI,House,118-H-935,Nay,S001221
"SCHOLTEN, Hillary",22363,D,MI,House,119-H-128,Yea,S001221
"SCHOLTEN, Hillary",22363,D,MI,House,119-H-158,Not voting,S001221
"SCHOLTEN, Hillary",22363,D,MI,House,119-H-526,Yea,S001221
"SCHOLTEN, Hillary",22363,D,MI,House,119-H-655,Yea,S001221
"SCHRADER, Kurt",20944,D,OR,House,116-H-107,Yea,S001180
"SCHRADER, Kurt",20944,D,OR,House,116-H-28,Yea,S001180
"SCHRADER, Kurt",20944,D,OR,House,116-H-496,Yea,S001180
"SCHRADER, Kurt",20944,D,OR,House,116-H-651,Yea,S001180
"SCHRADER, Kurt",20944,D,OR,House,117-H-274,Yea,S001180
"SCHRADER, Kurt",20944,D,OR,House,117-H-660,Yea,S001180
"SCHRIER, Kim",21962,D,WA,House,116-H-107,Yea,S001216
"SCHRIER, Kim",21962,D,WA,House,116-H-28,Not voting,S001216
"SCHRIER, Kim",21962,D,WA,House,116-H-496,Yea,S001216
"SCHRIER, Kim",21962,D,WA,House,116-H-651,Yea,S001216
"SCHRIER, Kim",21962,D,WA,House,117-H-274,Yea,S001216
"SCHRIER, Kim",21962,D,WA,House,117-H-660,Yea,S001216
"SCHRIER, Kim",21962,D,WA,House,118-H-1146,Nay,S001216
"SCHRIER, Kim",21962,D,WA,House,118-H-1194,Yea,S001216
"SCHRIER, Kim",21962,D,WA,House,118-H-193,Yea,S001216
"SCHRIER, Kim",21962,D,WA,House,118-H-241,Yea,S001216
"SCHRIER, Kim",21962,D,WA,House,118-H-337,Yea,S001216
"SCHRIER, Kim",21962,D,WA,House,118-H-523,Yea,S001216
"SCHRIER, Kim",21962,D,WA,House,118-H-556,Yea,S001216
"SCHRIER, Kim",21962,D,WA,House,118-H-572,Nay,S001216
"SCHRIER, Kim",21962,D,WA,House,118-H-573,Yea,S001216
"SCHRIER, Kim",21962,D,WA,House,118-H-617,Yea,S001216
"SCHRIER, Kim",21962,D,WA,House,118-H-671,Yea,S001216
"SCHRIER, Kim",21962,D,WA,House,118-H-672,Yea,S001216
"SCHRIER, Kim",21962,D,WA,House,118-H-692,Yea,S001216
"SCHRIER, Kim",21962,D,WA,House,118-H-716,Yea,S001216
"SCHRIER, Kim",21962,D,WA,House,118-H-746,Yea,S001216
"SCHRIER, Kim",21962,D,WA,House,118-H-756,Nay,S001216
"SCHRIER, Kim",21962,D,WA,House,118-H-762,Yea,S001216
"SCHRIER, Kim",21962,D,WA,House,118-H-852,Yea,S001216
"SCHRIER, Kim",21962,D,WA,House,118-H-859,Yea,S001216
"SCHRIER, Kim",21962,D,WA,House,118-H-870,Yea,S001216
"SCHRIER, Kim",21962,D,WA,House,118-H-890,Yea,S001216
"SCHRIER, Kim",21962,D,WA,House,118-H-935,Nay,S001216
"SCHRIER, Kim",21962,D,WA,House,119-H-128,Yea,S001216
"SCHRIER, Kim",21962,D,WA,House,119-H-158,Yea,S001216
"SCHRIER, Kim",21962,D,WA,House,119-H-526,Yea,S001216
"SCHRIER, Kim",21962,D,WA,House,119-H-655,Yea,S001216
"SCHWEIKERT, David",21105,R,AZ,House,116-H-107,Yea,S001183
"SCHWEIKERT, David",21105,R,AZ,House,116-H-28,Yea,S001183
"SCHWEIKERT, David",21105,R,AZ,House,116-H-496,Yea,S001183
"SCHWEIKERT, David",21105,R,AZ,House,116-H-651,Nay,S001183
"SCHWEIKERT, David",21105,R,AZ,House,117-H-274,Yea,S001183
"SCHWEIKERT, David",21105,R,AZ,House,117-H-660,Yea,S001183
"SCHWEIKERT, David",21105,R,AZ,House,118-H-1146,Yea,S001183
"SCHWEIKERT, David",21105,R,AZ,House,118-H-1194,Yea,S001183
"SCHWEIKERT, David",21105,R,AZ,House,118-H-193,Yea,S001183
"SCHWEIKERT, David",21105,R,AZ,House,118-H-241,Yea,S001183
"SCHWEIKERT, David",21105,R,AZ,House,118-H-337,Yea,S001183
"SCHWEIKERT, David",21105,R,AZ,House,118-H-523,Yea,S001183
"SCHWEIKERT, David",21105,R,AZ,House,118-H-556,Yea,S001183
"SCHWEIKERT, David",21105,R,AZ,House,118-H-572,Yea,S001183
"SCHWEIKERT, David",21105,R,AZ,House,118-H-573,Yea,S001183
"SCHWEIKERT, David",21105,R,AZ,House,118-H-617,Yea,S001183
"SCHWEIKERT, David",21105,R,AZ,House,118-H-671,Yea,S001183
"SCHWEIKERT, David",21105,R,AZ,House,118-H-672,Yea,S001183
"SCHWEIKERT, David",21105,R,AZ,House,118-H-692,Yea,S001183
"SCHWEIKERT, David",21105,R,AZ,House,118-H-716,Yea,S001183
"SCHWEIKERT, David",21105,R,AZ,House,118-H-746,Yea,S001183
"SCHWEIKERT, David",21105,R,AZ,House,118-H-756,Yea,S001183
"SCHWEIKERT, David",21105,R,AZ,House,118-H-762,Yea,S001183
"SCHWEIKERT, David",21105,R,AZ,House,118-H-852,Yea,S001183
"SCHWEIKERT, David",21105,R,AZ,House,118-H-859,Yea,S001183
"SCHWEIKERT, David",21105,R,AZ,House,118-H-870,Yea,S001183
"SCHWEIKERT, David",21105,R,AZ,House,118-H-890,Yea,S001183
"SCHWEIKERT, David",21105,R,AZ,House,118-H-935,Yea,S001183
"SCHWEIKERT, David",21105,R,AZ,House,119-H-128,Yea,S001183
"SCHWEIKERT, David",21105,R,AZ,House,119-H-158,Yea,S001183
"SCHWEIKERT, David",21105,R,AZ,House,119-H-526,Yea,S001183
"SCHWEIKERT, David",21105,R,AZ,House,119-H-655,Yea,S001183
"SCOTT, Austin",21123,R,GA,House,116-H-107,Yea,S001189
"SCOTT, Austin",21123,R,GA,House,116-H-28,Yea,S001189
"SCOTT, Austin",21123,R,GA,House,116-H-496,Yea,S001189
"SCOTT, Austin",21123,R,GA,House,116-H-651,Nay,S001189
"SCOTT, Austin",21123,R,GA,House,117-H-274,Yea,S001189
"SCOTT, Austin",21123,R,GA,House,117-H-660,Yea,S001189
"SCOTT, Austin",21123,R,GA,House,118-H-1146,Yea,S001189
"SCOTT, Austin",21123,R,GA,House,118-H-1194,Yea,S001189
"SCOTT, Austin",21123,R,GA,House,118-H-193,Yea,S001189
"SCOTT, Austin",21123,R,GA,House,118-H-241,Yea,S001189
"SCOTT, Austin",21123,R,GA,House,118-H-337,Yea,S001189
"SCOTT, Austin",21123,R,GA,House,118-H-523,Yea,S001189
"SCOTT, Austin",21123,R,GA,House,118-H-556,Yea,S001189
"SCOTT, Austin",21123,R,GA,House,118-H-572,Yea,S001189
"SCOTT, Austin",21123,R,GA,House,118-H-573,Yea,S001189
"SCOTT, Austin",21123,R,GA,House,118-H-617,Yea,S001189
"SCOTT, Austin",21123,R,GA,House,118-H-671,Not voting,S001189
"SCOTT, Austin",21123,R,GA,House,118-H-672,Not voting,S001189
"SCOTT, Austin",21123,R,GA,House,118-H-692,Yea,S001189
"SCOTT, Austin",21123,R,GA,House,118-H-716,Yea,S001189
"SCOTT, Austin",21123,R,GA,House,118-H-746,Yea,S001189
"SCOTT, Austin",21123,R,GA,House,118-H-756,Yea,S001189
"SCOTT, Austin",21123,R,GA,House,118-H-762,Yea,S001189
"SCOTT, Austin",21123,R,GA,House,118-H-852,Yea,S001189
"SCOTT, Austin",21123,R,GA,House,118-H-859,Yea,S001189
"SCOTT, Austin",21123,R,GA,House,118-H-870,Yea,S001189
"SCOTT, Austin",21123,R,GA,House,118-H-890,Yea,S001189
"SCOTT, Austin",21123,R,GA,House,118-H-935,Yea,S001189
"SCOTT, Austin",21123,R,GA,House,119-H-128,Yea,S001189
"SCOTT, Austin",21123,R,GA,House,119-H-158,Yea,S001189
"SCOTT, Austin",21123,R,GA,House,119-H-526,Yea,S001189
"SCOTT, Austin",21123,R,GA,House,119-H-655,Yea,S001189
"SCOTT, David",20321,D,GA,House,116-H-107,Yea,S001157
"SCOTT, David",20321,D,GA,House,116-H-28,Yea,S001157
"SCOTT, David",20321,D,GA,House,116-H-496,Yea,S001157
"SCOTT, David",20321,D,GA,House,116-H-651,Yea,S001157
"SCOTT, David",20321,D,GA,House,117-H-274,Yea,S001157
"SCOTT, David",20321,D,GA,House,117-H-660,Yea,S001157
"SCOTT, David",20321,D,GA,House,118-H-1146,Yea,S001157
"SCOTT, David",20321,D,GA,House,118-H-1194,Not voting,S001157
"SCOTT, David",20321,D,GA,House,118-H-193,Yea,S001157
"SCOTT, David",20321,D,GA,House,118-H-241,Yea,S001157
"SCOTT, David",20321,D,GA,House,118-H-337,Yea,S001157
"SCOTT, David",20321,D,GA,House,118-H-523,Yea,S001157
"SCOTT, David",20321,D,GA,House,118-H-556,Yea,S001157
"SCOTT, David",20321,D,GA,House,118-H-572,Nay,S001157
"SCOTT, David",20321,D,GA,House,118-H-573,Yea,S001157
"SCOTT, David",20321,D,GA,House,118-H-617,Nay,S001157
"SCOTT, David",20321,D,GA,House,118-H-671,Yea,S001157
"SCOTT, David",20321,D,GA,House,118-H-672,Yea,S001157
"SCOTT, David",20321,D,GA,House,118-H-692,Yea,S001157
"SCOTT, David",20321,D,GA,House,118-H-716,Yea,S001157
"SCOTT, David",20321,D,GA,House,118-H-746,Yea,S001157
"SCOTT, David",20321,D,GA,House,118-H-756,Yea,S001157
"SCOTT, David",20321,D,GA,House,118-H-762,Yea,S001157
"SCOTT, David",20321,D,GA,House,118-H-852,Yea,S001157
"SCOTT, David",20321,D,GA,House,118-H-859,Yea,S001157
"SCOTT, David",20321,D,GA,House,118-H-870,Yea,S001157
"SCOTT, David",20321,D,GA,House,118-H-890,Yea,S001157
"SCOTT, David",20321,D,GA,House,118-H-935,Yea,S001157
"SCOTT, David",20321,D,GA,House,119-H-128,Yea,S001157
"SCOTT, David",20321,D,GA,House,119-H-158,Yea,S001157
"SCOTT, Robert C.",39307,D,VA,House,116-H-107,Yea,S000185
"SCOTT, Robert C.",39307,D,VA,House,116-H-28,Yea,S000185
"SCOTT, Robert C.",39307,D,VA,House,116-H-496,Yea,S000185
"SCOTT, Robert C.",39307,D,VA,House,116-H-651,Yea,S000185
"SCOTT, Robert C.",39307,D,VA,House,117-H-274,Yea,S000185
"SCOTT, Robert C.",39307,D,VA,House,117-H-660,Yea,S000185
"SCOTT, Robert C.",39307,D,VA,House,118-H-1146,Nay,S000185
"SCOTT, Robert C.",39307,D,VA,House,118-H-1194,Yea,S000185
"SCOTT, Robert C.",39307,D,VA,House,118-H-193,Yea,S000185
"SCOTT, Robert C.",39307,D,VA,House,118-H-241,Yea,S000185
"SCOTT, Robert C.",39307,D,VA,House,118-H-337,Yea,S000185
"SCOTT, Robert C.",39307,D,VA,House,118-H-523,Yea,S000185
"SCOTT, Robert C.",39307,D,VA,House,118-H-556,Yea,S000185
"SCOTT, Robert C.",39307,D,VA,House,118-H-572,Nay,S000185
"SCOTT, Robert C.",39307,D,VA,House,118-H-573,Yea,S000185
"SCOTT, Robert C.",39307,D,VA,House,118-H-617,Nay,S000185
"SCOTT, Robert C.",39307,D,VA,House,118-H-671,Yea,S000185
"SCOTT, Robert C.",39307,D,VA,House,118-H-672,Yea,S000185
"SCOTT, Robert C.",39307,D,VA,House,118-H-692,Present,S000185
"SCOTT, Robert C.",39307,D,VA,House,118-H-716,Nay,S000185
"SCOTT, Robert C.",39307,D,VA,House,118-H-746,Yea,S000185
"SCOTT, Robert C.",39307,D,VA,House,118-H-756,Nay,S000185
"SCOTT, Robert C.",39307,D,VA,House,118-H-762,Yea,S000185
"SCOTT, Robert C.",39307,D,VA,House,118-H-852,Yea,S000185
"SCOTT, Robert C.",39307,D,VA,House,118-H-859,Yea,S000185
"SCOTT, Robert C.",39307,D,VA,House,118-H-870,Yea,S000185
"SCOTT, Robert C.",39307,D,VA,House,118-H-890,Nay,S000185
"SCOTT, Robert C.",39307,D,VA,House,118-H-935,Nay,S000185
"SCOTT, Robert C.",39307,D,VA,House,119-H-128,Yea,S000185
"SCOTT, Robert C.",39307,D,VA,House,119-H-158,Yea,S000185
"SCOTT, Robert C.",39307,D,VA,House,119-H-526,Yea,S000185
"SCOTT, Robert C.",39307,D,VA,House,119-H-655,Nay,S000185
"SELF, Keith",22364,R,TX,House,118-H-1146,Yea,S001224
"SELF, Keith",22364,R,TX,House,118-H-1194,Yea,S001224
"SELF, Keith",22364,R,TX,House,118-H-193,Yea,S001224
"SELF, Keith",22364,R,TX,House,118-H-241,Yea,S001224
"SELF, Keith",22364,R,TX,House,118-H-337,Yea,S001224
"SELF, Keith",22364,R,TX,House,118-H-523,Yea,S001224
"SELF, Keith",22364,R,TX,House,118-H-556,Yea,S001224
"SELF, Keith",22364,R,TX,House,118-H-572,Yea,S001224
"SELF, Keith",22364,R,TX,House,118-H-573,Yea,S001224
"SELF, Keith",22364,R,TX,House,118-H-617,Yea,S001224
"SELF, Keith",22364,R,TX,House,118-H-671,Yea,S001224
"SELF, Keith",22364,R,TX,House,118-H-672,Yea,S001224
"SELF, Keith",22364,R,TX,House,118-H-692,Yea,S001224
"SELF, Keith",22364,R,TX,House,118-H-716,Yea,S001224
"SELF, Keith",22364,R,TX,House,118-H-746,Yea,S001224
"SELF, Keith",22364,R,TX,House,118-H-756,Yea,S001224
"SELF, Keith",22364,R,TX,House,118-H-762,Yea,S001224
"SELF, Keith",22364,R,TX,House,118-H-852,Yea,S001224
"SELF, Keith",22364,R,TX,House,118-H-859,Yea,S001224
"SELF, Keith",22364,R,TX,House,118-H-870,Yea,S001224
"SELF, Keith",22364,R,TX,House,118-H-890,Yea,S001224
"SELF, Keith",22364,R,TX,House,118-H-935,Yea,S001224
"SELF, Keith",22364,R,TX,House,119-H-128,Yea,S001224
"SELF, Keith",22364,R,TX,House,119-H-158,Not voting,S001224
"SELF, Keith",22364,R,TX,House,119-H-526,Yea,S001224
"SELF, Keith",22364,R,TX,House,119-H-655,Yea,S001224
"SENSENBRENNER, Frank James, Jr.",14657,R,WI,House,116-H-107,Yea,S000244
"SENSENBRENNER, Frank James, Jr.",14657,R,WI,House,116-H-28,Not voting,S000244
"SENSENBRENNER, Frank James, Jr.",14657,R,WI,House,116-H-496,Yea,S000244
"SENSENBRENNER, Frank James, Jr.",14657,R,WI,House,116-H-651,Nay,S000244
"SERRANO, José E.",29134,D,NY,House,116-H-107,Yea,S000248
"SERRANO, José E.",29134,D,NY,House,116-H-28,Yea,S000248
"SERRANO, José E.",29134,D,NY,House,116-H-496,Yea,S000248
"SERRANO, José E.",29134,D,NY,House,116-H-651,Not voting,S000248
"SESSIONS, Pete",29759,R,TX,House,117-H-274,Yea,S000250
"SESSIONS, Pete",29759,R,TX,House,117-H-660,Yea,S000250
"SESSIONS, Pete",29759,R,TX,House,118-H-1146,Yea,S000250
"SESSIONS, Pete",29759,R,TX,House,118-H-1194,Yea,S000250
"SESSIONS, Pete",29759,R,TX,House,118-H-193,Yea,S000250
"SESSIONS, Pete",29759,R,TX,House,118-H-241,Yea,S000250
"SESSIONS, Pete",29759,R,TX,House,118-H-337,Yea,S000250
"SESSIONS, Pete",29759,R,TX,House,118-H-523,Yea,S000250
"SESSIONS, Pete",29759,R,TX,House,118-H-556,Not voting,S000250
"SESSIONS, Pete",29759,R,TX,House,118-H-572,Not voting,S000250
"SESSIONS, Pete",29759,R,TX,House,118-H-573,Not voting,S000250
"SESSIONS, Pete",29759,R,TX,House,118-H-617,Yea,S000250
"SESSIONS, Pete",29759,R,TX,House,118-H-671,Yea,S000250
"SESSIONS, Pete",29759,R,TX,House,118-H-672,Yea,S000250
"SESSIONS, Pete",29759,R,TX,House,118-H-692,Yea,S000250
"SESSIONS, Pete",29759,R,TX,House,118-H-716,Yea,S000250
"SESSIONS, Pete",29759,R,TX,House,118-H-746,Yea,S000250
"SESSIONS, Pete",29759,R,TX,House,118-H-756,Yea,S000250
"SESSIONS, Pete",29759,R,TX,House,118-H-762,Yea,S000250
"SESSIONS, Pete",29759,R,TX,House,118-H-852,Yea,S000250
"SESSIONS, Pete",29759,R,TX,House,118-H-859,Yea,S000250
"SESSIONS, Pete",29759,R,TX,House,118-H-870,Yea,S000250
"SESSIONS, Pete",29759,R,TX,House,118-H-890,Yea,S000250
"SESSIONS, Pete",29759,R,TX,House,118-H-935,Yea,S000250
"SESSIONS, Pete",29759,R,TX,House,119-H-128,Yea,S000250
"SESSIONS, Pete",29759,R,TX,House,119-H-158,Yea,S000250
"SESSIONS, Pete",29759,R,TX,House,119-H-526,Yea,S000250
"SESSIONS, Pete",29759,R,TX,House,119-H-655,Yea,S000250
"SEWELL, Terri",21102,D,AL,House,116-H-107,Yea,S001185
"SEWELL, Terri",21102,D,AL,House,116-H-28,Yea,S001185
"SEWELL, Terri",21102,D,AL,House,116-H-496,Yea,S001185
"SEWELL, Terri",21102,D,AL,House,116-H-651,Yea,S001185
"SEWELL, Terri",21102,D,AL,House,117-H-274,Yea,S001185
"SEWELL, Terri",21102,D,AL,House,117-H-660,Yea,S001185
"SEWELL, Terri",21102,D,AL,House,118-H-1146,Not voting,S001185
"SEWELL, Terri",21102,D,AL,House,118-H-1194,Yea,S001185
"SEWELL, Terri",21102,D,AL,House,118-H-193,Yea,S001185
"SEWELL, Terri",21102,D,AL,House,118-H-241,Yea,S001185
"SEWELL, Terri",21102,D,AL,House,118-H-337,Yea,S001185
"SEWELL, Terri",21102,D,AL,House,118-H-523,Yea,S001185
"SEWELL, Terri",21102,D,AL,House,118-H-556,Yea,S001185
"SEWELL, Terri",21102,D,AL,House,118-H-572,Nay,S001185
"SEWELL, Terri",21102,D,AL,House,118-H-573,Yea,S001185
"SEWELL, Terri",21102,D,AL,House,118-H-617,Nay,S001185
"SEWELL, Terri",21102,D,AL,House,118-H-671,Yea,S001185
"SEWELL, Terri",21102,D,AL,House,118-H-672,Yea,S001185
"SEWELL, Terri",21102,D,AL,House,118-H-692,Yea,S001185
"SEWELL, Terri",21102,D,AL,House,118-H-716,Nay,S001185
"SEWELL, Terri",21102,D,AL,House,118-H-746,Yea,S001185
"SEWELL, Terri",21102,D,AL,House,118-H-756,Nay,S001185
"SEWELL, Terri",21102,D,AL,House,118-H-762,Yea,S001185
"SEWELL, Terri",21102,D,AL,House,118-H-852,Yea,S001185
"SEWELL, Terri",21102,D,AL,House,118-H-859,Yea,S001185
"SEWELL, Terri",21102,D,AL,House,118-H-870,Yea,S001185
"SEWELL, Terri",21102,D,AL,House,118-H-890,Yea,S001185
"SEWELL, Terri",21102,D,AL,House,118-H-935,Nay,S001185
"SEWELL, Terri",21102,D,AL,House,119-H-128,Yea,S001185
"SEWELL, Terri",21102,D,AL,House,119-H-158,Yea,S001185
"SEWELL, Terri",21102,D,AL,House,119-H-526,Yea,S001185
"SEWELL, Terri",21102,D,AL,House,119-H-655,Nay,S001185
"SHALALA, Donna",21963,D,FL,House,116-H-107,Yea,S001206
"SHALALA, Donna",21963,D,FL,House,116-H-28,Yea,S001206
"SHALALA, Donna",21963,D,FL,House,116-H-496,Yea,S001206
"SHALALA, Donna",21963,D,FL,House,116-H-651,Yea,S001206
"SHERMAN, Brad",29707,D,CA,House,116-H-107,Yea,S000344
"SHERMAN, Brad",29707,D,CA,House,116-H-28,Yea,S000344
"SHERMAN, Brad",29707,D,CA,House,116-H-496,Yea,S000344
"SHERMAN, Brad",29707,D,CA,House,116-H-651,Yea,S000344
"SHERMAN, Brad",29707,D,CA,House,117-H-274,Yea,S000344
"SHERMAN, Brad",29707,D,CA,House,117-H-660,Yea,S000344
"SHERMAN, Brad",29707,D,CA,House,118-H-1146,Nay,S000344
"SHERMAN, Brad",29707,D,CA,House,118-H-1194,Yea,S000344
"SHERMAN, Brad",29707,D,CA,House,118-H-193,Yea,S000344
"SHERMAN, Brad",29707,D,CA,House,118-H-241,Yea,S000344
"SHERMAN, Brad",29707,D,CA,House,118-H-337,Yea,S000344
"SHERMAN, Brad",29707,D,CA,House,118-H-523,Yea,S000344
"SHERMAN, Brad",29707,D,CA,House,118-H-556,Yea,S000344
"SHERMAN, Brad",29707,D,CA,House,118-H-572,Nay,S000344
"SHERMAN, Brad",29707,D,CA,House,118-H-573,Yea,S000344
"SHERMAN, Brad",29707,D,CA,House,118-H-617,Nay,S000344
"SHERMAN, Brad",29707,D,CA,House,118-H-671,Yea,S000344
"SHERMAN, Brad",29707,D,CA,House,118-H-672,Yea,S000344
"SHERMAN, Brad",29707,D,CA,House,118-H-692,Yea,S000344
"SHERMAN, Brad",29707,D,CA,House,118-H-716,Yea,S000344
"SHERMAN, Brad",29707,D,CA,House,118-H-746,Yea,S000344
"SHERMAN, Brad",29707,D,CA,House,118-H-756,Yea,S000344
"SHERMAN, Brad",29707,D,CA,House,118-H-762,Yea,S000344
"SHERMAN, Brad",29707,D,CA,House,118-H-852,Yea,S000344
"SHERMAN, Brad",29707,D,CA,House,118-H-859,Yea,S000344
"SHERMAN, Brad",29707,D,CA,House,118-H-870,Yea,S000344
"SHERMAN, Brad",29707,D,CA,House,118-H-890,Yea,S000344
"SHERMAN, Brad",29707,D,CA,House,118-H-935,Nay,S000344
"SHERMAN, Brad",29707,D,CA,House,119-H-128,Yea,S000344
"SHERMAN, Brad",29707,D,CA,House,119-H-158,Yea,S000344
"SHERMAN, Brad",29707,D,CA,House,119-H-526,Yea,S000344
"SHERMAN, Brad",29707,D,CA,House,119-H-655,Yea,S000344
"SHERRILL, Mikie",21964,D,NJ,House,116-H-107,Yea,S001207
"SHERRILL, Mikie",21964,D,NJ,House,116-H-28,Yea,S001207
"SHERRILL, Mikie",21964,D,NJ,House,116-H-496,Yea,S001207
"SHERRILL, Mikie",21964,D,NJ,House,116-H-651,Yea,S001207
"SHERRILL, Mikie",21964,D,NJ,House,117-H-274,Yea,S001207
"SHERRILL, Mikie",21964,D,NJ,House,117-H-660,Yea,S001207
"SHERRILL, Mikie",21964,D,NJ,House,118-H-1146,Nay,S001207
"SHERRILL, Mikie",21964,D,NJ,House,118-H-1194,Not voting,S001207
"SHERRILL, Mikie",21964,D,NJ,House,118-H-193,Yea,S001207
"SHERRILL, Mikie",21964,D,NJ,House,118-H-241,Yea,S001207
"SHERRILL, Mikie",21964,D,NJ,House,118-H-337,Yea,S001207
"SHERRILL, Mikie",21964,D,NJ,House,118-H-523,Yea,S001207
"SHERRILL, Mikie",21964,D,NJ,House,118-H-556,Yea,S001207
"SHERRILL, Mikie",21964,D,NJ,House,118-H-572,Nay,S001207
"SHERRILL, Mikie",21964,D,NJ,House,118-H-573,Yea,S001207
"SHERRILL, Mikie",21964,D,NJ,House,118-H-617,Nay,S001207
"SHERRILL, Mikie",21964,D,NJ,House,118-H-671,Yea,S001207
"SHERRILL, Mikie",21964,D,NJ,House,118-H-672,Yea,S001207
"SHERRILL, Mikie",21964,D,NJ,House,118-H-692,Present,S001207
"SHERRILL, Mikie",21964,D,NJ,House,118-H-716,Yea,S001207
"SHERRILL, Mikie",21964,D,NJ,House,118-H-746,Yea,S001207
"SHERRILL, Mikie",21964,D,NJ,House,118-H-756,Nay,S001207
"SHERRILL, Mikie",21964,D,NJ,House,118-H-762,Yea,S001207
"SHERRILL, Mikie",21964,D,NJ,House,118-H-852,Yea,S001207
"SHERRILL, Mikie",21964,D,NJ,House,118-H-859,Yea,S001207
"SHERRILL, Mikie",21964,D,NJ,House,118-H-870,Yea,S001207
"SHERRILL, Mikie",21964,D,NJ,House,118-H-890,Yea,S001207
"SHERRILL, Mikie",21964,D,NJ,House,118-H-935,Nay,S001207
"SHERRILL, Mikie",21964,D,NJ,House,119-H-128,Yea,S001207
"SHERRILL, Mikie",21964,D,NJ,House,119-H-158,Not voting,S001207
"SHIMKUS, John M.",29718,R,IL,House,116-H-107,Yea,S000364
"SHIMKUS, John M.",29718,R,IL,House,116-H-28,Yea,S000364
"SHIMKUS, John M.",29718,R,IL,House,116-H-496,Yea,S000364
"SHIMKUS, John M.",29718,R,IL,House,116-H-651,Not voting,S000364
"SHREVE, Jefferson",22552,R,IN,House,119-H-128,Yea,S001229
"SHREVE, Jefferson",22552,R,IN,House,119-H-158,Yea,S001229
"SHREVE, Jefferson",22552,R,IN,House,119-H-526,Yea,S001229
"SHREVE, Jefferson",22552,R,IN,House,119-H-655,Yea,S001229
"SIMON, Lateefah",22553,D,CA,House,119-H-128,Yea,S001231
"SIMON, Lateefah",22553,D,CA,House,119-H-158,Not voting,S001231
"SIMON, Lateefah",22553,D,CA,House,119-H-526,Yea,S001231
"SIMON, Lateefah",22553,D,CA,House,119-H-655,Nay,S001231
"SIMPSON, Michael K.",29910,R,ID,House,116-H-107,Yea,S001148
"SIMPSON, Michael K.",29910,R,ID,House,116-H-28,Yea,S001148
"SIMPSON, Michael K.",29910,R,ID,House,116-H-496,Yea,S001148
"SIMPSON, Michael K.",29910,R,ID,House,116-H-651,Nay,S001148
"SIMPSON, Michael K.",29910,R,ID,House,117-H-274,Yea,S001148
"SIMPSON, Michael K.",29910,R,ID,House,117-H-660,Yea,S001148
"SIMPSON, Michael K.",29910,R,ID,House,118-H-1146,Yea,S001148
"SIMPSON, Michael K.",29910,R,ID,House,118-H-1194,Yea,S001148
"SIMPSON, Michael K.",29910,R,ID,House,118-H-193,Yea,S001148
"SIMPSON, Michael K.",29910,R,ID,House,118-H-241,Yea,S001148
"SIMPSON, Michael K.",29910,R,ID,House,118-H-337,Yea,S001148
"SIMPSON, Michael K.",29910,R,ID,House,118-H-523,Yea,S001148
"SIMPSON, Michael K.",29910,R,ID,House,118-H-556,Yea,S001148
"SIMPSON, Michael K.",29910,R,ID,House,118-H-572,Yea,S001148
"SIMPSON, Michael K.",29910,R,ID,House,118-H-573,Yea,S001148
"SIMPSON, Michael K.",29910,R,ID,House,118-H-617,Yea,S001148
"SIMPSON, Michael K.",29910,R,ID,House,118-H-671,Yea,S001148
"SIMPSON, Michael K.",29910,R,ID,House,118-H-672,Yea,S001148
"SIMPSON, Michael K.",29910,R,ID,House,118-H-692,Yea,S001148
"SIMPSON, Michael K.",29910,R,ID,House,118-H-716,Yea,S001148
"SIMPSON, Michael K.",29910,R,ID,House,118-H-746,Yea,S001148
"SIMPSON, Michael K.",29910,R,ID,House,118-H-756,Yea,S001148
"SIMPSON, Michael K.",29910,R,ID,House,118-H-762,Yea,S001148
"SIMPSON, Michael K.",29910,R,ID,House,118-H-852,Yea,S001148
"SIMPSON, Michael K.",29910,R,ID,House,118-H-859,Yea,S001148
"SIMPSON, Michael K.",29910,R,ID,House,118-H-870,Yea,S001148
"SIMPSON, Michael K.",29910,R,ID,House,118-H-890,Yea,S001148
"SIMPSON, Michael K.",29910,R,ID,House,118-H-935,Yea,S001148
"SIMPSON, Michael K.",29910,R,ID,House,119-H-128,Yea,S001148
"SIMPSON, Michael K.",29910,R,ID,House,119-H-158,Yea,S001148
"SIMPSON, Michael K.",29910,R,ID,House,119-H-526,Yea,S001148
"SIMPSON, Michael K.",29910,R,ID,House,119-H-655,Yea,S001148
"SIRES, Albio",20542,D,NJ,House,116-H-107,Yea,S001165
"SIRES, Albio",20542,D,NJ,House,116-H-28,Yea,S001165
"SIRES, Albio",20542,D,NJ,House,116-H-496,Yea,S001165
"SIRES, Albio",20542,D,NJ,House,116-H-651,Yea,S001165
"SIRES, Albio",20542,D,NJ,House,117-H-274,Yea,S001165
"SIRES, Albio",20542,D,NJ,House,117-H-660,Yea,S001165
"SLOTKIN, Elissa",21965,D,MI,House,116-H-107,Yea,S001208
"SLOTKIN, Elissa",21965,D,MI,House,116-H-28,Yea,S001208
"SLOTKIN, Elissa",21965,D,MI,House,116-H-496,Yea,S001208
"SLOTKIN, Elissa",21965,D,MI,House,116-H-651,Yea,S001208
"SLOTKIN, Elissa",21965,D,MI,House,117-H-274,Yea,S001208
"SLOTKIN, Elissa",21965,D,MI,House,117-H-660,Yea,S001208
"SLOTKIN, Elissa",21965,D,MI,House,118-H-1146,Nay,S001208
"SLOTKIN, Elissa",21965,D,MI,House,118-H-1194,Yea,S001208
"SLOTKIN, Elissa",21965,D,MI,House,118-H-193,Yea,S001208
"SLOTKIN, Elissa",21965,D,MI,House,118-H-241,Yea,S001208
"SLOTKIN, Elissa",21965,D,MI,House,118-H-337,Yea,S001208
"SLOTKIN, Elissa",21965,D,MI,House,118-H-523,Yea,S001208
"SLOTKIN, Elissa",21965,D,MI,House,118-H-556,Yea,S001208
"SLOTKIN, Elissa",21965,D,MI,House,118-H-572,Nay,S001208
"SLOTKIN, Elissa",21965,D,MI,House,118-H-573,Yea,S001208
"SLOTKIN, Elissa",21965,D,MI,House,118-H-617,Nay,S001208
"SLOTKIN, Elissa",21965,D,MI,House,118-H-671,Yea,S001208
"SLOTKIN, Elissa",21965,D,MI,House,118-H-672,Yea,S001208
"SLOTKIN, Elissa",21965,D,MI,House,118-H-692,Yea,S001208
"SLOTKIN, Elissa",21965,D,MI,House,118-H-716,Yea,S001208
"SLOTKIN, Elissa",21965,D,MI,House,118-H-746,Yea,S001208
"SLOTKIN, Elissa",21965,D,MI,House,118-H-756,Nay,S001208
"SLOTKIN, Elissa",21965,D,MI,House,118-H-762,Yea,S001208
"SLOTKIN, Elissa",21965,D,MI,House,118-H-852,Yea,S001208
"SLOTKIN, Elissa",21965,D,MI,House,118-H-859,Yea,S001208
"SLOTKIN, Elissa",21965,D,MI,House,118-H-870,Yea,S001208
"SLOTKIN, Elissa",21965,D,MI,House,118-H-890,Yea,S001208
"SLOTKIN, Elissa",21965,D,MI,House,118-H-935,Nay,S001208
"SMITH, Adam",29768,D,WA,House,116-H-107,Yea,S000510
"SMITH, Adam",29768,D,WA,House,116-H-28,Yea,S000510
"SMITH, Adam",29768,D,WA,House,116-H-496,Yea,S000510
"SMITH, Adam",29768,D,WA,House,116-H-651,Yea,S000510
"SMITH, Adam",29768,D,WA,House,117-H-274,Yea,S000510
"SMITH, Adam",29768,D,WA,House,117-H-660,Yea,S000510
"SMITH, Adam",29768,D,WA,House,118-H-1146,Nay,S000510
"SMITH, Adam",29768,D,WA,House,118-H-1194,Yea,S000510
"SMITH, Adam",29768,D,WA,House,118-H-193,Yea,S000510
"SMITH, Adam",29768,D,WA,House,118-H-241,Yea,S000510
"SMITH, Adam",29768,D,WA,House,118-H-337,Yea,S000510
"SMITH, Adam",29768,D,WA,House,118-H-523,Yea,S000510
"SMITH, Adam",29768,D,WA,House,118-H-556,Yea,S000510
"SMITH, Adam",29768,D,WA,House,118-H-572,Nay,S000510
"SMITH, Adam",29768,D,WA,House,118-H-573,Yea,S000510
"SMITH, Adam",29768,D,WA,House,118-H-617,Nay,S000510
"SMITH, Adam",29768,D,WA,House,118-H-671,Yea,S000510
"SMITH, Adam",29768,D,WA,House,118-H-672,Yea,S000510
"SMITH, Adam",29768,D,WA,House,118-H-692,Yea,S000510
"SMITH, Adam",29768,D,WA,House,118-H-716,Yea,S000510
"SMITH, Adam",29768,D,WA,House,118-H-746,Yea,S000510
"SMITH, Adam",29768,D,WA,House,118-H-756,Nay,S000510
"SMITH, Adam",29768,D,WA,House,118-H-762,Yea,S000510
"SMITH, Adam",29768,D,WA,House,118-H-852,Yea,S000510
"SMITH, Adam",29768,D,WA,House,118-H-859,Yea,S000510
"SMITH, Adam",29768,D,WA,House,118-H-870,Yea,S000510
"SMITH, Adam",29768,D,WA,House,118-H-890,Yea,S000510
"SMITH, Adam",29768,D,WA,House,118-H-935,Nay,S000510
"SMITH, Adam",29768,D,WA,House,119-H-128,Yea,S000510
"SMITH, Adam",29768,D,WA,House,119-H-158,Yea,S000510
"SMITH, Adam",29768,D,WA,House,119-H-526,Yea,S000510
"SMITH, Adam",29768,D,WA,House,119-H-655,Not voting,S000510
"SMITH, Adrian",20729,R,NE,House,116-H-107,Yea,S001172
"SMITH, Adrian",20729,R,NE,House,116-H-28,Yea,S001172
"SMITH, Adrian",20729,R,NE,House,116-H-496,Yea,S001172
"SMITH, Adrian",20729,R,NE,House,116-H-651,Nay,S001172
"SMITH, Adrian",20729,R,NE,House,117-H-274,Yea,S001172
"SMITH, Adrian",20729,R,NE,House,117-H-660,Yea,S001172
"SMITH, Adrian",20729,R,NE,House,118-H-1146,Yea,S001172
"SMITH, Adrian",20729,R,NE,House,118-H-1194,Yea,S001172
"SMITH, Adrian",20729,R,NE,House,118-H-193,Yea,S001172
"SMITH, Adrian",20729,R,NE,House,118-H-241,Yea,S001172
"SMITH, Adrian",20729,R,NE,House,118-H-337,Yea,S001172
"SMITH, Adrian",20729,R,NE,House,118-H-523,Yea,S001172
"SMITH, Adrian",20729,R,NE,House,118-H-556,Yea,S001172
"SMITH, Adrian",20729,R,NE,House,118-H-572,Yea,S001172
"SMITH, Adrian",20729,R,NE,House,118-H-573,Yea,S001172
"SMITH, Adrian",20729,R,NE,House,118-H-617,Yea,S001172
"SMITH, Adrian",20729,R,NE,House,118-H-671,Yea,S001172
"SMITH, Adrian",20729,R,NE,House,118-H-672,Yea,S001172
"SMITH, Adrian",20729,R,NE,House,118-H-692,Yea,S001172
"SMITH, Adrian",20729,R,NE,House,118-H-716,Yea,S001172
"SMITH, Adrian",20729,R,NE,House,118-H-746,Yea,S001172
"SMITH, Adrian",20729,R,NE,House,118-H-756,Yea,S001172
"SMITH, Adrian",20729,R,NE,House,118-H-762,Yea,S001172
"SMITH, Adrian",20729,R,NE,House,118-H-852,Yea,S001172
"SMITH, Adrian",20729,R,NE,House,118-H-859,Yea,S001172
"SMITH, Adrian",20729,R,NE,House,118-H-870,Yea,S001172
"SMITH, Adrian",20729,R,NE,House,118-H-890,Yea,S001172
"SMITH, Adrian",20729,R,NE,House,118-H-935,Yea,S001172
"SMITH, Adrian",20729,R,NE,House,119-H-128,Yea,S001172
"SMITH, Adrian",20729,R,NE,House,119-H-158,Yea,S001172
"SMITH, Adrian",20729,R,NE,House,119-H-526,Yea,S001172
"SMITH, Adrian",20729,R,NE,House,119-H-655,Yea,S001172
"SMITH, Christopher Henry",14863,R,NJ,House,116-H-107,Yea,S000522
"SMITH, Christopher Henry",14863,R,NJ,House,116-H-28,Yea,S000522
"SMITH, Christopher Henry",14863,R,NJ,House,116-H-496,Yea,S000522
"SMITH, Christopher Henry",14863,R,NJ,House,116-H-651,Nay,S000522
"SMITH, Christopher Henry",14863,R,NJ,House,117-H-274,Yea,S000522
"SMITH, Christopher Henry",14863,R,NJ,House,117-H-660,Yea,S000522
"SMITH, Christopher Henry",14863,R,NJ,House,118-H-1146,Yea,S000522
"SMITH, Christopher Henry",14863,R,NJ,House,118-H-1194,Yea,S000522
"SMITH, Christopher Henry",14863,R,NJ,House,118-H-193,Yea,S000522
"SMITH, Christopher Henry",14863,R,NJ,House,118-H-241,Yea,S000522
"SMITH, Christopher Henry",14863,R,NJ,House,118-H-337,Yea,S000522
"SMITH, Christopher Henry",14863,R,NJ,House,118-H-523,Yea,S000522
"SMITH, Christopher Henry",14863,R,NJ,House,118-H-556,Yea,S000522
"SMITH, Christopher Henry",14863,R,NJ,House,118-H-572,Yea,S000522
"SMITH, Christopher Henry",14863,R,NJ,House,118-H-573,Yea,S000522
"SMITH, Christopher Henry",14863,R,NJ,House,118-H-617,Yea,S000522
"SMITH, Christopher Henry",14863,R,NJ,House,118-H-671,Yea,S000522
"SMITH, Christopher Henry",14863,R,NJ,House,118-H-672,Yea,S000522
"SMITH, Christopher Henry",14863,R,NJ,House,118-H-692,Not voting,S000522
"SMITH, Christopher Henry",14863,R,NJ,House,118-H-716,Yea,S000522
"SMITH, Christopher Henry",14863,R,NJ,House,118-H-746,Yea,S000522
"SMITH, Christopher Henry",14863,R,NJ,House,118-H-756,Yea,S000522
"SMITH, Christopher Henry",14863,R,NJ,House,118-H-762,Yea,S000522
"SMITH, Christopher Henry",14863,R,NJ,House,118-H-852,Yea,S000522
"SMITH, Christopher Henry",14863,R,NJ,House,118-H-859,Yea,S000522
"SMITH, Christopher Henry",14863,R,NJ,House,118-H-870,Yea,S000522
"SMITH, Christopher Henry",14863,R,NJ,House,118-H-890,Yea,S000522
"SMITH, Christopher Henry",14863,R,NJ,House,118-H-935,Yea,S000522
"SMITH, Christopher Henry",14863,R,NJ,House,119-H-128,Yea,S000522
"SMITH, Christopher Henry",14863,R,NJ,House,119-H-158,Yea,S000522
"SMITH, Christopher Henry",14863,R,NJ,House,119-H-526,Yea,S000522
"SMITH, Christopher Henry",14863,R,NJ,House,119-H-655,Yea,S000522
"SMITH, Jason",21373,R,MO,House,116-H-107,Yea,S001195
"SMITH, Jason",21373,R,MO,House,116-H-28,Yea,S001195
"SMITH, Jason",21373,R,MO,House,116-H-496,Yea,S001195
"SMITH, Jason",21373,R,MO,House,116-H-651,Nay,S001195
"SMITH, Jason",21373,R,MO,House,117-H-274,Yea,S001195
"SMITH, Jason",21373,R,MO,House,117-H-660,Yea,S001195
"SMITH, Jason",21373,R,MO,House,118-H-1146,Yea,S001195
"SMITH, Jason",21373,R,MO,House,118-H-1194,Yea,S001195
"SMITH, Jason",21373,R,MO,House,118-H-193,Yea,S001195
"SMITH, Jason",21373,R,MO,House,118-H-241,Yea,S001195
"SMITH, Jason",21373,R,MO,House,118-H-337,Yea,S001195
"SMITH, Jason",21373,R,MO,House,118-H-523,Yea,S001195
"SMITH, Jason",21373,R,MO,House,118-H-556,Yea,S001195
"SMITH, Jason",21373,R,MO,House,118-H-572,Yea,S001195
"SMITH, Jason",21373,R,MO,House,118-H-573,Yea,S001195
"SMITH, Jason",21373,R,MO,House,118-H-617,Yea,S001195
"SMITH, Jason",21373,R,MO,House,118-H-671,Yea,S001195
"SMITH, Jason",21373,R,MO,House,118-H-672,Yea,S001195
"SMITH, Jason",21373,R,MO,House,118-H-692,Yea,S001195
"SMITH, Jason",21373,R,MO,House,118-H-716,Yea,S001195
"SMITH, Jason",21373,R,MO,House,118-H-746,Yea,S001195
"SMITH, Jason",21373,R,MO,House,118-H-756,Yea,S001195
"SMITH, Jason",21373,R,MO,House,118-H-762,Yea,S001195
"SMITH, Jason",21373,R,MO,House,118-H-852,Yea,S001195
"SMITH, Jason",21373,R,MO,House,118-H-859,Yea,S001195
"SMITH, Jason",21373,R,MO,House,118-H-870,Yea,S001195
"SMITH, Jason",21373,R,MO,House,118-H-890,Yea,S001195
"SMITH, Jason",21373,R,MO,House,118-H-935,Yea,S001195
"SMITH, Jason",21373,R,MO,House,119-H-128,Yea,S001195
"SMITH, Jason",21373,R,MO,House,119-H-158,Yea,S001195
"SMITH, Jason",21373,R,MO,House,119-H-526,Yea,S001195
"SMITH, Jason",21373,R,MO,House,119-H-655,Yea,S001195
"SMUCKER, Lloyd K.",21745,R,PA,House,116-H-107,Yea,S001199
"SMUCKER, Lloyd K.",21745,R,PA,House,116-H-28,Yea,S001199
"SMUCKER, Lloyd K.",21745,R,PA,House,116-H-496,Yea,S001199
"SMUCKER, Lloyd K.",21745,R,PA,House,116-H-651,Nay,S001199
"SMUCKER, Lloyd K.",21745,R,PA,House,117-H-274,Yea,S001199
"SMUCKER, Lloyd K.",21745,R,PA,House,117-H-660,Yea,S001199
"SMUCKER, Lloyd K.",21745,R,PA,House,118-H-1146,Yea,S001199
"SMUCKER, Lloyd K.",21745,R,PA,House,118-H-1194,Yea,S001199
"SMUCKER, Lloyd K.",21745,R,PA,House,118-H-193,Yea,S001199
"SMUCKER, Lloyd K.",21745,R,PA,House,118-H-241,Yea,S001199
"SMUCKER, Lloyd K.",21745,R,PA,House,118-H-337,Yea,S001199
"SMUCKER, Lloyd K.",21745,R,PA,House,118-H-523,Yea,S001199
"SMUCKER, Lloyd K.",21745,R,PA,House,118-H-556,Yea,S001199
"SMUCKER, Lloyd K.",21745,R,PA,House,118-H-572,Yea,S001199
"SMUCKER, Lloyd K.",21745,R,PA,House,118-H-573,Yea,S001199
"SMUCKER, Lloyd K.",21745,R,PA,House,118-H-617,Yea,S001199
"SMUCKER, Lloyd K.",21745,R,PA,House,118-H-671,Yea,S001199
"SMUCKER, Lloyd K.",21745,R,PA,House,118-H-672,Yea,S001199
"SMUCKER, Lloyd K.",21745,R,PA,House,118-H-692,Yea,S001199
"SMUCKER, Lloyd K.",21745,R,PA,House,118-H-716,Yea,S001199
"SMUCKER, Lloyd K.",21745,R,PA,House,118-H-746,Yea,S001199
"SMUCKER, Lloyd K.",21745,R,PA,House,118-H-756,Yea,S001199
"SMUCKER, Lloyd K.",21745,R,PA,House,118-H-762,Yea,S001199
"SMUCKER, Lloyd K.",21745,R,PA,House,118-H-852,Yea,S001199
"SMUCKER, Lloyd K.",21745,R,PA,House,118-H-859,Yea,S001199
"SMUCKER, Lloyd K.",21745,R,PA,House,118-H-870,Yea,S001199
"SMUCKER, Lloyd K.",21745,R,PA,House,118-H-890,Yea,S001199
"SMUCKER, Lloyd K.",21745,R,PA,House,118-H-935,Yea,S001199
"SMUCKER, Lloyd K.",21745,R,PA,House,119-H-128,Yea,S001199
"SMUCKER, Lloyd K.",21745,R,PA,House,119-H-158,Not voting,S001199
"SMUCKER, Lloyd K.",21745,R,PA,House,119-H-526,Yea,S001199
"SMUCKER, Lloyd K.",21745,R,PA,House,119-H-655,Yea,S001199
"SORENSEN, Eric",22365,D,IL,House,118-H-1146,Nay,S001225
"SORENSEN, Eric",22365,D,IL,House,118-H-1194,Yea,S001225
"SORENSEN, Eric",22365,D,IL,House,118-H-193,Yea,S001225
"SORENSEN, Eric",22365,D,IL,House,118-H-241,Yea,S001225
"SORENSEN, Eric",22365,D,IL,House,118-H-337,Yea,S001225
"SORENSEN, Eric",22365,D,IL,House,118-H-523,Yea,S001225
"SORENSEN, Eric",22365,D,IL,House,118-H-556,Yea,S001225
"SORENSEN, Eric",22365,D,IL,House,118-H-572,Nay,S001225
"SORENSEN, Eric",22365,D,IL,House,118-H-573,Yea,S001225
"SORENSEN, Eric",22365,D,IL,House,118-H-617,Nay,S001225
"SORENSEN, Eric",22365,D,IL,House,118-H-671,Yea,S001225
"SORENSEN, Eric",22365,D,IL,House,118-H-672,Yea,S001225
"SORENSEN, Eric",22365,D,IL,House,118-H-692,Yea,S001225
"SORENSEN, Eric",22365,D,IL,House,118-H-716,Yea,S001225
"SORENSEN, Eric",22365,D,IL,House,118-H-746,Yea,S001225
"SORENSEN, Eric",22365,D,IL,House,118-H-756,Yea,S001225
"SORENSEN, Eric",22365,D,IL,House,118-H-762,Yea,S001225
"SORENSEN, Eric",22365,D,IL,House,118-H-852,Yea,S001225
"SORENSEN, Eric",22365,D,IL,House,118-H-859,Yea,S001225
"SORENSEN, Eric",22365,D,IL,House,118-H-870,Yea,S001225
"SORENSEN, Eric",22365,D,IL,House,118-H-890,Yea,S001225
"SORENSEN, Eric",22365,D,IL,House,118-H-935,Nay,S001225
"SORENSEN, Eric",22365,D,IL,House,119-H-128,Yea,S001225
"SORENSEN, Eric",22365,D,IL,House,119-H-158,Yea,S001225
"SORENSEN, Eric",22365,D,IL,House,119-H-526,Yea,S001225
"SORENSEN, Eric",22365,D,IL,House,119-H-655,Nay,S001225
"SOTO, Darren Michael",21746,D,FL,House,116-H-107,Yea,S001200
"SOTO, Darren Michael",21746,D,FL,House,116-H-28,Yea,S001200
"SOTO, Darren Michael",21746,D,FL,House,116-H-496,Yea,S001200
"SOTO, Darren Michael",21746,D,FL,House,116-H-651,Yea,S001200
"SOTO, Darren Michael",21746,D,FL,House,117-H-274,Yea,S001200
"SOTO, Darren Michael",21746,D,FL,House,117-H-660,Yea,S001200
"SOTO, Darren Michael",21746,D,FL,House,118-H-1146,Yea,S001200
"SOTO, Darren Michael",21746,D,FL,House,118-H-1194,Yea,S001200
"SOTO, Darren Michael",21746,D,FL,House,118-H-193,Yea,S001200
"SOTO, Darren Michael",21746,D,FL,House,118-H-241,Yea,S001200
"SOTO, Darren Michael",21746,D,FL,House,118-H-337,Yea,S001200
"SOTO, Darren Michael",21746,D,FL,House,118-H-523,Yea,S001200
"SOTO, Darren Michael",21746,D,FL,House,118-H-556,Yea,S001200
"SOTO, Darren Michael",21746,D,FL,House,118-H-572,Yea,S001200
"SOTO, Darren Michael",21746,D,FL,House,118-H-573,Yea,S001200
"SOTO, Darren Michael",21746,D,FL,House,118-H-617,Yea,S001200
"SOTO, Darren Michael",21746,D,FL,House,118-H-671,Yea,S001200
"SOTO, Darren Michael",21746,D,FL,House,118-H-672,Yea,S001200
"SOTO, Darren Michael",21746,D,FL,House,118-H-692,Yea,S001200
"SOTO, Darren Michael",21746,D,FL,House,118-H-716,Yea,S001200
"SOTO, Darren Michael",21746,D,FL,House,118-H-746,Yea,S001200
"SOTO, Darren Michael",21746,D,FL,House,118-H-756,Yea,S001200
"SOTO, Darren Michael",21746,D,FL,House,118-H-762,Yea,S001200
"SOTO, Darren Michael",21746,D,FL,House,118-H-852,Yea,S001200
"SOTO, Darren Michael",21746,D,FL,House,118-H-859,Yea,S001200
"SOTO, Darren Michael",21746,D,FL,House,118-H-870,Yea,S001200
"SOTO, Darren Michael",21746,D,FL,House,118-H-890,Yea,S001200
"SOTO, Darren Michael",21746,D,FL,House,118-H-935,Yea,S001200
"SOTO, Darren Michael",21746,D,FL,House,119-H-128,Yea,S001200
"SOTO, Darren Michael",21746,D,FL,House,119-H-158,Yea,S001200
"SOTO, Darren Michael",21746,D,FL,House,119-H-526,Yea,S001200
"SOTO, Darren Michael",21746,D,FL,House,119-H-655,Yea,S001200
"SPANBERGER, Abigail",21966,D,VA,House,116-H-107,Yea,S001209
"SPANBERGER, Abigail",21966,D,VA,House,116-H-28,Yea,S001209
"SPANBERGER, Abigail",21966,D,VA,House,116-H-496,Yea,S001209
"SPANBERGER, Abigail",21966,D,VA,House,116-H-651,Yea,S001209
"SPANBERGER, Abigail",21966,D,VA,House,117-H-274,Yea,S001209
"SPANBERGER, Abigail",21966,D,VA,House,117-H-660,Yea,S001209
"SPANBERGER, Abigail",21966,D,VA,House,118-H-1146,Nay,S001209
"SPANBERGER, Abigail",21966,D,VA,House,118-H-1194,Yea,S001209
"SPANBERGER, Abigail",21966,D,VA,House,118-H-193,Yea,S001209
"SPANBERGER, Abigail",21966,D,VA,House,118-H-241,Yea,S001209
"SPANBERGER, Abigail",21966,D,VA,House,118-H-337,Yea,S001209
"SPANBERGER, Abigail",21966,D,VA,House,118-H-523,Yea,S001209
"SPANBERGER, Abigail",21966,D,VA,House,118-H-556,Yea,S001209
"SPANBERGER, Abigail",21966,D,VA,House,118-H-572,Nay,S001209
"SPANBERGER, Abigail",21966,D,VA,House,118-H-573,Yea,S001209
"SPANBERGER, Abigail",21966,D,VA,House,118-H-617,Present,S001209
"SPANBERGER, Abigail",21966,D,VA,House,118-H-671,Yea,S001209
"SPANBERGER, Abigail",21966,D,VA,House,118-H-672,Yea,S001209
"SPANBERGER, Abigail",21966,D,VA,House,118-H-692,Yea,S001209
"SPANBERGER, Abigail",21966,D,VA,House,118-H-716,Yea,S001209
"SPANBERGER, Abigail",21966,D,VA,House,118-H-746,Yea,S001209
"SPANBERGER, Abigail",21966,D,VA,House,118-H-756,Nay,S001209
"SPANBERGER, Abigail",21966,D,VA,House,118-H-762,Yea,S001209
"SPANBERGER, Abigail",21966,D,VA,House,118-H-852,Yea,S001209
"SPANBERGER, Abigail",21966,D,VA,House,118-H-859,Yea,S001209
"SPANBERGER, Abigail",21966,D,VA,House,118-H-870,Yea,S001209
"SPANBERGER, Abigail",21966,D,VA,House,118-H-890,Yea,S001209
"SPANBERGER, Abigail",21966,D,VA,House,118-H-935,Nay,S001209
"SPANO, Ross",21967,R,FL,House,116-H-107,Yea,S001210
"SPANO, Ross",21967,R,FL,House,116-H-28,Yea,S001210
"SPANO, Ross",21967,R,FL,House,116-H-496,Yea,S001210
"SPANO, Ross",21967,R,FL,House,116-H-651,Nay,S001210
"SPARTZ, Victoria",22151,R,IN,House,117-H-274,Yea,S000929
"SPARTZ, Victoria",22151,R,IN,House,117-H-660,Yea,S000929
"SPARTZ, Victoria",22151,R,IN,House,118-H-1146,Yea,S000929
"SPARTZ, Victoria",22151,R,IN,House,118-H-1194,Yea,S000929
"SPARTZ, Victoria",22151,R,IN,House,118-H-193,Yea,S000929
"SPARTZ, Victoria",22151,R,IN,House,118-H-241,Yea,S000929
"SPARTZ, Victoria",22151,R,IN,House,118-H-337,Yea,S000929
"SPARTZ, Victoria",22151,R,IN,House,118-H-523,Yea,S000929
"SPARTZ, Victoria",22151,R,IN,House,118-H-556,Yea,S000929
"SPARTZ, Victoria",22151,R,IN,House,118-H-572,Yea,S000929
"SPARTZ, Victoria",22151,R,IN,House,118-H-573,Yea,S000929
"SPARTZ, Victoria",22151,R,IN,House,118-H-617,Yea,S000929
"SPARTZ, Victoria",22151,R,IN,House,118-H-671,Yea,S000929
"SPARTZ, Victoria",22151,R,IN,House,118-H-672,Yea,S000929
"SPARTZ, Victoria",22151,R,IN,House,118-H-692,Yea,S000929
"SPARTZ, Victoria",22151,R,IN,House,118-H-716,Yea,S000929
"SPARTZ, Victoria",22151,R,IN,House,118-H-746,Yea,S000929
"SPARTZ, Victoria",22151,R,IN,House,118-H-756,Yea,S000929
"SPARTZ, Victoria",22151,R,IN,House,118-H-762,Not voting,S000929
"SPARTZ, Victoria",22151,R,IN,House,118-H-852,Yea,S000929
"SPARTZ, Victoria",22151,R,IN,House,118-H-859,Yea,S000929
"SPARTZ, Victoria",22151,R,IN,House,118-H-870,Yea,S000929
"SPARTZ, Victoria",22151,R,IN,House,118-H-890,Yea,S000929
"SPARTZ, Victoria",22151,R,IN,House,118-H-935,Yea,S000929
"SPARTZ, Victoria",22151,R,IN,House,119-H-128,Yea,S000929
"SPARTZ, Victoria",22151,R,IN,House,119-H-158,Not voting,S000929
"SPARTZ, Victoria",22151,R,IN,House,119-H-526,Yea,S000929
"SPARTZ, Victoria",22151,R,IN,House,119-H-655,Not voting,S000929
"SPEIER, Karen Lorraine Jacqueline (Jackie)",20762,D,CA,House,116-H-107,Yea,S001175
"SPEIER, Karen Lorraine Jacqueline (Jackie)",20762,D,CA,House,116-H-28,Yea,S001175
"SPEIER, Karen Lorraine Jacqueline (Jackie)",20762,D,CA,House,116-H-496,Yea,S001175
"SPEIER, Karen Lorraine Jacqueline (Jackie)",20762,D,CA,House,116-H-651,Yea,S001175
"SPEIER, Karen Lorraine Jacqueline (Jackie)",20762,D,CA,House,117-H-274,Yea,S001175
"SPEIER, Karen Lorraine Jacqueline (Jackie)",20762,D,CA,House,117-H-660,Yea,S001175
"STANSBURY, Melanie Ann",22159,D,NM,House,117-H-274,Yea,S001218
"STANSBURY, Melanie Ann",22159,D,NM,House,117-H-660,Yea,S001218
"STANSBURY, Melanie Ann",22159,D,NM,House,118-H-1146,Nay,S001218
"STANSBURY, Melanie Ann",22159,D,NM,House,118-H-1194,Yea,S001218
"STANSBURY, Melanie Ann",22159,D,NM,House,118-H-193,Yea,S001218
"STANSBURY, Melanie Ann",22159,D,NM,House,118-H-241,Yea,S001218
"STANSBURY, Melanie Ann",22159,D,NM,House,118-H-337,Yea,S001218
"STANSBURY, Melanie Ann",22159,D,NM,House,118-H-523,Yea,S001218
"STANSBURY, Melanie Ann",22159,D,NM,House,118-H-556,Yea,S001218
"STANSBURY, Melanie Ann",22159,D,NM,House,118-H-572,Nay,S001218
"STANSBURY, Melanie Ann",22159,D,NM,House,118-H-573,Yea,S001218
"STANSBURY, Melanie Ann",22159,D,NM,House,118-H-617,Nay,S001218
"STANSBURY, Melanie Ann",22159,D,NM,House,118-H-671,Yea,S001218
"STANSBURY, Melanie Ann",22159,D,NM,House,118-H-672,Yea,S001218
"STANSBURY, Melanie Ann",22159,D,NM,House,118-H-692,Yea,S001218
"STANSBURY, Melanie Ann",22159,D,NM,House,118-H-716,Yea,S001218
"STANSBURY, Melanie Ann",22159,D,NM,House,118-H-746,Yea,S001218
"STANSBURY, Melanie Ann",22159,D,NM,House,118-H-756,Nay,S001218
"STANSBURY, Melanie Ann",22159,D,NM,House,118-H-762,Yea,S001218
"STANSBURY, Melanie Ann",22159,D,NM,House,118-H-852,Yea,S001218
"STANSBURY, Melanie Ann",22159,D,NM,House,118-H-859,Yea,S001218
"STANSBURY, Melanie Ann",22159,D,NM,House,118-H-870,Yea,S001218
"STANSBURY, Melanie Ann",22159,D,NM,House,118-H-890,Nay,S001218
"STANSBURY, Melanie Ann",22159,D,NM,House,118-H-935,Nay,S001218
"STANSBURY, Melanie Ann",22159,D,NM,House,119-H-128,Yea,S001218
"STANSBURY, Melanie Ann",22159,D,NM,House,119-H-158,Yea,S001218
"STANSBURY, Melanie Ann",22159,D,NM,House,119-H-526,Yea,S001218
"STANSBURY, Melanie Ann",22159,D,NM,House,119-H-655,Nay,S001218
"STANTON, Greg",21968,D,AZ,House,116-H-107,Yea,S001211
"STANTON, Greg",21968,D,AZ,House,116-H-28,Yea,S001211
"STANTON, Greg",21968,D,AZ,House,116-H-496,Yea,S001211
"STANTON, Greg",21968,D,AZ,House,116-H-651,Yea,S001211
"STANTON, Greg",21968,D,AZ,House,117-H-274,Yea,S001211
"STANTON, Greg",21968,D,AZ,House,117-H-660,Yea,S001211
"STANTON, Greg",21968,D,AZ,House,118-H-1146,Nay,S001211
"STANTON, Greg",21968,D,AZ,House,118-H-1194,Yea,S001211
"STANTON, Greg",21968,D,AZ,House,118-H-193,Yea,S001211
"STANTON, Greg",21968,D,AZ,House,118-H-241,Yea,S001211
"STANTON, Greg",21968,D,AZ,House,118-H-337,Yea,S001211
"STANTON, Greg",21968,D,AZ,House,118-H-523,Yea,S001211
"STANTON, Greg",21968,D,AZ,House,118-H-556,Yea,S001211
"STANTON, Greg",21968,D,AZ,House,118-H-572,Nay,S001211
"STANTON, Greg",21968,D,AZ,House,118-H-573,Yea,S001211
"STANTON, Greg",21968,D,AZ,House,118-H-617,Nay,S001211
"STANTON, Greg",21968,D,AZ,House,118-H-671,Yea,S001211
"STANTON, Greg",21968,D,AZ,House,118-H-672,Yea,S001211
"STANTON, Greg",21968,D,AZ,House,118-H-692,Yea,S001211
"STANTON, Greg",21968,D,AZ,House,118-H-716,Yea,S001211
"STANTON, Greg",21968,D,AZ,House,118-H-746,Yea,S001211
"STANTON, Greg",21968,D,AZ,House,118-H-756,Yea,S001211
"STANTON, Greg",21968,D,AZ,House,118-H-762,Yea,S001211
"STANTON, Greg",21968,D,AZ,House,118-H-852,Yea,S001211
"STANTON, Greg",21968,D,AZ,House,118-H-859,Yea,S001211
"STANTON, Greg",21968,D,AZ,House,118-H-870,Yea,S001211
"STANTON, Greg",21968,D,AZ,House,118-H-890,Yea,S001211
"STANTON, Greg",21968,D,AZ,House,118-H-935,Nay,S001211
"STANTON, Greg",21968,D,AZ,House,119-H-128,Yea,S001211
"STANTON, Greg",21968,D,AZ,House,119-H-158,Yea,S001211
"STANTON, Greg",21968,D,AZ,House,119-H-526,Yea,S001211
"STANTON, Greg",21968,D,AZ,House,119-H-655,Nay,S001211
"STAUBER, Peter",21969,R,MN,House,116-H-107,Yea,S001212
"STAUBER, Peter",21969,R,MN,House,116-H-28,Yea,S001212
"STAUBER, Peter",21969,R,MN,House,116-H-496,Yea,S001212
"STAUBER, Peter",21969,R,MN,House,116-H-651,Nay,S001212
"STAUBER, Peter",21969,R,MN,House,117-H-274,Yea,S001212
"STAUBER, Peter",21969,R,MN,House,117-H-660,Yea,S001212
"STAUBER, Peter",21969,R,MN,House,118-H-1146,Yea,S001212
"STAUBER, Peter",21969,R,MN,House,118-H-1194,Yea,S001212
"STAUBER, Peter",21969,R,MN,House,118-H-193,Yea,S001212
"STAUBER, Peter",21969,R,MN,House,118-H-241,Yea,S001212
"STAUBER, Peter",21969,R,MN,House,118-H-337,Yea,S001212
"STAUBER, Peter",21969,R,MN,House,118-H-523,Yea,S001212
"STAUBER, Peter",21969,R,MN,House,118-H-556,Yea,S001212
"STAUBER, Peter",21969,R,MN,House,118-H-572,Yea,S001212
"STAUBER, Peter",21969,R,MN,House,118-H-573,Yea,S001212
"STAUBER, Peter",21969,R,MN,House,118-H-617,Yea,S001212
"STAUBER, Peter",21969,R,MN,House,118-H-671,Yea,S001212
"STAUBER, Peter",21969,R,MN,House,118-H-672,Yea,S001212
"STAUBER, Peter",21969,R,MN,House,118-H-692,Yea,S001212
"STAUBER, Peter",21969,R,MN,House,118-H-716,Yea,S001212
"STAUBER, Peter",21969,R,MN,House,118-H-746,Yea,S001212
"STAUBER, Peter",21969,R,MN,House,118-H-756,Yea,S001212
"STAUBER, Peter",21969,R,MN,House,118-H-762,Yea,S001212
"STAUBER, Peter",21969,R,MN,House,118-H-852,Yea,S001212
"STAUBER, Peter",21969,R,MN,House,118-H-859,Yea,S001212
"STAUBER, Peter",21969,R,MN,House,118-H-870,Yea,S001212
"STAUBER, Peter",21969,R,MN,House,118-H-890,Yea,S001212
"STAUBER, Peter",21969,R,MN,House,118-H-935,Yea,S001212
"STAUBER, Peter",21969,R,MN,House,119-H-128,Yea,S001212
"STAUBER, Peter",21969,R,MN,House,119-H-158,Yea,S001212
"STAUBER, Peter",21969,R,MN,House,119-H-526,Yea,S001212
"STAUBER, Peter",21969,R,MN,House,119-H-655,Yea,S001212
"STEEL, Michelle",22152,R,CA,House,117-H-274,Yea,S001135
"STEEL, Michelle",22152,R,CA,House,117-H-660,Yea,S001135
"STEEL, Michelle",22152,R,CA,House,118-H-1146,Yea,S001135
"STEEL, Michelle",22152,R,CA,House,118-H-1194,Yea,S001135
"STEEL, Michelle",22152,R,CA,House,118-H-193,Yea,S001135
"STEEL, Michelle",22152,R,CA,House,118-H-241,Yea,S001135
"STEEL, Michelle",22152,R,CA,House,118-H-337,Yea,S001135
"STEEL, Michelle",22152,R,CA,House,118-H-523,Yea,S001135
"STEEL, Michelle",22152,R,CA,House,118-H-556,Yea,S001135
"STEEL, Michelle",22152,R,CA,House,118-H-572,Yea,S001135
"STEEL, Michelle",22152,R,CA,House,118-H-573,Yea,S001135
"STEEL, Michelle",22152,R,CA,House,118-H-617,Yea,S001135
"STEEL, Michelle",22152,R,CA,House,118-H-671,Not voting,S001135
"STEEL, Michelle",22152,R,CA,House,118-H-672,Not voting,S001135
"STEEL, Michelle",22152,R,CA,House,118-H-692,Yea,S001135
"STEEL, Michelle",22152,R,CA,House,118-H-716,Yea,S001135
"STEEL, Michelle",22152,R,CA,House,118-H-746,Yea,S001135
"STEEL, Michelle",22152,R,CA,House,118-H-756,Yea,S001135
"STEEL, Michelle",22152,R,CA,House,118-H-762,Yea,S001135
"STEEL, Michelle",22152,R,CA,House,118-H-852,Yea,S001135
"STEEL, Michelle",22152,R,CA,House,118-H-859,Yea,S001135
"STEEL, Michelle",22152,R,CA,House,118-H-870,Yea,S001135
"STEEL, Michelle",22152,R,CA,House,118-H-890,Yea,S001135
"STEEL, Michelle",22152,R,CA,House,118-H-935,Yea,S001135
"STEFANIK, Elise M.",21541,R,NY,House,116-H-107,Yea,S001196
"STEFANIK, Elise M.",21541,R,NY,House,116-H-28,Yea,S001196
"STEFANIK, Elise M.",21541,R,NY,House,116-H-496,Yea,S001196
"STEFANIK, Elise M.",21541,R,NY,House,116-H-651,Nay,S001196
"STEFANIK, Elise M.",21541,R,NY,House,117-H-274,Yea,S001196
"STEFANIK, Elise M.",21541,R,NY,House,117-H-660,Yea,S001196
"STEFANIK, Elise M.",21541,R,NY,House,118-H-1146,Yea,S001196
"STEFANIK, Elise M.",21541,R,NY,House,118-H-1194,Yea,S001196
"STEFANIK, Elise M.",21541,R,NY,House,118-H-193,Yea,S001196
"STEFANIK, Elise M.",21541,R,NY,House,118-H-241,Yea,S001196
"STEFANIK, Elise M.",21541,R,NY,House,118-H-337,Yea,S001196
"STEFANIK, Elise M.",21541,R,NY,House,118-H-523,Yea,S001196
"STEFANIK, Elise M.",21541,R,NY,House,118-H-556,Yea,S001196
"STEFANIK, Elise M.",21541,R,NY,House,118-H-572,Yea,S001196
"STEFANIK, Elise M.",21541,R,NY,House,118-H-573,Yea,S001196
"STEFANIK, Elise M.",21541,R,NY,House,118-H-617,Yea,S001196
"STEFANIK, Elise M.",21541,R,NY,House,118-H-671,Yea,S001196
"STEFANIK, Elise M.",21541,R,NY,House,118-H-672,Yea,S001196
"STEFANIK, Elise M.",21541,R,NY,House,118-H-692,Yea,S001196
"STEFANIK, Elise M.",21541,R,NY,House,118-H-716,Yea,S001196
"STEFANIK, Elise M.",21541,R,NY,House,118-H-746,Yea,S001196
"STEFANIK, Elise M.",21541,R,NY,House,118-H-756,Yea,S001196
"STEFANIK, Elise M.",21541,R,NY,House,118-H-762,Yea,S001196
"STEFANIK, Elise M.",21541,R,NY,House,118-H-852,Yea,S001196
"STEFANIK, Elise M.",21541,R,NY,House,118-H-859,Yea,S001196
"STEFANIK, Elise M.",21541,R,NY,House,118-H-870,Yea,S001196
"STEFANIK, Elise M.",21541,R,NY,House,118-H-890,Yea,S001196
"STEFANIK, Elise M.",21541,R,NY,House,118-H-935,Yea,S001196
"STEFANIK, Elise M.",21541,R,NY,House,119-H-128,Yea,S001196
"STEFANIK, Elise M.",21541,R,NY,House,119-H-158,Yea,S001196
"STEFANIK, Elise M.",21541,R,NY,House,119-H-526,Not voting,S001196
"STEFANIK, Elise M.",21541,R,NY,House,119-H-655,Yea,S001196
"STEIL, Bryan",21970,R,WI,House,116-H-107,Yea,S001213
"STEIL, Bryan",21970,R,WI,House,116-H-28,Yea,S001213
"STEIL, Bryan",21970,R,WI,House,116-H-496,Yea,S001213
"STEIL, Bryan",21970,R,WI,House,116-H-651,Nay,S001213
"STEIL, Bryan",21970,R,WI,House,117-H-274,Yea,S001213
"STEIL, Bryan",21970,R,WI,House,117-H-660,Yea,S001213
"STEIL, Bryan",21970,R,WI,House,118-H-1146,Yea,S001213
"STEIL, Bryan",21970,R,WI,House,118-H-1194,Yea,S001213
"STEIL, Bryan",21970,R,WI,House,118-H-193,Yea,S001213
"STEIL, Bryan",21970,R,WI,House,118-H-241,Yea,S001213
"STEIL, Bryan",21970,R,WI,House,118-H-337,Yea,S001213
"STEIL, Bryan",21970,R,WI,House,118-H-523,Yea,S001213
"STEIL, Bryan",21970,R,WI,House,118-H-556,Not voting,S001213
"STEIL, Bryan",21970,R,WI,House,118-H-572,Yea,S001213
"STEIL, Bryan",21970,R,WI,House,118-H-573,Yea,S001213
"STEIL, Bryan",21970,R,WI,House,118-H-617,Yea,S001213
"STEIL, Bryan",21970,R,WI,House,118-H-671,Yea,S001213
"STEIL, Bryan",21970,R,WI,House,118-H-672,Yea,S001213
"STEIL, Bryan",21970,R,WI,House,118-H-692,Yea,S001213
"STEIL, Bryan",21970,R,WI,House,118-H-716,Yea,S001213
"STEIL, Bryan",21970,R,WI,House,118-H-746,Yea,S001213
"STEIL, Bryan",21970,R,WI,House,118-H-756,Yea,S001213
"STEIL, Bryan",21970,R,WI,House,118-H-762,Yea,S001213
"STEIL, Bryan",21970,R,WI,House,118-H-852,Yea,S001213
"STEIL, Bryan",21970,R,WI,House,118-H-859,Yea,S001213
"STEIL, Bryan",21970,R,WI,House,118-H-870,Yea,S001213
"STEIL, Bryan",21970,R,WI,House,118-H-890,Yea,S001213
"STEIL, Bryan",21970,R,WI,House,118-H-935,Yea,S001213
"STEIL, Bryan",21970,R,WI,House,119-H-128,Yea,S001213
"STEIL, Bryan",21970,R,WI,House,119-H-158,Yea,S001213
"STEIL, Bryan",21970,R,WI,House,119-H-526,Yea,S001213
"STEIL, Bryan",21970,R,WI,House,119-H-655,Yea,S001213
"STEUBE, W. Greg",21971,R,FL,House,116-H-107,Nay,S001214
"STEUBE, W. Greg",21971,R,FL,House,116-H-28,Yea,S001214
"STEUBE, W. Greg",21971,R,FL,House,116-H-496,Yea,S001214
"STEUBE, W. Greg",21971,R,FL,House,116-H-651,Nay,S001214
"STEUBE, W. Greg",21971,R,FL,House,117-H-274,Yea,S001214
"STEUBE, W. Greg",21971,R,FL,House,117-H-660,Yea,S001214
"STEUBE, W. Greg",21971,R,FL,House,118-H-1146,Yea,S001214
"STEUBE, W. Greg",21971,R,FL,House,118-H-1194,Yea,S001214
"STEUBE, W. Greg",21971,R,FL,House,118-H-193,Yea,S001214
"STEUBE, W. Greg",21971,R,FL,House,118-H-241,Yea,S001214
"STEUBE, W. Greg",21971,R,FL,House,118-H-337,Yea,S001214
"STEUBE, W. Greg",21971,R,FL,House,118-H-523,Yea,S001214
"STEUBE, W. Greg",21971,R,FL,House,118-H-556,Yea,S001214
"STEUBE, W. Greg",21971,R,FL,House,118-H-572,Yea,S001214
"STEUBE, W. Greg",21971,R,FL,House,118-H-573,Yea,S001214
"STEUBE, W. Greg",21971,R,FL,House,118-H-617,Yea,S001214
"STEUBE, W. Greg",21971,R,FL,House,118-H-671,Yea,S001214
"STEUBE, W. Greg",21971,R,FL,House,118-H-672,Yea,S001214
"STEUBE, W. Greg",21971,R,FL,House,118-H-692,Yea,S001214
"STEUBE, W. Greg",21971,R,FL,House,118-H-716,Yea,S001214
"STEUBE, W. Greg",21971,R,FL,House,118-H-746,Yea,S001214
"STEUBE, W. Greg",21971,R,FL,House,118-H-756,Yea,S001214
"STEUBE, W. Greg",21971,R,FL,House,118-H-762,Yea,S001214
"STEUBE, W. Greg",21971,R,FL,House,118-H-852,Yea,S001214
"STEUBE, W. Greg",21971,R,FL,House,118-H-859,Yea,S001214
"STEUBE, W. Greg",21971,R,FL,House,118-H-870,Yea,S001214
"STEUBE, W. Greg",21971,R,FL,House,118-H-890,Yea,S001214
"STEUBE, W. Greg",21971,R,FL,House,118-H-935,Yea,S001214
"STEUBE, W. Greg",21971,R,FL,House,119-H-128,Yea,S001214
"STEUBE, W. Greg",21971,R,FL,House,119-H-158,Yea,S001214
"STEUBE, W. Greg",21971,R,FL,House,119-H-526,Yea,S001214
"STEUBE, W. Greg",21971,R,FL,House,119-H-655,Yea,S001214
"STEVENS, Haley",21972,D,MI,House,116-H-107,Yea,S001215
"STEVENS, Haley",21972,D,MI,House,116-H-28,Yea,S001215
"STEVENS, Haley",21972,D,MI,House,116-H-496,Yea,S001215
"STEVENS, Haley",21972,D,MI,House,116-H-651,Yea,S001215
"STEVENS, Haley",21972,D,MI,House,117-H-274,Yea,S001215
"STEVENS, Haley",21972,D,MI,House,117-H-660,Yea,S001215
"STEVENS, Haley",21972,D,MI,House,118-H-1146,Nay,S001215
"STEVENS, Haley",21972,D,MI,House,118-H-1194,Yea,S001215
"STEVENS, Haley",21972,D,MI,House,118-H-193,Yea,S001215
"STEVENS, Haley",21972,D,MI,House,118-H-241,Yea,S001215
"STEVENS, Haley",21972,D,MI,House,118-H-337,Yea,S001215
"STEVENS, Haley",21972,D,MI,House,118-H-523,Yea,S001215
"STEVENS, Haley",21972,D,MI,House,118-H-556,Yea,S001215
"STEVENS, Haley",21972,D,MI,House,118-H-572,Yea,S001215
"STEVENS, Haley",21972,D,MI,House,118-H-573,Yea,S001215
"STEVENS, Haley",21972,D,MI,House,118-H-617,Nay,S001215
"STEVENS, Haley",21972,D,MI,House,118-H-671,Yea,S001215
"STEVENS, Haley",21972,D,MI,House,118-H-672,Yea,S001215
"STEVENS, Haley",21972,D,MI,House,118-H-692,Yea,S001215
"STEVENS, Haley",21972,D,MI,House,118-H-716,Yea,S001215
"STEVENS, Haley",21972,D,MI,House,118-H-746,Yea,S001215
"STEVENS, Haley",21972,D,MI,House,118-H-756,Yea,S001215
"STEVENS, Haley",21972,D,MI,House,118-H-762,Yea,S001215
"STEVENS, Haley",21972,D,MI,House,118-H-852,Yea,S001215
"STEVENS, Haley",21972,D,MI,House,118-H-859,Yea,S001215
"STEVENS, Haley",21972,D,MI,House,118-H-870,Yea,S001215
"STEVENS, Haley",21972,D,MI,House,118-H-890,Yea,S001215
"STEVENS, Haley",21972,D,MI,House,118-H-935,Nay,S001215
"STEVENS, Haley",21972,D,MI,House,119-H-128,Yea,S001215
"STEVENS, Haley",21972,D,MI,House,119-H-158,Yea,S001215
"STEVENS, Haley",21972,D,MI,House,119-H-526,Yea,S001215
"STEVENS, Haley",21972,D,MI,House,119-H-655,Yea,S001215
"STEWART, Chris",21367,R,UT,House,116-H-107,Yea,S001192
"STEWART, Chris",21367,R,UT,House,116-H-28,Yea,S001192
"STEWART, Chris",21367,R,UT,House,116-H-496,Not voting,S001192
"STEWART, Chris",21367,R,UT,House,116-H-651,Nay,S001192
"STEWART, Chris",21367,R,UT,House,117-H-274,Yea,S001192
"STEWART, Chris",21367,R,UT,House,117-H-660,Yea,S001192
"STEWART, Chris",21367,R,UT,House,118-H-193,Not voting,S001192
"STEWART, Chris",21367,R,UT,House,118-H-241,Yea,S001192
"STEWART, Chris",21367,R,UT,House,118-H-337,Not voting,S001192
"STIVERS, Steve",21163,R,OH,House,116-H-107,Yea,S001187
"STIVERS, Steve",21163,R,OH,House,116-H-28,Yea,S001187
"STIVERS, Steve",21163,R,OH,House,116-H-496,Yea,S001187
"STIVERS, Steve",21163,R,OH,House,116-H-651,Nay,S001187
"STRICKLAND, Marilyn",22153,D,WA,House,117-H-274,Yea,S001159
"STRICKLAND, Marilyn",22153,D,WA,House,117-H-660,Yea,S001159
"STRICKLAND, Marilyn",22153,D,WA,House,118-H-1146,Nay,S001159
"STRICKLAND, Marilyn",22153,D,WA,House,118-H-1194,Yea,S001159
"STRICKLAND, Marilyn",22153,D,WA,House,118-H-193,Yea,S001159
"STRICKLAND, Marilyn",22153,D,WA,House,118-H-241,Yea,S001159
"STRICKLAND, Marilyn",22153,D,WA,House,118-H-337,Yea,S001159
"STRICKLAND, Marilyn",22153,D,WA,House,118-H-523,Yea,S001159
"STRICKLAND, Marilyn",22153,D,WA,House,118-H-556,Yea,S001159
"STRICKLAND, Marilyn",22153,D,WA,House,118-H-572,Nay,S001159
"STRICKLAND, Marilyn",22153,D,WA,House,118-H-573,Yea,S001159
"STRICKLAND, Marilyn",22153,D,WA,House,118-H-617,Nay,S001159
"STRICKLAND, Marilyn",22153,D,WA,House,118-H-671,Yea,S001159
"STRICKLAND, Marilyn",22153,D,WA,House,118-H-672,Yea,S001159
"STRICKLAND, Marilyn",22153,D,WA,House,118-H-692,Present,S001159
"STRICKLAND, Marilyn",22153,D,WA,House,118-H-716,Nay,S001159
"STRICKLAND, Marilyn",22153,D,WA,House,118-H-746,Yea,S001159
"STRICKLAND, Marilyn",22153,D,WA,House,118-H-756,Nay,S001159
"STRICKLAND, Marilyn",22153,D,WA,House,118-H-762,Yea,S001159
"STRICKLAND, Marilyn",22153,D,WA,House,118-H-852,Yea,S001159
"STRICKLAND, Marilyn",22153,D,WA,House,118-H-859,Yea,S001159
"STRICKLAND, Marilyn",22153,D,WA,House,118-H-870,Yea,S001159
"STRICKLAND, Marilyn",22153,D,WA,House,118-H-890,Yea,S001159
"STRICKLAND, Marilyn",22153,D,WA,House,118-H-935,Nay,S001159
"STRICKLAND, Marilyn",22153,D,WA,House,119-H-128,Yea,S001159
"STRICKLAND, Marilyn",22153,D,WA,House,119-H-158,Yea,S001159
"STRICKLAND, Marilyn",22153,D,WA,House,119-H-526,Yea,S001159
"STRICKLAND, Marilyn",22153,D,WA,House,119-H-655,Not voting,S001159
"STRONG, Dale",22366,R,AL,House,118-H-1146,Yea,S001220
"STRONG, Dale",22366,R,AL,House,118-H-1194,Yea,S001220
"STRONG, Dale",22366,R,AL,House,118-H-193,Yea,S001220
"STRONG, Dale",22366,R,AL,House,118-H-241,Yea,S001220
"STRONG, Dale",22366,R,AL,House,118-H-337,Yea,S001220
"STRONG, Dale",22366,R,AL,House,118-H-523,Yea,S001220
"STRONG, Dale",22366,R,AL,House,118-H-556,Yea,S001220
"STRONG, Dale",22366,R,AL,House,118-H-572,Yea,S001220
"STRONG, Dale",22366,R,AL,House,118-H-573,Yea,S001220
"STRONG, Dale",22366,R,AL,House,118-H-617,Yea,S001220
"STRONG, Dale",22366,R,AL,House,118-H-671,Yea,S001220
"STRONG, Dale",22366,R,AL,House,118-H-672,Yea,S001220
"STRONG, Dale",22366,R,AL,House,118-H-692,Yea,S001220
"STRONG, Dale",22366,R,AL,House,118-H-716,Yea,S001220
"STRONG, Dale",22366,R,AL,House,118-H-746,Yea,S001220
"STRONG, Dale",22366,R,AL,House,118-H-756,Yea,S001220
"STRONG, Dale",22366,R,AL,House,118-H-762,Yea,S001220
"STRONG, Dale",22366,R,AL,House,118-H-852,Yea,S001220
"STRONG, Dale",22366,R,AL,House,118-H-859,Yea,S001220
"STRONG, Dale",22366,R,AL,House,118-H-870,Yea,S001220
"STRONG, Dale",22366,R,AL,House,118-H-890,Yea,S001220
"STRONG, Dale",22366,R,AL,House,118-H-935,Yea,S001220
"STRONG, Dale",22366,R,AL,House,119-H-128,Yea,S001220
"STRONG, Dale",22366,R,AL,House,119-H-158,Yea,S001220
"STRONG, Dale",22366,R,AL,House,119-H-526,Yea,S001220
"STRONG, Dale",22366,R,AL,House,119-H-655,Yea,S001220
"STUTZMAN, Marlin",21100,R,IN,House,119-H-128,Yea,S001188
"STUTZMAN, Marlin",21100,R,IN,House,119-H-158,Yea,S001188
"STUTZMAN, Marlin",21100,R,IN,House,119-H-526,Yea,S001188
"STUTZMAN, Marlin",21100,R,IN,House,119-H-655,Yea,S001188
"SUBRAMANYAM, Suhas",22554,D,VA,House,119-H-128,Yea,S001230
"SUBRAMANYAM, Suhas",22554,D,VA,House,119-H-158,Yea,S001230
"SUBRAMANYAM, Suhas",22554,D,VA,House,119-H-526,Yea,S001230
"SUBRAMANYAM, Suhas",22554,D,VA,House,119-H-655,Nay,S001230
"SUOZZI, Thomas",21747,D,NY,House,116-H-107,Yea,S001201
"SUOZZI, Thomas",21747,D,NY,House,116-H-28,Yea,S001201
"SUOZZI, Thomas",21747,D,NY,House,116-H-496,Yea,S001201
"SUOZZI, Thomas",21747,D,NY,House,116-H-651,Yea,S001201
"SUOZZI, Thomas",21747,D,NY,House,117-H-274,Yea,S001201
"SUOZZI, Thomas",21747,D,NY,House,117-H-660,Yea,S001201
"SUOZZI, Thomas",21747,D,NY,House,118-H-1146,Nay,S001201
"SUOZZI, Thomas",21747,D,NY,House,118-H-1194,Yea,S001201
"SUOZZI, Thomas",21747,D,NY,House,118-H-852,Yea,S001201
"SUOZZI, Thomas",21747,D,NY,House,118-H-859,Yea,S001201
"SUOZZI, Thomas",21747,D,NY,House,118-H-870,Yea,S001201
"SUOZZI, Thomas",21747,D,NY,House,118-H-890,Yea,S001201
"SUOZZI, Thomas",21747,D,NY,House,118-H-935,Yea,S001201
"SUOZZI, Thomas",21747,D,NY,House,119-H-128,Yea,S001201
"SUOZZI, Thomas",21747,D,NY,House,119-H-158,Yea,S001201
"SUOZZI, Thomas",21747,D,NY,House,119-H-526,Yea,S001201
"SUOZZI, Thomas",21747,D,NY,House,119-H-655,Yea,S001201
"SWALWELL, Eric",21306,D,CA,House,116-H-107,Yea,S001193
"SWALWELL, Eric",21306,D,CA,House,116-H-28,Yea,S001193
"SWALWELL, Eric",21306,D,CA,House,116-H-496,Yea,S001193
"SWALWELL, Eric",21306,D,CA,House,116-H-651,Yea,S001193
"SWALWELL, Eric",21306,D,CA,House,117-H-274,Yea,S001193
"SWALWELL, Eric",21306,D,CA,House,117-H-660,Yea,S001193
"SWALWELL, Eric",21306,D,CA,House,118-H-1146,Nay,S001193
"SWALWELL, Eric",21306,D,CA,House,118-H-1194,Yea,S001193
"SWALWELL, Eric",21306,D,CA,House,118-H-193,Not voting,S001193
"SWALWELL, Eric",21306,D,CA,House,118-H-241,Yea,S001193
"SWALWELL, Eric",21306,D,CA,House,118-H-337,Yea,S001193
"SWALWELL, Eric",21306,D,CA,House,118-H-523,Yea,S001193
"SWALWELL, Eric",21306,D,CA,House,118-H-556,Yea,S001193
"SWALWELL, Eric",21306,D,CA,House,118-H-572,Nay,S001193
"SWALWELL, Eric",21306,D,CA,House,118-H-573,Yea,S001193
"SWALWELL, Eric",21306,D,CA,House,118-H-617,Nay,S001193
"SWALWELL, Eric",21306,D,CA,House,118-H-671,Not voting,S001193
"SWALWELL, Eric",21306,D,CA,House,118-H-672,Not voting,S001193
"SWALWELL, Eric",21306,D,CA,House,118-H-692,Yea,S001193
"SWALWELL, Eric",21306,D,CA,House,118-H-716,Yea,S001193
"SWALWELL, Eric",21306,D,CA,House,118-H-746,Yea,S001193
"SWALWELL, Eric",21306,D,CA,House,118-H-756,Nay,S001193
"SWALWELL, Eric",21306,D,CA,House,118-H-762,Yea,S001193
"SWALWELL, Eric",21306,D,CA,House,118-H-852,Yea,S001193
"SWALWELL, Eric",21306,D,CA,House,118-H-859,Yea,S001193
"SWALWELL, Eric",21306,D,CA,House,118-H-870,Yea,S001193
"SWALWELL, Eric",21306,D,CA,House,118-H-890,Yea,S001193
"SWALWELL, Eric",21306,D,CA,House,118-H-935,Nay,S001193
"SWALWELL, Eric",21306,D,CA,House,119-H-128,Yea,S001193
"SWALWELL, Eric",21306,D,CA,House,119-H-158,Yea,S001193
"SYKES, Emilia",22367,D,OH,House,118-H-1146,Nay,S001223
"SYKES, Emilia",22367,D,OH,House,118-H-1194,Yea,S001223
"SYKES, Emilia",22367,D,OH,House,118-H-193,Yea,S001223
"SYKES, Emilia",22367,D,OH,House,118-H-241,Yea,S001223
"SYKES, Emilia",22367,D,OH,House,118-H-337,Yea,S001223
"SYKES, Emilia",22367,D,OH,House,118-H-523,Yea,S001223
"SYKES, Emilia",22367,D,OH,House,118-H-556,Yea,S001223
"SYKES, Emilia",22367,D,OH,House,118-H-572,Nay,S001223
"SYKES, Emilia",22367,D,OH,House,118-H-573,Yea,S001223
"SYKES, Emilia",22367,D,OH,House,118-H-617,Nay,S001223
"SYKES, Emilia",22367,D,OH,House,118-H-671,Yea,S001223
"SYKES, Emilia",22367,D,OH,House,118-H-672,Yea,S001223
"SYKES, Emilia",22367,D,OH,House,118-H-692,Yea,S001223
"SYKES, Emilia",22367,D,OH,House,118-H-716,Nay,S001223
"SYKES, Emilia",22367,D,OH,House,118-H-746,Yea,S001223
"SYKES, Emilia",22367,D,OH,House,118-H-756,Nay,S001223
"SYKES, Emilia",22367,D,OH,House,118-H-762,Yea,S001223
"SYKES, Emilia",22367,D,OH,House,118-H-852,Yea,S001223
"SYKES, Emilia",22367,D,OH,House,118-H-859,Yea,S001223
"SYKES, Emilia",22367,D,OH,House,118-H-870,Yea,S001223
"SYKES, Emilia",22367,D,OH,House,118-H-890,Not voting,S001223
"SYKES, Emilia",22367,D,OH,House,118-H-935,Nay,S001223
"SYKES, Emilia",22367,D,OH,House,119-H-128,Yea,S001223
"SYKES, Emilia",22367,D,OH,House,119-H-158,Yea,S001223
"SYKES, Emilia",22367,D,OH,House,119-H-526,Yea,S001223
"SYKES, Emilia",22367,D,OH,House,119-H-655,Nay,S001223
"SÁNCHEZ, Linda T.",20310,D,CA,House,116-H-107,Yea,S001156
"SÁNCHEZ, Linda T.",20310,D,CA,House,116-H-28,Not voting,S001156
"SÁNCHEZ, Linda T.",20310,D,CA,House,116-H-496,Yea,S001156
"SÁNCHEZ, Linda T.",20310,D,CA,House,116-H-651,Yea,S001156
"SÁNCHEZ, Linda T.",20310,D,CA,House,117-H-274,Yea,S001156
"SÁNCHEZ, Linda T.",20310,D,CA,House,117-H-660,Yea,S001156
"SÁNCHEZ, Linda T.",20310,D,CA,House,118-H-1146,Nay,S001156
"SÁNCHEZ, Linda T.",20310,D,CA,House,118-H-1194,Yea,S001156
"SÁNCHEZ, Linda T.",20310,D,CA,House,118-H-193,Yea,S001156
"SÁNCHEZ, Linda T.",20310,D,CA,House,118-H-241,Yea,S001156
"SÁNCHEZ, Linda T.",20310,D,CA,House,118-H-337,Yea,S001156
"SÁNCHEZ, Linda T.",20310,D,CA,House,118-H-523,Yea,S001156
"SÁNCHEZ, Linda T.",20310,D,CA,House,118-H-556,Yea,S001156
"SÁNCHEZ, Linda T.",20310,D,CA,House,118-H-572,Nay,S001156
"SÁNCHEZ, Linda T.",20310,D,CA,House,118-H-573,Yea,S001156
"SÁNCHEZ, Linda T.",20310,D,CA,House,118-H-617,Nay,S001156
"SÁNCHEZ, Linda T.",20310,D,CA,House,118-H-671,Yea,S001156
"SÁNCHEZ, Linda T.",20310,D,CA,House,118-H-672,Yea,S001156
"SÁNCHEZ, Linda T.",20310,D,CA,House,118-H-692,Present,S001156
"SÁNCHEZ, Linda T.",20310,D,CA,House,118-H-716,Nay,S001156
"SÁNCHEZ, Linda T.",20310,D,CA,House,118-H-746,Yea,S001156
"SÁNCHEZ, Linda T.",20310,D,CA,House,118-H-756,Nay,S001156
"SÁNCHEZ, Linda T.",20310,D,CA,House,118-H-762,Yea,S001156
"SÁNCHEZ, Linda T.",20310,D,CA,House,118-H-852,Yea,S001156
"SÁNCHEZ, Linda T.",20310,D,CA,House,118-H-859,Yea,S001156
"SÁNCHEZ, Linda T.",20310,D,CA,House,118-H-870,Yea,S001156
"SÁNCHEZ, Linda T.",20310,D,CA,House,118-H-890,Nay,S001156
"SÁNCHEZ, Linda T.",20310,D,CA,House,118-H-935,Nay,S001156
"SÁNCHEZ, Linda T.",20310,D,CA,House,119-H-128,Yea,S001156
"SÁNCHEZ, Linda T.",20310,D,CA,House,119-H-158,Yea,S001156
"SÁNCHEZ, Linda T.",20310,D,CA,House,119-H-526,Yea,S001156
"SÁNCHEZ, Linda T.",20310,D,CA,House,119-H-655,Nay,S001156
"TAKANO, Mark",21312,D,CA,House,116-H-107,Yea,T000472
"TAKANO, Mark",21312,D,CA,House,116-H-28,Yea,T000472
"TAKANO, Mark",21312,D,CA,House,116-H-496,Yea,T000472
"TAKANO, Mark",21312,D,CA,House,116-H-651,Yea,T000472
"TAKANO, Mark",21312,D,CA,House,117-H-274,Yea,T000472
"TAKANO, Mark",21312,D,CA,House,117-H-660,Yea,T000472
"TAKANO, Mark",21312,D,CA,House,118-H-1146,Not voting,T000472
"TAKANO, Mark",21312,D,CA,House,118-H-1194,Yea,T000472
"TAKANO, Mark",21312,D,CA,House,118-H-193,Yea,T000472
"TAKANO, Mark",21312,D,CA,House,118-H-241,Yea,T000472
"TAKANO, Mark",21312,D,CA,House,118-H-337,Yea,T000472
"TAKANO, Mark",21312,D,CA,House,118-H-523,Yea,T000472
"TAKANO, Mark",21312,D,CA,House,118-H-556,Nay,T000472
"TAKANO, Mark",21312,D,CA,House,118-H-572,Nay,T000472
"TAKANO, Mark",21312,D,CA,House,118-H-573,Nay,T000472
"TAKANO, Mark",21312,D,CA,House,118-H-617,Nay,T000472
"TAKANO, Mark",21312,D,CA,House,118-H-671,Yea,T000472
"TAKANO, Mark",21312,D,CA,House,118-H-672,Yea,T000472
"TAKANO, Mark",21312,D,CA,House,118-H-692,Present,T000472
"TAKANO, Mark",21312,D,CA,House,118-H-716,Nay,T000472
"TAKANO, Mark",21312,D,CA,House,118-H-746,Yea,T000472
"TAKANO, Mark",21312,D,CA,House,118-H-756,Nay,T000472
"TAKANO, Mark",21312,D,CA,House,118-H-762,Yea,T000472
"TAKANO, Mark",21312,D,CA,House,118-H-852,Yea,T000472
"TAKANO, Mark",21312,D,CA,House,118-H-859,Yea,T000472
"TAKANO, Mark",21312,D,CA,House,118-H-870,Nay,T000472
"TAKANO, Mark",21312,D,CA,House,118-H-890,Nay,T000472
"TAKANO, Mark",21312,D,CA,House,118-H-935,Nay,T000472
"TAKANO, Mark",21312,D,CA,House,119-H-128,Yea,T000472
"TAKANO, Mark",21312,D,CA,House,119-H-158,Yea,T000472
"TAKANO, Mark",21312,D,CA,House,119-H-526,Yea,T000472
"TAKANO, Mark",21312,D,CA,House,119-H-655,Nay,T000472
"TAYLOR, David J.",22555,R,OH,House,119-H-128,Yea,T000490
"TAYLOR, David J.",22555,R,OH,House,119-H-158,Yea,T000490
"TAYLOR, David J.",22555,R,OH,House,119-H-526,Yea,T000490
"TAYLOR, David J.",22555,R,OH,House,119-H-655,Yea,T000490
"TAYLOR, Nicholas",21973,R,TX,House,116-H-107,Yea,T000479
"TAYLOR, Nicholas",21973,R,TX,House,116-H-28,Yea,T000479
"TAYLOR, Nicholas",21973,R,TX,House,116-H-496,Yea,T000479
"TAYLOR, Nicholas",21973,R,TX,House,116-H-651,Nay,T000479
"TAYLOR, Nicholas",21973,R,TX,House,117-H-274,Yea,T000479
"TAYLOR, Nicholas",21973,R,TX,House,117-H-660,Yea,T000479
"TENNEY, Claudia",21749,R,NY,House,117-H-274,Yea,T000478
"TENNEY, Claudia",21749,R,NY,House,117-H-660,Yea,T000478
"TENNEY, Claudia",21749,R,NY,House,118-H-1146,Yea,T000478
"TENNEY, Claudia",21749,R,NY,House,118-H-1194,Yea,T000478
"TENNEY, Claudia",21749,R,NY,House,118-H-193,Yea,T000478
"TENNEY, Claudia",21749,R,NY,House,118-H-241,Yea,T000478
"TENNEY, Claudia",21749,R,NY,House,118-H-337,Yea,T000478
"TENNEY, Claudia",21749,R,NY,House,118-H-523,Yea,T000478
"TENNEY, Claudia",21749,R,NY,House,118-H-556,Yea,T000478
"TENNEY, Claudia",21749,R,NY,House,118-H-572,Yea,T000478
"TENNEY, Claudia",21749,R,NY,House,118-H-573,Yea,T000478
"TENNEY, Claudia",21749,R,NY,House,118-H-617,Yea,T000478
"TENNEY, Claudia",21749,R,NY,House,118-H-671,Yea,T000478
"TENNEY, Claudia",21749,R,NY,House,118-H-672,Yea,T000478
"TENNEY, Claudia",21749,R,NY,House,118-H-692,Yea,T000478
"TENNEY, Claudia",21749,R,NY,House,118-H-716,Yea,T000478
"TENNEY, Claudia",21749,R,NY,House,118-H-746,Yea,T000478
"TENNEY, Claudia",21749,R,NY,House,118-H-756,Yea,T000478
"TENNEY, Claudia",21749,R,NY,House,118-H-762,Yea,T000478
"TENNEY, Claudia",21749,R,NY,House,118-H-852,Yea,T000478
"TENNEY, Claudia",21749,R,NY,House,118-H-859,Yea,T000478
"TENNEY, Claudia",21749,R,NY,House,118-H-870,Yea,T000478
"TENNEY, Claudia",21749,R,NY,House,118-H-890,Yea,T000478
"TENNEY, Claudia",21749,R,NY,House,118-H-935,Yea,T000478
"TENNEY, Claudia",21749,R,NY,House,119-H-128,Yea,T000478
"TENNEY, Claudia",21749,R,NY,House,119-H-158,Yea,T000478
"TENNEY, Claudia",21749,R,NY,House,119-H-526,Yea,T000478
"TENNEY, Claudia",21749,R,NY,House,119-H-655,Yea,T000478
"THANEDAR, Shri",22368,D,MI,House,118-H-1146,Nay,T000488
"THANEDAR, Shri",22368,D,MI,House,118-H-1194,Yea,T000488
"THANEDAR, Shri",22368,D,MI,House,118-H-193,Yea,T000488
"THANEDAR, Shri",22368,D,MI,House,118-H-241,Yea,T000488
"THANEDAR, Shri",22368,D,MI,House,118-H-337,Yea,T000488
"THANEDAR, Shri",22368,D,MI,House,118-H-523,Yea,T000488
"THANEDAR, Shri",22368,D,MI,House,118-H-556,Yea,T000488
"THANEDAR, Shri",22368,D,MI,House,118-H-572,Nay,T000488
"THANEDAR, Shri",22368,D,MI,House,118-H-573,Yea,T000488
"THANEDAR, Shri",22368,D,MI,House,118-H-617,Nay,T000488
"THANEDAR, Shri",22368,D,MI,House,118-H-671,Yea,T000488
"THANEDAR, Shri",22368,D,MI,House,118-H-672,Yea,T000488
"THANEDAR, Shri",22368,D,MI,House,118-H-692,Yea,T000488
"THANEDAR, Shri",22368,D,MI,House,118-H-716,Yea,T000488
"THANEDAR, Shri",22368,D,MI,House,118-H-746,Yea,T000488
"THANEDAR, Shri",22368,D,MI,House,118-H-756,Yea,T000488
"THANEDAR, Shri",22368,D,MI,House,118-H-762,Yea,T000488
"THANEDAR, Shri",22368,D,MI,House,118-H-852,Yea,T000488
"THANEDAR, Shri",22368,D,MI,House,118-H-859,Yea,T000488
"THANEDAR, Shri",22368,D,MI,House,118-H-870,Yea,T000488
"THANEDAR, Shri",22368,D,MI,House,118-H-890,Yea,T000488
"THANEDAR, Shri",22368,D,MI,House,118-H-935,Nay,T000488
"THANEDAR, Shri",22368,D,MI,House,119-H-128,Yea,T000488
"THANEDAR, Shri",22368,D,MI,House,119-H-158,Yea,T000488
"THANEDAR, Shri",22368,D,MI,House,119-H-526,Yea,T000488
"THANEDAR, Shri",22368,D,MI,House,119-H-655,Yea,T000488
"THOMPSON, Bennie",29368,D,MS,House,116-H-107,Yea,T000193
"THOMPSON, Bennie",29368,D,MS,House,116-H-28,Yea,T000193
"THOMPSON, Bennie",29368,D,MS,House,116-H-496,Yea,T000193
"THOMPSON, Bennie",29368,D,MS,House,116-H-651,Yea,T000193
"THOMPSON, Bennie",29368,D,MS,House,117-H-274,Yea,T000193
"THOMPSON, Bennie",29368,D,MS,House,117-H-660,Yea,T000193
"THOMPSON, Bennie",29368,D,MS,House,118-H-1146,Nay,T000193
"THOMPSON, Bennie",29368,D,MS,House,118-H-1194,Yea,T000193
"THOMPSON, Bennie",29368,D,MS,House,118-H-193,Yea,T000193
"THOMPSON, Bennie",29368,D,MS,House,118-H-241,Yea,T000193
"THOMPSON, Bennie",29368,D,MS,House,118-H-337,Yea,T000193
"THOMPSON, Bennie",29368,D,MS,House,118-H-523,Yea,T000193
"THOMPSON, Bennie",29368,D,MS,House,118-H-556,Yea,T000193
"THOMPSON, Bennie",29368,D,MS,House,118-H-572,Nay,T000193
"THOMPSON, Bennie",29368,D,MS,House,118-H-573,Yea,T000193
"THOMPSON, Bennie",29368,D,MS,House,118-H-617,Nay,T000193
"THOMPSON, Bennie",29368,D,MS,House,118-H-671,Yea,T000193
"THOMPSON, Bennie",29368,D,MS,House,118-H-672,Yea,T000193
"THOMPSON, Bennie",29368,D,MS,House,118-H-692,Not voting,T000193
"THOMPSON, Bennie",29368,D,MS,House,118-H-716,Nay,T000193
"THOMPSON, Bennie",29368,D,MS,House,118-H-746,Yea,T000193
"THOMPSON, Bennie",29368,D,MS,House,118-H-756,Nay,T000193
"THOMPSON, Bennie",29368,D,MS,House,118-H-762,Yea,T000193
"THOMPSON, Bennie",29368,D,MS,House,118-H-852,Yea,T000193
"THOMPSON, Bennie",29368,D,MS,House,118-H-859,Yea,T000193
"THOMPSON, Bennie",29368,D,MS,House,118-H-870,Nay,T000193
"THOMPSON, Bennie",29368,D,MS,House,118-H-890,Nay,T000193
"THOMPSON, Bennie",29368,D,MS,House,118-H-935,Nay,T000193
"THOMPSON, Bennie",29368,D,MS,House,119-H-128,Yea,T000193
"THOMPSON, Bennie",29368,D,MS,House,119-H-158,Yea,T000193
"THOMPSON, Bennie",29368,D,MS,House,119-H-526,Yea,T000193
"THOMPSON, Bennie",29368,D,MS,House,119-H-655,Nay,T000193
"THOMPSON, Glenn",20946,R,PA,House,116-H-107,Yea,T000467
"THOMPSON, Glenn",20946,R,PA,House,116-H-28,Yea,T000467
"THOMPSON, Glenn",20946,R,PA,House,116-H-496,Yea,T000467
"THOMPSON, Glenn",20946,R,PA,House,116-H-651,Nay,T000467
"THOMPSON, Glenn",20946,R,PA,House,117-H-274,Yea,T000467
"THOMPSON, Glenn",20946,R,PA,House,117-H-660,Yea,T000467
"THOMPSON, Glenn",20946,R,PA,House,118-H-1146,Yea,T000467
"THOMPSON, Glenn",20946,R,PA,House,118-H-1194,Yea,T000467
"THOMPSON, Glenn",20946,R,PA,House,118-H-193,Yea,T000467
"THOMPSON, Glenn",20946,R,PA,House,118-H-241,Yea,T000467
"THOMPSON, Glenn",20946,R,PA,House,118-H-337,Yea,T000467
"THOMPSON, Glenn",20946,R,PA,House,118-H-523,Yea,T000467
"THOMPSON, Glenn",20946,R,PA,House,118-H-556,Yea,T000467
"THOMPSON, Glenn",20946,R,PA,House,118-H-572,Yea,T000467
"THOMPSON, Glenn",20946,R,PA,House,118-H-573,Yea,T000467
"THOMPSON, Glenn",20946,R,PA,House,118-H-617,Yea,T000467
"THOMPSON, Glenn",20946,R,PA,House,118-H-671,Yea,T000467
"THOMPSON, Glenn",20946,R,PA,House,118-H-672,Yea,T000467
"THOMPSON, Glenn",20946,R,PA,House,118-H-692,Yea,T000467
"THOMPSON, Glenn",20946,R,PA,House,118-H-716,Yea,T000467
"THOMPSON, Glenn",20946,R,PA,House,118-H-746,Yea,T000467
"THOMPSON, Glenn",20946,R,PA,House,118-H-756,Yea,T000467
"THOMPSON, Glenn",20946,R,PA,House,118-H-762,Yea,T000467
"THOMPSON, Glenn",20946,R,PA,House,118-H-852,Yea,T000467
"THOMPSON, Glenn",20946,R,PA,House,118-H-859,Yea,T000467
"THOMPSON, Glenn",20946,R,PA,House,118-H-870,Yea,T000467
"THOMPSON, Glenn",20946,R,PA,House,118-H-890,Not voting,T000467
"THOMPSON, Glenn",20946,R,PA,House,118-H-935,Yea,T000467
"THOMPSON, Glenn",20946,R,PA,House,119-H-128,Yea,T000467
"THOMPSON, Glenn",20946,R,PA,House,119-H-158,Yea,T000467
"THOMPSON, Glenn",20946,R,PA,House,119-H-526,Yea,T000467
"THOMPSON, Glenn",20946,R,PA,House,119-H-655,Yea,T000467
"THOMPSON, Michael",29901,D,CA,House,116-H-107,Yea,T000460
"THOMPSON, Michael",29901,D,CA,House,116-H-28,Yea,T000460
"THOMPSON, Michael",29901,D,CA,House,116-H-496,Yea,T000460
"THOMPSON, Michael",29901,D,CA,House,116-H-651,Yea,T000460
"THOMPSON, Michael",29901,D,CA,House,117-H-274,Yea,T000460
"THOMPSON, Michael",29901,D,CA,House,117-H-660,Yea,T000460
"THOMPSON, Michael",29901,D,CA,House,118-H-1146,Nay,T000460
"THOMPSON, Michael",29901,D,CA,House,118-H-1194,Yea,T000460
"THOMPSON, Michael",29901,D,CA,House,118-H-193,Yea,T000460
"THOMPSON, Michael",29901,D,CA,House,118-H-241,Yea,T000460
"THOMPSON, Michael",29901,D,CA,House,118-H-337,Yea,T000460
"THOMPSON, Michael",29901,D,CA,House,118-H-523,Yea,T000460
"THOMPSON, Michael",29901,D,CA,House,118-H-556,Yea,T000460
"THOMPSON, Michael",29901,D,CA,House,118-H-572,Nay,T000460
"THOMPSON, Michael",29901,D,CA,House,118-H-573,Yea,T000460
"THOMPSON, Michael",29901,D,CA,House,118-H-617,Nay,T000460
"THOMPSON, Michael",29901,D,CA,House,118-H-671,Yea,T000460
"THOMPSON, Michael",29901,D,CA,House,118-H-672,Yea,T000460
"THOMPSON, Michael",29901,D,CA,House,118-H-692,Yea,T000460
"THOMPSON, Michael",29901,D,CA,House,118-H-716,Nay,T000460
"THOMPSON, Michael",29901,D,CA,House,118-H-746,Yea,T000460
"THOMPSON, Michael",29901,D,CA,House,118-H-756,Nay,T000460
"THOMPSON, Michael",29901,D,CA,House,118-H-762,Yea,T000460
"THOMPSON, Michael",29901,D,CA,House,118-H-852,Yea,T000460
"THOMPSON, Michael",29901,D,CA,House,118-H-859,Yea,T000460
"THOMPSON, Michael",29901,D,CA,House,118-H-870,Yea,T000460
"THOMPSON, Michael",29901,D,CA,House,118-H-890,Yea,T000460
"THOMPSON, Michael",29901,D,CA,House,118-H-935,Nay,T000460
"THOMPSON, Michael",29901,D,CA,House,119-H-128,Yea,T000460
"THOMPSON, Michael",29901,D,CA,House,119-H-158,Yea,T000460
"THOMPSON, Michael",29901,D,CA,House,119-H-526,Yea,T000460
"THOMPSON, Michael",29901,D,CA,House,119-H-655,Nay,T000460
"THORNBERRY, William McClellan (Mac)",29572,R,TX,House,116-H-107,Yea,T000238
"THORNBERRY, William McClellan (Mac)",29572,R,TX,House,116-H-28,Yea,T000238
"THORNBERRY, William McClellan (Mac)",29572,R,TX,House,116-H-496,Yea,T000238
"THORNBERRY, William McClellan (Mac)",29572,R,TX,House,116-H-651,Nay,T000238
"TIFFANY, Thomas P.",21989,R,WI,House,117-H-274,Yea,T000165
"TIFFANY, Thomas P.",21989,R,WI,House,117-H-660,Yea,T000165
"TIFFANY, Thomas P.",21989,R,WI,House,118-H-1146,Yea,T000165
"TIFFANY, Thomas P.",21989,R,WI,House,118-H-1194,Yea,T000165
"TIFFANY, Thomas P.",21989,R,WI,House,118-H-193,Yea,T000165
"TIFFANY, Thomas P.",21989,R,WI,House,118-H-241,Yea,T000165
"TIFFANY, Thomas P.",21989,R,WI,House,118-H-337,Yea,T000165
"TIFFANY, Thomas P.",21989,R,WI,House,118-H-523,Yea,T000165
"TIFFANY, Thomas P.",21989,R,WI,House,118-H-556,Yea,T000165
"TIFFANY, Thomas P.",21989,R,WI,House,118-H-572,Yea,T000165
"TIFFANY, Thomas P.",21989,R,WI,House,118-H-573,Yea,T000165
"TIFFANY, Thomas P.",21989,R,WI,House,118-H-617,Yea,T000165
"TIFFANY, Thomas P.",21989,R,WI,House,118-H-671,Yea,T000165
"TIFFANY, Thomas P.",21989,R,WI,House,118-H-672,Yea,T000165
"TIFFANY, Thomas P.",21989,R,WI,House,118-H-692,Yea,T000165
"TIFFANY, Thomas P.",21989,R,WI,House,118-H-716,Yea,T000165
"TIFFANY, Thomas P.",21989,R,WI,House,118-H-746,Yea,T000165
"TIFFANY, Thomas P.",21989,R,WI,House,118-H-756,Yea,T000165
"TIFFANY, Thomas P.",21989,R,WI,House,118-H-762,Yea,T000165
"TIFFANY, Thomas P.",21989,R,WI,House,118-H-852,Yea,T000165
"TIFFANY, Thomas P.",21989,R,WI,House,118-H-859,Yea,T000165
"TIFFANY, Thomas P.",21989,R,WI,House,118-H-870,Nay,T000165
"TIFFANY, Thomas P.",21989,R,WI,House,118-H-890,Yea,T000165
"TIFFANY, Thomas P.",21989,R,WI,House,118-H-935,Yea,T000165
"TIFFANY, Thomas P.",21989,R,WI,House,119-H-128,Yea,T000165
"TIFFANY, Thomas P.",21989,R,WI,House,119-H-158,Yea,T000165
"TIFFANY, Thomas P.",21989,R,WI,House,119-H-526,Yea,T000165
"TIFFANY, Thomas P.",21989,R,WI,House,119-H-655,Yea,T000165
"TIMMONS, William",21974,R,SC,House,116-H-107,Yea,T000480
"TIMMONS, William",21974,R,SC,House,116-H-28,Yea,T000480
"TIMMONS, William",21974,R,SC,House,116-H-496,Yea,T000480
"TIMMONS, William",21974,R,SC,House,116-H-651,Nay,T000480
"TIMMONS, William",21974,R,SC,House,117-H-274,Yea,T000480
"TIMMONS, William",21974,R,SC,House,117-H-660,Yea,T000480
"TIMMONS, William",21974,R,SC,House,118-H-1146,Yea,T000480
"TIMMONS, William",21974,R,SC,House,118-H-1194,Yea,T000480
"TIMMONS, William",21974,R,SC,House,118-H-193,Yea,T000480
"TIMMONS, William",21974,R,SC,House,118-H-241,Yea,T000480
"TIMMONS, William",21974,R,SC,House,118-H-337,Yea,T000480
"TIMMONS, William",21974,R,SC,House,118-H-523,Yea,T000480
"TIMMONS, William",21974,R,SC,House,118-H-556,Yea,T000480
"TIMMONS, William",21974,R,SC,House,118-H-572,Yea,T000480
"TIMMONS, William",21974,R,SC,House,118-H-573,Yea,T000480
"TIMMONS, William",21974,R,SC,House,118-H-617,Yea,T000480
"TIMMONS, William",21974,R,SC,House,118-H-671,Yea,T000480
"TIMMONS, William",21974,R,SC,House,118-H-672,Yea,T000480
"TIMMONS, William",21974,R,SC,House,118-H-692,Yea,T000480
"TIMMONS, William",21974,R,SC,House,118-H-716,Yea,T000480
"TIMMONS, William",21974,R,SC,House,118-H-746,Yea,T000480
"TIMMONS, William",21974,R,SC,House,118-H-756,Yea,T000480
"TIMMONS, William",21974,R,SC,House,118-H-762,Yea,T000480
"TIMMONS, William",21974,R,SC,House,118-H-852,Yea,T000480
"TIMMONS, William",21974,R,SC,House,118-H-859,Yea,T000480
"TIMMONS, William",21974,R,SC,House,118-H-870,Yea,T000480
"TIMMONS, William",21974,R,SC,House,118-H-890,Yea,T000480
"TIMMONS, William",21974,R,SC,House,118-H-935,Yea,T000480
"TIMMONS, William",21974,R,SC,House,119-H-128,Yea,T000480
"TIMMONS, William",21974,R,SC,House,119-H-158,Yea,T000480
"TIMMONS, William",21974,R,SC,House,119-H-526,Yea,T000480
"TIMMONS, William",21974,R,SC,House,119-H-655,Yea,T000480
"TIPTON, Scott",21111,R,CO,House,116-H-107,Yea,T000470
"TIPTON, Scott",21111,R,CO,House,116-H-28,Yea,T000470
"TIPTON, Scott",21111,R,CO,House,116-H-496,Yea,T000470
"TIPTON, Scott",21111,R,CO,House,116-H-651,Nay,T000470
"TITUS, Alice (Dina)",20927,D,NV,House,116-H-107,Yea,T000468
"TITUS, Alice (Dina)",20927,D,NV,House,116-H-28,Yea,T000468
"TITUS, Alice (Dina)",20927,D,NV,House,116-H-496,Yea,T000468
"TITUS, Alice (Dina)",20927,D,NV,House,116-H-651,Yea,T000468
"TITUS, Alice (Dina)",20927,D,NV,House,117-H-274,Yea,T000468
"TITUS, Alice (Dina)",20927,D,NV,House,117-H-660,Yea,T000468
"TITUS, Alice (Dina)",20927,D,NV,House,118-H-1146,Nay,T000468
"TITUS, Alice (Dina)",20927,D,NV,House,118-H-1194,Yea,T000468
"TITUS, Alice (Dina)",20927,D,NV,House,118-H-193,Yea,T000468
"TITUS, Alice (Dina)",20927,D,NV,House,118-H-241,Yea,T000468
"TITUS, Alice (Dina)",20927,D,NV,House,118-H-337,Yea,T000468
"TITUS, Alice (Dina)",20927,D,NV,House,118-H-523,Yea,T000468
"TITUS, Alice (Dina)",20927,D,NV,House,118-H-556,Not voting,T000468
"TITUS, Alice (Dina)",20927,D,NV,House,118-H-572,Nay,T000468
"TITUS, Alice (Dina)",20927,D,NV,House,118-H-573,Yea,T000468
"TITUS, Alice (Dina)",20927,D,NV,House,118-H-617,Nay,T000468
"TITUS, Alice (Dina)",20927,D,NV,House,118-H-671,Yea,T000468
"TITUS, Alice (Dina)",20927,D,NV,House,118-H-672,Yea,T000468
"TITUS, Alice (Dina)",20927,D,NV,House,118-H-692,Yea,T000468
"TITUS, Alice (Dina)",20927,D,NV,House,118-H-716,Yea,T000468
"TITUS, Alice (Dina)",20927,D,NV,House,118-H-746,Yea,T000468
"TITUS, Alice (Dina)",20927,D,NV,House,118-H-756,Nay,T000468
"TITUS, Alice (Dina)",20927,D,NV,House,118-H-762,Yea,T000468
"TITUS, Alice (Dina)",20927,D,NV,House,118-H-852,Yea,T000468
"TITUS, Alice (Dina)",20927,D,NV,House,118-H-859,Yea,T000468
"TITUS, Alice (Dina)",20927,D,NV,House,118-H-870,Yea,T000468
"TITUS, Alice (Dina)",20927,D,NV,House,118-H-890,Yea,T000468
"TITUS, Alice (Dina)",20927,D,NV,House,118-H-935,Nay,T000468
"TITUS, Alice (Dina)",20927,D,NV,House,119-H-128,Yea,T000468
"TITUS, Alice (Dina)",20927,D,NV,House,119-H-158,Yea,T000468
"TITUS, Alice (Dina)",20927,D,NV,House,119-H-526,Yea,T000468
"TITUS, Alice (Dina)",20927,D,NV,House,119-H-655,Yea,T000468
"TLAIB, Rashida",21975,D,MI,House,116-H-107,Yea,T000481
"TLAIB, Rashida",21975,D,MI,House,116-H-28,Yea,T000481
"TLAIB, Rashida",21975,D,MI,House,116-H-496,Nay,T000481
"TLAIB, Rashida",21975,D,MI,House,116-H-651,Nay,T000481
"TLAIB, Rashida",21975,D,MI,House,117-H-274,Nay,T000481
"TLAIB, Rashida",21975,D,MI,House,117-H-660,Yea,T000481
"TLAIB, Rashida",21975,D,MI,House,118-H-1146,Nay,T000481
"TLAIB, Rashida",21975,D,MI,House,118-H-1194,Nay,T000481
"TLAIB, Rashida",21975,D,MI,House,118-H-193,Nay,T000481
"TLAIB, Rashida",21975,D,MI,House,118-H-241,Yea,T000481
"TLAIB, Rashida",21975,D,MI,House,118-H-337,Nay,T000481
"TLAIB, Rashida",21975,D,MI,House,118-H-523,Nay,T000481
"TLAIB, Rashida",21975,D,MI,House,118-H-556,Nay,T000481
"TLAIB, Rashida",21975,D,MI,House,118-H-572,Nay,T000481
"TLAIB, Rashida",21975,D,MI,House,118-H-573,Nay,T000481
"TLAIB, Rashida",21975,D,MI,House,118-H-617,Nay,T000481
"TLAIB, Rashida",21975,D,MI,House,118-H-671,Yea,T000481
"TLAIB, Rashida",21975,D,MI,House,118-H-672,Present,T000481
"TLAIB, Rashida",21975,D,MI,House,118-H-692,Nay,T000481
"TLAIB, Rashida",21975,D,MI,House,118-H-716,Nay,T000481
"TLAIB, Rashida",21975,D,MI,House,118-H-746,Nay,T000481
"TLAIB, Rashida",21975,D,MI,House,118-H-756,Nay,T000481
"TLAIB, Rashida",21975,D,MI,House,118-H-762,Present,T000481
"TLAIB, Rashida",21975,D,MI,House,118-H-852,Nay,T000481
"TLAIB, Rashida",21975,D,MI,House,118-H-859,Nay,T000481
"TLAIB, Rashida",21975,D,MI,House,118-H-870,Nay,T000481
"TLAIB, Rashida",21975,D,MI,House,118-H-890,Nay,T000481
"TLAIB, Rashida",21975,D,MI,House,118-H-935,Nay,T000481
"TLAIB, Rashida",21975,D,MI,House,119-H-128,Yea,T000481
"TLAIB, Rashida",21975,D,MI,House,119-H-158,Present,T000481
"TLAIB, Rashida",21975,D,MI,House,119-H-526,Yea,T000481
"TLAIB, Rashida",21975,D,MI,House,119-H-655,Nay,T000481
"TOKUDA, Jill",22369,D,HI,House,118-H-1146,Nay,T000487
"TOKUDA, Jill",22369,D,HI,House,118-H-1194,Yea,T000487
"TOKUDA, Jill",22369,D,HI,House,118-H-193,Yea,T000487
"TOKUDA, Jill",22369,D,HI,House,118-H-241,Yea,T000487
"TOKUDA, Jill",22369,D,HI,House,118-H-337,Yea,T000487
"TOKUDA, Jill",22369,D,HI,House,118-H-523,Yea,T000487
"TOKUDA, Jill",22369,D,HI,House,118-H-556,Nay,T000487
"TOKUDA, Jill",22369,D,HI,House,118-H-572,Nay,T000487
"TOKUDA, Jill",22369,D,HI,House,118-H-573,Yea,T000487
"TOKUDA, Jill",22369,D,HI,House,118-H-617,Nay,T000487
"TOKUDA, Jill",22369,D,HI,House,118-H-671,Yea,T000487
"TOKUDA, Jill",22369,D,HI,House,118-H-672,Yea,T000487
"TOKUDA, Jill",22369,D,HI,House,118-H-692,Present,T000487
"TOKUDA, Jill",22369,D,HI,House,118-H-716,Nay,T000487
"TOKUDA, Jill",22369,D,HI,House,118-H-746,Yea,T000487
"TOKUDA, Jill",22369,D,HI,House,118-H-756,Nay,T000487
"TOKUDA, Jill",22369,D,HI,House,118-H-762,Yea,T000487
"TOKUDA, Jill",22369,D,HI,House,118-H-852,Nay,T000487
"TOKUDA, Jill",22369,D,HI,House,118-H-859,Yea,T000487
"TOKUDA, Jill",22369,D,HI,House,118-H-870,Nay,T000487
"TOKUDA, Jill",22369,D,HI,House,118-H-890,Nay,T000487
"TOKUDA, Jill",22369,D,HI,House,118-H-935,Nay,T000487
"TOKUDA, Jill",22369,D,HI,House,119-H-128,Yea,T000487
"TOKUDA, Jill",22369,D,HI,House,119-H-158,Yea,T000487
"TOKUDA, Jill",22369,D,HI,House,119-H-526,Yea,T000487
"TOKUDA, Jill",22369,D,HI,House,119-H-655,Nay,T000487
"TONKO, Paul",20934,D,NY,House,116-H-107,Yea,T000469
"TONKO, Paul",20934,D,NY,House,116-H-28,Yea,T000469
"TONKO, Paul",20934,D,NY,House,116-H-496,Yea,T000469
"TONKO, Paul",20934,D,NY,House,116-H-651,Yea,T000469
"TONKO, Paul",20934,D,NY,House,117-H-274,Yea,T000469
"TONKO, Paul",20934,D,NY,House,117-H-660,Yea,T000469
"TONKO, Paul",20934,D,NY,House,118-H-1146,Nay,T000469
"TONKO, Paul",20934,D,NY,House,118-H-1194,Yea,T000469
"TONKO, Paul",20934,D,NY,House,118-H-193,Yea,T000469
"TONKO, Paul",20934,D,NY,House,118-H-241,Yea,T000469
"TONKO, Paul",20934,D,NY,House,118-H-337,Yea,T000469
"TONKO, Paul",20934,D,NY,House,118-H-523,Yea,T000469
"TONKO, Paul",20934,D,NY,House,118-H-556,Yea,T000469
"TONKO, Paul",20934,D,NY,House,118-H-572,Nay,T000469
"TONKO, Paul",20934,D,NY,House,118-H-573,Yea,T000469
"TONKO, Paul",20934,D,NY,House,118-H-617,Nay,T000469
"TONKO, Paul",20934,D,NY,House,118-H-671,Yea,T000469
"TONKO, Paul",20934,D,NY,House,118-H-672,Yea,T000469
"TONKO, Paul",20934,D,NY,House,118-H-692,Present,T000469
"TONKO, Paul",20934,D,NY,House,118-H-716,Nay,T000469
"TONKO, Paul",20934,D,NY,House,118-H-746,Yea,T000469
"TONKO, Paul",20934,D,NY,House,118-H-756,Nay,T000469
"TONKO, Paul",20934,D,NY,House,118-H-762,Yea,T000469
"TONKO, Paul",20934,D,NY,House,118-H-852,Yea,T000469
"TONKO, Paul",20934,D,NY,House,118-H-859,Yea,T000469
"TONKO, Paul",20934,D,NY,House,118-H-870,Yea,T000469
"TONKO, Paul",20934,D,NY,House,118-H-890,Yea,T000469
"TONKO, Paul",20934,D,NY,House,118-H-935,Nay,T000469
"TONKO, Paul",20934,D,NY,House,119-H-128,Yea,T000469
"TONKO, Paul",20934,D,NY,House,119-H-158,Yea,T000469
"TONKO, Paul",20934,D,NY,House,119-H-526,Yea,T000469
"TONKO, Paul",20934,D,NY,House,119-H-655,Nay,T000469
"TORRES SMALL, Xochitl",21976,D,NM,House,116-H-107,Yea,T000484
"TORRES SMALL, Xochitl",21976,D,NM,House,116-H-28,Yea,T000484
"TORRES SMALL, Xochitl",21976,D,NM,House,116-H-496,Yea,T000484
"TORRES SMALL, Xochitl",21976,D,NM,House,116-H-651,Yea,T000484
"TORRES, Norma Judith",21508,D,CA,House,116-H-107,Yea,T000474
"TORRES, Norma Judith",21508,D,CA,House,116-H-28,Yea,T000474
"TORRES, Norma Judith",21508,D,CA,House,116-H-496,Yea,T000474
"TORRES, Norma Judith",21508,D,CA,House,116-H-651,Yea,T000474
"TORRES, Norma Judith",21508,D,CA,House,117-H-274,Yea,T000474
"TORRES, Norma Judith",21508,D,CA,House,117-H-660,Yea,T000474
"TORRES, Norma Judith",21508,D,CA,House,118-H-1146,Nay,T000474
"TORRES, Norma Judith",21508,D,CA,House,118-H-1194,Yea,T000474
"TORRES, Norma Judith",21508,D,CA,House,118-H-193,Yea,T000474
"TORRES, Norma Judith",21508,D,CA,House,118-H-241,Yea,T000474
"TORRES, Norma Judith",21508,D,CA,House,118-H-337,Yea,T000474
"TORRES, Norma Judith",21508,D,CA,House,118-H-523,Yea,T000474
"TORRES, Norma Judith",21508,D,CA,House,118-H-556,Yea,T000474
"TORRES, Norma Judith",21508,D,CA,House,118-H-572,Nay,T000474
"TORRES, Norma Judith",21508,D,CA,House,118-H-573,Yea,T000474
"TORRES, Norma Judith",21508,D,CA,House,118-H-617,Nay,T000474
"TORRES, Norma Judith",21508,D,CA,House,118-H-671,Yea,T000474
"TORRES, Norma Judith",21508,D,CA,House,118-H-672,Yea,T000474
"TORRES, Norma Judith",21508,D,CA,House,118-H-692,Yea,T000474
"TORRES, Norma Judith",21508,D,CA,House,118-H-716,Yea,T000474
"TORRES, Norma Judith",21508,D,CA,House,118-H-746,Yea,T000474
"TORRES, Norma Judith",21508,D,CA,House,118-H-756,Yea,T000474
"TORRES, Norma Judith",21508,D,CA,House,118-H-762,Yea,T000474
"TORRES, Norma Judith",21508,D,CA,House,118-H-852,Yea,T000474
"TORRES, Norma Judith",21508,D,CA,House,118-H-859,Yea,T000474
"TORRES, Norma Judith",21508,D,CA,House,118-H-870,Yea,T000474
"TORRES, Norma Judith",21508,D,CA,House,118-H-890,Yea,T000474
"TORRES, Norma Judith",21508,D,CA,House,118-H-935,Nay,T000474
"TORRES, Norma Judith",21508,D,CA,House,119-H-128,Yea,T000474
"TORRES, Norma Judith",21508,D,CA,House,119-H-158,Yea,T000474
"TORRES, Norma Judith",21508,D,CA,House,119-H-526,Yea,T000474
"TORRES, Norma Judith",21508,D,CA,House,119-H-655,Nay,T000474
"TORRES, Ritchie",22154,D,NY,House,117-H-274,Yea,T000486
"TORRES, Ritchie",22154,D,NY,House,117-H-660,Yea,T000486
"TORRES, Ritchie",22154,D,NY,House,118-H-1146,Yea,T000486
"TORRES, Ritchie",22154,D,NY,House,118-H-1194,Yea,T000486
"TORRES, Ritchie",22154,D,NY,House,118-H-193,Yea,T000486
"TORRES, Ritchie",22154,D,NY,House,118-H-241,Yea,T000486
"TORRES, Ritchie",22154,D,NY,House,118-H-337,Yea,T000486
"TORRES, Ritchie",22154,D,NY,House,118-H-523,Yea,T000486
"TORRES, Ritchie",22154,D,NY,House,118-H-556,Yea,T000486
"TORRES, Ritchie",22154,D,NY,House,118-H-572,Nay,T000486
"TORRES, Ritchie",22154,D,NY,House,118-H-573,Nay,T000486
"TORRES, Ritchie",22154,D,NY,House,118-H-617,Yea,T000486
"TORRES, Ritchie",22154,D,NY,House,118-H-671,Yea,T000486
"TORRES, Ritchie",22154,D,NY,House,118-H-672,Yea,T000486
"TORRES, Ritchie",22154,D,NY,House,118-H-692,Yea,T000486
"TORRES, Ritchie",22154,D,NY,House,118-H-716,Yea,T000486
"TORRES, Ritchie",22154,D,NY,House,118-H-746,Yea,T000486
"TORRES, Ritchie",22154,D,NY,House,118-H-756,Yea,T000486
"TORRES, Ritchie",22154,D,NY,House,118-H-762,Yea,T000486
"TORRES, Ritchie",22154,D,NY,House,118-H-852,Yea,T000486
"TORRES, Ritchie",22154,D,NY,House,118-H-859,Yea,T000486
"TORRES, Ritchie",22154,D,NY,House,118-H-870,Yea,T000486
"TORRES, Ritchie",22154,D,NY,House,118-H-890,Yea,T000486
"TORRES, Ritchie",22154,D,NY,House,118-H-935,Yea,T000486
"TORRES, Ritchie",22154,D,NY,House,119-H-128,Yea,T000486
"TORRES, Ritchie",22154,D,NY,House,119-H-158,Yea,T000486
"TORRES, Ritchie",22154,D,NY,House,119-H-526,Yea,T000486
"TORRES, Ritchie",22154,D,NY,House,119-H-655,Yea,T000486
"TRAHAN, Lori",21977,D,MA,House,116-H-107,Yea,T000482
"TRAHAN, Lori",21977,D,MA,House,116-H-28,Yea,T000482
"TRAHAN, Lori",21977,D,MA,House,116-H-496,Yea,T000482
"TRAHAN, Lori",21977,D,MA,House,116-H-651,Yea,T000482
"TRAHAN, Lori",21977,D,MA,House,117-H-274,Yea,T000482
"TRAHAN, Lori",21977,D,MA,House,117-H-660,Yea,T000482
"TRAHAN, Lori",21977,D,MA,House,118-H-1146,Nay,T000482
"TRAHAN, Lori",21977,D,MA,House,118-H-1194,Yea,T000482
"TRAHAN, Lori",21977,D,MA,House,118-H-193,Yea,T000482
"TRAHAN, Lori",21977,D,MA,House,118-H-241,Yea,T000482
"TRAHAN, Lori",21977,D,MA,House,118-H-337,Yea,T000482
"TRAHAN, Lori",21977,D,MA,House,118-H-523,Yea,T000482
"TRAHAN, Lori",21977,D,MA,House,118-H-556,Yea,T000482
"TRAHAN, Lori",21977,D,MA,House,118-H-572,Nay,T000482
"TRAHAN, Lori",21977,D,MA,House,118-H-573,Yea,T000482
"TRAHAN, Lori",21977,D,MA,House,118-H-617,Nay,T000482
"TRAHAN, Lori",21977,D,MA,House,118-H-671,Yea,T000482
"TRAHAN, Lori",21977,D,MA,House,118-H-672,Yea,T000482
"TRAHAN, Lori",21977,D,MA,House,118-H-692,Present,T000482
"TRAHAN, Lori",21977,D,MA,House,118-H-716,Nay,T000482
"TRAHAN, Lori",21977,D,MA,House,118-H-746,Yea,T000482
"TRAHAN, Lori",21977,D,MA,House,118-H-756,Nay,T000482
"TRAHAN, Lori",21977,D,MA,House,118-H-762,Yea,T000482
"TRAHAN, Lori",21977,D,MA,House,118-H-852,Yea,T000482
"TRAHAN, Lori",21977,D,MA,House,118-H-859,Yea,T000482
"TRAHAN, Lori",21977,D,MA,House,118-H-870,Yea,T000482
"TRAHAN, Lori",21977,D,MA,House,118-H-890,Yea,T000482
"TRAHAN, Lori",21977,D,MA,House,118-H-935,Nay,T000482
"TRAHAN, Lori",21977,D,MA,House,119-H-128,Not voting,T000482
"TRAHAN, Lori",21977,D,MA,House,119-H-158,Not voting,T000482
"TRAHAN, Lori",21977,D,MA,House,119-H-526,Yea,T000482
"TRAHAN, Lori",21977,D,MA,House,119-H-655,Nay,T000482
"TRAN, Derek",22556,D,CA,House,119-H-128,Yea,T000491
"TRAN, Derek",22556,D,CA,House,119-H-158,Yea,T000491
"TRAN, Derek",22556,D,CA,House,119-H-526,Yea,T000491
"TRAN, Derek",22556,D,CA,House,119-H-655,Nay,T000491
"TRONE, David",21978,D,MD,House,116-H-107,Yea,T000483
"TRONE, David",21978,D,MD,House,116-H-28,Yea,T000483
"TRONE, David",21978,D,MD,House,116-H-496,Yea,T000483
"TRONE, David",21978,D,MD,House,116-H-651,Yea,T000483
"TRONE, David",21978,D,MD,House,117-H-274,Yea,T000483
"TRONE, David",21978,D,MD,House,117-H-660,Yea,T000483
"TRONE, David",21978,D,MD,House,118-H-1146,Nay,T000483
"TRONE, David",21978,D,MD,House,118-H-1194,Not voting,T000483
"TRONE, David",21978,D,MD,House,118-H-193,Yea,T000483
"TRONE, David",21978,D,MD,House,118-H-241,Yea,T000483
"TRONE, David",21978,D,MD,House,118-H-337,Yea,T000483
"TRONE, David",21978,D,MD,House,118-H-523,Yea,T000483
"TRONE, David",21978,D,MD,House,118-H-556,Yea,T000483
"TRONE, David",21978,D,MD,House,118-H-572,Nay,T000483
"TRONE, David",21978,D,MD,House,118-H-573,Yea,T000483
"TRONE, David",21978,D,MD,House,118-H-617,Nay,T000483
"TRONE, David",21978,D,MD,House,118-H-671,Yea,T000483
"TRONE, David",21978,D,MD,House,118-H-672,Yea,T000483
"TRONE, David",21978,D,MD,House,118-H-692,Yea,T000483
"TRONE, David",21978,D,MD,House,118-H-716,Yea,T000483
"TRONE, David",21978,D,MD,House,118-H-746,Yea,T000483
"TRONE, David",21978,D,MD,House,118-H-756,Nay,T000483
"TRONE, David",21978,D,MD,House,118-H-762,Yea,T000483
"TRONE, David",21978,D,MD,House,118-H-852,Yea,T000483
"TRONE, David",21978,D,MD,House,118-H-859,Yea,T000483
"TRONE, David",21978,D,MD,House,118-H-870,Yea,T000483
"TRONE, David",21978,D,MD,House,118-H-890,Not voting,T000483
"TRONE, David",21978,D,MD,House,118-H-935,Not voting,T000483
"TURNER, Michael R.",20342,R,OH,House,116-H-107,Yea,T000463
"TURNER, Michael R.",20342,R,OH,House,116-H-28,Yea,T000463
"TURNER, Michael R.",20342,R,OH,House,116-H-496,Yea,T000463
"TURNER, Michael R.",20342,R,OH,House,116-H-651,Nay,T000463
"TURNER, Michael R.",20342,R,OH,House,117-H-274,Yea,T000463
"TURNER, Michael R.",20342,R,OH,House,117-H-660,Yea,T000463
"TURNER, Michael R.",20342,R,OH,House,118-H-1146,Yea,T000463
"TURNER, Michael R.",20342,R,OH,House,118-H-1194,Yea,T000463
"TURNER, Michael R.",20342,R,OH,House,118-H-193,Yea,T000463
"TURNER, Michael R.",20342,R,OH,House,118-H-241,Yea,T000463
"TURNER, Michael R.",20342,R,OH,House,118-H-337,Yea,T000463
"TURNER, Michael R.",20342,R,OH,House,118-H-523,Yea,T000463
"TURNER, Michael R.",20342,R,OH,House,118-H-556,Yea,T000463
"TURNER, Michael R.",20342,R,OH,House,118-H-572,Yea,T000463
"TURNER, Michael R.",20342,R,OH,House,118-H-573,Yea,T000463
"TURNER, Michael R.",20342,R,OH,House,118-H-617,Yea,T000463
"TURNER, Michael R.",20342,R,OH,House,118-H-671,Yea,T000463
"TURNER, Michael R.",20342,R,OH,House,118-H-672,Yea,T000463
"TURNER, Michael R.",20342,R,OH,House,118-H-692,Yea,T000463
"TURNER, Michael R.",20342,R,OH,House,118-H-716,Yea,T000463
"TURNER, Michael R.",20342,R,OH,House,118-H-746,Yea,T000463
"TURNER, Michael R.",20342,R,OH,House,118-H-756,Yea,T000463
"TURNER, Michael R.",20342,R,OH,House,118-H-762,Yea,T000463
"TURNER, Michael R.",20342,R,OH,House,118-H-852,Yea,T000463
"TURNER, Michael R.",20342,R,OH,House,118-H-859,Yea,T000463
"TURNER, Michael R.",20342,R,OH,House,118-H-870,Yea,T000463
"TURNER, Michael R.",20342,R,OH,House,118-H-890,Yea,T000463
"TURNER, Michael R.",20342,R,OH,House,118-H-935,Yea,T000463
"TURNER, Michael R.",20342,R,OH,House,119-H-128,Yea,T000463
"TURNER, Michael R.",20342,R,OH,House,119-H-158,Yea,T000463
"TURNER, Michael R.",20342,R,OH,House,119-H-526,Yea,T000463
"TURNER, Michael R.",20342,R,OH,House,119-H-655,Yea,T000463
"UNDERWOOD, Lauren",21979,D,IL,House,116-H-107,Yea,U000040
"UNDERWOOD, Lauren",21979,D,IL,House,116-H-28,Yea,U000040
"UNDERWOOD, Lauren",21979,D,IL,House,116-H-496,Yea,U000040
"UNDERWOOD, Lauren",21979,D,IL,House,116-H-651,Yea,U000040
"UNDERWOOD, Lauren",21979,D,IL,House,117-H-274,Yea,U000040
"UNDERWOOD, Lauren",21979,D,IL,House,117-H-660,Yea,U000040
"UNDERWOOD, Lauren",21979,D,IL,House,118-H-1146,Nay,U000040
"UNDERWOOD, Lauren",21979,D,IL,House,118-H-1194,Yea,U000040
"UNDERWOOD, Lauren",21979,D,IL,House,118-H-193,Yea,U000040
"UNDERWOOD, Lauren",21979,D,IL,House,118-H-241,Yea,U000040
"UNDERWOOD, Lauren",21979,D,IL,House,118-H-337,Yea,U000040
"UNDERWOOD, Lauren",21979,D,IL,House,118-H-523,Yea,U000040
"UNDERWOOD, Lauren",21979,D,IL,House,118-H-556,Nay,U000040
"UNDERWOOD, Lauren",21979,D,IL,House,118-H-572,Nay,U000040
"UNDERWOOD, Lauren",21979,D,IL,House,118-H-573,Nay,U000040
"UNDERWOOD, Lauren",21979,D,IL,House,118-H-617,Nay,U000040
"UNDERWOOD, Lauren",21979,D,IL,House,118-H-671,Yea,U000040
"UNDERWOOD, Lauren",21979,D,IL,House,118-H-672,Yea,U000040
"UNDERWOOD, Lauren",21979,D,IL,House,118-H-692,Present,U000040
"UNDERWOOD, Lauren",21979,D,IL,House,118-H-716,Nay,U000040
"UNDERWOOD, Lauren",21979,D,IL,House,118-H-746,Yea,U000040
"UNDERWOOD, Lauren",21979,D,IL,House,118-H-756,Nay,U000040
"UNDERWOOD, Lauren",21979,D,IL,House,118-H-762,Yea,U000040
"UNDERWOOD, Lauren",21979,D,IL,House,118-H-852,Nay,U000040
"UNDERWOOD, Lauren",21979,D,IL,House,118-H-859,Yea,U000040
"UNDERWOOD, Lauren",21979,D,IL,House,118-H-870,Yea,U000040
"UNDERWOOD, Lauren",21979,D,IL,House,118-H-890,Nay,U000040
"UNDERWOOD, Lauren",21979,D,IL,House,118-H-935,Nay,U000040
"UNDERWOOD, Lauren",21979,D,IL,House,119-H-128,Yea,U000040
"UNDERWOOD, Lauren",21979,D,IL,House,119-H-158,Yea,U000040
"UNDERWOOD, Lauren",21979,D,IL,House,119-H-526,Yea,U000040
"UNDERWOOD, Lauren",21979,D,IL,House,119-H-655,Nay,U000040
"UPTON, Frederick Stephen",15446,R,MI,House,116-H-107,Yea,U000031
"UPTON, Frederick Stephen",15446,R,MI,House,116-H-28,Yea,U000031
"UPTON, Frederick Stephen",15446,R,MI,House,116-H-496,Yea,U000031
"UPTON, Frederick Stephen",15446,R,MI,House,116-H-651,Yea,U000031
"UPTON, Frederick Stephen",15446,R,MI,House,117-H-274,Yea,U000031
"UPTON, Frederick Stephen",15446,R,MI,House,117-H-660,Yea,U000031
"VALADAO, David G.",21307,R,CA,House,117-H-274,Yea,V000129
"VALADAO, David G.",21307,R,CA,House,117-H-660,Yea,V000129
"VALADAO, David G.",21307,R,CA,House,118-H-1146,Yea,V000129
"VALADAO, David G.",21307,R,CA,House,118-H-1194,Yea,V000129
"VALADAO, David G.",21307,R,CA,House,118-H-193,Yea,V000129
"VALADAO, David G.",21307,R,CA,House,118-H-241,Yea,V000129
"VALADAO, David G.",21307,R,CA,House,118-H-337,Yea,V000129
"VALADAO, David G.",21307,R,CA,House,118-H-523,Yea,V000129
"VALADAO, David G.",21307,R,CA,House,118-H-556,Yea,V000129
"VALADAO, David G.",21307,R,CA,House,118-H-572,Yea,V000129
"VALADAO, David G.",21307,R,CA,House,118-H-573,Yea,V000129
"VALADAO, David G.",21307,R,CA,House,118-H-617,Yea,V000129
"VALADAO, David G.",21307,R,CA,House,118-H-671,Yea,V000129
"VALADAO, David G.",21307,R,CA,House,118-H-672,Yea,V000129
"VALADAO, David G.",21307,R,CA,House,118-H-692,Yea,V000129
"VALADAO, David G.",21307,R,CA,House,118-H-716,Yea,V000129
"VALADAO, David G.",21307,R,CA,House,118-H-746,Yea,V000129
"VALADAO, David G.",21307,R,CA,House,118-H-756,Yea,V000129
"VALADAO, David G.",21307,R,CA,House,118-H-762,Yea,V000129
"VALADAO, David G.",21307,R,CA,House,118-H-852,Yea,V000129
"VALADAO, David G.",21307,R,CA,House,118-H-859,Yea,V000129
"VALADAO, David G.",21307,R,CA,House,118-H-870,Yea,V000129
"VALADAO, David G.",21307,R,CA,House,118-H-890,Yea,V000129
"VALADAO, David G.",21307,R,CA,House,118-H-935,Yea,V000129
"VALADAO, David G.",21307,R,CA,House,119-H-128,Yea,V000129
"VALADAO, David G.",21307,R,CA,House,119-H-158,Yea,V000129
"VALADAO, David G.",21307,R,CA,House,119-H-526,Yea,V000129
"VALADAO, David G.",21307,R,CA,House,119-H-655,Yea,V000129
"VAN DREW, Jefferson",21980,D,NJ,House,116-H-107,Yea,V000133
"VAN DREW, Jefferson",21980,D,NJ,House,116-H-28,Yea,V000133
"VAN DREW, Jefferson",21980,D,NJ,House,116-H-496,Yea,V000133
"VAN DREW, Jefferson",21980,D,NJ,House,116-H-651,Yea,V000133
"VAN DREW, Jefferson",91980,R,NJ,House,117-H-274,Yea,V000133
"VAN DREW, Jefferson",91980,R,NJ,House,117-H-660,Yea,V000133
"VAN DREW, Jefferson",91980,R,NJ,House,118-H-1146,Yea,V000133
"VAN DREW, Jefferson",91980,R,NJ,House,118-H-1194,Yea,V000133
"VAN DREW, Jefferson",91980,R,NJ,House,118-H-193,Yea,V000133
"VAN DREW, Jefferson",91980,R,NJ,House,118-H-241,Yea,V000133
"VAN DREW, Jefferson",91980,R,NJ,House,118-H-337,Yea,V000133
"VAN DREW, Jefferson",91980,R,NJ,House,118-H-523,Yea,V000133
"VAN DREW, Jefferson",91980,R,NJ,House,118-H-556,Yea,V000133
"VAN DREW, Jefferson",91980,R,NJ,House,118-H-572,Yea,V000133
"VAN DREW, Jefferson",91980,R,NJ,House,118-H-573,Yea,V000133
"VAN DREW, Jefferson",91980,R,NJ,House,118-H-617,Yea,V000133
"VAN DREW, Jefferson",91980,R,NJ,House,118-H-671,Yea,V000133
"VAN DREW, Jefferson",91980,R,NJ,House,118-H-672,Yea,V000133
"VAN DREW, Jefferson",91980,R,NJ,House,118-H-692,Yea,V000133
"VAN DREW, Jefferson",91980,R,NJ,House,118-H-716,Yea,V000133
"VAN DREW, Jefferson",91980,R,NJ,House,118-H-746,Yea,V000133
"VAN DREW, Jefferson",91980,R,NJ,House,118-H-756,Yea,V000133
"VAN DREW, Jefferson",91980,R,NJ,House,118-H-762,Yea,V000133
"VAN DREW, Jefferson",91980,R,NJ,House,118-H-852,Yea,V000133
"VAN DREW, Jefferson",91980,R,NJ,House,118-H-859,Yea,V000133
"VAN DREW, Jefferson",91980,R,NJ,House,118-H-870,Yea,V000133
"VAN DREW, Jefferson",91980,R,NJ,House,118-H-890,Yea,V000133
"VAN DREW, Jefferson",91980,R,NJ,House,118-H-935,Yea,V000133
"VAN DREW, Jefferson",91980,R,NJ,House,119-H-128,Yea,V000133
"VAN DREW, Jefferson",91980,R,NJ,House,119-H-158,Yea,V000133
"VAN DREW, Jefferson",91980,R,NJ,House,119-H-526,Yea,V000133
"VAN DREW, Jefferson",91980,R,NJ,House,119-H-655,Yea,V000133
"VAN DUYNE, Beth",22155,R,TX,House,117-H-274,Yea,V000134
"VAN DUYNE, Beth",22155,R,TX,House,117-H-660,Yea,V000134
"VAN DUYNE, Beth",22155,R,TX,House,118-H-1146,Yea,V000134
"VAN DUYNE, Beth",22155,R,TX,House,118-H-1194,Yea,V000134
"VAN DUYNE, Beth",22155,R,TX,House,118-H-193,Yea,V000134
"VAN DUYNE, Beth",22155,R,TX,House,118-H-241,Yea,V000134
"VAN DUYNE, Beth",22155,R,TX,House,118-H-337,Yea,V000134
"VAN DUYNE, Beth",22155,R,TX,House,118-H-523,Yea,V000134
"VAN DUYNE, Beth",22155,R,TX,House,118-H-556,Not voting,V000134
"VAN DUYNE, Beth",22155,R,TX,House,118-H-572,Yea,V000134
"VAN DUYNE, Beth",22155,R,TX,House,118-H-573,Yea,V000134
"VAN DUYNE, Beth",22155,R,TX,House,118-H-617,Yea,V000134
"VAN DUYNE, Beth",22155,R,TX,House,118-H-671,Yea,V000134
"VAN DUYNE, Beth",22155,R,TX,House,118-H-672,Yea,V000134
"VAN DUYNE, Beth",22155,R,TX,House,118-H-692,Yea,V000134
"VAN DUYNE, Beth",22155,R,TX,House,118-H-716,Yea,V000134
"VAN DUYNE, Beth",22155,R,TX,House,118-H-746,Yea,V000134
"VAN DUYNE, Beth",22155,R,TX,House,118-H-756,Yea,V000134
"VAN DUYNE, Beth",22155,R,TX,House,118-H-762,Yea,V000134
"VAN DUYNE, Beth",22155,R,TX,House,118-H-852,Yea,V000134
"VAN DUYNE, Beth",22155,R,TX,House,118-H-859,Yea,V000134
"VAN DUYNE, Beth",22155,R,TX,House,118-H-870,Yea,V000134
"VAN DUYNE, Beth",22155,R,TX,House,118-H-890,Yea,V000134
"VAN DUYNE, Beth",22155,R,TX,House,118-H-935,Yea,V000134
"VAN DUYNE, Beth",22155,R,TX,House,119-H-128,Yea,V000134
"VAN DUYNE, Beth",22155,R,TX,House,119-H-158,Yea,V000134
"VAN DUYNE, Beth",22155,R,TX,House,119-H-526,Yea,V000134
"VAN DUYNE, Beth",22155,R,TX,House,119-H-655,Yea,V000134
"VAN ORDEN, Derrick",22370,R,WI,House,118-H-1146,Yea,V000135
"VAN ORDEN, Derrick",22370,R,WI,House,118-H-1194,Yea,V000135
"VAN ORDEN, Derrick",22370,R,WI,House,118-H-193,Yea,V000135
"VAN ORDEN, Derrick",22370,R,WI,House,118-H-241,Yea,V000135
"VAN ORDEN, Derrick",22370,R,WI,House,118-H-337,Yea,V000135
"VAN ORDEN, Derrick",22370,R,WI,House,118-H-523,Not voting,V000135
"VAN ORDEN, Derrick",22370,R,WI,House,118-H-556,Yea,V000135
"VAN ORDEN, Derrick",22370,R,WI,House,118-H-572,Yea,V000135
"VAN ORDEN, Derrick",22370,R,WI,House,118-H-573,Yea,V000135
"VAN ORDEN, Derrick",22370,R,WI,House,118-H-617,Yea,V000135
"VAN ORDEN, Derrick",22370,R,WI,House,118-H-671,Yea,V000135
"VAN ORDEN, Derrick",22370,R,WI,House,118-H-672,Yea,V000135
"VAN ORDEN, Derrick",22370,R,WI,House,118-H-692,Yea,V000135
"VAN ORDEN, Derrick",22370,R,WI,House,118-H-716,Yea,V000135
"VAN ORDEN, Derrick",22370,R,WI,House,118-H-746,Yea,V000135
"VAN ORDEN, Derrick",22370,R,WI,House,118-H-756,Yea,V000135
"VAN ORDEN, Derrick",22370,R,WI,House,118-H-762,Yea,V000135
"VAN ORDEN, Derrick",22370,R,WI,House,118-H-852,Yea,V000135
"VAN ORDEN, Derrick",22370,R,WI,House,118-H-859,Yea,V000135
"VAN ORDEN, Derrick",22370,R,WI,House,118-H-870,Yea,V000135
"VAN ORDEN, Derrick",22370,R,WI,House,118-H-890,Yea,V000135
"VAN ORDEN, Derrick",22370,R,WI,House,118-H-935,Yea,V000135
"VAN ORDEN, Derrick",22370,R,WI,House,119-H-128,Yea,V000135
"VAN ORDEN, Derrick",22370,R,WI,House,119-H-158,Yea,V000135
"VAN ORDEN, Derrick",22370,R,WI,House,119-H-526,Not voting,V000135
"VAN ORDEN, Derrick",22370,R,WI,House,119-H-655,Yea,V000135
"VARGAS, Juan",21314,D,CA,House,116-H-107,Yea,V000130
"VARGAS, Juan",21314,D,CA,House,116-H-28,Yea,V000130
"VARGAS, Juan",21314,D,CA,House,116-H-496,Yea,V000130
"VARGAS, Juan",21314,D,CA,House,116-H-651,Yea,V000130
"VARGAS, Juan",21314,D,CA,House,117-H-274,Yea,V000130
"VARGAS, Juan",21314,D,CA,House,117-H-660,Yea,V000130
"VARGAS, Juan",21314,D,CA,House,118-H-1146,Yea,V000130
"VARGAS, Juan",21314,D,CA,House,118-H-1194,Yea,V000130
"VARGAS, Juan",21314,D,CA,House,118-H-193,Yea,V000130
"VARGAS, Juan",21314,D,CA,House,118-H-241,Yea,V000130
"VARGAS, Juan",21314,D,CA,House,118-H-337,Yea,V000130
"VARGAS, Juan",21314,D,CA,House,118-H-523,Yea,V000130
"VARGAS, Juan",21314,D,CA,House,118-H-556,Yea,V000130
"VARGAS, Juan",21314,D,CA,House,118-H-572,Yea,V000130
"VARGAS, Juan",21314,D,CA,House,118-H-573,Yea,V000130
"VARGAS, Juan",21314,D,CA,House,118-H-617,Nay,V000130
"VARGAS, Juan",21314,D,CA,House,118-H-671,Yea,V000130
"VARGAS, Juan",21314,D,CA,House,118-H-672,Yea,V000130
"VARGAS, Juan",21314,D,CA,House,118-H-692,Yea,V000130
"VARGAS, Juan",21314,D,CA,House,118-H-716,Nay,V000130
"VARGAS, Juan",21314,D,CA,House,118-H-746,Yea,V000130
"VARGAS, Juan",21314,D,CA,House,118-H-756,Yea,V000130
"VARGAS, Juan",21314,D,CA,House,118-H-762,Yea,V000130
"VARGAS, Juan",21314,D,CA,House,118-H-852,Yea,V000130
"VARGAS, Juan",21314,D,CA,House,118-H-859,Yea,V000130
"VARGAS, Juan",21314,D,CA,House,118-H-870,Yea,V000130
"VARGAS, Juan",21314,D,CA,House,118-H-890,Yea,V000130
"VARGAS, Juan",21314,D,CA,House,118-H-935,Nay,V000130
"VARGAS, Juan",21314,D,CA,House,119-H-128,Yea,V000130
"VARGAS, Juan",21314,D,CA,House,119-H-158,Yea,V000130
"VARGAS, Juan",21314,D,CA,House,119-H-526,Yea,V000130
"VARGAS, Juan",21314,D,CA,House,119-H-655,Yea,V000130
"VASQUEZ, Gabriel",22371,D,NM,House,118-H-1146,Nay,V000136
"VASQUEZ, Gabriel",22371,D,NM,House,118-H-1194,Yea,V000136
"VASQUEZ, Gabriel",22371,D,NM,House,118-H-193,Yea,V000136
"VASQUEZ, Gabriel",22371,D,NM,House,118-H-241,Yea,V000136
"VASQUEZ, Gabriel",22371,D,NM,House,118-H-337,Yea,V000136
"VASQUEZ, Gabriel",22371,D,NM,House,118-H-523,Yea,V000136
"VASQUEZ, Gabriel",22371,D,NM,House,118-H-556,Yea,V000136
"VASQUEZ, Gabriel",22371,D,NM,House,118-H-572,Nay,V000136
"VASQUEZ, Gabriel",22371,D,NM,House,118-H-573,Yea,V000136
"VASQUEZ, Gabriel",22371,D,NM,House,118-H-617,Nay,V000136
"VASQUEZ, Gabriel",22371,D,NM,House,118-H-671,Yea,V000136
"VASQUEZ, Gabriel",22371,D,NM,House,118-H-672,Yea,V000136
"VASQUEZ, Gabriel",22371,D,NM,House,118-H-692,Present,V000136
"VASQUEZ, Gabriel",22371,D,NM,House,118-H-716,Yea,V000136
"VASQUEZ, Gabriel",22371,D,NM,House,118-H-746,Yea,V000136
"VASQUEZ, Gabriel",22371,D,NM,House,118-H-756,Nay,V000136
"VASQUEZ, Gabriel",22371,D,NM,House,118-H-762,Yea,V000136
"VASQUEZ, Gabriel",22371,D,NM,House,118-H-852,Yea,V000136
"VASQUEZ, Gabriel",22371,D,NM,House,118-H-859,Yea,V000136
"VASQUEZ, Gabriel",22371,D,NM,House,118-H-870,Yea,V000136
"VASQUEZ, Gabriel",22371,D,NM,House,118-H-890,Yea,V000136
"VASQUEZ, Gabriel",22371,D,NM,House,118-H-935,Nay,V000136
"VASQUEZ, Gabriel",22371,D,NM,House,119-H-128,Yea,V000136
"VASQUEZ, Gabriel",22371,D,NM,House,119-H-158,Yea,V000136
"VASQUEZ, Gabriel",22371,D,NM,House,119-H-526,Yea,V000136
"VASQUEZ, Gabriel",22371,D,NM,House,119-H-655,Nay,V000136
"VEASEY, Marc",21365,D,TX,House,116-H-107,Yea,V000131
"VEASEY, Marc",21365,D,TX,House,116-H-28,Yea,V000131
"VEASEY, Marc",21365,D,TX,House,116-H-496,Yea,V000131
"VEASEY, Marc",21365,D,TX,House,116-H-651,Yea,V000131
"VEASEY, Marc",21365,D,TX,House,117-H-274,Yea,V000131
"VEASEY, Marc",21365,D,TX,House,117-H-660,Yea,V000131
"VEASEY, Marc",21365,D,TX,House,118-H-1146,Nay,V000131
"VEASEY, Marc",21365,D,TX,House,118-H-1194,Yea,V000131
"VEASEY, Marc",21365,D,TX,House,118-H-193,Yea,V000131
"VEASEY, Marc",21365,D,TX,House,118-H-241,Yea,V000131
"VEASEY, Marc",21365,D,TX,House,118-H-337,Yea,V000131
"VEASEY, Marc",21365,D,TX,House,118-H-523,Yea,V000131
"VEASEY, Marc",21365,D,TX,House,118-H-556,Yea,V000131
"VEASEY, Marc",21365,D,TX,House,118-H-572,Nay,V000131
"VEASEY, Marc",21365,D,TX,House,118-H-573,Yea,V000131
"VEASEY, Marc",21365,D,TX,House,118-H-617,Nay,V000131
"VEASEY, Marc",21365,D,TX,House,118-H-671,Not voting,V000131
"VEASEY, Marc",21365,D,TX,House,118-H-672,Not voting,V000131
"VEASEY, Marc",21365,D,TX,House,118-H-692,Yea,V000131
"VEASEY, Marc",21365,D,TX,House,118-H-716,Nay,V000131
"VEASEY, Marc",21365,D,TX,House,118-H-746,Yea,V000131
"VEASEY, Marc",21365,D,TX,House,118-H-756,Nay,V000131
"VEASEY, Marc",21365,D,TX,House,118-H-762,Yea,V000131
"VEASEY, Marc",21365,D,TX,House,118-H-852,Yea,V000131
"VEASEY, Marc",21365,D,TX,House,118-H-859,Yea,V000131
"VEASEY, Marc",21365,D,TX,House,118-H-870,Yea,V000131
"VEASEY, Marc",21365,D,TX,House,118-H-890,Yea,V000131
"VEASEY, Marc",21365,D,TX,House,118-H-935,Nay,V000131
"VEASEY, Marc",21365,D,TX,House,119-H-128,Yea,V000131
"VEASEY, Marc",21365,D,TX,House,119-H-158,Yea,V000131
"VEASEY, Marc",21365,D,TX,House,119-H-526,Yea,V000131
"VEASEY, Marc",21365,D,TX,House,119-H-655,Nay,V000131
"VELA, Filemon",21366,D,TX,House,116-H-107,Yea,V000132
"VELA, Filemon",21366,D,TX,House,116-H-28,Yea,V000132
"VELA, Filemon",21366,D,TX,House,116-H-496,Yea,V000132
"VELA, Filemon",21366,D,TX,House,116-H-651,Yea,V000132
"VELA, Filemon",21366,D,TX,House,117-H-274,Yea,V000132
"VELÁZQUEZ, Nydia M.",29378,D,NY,House,116-H-107,Yea,V000081
"VELÁZQUEZ, Nydia M.",29378,D,NY,House,116-H-28,Yea,V000081
"VELÁZQUEZ, Nydia M.",29378,D,NY,House,116-H-496,Yea,V000081
"VELÁZQUEZ, Nydia M.",29378,D,NY,House,116-H-651,Yea,V000081
"VELÁZQUEZ, Nydia M.",29378,D,NY,House,117-H-274,Yea,V000081
"VELÁZQUEZ, Nydia M.",29378,D,NY,House,117-H-660,Yea,V000081
"VELÁZQUEZ, Nydia M.",29378,D,NY,House,118-H-1146,Nay,V000081
"VELÁZQUEZ, Nydia M.",29378,D,NY,House,118-H-1194,Yea,V000081
"VELÁZQUEZ, Nydia M.",29378,D,NY,House,118-H-193,Nay,V000081
"VELÁZQUEZ, Nydia M.",29378,D,NY,House,118-H-241,Yea,V000081
"VELÁZQUEZ, Nydia M.",29378,D,NY,House,118-H-337,Yea,V000081
"VELÁZQUEZ, Nydia M.",29378,D,NY,House,118-H-523,Present,V000081
"VELÁZQUEZ, Nydia M.",29378,D,NY,House,118-H-556,Nay,V000081
"VELÁZQUEZ, Nydia M.",29378,D,NY,House,118-H-572,Nay,V000081
"VELÁZQUEZ, Nydia M.",29378,D,NY,House,118-H-573,Nay,V000081
"VELÁZQUEZ, Nydia M.",29378,D,NY,House,118-H-617,Nay,V000081
"VELÁZQUEZ, Nydia M.",29378,D,NY,House,118-H-671,Yea,V000081
"VELÁZQUEZ, Nydia M.",29378,D,NY,House,118-H-672,Yea,V000081
"VELÁZQUEZ, Nydia M.",29378,D,NY,House,118-H-692,Present,V000081
"VELÁZQUEZ, Nydia M.",29378,D,NY,House,118-H-716,Nay,V000081
"VELÁZQUEZ, Nydia M.",29378,D,NY,House,118-H-746,Yea,V000081
"VELÁZQUEZ, Nydia M.",29378,D,NY,House,118-H-756,Nay,V000081
"VELÁZQUEZ, Nydia M.",29378,D,NY,House,118-H-762,Yea,V000081
"VELÁZQUEZ, Nydia M.",29378,D,NY,House,118-H-852,Nay,V000081
"VELÁZQUEZ, Nydia M.",29378,D,NY,House,118-H-859,Yea,V000081
"VELÁZQUEZ, Nydia M.",29378,D,NY,House,118-H-870,Nay,V000081
"VELÁZQUEZ, Nydia M.",29378,D,NY,House,118-H-890,Nay,V000081
"VELÁZQUEZ, Nydia M.",29378,D,NY,House,118-H-935,Nay,V000081
"VELÁZQUEZ, Nydia M.",29378,D,NY,House,119-H-128,Yea,V000081
"VELÁZQUEZ, Nydia M.",29378,D,NY,House,119-H-158,Yea,V000081
"VELÁZQUEZ, Nydia M.",29378,D,NY,House,119-H-526,Yea,V000081
"VELÁZQUEZ, Nydia M.",29378,D,NY,House,119-H-655,Not voting,V000081
"VINDMAN, Eugene Simon",22558,D,VA,House,119-H-128,Yea,V000138
"VINDMAN, Eugene Simon",22558,D,VA,House,119-H-158,Yea,V000138
"VINDMAN, Eugene Simon",22558,D,VA,House,119-H-526,Yea,V000138
"VINDMAN, Eugene Simon",22558,D,VA,House,119-H-655,Yea,V000138
"VISCLOSKY, Peter",15124,D,IN,House,116-H-107,Yea,V000108
"VISCLOSKY, Peter",15124,D,IN,House,116-H-28,Yea,V000108
"VISCLOSKY, Peter",15124,D,IN,House,116-H-496,Yea,V000108
"VISCLOSKY, Peter",15124,D,IN,House,116-H-651,Yea,V000108
"WAGNER, Ann",21337,R,MO,House,116-H-107,Yea,W000812
"WAGNER, Ann",21337,R,MO,House,116-H-28,Not voting,W000812
"WAGNER, Ann",21337,R,MO,House,116-H-496,Yea,W000812
"WAGNER, Ann",21337,R,MO,House,116-H-651,Nay,W000812
"WAGNER, Ann",21337,R,MO,House,117-H-274,Yea,W000812
"WAGNER, Ann",21337,R,MO,House,117-H-660,Yea,W000812
"WAGNER, Ann",21337,R,MO,House,118-H-1146,Yea,W000812
"WAGNER, Ann",21337,R,MO,House,118-H-1194,Yea,W000812
"WAGNER, Ann",21337,R,MO,House,118-H-193,Yea,W000812
"WAGNER, Ann",21337,R,MO,House,118-H-241,Yea,W000812
"WAGNER, Ann",21337,R,MO,House,118-H-337,Yea,W000812
"WAGNER, Ann",21337,R,MO,House,118-H-523,Yea,W000812
"WAGNER, Ann",21337,R,MO,House,118-H-556,Yea,W000812
"WAGNER, Ann",21337,R,MO,House,118-H-572,Yea,W000812
"WAGNER, Ann",21337,R,MO,House,118-H-573,Yea,W000812
"WAGNER, Ann",21337,R,MO,House,118-H-617,Yea,W000812
"WAGNER, Ann",21337,R,MO,House,118-H-671,Yea,W000812
"WAGNER, Ann",21337,R,MO,House,118-H-672,Yea,W000812
"WAGNER, Ann",21337,R,MO,House,118-H-692,Not voting,W000812
"WAGNER, Ann",21337,R,MO,House,118-H-716,Yea,W000812
"WAGNER, Ann",21337,R,MO,House,118-H-746,Yea,W000812
"WAGNER, Ann",21337,R,MO,House,118-H-756,Yea,W000812
"WAGNER, Ann",21337,R,MO,House,118-H-762,Yea,W000812
"WAGNER, Ann",21337,R,MO,House,118-H-852,Yea,W000812
"WAGNER, Ann",21337,R,MO,House,118-H-859,Yea,W000812
"WAGNER, Ann",21337,R,MO,House,118-H-870,Yea,W000812
"WAGNER, Ann",21337,R,MO,House,118-H-890,Yea,W000812
"WAGNER, Ann",21337,R,MO,House,118-H-935,Yea,W000812
"WAGNER, Ann",21337,R,MO,House,119-H-128,Yea,W000812
"WAGNER, Ann",21337,R,MO,House,119-H-158,Yea,W000812
"WAGNER, Ann",21337,R,MO,House,119-H-526,Yea,W000812
"WAGNER, Ann",21337,R,MO,House,119-H-655,Yea,W000812
"WALBERG, Tim",20725,R,MI,House,116-H-107,Yea,W000798
"WALBERG, Tim",20725,R,MI,House,116-H-28,Yea,W000798
"WALBERG, Tim",20725,R,MI,House,116-H-496,Yea,W000798
"WALBERG, Tim",20725,R,MI,House,116-H-651,Nay,W000798
"WALBERG, Tim",20725,R,MI,House,117-H-274,Yea,W000798
"WALBERG, Tim",20725,R,MI,House,117-H-660,Yea,W000798
"WALBERG, Tim",20725,R,MI,House,118-H-1146,Yea,W000798
"WALBERG, Tim",20725,R,MI,House,118-H-1194,Yea,W000798
"WALBERG, Tim",20725,R,MI,House,118-H-193,Yea,W000798
"WALBERG, Tim",20725,R,MI,House,118-H-241,Yea,W000798
"WALBERG, Tim",20725,R,MI,House,118-H-337,Yea,W000798
"WALBERG, Tim",20725,R,MI,House,118-H-523,Yea,W000798
"WALBERG, Tim",20725,R,MI,House,118-H-556,Yea,W000798
"WALBERG, Tim",20725,R,MI,House,118-H-572,Yea,W000798
"WALBERG, Tim",20725,R,MI,House,118-H-573,Yea,W000798
"WALBERG, Tim",20725,R,MI,House,118-H-617,Yea,W000798
"WALBERG, Tim",20725,R,MI,House,118-H-671,Yea,W000798
"WALBERG, Tim",20725,R,MI,House,118-H-672,Yea,W000798
"WALBERG, Tim",20725,R,MI,House,118-H-692,Yea,W000798
"WALBERG, Tim",20725,R,MI,House,118-H-716,Yea,W000798
"WALBERG, Tim",20725,R,MI,House,118-H-746,Yea,W000798
"WALBERG, Tim",20725,R,MI,House,118-H-756,Yea,W000798
"WALBERG, Tim",20725,R,MI,House,118-H-762,Yea,W000798
"WALBERG, Tim",20725,R,MI,House,118-H-852,Yea,W000798
"WALBERG, Tim",20725,R,MI,House,118-H-859,Yea,W000798
"WALBERG, Tim",20725,R,MI,House,118-H-870,Yea,W000798
"WALBERG, Tim",20725,R,MI,House,118-H-890,Yea,W000798
"WALBERG, Tim",20725,R,MI,House,118-H-935,Yea,W000798
"WALBERG, Tim",20725,R,MI,House,119-H-128,Yea,W000798
"WALBERG, Tim",20725,R,MI,House,119-H-158,Yea,W000798
"WALBERG, Tim",20725,R,MI,House,119-H-526,Yea,W000798
"WALBERG, Tim",20725,R,MI,House,119-H-655,Yea,W000798
"WALDEN, Greg",29932,R,OR,House,116-H-107,Yea,W000791
"WALDEN, Greg",29932,R,OR,House,116-H-28,Yea,W000791
"WALDEN, Greg",29932,R,OR,House,116-H-496,Yea,W000791
"WALDEN, Greg",29932,R,OR,House,116-H-651,Nay,W000791
"WALKER, Bradley Mark",21543,R,NC,House,116-H-107,Nay,W000819
"WALKER, Bradley Mark",21543,R,NC,House,116-H-28,Yea,W000819
"WALKER, Bradley Mark",21543,R,NC,House,116-H-496,Yea,W000819
"WALKER, Bradley Mark",21543,R,NC,House,116-H-651,Nay,W000819
"WALORSKI, Jackie",21330,R,IN,House,116-H-107,Yea,W000813
"WALORSKI, Jackie",21330,R,IN,House,116-H-28,Yea,W000813
"WALORSKI, Jackie",21330,R,IN,House,116-H-496,Yea,W000813
"WALORSKI, Jackie",21330,R,IN,House,116-H-651,Nay,W000813
"WALORSKI, Jackie",21330,R,IN,House,117-H-274,Yea,W000813
"WALORSKI, Jackie",21330,R,IN,House,117-H-660,Yea,W000813
"WALTZ, Michael",21981,R,FL,House,116-H-107,Yea,W000823
"WALTZ, Michael",21981,R,FL,House,116-H-28,Yea,W000823
"WALTZ, Michael",21981,R,FL,House,116-H-496,Yea,W000823
"WALTZ, Michael",21981,R,FL,House,116-H-651,Nay,W000823
"WALTZ, Michael",21981,R,FL,House,117-H-274,Yea,W000823
"WALTZ, Michael",21981,R,FL,House,117-H-660,Yea,W000823
"WALTZ, Michael",21981,R,FL,House,118-H-1146,Yea,W000823
"WALTZ, Michael",21981,R,FL,House,118-H-1194,Not voting,W000823
"WALTZ, Michael",21981,R,FL,House,118-H-193,Yea,W000823
"WALTZ, Michael",21981,R,FL,House,118-H-241,Yea,W000823
"WALTZ, Michael",21981,R,FL,House,118-H-337,Yea,W000823
"WALTZ, Michael",21981,R,FL,House,118-H-523,Yea,W000823
"WALTZ, Michael",21981,R,FL,House,118-H-556,Yea,W000823
"WALTZ, Michael",21981,R,FL,House,118-H-572,Yea,W000823
"WALTZ, Michael",21981,R,FL,House,118-H-573,Yea,W000823
"WALTZ, Michael",21981,R,FL,House,118-H-617,Yea,W000823
"WALTZ, Michael",21981,R,FL,House,118-H-671,Yea,W000823
"WALTZ, Michael",21981,R,FL,House,118-H-672,Yea,W000823
"WALTZ, Michael",21981,R,FL,House,118-H-692,Yea,W000823
"WALTZ, Michael",21981,R,FL,House,118-H-716,Yea,W000823
"WALTZ, Michael",21981,R,FL,House,118-H-746,Yea,W000823
"WALTZ, Michael",21981,R,FL,House,118-H-756,Yea,W000823
"WALTZ, Michael",21981,R,FL,House,118-H-762,Yea,W000823
"WALTZ, Michael",21981,R,FL,House,118-H-852,Yea,W000823
"WALTZ, Michael",21981,R,FL,House,118-H-859,Yea,W000823
"WALTZ, Michael",21981,R,FL,House,118-H-870,Yea,W000823
"WALTZ, Michael",21981,R,FL,House,118-H-890,Yea,W000823
"WALTZ, Michael",21981,R,FL,House,118-H-935,Yea,W000823
"WASSERMAN SCHULTZ, Debbie",20504,D,FL,House,116-H-107,Yea,W000797
"WASSERMAN SCHULTZ, Debbie",20504,D,FL,House,116-H-28,Yea,W000797
"WASSERMAN SCHULTZ, Debbie",20504,D,FL,House,116-H-496,Yea,W000797
"WASSERMAN SCHULTZ, Debbie",20504,D,FL,House,116-H-651,Yea,W000797
"WASSERMAN SCHULTZ, Debbie",20504,D,FL,House,117-H-274,Yea,W000797
"WASSERMAN SCHULTZ, Debbie",20504,D,FL,House,117-H-660,Yea,W000797
"WASSERMAN SCHULTZ, Debbie",20504,D,FL,House,118-H-1146,Nay,W000797
"WASSERMAN SCHULTZ, Debbie",20504,D,FL,House,118-H-1194,Yea,W000797
"WASSERMAN SCHULTZ, Debbie",20504,D,FL,House,118-H-193,Yea,W000797
"WASSERMAN SCHULTZ, Debbie",20504,D,FL,House,118-H-241,Yea,W000797
"WASSERMAN SCHULTZ, Debbie",20504,D,FL,House,118-H-337,Yea,W000797
"WASSERMAN SCHULTZ, Debbie",20504,D,FL,House,118-H-523,Yea,W000797
"WASSERMAN SCHULTZ, Debbie",20504,D,FL,House,118-H-556,Yea,W000797
"WASSERMAN SCHULTZ, Debbie",20504,D,FL,House,118-H-572,Yea,W000797
"WASSERMAN SCHULTZ, Debbie",20504,D,FL,House,118-H-573,Yea,W000797
"WASSERMAN SCHULTZ, Debbie",20504,D,FL,House,118-H-617,Yea,W000797
"WASSERMAN SCHULTZ, Debbie",20504,D,FL,House,118-H-671,Yea,W000797
"WASSERMAN SCHULTZ, Debbie",20504,D,FL,House,118-H-672,Yea,W000797
"WASSERMAN SCHULTZ, Debbie",20504,D,FL,House,118-H-692,Yea,W000797
"WASSERMAN SCHULTZ, Debbie",20504,D,FL,House,118-H-716,Yea,W000797
"WASSERMAN SCHULTZ, Debbie",20504,D,FL,House,118-H-746,Yea,W000797
"WASSERMAN SCHULTZ, Debbie",20504,D,FL,House,118-H-756,Yea,W000797
"WASSERMAN SCHULTZ, Debbie",20504,D,FL,House,118-H-762,Yea,W000797
"WASSERMAN SCHULTZ, Debbie",20504,D,FL,House,118-H-852,Yea,W000797
"WASSERMAN SCHULTZ, Debbie",20504,D,FL,House,118-H-859,Yea,W000797
"WASSERMAN SCHULTZ, Debbie",20504,D,FL,House,118-H-870,Yea,W000797
"WASSERMAN SCHULTZ, Debbie",20504,D,FL,House,118-H-890,Yea,W000797
"WASSERMAN SCHULTZ, Debbie",20504,D,FL,House,118-H-935,Nay,W000797
"WASSERMAN SCHULTZ, Debbie",20504,D,FL,House,119-H-128,Yea,W000797
"WASSERMAN SCHULTZ, Debbie",20504,D,FL,House,119-H-158,Yea,W000797
"WASSERMAN SCHULTZ, Debbie",20504,D,FL,House,119-H-526,Yea,W000797
"WASSERMAN SCHULTZ, Debbie",20504,D,FL,House,119-H-655,Yea,W000797
"WATERS, Maxine",29106,D,CA,House,116-H-107,Yea,W000187
"WATERS, Maxine",29106,D,CA,House,116-H-28,Yea,W000187
"WATERS, Maxine",29106,D,CA,House,116-H-496,Yea,W000187
"WATERS, Maxine",29106,D,CA,House,116-H-651,Yea,W000187
"WATERS, Maxine",29106,D,CA,House,117-H-274,Yea,W000187
"WATERS, Maxine",29106,D,CA,House,117-H-660,Yea,W000187
"WATERS, Maxine",29106,D,CA,House,118-H-1146,Nay,W000187
"WATERS, Maxine",29106,D,CA,House,118-H-1194,Yea,W000187
"WATERS, Maxine",29106,D,CA,House,118-H-193,Yea,W000187
"WATERS, Maxine",29106,D,CA,House,118-H-241,Yea,W000187
"WATERS, Maxine",29106,D,CA,House,118-H-337,Yea,W000187
"WATERS, Maxine",29106,D,CA,House,118-H-523,Yea,W000187
"WATERS, Maxine",29106,D,CA,House,118-H-556,Nay,W000187
"WATERS, Maxine",29106,D,CA,House,118-H-572,Nay,W000187
"WATERS, Maxine",29106,D,CA,House,118-H-573,Nay,W000187
"WATERS, Maxine",29106,D,CA,House,118-H-617,Nay,W000187
"WATERS, Maxine",29106,D,CA,House,118-H-671,Yea,W000187
"WATERS, Maxine",29106,D,CA,House,118-H-672,Yea,W000187
"WATERS, Maxine",29106,D,CA,House,118-H-692,Present,W000187
"WATERS, Maxine",29106,D,CA,House,118-H-716,Nay,W000187
"WATERS, Maxine",29106,D,CA,House,118-H-746,Yea,W000187
"WATERS, Maxine",29106,D,CA,House,118-H-756,Nay,W000187
"WATERS, Maxine",29106,D,CA,House,118-H-762,Yea,W000187
"WATERS, Maxine",29106,D,CA,House,118-H-852,Nay,W000187
"WATERS, Maxine",29106,D,CA,House,118-H-859,Yea,W000187
"WATERS, Maxine",29106,D,CA,House,118-H-870,Nay,W000187
"WATERS, Maxine",29106,D,CA,House,118-H-890,Nay,W000187
"WATERS, Maxine",29106,D,CA,House,118-H-935,Nay,W000187
"WATERS, Maxine",29106,D,CA,House,119-H-128,Yea,W000187
"WATERS, Maxine",29106,D,CA,House,119-H-158,Yea,W000187
"WATERS, Maxine",29106,D,CA,House,119-H-526,Yea,W000187
"WATERS, Maxine",29106,D,CA,House,119-H-655,Nay,W000187
"WATKINS, Steve",21982,R,KS,House,116-H-107,Yea,W000824
"WATKINS, Steve",21982,R,KS,House,116-H-28,Yea,W000824
"WATKINS, Steve",21982,R,KS,House,116-H-496,Yea,W000824
"WATKINS, Steve",21982,R,KS,House,116-H-651,Yea,W000824
"WATSON COLEMAN, Bonnie",21538,D,NJ,House,116-H-107,Yea,W000822
"WATSON COLEMAN, Bonnie",21538,D,NJ,House,116-H-28,Yea,W000822
"WATSON COLEMAN, Bonnie",21538,D,NJ,House,116-H-496,Nay,W000822
"WATSON COLEMAN, Bonnie",21538,D,NJ,House,116-H-651,Yea,W000822
"WATSON COLEMAN, Bonnie",21538,D,NJ,House,117-H-274,Yea,W000822
"WATSON COLEMAN, Bonnie",21538,D,NJ,House,117-H-660,Yea,W000822
"WATSON COLEMAN, Bonnie",21538,D,NJ,House,118-H-1146,Nay,W000822
"WATSON COLEMAN, Bonnie",21538,D,NJ,House,118-H-1194,Yea,W000822
"WATSON COLEMAN, Bonnie",21538,D,NJ,House,118-H-193,Not voting,W000822
"WATSON COLEMAN, Bonnie",21538,D,NJ,House,118-H-241,Yea,W000822
"WATSON COLEMAN, Bonnie",21538,D,NJ,House,118-H-337,Yea,W000822
"WATSON COLEMAN, Bonnie",21538,D,NJ,House,118-H-523,Yea,W000822
"WATSON COLEMAN, Bonnie",21538,D,NJ,House,118-H-556,Yea,W000822
"WATSON COLEMAN, Bonnie",21538,D,NJ,House,118-H-572,Nay,W000822
"WATSON COLEMAN, Bonnie",21538,D,NJ,House,118-H-573,Nay,W000822
"WATSON COLEMAN, Bonnie",21538,D,NJ,House,118-H-617,Nay,W000822
"WATSON COLEMAN, Bonnie",21538,D,NJ,House,118-H-671,Yea,W000822
"WATSON COLEMAN, Bonnie",21538,D,NJ,House,118-H-672,Yea,W000822
"WATSON COLEMAN, Bonnie",21538,D,NJ,House,118-H-692,Nay,W000822
"WATSON COLEMAN, Bonnie",21538,D,NJ,House,118-H-716,Nay,W000822
"WATSON COLEMAN, Bonnie",21538,D,NJ,House,118-H-746,Yea,W000822
"WATSON COLEMAN, Bonnie",21538,D,NJ,House,118-H-756,Nay,W000822
"WATSON COLEMAN, Bonnie",21538,D,NJ,House,118-H-762,Yea,W000822
"WATSON COLEMAN, Bonnie",21538,D,NJ,House,118-H-852,Nay,W000822
"WATSON COLEMAN, Bonnie",21538,D,NJ,House,118-H-859,Yea,W000822
"WATSON COLEMAN, Bonnie",21538,D,NJ,House,118-H-870,Nay,W000822
"WATSON COLEMAN, Bonnie",21538,D,NJ,House,118-H-890,Nay,W000822
"WATSON COLEMAN, Bonnie",21538,D,NJ,House,118-H-935,Nay,W000822
"WATSON COLEMAN, Bonnie",21538,D,NJ,House,119-H-128,Yea,W000822
"WATSON COLEMAN, Bonnie",21538,D,NJ,House,119-H-158,Yea,W000822
"WATSON COLEMAN, Bonnie",21538,D,NJ,House,119-H-526,Yea,W000822
"WATSON COLEMAN, Bonnie",21538,D,NJ,House,119-H-655,Nay,W000822
"WEBER, Randy",21360,R,TX,House,116-H-107,Yea,W000814
"WEBER, Randy",21360,R,TX,House,116-H-28,Yea,W000814
"WEBER, Randy",21360,R,TX,House,116-H-496,Yea,W000814
"WEBER, Randy",21360,R,TX,House,116-H-651,Nay,W000814
"WEBER, Randy",21360,R,TX,House,117-H-274,Yea,W000814
"WEBER, Randy",21360,R,TX,House,117-H-660,Yea,W000814
"WEBER, Randy",21360,R,TX,House,118-H-1146,Yea,W000814
"WEBER, Randy",21360,R,TX,House,118-H-1194,Yea,W000814
"WEBER, Randy",21360,R,TX,House,118-H-193,Yea,W000814
"WEBER, Randy",21360,R,TX,House,118-H-241,Yea,W000814
"WEBER, Randy",21360,R,TX,House,118-H-337,Yea,W000814
"WEBER, Randy",21360,R,TX,House,118-H-523,Yea,W000814
"WEBER, Randy",21360,R,TX,House,118-H-556,Yea,W000814
"WEBER, Randy",21360,R,TX,House,118-H-572,Yea,W000814
"WEBER, Randy",21360,R,TX,House,118-H-573,Yea,W000814
"WEBER, Randy",21360,R,TX,House,118-H-617,Yea,W000814
"WEBER, Randy",21360,R,TX,House,118-H-671,Not voting,W000814
"WEBER, Randy",21360,R,TX,House,118-H-672,Not voting,W000814
"WEBER, Randy",21360,R,TX,House,118-H-692,Yea,W000814
"WEBER, Randy",21360,R,TX,House,118-H-716,Yea,W000814
"WEBER, Randy",21360,R,TX,House,118-H-746,Yea,W000814
"WEBER, Randy",21360,R,TX,House,118-H-756,Yea,W000814
"WEBER, Randy",21360,R,TX,House,118-H-762,Yea,W000814
"WEBER, Randy",21360,R,TX,House,118-H-852,Yea,W000814
"WEBER, Randy",21360,R,TX,House,118-H-859,Yea,W000814
"WEBER, Randy",21360,R,TX,House,118-H-870,Yea,W000814
"WEBER, Randy",21360,R,TX,House,118-H-890,Yea,W000814
"WEBER, Randy",21360,R,TX,House,118-H-935,Yea,W000814
"WEBER, Randy",21360,R,TX,House,119-H-128,Yea,W000814
"WEBER, Randy",21360,R,TX,House,119-H-158,Yea,W000814
"WEBER, Randy",21360,R,TX,House,119-H-526,Yea,W000814
"WEBER, Randy",21360,R,TX,House,119-H-655,Yea,W000814
"WEBSTER, Daniel A.",21116,R,FL,House,116-H-107,Yea,W000806
"WEBSTER, Daniel A.",21116,R,FL,House,116-H-28,Yea,W000806
"WEBSTER, Daniel A.",21116,R,FL,House,116-H-496,Yea,W000806
"WEBSTER, Daniel A.",21116,R,FL,House,116-H-651,Nay,W000806
"WEBSTER, Daniel A.",21116,R,FL,House,117-H-274,Yea,W000806
"WEBSTER, Daniel A.",21116,R,FL,House,117-H-660,Yea,W000806
"WEBSTER, Daniel A.",21116,R,FL,House,118-H-1146,Yea,W000806
"WEBSTER, Daniel A.",21116,R,FL,House,118-H-1194,Yea,W000806
"WEBSTER, Daniel A.",21116,R,FL,House,118-H-193,Yea,W000806
"WEBSTER, Daniel A.",21116,R,FL,House,118-H-241,Yea,W000806
"WEBSTER, Daniel A.",21116,R,FL,House,118-H-337,Yea,W000806
"WEBSTER, Daniel A.",21116,R,FL,House,118-H-523,Yea,W000806
"WEBSTER, Daniel A.",21116,R,FL,House,118-H-556,Yea,W000806
"WEBSTER, Daniel A.",21116,R,FL,House,118-H-572,Yea,W000806
"WEBSTER, Daniel A.",21116,R,FL,House,118-H-573,Yea,W000806
"WEBSTER, Daniel A.",21116,R,FL,House,118-H-617,Not voting,W000806
"WEBSTER, Daniel A.",21116,R,FL,House,118-H-671,Yea,W000806
"WEBSTER, Daniel A.",21116,R,FL,House,118-H-672,Yea,W000806
"WEBSTER, Daniel A.",21116,R,FL,House,118-H-692,Yea,W000806
"WEBSTER, Daniel A.",21116,R,FL,House,118-H-716,Yea,W000806
"WEBSTER, Daniel A.",21116,R,FL,House,118-H-746,Yea,W000806
"WEBSTER, Daniel A.",21116,R,FL,House,118-H-756,Yea,W000806
"WEBSTER, Daniel A.",21116,R,FL,House,118-H-762,Yea,W000806
"WEBSTER, Daniel A.",21116,R,FL,House,118-H-852,Yea,W000806
"WEBSTER, Daniel A.",21116,R,FL,House,118-H-859,Yea,W000806
"WEBSTER, Daniel A.",21116,R,FL,House,118-H-870,Yea,W000806
"WEBSTER, Daniel A.",21116,R,FL,House,118-H-890,Yea,W000806
"WEBSTER, Daniel A.",21116,R,FL,House,118-H-935,Yea,W000806
"WEBSTER, Daniel A.",21116,R,FL,House,119-H-128,Yea,W000806
"WEBSTER, Daniel A.",21116,R,FL,House,119-H-158,Yea,W000806
"WEBSTER, Daniel A.",21116,R,FL,House,119-H-526,Yea,W000806
"WEBSTER, Daniel A.",21116,R,FL,House,119-H-655,Yea,W000806
"WELCH, Peter",20750,D,VT,House,116-H-107,Yea,W000800
"WELCH, Peter",20750,D,VT,House,116-H-28,Yea,W000800
"WELCH, Peter",20750,D,VT,House,116-H-496,Yea,W000800
"WELCH, Peter",20750,D,VT,House,116-H-651,Yea,W000800
"WELCH, Peter",20750,D,VT,House,117-H-274,Yea,W000800
"WELCH, Peter",20750,D,VT,House,117-H-660,Yea,W000800
"WELCH, Peter",20750,D,VT,Senate,118-S-261,Yea,W000800
"WENSTRUP, Brad",21351,R,OH,House,116-H-107,Yea,W000815
"WENSTRUP, Brad",21351,R,OH,House,116-H-28,Yea,W000815
"WENSTRUP, Brad",21351,R,OH,House,116-H-496,Yea,W000815
"WENSTRUP, Brad",21351,R,OH,House,116-H-651,Nay,W000815
"WENSTRUP, Brad",21351,R,OH,House,117-H-274,Yea,W000815
"WENSTRUP, Brad",21351,R,OH,House,117-H-660,Yea,W000815
"WENSTRUP, Brad",21351,R,OH,House,118-H-1146,Yea,W000815
"WENSTRUP, Brad",21351,R,OH,House,118-H-1194,Yea,W000815
"WENSTRUP, Brad",21351,R,OH,House,118-H-193,Yea,W000815
"WENSTRUP, Brad",21351,R,OH,House,118-H-241,Yea,W000815
"WENSTRUP, Brad",21351,R,OH,House,118-H-337,Yea,W000815
"WENSTRUP, Brad",21351,R,OH,House,118-H-523,Yea,W000815
"WENSTRUP, Brad",21351,R,OH,House,118-H-556,Yea,W000815
"WENSTRUP, Brad",21351,R,OH,House,118-H-572,Yea,W000815
"WENSTRUP, Brad",21351,R,OH,House,118-H-573,Yea,W000815
"WENSTRUP, Brad",21351,R,OH,House,118-H-617,Yea,W000815
"WENSTRUP, Brad",21351,R,OH,House,118-H-671,Yea,W000815
"WENSTRUP, Brad",21351,R,OH,House,118-H-672,Yea,W000815
"WENSTRUP, Brad",21351,R,OH,House,118-H-692,Yea,W000815
"WENSTRUP, Brad",21351,R,OH,House,118-H-716,Yea,W000815
"WENSTRUP, Brad",21351,R,OH,House,118-H-746,Yea,W000815
"WENSTRUP, Brad",21351,R,OH,House,118-H-756,Yea,W000815
"WENSTRUP, Brad",21351,R,OH,House,118-H-762,Yea,W000815
"WENSTRUP, Brad",21351,R,OH,House,118-H-852,Yea,W000815
"WENSTRUP, Brad",21351,R,OH,House,118-H-859,Yea,W000815
"WENSTRUP, Brad",21351,R,OH,House,118-H-870,Yea,W000815
"WENSTRUP, Brad",21351,R,OH,House,118-H-890,Yea,W000815
"WENSTRUP, Brad",21351,R,OH,House,118-H-935,Yea,W000815
"WESTERMAN, Bruce",21563,R,AR,House,116-H-107,Yea,W000821
"WESTERMAN, Bruce",21563,R,AR,House,116-H-28,Yea,W000821
"WESTERMAN, Bruce",21563,R,AR,House,116-H-496,Yea,W000821
"WESTERMAN, Bruce",21563,R,AR,House,116-H-651,Nay,W000821
"WESTERMAN, Bruce",21563,R,AR,House,117-H-274,Yea,W000821
"WESTERMAN, Bruce",21563,R,AR,House,117-H-660,Yea,W000821
"WESTERMAN, Bruce",21563,R,AR,House,118-H-1146,Yea,W000821
"WESTERMAN, Bruce",21563,R,AR,House,118-H-1194,Yea,W000821
"WESTERMAN, Bruce",21563,R,AR,House,118-H-193,Yea,W000821
"WESTERMAN, Bruce",21563,R,AR,House,118-H-241,Yea,W000821
"WESTERMAN, Bruce",21563,R,AR,House,118-H-337,Yea,W000821
"WESTERMAN, Bruce",21563,R,AR,House,118-H-523,Yea,W000821
"WESTERMAN, Bruce",21563,R,AR,House,118-H-556,Yea,W000821
"WESTERMAN, Bruce",21563,R,AR,House,118-H-572,Yea,W000821
"WESTERMAN, Bruce",21563,R,AR,House,118-H-573,Yea,W000821
"WESTERMAN, Bruce",21563,R,AR,House,118-H-617,Yea,W000821
"WESTERMAN, Bruce",21563,R,AR,House,118-H-671,Yea,W000821
"WESTERMAN, Bruce",21563,R,AR,House,118-H-672,Yea,W000821
"WESTERMAN, Bruce",21563,R,AR,House,118-H-692,Yea,W000821
"WESTERMAN, Bruce",21563,R,AR,House,118-H-716,Yea,W000821
"WESTERMAN, Bruce",21563,R,AR,House,118-H-746,Yea,W000821
"WESTERMAN, Bruce",21563,R,AR,House,118-H-756,Yea,W000821
"WESTERMAN, Bruce",21563,R,AR,House,118-H-762,Yea,W000821
"WESTERMAN, Bruce",21563,R,AR,House,118-H-852,Yea,W000821
"WESTERMAN, Bruce",21563,R,AR,House,118-H-859,Yea,W000821
"WESTERMAN, Bruce",21563,R,AR,House,118-H-870,Yea,W000821
"WESTERMAN, Bruce",21563,R,AR,House,118-H-890,Yea,W000821
"WESTERMAN, Bruce",21563,R,AR,House,118-H-935,Yea,W000821
"WESTERMAN, Bruce",21563,R,AR,House,119-H-128,Yea,W000821
"WESTERMAN, Bruce",21563,R,AR,House,119-H-158,Yea,W000821
"WESTERMAN, Bruce",21563,R,AR,House,119-H-526,Yea,W000821
"WESTERMAN, Bruce",21563,R,AR,House,119-H-655,Yea,W000821
"WEXTON, Jennifer",21983,D,VA,House,116-H-107,Yea,W000825
"WEXTON, Jennifer",21983,D,VA,House,116-H-28,Yea,W000825
"WEXTON, Jennifer",21983,D,VA,House,116-H-496,Yea,W000825
"WEXTON, Jennifer",21983,D,VA,House,116-H-651,Yea,W000825
"WEXTON, Jennifer",21983,D,VA,House,117-H-274,Yea,W000825
"WEXTON, Jennifer",21983,D,VA,House,117-H-660,Yea,W000825
"WEXTON, Jennifer",21983,D,VA,House,118-H-1146,Nay,W000825
"WEXTON, Jennifer",21983,D,VA,House,118-H-1194,Not voting,W000825
"WEXTON, Jennifer",21983,D,VA,House,118-H-193,Yea,W000825
"WEXTON, Jennifer",21983,D,VA,House,118-H-241,Yea,W000825
"WEXTON, Jennifer",21983,D,VA,House,118-H-337,Yea,W000825
"WEXTON, Jennifer",21983,D,VA,House,118-H-523,Yea,W000825
"WEXTON, Jennifer",21983,D,VA,House,118-H-556,Not voting,W000825
"WEXTON, Jennifer",21983,D,VA,House,118-H-572,Not voting,W000825
"WEXTON, Jennifer",21983,D,VA,House,118-H-573,Not voting,W000825
"WEXTON, Jennifer",21983,D,VA,House,118-H-617,Nay,W000825
"WEXTON, Jennifer",21983,D,VA,House,118-H-671,Yea,W000825
"WEXTON, Jennifer",21983,D,VA,House,118-H-672,Yea,W000825
"WEXTON, Jennifer",21983,D,VA,House,118-H-692,Not voting,W000825
"WEXTON, Jennifer",21983,D,VA,House,118-H-716,Nay,W000825
"WEXTON, Jennifer",21983,D,VA,House,118-H-746,Not voting,W000825
"WEXTON, Jennifer",21983,D,VA,House,118-H-756,Nay,W000825
"WEXTON, Jennifer",21983,D,VA,House,118-H-762,Yea,W000825
"WEXTON, Jennifer",21983,D,VA,House,118-H-852,Yea,W000825
"WEXTON, Jennifer",21983,D,VA,House,118-H-859,Yea,W000825
"WEXTON, Jennifer",21983,D,VA,House,118-H-870,Yea,W000825
"WEXTON, Jennifer",21983,D,VA,House,118-H-890,Nay,W000825
"WEXTON, Jennifer",21983,D,VA,House,118-H-935,Not voting,W000825
"WHITESIDES, George",22559,D,CA,House,119-H-128,Yea,W000830
"WHITESIDES, George",22559,D,CA,House,119-H-158,Yea,W000830
"WHITESIDES, George",22559,D,CA,House,119-H-526,Yea,W000830
"WHITESIDES, George",22559,D,CA,House,119-H-655,Nay,W000830
"WIED, Tony",22383,R,WI,House,118-H-1194,Yea,W000829
"WIED, Tony",22383,R,WI,House,119-H-128,Yea,W000829
"WIED, Tony",22383,R,WI,House,119-H-158,Yea,W000829
"WIED, Tony",22383,R,WI,House,119-H-526,Yea,W000829
"WIED, Tony",22383,R,WI,House,119-H-655,Yea,W000829
"WILD, Susan",21763,D,PA,House,116-H-107,Yea,W000826
"WILD, Susan",21763,D,PA,House,116-H-28,Yea,W000826
"WILD, Susan",21763,D,PA,House,116-H-496,Yea,W000826
"WILD, Susan",21763,D,PA,House,116-H-651,Yea,W000826
"WILD, Susan",21763,D,PA,House,117-H-274,Yea,W000826
"WILD, Susan",21763,D,PA,House,117-H-660,Yea,W000826
"WILD, Susan",21763,D,PA,House,118-H-1146,Nay,W000826
"WILD, Susan",21763,D,PA,House,118-H-1194,Yea,W000826
"WILD, Susan",21763,D,PA,House,118-H-193,Yea,W000826
"WILD, Susan",21763,D,PA,House,118-H-241,Yea,W000826
"WILD, Susan",21763,D,PA,House,118-H-337,Yea,W000826
"WILD, Susan",21763,D,PA,House,118-H-523,Yea,W000826
"WILD, Susan",21763,D,PA,House,118-H-556,Yea,W000826
"WILD, Susan",21763,D,PA,House,118-H-572,Nay,W000826
"WILD, Susan",21763,D,PA,House,118-H-573,Yea,W000826
"WILD, Susan",21763,D,PA,House,118-H-617,Present,W000826
"WILD, Susan",21763,D,PA,House,118-H-671,Yea,W000826
"WILD, Susan",21763,D,PA,House,118-H-672,Yea,W000826
"WILD, Susan",21763,D,PA,House,118-H-692,Present,W000826
"WILD, Susan",21763,D,PA,House,118-H-716,Yea,W000826
"WILD, Susan",21763,D,PA,House,118-H-746,Yea,W000826
"WILD, Susan",21763,D,PA,House,118-H-756,Nay,W000826
"WILD, Susan",21763,D,PA,House,118-H-762,Yea,W000826
"WILD, Susan",21763,D,PA,House,118-H-852,Yea,W000826
"WILD, Susan",21763,D,PA,House,118-H-859,Yea,W000826
"WILD, Susan",21763,D,PA,House,118-H-870,Yea,W000826
"WILD, Susan",21763,D,PA,House,118-H-890,Yea,W000826
"WILD, Susan",21763,D,PA,House,118-H-935,Nay,W000826
"WILLIAMS, Brandon",22372,R,NY,House,118-H-1146,Yea,W000828
"WILLIAMS, Brandon",22372,R,NY,House,118-H-1194,Yea,W000828
"WILLIAMS, Brandon",22372,R,NY,House,118-H-193,Yea,W000828
"WILLIAMS, Brandon",22372,R,NY,House,118-H-241,Yea,W000828
"WILLIAMS, Brandon",22372,R,NY,House,118-H-337,Yea,W000828
"WILLIAMS, Brandon",22372,R,NY,House,118-H-523,Yea,W000828
"WILLIAMS, Brandon",22372,R,NY,House,118-H-556,Yea,W000828
"WILLIAMS, Brandon",22372,R,NY,House,118-H-572,Yea,W000828
"WILLIAMS, Brandon",22372,R,NY,House,118-H-573,Yea,W000828
"WILLIAMS, Brandon",22372,R,NY,House,118-H-617,Yea,W000828
"WILLIAMS, Brandon",22372,R,NY,House,118-H-671,Yea,W000828
"WILLIAMS, Brandon",22372,R,NY,House,118-H-672,Yea,W000828
"WILLIAMS, Brandon",22372,R,NY,House,118-H-692,Yea,W000828
"WILLIAMS, Brandon",22372,R,NY,House,118-H-716,Yea,W000828
"WILLIAMS, Brandon",22372,R,NY,House,118-H-746,Yea,W000828
"WILLIAMS, Brandon",22372,R,NY,House,118-H-756,Yea,W000828
"WILLIAMS, Brandon",22372,R,NY,House,118-H-762,Yea,W000828
"WILLIAMS, Brandon",22372,R,NY,House,118-H-852,Yea,W000828
"WILLIAMS, Brandon",22372,R,NY,House,118-H-859,Yea,W000828
"WILLIAMS, Brandon",22372,R,NY,House,118-H-870,Not voting,W000828
"WILLIAMS, Brandon",22372,R,NY,House,118-H-890,Yea,W000828
"WILLIAMS, Brandon",22372,R,NY,House,118-H-935,Yea,W000828
"WILLIAMS, Nikema",22156,D,GA,House,117-H-274,Yea,W000788
"WILLIAMS, Nikema",22156,D,GA,House,117-H-660,Yea,W000788
"WILLIAMS, Nikema",22156,D,GA,House,118-H-1146,Nay,W000788
"WILLIAMS, Nikema",22156,D,GA,House,118-H-1194,Yea,W000788
"WILLIAMS, Nikema",22156,D,GA,House,118-H-193,Yea,W000788
"WILLIAMS, Nikema",22156,D,GA,House,118-H-241,Yea,W000788
"WILLIAMS, Nikema",22156,D,GA,House,118-H-337,Yea,W000788
"WILLIAMS, Nikema",22156,D,GA,House,118-H-523,Yea,W000788
"WILLIAMS, Nikema",22156,D,GA,House,118-H-556,Yea,W000788
"WILLIAMS, Nikema",22156,D,GA,House,118-H-572,Nay,W000788
"WILLIAMS, Nikema",22156,D,GA,House,118-H-573,Yea,W000788
"WILLIAMS, Nikema",22156,D,GA,House,118-H-617,Nay,W000788
"WILLIAMS, Nikema",22156,D,GA,House,118-H-671,Yea,W000788
"WILLIAMS, Nikema",22156,D,GA,House,118-H-672,Yea,W000788
"WILLIAMS, Nikema",22156,D,GA,House,118-H-692,Present,W000788
"WILLIAMS, Nikema",22156,D,GA,House,118-H-716,Nay,W000788
"WILLIAMS, Nikema",22156,D,GA,House,118-H-746,Yea,W000788
"WILLIAMS, Nikema",22156,D,GA,House,118-H-756,Nay,W000788
"WILLIAMS, Nikema",22156,D,GA,House,118-H-762,Yea,W000788
"WILLIAMS, Nikema",22156,D,GA,House,118-H-852,Yea,W000788
"WILLIAMS, Nikema",22156,D,GA,House,118-H-859,Yea,W000788
"WILLIAMS, Nikema",22156,D,GA,House,118-H-870,Yea,W000788
"WILLIAMS, Nikema",22156,D,GA,House,118-H-890,Nay,W000788
"WILLIAMS, Nikema",22156,D,GA,House,118-H-935,Nay,W000788
"WILLIAMS, Nikema",22156,D,GA,House,119-H-128,Yea,W000788
"WILLIAMS, Nikema",22156,D,GA,House,119-H-158,Yea,W000788
"WILLIAMS, Nikema",22156,D,GA,House,119-H-526,Yea,W000788
"WILLIAMS, Nikema",22156,D,GA,House,119-H-655,Nay,W000788
"WILLIAMS, Roger",21364,R,TX,House,116-H-107,Yea,W000816
"WILLIAMS, Roger",21364,R,TX,House,116-H-28,Yea,W000816
"WILLIAMS, Roger",21364,R,TX,House,116-H-496,Yea,W000816
"WILLIAMS, Roger",21364,R,TX,House,116-H-651,Nay,W000816
"WILLIAMS, Roger",21364,R,TX,House,117-H-274,Yea,W000816
"WILLIAMS, Roger",21364,R,TX,House,117-H-660,Yea,W000816
"WILLIAMS, Roger",21364,R,TX,House,118-H-1146,Yea,W000816
"WILLIAMS, Roger",21364,R,TX,House,118-H-1194,Yea,W000816
"WILLIAMS, Roger",21364,R,TX,House,118-H-193,Not voting,W000816
"WILLIAMS, Roger",21364,R,TX,House,118-H-241,Yea,W000816
"WILLIAMS, Roger",21364,R,TX,House,118-H-337,Yea,W000816
"WILLIAMS, Roger",21364,R,TX,House,118-H-523,Yea,W000816
"WILLIAMS, Roger",21364,R,TX,House,118-H-556,Yea,W000816
"WILLIAMS, Roger",21364,R,TX,House,118-H-572,Yea,W000816
"WILLIAMS, Roger",21364,R,TX,House,118-H-573,Yea,W000816
"WILLIAMS, Roger",21364,R,TX,House,118-H-617,Yea,W000816
"WILLIAMS, Roger",21364,R,TX,House,118-H-671,Yea,W000816
"WILLIAMS, Roger",21364,R,TX,House,118-H-672,Yea,W000816
"WILLIAMS, Roger",21364,R,TX,House,118-H-692,Yea,W000816
"WILLIAMS, Roger",21364,R,TX,House,118-H-716,Yea,W000816
"WILLIAMS, Roger",21364,R,TX,House,118-H-746,Yea,W000816
"WILLIAMS, Roger",21364,R,TX,House,118-H-756,Yea,W000816
"WILLIAMS, Roger",21364,R,TX,House,118-H-762,Not voting,W000816
"WILLIAMS, Roger",21364,R,TX,House,118-H-852,Yea,W000816
"WILLIAMS, Roger",21364,R,TX,House,118-H-859,Yea,W000816
"WILLIAMS, Roger",21364,R,TX,House,118-H-870,Yea,W000816
"WILLIAMS, Roger",21364,R,TX,House,118-H-890,Yea,W000816
"WILLIAMS, Roger",21364,R,TX,House,118-H-935,Yea,W000816
"WILLIAMS, Roger",21364,R,TX,House,119-H-128,Yea,W000816
"WILLIAMS, Roger",21364,R,TX,House,119-H-158,Yea,W000816
"WILLIAMS, Roger",21364,R,TX,House,119-H-526,Yea,W000816
"WILLIAMS, Roger",21364,R,TX,House,119-H-655,Yea,W000816
"WILSON, Frederica",21118,D,FL,House,116-H-107,Yea,W000808
"WILSON, Frederica",21118,D,FL,House,116-H-28,Yea,W000808
"WILSON, Frederica",21118,D,FL,House,116-H-496,Not voting,W000808
"WILSON, Frederica",21118,D,FL,House,116-H-651,Yea,W000808
"WILSON, Frederica",21118,D,FL,House,117-H-274,Yea,W000808
"WILSON, Frederica",21118,D,FL,House,117-H-660,Yea,W000808
"WILSON, Frederica",21118,D,FL,House,118-H-1146,Nay,W000808
"WILSON, Frederica",21118,D,FL,House,118-H-1194,Yea,W000808
"WILSON, Frederica",21118,D,FL,House,118-H-193,Yea,W000808
"WILSON, Frederica",21118,D,FL,House,118-H-241,Yea,W000808
"WILSON, Frederica",21118,D,FL,House,118-H-337,Yea,W000808
"WILSON, Frederica",21118,D,FL,House,118-H-523,Yea,W000808
"WILSON, Frederica",21118,D,FL,House,118-H-556,Nay,W000808
"WILSON, Frederica",21118,D,FL,House,118-H-572,Yea,W000808
"WILSON, Frederica",21118,D,FL,House,118-H-573,Yea,W000808
"WILSON, Frederica",21118,D,FL,House,118-H-617,Yea,W000808
"WILSON, Frederica",21118,D,FL,House,118-H-671,Yea,W000808
"WILSON, Frederica",21118,D,FL,House,118-H-672,Yea,W000808
"WILSON, Frederica",21118,D,FL,House,118-H-692,Yea,W000808
"WILSON, Frederica",21118,D,FL,House,118-H-716,Nay,W000808
"WILSON, Frederica",21118,D,FL,House,118-H-746,Yea,W000808
"WILSON, Frederica",21118,D,FL,House,118-H-756,Yea,W000808
"WILSON, Frederica",21118,D,FL,House,118-H-762,Yea,W000808
"WILSON, Frederica",21118,D,FL,House,118-H-852,Not voting,W000808
"WILSON, Frederica",21118,D,FL,House,118-H-859,Yea,W000808
"WILSON, Frederica",21118,D,FL,House,118-H-870,Yea,W000808
"WILSON, Frederica",21118,D,FL,House,118-H-890,Yea,W000808
"WILSON, Frederica",21118,D,FL,House,118-H-935,Not voting,W000808
"WILSON, Frederica",21118,D,FL,House,119-H-128,Yea,W000808
"WILSON, Frederica",21118,D,FL,House,119-H-158,Yea,W000808
"WILSON, Frederica",21118,D,FL,House,119-H-526,Not voting,W000808
"WILSON, Frederica",21118,D,FL,House,119-H-655,Nay,W000808
"WILSON, Joe",20138,R,SC,House,116-H-107,Yea,W000795
"WILSON, Joe",20138,R,SC,House,116-H-28,Yea,W000795
"WILSON, Joe",20138,R,SC,House,116-H-496,Yea,W000795
"WILSON, Joe",20138,R,SC,House,116-H-651,Nay,W000795
"WILSON, Joe",20138,R,SC,House,117-H-274,Yea,W000795
"WILSON, Joe",20138,R,SC,House,117-H-660,Yea,W000795
"WILSON, Joe",20138,R,SC,House,118-H-1146,Yea,W000795
"WILSON, Joe",20138,R,SC,House,118-H-1194,Yea,W000795
"WILSON, Joe",20138,R,SC,House,118-H-193,Yea,W000795
"WILSON, Joe",20138,R,SC,House,118-H-241,Yea,W000795
"WILSON, Joe",20138,R,SC,House,118-H-337,Yea,W000795
"WILSON, Joe",20138,R,SC,House,118-H-523,Yea,W000795
"WILSON, Joe",20138,R,SC,House,118-H-556,Yea,W000795
"WILSON, Joe",20138,R,SC,House,118-H-572,Yea,W000795
"WILSON, Joe",20138,R,SC,House,118-H-573,Yea,W000795
"WILSON, Joe",20138,R,SC,House,118-H-617,Yea,W000795
"WILSON, Joe",20138,R,SC,House,118-H-671,Yea,W000795
"WILSON, Joe",20138,R,SC,House,118-H-672,Yea,W000795
"WILSON, Joe",20138,R,SC,House,118-H-692,Yea,W000795
"WILSON, Joe",20138,R,SC,House,118-H-716,Yea,W000795
"WILSON, Joe",20138,R,SC,House,118-H-746,Yea,W000795
"WILSON, Joe",20138,R,SC,House,118-H-756,Yea,W000795
"WILSON, Joe",20138,R,SC,House,118-H-762,Yea,W000795
"WILSON, Joe",20138,R,SC,House,118-H-852,Yea,W000795
"WILSON, Joe",20138,R,SC,House,118-H-859,Yea,W000795
"WILSON, Joe",20138,R,SC,House,118-H-870,Yea,W000795
"WILSON, Joe",20138,R,SC,House,118-H-890,Yea,W000795
"WILSON, Joe",20138,R,SC,House,118-H-935,Yea,W000795
"WILSON, Joe",20138,R,SC,House,119-H-128,Yea,W000795
"WILSON, Joe",20138,R,SC,House,119-H-158,Yea,W000795
"WILSON, Joe",20138,R,SC,House,119-H-526,Yea,W000795
"WILSON, Joe",20138,R,SC,House,119-H-655,Not voting,W000795
"WITTMAN, Robert J.",20756,R,VA,House,116-H-107,Yea,W000804
"WITTMAN, Robert J.",20756,R,VA,House,116-H-28,Yea,W000804
"WITTMAN, Robert J.",20756,R,VA,House,116-H-496,Yea,W000804
"WITTMAN, Robert J.",20756,R,VA,House,116-H-651,Nay,W000804
"WITTMAN, Robert J.",20756,R,VA,House,117-H-274,Yea,W000804
"WITTMAN, Robert J.",20756,R,VA,House,117-H-660,Yea,W000804
"WITTMAN, Robert J.",20756,R,VA,House,118-H-1146,Yea,W000804
"WITTMAN, Robert J.",20756,R,VA,House,118-H-1194,Yea,W000804
"WITTMAN, Robert J.",20756,R,VA,House,118-H-193,Yea,W000804
"WITTMAN, Robert J.",20756,R,VA,House,118-H-241,Yea,W000804
"WITTMAN, Robert J.",20756,R,VA,House,118-H-337,Yea,W000804
"WITTMAN, Robert J.",20756,R,VA,House,118-H-523,Yea,W000804
"WITTMAN, Robert J.",20756,R,VA,House,118-H-556,Yea,W000804
"WITTMAN, Robert J.",20756,R,VA,House,118-H-572,Yea,W000804
"WITTMAN, Robert J.",20756,R,VA,House,118-H-573,Yea,W000804
"WITTMAN, Robert J.",20756,R,VA,House,118-H-617,Yea,W000804
"WITTMAN, Robert J.",20756,R,VA,House,118-H-671,Yea,W000804
"WITTMAN, Robert J.",20756,R,VA,House,118-H-672,Yea,W000804
"WITTMAN, Robert J.",20756,R,VA,House,118-H-692,Yea,W000804
"WITTMAN, Robert J.",20756,R,VA,House,118-H-716,Yea,W000804
"WITTMAN, Robert J.",20756,R,VA,House,118-H-746,Yea,W000804
"WITTMAN, Robert J.",20756,R,VA,House,118-H-756,Yea,W000804
"WITTMAN, Robert J.",20756,R,VA,House,118-H-762,Yea,W000804
"WITTMAN, Robert J.",20756,R,VA,House,118-H-852,Yea,W000804
"WITTMAN, Robert J.",20756,R,VA,House,118-H-859,Yea,W000804
"WITTMAN, Robert J.",20756,R,VA,House,118-H-870,Yea,W000804
"WITTMAN, Robert J.",20756,R,VA,House,118-H-890,Yea,W000804
"WITTMAN, Robert J.",20756,R,VA,House,118-H-935,Yea,W000804
"WITTMAN, Robert J.",20756,R,VA,House,119-H-128,Not voting,W000804
"WITTMAN, Robert J.",20756,R,VA,House,119-H-158,Yea,W000804
"WITTMAN, Robert J.",20756,R,VA,House,119-H-526,Yea,W000804
"WITTMAN, Robert J.",20756,R,VA,House,119-H-655,Yea,W000804
"WOMACK, Steve",21108,R,AR,House,116-H-107,Yea,W000809
"WOMACK, Steve",21108,R,AR,House,116-H-28,Yea,W000809
"WOMACK, Steve",21108,R,AR,House,116-H-496,Yea,W000809
"WOMACK, Steve",21108,R,AR,House,116-H-651,Nay,W000809
"WOMACK, Steve",21108,R,AR,House,117-H-274,Yea,W000809
"WOMACK, Steve",21108,R,AR,House,117-H-660,Yea,W000809
"WOMACK, Steve",21108,R,AR,House,118-H-1146,Yea,W000809
"WOMACK, Steve",21108,R,AR,House,118-H-1194,Yea,W000809
"WOMACK, Steve",21108,R,AR,House,118-H-193,Yea,W000809
"WOMACK, Steve",21108,R,AR,House,118-H-241,Yea,W000809
"WOMACK, Steve",21108,R,AR,House,118-H-337,Yea,W000809
"WOMACK, Steve",21108,R,AR,House,118-H-523,Yea,W000809
"WOMACK, Steve",21108,R,AR,House,118-H-556,Yea,W000809
"WOMACK, Steve",21108,R,AR,House,118-H-572,Yea,W000809
"WOMACK, Steve",21108,R,AR,House,118-H-573,Yea,W000809
"WOMACK, Steve",21108,R,AR,House,118-H-617,Yea,W000809
"WOMACK, Steve",21108,R,AR,House,118-H-671,Yea,W000809
"WOMACK, Steve",21108,R,AR,House,118-H-672,Yea,W000809
"WOMACK, Steve",21108,R,AR,House,118-H-692,Yea,W000809
"WOMACK, Steve",21108,R,AR,House,118-H-716,Yea,W000809
"WOMACK, Steve",21108,R,AR,House,118-H-746,Yea,W000809
"WOMACK, Steve",21108,R,AR,House,118-H-756,Yea,W000809
"WOMACK, Steve",21108,R,AR,House,118-H-762,Yea,W000809
"WOMACK, Steve",21108,R,AR,House,118-H-852,Yea,W000809
"WOMACK, Steve",21108,R,AR,House,118-H-859,Yea,W000809
"WOMACK, Steve",21108,R,AR,House,118-H-870,Yea,W000809
"WOMACK, Steve",21108,R,AR,House,118-H-890,Yea,W000809
"WOMACK, Steve",21108,R,AR,House,118-H-935,Yea,W000809
"WOMACK, Steve",21108,R,AR,House,119-H-128,Yea,W000809
"WOMACK, Steve",21108,R,AR,House,119-H-158,Yea,W000809
"WOMACK, Steve",21108,R,AR,House,119-H-526,Yea,W000809
"WOMACK, Steve",21108,R,AR,House,119-H-655,Yea,W000809
"WOODALL, Rob",21122,R,GA,House,116-H-107,Yea,W000810
"WOODALL, Rob",21122,R,GA,House,116-H-28,Yea,W000810
"WOODALL, Rob",21122,R,GA,House,116-H-496,Yea,W000810
"WOODALL, Rob",21122,R,GA,House,116-H-651,Nay,W000810
"WRIGHT, Ron",21984,R,TX,House,116-H-107,Yea,W000827
"WRIGHT, Ron",21984,R,TX,House,116-H-28,Yea,W000827
"WRIGHT, Ron",21984,R,TX,House,116-H-496,Yea,W000827
"WRIGHT, Ron",21984,R,TX,House,116-H-651,Nay,W000827
"YAKYM, Rudy, III",22171,R,IN,House,118-H-1146,Yea,Y000067
"YAKYM, Rudy, III",22171,R,IN,House,118-H-1194,Yea,Y000067
"YAKYM, Rudy, III",22171,R,IN,House,118-H-193,Yea,Y000067
"YAKYM, Rudy, III",22171,R,IN,House,118-H-241,Yea,Y000067
"YAKYM, Rudy, III",22171,R,IN,House,118-H-337,Yea,Y000067
"YAKYM, Rudy, III",22171,R,IN,House,118-H-523,Yea,Y000067
"YAKYM, Rudy, III",22171,R,IN,House,118-H-556,Yea,Y000067
"YAKYM, Rudy, III",22171,R,IN,House,118-H-572,Yea,Y000067
"YAKYM, Rudy, III",22171,R,IN,House,118-H-573,Yea,Y000067
"YAKYM, Rudy, III",22171,R,IN,House,118-H-617,Yea,Y000067
"YAKYM, Rudy, III",22171,R,IN,House,118-H-671,Yea,Y000067
"YAKYM, Rudy, III",22171,R,IN,House,118-H-672,Yea,Y000067
"YAKYM, Rudy, III",22171,R,IN,House,118-H-692,Yea,Y000067
"YAKYM, Rudy, III",22171,R,IN,House,118-H-716,Yea,Y000067
"YAKYM, Rudy, III",22171,R,IN,House,118-H-746,Yea,Y000067
"YAKYM, Rudy, III",22171,R,IN,House,118-H-756,Yea,Y000067
"YAKYM, Rudy, III",22171,R,IN,House,118-H-762,Yea,Y000067
"YAKYM, Rudy, III",22171,R,IN,House,118-H-852,Yea,Y000067
"YAKYM, Rudy, III",22171,R,IN,House,118-H-859,Yea,Y000067
"YAKYM, Rudy, III",22171,R,IN,House,118-H-870,Yea,Y000067
"YAKYM, Rudy, III",22171,R,IN,House,118-H-890,Yea,Y000067
"YAKYM, Rudy, III",22171,R,IN,House,118-H-935,Yea,Y000067
"YAKYM, Rudy, III",22171,R,IN,House,119-H-128,Yea,Y000067
"YAKYM, Rudy, III",22171,R,IN,House,119-H-158,Yea,Y000067
"YAKYM, Rudy, III",22171,R,IN,House,119-H-526,Yea,Y000067
"YAKYM, Rudy, III",22171,R,IN,House,119-H-655,Yea,Y000067
"YARMUTH, John",20723,D,KY,House,116-H-107,Yea,Y000062
"YARMUTH, John",20723,D,KY,House,116-H-28,Yea,Y000062
"YARMUTH, John",20723,D,KY,House,116-H-496,Yea,Y000062
"YARMUTH, John",20723,D,KY,House,116-H-651,Yea,Y000062
"YARMUTH, John",20723,D,KY,House,117-H-274,Yea,Y000062
"YARMUTH, John",20723,D,KY,House,117-H-660,Yea,Y000062
"YOHO, Ted",21317,R,FL,House,116-H-107,Nay,Y000065
"YOHO, Ted",21317,R,FL,House,116-H-28,Yea,Y000065
"YOHO, Ted",21317,R,FL,House,116-H-496,Yea,Y000065
"YOHO, Ted",21317,R,FL,House,116-H-651,Nay,Y000065
"YOUNG, Donald Edwin",14066,R,AK,House,116-H-107,Yea,Y000033
"YOUNG, Donald Edwin",14066,R,AK,House,116-H-28,Yea,Y000033
"YOUNG, Donald Edwin",14066,R,AK,House,116-H-496,Yea,Y000033
"YOUNG, Donald Edwin",14066,R,AK,House,116-H-651,Nay,Y000033
"YOUNG, Donald Edwin",14066,R,AK,House,117-H-274,Yea,Y000033
"ZELDIN, Lee M",21539,R,NY,House,116-H-107,Nay,Z000017
"ZELDIN, Lee M",21539,R,NY,House,116-H-28,Yea,Z000017
"ZELDIN, Lee M",21539,R,NY,House,116-H-496,Yea,Z000017
"ZELDIN, Lee M",21539,R,NY,House,116-H-651,Nay,Z000017
"ZELDIN, Lee M",21539,R,NY,House,117-H-274,Yea,Z000017
"ZELDIN, Lee M",21539,R,NY,House,117-H-660,Yea,Z000017
"ZINKE, Ryan",21532,R,MT,House,118-H-1146,Yea,Z000018
"ZINKE, Ryan",21532,R,MT,House,118-H-1194,Nay,Z000018
"ZINKE, Ryan",21532,R,MT,House,118-H-193,Yea,Z000018
"ZINKE, Ryan",21532,R,MT,House,118-H-241,Yea,Z000018
"ZINKE, Ryan",21532,R,MT,House,118-H-337,Yea,Z000018
"ZINKE, Ryan",21532,R,MT,House,118-H-523,Yea,Z000018
"ZINKE, Ryan",21532,R,MT,House,118-H-556,Yea,Z000018
"ZINKE, Ryan",21532,R,MT,House,118-H-572,Yea,Z000018
"ZINKE, Ryan",21532,R,MT,House,118-H-573,Yea,Z000018
"ZINKE, Ryan",21532,R,MT,House,118-H-617,Yea,Z000018
"ZINKE, Ryan",21532,R,MT,House,118-H-671,Yea,Z000018
"ZINKE, Ryan",21532,R,MT,House,118-H-672,Yea,Z000018
"ZINKE, Ryan",21532,R,MT,House,118-H-692,Yea,Z000018
"ZINKE, Ryan",21532,R,MT,House,118-H-716,Yea,Z000018
"ZINKE, Ryan",21532,R,MT,House,118-H-746,Yea,Z000018
"ZINKE, Ryan",21532,R,MT,House,118-H-756,Yea,Z000018
"ZINKE, Ryan",21532,R,MT,House,118-H-762,Yea,Z000018
"ZINKE, Ryan",21532,R,MT,House,118-H-852,Yea,Z000018
"ZINKE, Ryan",21532,R,MT,House,118-H-859,Yea,Z000018
"ZINKE, Ryan",21532,R,MT,House,118-H-870,Nay,Z000018
"ZINKE, Ryan",21532,R,MT,House,118-H-890,Yea,Z000018
"ZINKE, Ryan",21532,R,MT,House,118-H-935,Yea,Z000018
"ZINKE, Ryan",21532,R,MT,House,119-H-128,Yea,Z000018
"ZINKE, Ryan",21532,R,MT,House,119-H-158,Yea,Z000018
"ZINKE, Ryan",21532,R,MT,House,119-H-526,Yea,Z000018
"ZINKE, Ryan",21532,R,MT,House,119-H-655,Yea,Z000018
